img,label,pred,correct,edit_dist,norm_ed,confidence,vehicle_type
img_000002.jpg,ppc5431,ppc5431,True,0,1.0000,0.906394,car
img_000004.jpg,ovk7900,ovk7900,True,0,1.0000,0.870064,car
img_000010.jpg,oye3384,oye3384,True,0,1.0000,0.589629,car
img_000020.jpg,lse1695,lse1695,True,0,1.0000,0.916609,car
img_000044.jpg,jsv4493,jsv4493,True,0,1.0000,0.990422,car
img_000050.jpg,ppk6012,ppk6012,True,0,1.0000,0.987326,car
img_000051.jpg,ppn1470,ppn1470,True,0,1.0000,0.918266,car
img_000071.jpg,ppz3525,ppz3525,True,0,1.0000,0.948719,car
img_000073.jpg,qrd8410,qro8410,False,1,0.8571,0.896446,car
img_000076.jpg,mrz7550,mrz7550,True,0,1.0000,0.878872,car
img_000078.jpg,eyo3502,eyo3502,True,0,1.0000,0.559642,car
img_000084.jpg,msf1046,msf1046,True,0,1.0000,0.884816,car
img_000085.jpg,oyh9528,oyh9528,True,0,1.0000,0.429077,car
img_000092.jpg,ppu0879,ppu0079,False,1,0.8571,0.706783,car
img_000095.jpg,mrp2989,mrp2989,True,0,1.0000,0.806569,car
img_000105.jpg,ovf4168,ovf4168,True,0,1.0000,0.868699,car
img_000107.jpg,mtp5026,mtp5026,True,0,1.0000,0.893952,car
img_000111.jpg,mtj5833,mtj583,False,1,0.8571,0.907218,car
img_000112.jpg,ppw4661,ppw4661,True,0,1.0000,0.989729,car
img_000113.jpg,gmf8421,gmf8421,True,0,1.0000,0.973510,car
img_000114.jpg,ppw1889,ppw1889,True,0,1.0000,0.849552,car
img_000116.jpg,ppp4907,ppp4907,True,0,1.0000,0.988716,car
img_000117.jpg,ods3662,ods3662,True,0,1.0000,0.729955,car
img_000121.jpg,odt9984,odt9984,True,0,1.0000,0.744271,car
img_000122.jpg,msa3310,msa3310,True,0,1.0000,0.998124,car
img_000128.jpg,odo9891,0do9891,False,1,0.8571,0.406116,car
img_000130.jpg,msr1353,msr1353,True,0,1.0000,0.597775,car
img_000131.jpg,odg5904,odg5904,True,0,1.0000,0.902563,car
img_000133.jpg,mtz3256,mtz3256,True,0,1.0000,0.342318,car
img_000134.jpg,mst8531,mst8531,True,0,1.0000,0.945700,car
img_000137.jpg,ppw4661,ppw4661,True,0,1.0000,0.981861,car
img_000141.jpg,ppx4854,ppx4854,True,0,1.0000,0.979825,car
img_000145.jpg,ovf6363,ovf6363,True,0,1.0000,0.781977,car
img_000146.jpg,odr3127,odr3127,True,0,1.0000,0.874391,car
img_000149.jpg,kzg4329,yzg4329,False,1,0.8571,0.522255,car
img_000153.jpg,ppw4661,ppw4661,True,0,1.0000,0.959345,car
img_000156.jpg,odf5623,odf5623,True,0,1.0000,0.767318,car
img_000157.jpg,odt6208,odt6208,True,0,1.0000,0.860452,car
img_000158.jpg,ods2590,ods2590,True,0,1.0000,0.885942,car
img_000159.jpg,ods3662,ods3662,True,0,1.0000,0.774536,car
img_000161.jpg,odg3176,odg3176,True,0,1.0000,0.561968,car
img_000164.jpg,msb4766,msb4766,True,0,1.0000,0.955821,car
img_000167.jpg,odt6181,odt6181,True,0,1.0000,0.910443,car
img_000168.jpg,mry7465,mry745,False,1,0.8571,0.403017,car
img_000169.jpg,odr3127,odr3127,True,0,1.0000,0.829319,car
img_000170.jpg,ode6371,ode6371,True,0,1.0000,0.918834,car
img_000171.jpg,ppp7674,ppp7674,True,0,1.0000,0.985653,car
img_000173.jpg,mtc0626,myc626,False,2,0.7143,0.564046,car
img_000176.jpg,ppx0155,ppx0155,True,0,1.0000,0.878540,car
img_000178.jpg,qrd3012,qrd3012,True,0,1.0000,0.806656,car
img_000179.jpg,ppv2861,ppv2861,True,0,1.0000,0.938872,car
img_000182.jpg,mts7362,mys7362,False,1,0.8571,0.716526,car
img_000184.jpg,ppw4661,ppw4661,True,0,1.0000,0.967193,car
img_000185.jpg,ods2590,ods2590,True,0,1.0000,0.847743,car
img_000186.jpg,mtj5833,mtj583,False,1,0.8571,0.872063,car
img_000187.jpg,ppw0076,ppw0076,True,0,1.0000,0.984185,car
img_000188.jpg,odg4873,odg4873,True,0,1.0000,0.749633,car
img_000189.jpg,odg3176,oog3176,False,1,0.8571,0.762240,car
img_000190.jpg,fda4010,foa4010,False,1,0.8571,0.936460,car
img_000191.jpg,msb4766,msb4766,True,0,1.0000,0.978290,car
img_000192.jpg,odt6092,odt6092,True,0,1.0000,0.838586,car
img_000193.jpg,odr3127,odr3127,True,0,1.0000,0.768269,car
img_000195.jpg,mtx0171,mtx0171,True,0,1.0000,0.879651,car
img_000198.jpg,mtz3256,mtz3256,True,0,1.0000,0.571101,car
img_000199.jpg,qrc6770,qrc6770,True,0,1.0000,0.646229,car
img_000201.jpg,odr3984,oor3984,False,1,0.8571,0.482930,car
img_000202.jpg,odt6140,oot6140,False,1,0.8571,0.556612,car
img_000210.jpg,ppw0076,ppw0076,True,0,1.0000,0.985726,car
img_000212.jpg,odg6312,odg6312,True,0,1.0000,0.650448,car
img_000214.jpg,msf9531,msf9531,True,0,1.0000,0.791981,car
img_000215.jpg,msk5187,msk5187,True,0,1.0000,0.997119,car
img_000219.jpg,odm9447,odm9447,True,0,1.0000,0.665460,car
img_000220.jpg,ppb0869,ppb0869,True,0,1.0000,0.941402,car
img_000222.jpg,ovf6363,ovf6363,True,0,1.0000,0.486787,car
img_000225.jpg,ppw0076,ppw0076,True,0,1.0000,0.982469,car
img_000228.jpg,ovf6363,ovf6363,True,0,1.0000,0.837087,car
img_000231.jpg,ppa7949,ppa7949,True,0,1.0000,0.990867,car
img_000233.jpg,msm2996,msm2996,True,0,1.0000,0.697425,car
img_000234.jpg,ppp7010,ppp7010,True,0,1.0000,0.995555,car
img_000235.jpg,ppx4854,ppx4854,True,0,1.0000,0.941971,car
img_000236.jpg,mqw8039,mow8039,False,1,0.8571,0.966452,car
img_000239.jpg,odo0659,odo0659,True,0,1.0000,0.532683,car
img_000240.jpg,odg6312,oog6312,False,1,0.8571,0.603060,car
img_000242.jpg,odr3127,oor3127,False,1,0.8571,0.479659,car
img_000245.jpg,ovf6363,ovf6363,True,0,1.0000,0.421034,car
img_000246.jpg,ppp6749,ppp6749,True,0,1.0000,0.916850,car
img_000247.jpg,odr4149,odr4149,True,0,1.0000,0.707606,car
img_000248.jpg,ods6243,ods6243,True,0,1.0000,0.851049,car
img_000249.jpg,ppw4661,ppw4661,True,0,1.0000,0.987604,car
img_000250.jpg,odi1892,odi1892,True,0,1.0000,0.927562,car
img_000252.jpg,odg5904,odg5904,True,0,1.0000,0.872588,car
img_000255.jpg,mtn9522,mtn9522,True,0,1.0000,0.969762,car
img_000256.jpg,ppx4854,ppx4854,True,0,1.0000,0.919113,car
img_000257.jpg,ppc9486,ppc9486,True,0,1.0000,0.929370,car
img_000258.jpg,ovf6363,ovf6363,True,0,1.0000,0.761871,car
img_000259.jpg,msf9531,msf9531,True,0,1.0000,0.619690,car
img_000261.jpg,odr4042,odr4042,True,0,1.0000,0.904358,car
img_000264.jpg,ppw0032,ppw0032,True,0,1.0000,0.664879,car
img_000265.jpg,ppp6110,ppp6110,True,0,1.0000,0.936948,car
img_000266.jpg,gmf8421,gmf8421,True,0,1.0000,0.976730,car
img_000268.jpg,ods6243,ods6243,True,0,1.0000,0.922918,car
img_000270.jpg,ppx9984,ppx9984,True,0,1.0000,0.987991,car
img_000271.jpg,qnr5824,qnr5824,True,0,1.0000,0.745035,car
img_000274.jpg,ppp4907,ppp4907,True,0,1.0000,0.984194,car
img_000279.jpg,oko0458,oko0458,True,0,1.0000,0.802049,car
img_000280.jpg,mtp5026,mtp5026,True,0,1.0000,0.938497,car
img_000283.jpg,ppp7519,ppp7519,True,0,1.0000,0.988931,car
img_000286.jpg,ods6243,ods6243,True,0,1.0000,0.924512,car
img_000293.jpg,ppw4661,ppw4661,True,0,1.0000,0.968230,car
img_000294.jpg,mtj5833,mtj583,False,1,0.8571,0.752204,car
img_000295.jpg,msd0247,msd0247,True,0,1.0000,0.881806,car
img_000296.jpg,msk5187,msk5187,True,0,1.0000,0.997130,car
img_000297.jpg,mtz3256,mtz3266,False,1,0.8571,0.652008,car
img_000298.jpg,ods6243,ods6243,True,0,1.0000,0.919920,car
img_000300.jpg,qrd5027,qrd5027,True,0,1.0000,0.511917,car
img_000301.jpg,ppw4039,ppw4039,True,0,1.0000,0.904495,car
img_000302.jpg,ppp7010,ppp7010,True,0,1.0000,0.988304,car
img_000304.jpg,ppp3628,ppp368,False,1,0.8571,0.984347,car
img_000305.jpg,qrb5219,qrb5219,True,0,1.0000,0.909929,car
img_000306.jpg,ppw0076,ppw0076,True,0,1.0000,0.974506,car
img_000307.jpg,mka7333,mka7333,True,0,1.0000,0.998217,car
img_000309.jpg,qrc6790,qrc6790,True,0,1.0000,0.941108,car
img_000310.jpg,odt6251,odt6251,True,0,1.0000,0.806448,car
img_000311.jpg,ppx0155,ppx0155,True,0,1.0000,0.888749,car
img_000317.jpg,ppp6749,ppp6749,True,0,1.0000,0.983324,car
img_000320.jpg,odr3127,odr3127,True,0,1.0000,0.626923,car
img_000322.jpg,odt6173,ody6173,False,1,0.8571,0.405699,car
img_000323.jpg,odh1374,oom1374,False,2,0.7143,0.765182,car
img_000324.jpg,odg3176,oog3176,False,1,0.8571,0.431809,car
img_000325.jpg,mst4686,mst4686,True,0,1.0000,0.944792,car
img_000328.jpg,odg3967,oog3967,False,1,0.8571,0.449405,car
img_000330.jpg,mtz3549,mtz349,False,1,0.8571,0.794170,car
img_000331.jpg,odt9984,odt9984,True,0,1.0000,0.756721,car
img_000334.jpg,ppe0807,ppe0807,True,0,1.0000,0.987781,car
img_000337.jpg,ppx0700,ppx0700,True,0,1.0000,0.950579,car
img_000339.jpg,odo9891,odo9891,True,0,1.0000,0.514746,car
img_000340.jpg,mqk4229,mok4299,False,2,0.7143,0.934943,car
img_000341.jpg,ods4852,oos4852,False,1,0.8571,0.516785,car
img_000342.jpg,ppp3628,ppp368,False,1,0.8571,0.885651,car
img_000345.jpg,ode6371,ode6371,True,0,1.0000,0.947852,car
img_000346.jpg,mts7362,mys7362,False,1,0.8571,0.673749,car
img_000347.jpg,odr3127,odr3127,True,0,1.0000,0.896681,car
img_000348.jpg,ppc5281,ppc5281,True,0,1.0000,0.946474,car
img_000354.jpg,fsh5743,fsh5743,True,0,1.0000,0.789318,car
img_000356.jpg,ppl5787,ppl5787,True,0,1.0000,0.981933,car
img_000357.jpg,qrc0461,qrc0461,True,0,1.0000,0.968734,car
img_000358.jpg,odr1528,oor1528,False,1,0.8571,0.734034,car
img_000361.jpg,ppx9986,ppx9986,True,0,1.0000,0.805911,car
img_000362.jpg,ovf6363,qvf6363,False,1,0.8571,0.392574,car
img_000364.jpg,msi3690,ms1390,False,2,0.7143,0.820727,car
img_000366.jpg,ods2624,0ds2624,False,1,0.8571,0.431457,car
img_000367.jpg,odg3967,odg3967,True,0,1.0000,0.789588,car
img_000368.jpg,ppx4010,ppx4010,True,0,1.0000,0.958101,car
img_000369.jpg,odf5623,oof5623,False,1,0.8571,0.418990,car
img_000370.jpg,mtz3549,mtz349,False,1,0.8571,0.712059,car
img_000371.jpg,odi1892,odi1892,True,0,1.0000,0.929686,car
img_000374.jpg,odt6092,odt6092,True,0,1.0000,0.632387,car
img_000375.jpg,odt6064,odt6064,True,0,1.0000,0.845395,car
img_000378.jpg,mtz3256,mtz3266,False,1,0.8571,0.428806,car
img_000381.jpg,ppw4039,ppw4039,True,0,1.0000,0.950702,car
img_000384.jpg,odg6312,odg6312,True,0,1.0000,0.488112,car
img_000389.jpg,ppw4661,ppw4661,True,0,1.0000,0.982692,car
img_000391.jpg,msd0247,msd0247,True,0,1.0000,0.647246,car
img_000392.jpg,msa1557,msa1577,False,1,0.8571,0.470160,car
img_000393.jpg,odg3967,oog3967,False,1,0.8571,0.837441,car
img_000394.jpg,odg3176,odg3176,True,0,1.0000,0.639153,car
img_000395.jpg,odi1892,odi1892,True,0,1.0000,0.902588,car
img_000396.jpg,msb4766,msb4766,True,0,1.0000,0.993249,car
img_000397.jpg,ppx0700,ppx0700,True,0,1.0000,0.976943,car
img_000398.jpg,odt6462,odt6422,False,1,0.8571,0.873692,car
img_000400.jpg,nzf9172,nzf9172,True,0,1.0000,0.921231,car
img_000403.jpg,odo9891,0do9891,False,1,0.8571,0.559054,car
img_000404.jpg,odt6251,odt6251,True,0,1.0000,0.882853,car
img_000405.jpg,odt6482,odt6482,True,0,1.0000,0.627743,car
img_000408.jpg,mts7362,mys7362,False,1,0.8571,0.903190,car
img_000410.jpg,odr3127,odr3127,True,0,1.0000,0.848507,car
img_000411.jpg,ppx4010,ppx4010,True,0,1.0000,0.491192,car
img_000414.jpg,odf4543,oof4543,False,1,0.8571,0.480167,car
img_000415.jpg,msk7666,msk7666,True,0,1.0000,0.997929,car
img_000419.jpg,ppp3410,ppp3410,True,0,1.0000,0.990428,car
img_000420.jpg,mpi7944,mp1794,False,2,0.7143,0.813582,car
img_000422.jpg,ppw2922,ppw2922,True,0,1.0000,0.877800,car
img_000426.jpg,oyk4286,oyk4286,True,0,1.0000,0.293722,car
img_000430.jpg,odg3967,oog3967,False,1,0.8571,0.623598,car
img_000432.jpg,qrd5027,qro5027,False,1,0.8571,0.970425,car
img_000433.jpg,odg3176,oog3176,False,1,0.8571,0.571126,car
img_000434.jpg,ppw4039,ppw4039,True,0,1.0000,0.908046,car
img_000436.jpg,odr3127,odr3127,True,0,1.0000,0.882891,car
img_000439.jpg,mts7362,mys7362,False,1,0.8571,0.688808,car
img_000441.jpg,ods4852,ods4852,True,0,1.0000,0.653860,car
img_000445.jpg,ppv2861,ppy2861,False,1,0.8571,0.666001,car
img_000456.jpg,odr4149,oor4149,False,1,0.8571,0.368781,car
img_000459.jpg,ppx4024,ppy4024,False,1,0.8571,0.677241,car
img_000460.jpg,ppw2480,ppw2480,True,0,1.0000,0.931531,car
img_000468.jpg,odq9369,0009369,False,3,0.5714,0.910825,car
img_000469.jpg,odr3706,oor3706,False,1,0.8571,0.582084,car
img_000470.jpg,odg9132,00g9132,False,2,0.7143,0.565580,car
img_000471.jpg,odf4543,oof4543,False,1,0.8571,0.836376,car
img_000472.jpg,ppp7505,ppp7505,True,0,1.0000,0.958010,car
img_000474.jpg,ppx0700,ppx0700,True,0,1.0000,0.977910,car
img_000475.jpg,msa1557,msa1577,False,1,0.8571,0.861620,car
img_000476.jpg,qrc6770,qrc6770,True,0,1.0000,0.955756,car
img_000477.jpg,mtz9247,atz9247,False,1,0.8571,0.350069,car
img_000478.jpg,msa8486,msa8486,True,0,1.0000,0.933001,car
img_000484.jpg,ppx0155,ppx0155,True,0,1.0000,0.975535,car
img_000485.jpg,mtt0954,mtt0954,True,0,1.0000,0.397083,car
img_000486.jpg,msa7262,msa7262,True,0,1.0000,0.996046,car
img_000489.jpg,odr3127,odr3127,True,0,1.0000,0.912620,car
img_000490.jpg,mts7362,mys7362,False,1,0.8571,0.689248,car
img_000491.jpg,odr5917,odr5917,True,0,1.0000,0.879475,car
img_000495.jpg,msa1557,msa1557,True,0,1.0000,0.584403,car
img_000498.jpg,ovl4669,ovl4669,True,0,1.0000,0.827809,car
img_000501.jpg,mqv6554,mo66544,False,3,0.5714,0.658164,car
img_000502.jpg,qol8801,0ol6801,False,2,0.7143,0.305849,car
img_000505.jpg,odg1753,oog1753,False,1,0.8571,0.578122,car
img_000507.jpg,ppx4854,ppx4854,True,0,1.0000,0.817322,car
img_000509.jpg,odi1892,odi1892,True,0,1.0000,0.937226,car
img_000512.jpg,odr3127,oor3127,False,1,0.8571,0.628141,car
img_000516.jpg,oda4892,oda4892,True,0,1.0000,0.664679,car
img_000517.jpg,mtz3549,mtz349,False,1,0.8571,0.832521,car
img_000519.jpg,mtg5739,mtg573,False,1,0.8571,0.810049,car
img_000520.jpg,odt6181,odt6181,True,0,1.0000,0.910015,car
img_000521.jpg,odo9891,0do9891,False,1,0.8571,0.529989,car
img_000522.jpg,msd0247,msd0247,True,0,1.0000,0.957178,car
img_000523.jpg,msa1557,msa1557,True,0,1.0000,0.574092,car
img_000524.jpg,ppw0076,ppw0076,True,0,1.0000,0.984436,car
img_000525.jpg,ods2015,ods2015,True,0,1.0000,0.878645,car
img_000526.jpg,mrg6866,mrg6866,True,0,1.0000,0.990473,car
img_000527.jpg,odr3127,odr3127,True,0,1.0000,0.569970,car
img_000528.jpg,qrc6770,qrc6770,True,0,1.0000,0.944837,car
img_000529.jpg,mql2952,mol2952,False,1,0.8571,0.748200,car
img_000530.jpg,mte5140,mte5140,True,0,1.0000,0.640286,car
img_000535.jpg,odi1892,odi1892,True,0,1.0000,0.958690,car
img_000536.jpg,odt6482,odt6422,False,1,0.8571,0.329342,car
img_000537.jpg,ppx4040,ppy4040,False,1,0.8571,0.638968,car
img_000542.jpg,odr3984,odr3984,True,0,1.0000,0.618544,car
img_000544.jpg,msn8551,msn8551,True,0,1.0000,0.708147,car
img_000545.jpg,ppw4039,ppw4039,True,0,1.0000,0.974560,car
img_000547.jpg,ovf6363,ovf6363,True,0,1.0000,0.724734,car
img_000548.jpg,odg3176,oog3176,False,1,0.8571,0.574613,car
img_000549.jpg,ppp9250,ppp9250,True,0,1.0000,0.993079,car
img_000550.jpg,ods2861,ods2861,True,0,1.0000,0.773506,car
img_000552.jpg,mtg5739,mtg5730,False,1,0.8571,0.293934,car
img_000555.jpg,ppx0696,ppx0696,True,0,1.0000,0.965995,car
img_000557.jpg,ppg3724,ppg3724,True,0,1.0000,0.973949,car
img_000561.jpg,odr3127,odr3127,True,0,1.0000,0.560305,car
img_000562.jpg,mtz3549,mtz349,False,1,0.8571,0.757282,car
img_000563.jpg,qrc6770,qrc6770,True,0,1.0000,0.932678,car
img_000565.jpg,fda4010,foa4010,False,1,0.8571,0.993622,car
img_000568.jpg,qnr5824,qnr5824,True,0,1.0000,0.657985,car
img_000571.jpg,qrb9955,qr89955,False,1,0.8571,0.716370,car
img_000572.jpg,odo0659,odo0699,False,1,0.8571,0.173881,car
img_000575.jpg,ppx4024,ppx4024,True,0,1.0000,0.633701,car
img_000576.jpg,mts7362,mys7362,False,1,0.8571,0.712806,car
img_000577.jpg,odr3127,odr3127,True,0,1.0000,0.902903,car
img_000579.jpg,mtt0954,mt70954,False,1,0.8571,0.315089,car
img_000580.jpg,odo1303,odo1303,True,0,1.0000,0.779705,car
img_000582.jpg,odg3967,odg3967,True,0,1.0000,0.531030,car
img_000583.jpg,odt6140,odt6140,True,0,1.0000,0.876820,car
img_000584.jpg,ovf6315,ovf6315,True,0,1.0000,0.835023,car
img_000587.jpg,qqg7579,qog7579,False,1,0.8571,0.942071,car
img_000589.jpg,ppp6853,ppp6853,True,0,1.0000,0.989151,car
img_000591.jpg,dqf5959,dof5959,False,1,0.8571,0.980408,car
img_000592.jpg,odg1753,oog1753,False,1,0.8571,0.541205,car
img_000601.jpg,pph7923,pph7923,True,0,1.0000,0.849050,car
img_000607.jpg,odb9073,odb9073,True,0,1.0000,0.427016,car
img_000609.jpg,ods2861,ods2861,True,0,1.0000,0.777603,car
img_000615.jpg,odf1587,odf1587,True,0,1.0000,0.767270,car
img_000616.jpg,odp0519,oop0519,False,1,0.8571,0.822201,car
img_000617.jpg,ppw0076,ppw0076,True,0,1.0000,0.973617,car
img_000618.jpg,mtx0171,mtx0171,True,0,1.0000,0.717333,car
img_000619.jpg,odg3176,odg3176,True,0,1.0000,0.752203,car
img_000623.jpg,qrc6770,qrc6770,True,0,1.0000,0.898397,car
img_000625.jpg,odr3706,oor3706,False,1,0.8571,0.653724,car
img_000627.jpg,ppw9332,ppw9332,True,0,1.0000,0.815862,car
img_000631.jpg,mtx0171,mtx0171,True,0,1.0000,0.860611,car
img_000632.jpg,odr3127,odr3127,True,0,1.0000,0.900416,car
img_000633.jpg,ppw4039,ppw4039,True,0,1.0000,0.964605,car
img_000636.jpg,msa1557,msa1577,False,1,0.8571,0.480970,car
img_000641.jpg,ocz6223,ocz6223,True,0,1.0000,0.951094,car
img_000646.jpg,ppx4854,ppx4854,True,0,1.0000,0.855432,car
img_000649.jpg,odr3127,odr3127,True,0,1.0000,0.907823,car
img_000650.jpg,odm6350,odm6350,True,0,1.0000,0.884456,car
img_000656.jpg,msd0247,msd0247,True,0,1.0000,0.983844,car
img_000657.jpg,msa1557,msa1557,True,0,1.0000,0.971601,car
img_000660.jpg,ppw1889,ppw188,False,1,0.8571,0.693438,car
img_000661.jpg,mst8531,mst8531,True,0,1.0000,0.953960,car
img_000663.jpg,odi1892,odi1892,True,0,1.0000,0.897251,car
img_000664.jpg,msa7262,msa7262,True,0,1.0000,0.949195,car
img_000668.jpg,ocv7476,ocv7476,True,0,1.0000,0.252510,car
img_000669.jpg,ovk3888,ovk3888,True,0,1.0000,0.926649,car
img_000673.jpg,msf9531,msf9531,True,0,1.0000,0.619031,car
img_000678.jpg,qqr8453,qqr8453,True,0,1.0000,0.799118,car
img_000679.jpg,ppp9250,ppp9250,True,0,1.0000,0.576719,car
img_000680.jpg,ocv2491,ocv2491,True,0,1.0000,0.301010,car
img_000682.jpg,mrq2842,mro2842,False,1,0.8571,0.937618,car
img_000684.jpg,euv4667,euv4677,False,1,0.8571,0.699237,car
img_000686.jpg,oye0941,oye0941,True,0,1.0000,0.782643,car
img_000689.jpg,qrc6770,qrc6770,True,0,1.0000,0.945311,car
img_000692.jpg,odg3176,odg3176,True,0,1.0000,0.752175,car
img_000693.jpg,mtk8020,mtk8020,True,0,1.0000,0.789236,car
img_000696.jpg,nzt9498,nzt9498,True,0,1.0000,0.629003,car
img_000697.jpg,nzt9498,mz79498,False,2,0.7143,0.278340,car
img_000699.jpg,ppw4661,ppw4661,True,0,1.0000,0.950089,car
img_000700.jpg,odt6061,odt6061,True,0,1.0000,0.731026,car
img_000701.jpg,msa1557,msa1557,True,0,1.0000,0.834850,car
img_000702.jpg,odt6208,odt6208,True,0,1.0000,0.610950,car
img_000705.jpg,msa7262,msa7262,True,0,1.0000,0.970682,car
img_000706.jpg,ppw9332,ppw9322,False,1,0.8571,0.493843,car
img_000707.jpg,odr3127,odr3127,True,0,1.0000,0.922564,car
img_000709.jpg,qrc9801,qrc9801,True,0,1.0000,0.966033,car
img_000711.jpg,odr3127,odr3127,True,0,1.0000,0.927581,car
img_000712.jpg,msa1557,msa1557,True,0,1.0000,0.893899,car
img_000716.jpg,ppv7264,ppv764,False,1,0.8571,0.524368,car
img_000719.jpg,ppp7674,ppp7674,True,0,1.0000,0.968106,car
img_000722.jpg,odm8060,oom8060,False,1,0.8571,0.756030,car
img_000726.jpg,msm2979,msm2979,True,0,1.0000,0.987447,car
img_000727.jpg,ppp6853,ppp6853,True,0,1.0000,0.990742,car
img_000728.jpg,qjk6374,qsk6374,False,1,0.8571,0.372972,car
img_000729.jpg,msa1557,msa1557,True,0,1.0000,0.695952,car
img_000730.jpg,ods3662,ods3662,True,0,1.0000,0.559401,car
img_000731.jpg,odp0519,oop0519,False,1,0.8571,0.826638,car
img_000732.jpg,odg3176,oog3176,False,1,0.8571,0.557772,car
img_000733.jpg,ods2590,ods2590,True,0,1.0000,0.907064,car
img_000736.jpg,odr5274,odr5274,True,0,1.0000,0.719711,car
img_000746.jpg,msg7196,msg7196,True,0,1.0000,0.997447,car
img_000761.jpg,ods9896,ods9896,True,0,1.0000,0.829966,car
img_000771.jpg,mtb6923,my86923,False,2,0.7143,0.407322,car
img_000776.jpg,mpj4391,mpj4391,True,0,1.0000,0.968353,car
img_000780.jpg,qny4536,ony4536,False,1,0.8571,0.843013,car
img_000786.jpg,ppq7354,ppo7354,False,1,0.8571,0.931568,car
img_000789.jpg,jqj0456,joj046,False,2,0.7143,0.850750,car
img_000794.jpg,dam5437,dam5437,True,0,1.0000,0.571124,car
img_000795.jpg,msr4057,msp4057,False,1,0.8571,0.621729,car
img_000798.jpg,odf8178,odf8178,True,0,1.0000,0.713737,car
img_000810.jpg,mtw3110,mtw3110,True,0,1.0000,0.920801,car
img_000824.jpg,ovf0629,ovf0629,True,0,1.0000,0.630958,car
img_000825.jpg,aud9870,aun9870,False,1,0.8571,0.266156,car
img_000831.jpg,msy5362,msy5362,True,0,1.0000,0.990903,car
img_000832.jpg,mss6605,ms56605,False,1,0.8571,0.697218,car
img_000836.jpg,msa2212,msa2212,True,0,1.0000,0.996302,car
img_000840.jpg,oyk7891,oyk7891,True,0,1.0000,0.788898,car
img_000841.jpg,ppm2757,ppm2757,True,0,1.0000,0.880098,car
img_000844.jpg,flu3653,flu363,False,1,0.8571,0.997919,car
img_000854.jpg,mts0837,mts087,False,1,0.8571,0.896538,car
img_000857.jpg,mtq6935,mto6935,False,1,0.8571,0.475418,car
img_000859.jpg,ove2395,ove295,False,1,0.8571,0.827852,car
img_000863.jpg,msy0949,msy0949,True,0,1.0000,0.994703,car
img_000867.jpg,ppu0714,ppu0074,False,2,0.7143,0.564240,car
img_000872.jpg,ppv8752,ppv8752,True,0,1.0000,0.907690,car
img_000873.jpg,hmi7411,xm17411,False,2,0.7143,0.249390,car
img_000877.jpg,eeo7107,eeo7107,True,0,1.0000,0.950184,car
img_000880.jpg,mss2913,mss2913,True,0,1.0000,0.574923,car
img_000881.jpg,qrb2043,qrb2043,True,0,1.0000,0.962310,car
img_000892.jpg,mqp6736,mop6736,False,1,0.8571,0.372726,car
img_000893.jpg,odb9830,odb9830,True,0,1.0000,0.900929,car
img_000898.jpg,ppx0617,ppx0617,True,0,1.0000,0.970937,car
img_000911.jpg,ppz2798,ppz2798,True,0,1.0000,0.916598,car
img_000926.jpg,odn5493,oon5493,False,1,0.8571,0.931256,car
img_000935.jpg,ppo4393,ppo4393,True,0,1.0000,0.975364,car
img_000938.jpg,kpw4529,kpw4529,True,0,1.0000,0.981734,car
img_000939.jpg,hcq3053,wco3053,False,2,0.7143,0.398369,car
img_000945.jpg,ppe5615,ppe5615,True,0,1.0000,0.988515,car
img_000953.jpg,pvd3867,pyd3867,False,1,0.8571,0.535197,car
img_000954.jpg,ppb0307,ppb0307,True,0,1.0000,0.935871,car
img_000967.jpg,mrd0953,mro0953,False,1,0.8571,0.890118,car
img_000971.jpg,msj7415,msj7415,True,0,1.0000,0.797555,car
img_000974.jpg,euv4667,euv4667,True,0,1.0000,0.857991,car
img_000978.jpg,gzv6241,gzv6241,True,0,1.0000,0.942399,car
img_000980.jpg,msr4148,msr4148,True,0,1.0000,0.485613,car
img_000994.jpg,odq7295,odo7295,False,1,0.8571,0.497136,car
img_000998.jpg,mqv6554,mo66554,False,2,0.7143,0.640884,car
img_001028.jpg,lqk5610,lok5610,False,1,0.8571,0.996188,car
img_001033.jpg,ppm2725,ppm2725,True,0,1.0000,0.906077,car
img_001037.jpg,ode3578,ooe3578,False,1,0.8571,0.707645,car
img_001041.jpg,odc0482,odc0482,True,0,1.0000,0.808500,car
img_001050.jpg,ovj6155,ovj6155,True,0,1.0000,0.940496,car
img_001061.jpg,pjv8445,pjv8445,True,0,1.0000,0.892934,car
img_001065.jpg,qrb8380,orb8380,False,1,0.8571,0.920083,car
img_001069.jpg,ppx4940,ppx4940,True,0,1.0000,0.920138,car
img_001076.jpg,ppx5303,ppx5303,True,0,1.0000,0.939148,car
img_001081.jpg,mtf1704,myf1704,False,1,0.8571,0.372300,car
img_001084.jpg,ppw9117,ppw9117,True,0,1.0000,0.749744,car
img_001087.jpg,pxd9590,pxn9590,False,1,0.8571,0.357728,car
img_001090.jpg,owp0505,owp0505,True,0,1.0000,0.957177,car
img_001092.jpg,jiy2883,jiy288,False,1,0.8571,0.728018,car
img_001095.jpg,ppc7990,ppc7990,True,0,1.0000,0.949065,car
img_001109.jpg,mts5428,mys548,False,2,0.7143,0.544297,car
img_001110.jpg,odq9418,odq9418,True,0,1.0000,0.366578,car
img_001122.jpg,ocz0909,ol20909,False,2,0.7143,0.429813,car
img_001124.jpg,ppu4196,ppu4196,True,0,1.0000,0.982741,car
img_001127.jpg,ods7161,ods7161,True,0,1.0000,0.826419,car
img_001141.jpg,msb1993,msb1993,True,0,1.0000,0.971452,car
img_001142.jpg,odc7593,obc7593,False,1,0.8571,0.444918,car
img_001145.jpg,odi4526,odi4526,True,0,1.0000,0.957465,car
img_001146.jpg,ppu1195,ppu1195,True,0,1.0000,0.813845,car
img_001152.jpg,mox4428,mox4428,True,0,1.0000,0.986989,car
img_001154.jpg,ppv2253,ppv2253,True,0,1.0000,0.621672,car
img_001156.jpg,ppo6642,ppo6642,True,0,1.0000,0.902740,car
img_001159.jpg,qpk3360,qpk3660,False,1,0.8571,0.316389,car
img_001160.jpg,ppw2400,ppw2400,True,0,1.0000,0.946556,car
img_001163.jpg,mqj5849,moj5849,False,1,0.8571,0.946341,car
img_001164.jpg,msx8326,msx8326,True,0,1.0000,0.901155,car
img_001165.jpg,msq4244,ms04244,False,1,0.8571,0.570309,car
img_001166.jpg,mtc5704,myc5704,False,1,0.8571,0.504611,car
img_001167.jpg,ove1875,ove1875,True,0,1.0000,0.978362,car
img_001177.jpg,ppk8945,ppk8945,True,0,1.0000,0.947856,car
img_001182.jpg,mss2308,ms92308,False,1,0.8571,0.353244,car
img_001185.jpg,odr7608,odr7608,True,0,1.0000,0.918200,car
img_001189.jpg,odf4825,odf4825,True,0,1.0000,0.848221,car
img_001190.jpg,odc0569,obc0569,False,1,0.8571,0.804167,car
img_001191.jpg,ppx5172,ppx5172,True,0,1.0000,0.928391,car
img_001192.jpg,odg6312,odg6312,True,0,1.0000,0.801343,car
img_001194.jpg,mtd3867,myo3867,False,2,0.7143,0.547770,car
img_001198.jpg,odt6112,odt6112,True,0,1.0000,0.898988,car
img_001199.jpg,mqo6017,moo6017,False,1,0.8571,0.908455,car
img_001200.jpg,odt6061,odt6061,True,0,1.0000,0.700061,car
img_001201.jpg,mtj5833,mtj5833,True,0,1.0000,0.600254,car
img_001204.jpg,odg3176,odg3176,True,0,1.0000,0.400123,car
img_001205.jpg,mtx0171,mtx0171,True,0,1.0000,0.869742,car
img_001206.jpg,qrc6770,qrc6770,True,0,1.0000,0.895258,car
img_001208.jpg,odi1892,odi1892,True,0,1.0000,0.956165,car
img_001211.jpg,ppx4854,ppy4854,False,1,0.8571,0.641341,car
img_001212.jpg,mtz9247,mtz9247,True,0,1.0000,0.250666,car
img_001213.jpg,mka7333,mka7333,True,0,1.0000,0.997459,car
img_001214.jpg,odt6162,odt6162,True,0,1.0000,0.807286,car
img_001216.jpg,odr3706,oor3706,False,1,0.8571,0.619483,car
img_001217.jpg,odt6092,odt6092,True,0,1.0000,0.773233,car
img_001219.jpg,oye0941,oye0941,True,0,1.0000,0.717507,car
img_001220.jpg,odr5548,odr5548,True,0,1.0000,0.585190,car
img_001221.jpg,odr3127,odr3127,True,0,1.0000,0.897085,car
img_001223.jpg,qrc9801,qrc9801,True,0,1.0000,0.976133,car
img_001226.jpg,odr3984,odr3984,True,0,1.0000,0.822681,car
img_001228.jpg,oye0941,oye0941,True,0,1.0000,0.777324,car
img_001229.jpg,ppx4854,ppx4854,True,0,1.0000,0.866580,car
img_001231.jpg,qrb1720,qrb1720,True,0,1.0000,0.951043,car
img_001232.jpg,ovf6363,ovf6363,True,0,1.0000,0.509733,car
img_001233.jpg,qrc0461,qrc0461,True,0,1.0000,0.961711,car
img_001235.jpg,msr2924,msp2924,False,1,0.8571,0.425760,car
img_001236.jpg,ods2861,ods2861,True,0,1.0000,0.841275,car
img_001238.jpg,ppx6781,ppx6781,True,0,1.0000,0.927945,car
img_001240.jpg,msa1557,msa1557,True,0,1.0000,0.855779,car
img_001241.jpg,mtz8488,wiz8488,False,2,0.7143,0.318594,car
img_001242.jpg,msm2979,msm2979,True,0,1.0000,0.953017,car
img_001243.jpg,odo9891,0009891,False,3,0.5714,0.670371,car
img_001244.jpg,odp0519,oop0519,False,1,0.8571,0.592419,car
img_001245.jpg,odg3176,odg3176,True,0,1.0000,0.678982,car
img_001247.jpg,mty0063,myx0063,False,2,0.7143,0.277352,car
img_001248.jpg,ocz6223,ocz6223,True,0,1.0000,0.945405,car
img_001250.jpg,odt6162,odt6162,True,0,1.0000,0.708687,car
img_001253.jpg,ppx4010,ppx4010,True,0,1.0000,0.905100,car
img_001254.jpg,ppp6398,ppp6398,True,0,1.0000,0.973364,car
img_001255.jpg,odr3127,odr3127,True,0,1.0000,0.947725,car
img_001256.jpg,odo9891,odo9891,True,0,1.0000,0.497137,car
img_001258.jpg,ppp7519,ppp7519,True,0,1.0000,0.991092,car
img_001259.jpg,ppz5238,ppz5238,True,0,1.0000,0.975198,car
img_001260.jpg,msi3655,ms1365,False,2,0.7143,0.795410,car
img_001264.jpg,mtn9522,mtn9522,True,0,1.0000,0.959305,car
img_001265.jpg,ppx0696,ppx0696,True,0,1.0000,0.967103,car
img_001266.jpg,odr3127,odr3127,True,0,1.0000,0.916285,car
img_001267.jpg,odg3176,odg3176,True,0,1.0000,0.692882,car
img_001269.jpg,odo9891,0do9891,False,1,0.8571,0.454321,car
img_001271.jpg,ppx4854,ppx4854,True,0,1.0000,0.947173,car
img_001272.jpg,odi1892,odi1892,True,0,1.0000,0.912903,car
img_001276.jpg,qrc6790,qrc6790,True,0,1.0000,0.886074,car
img_001278.jpg,odr2139,odr2139,True,0,1.0000,0.687635,car
img_001280.jpg,byq3760,byo3760,False,1,0.8571,0.968819,car
img_001281.jpg,mrq2842,mro2842,False,1,0.8571,0.873106,car
img_001283.jpg,odp0519,odp0519,True,0,1.0000,0.599830,car
img_001284.jpg,qrd1477,qrd1477,True,0,1.0000,0.943461,car
img_001286.jpg,ods5913,ods5913,True,0,1.0000,0.705468,car
img_001287.jpg,msk5187,msk5187,True,0,1.0000,0.997138,car
img_001289.jpg,byq3760,byo3760,False,1,0.8571,0.941562,car
img_001290.jpg,mqx3427,mox3427,False,1,0.8571,0.953521,car
img_001295.jpg,bqs6540,bos6540,False,1,0.8571,0.992709,car
img_001296.jpg,odt3275,00t3275,False,2,0.7143,0.336036,car
img_001297.jpg,odt6142,odt6142,True,0,1.0000,0.759340,car
img_001309.jpg,ocz2846,ocz2846,True,0,1.0000,0.789460,car
img_001310.jpg,byq3760,byo3760,False,1,0.8571,0.994149,car
img_001312.jpg,ocx7051,ocx7051,True,0,1.0000,0.951798,car
img_001314.jpg,odg3176,oog3176,False,1,0.8571,0.410908,car
img_001316.jpg,odt6061,odt6061,True,0,1.0000,0.729319,car
img_001318.jpg,ovk9607,ovk907,False,1,0.8571,0.468916,car
img_001319.jpg,odg3176,oog3176,False,1,0.8571,0.473296,car
img_001320.jpg,qjk6374,qjk6374,True,0,1.0000,0.478779,car
img_001321.jpg,odt6129,odt6129,True,0,1.0000,0.767661,car
img_001322.jpg,odf5623,oof5623,False,1,0.8571,0.830959,car
img_001324.jpg,odt6064,odt6064,True,0,1.0000,0.815999,car
img_001326.jpg,ppw4039,ppw4039,True,0,1.0000,0.820753,car
img_001327.jpg,odr5274,odr5274,True,0,1.0000,0.937314,car
img_001328.jpg,ppp3628,ppp3688,False,1,0.8571,0.441751,car
img_001331.jpg,ppw0076,ppw0076,True,0,1.0000,0.946668,car
img_001332.jpg,ppx4024,ppy4024,False,1,0.8571,0.662068,car
img_001333.jpg,odr3127,odr3127,True,0,1.0000,0.892864,car
img_001334.jpg,mtx0171,mtx0171,True,0,1.0000,0.794474,car
img_001336.jpg,msr1117,ms1117,False,1,0.8571,0.733966,car
img_001337.jpg,mtz3256,mtz326,False,1,0.8571,0.768951,car
img_001340.jpg,odg1753,odg1753,True,0,1.0000,0.707270,car
img_001343.jpg,odg6312,00g6312,False,2,0.7143,0.285840,car
img_001344.jpg,msf9531,msf9531,True,0,1.0000,0.380296,car
img_001348.jpg,odt6482,odt6482,True,0,1.0000,0.711947,car
img_001349.jpg,mtz3256,mtz3266,False,1,0.8571,0.338327,car
img_001350.jpg,ppw0076,ppw0076,True,0,1.0000,0.989566,car
img_001352.jpg,qrc6770,qrc6770,True,0,1.0000,0.964023,car
img_001353.jpg,ods3662,ods3662,True,0,1.0000,0.846841,car
img_001354.jpg,ppn7838,ppn7838,True,0,1.0000,0.962901,car
img_001356.jpg,odp0519,oop0519,False,1,0.8571,0.705184,car
img_001357.jpg,loy5808,loy5808,True,0,1.0000,0.972813,car
img_001358.jpg,msa7262,msa7262,True,0,1.0000,0.991187,car
img_001361.jpg,odr3127,odr3127,True,0,1.0000,0.947927,car
img_001364.jpg,odo9891,odo9891,True,0,1.0000,0.573354,car
img_001367.jpg,odf2786,odf2786,True,0,1.0000,0.689141,car
img_001371.jpg,mrx3194,mrx3194,True,0,1.0000,0.754284,car
img_001372.jpg,odg1893,oog1893,False,1,0.8571,0.662763,car
img_001373.jpg,odk8117,00k8177,False,3,0.5714,0.526018,car
img_001374.jpg,ovf6363,ovf6363,True,0,1.0000,0.647672,car
img_001376.jpg,odp0519,odp0519,True,0,1.0000,0.655755,car
img_001377.jpg,ppx0155,ppx0155,True,0,1.0000,0.924042,car
img_001380.jpg,mpe2451,mpe2451,True,0,1.0000,0.396120,car
img_001384.jpg,ods2861,oos2861,False,1,0.8571,0.664491,car
img_001386.jpg,byq3760,bvo3760,False,2,0.7143,0.879348,car
img_001388.jpg,byq3760,byo3780,False,2,0.7143,0.677232,car
img_001389.jpg,ppv2861,ppv2861,True,0,1.0000,0.922419,car
img_001391.jpg,oye0941,oye0941,True,0,1.0000,0.852994,car
img_001392.jpg,odt6208,oot6208,False,1,0.8571,0.815700,car
img_001393.jpg,odg3967,oog3967,False,1,0.8571,0.807229,car
img_001395.jpg,ppx5163,ppx5163,True,0,1.0000,0.995536,car
img_001396.jpg,mtz3549,mtz349,False,1,0.8571,0.825082,car
img_001397.jpg,odp0519,oop0519,False,1,0.8571,0.805661,car
img_001398.jpg,qrc6770,qrc6770,True,0,1.0000,0.987892,car
img_001399.jpg,ods3398,ods3398,True,0,1.0000,0.732869,car
img_001400.jpg,fda4010,foa4010,False,1,0.8571,0.980002,car
img_001401.jpg,odo9891,odo9891,True,0,1.0000,0.513644,car
img_001404.jpg,ppw0076,ppw0076,True,0,1.0000,0.985990,car
img_001406.jpg,ods6881,ods6881,True,0,1.0000,0.629946,car
img_001407.jpg,odr3127,odr3127,True,0,1.0000,0.901370,car
img_001408.jpg,odf4543,odf4543,True,0,1.0000,0.935013,car
img_001409.jpg,msc9128,msc9128,True,0,1.0000,0.995861,car
img_001410.jpg,ppt9994,ppt9994,True,0,1.0000,0.932634,car
img_001416.jpg,odp0519,odp0519,True,0,1.0000,0.675972,car
img_001417.jpg,odg6312,odg6312,True,0,1.0000,0.764463,car
img_001418.jpg,hai9942,maj9942,False,2,0.7143,0.251940,car
img_001419.jpg,ocv6153,ocv6153,True,0,1.0000,0.955369,car
img_001424.jpg,ppp7505,ppp7505,True,0,1.0000,0.935779,car
img_001427.jpg,mqn5440,mon5440,False,1,0.8571,0.970944,car
img_001430.jpg,ovi1629,ovi1629,True,0,1.0000,0.542525,car
img_001432.jpg,ppp4341,ppp4341,True,0,1.0000,0.955439,car
img_001434.jpg,mtz3549,mtz3549,True,0,1.0000,0.704461,car
img_001436.jpg,ppp7519,ppp7519,True,0,1.0000,0.992064,car
img_001446.jpg,oqi5224,oqi5224,True,0,1.0000,0.392458,car
img_001453.jpg,byq3760,byo3760,False,1,0.8571,0.981216,car
img_001455.jpg,mtx0171,mtx0171,True,0,1.0000,0.838758,car
img_001456.jpg,odt6063,odt6063,True,0,1.0000,0.771858,car
img_001461.jpg,mrl3604,mrl3604,True,0,1.0000,0.916359,car
img_001462.jpg,odr4149,odr4149,True,0,1.0000,0.854872,car
img_001463.jpg,mtz3549,atz3549,False,1,0.8571,0.462187,car
img_001464.jpg,odt7199,odt7199,True,0,1.0000,0.566414,car
img_001465.jpg,mtz3256,mtz3256,True,0,1.0000,0.646567,car
img_001469.jpg,msa7262,msa7262,True,0,1.0000,0.982879,car
img_001472.jpg,odt7297,odt7297,True,0,1.0000,0.782982,car
img_001475.jpg,ods2015,ods2015,True,0,1.0000,0.599635,car
img_001476.jpg,odo9891,odo9891,True,0,1.0000,0.464656,car
img_001477.jpg,pps5495,pps5495,True,0,1.0000,0.925336,car
img_001478.jpg,msa1557,msa1557,True,0,1.0000,0.928495,car
img_001481.jpg,odp0519,oop0519,False,1,0.8571,0.630253,car
img_001482.jpg,mry9914,mry9914,True,0,1.0000,0.975069,car
img_001484.jpg,ovf6363,ovf6363,True,0,1.0000,0.561006,car
img_001488.jpg,odr3127,oor3127,False,1,0.8571,0.564909,car
img_001492.jpg,mpw8555,mpw8555,True,0,1.0000,0.984591,car
img_001494.jpg,mtn9522,mtn9522,True,0,1.0000,0.875952,car
img_001495.jpg,odr3127,oor3127,False,1,0.8571,0.557963,car
img_001497.jpg,iwd5655,iwd5655,True,0,1.0000,0.991651,car
img_001498.jpg,ppx4048,ppy4048,False,1,0.8571,0.751437,car
img_001499.jpg,odg3967,oog3967,False,1,0.8571,0.714658,car
img_001500.jpg,ppx7377,ppx7377,True,0,1.0000,0.935307,car
img_001501.jpg,ppx5165,ppx5165,True,0,1.0000,0.967639,car
img_001504.jpg,ppv2861,ppv2861,True,0,1.0000,0.899324,car
img_001505.jpg,mtz3256,mtz3256,True,0,1.0000,0.633677,car
img_001507.jpg,msb4766,msb4766,True,0,1.0000,0.994760,car
img_001508.jpg,ppp6853,ppp6853,True,0,1.0000,0.993609,car
img_001509.jpg,ppp3628,ppp368,False,1,0.8571,0.965572,car
img_001511.jpg,msb8136,msb8136,True,0,1.0000,0.960225,car
img_001514.jpg,ods2015,ods2015,True,0,1.0000,0.730366,car
img_001516.jpg,ods6119,ods6199,False,1,0.8571,0.833491,car
img_001517.jpg,msa1557,msa1557,True,0,1.0000,0.955574,car
img_001520.jpg,msk2049,msk2049,True,0,1.0000,0.998690,car
img_001521.jpg,ovf6363,qvf6363,False,1,0.8571,0.657658,car
img_001522.jpg,mrx3194,mrx3194,True,0,1.0000,0.583134,car
img_001524.jpg,mrx3194,mrx3194,True,0,1.0000,0.953214,car
img_001526.jpg,mry9914,mry9914,True,0,1.0000,0.754194,car
img_001527.jpg,odg6312,00g6312,False,2,0.7143,0.372383,car
img_001528.jpg,ppv2861,ppy2861,False,1,0.8571,0.744056,car
img_001534.jpg,odt6162,odt6162,True,0,1.0000,0.638878,car
img_001535.jpg,qrc6770,qrc6770,True,0,1.0000,0.973458,car
img_001536.jpg,ppx5165,ppx5165,True,0,1.0000,0.968162,car
img_001537.jpg,ppx0691,ppx0691,True,0,1.0000,0.965663,car
img_001540.jpg,ppx5163,ppx5163,True,0,1.0000,0.985993,car
img_001541.jpg,mtk9460,mtk9460,True,0,1.0000,0.829540,car
img_001542.jpg,odr3127,odr3127,True,0,1.0000,0.800372,car
img_001544.jpg,pyd9944,pyd9944,True,0,1.0000,0.546237,car
img_001545.jpg,ods2590,ods2590,True,0,1.0000,0.922846,car
img_001549.jpg,mts7362,mys7362,False,1,0.8571,0.582259,car
img_001551.jpg,odf3904,odf3904,True,0,1.0000,0.822102,car
img_001552.jpg,odi4526,odi4526,True,0,1.0000,0.954415,car
img_001554.jpg,ppp7010,ppp7010,True,0,1.0000,0.991663,car
img_001556.jpg,mpj4590,mpj4590,True,0,1.0000,0.986267,car
img_001557.jpg,qrd3004,qro3004,False,1,0.8571,0.512080,car
img_001565.jpg,ppw0076,ppw0076,True,0,1.0000,0.854569,car
img_001566.jpg,byq3760,byo3760,False,1,0.8571,0.977268,car
img_001567.jpg,odh0279,odh0279,True,0,1.0000,0.527303,car
img_001569.jpg,msb4766,msb4766,True,0,1.0000,0.982586,car
img_001570.jpg,odr4149,odr4149,True,0,1.0000,0.606272,car
img_001573.jpg,ppx0696,ppx0696,True,0,1.0000,0.917976,car
img_001574.jpg,ocx3790,ocx3790,True,0,1.0000,0.935585,car
img_001575.jpg,mtn9622,mtn9622,True,0,1.0000,0.845040,car
img_001576.jpg,msa7262,msa7262,True,0,1.0000,0.982097,car
img_001578.jpg,odr3127,odr3127,True,0,1.0000,0.892806,car
img_001580.jpg,ppx4040,ppx4040,True,0,1.0000,0.764228,car
img_001581.jpg,gvp0415,gvp0415,True,0,1.0000,0.985445,car
img_001584.jpg,ppp6398,ppp6398,True,0,1.0000,0.978629,car
img_001585.jpg,odg5904,odg5904,True,0,1.0000,0.941705,car
img_001588.jpg,odg3176,00g3176,False,2,0.7143,0.316751,car
img_001589.jpg,ppo7252,ppo7252,True,0,1.0000,0.975631,car
img_001597.jpg,odg1753,oog1753,False,1,0.8571,0.473744,car
img_001601.jpg,odr3127,odr3127,True,0,1.0000,0.661708,car
img_001606.jpg,odc6531,odc6531,True,0,1.0000,0.549533,car
img_001607.jpg,mte5192,mye5192,False,1,0.8571,0.687322,car
img_001608.jpg,ods3662,ods3662,True,0,1.0000,0.722566,car
img_001609.jpg,ppo4419,ppo4419,True,0,1.0000,0.969012,car
img_001610.jpg,odt6129,odt6129,True,0,1.0000,0.831897,car
img_001612.jpg,qjk6374,qjk6374,True,0,1.0000,0.459621,car
img_001613.jpg,ppx0160,ppx0160,True,0,1.0000,0.827438,car
img_001614.jpg,msb4766,msb4766,True,0,1.0000,0.994956,car
img_001616.jpg,odt6092,odt6092,True,0,1.0000,0.861310,car
img_001622.jpg,ods2624,ods2624,True,0,1.0000,0.598015,car
img_001626.jpg,ppp2796,ppp2796,True,0,1.0000,0.939458,car
img_001627.jpg,odf2786,odf2786,True,0,1.0000,0.780713,car
img_001628.jpg,oyj3918,oyj3918,True,0,1.0000,0.728867,car
img_001629.jpg,ppz9135,ppz9135,True,0,1.0000,0.817976,car
img_001630.jpg,odg3967,0dg3967,False,1,0.8571,0.242203,car
img_001631.jpg,ppx0155,ppx0155,True,0,1.0000,0.907656,car
img_001633.jpg,odt6112,oot6112,False,1,0.8571,0.532258,car
img_001634.jpg,mrx7902,mbx7902,False,1,0.8571,0.951224,car
img_001637.jpg,mts7362,mys7362,False,1,0.8571,0.450595,car
img_001640.jpg,mtz3549,mtz349,False,1,0.8571,0.668820,car
img_001643.jpg,odf7548,oof7548,False,1,0.8571,0.872428,car
img_001645.jpg,ppp9250,ppp9250,True,0,1.0000,0.980155,car
img_001646.jpg,odr3127,odr3127,True,0,1.0000,0.866347,car
img_001647.jpg,msk5187,msk5187,True,0,1.0000,0.997507,car
img_001651.jpg,qrc6770,qrc6770,True,0,1.0000,0.930648,car
img_001653.jpg,ppp6749,ppp6749,True,0,1.0000,0.986410,car
img_001658.jpg,ppb5250,pp85250,False,1,0.8571,0.378531,car
img_001660.jpg,evz7529,ev27529,False,1,0.8571,0.533209,car
img_001661.jpg,ppx4024,ppx4024,True,0,1.0000,0.916989,car
img_001664.jpg,ppp9250,ppp9250,True,0,1.0000,0.993036,car
img_001667.jpg,ppw0032,ppw0032,True,0,1.0000,0.815733,car
img_001669.jpg,ppx9984,wt42524,False,6,0.1429,0.123853,car
img_001671.jpg,odt6142,odt6142,True,0,1.0000,0.897474,car
img_001672.jpg,odt6129,odt6129,True,0,1.0000,0.806456,car
img_001674.jpg,ovf6363,ovf6363,True,0,1.0000,0.560311,car
img_001676.jpg,odr3694,odr3694,True,0,1.0000,0.896572,car
img_001677.jpg,mtx0171,mtx0171,True,0,1.0000,0.797961,car
img_001678.jpg,qrc6770,qrc6770,True,0,1.0000,0.955290,car
img_001679.jpg,odo9891,0do9891,False,1,0.8571,0.273257,car
img_001680.jpg,mtz9247,atz9247,False,1,0.8571,0.419472,car
img_001682.jpg,ppw0076,ppw0076,True,0,1.0000,0.986222,car
img_001685.jpg,msa7262,msa7262,True,0,1.0000,0.992751,car
img_001687.jpg,qnr5824,qnr5824,True,0,1.0000,0.759089,car
img_001688.jpg,ppl5787,ppl5787,True,0,1.0000,0.967772,car
img_001692.jpg,mtx0171,mtx0171,True,0,1.0000,0.840835,car
img_001693.jpg,odr3127,odr3127,True,0,1.0000,0.477313,car
img_001696.jpg,mts7362,mys7362,False,1,0.8571,0.787747,car
img_001698.jpg,ppj4189,ppj4189,True,0,1.0000,0.864155,car
img_001700.jpg,ovk3888,ovk3888,True,0,1.0000,0.851648,car
img_001705.jpg,odr3127,oor3127,False,1,0.8571,0.721284,car
img_001708.jpg,ovk3888,ovk3888,True,0,1.0000,0.878945,car
img_001710.jpg,odg4873,odg4873,True,0,1.0000,0.808142,car
img_001712.jpg,qrc6770,qrc6770,True,0,1.0000,0.978593,car
img_001713.jpg,mtz4291,ftz4291,False,1,0.8571,0.076514,car
img_001714.jpg,ppp6853,ppp6853,True,0,1.0000,0.992620,car
img_001716.jpg,odt6092,odt6092,True,0,1.0000,0.540997,car
img_001717.jpg,ppw9332,ppw9332,True,0,1.0000,0.854581,car
img_001719.jpg,ods6881,ods6881,True,0,1.0000,0.920736,car
img_001722.jpg,ppu6390,ppu6390,True,0,1.0000,0.966733,car
img_001723.jpg,odr3127,odr3127,True,0,1.0000,0.918114,car
img_001726.jpg,ppz5238,ppz5238,True,0,1.0000,0.848473,car
img_001727.jpg,ppp9250,ppp9250,True,0,1.0000,0.983501,car
img_001728.jpg,odt6129,odt6129,True,0,1.0000,0.911692,car
img_001737.jpg,odt6061,odt6061,True,0,1.0000,0.884819,car
img_001738.jpg,ppx0696,ppx0696,True,0,1.0000,0.982761,car
img_001740.jpg,qjk6374,quk6374,False,1,0.8571,0.654168,car
img_001742.jpg,mtz3256,mtz326,False,1,0.8571,0.304354,car
img_001744.jpg,ovk5846,ovk5846,True,0,1.0000,0.814578,car
img_001746.jpg,ppx5170,ppx5170,True,0,1.0000,0.985972,car
img_001747.jpg,odt6482,odt6482,True,0,1.0000,0.635996,car
img_001748.jpg,mtz9247,wiz9247,False,2,0.7143,0.246125,car
img_001749.jpg,ppw0076,ppw0076,True,0,1.0000,0.973425,car
img_001750.jpg,qjk6374,qjk6374,True,0,1.0000,0.757538,car
img_001751.jpg,msk5187,msk5187,True,0,1.0000,0.998697,car
img_001752.jpg,odt6092,odt6092,True,0,1.0000,0.853453,car
img_001754.jpg,odi1892,odi1892,True,0,1.0000,0.930618,car
img_001755.jpg,mts7362,mys7362,False,1,0.8571,0.802635,car
img_001756.jpg,odr3127,odr3127,True,0,1.0000,0.911285,car
img_001757.jpg,qrd2970,qro2970,False,1,0.8571,0.970019,car
img_001759.jpg,mst8531,mst8531,True,0,1.0000,0.935273,car
img_001760.jpg,odm0438,odm0438,True,0,1.0000,0.817889,car
img_001763.jpg,olq5547,old5547,False,1,0.8571,0.650698,car
img_001767.jpg,ppx0700,ppx0700,True,0,1.0000,0.970371,car
img_001770.jpg,mst4686,wst4686,False,1,0.8571,0.544262,car
img_001771.jpg,odh0279,odh0279,True,0,1.0000,0.372008,car
img_001772.jpg,odt6142,odt6142,True,0,1.0000,0.490597,car
img_001774.jpg,mts7362,mts7362,True,0,1.0000,0.341627,car
img_001775.jpg,mst8531,mst8531,True,0,1.0000,0.940385,car
img_001776.jpg,mpu1861,mpu1861,True,0,1.0000,0.981770,car
img_001778.jpg,mtg5739,mtg5732,False,1,0.8571,0.593708,car
img_001782.jpg,odt6112,odt6112,True,0,1.0000,0.860514,car
img_001783.jpg,ppx0696,ppx0696,True,0,1.0000,0.956763,car
img_001784.jpg,ppx4048,ppx4048,True,0,1.0000,0.800810,car
img_001785.jpg,odt6208,odt6208,True,0,1.0000,0.625566,car
img_001787.jpg,mtx0171,mtx0171,True,0,1.0000,0.779544,car
img_001788.jpg,mty6370,mty6377,False,1,0.8571,0.791761,car
img_001789.jpg,ovf6363,ovf6363,True,0,1.0000,0.653452,car
img_001790.jpg,msb4766,msb4766,True,0,1.0000,0.966263,car
img_001792.jpg,byq3760,byo3760,False,1,0.8571,0.983868,car
img_001793.jpg,odo1303,odo1303,True,0,1.0000,0.745970,car
img_001794.jpg,msa7262,msa7262,True,0,1.0000,0.978054,car
img_001797.jpg,odr3127,odr3127,True,0,1.0000,0.873555,car
img_001798.jpg,ppv7264,ppv7264,True,0,1.0000,0.880865,car
img_001800.jpg,qrc6742,qrc6742,True,0,1.0000,0.985814,car
img_001802.jpg,ods3398,ods338,False,1,0.8571,0.796209,car
img_001803.jpg,ode6371,ode6371,True,0,1.0000,0.959536,car
img_001804.jpg,odr4042,odr4042,True,0,1.0000,0.921887,car
img_001805.jpg,ppz2988,ppz2988,True,0,1.0000,0.984121,car
img_001806.jpg,odr3127,odr3127,True,0,1.0000,0.889968,car
img_001807.jpg,ppz5238,ppz5238,True,0,1.0000,0.971423,car
img_001808.jpg,ods6119,ods6199,False,1,0.8571,0.893761,car
img_001811.jpg,ppw3952,ppw3952,True,0,1.0000,0.937022,car
img_001813.jpg,odi1892,odi1892,True,0,1.0000,0.776067,car
img_001819.jpg,odr3127,odr3127,True,0,1.0000,0.542825,car
img_001823.jpg,mtn9522,mtn9522,True,0,1.0000,0.893049,car
img_001825.jpg,odt6061,odt6061,True,0,1.0000,0.797561,car
img_001826.jpg,qwt4740,qw74740,False,1,0.8571,0.648336,car
img_001828.jpg,odt6112,odt6112,True,0,1.0000,0.827671,car
img_001829.jpg,msk5187,msk5187,True,0,1.0000,0.997908,car
img_001830.jpg,ppi8255,ppi8255,True,0,1.0000,0.990737,car
img_001831.jpg,mqq9045,moo9045,False,2,0.7143,0.553206,car
img_001832.jpg,ods3662,ods3662,True,0,1.0000,0.588241,car
img_001835.jpg,qrc6770,qrc6770,True,0,1.0000,0.983797,car
img_001838.jpg,mtz9247,ht29247,False,2,0.7143,0.066107,car
img_001839.jpg,odr3127,odr3127,True,0,1.0000,0.880902,car
img_001840.jpg,odt6251,odt6251,True,0,1.0000,0.888769,car
img_001841.jpg,msb4766,msb4766,True,0,1.0000,0.944243,car
img_001843.jpg,msa7262,msa7262,True,0,1.0000,0.994290,car
img_001844.jpg,ovk5846,ovk5846,True,0,1.0000,0.816878,car
img_001850.jpg,gwq6575,gwo6575,False,1,0.8571,0.895710,car
img_001856.jpg,mqv6554,mov6554,False,1,0.8571,0.834424,car
img_001857.jpg,odf2786,oof2786,False,1,0.8571,0.652670,car
img_001858.jpg,odg3967,oog3967,False,1,0.8571,0.528353,car
img_001859.jpg,ppp2796,ppp2796,True,0,1.0000,0.903139,car
img_001860.jpg,odg6312,oog6312,False,1,0.8571,0.591529,car
img_001861.jpg,ocx7051,ocx7051,True,0,1.0000,0.894598,car
img_001862.jpg,ppw4661,ppw4661,True,0,1.0000,0.913686,car
img_001863.jpg,qrb1690,qrb1690,True,0,1.0000,0.931624,car
img_001866.jpg,mtz8488,wiz8488,False,2,0.7143,0.327641,car
img_001870.jpg,odt6061,odt6061,True,0,1.0000,0.770389,car
img_001871.jpg,qhl7752,qbl7752,False,1,0.8571,0.364655,car
img_001873.jpg,odr0379,oor0379,False,1,0.8571,0.235543,car
img_001874.jpg,odr3127,oor3127,False,1,0.8571,0.541177,car
img_001876.jpg,byq3760,byo3760,False,1,0.8571,0.964905,car
img_001882.jpg,ppx7377,ppx7377,True,0,1.0000,0.974783,car
img_001885.jpg,ppx0700,ppx0700,True,0,1.0000,0.981680,car
img_001886.jpg,odf7548,oof7548,False,1,0.8571,0.859205,car
img_001887.jpg,ovf7961,ovf7961,True,0,1.0000,0.770436,car
img_001888.jpg,odt6112,odt6112,True,0,1.0000,0.827515,car
img_001889.jpg,odg3967,oog3967,False,1,0.8571,0.489894,car
img_001890.jpg,qjk6374,ojk6374,False,1,0.8571,0.607063,car
img_001891.jpg,ppx4024,ppy4024,False,1,0.8571,0.659851,car
img_001892.jpg,ods3662,ods3662,True,0,1.0000,0.808488,car
img_001893.jpg,mtz3256,mtz3256,True,0,1.0000,0.572420,car
img_001895.jpg,qrc6770,qrc6770,True,0,1.0000,0.881670,car
img_001896.jpg,odt6169,odt6169,True,0,1.0000,0.900602,car
img_001897.jpg,mqm4704,mom4704,False,1,0.8571,0.852708,car
img_001898.jpg,mts7362,mys7362,False,1,0.8571,0.702475,car
img_001899.jpg,ppp3628,ppp368,False,1,0.8571,0.984667,car
img_001900.jpg,odr3694,odr3694,True,0,1.0000,0.924834,car
img_001901.jpg,ppp2796,ppp2796,True,0,1.0000,0.949640,car
img_001902.jpg,mtz9247,atz9247,False,1,0.8571,0.094759,car
img_001905.jpg,odr3706,oor3706,False,1,0.8571,0.655611,car
img_001906.jpg,msa7262,msa7262,True,0,1.0000,0.987920,car
img_001907.jpg,mka7333,mka7333,True,0,1.0000,0.998643,car
img_001908.jpg,ods3004,ods3004,True,0,1.0000,0.694727,car
img_001909.jpg,ods2590,ods2590,True,0,1.0000,0.891008,car
img_001911.jpg,mtz3256,mtz3266,False,1,0.8571,0.583695,car
img_001912.jpg,odr4042,odr4042,True,0,1.0000,0.868334,car
img_001914.jpg,qrb1720,qrb1720,True,0,1.0000,0.926688,car
img_001917.jpg,ppv0918,ppv0918,True,0,1.0000,0.847862,car
img_001918.jpg,mry9914,mry9914,True,0,1.0000,0.966421,car
img_001919.jpg,ods3861,ods3861,True,0,1.0000,0.696242,car
img_001924.jpg,qrc6790,qrc6790,True,0,1.0000,0.871154,car
img_001926.jpg,ppz2988,ppz2988,True,0,1.0000,0.938452,car
img_001928.jpg,mpu1861,mpu1861,True,0,1.0000,0.978785,car
img_001929.jpg,odi5590,odi5590,True,0,1.0000,0.804874,car
img_001930.jpg,odt6061,odt6061,True,0,1.0000,0.793963,car
img_001932.jpg,odr4149,odr4149,True,0,1.0000,0.597634,car
img_001933.jpg,mtz3256,mtz3266,False,1,0.8571,0.552066,car
img_001935.jpg,qjk6374,qjk6374,True,0,1.0000,0.155873,car
img_001936.jpg,qrc6770,qrc6770,True,0,1.0000,0.986761,car
img_001937.jpg,odr3127,odr3127,True,0,1.0000,0.585790,car
img_001938.jpg,ppx4048,ppx4048,True,0,1.0000,0.950651,car
img_001940.jpg,ppx4024,ppx4024,True,0,1.0000,0.854249,car
img_001941.jpg,mtz4291,ft7291,False,3,0.5714,0.093973,car
img_001942.jpg,mty0063,myx0063,False,2,0.7143,0.172477,car
img_001943.jpg,odt6064,odt6064,True,0,1.0000,0.868201,car
img_001945.jpg,ppx4034,ppy4034,False,1,0.8571,0.843264,car
img_001946.jpg,ods3398,ods339,False,1,0.8571,0.674468,car
img_001947.jpg,ovf6320,ovf6320,True,0,1.0000,0.793168,car
img_001951.jpg,odr3127,odr3127,True,0,1.0000,0.560824,car
img_001953.jpg,mtx0171,mtx0171,True,0,1.0000,0.762164,car
img_001954.jpg,mts7362,mys7362,False,1,0.8571,0.752750,car
img_001957.jpg,odt6064,oot6064,False,1,0.8571,0.528088,car
img_001958.jpg,mka7333,mka7333,True,0,1.0000,0.987997,car
img_001960.jpg,odp0519,odp0519,True,0,1.0000,0.496665,car
img_001964.jpg,ppz5238,ppz5238,True,0,1.0000,0.931023,car
img_001965.jpg,ppp5321,ppp5321,True,0,1.0000,0.993947,car
img_001969.jpg,ppx0700,ppx0700,True,0,1.0000,0.982668,car
img_001970.jpg,odi5590,odi5590,True,0,1.0000,0.814563,car
img_001971.jpg,ods4776,oos4766,False,2,0.7143,0.326383,car
img_001972.jpg,odp0519,oop0519,False,1,0.8571,0.734610,car
img_001973.jpg,mtz8488,ziz8488,False,2,0.7143,0.273824,car
img_001974.jpg,mtz9247,mtz9247,True,0,1.0000,0.153804,car
img_001975.jpg,ppx5165,ppx5165,True,0,1.0000,0.990441,car
img_001976.jpg,odr3127,odr3127,True,0,1.0000,0.886285,car
img_001977.jpg,odh1374,odk1374,False,1,0.8571,0.683561,car
img_001978.jpg,odt6162,odt6162,True,0,1.0000,0.720282,car
img_001979.jpg,ppl5787,ppl5787,True,0,1.0000,0.941692,car
img_001981.jpg,ocz6223,ocz6223,True,0,1.0000,0.951142,car
img_001982.jpg,mtx0171,mtx0171,True,0,1.0000,0.776603,car
img_001983.jpg,mtz3256,mtz3266,False,1,0.8571,0.667685,car
img_001984.jpg,ods4776,oos4766,False,2,0.7143,0.244197,car
img_001985.jpg,ppw9578,ppw9578,True,0,1.0000,0.862810,car
img_001987.jpg,odf2786,odf2786,True,0,1.0000,0.440779,car
img_001990.jpg,ppw0162,ppw0162,True,0,1.0000,0.688932,car
img_001993.jpg,ppx0696,ppx0696,True,0,1.0000,0.956060,car
img_001997.jpg,ppx0691,ppx0691,True,0,1.0000,0.981560,car
img_001998.jpg,ods3662,ods3662,True,0,1.0000,0.761005,car
img_001999.jpg,odr3694,odr3694,True,0,1.0000,0.442710,car
img_002000.jpg,odt6482,odt6482,True,0,1.0000,0.543547,car
img_002001.jpg,ppw0076,ppw0076,True,0,1.0000,0.970053,car
img_002003.jpg,odr3127,odr3127,True,0,1.0000,0.913131,car
img_002005.jpg,mry9914,mpy9914,False,1,0.8571,0.514876,car
img_002007.jpg,ppx6781,ppx6781,True,0,1.0000,0.946526,car
img_002008.jpg,msb4766,msb4766,True,0,1.0000,0.989022,car
img_002010.jpg,odt6112,odt6112,True,0,1.0000,0.844085,car
img_002012.jpg,ods3398,ods3398,True,0,1.0000,0.686748,car
img_002015.jpg,odt6142,odt6142,True,0,1.0000,0.808183,car
img_002016.jpg,ovf6363,ovf6363,True,0,1.0000,0.806632,car
img_002020.jpg,odt6129,odt6129,True,0,1.0000,0.803364,car
img_002021.jpg,ppx0696,ppx0696,True,0,1.0000,0.907549,car
img_002022.jpg,odt6112,odt6112,True,0,1.0000,0.698902,car
img_002026.jpg,odp0519,oop0519,False,1,0.8571,0.772823,car
img_002027.jpg,ods3662,ods3662,True,0,1.0000,0.647295,car
img_002028.jpg,odr3127,odr3127,True,0,1.0000,0.931134,car
img_002029.jpg,odt6162,odt6162,True,0,1.0000,0.592925,car
img_002030.jpg,byq3760,byo3760,False,1,0.8571,0.992154,car
img_002031.jpg,ppp7010,ppp7010,True,0,1.0000,0.989937,car
img_002035.jpg,ppw0076,ppw0076,True,0,1.0000,0.966171,car
img_002037.jpg,msa7262,msa7262,True,0,1.0000,0.991709,car
img_002038.jpg,ppx0155,ppx0155,True,0,1.0000,0.885685,car
img_002041.jpg,odf4543,odf4543,True,0,1.0000,0.661281,car
img_002042.jpg,odg9132,odg9132,True,0,1.0000,0.398256,car
img_002043.jpg,mtx0171,mtx0171,True,0,1.0000,0.913172,car
img_002044.jpg,mtz3256,mtz326,False,1,0.8571,0.547135,car
img_002045.jpg,odg1753,oog1753,False,1,0.8571,0.610129,car
img_002049.jpg,ppx5172,ppx5172,True,0,1.0000,0.776445,car
img_002051.jpg,qrc6742,qrc6742,True,0,1.0000,0.920243,car
img_002057.jpg,ppp7674,ppp7674,True,0,1.0000,0.501005,car
img_002058.jpg,ppv9053,ppv9053,True,0,1.0000,0.898077,car
img_002060.jpg,ppp2796,ppp2796,True,0,1.0000,0.961943,car
img_002062.jpg,ppp7519,ppp7519,True,0,1.0000,0.994311,car
img_002064.jpg,ods4776,ods4776,True,0,1.0000,0.927530,car
img_002067.jpg,odr4149,odr4149,True,0,1.0000,0.821618,car
img_002071.jpg,ppl5787,ppl6787,False,1,0.8571,0.513609,car
img_002075.jpg,mtg5739,myg5734,False,2,0.7143,0.214255,car
img_002076.jpg,ppi2549,ppi2549,True,0,1.0000,0.975333,car
img_002079.jpg,odg3990,odg3990,True,0,1.0000,0.811815,car
img_002080.jpg,odt6061,odt6061,True,0,1.0000,0.810434,car
img_002083.jpg,ppw1889,ppw1889,True,0,1.0000,0.973917,car
img_002084.jpg,odt6112,odt6112,True,0,1.0000,0.860981,car
img_002085.jpg,ppx0700,ppx0700,True,0,1.0000,0.983920,car
img_002086.jpg,odp0519,oop0519,False,1,0.8571,0.530412,car
img_002087.jpg,ods3662,ods3662,True,0,1.0000,0.681322,car
img_002088.jpg,ppw0076,ppw0076,True,0,1.0000,0.975414,car
img_002089.jpg,odr3127,odr3127,True,0,1.0000,0.915505,car
img_002090.jpg,odg9132,odg9132,True,0,1.0000,0.690855,car
img_002091.jpg,odo0659,odo0699,False,1,0.8571,0.554524,car
img_002092.jpg,mtz3256,mtz226,False,2,0.7143,0.441415,car
img_002094.jpg,msb4766,msb4766,True,0,1.0000,0.623378,car
img_002095.jpg,mtx0171,mtx0171,True,0,1.0000,0.696954,car
img_002096.jpg,ovl4093,dvl4093,False,1,0.8571,0.364517,car
img_002097.jpg,ppp5321,ppp5321,True,0,1.0000,0.960088,car
img_002098.jpg,mry9914,mpy9914,False,1,0.8571,0.991494,car
img_002101.jpg,ods2861,ods2861,True,0,1.0000,0.833340,car
img_002106.jpg,odr3127,dor3127,False,2,0.7143,0.602301,car
img_002107.jpg,ppw9332,pp59332,False,1,0.8571,0.599965,car
img_002110.jpg,ppp6110,pp8110,False,2,0.7143,0.476331,car
img_002113.jpg,qrc0461,qrc0461,True,0,1.0000,0.968672,car
img_002119.jpg,mtz3256,mtz3256,True,0,1.0000,0.535055,car
img_002120.jpg,ppx4048,ppx4048,True,0,1.0000,0.742748,car
img_002121.jpg,ovf6363,ovf6363,True,0,1.0000,0.588362,car
img_002122.jpg,mtx0171,mtx0171,True,0,1.0000,0.868057,car
img_002123.jpg,odt6061,odt6061,True,0,1.0000,0.673645,car
img_002125.jpg,odr3127,odr3127,True,0,1.0000,0.903567,car
img_002126.jpg,ods3662,ods3662,True,0,1.0000,0.769593,car
img_002128.jpg,mka7333,mka7333,True,0,1.0000,0.997006,car
img_002129.jpg,msb4766,msb4766,True,0,1.0000,0.989220,car
img_002130.jpg,odh4584,oom4584,False,2,0.7143,0.463057,car
img_002133.jpg,mtz3256,mtz3256,True,0,1.0000,0.456582,car
img_002135.jpg,mst8531,mst8531,True,0,1.0000,0.947027,car
img_002137.jpg,ppp7010,ppp7010,True,0,1.0000,0.991520,car
img_002141.jpg,odr4042,odr4042,True,0,1.0000,0.683277,car
img_002145.jpg,jju1909,jju1909,True,0,1.0000,0.960437,car
img_002146.jpg,odr4149,oor4149,False,1,0.8571,0.381673,car
img_002147.jpg,mtg5739,mtg573,False,1,0.8571,0.687459,car
img_002149.jpg,faz6945,faz6945,True,0,1.0000,0.998197,car
img_002150.jpg,odt6112,odt6112,True,0,1.0000,0.852313,car
img_002151.jpg,ppp5346,ppp5346,True,0,1.0000,0.990536,car
img_002152.jpg,ppx4025,ppx4025,True,0,1.0000,0.966269,car
img_002153.jpg,mqv6554,mo56554,False,2,0.7143,0.803926,car
img_002154.jpg,ods2590,ods2590,True,0,1.0000,0.884285,car
img_002155.jpg,ods3398,ods3398,True,0,1.0000,0.489879,car
img_002156.jpg,mtz3256,mtz2256,False,1,0.8571,0.227339,car
img_002157.jpg,odp0519,oop0519,False,1,0.8571,0.493248,car
img_002158.jpg,ocv6153,ocv6153,True,0,1.0000,0.939127,car
img_002159.jpg,mtx0171,mtx0171,True,0,1.0000,0.918731,car
img_002160.jpg,mro1902,mro1902,True,0,1.0000,0.855151,car
img_002163.jpg,mst4686,mst4686,True,0,1.0000,0.894473,car
img_002164.jpg,ppp3628,ppp368,False,1,0.8571,0.979754,car
img_002166.jpg,msa7262,msa7262,True,0,1.0000,0.958996,car
img_002167.jpg,odt6482,odt6482,True,0,1.0000,0.650388,car
img_002170.jpg,mtx0171,mtx0171,True,0,1.0000,0.817328,car
img_002171.jpg,odr3127,odr3127,True,0,1.0000,0.935880,car
img_002172.jpg,odh4584,oom4584,False,2,0.7143,0.534186,car
img_002173.jpg,ppx0682,ppx0682,True,0,1.0000,0.900588,car
img_002174.jpg,ppx5165,ppx5165,True,0,1.0000,0.940927,car
img_002175.jpg,odt6064,odt6064,True,0,1.0000,0.855953,car
img_002176.jpg,odt6482,odt6482,True,0,1.0000,0.722034,car
img_002177.jpg,ppp3628,ppp368,False,1,0.8571,0.983128,car
img_002181.jpg,ppx0700,ppx0700,True,0,1.0000,0.944114,car
img_002183.jpg,odp0519,odp0519,True,0,1.0000,0.771532,car
img_002186.jpg,ovf6363,ovf6363,True,0,1.0000,0.688851,car
img_002195.jpg,odr3694,oor3694,False,1,0.8571,0.508920,car
img_002196.jpg,ods2624,ods2624,True,0,1.0000,0.705031,car
img_002197.jpg,mtz3256,mtz3256,True,0,1.0000,0.674389,car
img_002199.jpg,mql2952,mol2952,False,1,0.8571,0.970109,car
img_002200.jpg,ods3662,ods3662,True,0,1.0000,0.821491,car
img_002202.jpg,ovh8488,ovh8488,True,0,1.0000,0.495171,car
img_002204.jpg,odo0659,odo0699,False,1,0.8571,0.524136,car
img_002205.jpg,odr4042,odr4042,True,0,1.0000,0.741306,car
img_002207.jpg,ppw9332,ppw9322,False,1,0.8571,0.340634,car
img_002208.jpg,msb4766,msb4766,True,0,1.0000,0.980944,car
img_002209.jpg,mtx0171,mtx0171,True,0,1.0000,0.665779,car
img_002210.jpg,mtz3256,mtz3256,True,0,1.0000,0.496361,car
img_002211.jpg,ppp3628,ppp368,False,1,0.8571,0.937961,car
img_002214.jpg,odt6064,odt6064,True,0,1.0000,0.862399,car
img_002215.jpg,mtn9652,mtn9652,True,0,1.0000,0.934868,car
img_002216.jpg,msk7666,msk7666,True,0,1.0000,0.997428,car
img_002217.jpg,ppx0155,ppx0155,True,0,1.0000,0.703244,car
img_002218.jpg,odp0519,oop0519,False,1,0.8571,0.556618,car
img_002222.jpg,ppz2695,ppz2695,True,0,1.0000,0.981236,car
img_002223.jpg,odh4216,ooh4216,False,1,0.8571,0.439459,car
img_002227.jpg,ovf6363,ovf6363,True,0,1.0000,0.585741,car
img_002234.jpg,odg3967,oog3967,False,1,0.8571,0.468973,car
img_002235.jpg,ppx0696,ppx0696,True,0,1.0000,0.944730,car
img_002236.jpg,ods3398,ods339,False,1,0.8571,0.734440,car
img_002237.jpg,odr4149,oor4149,False,1,0.8571,0.480970,car
img_002239.jpg,mtj5833,mtj583,False,1,0.8571,0.860812,car
img_002240.jpg,odf5714,odf574,False,1,0.8571,0.700907,car
img_002241.jpg,ppp3628,ppp368,False,1,0.8571,0.988805,car
img_002242.jpg,ppx0700,ppx0700,True,0,1.0000,0.980168,car
img_002244.jpg,ovl6090,ov66090,False,1,0.8571,0.653740,car
img_002245.jpg,odf4543,odf4543,True,0,1.0000,0.472977,car
img_002247.jpg,ppx5165,ppx5165,True,0,1.0000,0.957992,car
img_002249.jpg,ppx5163,ppx5163,True,0,1.0000,0.897847,car
img_002250.jpg,odt6129,odt6129,True,0,1.0000,0.826064,car
img_002251.jpg,mqv6554,mo56554,False,2,0.7143,0.484006,car
img_002252.jpg,ppw9332,ppw9332,True,0,1.0000,0.480927,car
img_002253.jpg,msa7262,msa7262,True,0,1.0000,0.892841,car
img_002254.jpg,ppp2796,ppp2796,True,0,1.0000,0.964401,car
img_002256.jpg,mtn9652,mtn9652,True,0,1.0000,0.940570,car
img_002257.jpg,mtz3256,mtz3266,False,1,0.8571,0.494238,car
img_002258.jpg,ppx0691,ppx0691,True,0,1.0000,0.965625,car
img_002259.jpg,odr3127,odr3127,True,0,1.0000,0.834908,car
img_002260.jpg,ppx4048,ppx4048,True,0,1.0000,0.903504,car
img_002262.jpg,cvt3644,cvt3644,True,0,1.0000,0.582546,car
img_002267.jpg,pki3355,pki355,False,1,0.8571,0.944518,car
img_002268.jpg,odr3127,odr3127,True,0,1.0000,0.921134,car
img_002270.jpg,owv9793,owv9793,True,0,1.0000,0.694670,car
img_002272.jpg,pph5379,pph5379,True,0,1.0000,0.319310,car
img_002274.jpg,ppw2922,ppy2922,False,1,0.8571,0.455015,car
img_002275.jpg,ppx0700,ppx0700,True,0,1.0000,0.976234,car
img_002276.jpg,mtz3256,mtz326,False,1,0.8571,0.709311,car
img_002277.jpg,ppx0700,ppx0700,True,0,1.0000,0.986216,car
img_002286.jpg,lcl4337,lgl4372,False,3,0.5714,0.272090,car
img_002287.jpg,mtz8488,ziz8488,False,2,0.7143,0.160561,car
img_002288.jpg,mtz3256,mtz356,False,1,0.8571,0.454422,car
img_002291.jpg,odt6181,odt6181,True,0,1.0000,0.701118,car
img_002292.jpg,mtx0269,mtx0269,True,0,1.0000,0.885155,car
img_002294.jpg,dml6340,dml6340,True,0,1.0000,0.836709,car
img_002295.jpg,ppz7593,ppz7593,True,0,1.0000,0.907991,car
img_002296.jpg,mqh6337,mok6373,False,4,0.4286,0.325684,car
img_002297.jpg,mtz3549,mtz349,False,1,0.8571,0.737636,car
img_002300.jpg,ppp4907,ppp4907,True,0,1.0000,0.988296,car
img_002302.jpg,ppp6110,ppp6110,True,0,1.0000,0.987282,car
img_002305.jpg,byq3760,byo3760,False,1,0.8571,0.928624,car
img_002307.jpg,mtj5833,mtj583,False,1,0.8571,0.820323,car
img_002308.jpg,msd0247,msd0247,True,0,1.0000,0.954428,car
img_002309.jpg,odf5623,odf5623,True,0,1.0000,0.780064,car
img_002311.jpg,ppp7519,ppp7519,True,0,1.0000,0.971817,car
img_002312.jpg,odr5274,odr5274,True,0,1.0000,0.924342,car
img_002314.jpg,mtz3549,mtz349,False,1,0.8571,0.861554,car
img_002315.jpg,ppw0076,ppw0076,True,0,1.0000,0.976643,car
img_002316.jpg,ods3662,ods3662,True,0,1.0000,0.779967,car
img_002318.jpg,ppw9332,ppw9332,True,0,1.0000,0.808238,car
img_002320.jpg,odh0228,oom0228,False,2,0.7143,0.455028,car
img_002321.jpg,ods2624,ods2624,True,0,1.0000,0.550543,car
img_002329.jpg,ppw4661,ppw4661,True,0,1.0000,0.988539,car
img_002332.jpg,odg3176,odg3176,True,0,1.0000,0.449812,car
img_002335.jpg,odh1374,odm1744,False,3,0.5714,0.360370,car
img_002336.jpg,qrd3021,qro3021,False,1,0.8571,0.944950,car
img_002338.jpg,ppw1889,ppw1889,True,0,1.0000,0.854719,car
img_002340.jpg,odt6092,odt6092,True,0,1.0000,0.899092,car
img_002341.jpg,ppp3628,ppp368,False,1,0.8571,0.917728,car
img_002343.jpg,ods3398,ods338,False,1,0.8571,0.872611,car
img_002344.jpg,msx9073,msx9073,True,0,1.0000,0.971439,car
img_002347.jpg,mts7362,mys7362,False,1,0.8571,0.807106,car
img_002348.jpg,qjk6374,qjk6774,False,1,0.8571,0.488853,car
img_002351.jpg,odo1303,odo1303,True,0,1.0000,0.774967,car
img_002352.jpg,ppe8144,ppe8144,True,0,1.0000,0.992861,car
img_002360.jpg,mqs2638,mos2638,False,1,0.8571,0.921703,car
img_002361.jpg,koo9144,koo9144,True,0,1.0000,0.720981,car
img_002362.jpg,ppp7519,ppp7519,True,0,1.0000,0.989654,car
img_002364.jpg,qjk6374,quk6374,False,1,0.8571,0.660343,car
img_002365.jpg,qrd3021,qro301,False,2,0.7143,0.482556,car
img_002369.jpg,odr5274,odr5274,True,0,1.0000,0.940095,car
img_002370.jpg,ods3662,ods3662,True,0,1.0000,0.781340,car
img_002371.jpg,ods3398,ods339,False,1,0.8571,0.572826,car
img_002372.jpg,lpf4692,lpf4692,True,0,1.0000,0.915648,car
img_002375.jpg,odg3065,odg3065,True,0,1.0000,0.767843,car
img_002376.jpg,odt6064,odt6064,True,0,1.0000,0.645470,car
img_002377.jpg,mtx0269,mtx0269,True,0,1.0000,0.899111,car
img_002378.jpg,ppw0076,ppw0076,True,0,1.0000,0.964435,car
img_002380.jpg,mtg5739,mtg5730,False,1,0.8571,0.550727,car
img_002381.jpg,ppm1763,ppm1763,True,0,1.0000,0.785102,car
img_002383.jpg,odg4873,oog4873,False,1,0.8571,0.695665,car
img_002388.jpg,ppz2988,ppz2988,True,0,1.0000,0.962590,car
img_002390.jpg,odf2786,odf2786,True,0,1.0000,0.544083,car
img_002391.jpg,ppw4661,ppw4661,True,0,1.0000,0.987951,car
img_002392.jpg,odt6251,odt6251,True,0,1.0000,0.860396,car
img_002393.jpg,ppx5163,ppx5163,True,0,1.0000,0.931628,car
img_002395.jpg,msa1557,msa1557,True,0,1.0000,0.977250,car
img_002396.jpg,ppw1889,ppw1889,True,0,1.0000,0.967127,car
img_002398.jpg,ods3398,ods398,False,1,0.8571,0.700148,car
img_002399.jpg,ppp3628,ppp368,False,1,0.8571,0.911702,car
img_002401.jpg,ods3662,ods3662,True,0,1.0000,0.782977,car
img_002404.jpg,msd0247,msd0247,True,0,1.0000,0.834329,car
img_002407.jpg,odh0228,ooh0228,False,1,0.8571,0.633460,car
img_002410.jpg,odg1753,odg1753,True,0,1.0000,0.526168,car
img_002412.jpg,mtm4102,mtm4102,True,0,1.0000,0.707742,car
img_002413.jpg,odp0519,oop0519,False,1,0.8571,0.609793,car
img_002414.jpg,ppx5167,ppx5167,True,0,1.0000,0.879349,car
img_002416.jpg,qjk6374,qjk6774,False,1,0.8571,0.462222,car
img_002417.jpg,odg4873,odg4873,True,0,1.0000,0.479878,car
img_002418.jpg,mtz8488,wiz8488,False,2,0.7143,0.242808,car
img_002419.jpg,odp0519,oop0519,False,1,0.8571,0.623648,car
img_002420.jpg,mqn3600,mon3600,False,1,0.8571,0.985678,car
img_002421.jpg,mtx0171,mtx0171,True,0,1.0000,0.818391,car
img_002423.jpg,qrc6770,qrc6770,True,0,1.0000,0.854809,car
img_002424.jpg,ppp7519,ppp7519,True,0,1.0000,0.955056,car
img_002425.jpg,odt6092,odt6092,True,0,1.0000,0.855169,car
img_002426.jpg,ppi4116,ppi4116,True,0,1.0000,0.923809,car
img_002430.jpg,odf4825,odf4825,True,0,1.0000,0.908403,car
img_002431.jpg,ovf6363,ovf6363,True,0,1.0000,0.785624,car
img_002432.jpg,odt6061,odt6061,True,0,1.0000,0.781852,car
img_002437.jpg,ovf6363,ovf6363,True,0,1.0000,0.469517,car
img_002439.jpg,ppp7519,ppp7519,True,0,1.0000,0.947143,car
img_002444.jpg,qrc0464,qrc0464,True,0,1.0000,0.910308,car
img_002446.jpg,mtz3549,mtz349,False,1,0.8571,0.513998,car
img_002448.jpg,mqu5385,moi5585,False,3,0.5714,0.452178,car
img_002450.jpg,mtg5739,mtg5734,False,1,0.8571,0.491708,car
img_002451.jpg,odf7548,oof7548,False,1,0.8571,0.918213,car
img_002453.jpg,ods6881,ods6881,True,0,1.0000,0.655230,car
img_002455.jpg,ovh0550,ovh0550,True,0,1.0000,0.889926,car
img_002456.jpg,mtg5739,mtg5734,False,1,0.8571,0.508062,car
img_002457.jpg,odf7548,oof7548,False,1,0.8571,0.881434,car
img_002458.jpg,odt6061,odt6061,True,0,1.0000,0.700021,car
img_002459.jpg,odh0102,odh0102,True,0,1.0000,0.417859,car
img_002460.jpg,ppp3628,ppp3688,False,1,0.8571,0.632796,car
img_002461.jpg,ppt9994,ppt9994,True,0,1.0000,0.969260,car
img_002462.jpg,ppw0076,ppw0076,True,0,1.0000,0.947221,car
img_002463.jpg,ppw1889,ppw1889,True,0,1.0000,0.910527,car
img_002464.jpg,ppp6190,ppp6190,True,0,1.0000,0.885920,car
img_002465.jpg,odr3127,odr3127,True,0,1.0000,0.879290,car
img_002466.jpg,odm3563,oom3563,False,1,0.8571,0.899114,car
img_002468.jpg,mtx0171,mtx0171,True,0,1.0000,0.764994,car
img_002469.jpg,odr3694,odr3694,True,0,1.0000,0.919144,car
img_002470.jpg,odr5274,oor5274,False,1,0.8571,0.641619,car
img_002471.jpg,ppp7519,ppp7519,True,0,1.0000,0.936121,car
img_002472.jpg,mka7333,mka7333,True,0,1.0000,0.997994,car
img_002476.jpg,msd0247,msd0247,True,0,1.0000,0.956448,car
img_002478.jpg,ods3398,ods338,False,1,0.8571,0.462449,car
img_002482.jpg,odr3127,odr3127,True,0,1.0000,0.935195,car
img_002483.jpg,mts7362,mys7362,False,1,0.8571,0.846557,car
img_002488.jpg,ppv2861,ppv2861,True,0,1.0000,0.964819,car
img_002489.jpg,mry6685,mry6685,True,0,1.0000,0.914182,car
img_002491.jpg,odg3967,oog3967,False,1,0.8571,0.469987,car
img_002493.jpg,mrx7902,mrx7902,True,0,1.0000,0.906163,car
img_002496.jpg,odr4149,odr4149,True,0,1.0000,0.766126,car
img_002497.jpg,odt6061,odt6061,True,0,1.0000,0.792563,car
img_002499.jpg,odt6251,odt6251,True,0,1.0000,0.798402,car
img_002500.jpg,qpz8234,qpz823,False,1,0.8571,0.655574,car
img_002502.jpg,odp0519,oop0519,False,1,0.8571,0.386995,car
img_002503.jpg,ppx0682,ppx0682,True,0,1.0000,0.975292,car
img_002507.jpg,ppe5416,ppe5416,True,0,1.0000,0.994595,car
img_002508.jpg,odh1374,odk1374,False,1,0.8571,0.388530,car
img_002509.jpg,ppp4907,ppp4907,True,0,1.0000,0.969546,car
img_002511.jpg,ods3398,ods338,False,1,0.8571,0.690860,car
img_002512.jpg,mst4686,mst4686,True,0,1.0000,0.812668,car
img_002518.jpg,odp0519,oop0519,False,1,0.8571,0.697254,car
img_002519.jpg,ove9712,ove8712,False,1,0.8571,0.807973,car
img_002523.jpg,ods6881,ods6881,True,0,1.0000,0.759119,car
img_002526.jpg,odf7548,odf7548,True,0,1.0000,0.823757,car
img_002529.jpg,odp0519,oop0519,False,1,0.8571,0.676453,car
img_002531.jpg,ods2590,ods2590,True,0,1.0000,0.898156,car
img_002532.jpg,odr5274,odr5274,True,0,1.0000,0.925651,car
img_002534.jpg,mtj5833,mtj583,False,1,0.8571,0.797535,car
img_002535.jpg,ppp8410,ppp8410,True,0,1.0000,0.981758,car
img_002536.jpg,ods2590,ods2590,True,0,1.0000,0.901645,car
img_002538.jpg,ppw1889,ppw1889,True,0,1.0000,0.900613,car
img_002539.jpg,odg1893,oog1893,False,1,0.8571,0.438001,car
img_002542.jpg,ppx5172,ppx5172,True,0,1.0000,0.952078,car
img_002547.jpg,byq3760,byo3760,False,1,0.8571,0.977111,car
img_002548.jpg,ppl5787,ppl5787,True,0,1.0000,0.961743,car
img_002549.jpg,mqj7289,moj7289,False,1,0.8571,0.513837,car
img_002553.jpg,mte5192,mye192,False,2,0.7143,0.345628,car
img_002555.jpg,msx8597,msx8997,False,1,0.8571,0.524980,car
img_002557.jpg,ods2590,ods2590,True,0,1.0000,0.939279,car
img_002558.jpg,ppp5346,ppp5346,True,0,1.0000,0.963023,car
img_002559.jpg,ppw3952,ppw3952,True,0,1.0000,0.869833,car
img_002561.jpg,qrc0723,qrc0723,True,0,1.0000,0.973298,car
img_002562.jpg,mtx0171,mtx0171,True,0,1.0000,0.540372,car
img_002564.jpg,ods3398,ods338,False,1,0.8571,0.501179,car
img_002565.jpg,odg1753,oog1753,False,1,0.8571,0.574686,car
img_002566.jpg,odr5548,odr5548,True,0,1.0000,0.853005,car
img_002567.jpg,msa1557,msa1577,False,1,0.8571,0.453681,car
img_002568.jpg,ppx5167,ppx5167,True,0,1.0000,0.969047,car
img_002570.jpg,mtz8488,uiz8488,False,2,0.7143,0.088843,car
img_002573.jpg,ppp3628,ppp368,False,1,0.8571,0.982273,car
img_002580.jpg,mts0261,mys0261,False,1,0.8571,0.692271,car
img_002581.jpg,oyg6189,oyg6189,True,0,1.0000,0.960065,car
img_002582.jpg,odf1587,oof1587,False,1,0.8571,0.381878,car
img_002584.jpg,ppp5346,ppp5346,True,0,1.0000,0.983623,car
img_002585.jpg,odg3967,oog3967,False,1,0.8571,0.655192,car
img_002586.jpg,qjk6374,quk6774,False,2,0.7143,0.376934,car
img_002587.jpg,mtz3256,mtz3256,True,0,1.0000,0.433138,car
img_002589.jpg,ppp7519,ppp7519,True,0,1.0000,0.985058,car
img_002590.jpg,odr5274,odr5274,True,0,1.0000,0.762128,car
img_002591.jpg,ppw1889,ppw1889,True,0,1.0000,0.883624,car
img_002592.jpg,ppp7010,ppp7010,True,0,1.0000,0.988775,car
img_002593.jpg,ppp6398,ppp6398,True,0,1.0000,0.973647,car
img_002596.jpg,ppk2695,ppk2695,True,0,1.0000,0.964685,car
img_002598.jpg,odr3694,odr3694,True,0,1.0000,0.879159,car
img_002599.jpg,ppw1889,ppw1889,True,0,1.0000,0.981760,car
img_002600.jpg,odg3176,odg3176,True,0,1.0000,0.383269,car
img_002601.jpg,odg4873,odg4873,True,0,1.0000,0.838377,car
img_002602.jpg,odh3455,odh3455,True,0,1.0000,0.711018,car
img_002603.jpg,qjk6374,qjk6774,False,1,0.8571,0.426391,car
img_002604.jpg,odt6064,odt6064,True,0,1.0000,0.729329,car
img_002605.jpg,ppw0076,ppw0076,True,0,1.0000,0.977263,car
img_002606.jpg,odr3706,oor3706,False,1,0.8571,0.564606,car
img_002607.jpg,msb4766,msb4766,True,0,1.0000,0.670262,car
img_002609.jpg,qhl7752,qbl7752,False,1,0.8571,0.704347,car
img_002611.jpg,odt6064,odt6064,True,0,1.0000,0.887205,car
img_002612.jpg,odg3065,oog3065,False,1,0.8571,0.366899,car
img_002615.jpg,qrd3012,qro3012,False,1,0.8571,0.816971,car
img_002616.jpg,odm6350,odm6350,True,0,1.0000,0.396740,car
img_002618.jpg,ppp7010,ppp7010,True,0,1.0000,0.984194,car
img_002620.jpg,qrd3045,qrd3045,True,0,1.0000,0.949277,car
img_002627.jpg,ppp8356,ppp8356,True,0,1.0000,0.990206,car
img_002628.jpg,ppx0696,ppx0696,True,0,1.0000,0.973775,car
img_002630.jpg,ppx0682,ppx0682,True,0,1.0000,0.931698,car
img_002631.jpg,ppx5165,ppx5165,True,0,1.0000,0.988424,car
img_002632.jpg,ppx5163,ppx5163,True,0,1.0000,0.942822,car
img_002633.jpg,ppw1889,ppw1889,True,0,1.0000,0.925013,car
img_002634.jpg,mtz3549,mtz349,False,1,0.8571,0.706303,car
img_002635.jpg,ppp6764,ppp6764,True,0,1.0000,0.984997,car
img_002636.jpg,ods3398,ods339,False,1,0.8571,0.481014,car
img_002639.jpg,msk5187,msk5187,True,0,1.0000,0.998764,car
img_002640.jpg,odr3706,oor3706,False,1,0.8571,0.617707,car
img_002641.jpg,ppw4039,ppw4039,True,0,1.0000,0.854855,car
img_002642.jpg,odr0379,odr0379,True,0,1.0000,0.506907,car
img_002643.jpg,ppx4025,ppx4025,True,0,1.0000,0.798857,car
img_002647.jpg,mts7362,mys7362,False,1,0.8571,0.887471,car
img_002650.jpg,ppp6764,ppp6764,True,0,1.0000,0.989794,car
img_002651.jpg,ppp8356,ppp8356,True,0,1.0000,0.986305,car
img_002652.jpg,ppx0160,ppx0160,True,0,1.0000,0.918268,car
img_002653.jpg,ppx0682,ppx0682,True,0,1.0000,0.964771,car
img_002654.jpg,ods3398,ods3398,True,0,1.0000,0.696863,car
img_002657.jpg,odr5274,odr5274,True,0,1.0000,0.913677,car
img_002659.jpg,ppw0076,ppw0076,True,0,1.0000,0.970437,car
img_002660.jpg,ods4852,ods4852,True,0,1.0000,0.782625,car
img_002669.jpg,mtz8488,uiz8488,False,2,0.7143,0.167381,car
img_002672.jpg,ppx4024,ppx4024,True,0,1.0000,0.807444,car
img_002673.jpg,odk9040,ook9040,False,1,0.8571,0.504691,car
img_002674.jpg,ppp6853,ppp6853,True,0,1.0000,0.961424,car
img_002675.jpg,ppv3922,ppv3922,True,0,1.0000,0.785648,car
img_002676.jpg,odr4149,odr4149,True,0,1.0000,0.857463,car
img_002677.jpg,odt6181,odt6181,True,0,1.0000,0.920359,car
img_002679.jpg,odt6169,odt6169,True,0,1.0000,0.887324,car
img_002681.jpg,mtz3549,mtz349,False,1,0.8571,0.659619,car
img_002682.jpg,odg1791,oog1791,False,1,0.8571,0.511994,car
img_002683.jpg,ppp7010,ppp7010,True,0,1.0000,0.987504,car
img_002684.jpg,mtx0171,mtx0171,True,0,1.0000,0.749422,car
img_002685.jpg,odr5274,odr5274,True,0,1.0000,0.944870,car
img_002686.jpg,ppp6764,ppp6764,True,0,1.0000,0.981374,car
img_002687.jpg,ppp7519,ppp7519,True,0,1.0000,0.987047,car
img_002689.jpg,odt6092,odt6092,True,0,1.0000,0.907580,car
img_002690.jpg,ods3398,ods3398,True,0,1.0000,0.850342,car
img_002691.jpg,ppw0076,ppw0076,True,0,1.0000,0.971769,car
img_002693.jpg,mts7362,mys7362,False,1,0.8571,0.698822,car
img_002695.jpg,odt6140,odt6140,True,0,1.0000,0.903252,car
img_002696.jpg,ods6119,ods6199,False,1,0.8571,0.909894,car
img_002699.jpg,oyf4944,oyf4944,True,0,1.0000,0.922343,car
img_002702.jpg,mqc1355,moc1355,False,1,0.8571,0.997154,car
img_002703.jpg,qjk6374,qjk6744,False,2,0.7143,0.187209,car
img_002704.jpg,ppw1889,ppw1889,True,0,1.0000,0.982440,car
img_002706.jpg,odt6092,odt6092,True,0,1.0000,0.941801,car
img_002707.jpg,ppw0076,ppw0076,True,0,1.0000,0.970315,car
img_002708.jpg,ppp6398,ppp6398,True,0,1.0000,0.977497,car
img_002709.jpg,mts7362,mys7362,False,1,0.8571,0.817357,car
img_002710.jpg,ppm1763,ppm1763,True,0,1.0000,0.622871,car
img_002711.jpg,odr0379,odr0379,True,0,1.0000,0.826456,car
img_002713.jpg,odh1374,odh1774,False,1,0.8571,0.490653,car
img_002714.jpg,odt6129,odt6129,True,0,1.0000,0.804885,car
img_002715.jpg,odg3176,odg3176,True,0,1.0000,0.662790,car
img_002716.jpg,ppp6764,ppp6764,True,0,1.0000,0.983850,car
img_002718.jpg,mtz3549,mtz3549,True,0,1.0000,0.331193,car
img_002719.jpg,odh4216,ooh4216,False,1,0.8571,0.519720,car
img_002720.jpg,ppp7519,ppp7519,True,0,1.0000,0.991866,car
img_002721.jpg,odr5274,odr5274,True,0,1.0000,0.962027,car
img_002726.jpg,ppx4034,ppx4034,True,0,1.0000,0.913565,car
img_002729.jpg,ocz6223,ocz6223,True,0,1.0000,0.934290,car
img_002731.jpg,pph4925,pph4925,True,0,1.0000,0.988667,car
img_002732.jpg,mst4686,mst4686,True,0,1.0000,0.973790,car
img_002733.jpg,ppl5787,ppl5787,True,0,1.0000,0.938584,car
img_002735.jpg,ppr3512,ppr3512,True,0,1.0000,0.911801,car
img_002738.jpg,odf3904,odf3904,True,0,1.0000,0.810962,car
img_002739.jpg,odh4216,ooh4216,False,1,0.8571,0.680723,car
img_002741.jpg,oyk7770,oyk7770,True,0,1.0000,0.752007,car
img_002743.jpg,ppk0655,ppk0655,True,0,1.0000,0.979669,car
img_002744.jpg,mqc1355,moc1355,False,1,0.8571,0.995375,car
img_002745.jpg,ppp8356,ppp8356,True,0,1.0000,0.991604,car
img_002747.jpg,odi1892,odi1892,True,0,1.0000,0.891585,car
img_002749.jpg,odg3176,odg3176,True,0,1.0000,0.404728,car
img_002750.jpg,mtz3549,mtz3449,False,1,0.8571,0.373388,car
img_002751.jpg,ppw3176,pp53176,False,1,0.8571,0.322137,car
img_002752.jpg,ppw0076,ppw0076,True,0,1.0000,0.986404,car
img_002754.jpg,odr5274,odr5274,True,0,1.0000,0.925209,car
img_002755.jpg,ppp7519,ppp7519,True,0,1.0000,0.994661,car
img_002756.jpg,ods3398,ods3398,True,0,1.0000,0.794609,car
img_002757.jpg,ppl5787,ppl5787,True,0,1.0000,0.985250,car
img_002758.jpg,mti4774,mti4774,True,0,1.0000,0.569229,car
img_002759.jpg,odr3127,odr3127,True,0,1.0000,0.927289,car
img_002760.jpg,mts7362,mts7362,True,0,1.0000,0.585409,car
img_002762.jpg,ppx0155,ppx0155,True,0,1.0000,0.889839,car
img_002763.jpg,mtx0171,mtx0171,True,0,1.0000,0.678260,car
img_002765.jpg,ppx4048,ppx4048,True,0,1.0000,0.519187,car
img_002767.jpg,mst8531,mst8531,True,0,1.0000,0.916506,car
img_002768.jpg,ppm1763,ppm1763,True,0,1.0000,0.866359,car
img_002769.jpg,odo9891,odo9891,True,0,1.0000,0.630399,car
img_002770.jpg,odg3176,odg3176,True,0,1.0000,0.668498,car
img_002773.jpg,ppp7519,ppp7519,True,0,1.0000,0.995946,car
img_002778.jpg,ppx9984,ppx9984,True,0,1.0000,0.544359,car
img_002779.jpg,mtg8276,mtg8276,True,0,1.0000,0.561799,car
img_002781.jpg,ppp7010,ppp7010,True,0,1.0000,0.987468,car
img_002784.jpg,msd0247,msd0247,True,0,1.0000,0.949915,car
img_002785.jpg,ppp2796,ppp2796,True,0,1.0000,0.945704,car
img_002789.jpg,mtw7816,mtw7816,True,0,1.0000,0.645703,car
img_002791.jpg,ovh1838,ovh1838,True,0,1.0000,0.875842,car
img_002792.jpg,ppz7593,ppz7593,True,0,1.0000,0.959801,car
img_002793.jpg,mtz6794,atz6794,False,1,0.8571,0.604797,car
img_002795.jpg,mqc1355,moc1355,False,1,0.8571,0.988618,car
img_002796.jpg,ppp8761,ppp8761,True,0,1.0000,0.975299,car
img_002797.jpg,qjk6374,ouk6374,False,2,0.7143,0.331229,car
img_002798.jpg,odh4216,odm4266,False,2,0.7143,0.515935,car
img_002803.jpg,odr3127,odr3127,True,0,1.0000,0.636421,car
img_002804.jpg,mtx0171,mtx0171,True,0,1.0000,0.627004,car
img_002805.jpg,mts0261,mys0261,False,1,0.8571,0.927081,car
img_002806.jpg,odr2162,odr2162,True,0,1.0000,0.707767,car
img_002809.jpg,ppt9994,ppt9994,True,0,1.0000,0.914613,car
img_002810.jpg,ppw3952,ppw3952,True,0,1.0000,0.952845,car
img_002811.jpg,qrc6770,qrc6770,True,0,1.0000,0.894721,car
img_002813.jpg,odt6129,odt6129,True,0,1.0000,0.892332,car
img_002814.jpg,qjk6374,qjk6374,True,0,1.0000,0.795557,car
img_002815.jpg,ods4776,oos4776,False,1,0.8571,0.606723,car
img_002816.jpg,mtz8488,wiz8488,False,2,0.7143,0.373874,car
img_002817.jpg,odf5623,odf5623,True,0,1.0000,0.775425,car
img_002818.jpg,msa1557,msa1557,True,0,1.0000,0.560429,car
img_002820.jpg,odh4216,ooh4216,False,1,0.8571,0.583122,car
img_002821.jpg,ppw3952,ppw3952,True,0,1.0000,0.944070,car
img_002822.jpg,ppw0076,ppw0076,True,0,1.0000,0.988529,car
img_002824.jpg,odh1374,odh1374,True,0,1.0000,0.661902,car
img_002825.jpg,ods3398,ods3398,True,0,1.0000,0.709481,car
img_002826.jpg,ppw9332,ppw9332,True,0,1.0000,0.501833,car
img_002828.jpg,ods3662,oos3662,False,1,0.8571,0.273357,car
img_002832.jpg,odt6064,odt6064,True,0,1.0000,0.787966,car
img_002834.jpg,odo0659,odo069,False,1,0.8571,0.573275,car
img_002835.jpg,odf4543,odf4543,True,0,1.0000,0.915686,car
img_002836.jpg,ppz5238,ppz5238,True,0,1.0000,0.907605,car
img_002837.jpg,ppw4039,ppw4039,True,0,1.0000,0.927118,car
img_002838.jpg,mqf7485,mof7485,False,1,0.8571,0.845495,car
img_002839.jpg,ove8718,ove8718,True,0,1.0000,0.948174,car
img_002841.jpg,qjk6374,qjk6774,False,1,0.8571,0.447597,car
img_002844.jpg,odh4216,ooh4266,False,2,0.7143,0.351562,car
img_002845.jpg,ppz5238,ppz5238,True,0,1.0000,0.959666,car
img_002846.jpg,odf1587,oof1587,False,1,0.8571,0.554604,car
img_002847.jpg,ppp7010,ppp7010,True,0,1.0000,0.976044,car
img_002848.jpg,msk2049,msk2049,True,0,1.0000,0.999369,car
img_002849.jpg,mts7362,mts7362,True,0,1.0000,0.567438,car
img_002850.jpg,ppz5238,ppz5238,True,0,1.0000,0.965760,car
img_002851.jpg,mtx0171,mtx0171,True,0,1.0000,0.791331,car
img_002856.jpg,ods6175,ods6175,True,0,1.0000,0.942944,car
img_002857.jpg,ppx0696,ppx0696,True,0,1.0000,0.887626,car
img_002858.jpg,mts7362,mys7362,False,1,0.8571,0.688474,car
img_002859.jpg,ppp6764,ppp6764,True,0,1.0000,0.987046,car
img_002861.jpg,ppp7519,ppp7519,True,0,1.0000,0.991518,car
img_002868.jpg,odg3176,odg3176,True,0,1.0000,0.703270,car
img_002869.jpg,ppw0076,ppw0076,True,0,1.0000,0.990142,car
img_002871.jpg,qrc6742,qrc6742,True,0,1.0000,0.961275,car
img_002873.jpg,odr1805,odr1800,False,1,0.8571,0.793484,car
img_002874.jpg,odg3176,odg3176,True,0,1.0000,0.586327,car
img_002875.jpg,mts7362,mys7362,False,1,0.8571,0.854623,car
img_002878.jpg,ppl5787,ppl5787,True,0,1.0000,0.986366,car
img_002879.jpg,odg3176,odg3176,True,0,1.0000,0.493795,car
img_002881.jpg,odr4042,odr4042,True,0,1.0000,0.644528,car
img_002883.jpg,ocx7051,ocx7051,True,0,1.0000,0.596697,car
img_002886.jpg,mtz6794,miz6794,False,1,0.8571,0.131878,car
img_002887.jpg,odg3967,odg3967,True,0,1.0000,0.702165,car
img_002888.jpg,mtz6860,mtz6860,True,0,1.0000,0.817619,car
img_002889.jpg,mtj5833,mtj583,False,1,0.8571,0.809253,car
img_002891.jpg,ods2590,ods2590,True,0,1.0000,0.909257,car
img_002892.jpg,odf5623,odf5623,True,0,1.0000,0.773453,car
img_002896.jpg,ppp4197,pp44197,False,1,0.8571,0.938559,car
img_002897.jpg,ppp6764,ppp6764,True,0,1.0000,0.972933,car
img_002898.jpg,ppp7519,ppp7519,True,0,1.0000,0.994937,car
img_002901.jpg,ppp4197,pp44197,False,1,0.8571,0.933017,car
img_002902.jpg,ppi4116,ppi4116,True,0,1.0000,0.931853,car
img_002903.jpg,ods3662,ods3662,True,0,1.0000,0.846657,car
img_002904.jpg,odh1374,odh1374,True,0,1.0000,0.641954,car
img_002905.jpg,ppw4039,ppw4039,True,0,1.0000,0.954396,car
img_002907.jpg,ppw9332,ppw9332,True,0,1.0000,0.919766,car
img_002908.jpg,ppp2796,ppp2796,True,0,1.0000,0.968846,car
img_002910.jpg,ppl5787,ppl5787,True,0,1.0000,0.969820,car
img_002911.jpg,odg3065,odg3065,True,0,1.0000,0.389516,car
img_002913.jpg,mts7362,mys7362,False,1,0.8571,0.568001,car
img_002914.jpg,mtz6860,mtz6860,True,0,1.0000,0.824046,car
img_002917.jpg,mrx3194,wrx3194,False,1,0.8571,0.579809,car
img_002918.jpg,odt6129,0076129,False,3,0.5714,0.119817,car
img_002924.jpg,mtz6860,mtz6860,True,0,1.0000,0.859538,car
img_002925.jpg,odg3967,odg3967,True,0,1.0000,0.681940,car
img_002926.jpg,odg3176,odg3176,True,0,1.0000,0.619400,car
img_002927.jpg,msd0247,msd0247,True,0,1.0000,0.963240,car
img_002928.jpg,qjk6374,ojk6374,False,1,0.8571,0.222560,car
img_002929.jpg,qrc6742,qrc6742,True,0,1.0000,0.966380,car
img_002930.jpg,ppw1889,ppw1889,True,0,1.0000,0.421145,car
img_002931.jpg,orb3168,orb3168,True,0,1.0000,0.624761,car
img_002932.jpg,odo9889,odo9889,True,0,1.0000,0.618803,car
img_002933.jpg,odf5623,odf5623,True,0,1.0000,0.832598,car
img_002935.jpg,msk2049,msk2049,True,0,1.0000,0.998891,car
img_002936.jpg,ods3398,ods3398,True,0,1.0000,0.759848,car
img_002940.jpg,odr3127,odr3127,True,0,1.0000,0.519798,car
img_002943.jpg,puk3709,puk3709,True,0,1.0000,0.998206,car
img_002947.jpg,odg4873,odg4873,True,0,1.0000,0.943836,car
img_002948.jpg,qjk6374,quk6374,False,1,0.8571,0.602432,car
img_002949.jpg,odg3967,odg3967,True,0,1.0000,0.665547,car
img_002950.jpg,ppp9789,ppp9789,True,0,1.0000,0.937482,car
img_002951.jpg,ppw9578,ppw9578,True,0,1.0000,0.988856,car
img_002952.jpg,qrc6742,qrc6742,True,0,1.0000,0.984468,car
img_002953.jpg,ppw1889,ppw1889,True,0,1.0000,0.907710,car
img_002955.jpg,ppx5163,ppx5163,True,0,1.0000,0.992375,car
img_002956.jpg,oyd0023,oyd0023,True,0,1.0000,0.637475,car
img_002957.jpg,ppx5172,ppx5172,True,0,1.0000,0.981154,car
img_002960.jpg,odf1587,odf1587,True,0,1.0000,0.757272,car
img_002961.jpg,ppp7519,ppp7519,True,0,1.0000,0.990751,car
img_002962.jpg,pps4432,pps4432,True,0,1.0000,0.805579,car
img_002963.jpg,ppp6764,ppp6764,True,0,1.0000,0.977503,car
img_002964.jpg,odr3127,odr3127,True,0,1.0000,0.895481,car
img_002967.jpg,ods2590,ods2590,True,0,1.0000,0.876476,car
img_002970.jpg,mtn9522,mtn9522,True,0,1.0000,0.970554,car
img_002972.jpg,ppw9578,ppw9578,True,0,1.0000,0.977865,car
img_002974.jpg,mtj5833,mtj583,False,1,0.8571,0.933471,car
img_002975.jpg,qjk6374,quk6374,False,1,0.8571,0.440004,car
img_002976.jpg,msd0247,msd0247,True,0,1.0000,0.923658,car
img_002977.jpg,ods2590,ods2590,True,0,1.0000,0.798992,car
img_002978.jpg,mtz3549,mtz349,False,1,0.8571,0.821286,car
img_002980.jpg,ppw1889,ppw1889,True,0,1.0000,0.953576,car
img_002981.jpg,ppv0918,ppv0918,True,0,1.0000,0.838841,car
img_002984.jpg,odg1893,oog1893,False,1,0.8571,0.591579,car
img_002985.jpg,ppp6764,ppp6764,True,0,1.0000,0.990731,car
img_002986.jpg,ppw3952,ppw3952,True,0,1.0000,0.925552,car
img_002987.jpg,odf1587,odf1587,True,0,1.0000,0.905691,car
img_002988.jpg,ods3398,ods3398,True,0,1.0000,0.668757,car
img_002990.jpg,odi1892,odi1892,True,0,1.0000,0.920670,car
img_002991.jpg,odo1303,odo1303,True,0,1.0000,0.820719,car
img_002992.jpg,odr3127,oor3127,False,1,0.8571,0.782454,car
img_002995.jpg,ods2624,oos2624,False,1,0.8571,0.376306,car
img_002996.jpg,ods2167,ods217,False,1,0.8571,0.866976,car
img_002997.jpg,odg1753,odg1753,True,0,1.0000,0.759778,car
img_003000.jpg,ppo0839,ppo6889,False,2,0.7143,0.523181,car
img_003001.jpg,odt6140,odt6140,True,0,1.0000,0.918946,car
img_003002.jpg,mts7362,mys7362,False,1,0.8571,0.913289,car
img_003003.jpg,epk6958,epk6958,True,0,1.0000,0.934025,car
img_003004.jpg,odg4873,odg4873,True,0,1.0000,0.915477,car
img_003006.jpg,ppw1889,ppw1889,True,0,1.0000,0.953566,car
img_003013.jpg,ods3398,ods3398,True,0,1.0000,0.840692,car
img_003018.jpg,odg3967,oog3967,False,1,0.8571,0.514971,car
img_003020.jpg,mtz6860,mtz6860,True,0,1.0000,0.782012,car
img_003023.jpg,mts7362,mys7362,False,1,0.8571,0.783421,car
img_003024.jpg,odi1892,odi1892,True,0,1.0000,0.844728,car
img_003029.jpg,odr4042,odr4042,True,0,1.0000,0.549806,car
img_003031.jpg,okl2076,okl2076,True,0,1.0000,0.966717,car
img_003032.jpg,odr4042,odr4042,True,0,1.0000,0.815523,car
img_003035.jpg,ppl5787,ppl5787,True,0,1.0000,0.945453,car
img_003040.jpg,mtz6794,atz5734,False,3,0.5714,0.046264,car
img_003041.jpg,ppx2707,ppx2707,True,0,1.0000,0.990177,car
img_003043.jpg,qhl7752,qxl7752,False,1,0.8571,0.562175,car
img_003044.jpg,mtz3256,mtz3266,False,1,0.8571,0.209141,car
img_003045.jpg,ppp8761,ppp8761,True,0,1.0000,0.982284,car
img_003046.jpg,msd0247,msd0247,True,0,1.0000,0.949258,car
img_003047.jpg,odg4873,odg4873,True,0,1.0000,0.858241,car
img_003048.jpg,ppw9578,ppw9578,True,0,1.0000,0.943764,car
img_003049.jpg,ppw1889,ppw1889,True,0,1.0000,0.952245,car
img_003050.jpg,odr5274,odr5274,True,0,1.0000,0.918389,car
img_003051.jpg,ppp6764,ppp6764,True,0,1.0000,0.984248,car
img_003053.jpg,ods3398,ods338,False,1,0.8571,0.617855,car
img_003055.jpg,odt6162,odt6162,True,0,1.0000,0.833165,car
img_003058.jpg,mtz6860,mtz6860,True,0,1.0000,0.823687,car
img_003059.jpg,odr3127,oor3127,False,1,0.8571,0.493964,car
img_003060.jpg,mtz3256,myz3256,False,1,0.8571,0.435762,car
img_003061.jpg,ppg5552,ppg5552,True,0,1.0000,0.953414,car
img_003062.jpg,odr4042,odr4042,True,0,1.0000,0.690515,car
img_003065.jpg,mtj5833,mtj583,False,1,0.8571,0.816436,car
img_003066.jpg,mst8531,mst8531,True,0,1.0000,0.871491,car
img_003067.jpg,odg4873,odg4873,True,0,1.0000,0.873944,car
img_003068.jpg,msd0247,msd0247,True,0,1.0000,0.963585,car
img_003071.jpg,ppr3512,ppr3512,True,0,1.0000,0.952840,car
img_003072.jpg,ods3398,ods3398,True,0,1.0000,0.838189,car
img_003073.jpg,ppp6764,ppp6764,True,0,1.0000,0.988765,car
img_003075.jpg,ppp7519,ppp7519,True,0,1.0000,0.988314,car
img_003077.jpg,ppw1889,ppw188,False,1,0.8571,0.628930,car
img_003078.jpg,qrc6742,qrc6742,True,0,1.0000,0.963918,car
img_003079.jpg,odr5274,odr5274,True,0,1.0000,0.857918,car
img_003080.jpg,odp0519,oop0519,False,1,0.8571,0.686837,car
img_003081.jpg,odo9891,0do9891,False,1,0.8571,0.564301,car
img_003083.jpg,odt6162,odt6162,True,0,1.0000,0.787440,car
img_003085.jpg,odf1587,odf1587,True,0,1.0000,0.904905,car
img_003088.jpg,mts7362,mys7362,False,1,0.8571,0.324374,car
img_003090.jpg,ppn9005,ppn9005,True,0,1.0000,0.839836,car
img_003092.jpg,ppx6781,ppx6781,True,0,1.0000,0.593110,car
img_003095.jpg,odp0519,odp0519,True,0,1.0000,0.601501,car
img_003096.jpg,ppp9789,ppp9789,True,0,1.0000,0.993034,car
img_003097.jpg,qrc6742,qrc6742,True,0,1.0000,0.981484,car
img_003098.jpg,mtz6860,mtz6860,True,0,1.0000,0.863507,car
img_003099.jpg,odg3176,odg3176,True,0,1.0000,0.660714,car
img_003102.jpg,ppp5346,ppp5346,True,0,1.0000,0.993088,car
img_003103.jpg,mtn9701,mtn9701,True,0,1.0000,0.959668,car
img_003105.jpg,mtz8488,unz8489,False,3,0.5714,0.156967,car
img_003106.jpg,odr5274,odr5274,True,0,1.0000,0.906396,car
img_003108.jpg,ppp6764,ppp6764,True,0,1.0000,0.986280,car
img_003109.jpg,qhl7752,qxl7752,False,1,0.8571,0.426304,car
img_003113.jpg,ods3398,ods3398,True,0,1.0000,0.765881,car
img_003115.jpg,ppw4039,pp54039,False,1,0.8571,0.523632,car
img_003116.jpg,odt6162,odt6162,True,0,1.0000,0.863449,car
img_003117.jpg,oyd0023,oyd0023,True,0,1.0000,0.845594,car
img_003119.jpg,msa5334,msa5324,False,1,0.8571,0.806270,car
img_003120.jpg,odt6064,odt6064,True,0,1.0000,0.893669,car
img_003122.jpg,ppz5238,ppz5238,True,0,1.0000,0.951824,car
img_003127.jpg,odt6217,odt6217,True,0,1.0000,0.610358,car
img_003128.jpg,qrc0461,qrc0461,True,0,1.0000,0.957407,car
img_003130.jpg,msm2996,msm2996,True,0,1.0000,0.889178,car
img_003131.jpg,dru0900,dru0900,True,0,1.0000,0.980107,car
img_003133.jpg,mtn9522,mtn9522,True,0,1.0000,0.964817,car
img_003134.jpg,mtz6860,mtz6860,True,0,1.0000,0.746133,car
img_003136.jpg,odt6129,odt6129,True,0,1.0000,0.885104,car
img_003138.jpg,ppw9578,ppw9578,True,0,1.0000,0.975243,car
img_003140.jpg,mtn9701,mtn9701,True,0,1.0000,0.551439,car
img_003143.jpg,ppp6764,ppp6764,True,0,1.0000,0.971429,car
img_003144.jpg,ppp4197,pp44197,False,1,0.8571,0.334398,car
img_003146.jpg,ppw0076,ppw0076,True,0,1.0000,0.978848,car
img_003147.jpg,ods3398,ods3398,True,0,1.0000,0.862799,car
img_003148.jpg,odf1587,odf1587,True,0,1.0000,0.946099,car
img_003150.jpg,ppp7519,ppp7519,True,0,1.0000,0.991384,car
img_003152.jpg,lre2424,lre2424,True,0,1.0000,0.940034,car
img_003155.jpg,ppp6764,ppp6764,True,0,1.0000,0.986396,car
img_003156.jpg,msi3655,ms1355,False,2,0.7143,0.964628,car
img_003157.jpg,ppp6398,ppp6398,True,0,1.0000,0.957025,car
img_003158.jpg,ppa0934,ppa0934,True,0,1.0000,0.978084,car
img_003161.jpg,odt6181,odt6181,True,0,1.0000,0.885760,car
img_003162.jpg,msd0247,msd0247,True,0,1.0000,0.945520,car
img_003163.jpg,odg3967,odg3967,True,0,1.0000,0.481625,car
img_003165.jpg,odp0519,oop0519,False,1,0.8571,0.792214,car
img_003166.jpg,ppx6781,ppx6781,True,0,1.0000,0.963914,car
img_003167.jpg,odt6162,odt6162,True,0,1.0000,0.871053,car
img_003170.jpg,ppp9789,ppp9789,True,0,1.0000,0.989536,car
img_003172.jpg,qrd3044,qrd3044,True,0,1.0000,0.943101,car
img_003173.jpg,qrb2775,qrb2775,True,0,1.0000,0.953127,car
img_003176.jpg,odg1791,oog1791,False,1,0.8571,0.431978,car
img_003177.jpg,ppe5416,ppe5416,True,0,1.0000,0.994493,car
img_003179.jpg,ocz9247,ocz9247,True,0,1.0000,0.876359,car
img_003181.jpg,odg3176,oog3176,False,1,0.8571,0.394401,car
img_003182.jpg,ppz5238,ppz5238,True,0,1.0000,0.952542,car
img_003183.jpg,ppz7593,ppz7593,True,0,1.0000,0.982835,car
img_003186.jpg,mts7362,mys7362,False,1,0.8571,0.833522,car
img_003187.jpg,ppa9043,ppa9043,True,0,1.0000,0.992976,car
img_003190.jpg,ppw0076,ppw0076,True,0,1.0000,0.983992,car
img_003193.jpg,ppw0162,ppw0162,True,0,1.0000,0.796816,car
img_003195.jpg,odt6129,odt6129,True,0,1.0000,0.842069,car
img_003196.jpg,mtn9522,mtn9522,True,0,1.0000,0.969542,car
img_003197.jpg,ppp8761,ppp8761,True,0,1.0000,0.986566,car
img_003198.jpg,ppw0076,ppw0076,True,0,1.0000,0.978553,car
img_003199.jpg,odg4873,odg4873,True,0,1.0000,0.719026,car
img_003200.jpg,msz7325,ms2735,False,2,0.7143,0.759417,car
img_003201.jpg,ods2590,ods2590,True,0,1.0000,0.941258,car
img_003202.jpg,odt6162,odt6162,True,0,1.0000,0.881789,car
img_003204.jpg,odf5623,odf5623,True,0,1.0000,0.867220,car
img_003206.jpg,qrc6742,qrc6742,True,0,1.0000,0.982349,car
img_003207.jpg,ppw3952,ppw3952,True,0,1.0000,0.950509,car
img_003208.jpg,odp0519,oop0519,False,1,0.8571,0.539469,car
img_003209.jpg,ppp8761,ppp8761,True,0,1.0000,0.979760,car
img_003211.jpg,odr1805,odr1805,True,0,1.0000,0.903603,car
img_003215.jpg,odf4543,odf4543,True,0,1.0000,0.661437,car
img_003217.jpg,ppw4039,ppw4039,True,0,1.0000,0.981170,car
img_003219.jpg,ppp6853,ppp6853,True,0,1.0000,0.991223,car
img_003220.jpg,ovf6363,ovf6363,True,0,1.0000,0.612495,car
img_003221.jpg,ppw0076,ppw0076,True,0,1.0000,0.963532,car
img_003227.jpg,odt6129,odt6129,True,0,1.0000,0.739564,car
img_003228.jpg,qrc0727,qrc0727,True,0,1.0000,0.977169,car
img_003229.jpg,msa1557,msa1577,False,1,0.8571,0.669953,car
img_003230.jpg,odt6181,odt6181,True,0,1.0000,0.736188,car
img_003231.jpg,msd0247,msd0247,True,0,1.0000,0.948966,car
img_003232.jpg,ovf6363,ovf6363,True,0,1.0000,0.591447,car
img_003233.jpg,odg3176,odg3176,True,0,1.0000,0.452709,car
img_003234.jpg,oyk7514,oyk7514,True,0,1.0000,0.798581,car
img_003235.jpg,oyd0023,oyd0023,True,0,1.0000,0.868937,car
img_003236.jpg,odt6061,odt6061,True,0,1.0000,0.883909,car
img_003239.jpg,odp0519,oop0519,False,1,0.8571,0.685787,car
img_003240.jpg,qrc6742,qrc6742,True,0,1.0000,0.977338,car
img_003241.jpg,ods6953,ods6953,True,0,1.0000,0.778352,car
img_003243.jpg,ods3398,ods339,False,1,0.8571,0.573830,car
img_003244.jpg,odr4042,odr4042,True,0,1.0000,0.782388,car
img_003245.jpg,mry6685,mry6685,True,0,1.0000,0.956307,car
img_003247.jpg,ppw9332,ppw9322,False,1,0.8571,0.750371,car
img_003248.jpg,ppw4039,ppw4039,True,0,1.0000,0.964417,car
img_003249.jpg,pph7380,pph7380,True,0,1.0000,0.797449,car
img_003255.jpg,odr3694,odr3694,True,0,1.0000,0.834020,car
img_003257.jpg,mtz3549,mtz349,False,1,0.8571,0.538167,car
img_003258.jpg,ppp8761,ppp8761,True,0,1.0000,0.979663,car
img_003259.jpg,odg3967,odg3967,True,0,1.0000,0.743992,car
img_003260.jpg,oyd0023,oyd0023,True,0,1.0000,0.918805,car
img_003261.jpg,odg3176,oog3176,False,1,0.8571,0.358981,car
img_003262.jpg,ods2590,ods2590,True,0,1.0000,0.804216,car
img_003264.jpg,ppw3952,ppw3952,True,0,1.0000,0.844779,car
img_003265.jpg,qrc6742,qrc6742,True,0,1.0000,0.982637,car
img_003266.jpg,odg1893,odg1893,True,0,1.0000,0.702256,car
img_003267.jpg,ppp7519,ppp7519,True,0,1.0000,0.995373,car
img_003268.jpg,ppp6853,ppp6853,True,0,1.0000,0.992793,car
img_003271.jpg,ods3398,ods3398,True,0,1.0000,0.827184,car
img_003272.jpg,qrb5219,qrb5299,False,1,0.8571,0.885262,car
img_003273.jpg,ppw9332,ppw9322,False,1,0.8571,0.594989,car
img_003274.jpg,ods6881,ods6881,True,0,1.0000,0.788409,car
img_003276.jpg,mts7362,mys7362,False,1,0.8571,0.757851,car
img_003277.jpg,ppw3952,ppw3952,True,0,1.0000,0.937702,car
img_003279.jpg,msa1557,msa1557,True,0,1.0000,0.966289,car
img_003282.jpg,ods2624,ods2624,True,0,1.0000,0.738038,car
img_003284.jpg,ove8718,ove8718,True,0,1.0000,0.949556,car
img_003290.jpg,ppe4457,ppe457,False,1,0.8571,0.971135,car
img_003291.jpg,msa1557,msa1557,True,0,1.0000,0.847693,car
img_003292.jpg,odh1374,odh1774,False,1,0.8571,0.441014,car
img_003295.jpg,odg3967,odg3967,True,0,1.0000,0.707554,car
img_003296.jpg,odg4873,odg4873,True,0,1.0000,0.873962,car
img_003297.jpg,ppw9578,ppw9578,True,0,1.0000,0.974331,car
img_003298.jpg,ppx0682,ppx0682,True,0,1.0000,0.639354,car
img_003299.jpg,oyd0023,oyd0023,True,0,1.0000,0.826989,car
img_003300.jpg,odg3176,odg3176,True,0,1.0000,0.429707,car
img_003301.jpg,ppw1889,ppw188,False,1,0.8571,0.758663,car
img_003302.jpg,ods3398,ods3398,True,0,1.0000,0.837801,car
img_003305.jpg,qjk6374,quk5774,False,3,0.5714,0.244824,car
img_003306.jpg,mtz3549,atz3549,False,1,0.8571,0.699745,car
img_003307.jpg,qrc6742,qrc6742,True,0,1.0000,0.982761,car
img_003309.jpg,ppp4197,pp44197,False,1,0.8571,0.921981,car
img_003313.jpg,odr4042,odr4042,True,0,1.0000,0.707184,car
img_003314.jpg,odt6173,odt6173,True,0,1.0000,0.490353,car
img_003316.jpg,mts7362,mys7362,False,1,0.8571,0.806324,car
img_003317.jpg,ods2624,oos2624,False,1,0.8571,0.464427,car
img_003318.jpg,ppp6398,ppp6398,True,0,1.0000,0.976195,car
img_003319.jpg,odr4042,odr4042,True,0,1.0000,0.606823,car
img_003322.jpg,odq9368,0009368,False,3,0.5714,0.681258,car
img_003324.jpg,mtz3256,mtz3266,False,1,0.8571,0.575107,car
img_003326.jpg,mtz6860,mtz6860,True,0,1.0000,0.745774,car
img_003329.jpg,ppx0682,ppx0682,True,0,1.0000,0.851583,car
img_003332.jpg,oyk4283,oyk4283,True,0,1.0000,0.928975,car
img_003333.jpg,ppw0076,ppw0076,True,0,1.0000,0.985820,car
img_003334.jpg,ods6881,ods6881,True,0,1.0000,0.805244,car
img_003335.jpg,ppp7519,ppp7519,True,0,1.0000,0.993379,car
img_003337.jpg,odr3127,odr3127,True,0,1.0000,0.847502,car
img_003338.jpg,mtx0171,mtx0171,True,0,1.0000,0.587678,car
img_003339.jpg,ppw0076,ppw0076,True,0,1.0000,0.823522,car
img_003340.jpg,ppi4116,ppi4116,True,0,1.0000,0.978054,car
img_003344.jpg,mpb0290,mpb0290,True,0,1.0000,0.894847,car
img_003345.jpg,odp0519,oop0519,False,1,0.8571,0.413662,car
img_003346.jpg,ppp7010,ppp7010,True,0,1.0000,0.979357,car
img_003347.jpg,ppx0682,ppx0682,True,0,1.0000,0.895457,car
img_003348.jpg,mtz3549,mtz349,False,1,0.8571,0.816594,car
img_003349.jpg,mhn2867,mbn2867,False,1,0.8571,0.439261,car
img_003354.jpg,mqu4192,mqu4192,True,0,1.0000,0.703209,car
img_003355.jpg,ppl5787,ppl5787,True,0,1.0000,0.970474,car
img_003356.jpg,ove9965,ove9965,True,0,1.0000,0.808382,car
img_003358.jpg,ppu6390,ppu6390,True,0,1.0000,0.956006,car
img_003359.jpg,mtz3549,mtz349,False,1,0.8571,0.745377,car
img_003365.jpg,ppp7505,ppp7505,True,0,1.0000,0.770469,car
img_003366.jpg,mty1273,mty1273,True,0,1.0000,0.365660,car
img_003368.jpg,ppp8761,ppp8761,True,0,1.0000,0.984465,car
img_003369.jpg,mtz6860,mtz6860,True,0,1.0000,0.878060,car
img_003370.jpg,mtz3549,mtz349,False,1,0.8571,0.464936,car
img_003371.jpg,odp0519,oop0519,False,1,0.8571,0.705748,car
img_003372.jpg,odt6169,odt6169,True,0,1.0000,0.902076,car
img_003373.jpg,ove8718,ove8718,True,0,1.0000,0.953409,car
img_003375.jpg,ppp2841,ppp2841,True,0,1.0000,0.946973,car
img_003376.jpg,odg6312,oog6312,False,1,0.8571,0.445984,car
img_003377.jpg,odt6061,odt6061,True,0,1.0000,0.838717,car
img_003381.jpg,odo1303,0001303,False,3,0.5714,0.450448,car
img_003387.jpg,eyo3502,eyo3502,True,0,1.0000,0.916826,car
img_003394.jpg,mqm4744,mom4744,False,1,0.8571,0.932029,car
img_003398.jpg,ppk1316,ppk1316,True,0,1.0000,0.921736,car
img_003401.jpg,mts7362,mys7362,False,1,0.8571,0.840093,car
img_003406.jpg,mts7362,mts7362,True,0,1.0000,0.581407,car
img_003407.jpg,odt6061,odt6061,True,0,1.0000,0.853624,car
img_003410.jpg,mss7380,ms5738,False,2,0.7143,0.896194,car
img_003413.jpg,ppp5321,ppp5321,True,0,1.0000,0.976637,car
img_003414.jpg,odg1791,oog1791,False,1,0.8571,0.618348,car
img_003415.jpg,mtz6860,mtz6860,True,0,1.0000,0.850461,car
img_003417.jpg,ppx0682,ppx0682,True,0,1.0000,0.926877,car
img_003420.jpg,mtz3549,mtz349,False,1,0.8571,0.552150,car
img_003421.jpg,odo2523,odo2523,True,0,1.0000,0.804641,car
img_003422.jpg,ppw3952,ppw3952,True,0,1.0000,0.874581,car
img_003423.jpg,ppp4197,pp44197,False,1,0.8571,0.274800,car
img_003424.jpg,odg3176,00g3176,False,2,0.7143,0.241189,car
img_003425.jpg,odg1893,odg1893,True,0,1.0000,0.815897,car
img_003426.jpg,ppw9332,ppw9332,True,0,1.0000,0.855940,car
img_003429.jpg,ppz2988,ppz2988,True,0,1.0000,0.979429,car
img_003431.jpg,ods6881,ods6881,True,0,1.0000,0.685259,car
img_003432.jpg,ppc9436,ppc9436,True,0,1.0000,0.921764,car
img_003433.jpg,mtz3256,mtz3256,True,0,1.0000,0.417363,car
img_003434.jpg,msp6328,msp6328,True,0,1.0000,0.997297,car
img_003435.jpg,mst8531,mst8531,True,0,1.0000,0.871329,car
img_003436.jpg,odo2523,odo2523,True,0,1.0000,0.851733,car
img_003442.jpg,ppl5787,ppl5787,True,0,1.0000,0.960007,car
img_003444.jpg,odg3176,qdg3176,False,1,0.8571,0.317222,car
img_003446.jpg,odt6129,odt6129,True,0,1.0000,0.824650,car
img_003462.jpg,ods9679,0059679,False,3,0.5714,0.120247,car
img_003468.jpg,oda9324,oda9324,True,0,1.0000,0.888084,car
img_003470.jpg,mrd3230,mrd3230,True,0,1.0000,0.486740,car
img_003472.jpg,oyg3795,oyg3795,True,0,1.0000,0.842898,car
img_003476.jpg,jpe2677,jpe2677,True,0,1.0000,0.980661,car
img_003477.jpg,ppi2537,ppi2537,True,0,1.0000,0.979803,car
img_003478.jpg,mrz0866,mrz0866,True,0,1.0000,0.488435,car
img_003482.jpg,mst3381,mst3381,True,0,1.0000,0.680452,car
img_003484.jpg,mpk0306,mpk0306,True,0,1.0000,0.996481,car
img_003491.jpg,qrb7717,qrb7717,True,0,1.0000,0.445633,car
img_003493.jpg,oyh3829,oyh3829,True,0,1.0000,0.622798,car
img_003497.jpg,mrd2754,mrd2754,True,0,1.0000,0.580389,car
img_003500.jpg,ppl5835,ppl5835,True,0,1.0000,0.958648,car
img_003519.jpg,mts0601,mys0601,False,1,0.8571,0.733484,car
img_003522.jpg,ppy0074,ppy0074,True,0,1.0000,0.985355,car
img_003529.jpg,mtq5314,mto5314,False,1,0.8571,0.588022,car
img_003530.jpg,mpj6102,mpj6102,True,0,1.0000,0.775858,car
img_003536.jpg,mrz1196,mrz1196,True,0,1.0000,0.938854,car
img_003544.jpg,odf2508,odf2508,True,0,1.0000,0.786127,car
img_003555.jpg,ppz2695,pp22695,False,1,0.8571,0.549289,car
img_003556.jpg,odk9096,00k9096,False,2,0.7143,0.423272,car
img_003559.jpg,mjd4789,mjd4789,True,0,1.0000,0.734057,car
img_003562.jpg,amy4727,amy4727,True,0,1.0000,0.980640,car
img_003564.jpg,krx4720,kry4720,False,1,0.8571,0.867473,car
img_003566.jpg,mhg7583,mhg7583,True,0,1.0000,0.579565,car
img_003568.jpg,kye4676,kye4676,True,0,1.0000,0.992937,car
img_003569.jpg,mor2356,mor236,False,1,0.8571,0.965466,car
img_003579.jpg,eqt0490,eqt0490,True,0,1.0000,0.919535,car
img_003582.jpg,ppp0105,ppp0105,True,0,1.0000,0.953504,car
img_003585.jpg,odm3765,oom3765,False,1,0.8571,0.589798,car
img_003593.jpg,ppy8837,ppy8837,True,0,1.0000,0.844493,car
img_003594.jpg,loo2541,loo2541,True,0,1.0000,0.841625,car
img_003596.jpg,mqm0465,mom0455,False,2,0.7143,0.919355,car
img_003598.jpg,lpd1908,lpo1908,False,1,0.8571,0.812137,car
img_003599.jpg,mtc2892,myc2892,False,1,0.8571,0.598690,car
img_003601.jpg,jig2094,jig2094,True,0,1.0000,0.553005,car
img_003602.jpg,jht7994,jx77994,False,2,0.7143,0.054334,car
img_003610.jpg,mqq7117,mod7117,False,2,0.7143,0.457607,car
img_003611.jpg,dga9115,dga9115,True,0,1.0000,0.892050,car
img_003618.jpg,ouv7590,ouv7590,True,0,1.0000,0.875943,car
img_003619.jpg,qrd6529,qro6559,False,2,0.7143,0.903139,car
img_003628.jpg,ppg6826,ppg6826,True,0,1.0000,0.895804,car
img_003630.jpg,oyg3856,oyg386,False,1,0.8571,0.671434,car
img_003644.jpg,pph0682,pph0682,True,0,1.0000,0.933828,car
img_003653.jpg,jhc0151,jxc0151,False,1,0.8571,0.500703,car
img_003668.jpg,kxs4485,kx54485,False,1,0.8571,0.787873,car
img_003674.jpg,mqo1197,m801197,False,2,0.7143,0.358306,car
img_003682.jpg,ppd6888,ppo6888,False,1,0.8571,0.910303,car
img_003684.jpg,ppv5029,ppv5029,True,0,1.0000,0.944778,car
img_003687.jpg,ovh9811,ovh9811,True,0,1.0000,0.656231,car
img_003690.jpg,ppl4836,ppl4836,True,0,1.0000,0.961479,car
img_003694.jpg,pxd5882,pxo5882,False,1,0.8571,0.919856,car
img_003711.jpg,ppp8104,ppp8104,True,0,1.0000,0.982763,car
img_003714.jpg,mtb6924,wt86924,False,2,0.7143,0.172109,car
img_003722.jpg,ode3260,ode3260,True,0,1.0000,0.979100,car
img_003723.jpg,pec1230,pec1230,True,0,1.0000,0.951012,car
img_003735.jpg,hmt9147,hm79147,False,1,0.8571,0.356508,car
img_003736.jpg,ppp0105,ppp0105,True,0,1.0000,0.989601,car
img_003739.jpg,ppj1029,ppj1029,True,0,1.0000,0.956112,car
img_003740.jpg,ppp1881,ppp1881,True,0,1.0000,0.979087,car
img_003741.jpg,ppm6755,ppm6755,True,0,1.0000,0.932315,car
img_003746.jpg,fda4010,foa4010,False,1,0.8571,0.991922,car
img_003752.jpg,msy6522,msy6522,True,0,1.0000,0.986332,car
img_003753.jpg,ppk5450,ppk5450,True,0,1.0000,0.917171,car
img_003754.jpg,mtv8795,myv8795,False,1,0.8571,0.413099,car
img_003757.jpg,msl0095,msl0095,True,0,1.0000,0.764167,car
img_003759.jpg,qqy3281,qqy3281,True,0,1.0000,0.241825,car
img_003762.jpg,oqt1172,oot1172,False,1,0.8571,0.307782,car
img_003768.jpg,evg8074,evg8074,True,0,1.0000,0.996160,car
img_003778.jpg,lqh9876,lok9876,False,2,0.7143,0.471421,car
img_003783.jpg,ppp3628,ppp368,False,1,0.8571,0.943681,car
img_003786.jpg,ovk1635,ovk1635,True,0,1.0000,0.612930,car
img_003789.jpg,anj1023,anj1023,True,0,1.0000,0.983810,car
img_003792.jpg,mrk8744,mrk8744,True,0,1.0000,0.990574,car
img_003794.jpg,mtt1750,mtp1750,False,1,0.8571,0.194211,car
img_003797.jpg,nzs9628,nz5962,False,2,0.7143,0.374355,car
img_003801.jpg,mrp4490,mr44490,False,1,0.8571,0.512976,car
img_003803.jpg,knq0954,kno0954,False,1,0.8571,0.900117,car
img_003805.jpg,pwa6022,pwa6022,True,0,1.0000,0.995130,car
img_003814.jpg,ocz2157,ocz2157,True,0,1.0000,0.344194,car
img_003823.jpg,pxu7775,pxu7775,True,0,1.0000,0.987093,car
img_003826.jpg,pph0682,pph0682,True,0,1.0000,0.699743,car
img_003827.jpg,odp9719,odp9719,True,0,1.0000,0.553345,car
img_003829.jpg,msx0755,msx0755,True,0,1.0000,0.981963,car
img_003831.jpg,mth2345,mth2345,True,0,1.0000,0.642443,car
img_003839.jpg,odp6379,oop6379,False,1,0.8571,0.552778,car
img_003840.jpg,ppo7765,ppo7765,True,0,1.0000,0.949130,car
img_003844.jpg,msi3444,ms1344,False,2,0.7143,0.982246,car
img_003856.jpg,ppw9332,ppw9332,True,0,1.0000,0.464104,car
img_003861.jpg,odg6256,odg6256,True,0,1.0000,0.626301,car
img_003865.jpg,mss7130,ms57130,False,1,0.8571,0.785849,car
img_003868.jpg,mrj3434,mrj2434,False,1,0.8571,0.720468,car
img_003872.jpg,msz2300,ms22300,False,1,0.8571,0.816901,car
img_003880.jpg,mqg0481,mog0481,False,1,0.8571,0.564730,car
img_003882.jpg,ppx9714,ppx9714,True,0,1.0000,0.981609,car
img_003885.jpg,ppj6139,ppj6199,False,1,0.8571,0.550302,car
img_003887.jpg,ppd0706,ppo0706,False,1,0.8571,0.961835,car
img_003889.jpg,mqo1197,moo1197,False,1,0.8571,0.927930,car
img_003892.jpg,ode8151,ode8151,True,0,1.0000,0.653002,car
img_003893.jpg,msd0588,msd0588,True,0,1.0000,0.972431,car
img_003898.jpg,kvs9534,wv99534,False,2,0.7143,0.111125,car
img_003900.jpg,ovj1856,ovj1866,False,1,0.8571,0.728512,car
img_003903.jpg,odm5316,odm5316,True,0,1.0000,0.459032,car
img_003906.jpg,jhc0151,jwc0151,False,1,0.8571,0.429410,car
img_003910.jpg,ppn5445,ppn5445,True,0,1.0000,0.700719,car
img_003911.jpg,ocw1462,ocw142,False,1,0.8571,0.935691,car
img_003918.jpg,qqs1833,00s1833,False,2,0.7143,0.429308,car
img_003932.jpg,qpw7955,opw7955,False,1,0.8571,0.539888,car
img_003933.jpg,ppw2262,pp42262,False,1,0.8571,0.663689,car
img_003934.jpg,nys3671,nv5361,False,3,0.5714,0.406372,car
img_003938.jpg,ipr2535,ipr2535,True,0,1.0000,0.980580,car
img_003941.jpg,qnv9350,onv9350,False,1,0.8571,0.844183,car
img_003945.jpg,mki9203,mk19203,False,1,0.8571,0.502245,car
img_003956.jpg,mcm0133,mcm0133,True,0,1.0000,0.994977,car
img_003958.jpg,odh7694,ook7694,False,2,0.7143,0.685906,car
img_003959.jpg,qrb2791,qrb2791,True,0,1.0000,0.949822,car
img_003967.jpg,ovl9107,qvl9107,False,1,0.8571,0.267062,car
img_003972.jpg,ods3923,ods3923,True,0,1.0000,0.630232,car
img_003977.jpg,mti4428,my14428,False,2,0.7143,0.570023,car
img_003978.jpg,mqm4704,mom4702,False,2,0.7143,0.730821,car
img_003989.jpg,mqv8494,mov8494,False,1,0.8571,0.991594,car
img_003997.jpg,kvi4844,kv14844,False,1,0.8571,0.567020,car
img_003998.jpg,mql4969,mol4969,False,1,0.8571,0.983993,car
img_004021.jpg,lkw3018,lkw3018,True,0,1.0000,0.995328,car
img_004031.jpg,okd8127,okd8127,True,0,1.0000,0.856128,car
img_004040.jpg,ppn9051,ppn9051,True,0,1.0000,0.967887,car
img_004047.jpg,odt1522,odt1522,True,0,1.0000,0.665253,car
img_004048.jpg,oyh0131,ovh0131,False,1,0.8571,0.469294,car
img_004050.jpg,mqn9353,mon9353,False,1,0.8571,0.985890,car
img_004064.jpg,jov9159,jov9159,True,0,1.0000,0.777036,car
img_004069.jpg,ppk5450,ppk5450,True,0,1.0000,0.580930,car
img_004070.jpg,ppf8791,ppf8791,True,0,1.0000,0.886806,car
img_004077.jpg,odc9587,odc9587,True,0,1.0000,0.895062,car
img_004078.jpg,odb1956,odb196,False,1,0.8571,0.466889,car
img_004087.jpg,ovl9154,ovl9154,True,0,1.0000,0.694794,car
img_004089.jpg,dqo0483,doo0483,False,1,0.8571,0.796922,car
img_004092.jpg,oqt1172,00t1172,False,2,0.7143,0.169730,car
img_004094.jpg,mpw5596,mpw5596,True,0,1.0000,0.995167,car
img_004101.jpg,pzl5312,pzl5312,True,0,1.0000,0.962923,car
img_004102.jpg,mqg0481,mog0481,False,1,0.8571,0.958164,car
img_004103.jpg,ppw2533,ppw2533,True,0,1.0000,0.920048,car
img_004111.jpg,mtp3636,mtp3636,True,0,1.0000,0.661589,car
img_004113.jpg,hdr2378,hor2378,False,1,0.8571,0.879971,car
img_004140.jpg,ppz2988,ppz2988,True,0,1.0000,0.829196,car
img_004147.jpg,kvs9534,kvs9534,True,0,1.0000,0.262974,car
img_004155.jpg,mtl0940,mtl0840,False,1,0.8571,0.737792,car
img_004171.jpg,odt3275,odt3275,True,0,1.0000,0.554351,car
img_004174.jpg,ppg6004,ppg6004,True,0,1.0000,0.982751,car
img_004175.jpg,dne4018,one4018,False,1,0.8571,0.740571,car
img_004178.jpg,oda0782,oda0782,True,0,1.0000,0.788043,car
img_004180.jpg,mtb4601,mtb4601,True,0,1.0000,0.513590,car
img_004181.jpg,eex3746,eex3746,True,0,1.0000,0.891841,car
img_004182.jpg,ppn5781,ppn5781,True,0,1.0000,0.930964,car
img_004199.jpg,mqr8242,mor8242,False,1,0.8571,0.869715,car
img_004202.jpg,ppo9492,ppo9492,True,0,1.0000,0.973167,car
img_004207.jpg,ppz2988,ppz2988,True,0,1.0000,0.959339,car
img_004208.jpg,qrb3288,qrb3288,True,0,1.0000,0.901298,car
img_004214.jpg,odg3184,odg3184,True,0,1.0000,0.867605,car
img_004218.jpg,odg6256,oog6256,False,1,0.8571,0.411457,car
img_004221.jpg,msr6079,msr6079,True,0,1.0000,0.823255,car
img_004222.jpg,oqr1982,oqr1982,True,0,1.0000,0.741730,car
img_004225.jpg,msi4228,ms14228,False,1,0.8571,0.647647,car
img_004226.jpg,hlp4594,hlp4594,True,0,1.0000,0.785040,car
img_004228.jpg,msz5769,ms25769,False,1,0.8571,0.742644,car
img_004234.jpg,eex3746,eex3746,True,0,1.0000,0.764998,car
img_004238.jpg,qqy3281,qqy3281,True,0,1.0000,0.289656,car
img_004240.jpg,hll2570,hll2570,True,0,1.0000,0.723216,car
img_004247.jpg,odl3330,ool3330,False,1,0.8571,0.571383,car
img_004253.jpg,ntg9212,ntg9212,True,0,1.0000,0.922819,car
img_004254.jpg,msc3276,msc3276,True,0,1.0000,0.983647,car
img_004259.jpg,abh2224,abm2224,False,1,0.8571,0.633717,car
img_004263.jpg,odf4930,odf4930,True,0,1.0000,0.845489,car
img_004267.jpg,gxu7640,gyu7640,False,1,0.8571,0.981860,car
img_004273.jpg,kvs9534,kns9534,False,1,0.8571,0.341206,car
img_004275.jpg,mrs9832,mrs9832,True,0,1.0000,0.674534,car
img_004283.jpg,qrb7802,qrb7802,True,0,1.0000,0.845560,car
img_004286.jpg,ppa3996,ppa3996,True,0,1.0000,0.745795,car
img_004288.jpg,ppx9714,ppx9714,True,0,1.0000,0.943602,car
img_004294.jpg,msc3276,msc3276,True,0,1.0000,0.921840,car
img_004297.jpg,ocv8772,ocv8722,False,1,0.8571,0.499951,car
img_004298.jpg,lpd1908,lpd1908,True,0,1.0000,0.995932,car
img_004303.jpg,odq0904,0do0904,False,2,0.7143,0.659661,car
img_004306.jpg,mro8294,mro8294,True,0,1.0000,0.894480,car
img_004310.jpg,qow7372,oow7372,False,1,0.8571,0.275885,car
img_004313.jpg,ppi9341,ppi9341,True,0,1.0000,0.854243,car
img_004326.jpg,ppw2254,pp42254,False,1,0.8571,0.879713,car
img_004328.jpg,msl0095,msl0095,True,0,1.0000,0.765834,car
img_004329.jpg,ppg6826,ppg6826,True,0,1.0000,0.887212,car
img_004330.jpg,kox5667,kox5667,True,0,1.0000,0.990385,car
img_004333.jpg,fpq0829,fpo0829,False,1,0.8571,0.906454,car
img_004335.jpg,ppw9916,ppw9916,True,0,1.0000,0.979087,car
img_004340.jpg,nqp2386,nop2386,False,1,0.8571,0.967965,car
img_004348.jpg,lse4561,lse4561,True,0,1.0000,0.994110,car
img_004353.jpg,lqq9882,loo988,False,3,0.5714,0.354271,car
img_004359.jpg,ods4263,dds4263,False,1,0.8571,0.874491,car
img_004368.jpg,kvs9534,w199534,False,3,0.5714,0.167554,car
img_004369.jpg,haq9821,maq9821,False,1,0.8571,0.972537,car
img_004375.jpg,mte5192,mye5192,False,1,0.8571,0.396345,car
img_004380.jpg,mql2242,mol2242,False,1,0.8571,0.923033,car
img_004382.jpg,mqm4704,mom4704,False,1,0.8571,0.990069,car
img_004383.jpg,ppw2332,ppw2322,False,1,0.8571,0.732896,car
img_004384.jpg,qnl5207,qnl5207,True,0,1.0000,0.400046,car
img_004386.jpg,dqs5659,dqs569,False,1,0.8571,0.621707,car
img_004393.jpg,mqi4385,moi4385,False,1,0.8571,0.813015,car
img_004394.jpg,lvc9418,lvc9418,True,0,1.0000,0.915208,car
img_004395.jpg,oyk1804,oyk1804,True,0,1.0000,0.593559,car
img_004397.jpg,mtt3179,mt73179,False,1,0.8571,0.434697,car
img_004411.jpg,dwk3417,dwk3417,True,0,1.0000,0.987573,car
img_004415.jpg,mtv9714,mtv9714,True,0,1.0000,0.726355,car
img_004419.jpg,mtb6924,wt6924,False,2,0.7143,0.424555,car
img_004423.jpg,krf8880,krf8880,True,0,1.0000,0.984551,car
img_004427.jpg,qui3394,qui3394,True,0,1.0000,0.340189,car
img_004429.jpg,qoc6984,qoc6984,True,0,1.0000,0.567015,car
img_004443.jpg,ocz2526,ocz2526,True,0,1.0000,0.725209,car
img_004445.jpg,mtb4490,mtb449,False,1,0.8571,0.688219,car
img_004447.jpg,ppo5037,ppo5037,True,0,1.0000,0.974913,car
img_004451.jpg,qrc7572,qrc7572,True,0,1.0000,0.971555,car
img_004455.jpg,oyj8962,ovj8962,False,1,0.8571,0.442319,car
img_004459.jpg,ppx9714,ppx9714,True,0,1.0000,0.975471,car
img_004461.jpg,ppm6755,ppm6755,True,0,1.0000,0.851159,car
img_004462.jpg,odi4208,odi4208,True,0,1.0000,0.829620,car
img_004465.jpg,eqo6813,eoo6813,False,1,0.8571,0.799335,car
img_004485.jpg,mrf3420,mrf3420,True,0,1.0000,0.941269,car
img_004486.jpg,gmk5871,ghz5871,False,2,0.7143,0.243362,car
img_004494.jpg,kph5146,kph5146,True,0,1.0000,0.824338,car
img_004502.jpg,qpq7623,qpo7623,False,1,0.8571,0.693080,car
img_004506.jpg,mty8669,mty869,False,1,0.8571,0.400374,car
img_004509.jpg,jhc0151,jxc0151,False,1,0.8571,0.320352,car
img_004510.jpg,kya2043,kya2043,True,0,1.0000,0.974626,car
img_004511.jpg,msx0755,msx0755,True,0,1.0000,0.976382,car
img_004517.jpg,mse5564,mse5564,True,0,1.0000,0.973812,car
img_004527.jpg,ovl5815,dvl5815,False,1,0.8571,0.331523,car
img_004529.jpg,ppn4120,ppn4120,True,0,1.0000,0.974279,car
img_004530.jpg,odc0749,odc0749,True,0,1.0000,0.650365,car
img_004534.jpg,mtw3833,mtw383,False,1,0.8571,0.460900,car
img_004537.jpg,ppx0709,ppx0709,True,0,1.0000,0.863358,car
img_004538.jpg,neh2104,neh2104,True,0,1.0000,0.943273,car
img_004544.jpg,oyh6794,ovh6794,False,1,0.8571,0.862521,car
img_004551.jpg,odg6256,odg6256,True,0,1.0000,0.603676,car
img_004555.jpg,mti4428,mti4428,True,0,1.0000,0.342286,car
img_004558.jpg,qrb0987,qrb0987,True,0,1.0000,0.920264,car
img_004561.jpg,ppq2622,ppo2622,False,1,0.8571,0.976773,car
img_004562.jpg,ppt0211,ppt0211,True,0,1.0000,0.773646,car
img_004569.jpg,pyr2725,pyr2725,True,0,1.0000,0.963190,car
img_004573.jpg,mtt3179,mtt3179,True,0,1.0000,0.309783,car
img_004578.jpg,msm5854,wsm584,False,2,0.7143,0.493439,car
img_004579.jpg,oyd8993,oyd8993,True,0,1.0000,0.426993,car
img_004581.jpg,oyd0023,dyd0023,False,1,0.8571,0.483961,car
img_004582.jpg,oyd0384,oyd0384,True,0,1.0000,0.521839,car
img_004588.jpg,ppu4426,ppu4426,True,0,1.0000,0.984835,car
img_004593.jpg,msx0755,msx0755,True,0,1.0000,0.963147,car
img_004600.jpg,mqo1197,moo1197,False,1,0.8571,0.821596,car
img_004603.jpg,ods3923,ods3923,True,0,1.0000,0.730673,car
img_004604.jpg,nzj1306,nzj1306,True,0,1.0000,0.767532,car
img_004606.jpg,ppp0105,ppp0105,True,0,1.0000,0.983654,car
img_004607.jpg,ppt2998,ppt2998,True,0,1.0000,0.684080,car
img_004612.jpg,ocy4344,ocy4344,True,0,1.0000,0.985359,car
img_004627.jpg,qqq1958,0001958,False,3,0.5714,0.733861,car
img_004636.jpg,mtp3636,myp3636,False,1,0.8571,0.511310,car
img_004639.jpg,pph6494,pph6494,True,0,1.0000,0.933120,car
img_004643.jpg,mqf1825,mqf1825,True,0,1.0000,0.511829,car
img_004646.jpg,mtn7357,mtn7357,True,0,1.0000,0.703485,car
img_004651.jpg,mst3293,mst3293,True,0,1.0000,0.899831,car
img_004664.jpg,mrg0195,mrg0195,True,0,1.0000,0.954256,car
img_004669.jpg,odt6208,odt6208,True,0,1.0000,0.484319,car
img_004670.jpg,quk6465,quk6455,False,1,0.8571,0.954402,car
img_004680.jpg,mrs7313,mrs7313,True,0,1.0000,0.945383,car
img_004687.jpg,oql2352,dol2352,False,2,0.7143,0.333891,car
img_004696.jpg,oyd9025,oyd9025,True,0,1.0000,0.555047,car
img_004697.jpg,qqt8226,0078266,False,4,0.4286,0.296566,car
img_004719.jpg,ove9064,ove9044,False,1,0.8571,0.390665,car
img_004738.jpg,ppj8278,ppj8278,True,0,1.0000,0.855647,car
img_004741.jpg,hoi3150,mo13150,False,2,0.7143,0.361792,car
img_004742.jpg,opa3094,opa3094,True,0,1.0000,0.815205,car
img_004743.jpg,qux7702,qux7702,True,0,1.0000,0.982907,car
img_004744.jpg,ppb7779,ppb7779,True,0,1.0000,0.960772,car
img_004746.jpg,cma9593,cma9593,True,0,1.0000,0.667512,car
img_004749.jpg,ods2861,ods2861,True,0,1.0000,0.619536,car
img_004751.jpg,oyi6048,dvi6048,False,2,0.7143,0.562046,car
img_004754.jpg,msm5854,msm5844,False,1,0.8571,0.856822,car
img_004755.jpg,mqg0481,mog0481,False,1,0.8571,0.990980,car
img_004774.jpg,odq0904,0do0904,False,2,0.7143,0.648203,car
img_004788.jpg,koa8428,koa8428,True,0,1.0000,0.961257,car
img_004790.jpg,mrv1063,mrv1067,False,1,0.8571,0.678946,car
img_004795.jpg,ovl5815,dvl5815,False,1,0.8571,0.555534,car
img_004796.jpg,ppo8840,ppo8840,True,0,1.0000,0.690411,car
img_004800.jpg,mrp6098,mrp6078,False,1,0.8571,0.475799,car
img_004804.jpg,mqo8460,moo8460,False,1,0.8571,0.878130,car
img_004805.jpg,mru1092,mru1092,True,0,1.0000,0.972525,car
img_004826.jpg,egk9741,egk9741,True,0,1.0000,0.998044,car
img_004827.jpg,nja5615,nja5615,True,0,1.0000,0.991668,car
img_004845.jpg,qpl9796,dpl9796,False,1,0.8571,0.557006,car
img_004849.jpg,qqw6897,qow6897,False,1,0.8571,0.332292,car
img_004850.jpg,ipr2535,ipr2535,True,0,1.0000,0.990404,car
img_004853.jpg,ppz2450,ppz2450,True,0,1.0000,0.988264,car
img_004857.jpg,kwk6703,kwk6703,True,0,1.0000,0.922145,car
img_004858.jpg,mso4987,mso4987,True,0,1.0000,0.614548,car
img_004860.jpg,odh7986,odh7986,True,0,1.0000,0.561769,car
img_004866.jpg,oql2352,00l2352,False,2,0.7143,0.284810,car
img_004868.jpg,ove4468,dve4468,False,1,0.8571,0.646407,car
img_004874.jpg,jvt2910,jvt2910,True,0,1.0000,0.702673,car
img_004875.jpg,ppw6134,ppw6134,True,0,1.0000,0.978859,car
img_004876.jpg,pxn6234,pxn6234,True,0,1.0000,0.814391,car
img_004879.jpg,ppu3886,ppu3886,True,0,1.0000,0.564022,car
img_004884.jpg,oyg3845,dyg3845,False,1,0.8571,0.577247,car
img_004885.jpg,ppu9850,ppu9850,True,0,1.0000,0.915066,car
img_004892.jpg,par2765,par2765,True,0,1.0000,0.963161,car
img_004893.jpg,qos4398,qos4398,True,0,1.0000,0.345805,car
img_004894.jpg,odt1522,odt1522,True,0,1.0000,0.801072,car
img_004901.jpg,dlr1298,dlr1298,True,0,1.0000,0.720715,car
img_004906.jpg,ppz4128,ppz4128,True,0,1.0000,0.941274,car
img_004908.jpg,ppu9756,ppu9756,True,0,1.0000,0.984995,car
img_004913.jpg,kvv4055,kvv4055,True,0,1.0000,0.862100,car
img_004914.jpg,ajs8928,ajs8928,True,0,1.0000,0.447046,car
img_004915.jpg,ppo6441,ppo6441,True,0,1.0000,0.938040,car
img_004924.jpg,bao4362,bao4362,True,0,1.0000,0.986335,car
img_004936.jpg,pph0712,pp50072,False,3,0.5714,0.555838,car
img_004938.jpg,odg6256,oog6256,False,1,0.8571,0.497592,car
img_004942.jpg,odk1696,ook166,False,2,0.7143,0.293276,car
img_004943.jpg,qww1321,owm121,False,3,0.5714,0.667989,car
img_004947.jpg,loy6261,loy6261,True,0,1.0000,0.915582,car
img_004951.jpg,pwj6866,pwj6866,True,0,1.0000,0.935781,car
img_004952.jpg,mqf8976,mof8976,False,1,0.8571,0.971585,car
img_004957.jpg,msg6735,msg6735,True,0,1.0000,0.993094,car
img_004963.jpg,pps0435,pps0435,True,0,1.0000,0.899928,car
img_004970.jpg,hay5895,hay5895,True,0,1.0000,0.975621,car
img_004973.jpg,ppt6997,ppt6997,True,0,1.0000,0.938968,car
img_004975.jpg,qov4888,qov4888,True,0,1.0000,0.939272,car
img_004976.jpg,mqy8942,mqy8942,True,0,1.0000,0.569318,car
img_004979.jpg,mtu2844,myu2844,False,1,0.8571,0.479190,car
img_004990.jpg,ovk2611,qvk2611,False,1,0.8571,0.491833,car
img_004991.jpg,mtp8313,myp8313,False,1,0.8571,0.518770,car
img_004996.jpg,mpk8098,mpk8098,True,0,1.0000,0.856645,car
img_010003.jpg,kxg9j64,kxg9364,False,1,0.8571,0.789377,car
img_010010.jpg,qre4e43,qre4443,False,1,0.8571,0.435440,car
img_010016.jpg,qrf7b72,qrf7872,False,1,0.8571,0.981848,car
img_010018.jpg,qre4f49,qref49,False,1,0.8571,0.601171,car
img_010020.jpg,fyo2e04,fyo2604,False,1,0.8571,0.663624,car
img_010021.jpg,mtc2e14,myc2614,False,2,0.7143,0.363752,car
img_010024.jpg,qre8i54,qre8154,False,1,0.8571,0.923163,car
img_010026.jpg,qre1i11,qre3131,False,3,0.5714,0.252397,car
img_010027.jpg,qre4e99,qre4099,False,1,0.8571,0.162775,car
img_010036.jpg,mrx0d58,mpx0058,False,2,0.7143,0.326633,car
img_010039.jpg,qre3f49,qre349,False,1,0.8571,0.559436,car
img_010045.jpg,qre5h65,qre5665,False,1,0.8571,0.394125,car
img_010048.jpg,ppa7i61,ppa7167,False,2,0.7143,0.856234,car
img_010049.jpg,fou3i88,fou3188,False,1,0.8571,0.994867,car
img_010052.jpg,qre1i46,qre3446,False,2,0.7143,0.668751,car
img_010054.jpg,qre1i11,qre3137,False,4,0.4286,0.235955,car
img_010055.jpg,qrf8f46,qrf8440,False,2,0.7143,0.321039,car
img_010056.jpg,fou3i88,fou3188,False,1,0.8571,0.996993,car
img_010057.jpg,qre4e43,qre4e43,True,0,1.0000,0.691602,car
img_010060.jpg,ovl0i25,qvl0125,False,2,0.7143,0.595781,car
img_010061.jpg,qre4e99,qre4690,False,2,0.7143,0.358804,car
img_010063.jpg,qre1i46,qre3146,False,2,0.7143,0.410462,car
img_010064.jpg,fou3i88,fou3188,False,1,0.8571,0.991534,car
img_010065.jpg,fyo2e04,fvo2604,False,2,0.7143,0.409289,car
img_010066.jpg,qrf1h46,qrf3446,False,2,0.7143,0.867452,car
img_010069.jpg,oyh9f44,qo49944,False,4,0.4286,0.124991,car
img_010071.jpg,qre4f45,qre4f45,True,0,1.0000,0.530976,car
img_010072.jpg,qre4e99,qre4090,False,2,0.7143,0.184568,car
img_010073.jpg,qre1i46,qre1446,False,1,0.8571,0.499008,car
img_010076.jpg,qre1i11,qre3131,False,3,0.5714,0.350242,car
img_010077.jpg,qre4e43,qre4e43,True,0,1.0000,0.539422,car
img_010079.jpg,qrf6i33,qrf6133,False,1,0.8571,0.929175,car
img_010080.jpg,qre1i46,qre3146,False,2,0.7143,0.235423,car
img_010083.jpg,qre1i46,qre3146,False,2,0.7143,0.789497,car
img_010084.jpg,qrf8g17,qrf8617,False,1,0.8571,0.756848,car
img_010085.jpg,qre4e43,qre4643,False,1,0.8571,0.392181,car
img_010086.jpg,fag3b35,fag3835,False,1,0.8571,0.645948,car
img_010088.jpg,nlh7e39,nlx7e39,False,1,0.8571,0.107245,car
img_010089.jpg,qre1i11,qre3171,False,3,0.5714,0.165347,car
img_010091.jpg,qre4f49,qre4449,False,1,0.8571,0.729985,car
img_010092.jpg,qre8e70,qre8670,False,1,0.8571,0.501966,car
img_010093.jpg,qre4f49,qre4449,False,1,0.8571,0.452219,car
img_010095.jpg,qre1i46,qre1146,False,1,0.8571,0.354187,car
img_010098.jpg,mtd8d09,mt08009,False,2,0.7143,0.241541,car
img_010099.jpg,qre4e99,qre4690,False,2,0.7143,0.456621,car
img_010101.jpg,qrf8f40,qre8f40,False,1,0.8571,0.465054,car
img_010102.jpg,qre0f26,qre0f26,True,0,1.0000,0.955571,car
img_010104.jpg,qrf8f09,qrf8f09,True,0,1.0000,0.327771,car
img_010108.jpg,qre4e43,qre4e43,True,0,1.0000,0.527992,car
img_010109.jpg,ovk6e51,ovk6517,False,2,0.7143,0.171421,car
img_010110.jpg,qrg4b68,qrg4868,False,1,0.8571,0.898447,car
img_010112.jpg,qre1i43,qre3143,False,2,0.7143,0.845501,car
img_010113.jpg,qre4e99,qre4690,False,2,0.7143,0.528028,car
img_010115.jpg,fyo2e04,fyo2604,False,1,0.8571,0.506249,car
img_010117.jpg,qre1i11,qre3137,False,4,0.4286,0.297669,car
img_010118.jpg,qre4e99,qre4699,False,1,0.8571,0.238072,car
img_010119.jpg,qrf8f14,qrf8f14,True,0,1.0000,0.251412,car
img_010121.jpg,qre4f49,qre4649,False,1,0.8571,0.355363,car
img_010122.jpg,ppc2i82,ppg2182,False,2,0.7143,0.784604,car
img_010123.jpg,qrf4e70,qrf4e70,True,0,1.0000,0.519870,car
img_010125.jpg,qre1i38,qre3138,False,2,0.7143,0.983058,car
img_010127.jpg,qrf7b75,qre7675,False,2,0.7143,0.715176,car
img_010128.jpg,qre4e43,qre4443,False,1,0.8571,0.438094,car
img_010129.jpg,oyf0a79,ovf0a79,False,1,0.8571,0.497722,car
img_010132.jpg,kyd5g31,kyo5631,False,2,0.7143,0.490492,car
img_010138.jpg,oda8i94,oda8194,False,1,0.8571,0.862137,car
img_010154.jpg,ocv5g06,ocv5606,False,1,0.8571,0.503022,car
img_010155.jpg,odt7i53,odt7153,False,1,0.8571,0.731442,car
img_010156.jpg,ppa3e45,ppa3645,False,1,0.8571,0.345718,car
img_010163.jpg,ppw9b82,ppu9882,False,2,0.7143,0.810910,car
img_010165.jpg,ocw3f41,ocu3417,False,3,0.5714,0.085614,car
img_010170.jpg,kza6b06,mza600,False,3,0.5714,0.362328,car
img_010172.jpg,ppp4b24,pp9824,False,3,0.5714,0.713363,car
img_010173.jpg,ppw6b71,pp46871,False,2,0.7143,0.361910,car
img_010175.jpg,msq2c44,ms0244,False,2,0.7143,0.602164,car
img_010177.jpg,ocv6j28,ocv6728,False,1,0.8571,0.507291,car
img_010184.jpg,qre9i25,qre9125,False,1,0.8571,0.989184,car
img_010189.jpg,oyg8c87,qvg8687,False,3,0.5714,0.551960,car
img_010192.jpg,dhx8i38,dky8138,False,3,0.5714,0.649288,car
img_010202.jpg,odr0d28,odrod28,False,1,0.8571,0.249659,car
img_010205.jpg,pzh2j55,pz52355,False,2,0.7143,0.339131,car
img_010206.jpg,qre6f98,qre6098,False,1,0.8571,0.308756,car
img_010208.jpg,ppa8c34,ppa8634,False,1,0.8571,0.865292,car
img_010209.jpg,kqk7h61,kok7667,False,3,0.5714,0.238925,car
img_010210.jpg,ppe2a41,ppe2453,False,3,0.5714,0.558553,car
img_010211.jpg,mte5e16,mye5616,False,2,0.7143,0.304689,car
img_010212.jpg,mrx0d58,mrx0558,False,1,0.8571,0.424708,car
img_010216.jpg,ooj1a21,0031424,False,5,0.2857,0.264008,car
img_010217.jpg,odb2b71,0082874,False,5,0.2857,0.288012,car
img_010219.jpg,kdl5g01,kdl5601,False,1,0.8571,0.628295,car
img_010220.jpg,pym8d73,pym8073,False,1,0.8571,0.950667,car
img_010224.jpg,pxe3f60,pye3601,False,3,0.5714,0.197713,car
img_010225.jpg,qre1i43,qre3143,False,2,0.7143,0.624375,car
img_010227.jpg,qre4e99,qre4690,False,2,0.7143,0.644453,car
img_010231.jpg,pqx6c83,poy6883,False,3,0.5714,0.517143,car
img_010232.jpg,qrf8g17,qrf8617,False,1,0.8571,0.378787,car
img_010233.jpg,qre4f49,qre4649,False,1,0.8571,0.569511,car
img_010234.jpg,qre1i11,qre3137,False,4,0.4286,0.353204,car
img_010237.jpg,qre4e43,qre4643,False,1,0.8571,0.621388,car
img_010238.jpg,qre1i46,qre3446,False,2,0.7143,0.828422,car
img_010239.jpg,ffb3e26,ffb366,False,2,0.7143,0.704014,car
img_010240.jpg,qrh3b66,qr43866,False,2,0.7143,0.481653,car
img_010243.jpg,mpj4j34,mpj4534,False,1,0.8571,0.271006,car
img_010244.jpg,qrf8g17,qrf8617,False,1,0.8571,0.523183,car
img_010245.jpg,qre7d75,qre7075,False,1,0.8571,0.976224,car
img_010250.jpg,qre4e43,qre4e43,True,0,1.0000,0.585697,car
img_010257.jpg,qre4f49,qre4449,False,1,0.8571,0.795368,car
img_010259.jpg,gfl2a37,gfl247,False,2,0.7143,0.670820,car
img_010260.jpg,qrf6j36,qrf6336,False,1,0.8571,0.892271,car
img_010263.jpg,mst1h25,mst7525,False,2,0.7143,0.196552,car
img_010265.jpg,qre2d66,qre2066,False,1,0.8571,0.962560,car
img_010268.jpg,ppl1h66,ppl3466,False,2,0.7143,0.239472,car
img_010269.jpg,qrf8f09,qrf8f07,False,1,0.8571,0.534690,car
img_010271.jpg,qre4e99,qre4e90,False,1,0.8571,0.265700,car
img_010276.jpg,qrf8f14,qrf8f14,True,0,1.0000,0.763688,car
img_010279.jpg,qre4e99,qre4699,False,1,0.8571,0.513332,car
img_010281.jpg,ppl4c38,ppl4638,False,1,0.8571,0.961305,car
img_010284.jpg,mtw3g74,mt43674,False,2,0.7143,0.391584,car
img_010285.jpg,qre4e43,qre4e43,True,0,1.0000,0.439823,car
img_010286.jpg,qre4e99,qre4690,False,2,0.7143,0.227092,car
img_010287.jpg,qrg2h80,qrg2580,False,1,0.8571,0.875922,car
img_010289.jpg,qre1i11,qre3137,False,4,0.4286,0.403730,car
img_010292.jpg,qrh1h27,drh7427,False,3,0.5714,0.076939,car
img_010296.jpg,qre1i11,qre1171,False,2,0.7143,0.227546,car
img_010298.jpg,qrf8f87,qre8f87,False,1,0.8571,0.615546,car
img_010299.jpg,qrf6j36,qrf6336,False,1,0.8571,0.368430,car
img_010300.jpg,qre9e92,qre9692,False,1,0.8571,0.746077,car
img_010302.jpg,qrf6i81,qrf6181,False,1,0.8571,0.738872,car
img_010306.jpg,qre1i11,qre1111,False,1,0.8571,0.350025,car
img_010307.jpg,qre1i59,qre1159,False,1,0.8571,0.383129,car
img_010310.jpg,qre1i46,qre1446,False,1,0.8571,0.412932,car
img_010311.jpg,qrf8g17,qrf8617,False,1,0.8571,0.496116,car
img_010312.jpg,qre4e43,qre4443,False,1,0.8571,0.625102,car
img_010313.jpg,qre1i11,qre3137,False,4,0.4286,0.293627,car
img_010314.jpg,fou3i88,fou3188,False,1,0.8571,0.993492,car
img_010319.jpg,qre4e99,qref999,False,2,0.7143,0.219416,car
img_010320.jpg,qrg2i08,qrg2108,False,1,0.8571,0.895065,car
img_010322.jpg,kpr0c73,xproc73,False,2,0.7143,0.324305,car
img_010324.jpg,qre1i11,qre1111,False,1,0.8571,0.555289,car
img_010325.jpg,qrg2h80,qrg2580,False,1,0.8571,0.918051,car
img_010327.jpg,qrg2h19,qrg2519,False,1,0.8571,0.278868,car
img_010329.jpg,mrg2a66,mrg2466,False,1,0.8571,0.914114,car
img_010333.jpg,odn4i05,oon4105,False,2,0.7143,0.643769,car
img_010334.jpg,odf8j74,odf8774,False,1,0.8571,0.303580,car
img_010335.jpg,qre1i59,qre1159,False,1,0.8571,0.732098,car
img_010336.jpg,qrg2i08,qrg2108,False,1,0.8571,0.927718,car
img_010338.jpg,qrf8g17,qrf8617,False,1,0.8571,0.548720,car
img_010339.jpg,qrf6i33,qrf6133,False,1,0.8571,0.876073,car
img_010342.jpg,qre4e99,qre9690,False,3,0.5714,0.252463,car
img_010346.jpg,qre1i42,qre3142,False,2,0.7143,0.425109,car
img_010349.jpg,qre4e99,qre4090,False,2,0.7143,0.317842,car
img_010351.jpg,pph2g21,ppk2621,False,2,0.7143,0.337130,car
img_010353.jpg,qre8e70,qre8670,False,1,0.8571,0.779833,car
img_010355.jpg,eiy8i27,eiv8127,False,2,0.7143,0.596435,car
img_010356.jpg,qrh1h27,qr43427,False,3,0.5714,0.236363,car
img_010357.jpg,ean2g57,ean2657,False,1,0.8571,0.794662,car
img_010358.jpg,qrh1h27,qrm3427,False,3,0.5714,0.574591,car
img_010359.jpg,qrh7c82,qrk7682,False,2,0.7143,0.578369,car
img_010360.jpg,qre1i11,qre3171,False,3,0.5714,0.293180,car
img_010362.jpg,qre1i43,qre3143,False,2,0.7143,0.945937,car
img_010363.jpg,qre1i11,qre3111,False,2,0.7143,0.201571,car
img_010365.jpg,qre1i11,qre3177,False,4,0.4286,0.363820,car
img_010367.jpg,qrf8f09,qre8f09,False,1,0.8571,0.191883,car
img_010370.jpg,qre1i43,qre3143,False,2,0.7143,0.753597,car
img_010371.jpg,qre1i11,qre3171,False,3,0.5714,0.184048,car
img_010372.jpg,qrg4e18,qrg4e18,True,0,1.0000,0.263993,car
img_010375.jpg,fur9c33,fup9633,False,2,0.7143,0.276116,car
img_010376.jpg,qre7d75,qre7075,False,1,0.8571,0.968665,car
img_010377.jpg,qre0f27,qre0f27,True,0,1.0000,0.956714,car
img_010380.jpg,gfl2a37,gfl247,False,2,0.7143,0.885100,car
img_010381.jpg,ppl9g80,ppl7680,False,2,0.7143,0.567368,car
img_010385.jpg,qre4e99,qre4690,False,2,0.7143,0.441024,car
img_010388.jpg,qre1i38,qre3138,False,2,0.7143,0.906828,car
img_010389.jpg,qrh7d34,qr47034,False,2,0.7143,0.595664,car
img_010390.jpg,qre7d75,qre7075,False,1,0.8571,0.988066,car
img_010391.jpg,ovl9h03,ovl9503,False,1,0.8571,0.314310,car
img_010394.jpg,qre5d80,dre5080,False,2,0.7143,0.597298,car
img_010395.jpg,qre4e99,qre4690,False,2,0.7143,0.393696,car
img_010396.jpg,qrh7c82,qr47682,False,2,0.7143,0.505951,car
img_010397.jpg,ppp9c33,ppp9633,False,1,0.8571,0.609942,car
img_010399.jpg,qre1i46,qre1146,False,1,0.8571,0.663437,car
img_010403.jpg,qre7d75,qre7075,False,1,0.8571,0.955038,car
img_010404.jpg,qre0f27,qre0127,False,1,0.8571,0.310603,car
img_010406.jpg,qre1h96,qre3496,False,2,0.7143,0.858162,car
img_010408.jpg,qrg5b59,org5859,False,2,0.7143,0.629093,car
img_010409.jpg,odk5h01,cok5501,False,3,0.5714,0.451373,car
img_010410.jpg,qrh1h27,qrm1427,False,2,0.7143,0.132796,car
img_010413.jpg,qrf8f09,qrf8f07,False,1,0.8571,0.502741,car
img_010414.jpg,fag3b35,fa63835,False,2,0.7143,0.761193,car
img_010415.jpg,fyo2e04,fyo2604,False,1,0.8571,0.787200,car
img_010416.jpg,qre4e99,boe4690,False,4,0.4286,0.423063,car
img_010418.jpg,qrf8f09,qrf8f07,False,1,0.8571,0.638418,car
img_010420.jpg,qre4e99,qre4090,False,2,0.7143,0.341861,car
img_010422.jpg,qrg4e18,qrg4618,False,1,0.8571,0.392251,car
img_010423.jpg,qrf8f09,qrf8f09,True,0,1.0000,0.501212,car
img_010425.jpg,qrf8g17,qrf8617,False,1,0.8571,0.402777,car
img_010426.jpg,qrf7b69,qrf7869,False,1,0.8571,0.855330,car
img_010428.jpg,qrf8g60,qrf8660,False,1,0.8571,0.631394,car
img_010429.jpg,qre4e43,qre4443,False,1,0.8571,0.481080,car
img_010430.jpg,qrf6j21,qrf6721,False,1,0.8571,0.414539,car
img_010431.jpg,qre1i11,qre3137,False,4,0.4286,0.206874,car
img_010432.jpg,qrh2c89,qrm2689,False,2,0.7143,0.788803,car
img_010434.jpg,fag3b35,fag3835,False,1,0.8571,0.416370,car
img_010435.jpg,ppm1h66,pp41566,False,2,0.7143,0.251155,car
img_010436.jpg,qrf8g17,qrf8617,False,1,0.8571,0.520888,car
img_010437.jpg,qre1i11,qre3171,False,3,0.5714,0.207268,car
img_010438.jpg,qre4e99,qre9690,False,3,0.5714,0.298091,car
img_010440.jpg,fyo2e04,fyo2604,False,1,0.8571,0.641343,car
img_010441.jpg,qre1i46,qre146,False,1,0.8571,0.922483,car
img_010442.jpg,qre5d80,qre5080,False,1,0.8571,0.956614,car
img_010443.jpg,ocz2j46,oc2256,False,3,0.5714,0.330712,car
img_010445.jpg,qrf8g17,qrf8617,False,1,0.8571,0.462877,car
img_010447.jpg,qre4e99,qre4690,False,2,0.7143,0.482416,car
img_010448.jpg,qre1i59,qre1159,False,1,0.8571,0.799387,car
img_010449.jpg,qre4e43,qre4e43,True,0,1.0000,0.553335,car
img_010450.jpg,qre4e99,qre4690,False,2,0.7143,0.410839,car
img_010451.jpg,fou3i88,fou3188,False,1,0.8571,0.987595,car
img_010452.jpg,qrf6j36,qrf6336,False,1,0.8571,0.811309,car
img_010453.jpg,qre1i46,qre3146,False,2,0.7143,0.615631,car
img_010454.jpg,qri0e80,qri0e80,True,0,1.0000,0.614975,car
img_010455.jpg,qre4e99,qre4090,False,2,0.7143,0.218694,car
img_010457.jpg,qrf8f14,qrf8f14,True,0,1.0000,0.336310,car
img_010459.jpg,qre1i46,qre1146,False,1,0.8571,0.283888,car
img_010460.jpg,qre4f49,qre4449,False,1,0.8571,0.060718,car
img_010461.jpg,qre4e99,qre4690,False,2,0.7143,0.526589,car
img_010462.jpg,qrf6j36,qrf6336,False,1,0.8571,0.582423,car
img_010464.jpg,fyo2e04,fyo2604,False,1,0.8571,0.791762,car
img_010468.jpg,qrh1h69,qrm1662,False,3,0.5714,0.146077,car
img_010470.jpg,qrf8g50,qrf8650,False,1,0.8571,0.914836,car
img_010473.jpg,ppl1h66,ppl3466,False,2,0.7143,0.647414,car
img_010476.jpg,qre1i11,qre3131,False,3,0.5714,0.342092,car
img_010479.jpg,qre4e99,qre4699,False,1,0.8571,0.531543,car
img_010480.jpg,fyo2e04,fyo2604,False,1,0.8571,0.498197,car
img_010481.jpg,qre4e99,qre4099,False,1,0.8571,0.332481,car
img_010482.jpg,odk9d38,codk903,False,3,0.5714,0.197857,car
img_010484.jpg,qre1h96,qre1496,False,1,0.8571,0.317854,car
img_010485.jpg,qri5h50,qri5550,False,1,0.8571,0.336879,car
img_010487.jpg,qre1i11,qre3137,False,4,0.4286,0.262332,car
img_010488.jpg,qrf8g17,qrf8617,False,1,0.8571,0.612676,car
img_010489.jpg,qrf8f96,qre8f96,False,1,0.8571,0.720131,car
img_010490.jpg,qri0e12,qri0e72,False,1,0.8571,0.614098,car
img_010491.jpg,qrj3d66,qr33066,False,2,0.7143,0.234319,car
img_010492.jpg,qre4e43,qre4e43,True,0,1.0000,0.614665,car
img_010493.jpg,qre8f57,qre8f57,True,0,1.0000,0.698375,car
img_010494.jpg,qre2a11,qre2411,False,1,0.8571,0.443226,car
img_010495.jpg,fyo2e04,fyo2604,False,1,0.8571,0.537935,car
img_010497.jpg,qrf6j33,qrf6333,False,1,0.8571,0.601826,car
img_010498.jpg,qre1i11,qre1111,False,1,0.8571,0.373103,car
img_010499.jpg,qre4e99,qref90,False,3,0.5714,0.388615,car
img_010500.jpg,qri0e12,qri0612,False,1,0.8571,0.242987,car
img_010501.jpg,qre1i59,ore1157,False,3,0.5714,0.808277,car
img_010502.jpg,qre4d82,ore4082,False,2,0.7143,0.844302,car
img_010503.jpg,ppt0c87,ppto687,False,2,0.7143,0.531026,car
img_010506.jpg,qrh1h27,qrm3627,False,3,0.5714,0.368329,car
img_010508.jpg,qri0e12,ori0612,False,2,0.7143,0.402918,car
img_010510.jpg,qre1i38,qre3138,False,2,0.7143,0.954598,car
img_010512.jpg,qrf8f09,qrf8f07,False,1,0.8571,0.358871,car
img_010514.jpg,qre1i11,qre1111,False,1,0.8571,0.583743,car
img_010516.jpg,gfl2a37,gfl2477,False,2,0.7143,0.842274,car
img_010517.jpg,qre1i43,qre3143,False,2,0.7143,0.771119,car
img_010518.jpg,qrf8g17,qrf8617,False,1,0.8571,0.359380,car
img_010519.jpg,qrf8f96,qre8f06,False,2,0.7143,0.135674,car
img_010520.jpg,qre1i11,qre3131,False,3,0.5714,0.342196,car
img_010524.jpg,qre1i43,qre3143,False,2,0.7143,0.664712,car
img_010525.jpg,qre1i46,qre1146,False,1,0.8571,0.494676,car
img_010526.jpg,qre4e43,qre9443,False,2,0.7143,0.256295,car
img_010527.jpg,fur9c33,fur7633,False,2,0.7143,0.393195,car
img_010529.jpg,qrf8f96,qre8f96,False,1,0.8571,0.218958,car
img_010530.jpg,qre6h61,qre6667,False,2,0.7143,0.624862,car
img_010531.jpg,qrf7b71,qrf7873,False,2,0.7143,0.389139,car
img_010532.jpg,qre4e43,qre4e43,True,0,1.0000,0.497748,car
img_010533.jpg,qrf6j36,qrf6336,False,1,0.8571,0.535139,car
img_010537.jpg,ppm0b05,ppm0805,False,1,0.8571,0.738403,car
img_010539.jpg,qre1i11,qre1111,False,1,0.8571,0.461017,car
img_010540.jpg,qrf8g17,qrf8617,False,1,0.8571,0.460420,car
img_010541.jpg,qre4e99,qre4000,False,3,0.5714,0.104635,car
img_010542.jpg,qrf8f09,qre8f09,False,1,0.8571,0.351341,car
img_010544.jpg,fyo2e04,fyo2604,False,1,0.8571,0.596424,car
img_010545.jpg,qrg0d06,qrg0000,False,2,0.7143,0.778157,car
img_010546.jpg,qrg0d06,qrg0006,False,1,0.8571,0.934834,car
img_010547.jpg,qrf8g17,dbeg174,False,5,0.2857,0.012686,car
img_010548.jpg,qre1i46,qre1146,False,1,0.8571,0.709417,car
img_010549.jpg,qrf8f40,qre8240,False,2,0.7143,0.220475,car
img_010550.jpg,qre4e99,qre9e90,False,2,0.7143,0.056512,car
img_010551.jpg,qrg2h80,qrg2580,False,1,0.8571,0.549324,car
img_010553.jpg,qrg4e18,qrg4618,False,1,0.8571,0.537047,car
img_010554.jpg,qre1i43,qre1143,False,1,0.8571,0.645971,car
img_010556.jpg,qre1i46,qre146,False,1,0.8571,0.923406,car
img_010559.jpg,qre1i41,qre1147,False,2,0.7143,0.456780,car
img_010560.jpg,qrg1i51,qr61151,False,2,0.7143,0.235176,car
img_010563.jpg,qre6h61,qre0461,False,2,0.7143,0.149206,car
img_010566.jpg,puy0f60,puv0f00,False,2,0.7143,0.415209,car
img_010570.jpg,qre7b35,wbl8825,False,6,0.1429,0.075453,car
img_010571.jpg,qre4e99,qre4699,False,1,0.8571,0.285570,car
img_010572.jpg,qrf8f96,qre896,False,2,0.7143,0.223616,car
img_010574.jpg,ean2g57,leak657,False,4,0.4286,0.291227,car
img_010575.jpg,qrh1h63,qrm1463,False,2,0.7143,0.382630,car
img_010580.jpg,qrg0d06,qrg0006,False,1,0.8571,0.448584,car
img_010582.jpg,qre1i46,qre146,False,1,0.8571,0.941336,car
img_010584.jpg,qre1i59,ore1152,False,3,0.5714,0.350646,car
img_010585.jpg,qre4f36,qref361,False,2,0.7143,0.061782,car
img_010586.jpg,qre4e99,qre4699,False,1,0.8571,0.392704,car
img_010587.jpg,qrf8f09,qre8f09,False,1,0.8571,0.190817,car
img_010591.jpg,puv5e07,vuv5607,False,2,0.7143,0.278247,car
img_010593.jpg,qrf8g17,qrf8617,False,1,0.8571,0.441750,car
img_010594.jpg,qre1i46,qre346,False,2,0.7143,0.543088,car
img_010595.jpg,qre4e43,qre4e43,True,0,1.0000,0.225644,car
img_010597.jpg,qrf8g16,qre8616,False,2,0.7143,0.340452,car
img_010598.jpg,qre4f49,qref40,False,2,0.7143,0.612779,car
img_010600.jpg,odt7c71,qd77625,False,5,0.2857,0.201081,car
img_010601.jpg,qre1i46,qre1446,False,1,0.8571,0.441384,car
img_010602.jpg,qrf8g17,qre8617,False,2,0.7143,0.319944,car
img_010603.jpg,qre1i43,qre1143,False,1,0.8571,0.781423,car
img_010604.jpg,fag3b35,fa63835,False,2,0.7143,0.455409,car
img_010605.jpg,fag3b35,fa63835,False,2,0.7143,0.532673,car
img_010606.jpg,qre4e99,gre1922,False,5,0.2857,0.045885,car
img_010607.jpg,qre2d66,qre206,False,2,0.7143,0.888332,car
img_010609.jpg,qrg0i76,drg0176,False,2,0.7143,0.626738,car
img_010611.jpg,fur9c33,fur9633,False,1,0.8571,0.614916,car
img_010622.jpg,qre4e62,qre1662,False,2,0.7143,0.269546,car
img_010623.jpg,qre4e43,qref43,False,2,0.7143,0.156527,car
img_010625.jpg,qre4e62,qre4662,False,1,0.8571,0.722548,car
img_010627.jpg,ppm1h66,ppm1466,False,1,0.8571,0.159489,car
img_010628.jpg,qre4e62,qre4662,False,1,0.8571,0.601507,car
img_010631.jpg,qrh7c82,qrk7682,False,2,0.7143,0.628301,car
img_010632.jpg,qre7c42,dbf7642,False,4,0.4286,0.151973,car
img_010634.jpg,fyo2e04,fyo2602,False,2,0.7143,0.182933,car
img_010639.jpg,ppd9a96,ppo7476,False,4,0.4286,0.418388,car
img_010640.jpg,oyg2i19,w92219,False,4,0.4286,0.008029,car
img_010645.jpg,qrh1h27,qrk1427,False,2,0.7143,0.284389,car
img_010647.jpg,qre1i46,qre1446,False,1,0.8571,0.397849,car
img_010648.jpg,qrf8f40,qre8f40,False,1,0.8571,0.397924,car
img_010649.jpg,qre4e62,qre4667,False,2,0.7143,0.419969,car
img_010650.jpg,qre8f57,qre8f57,True,0,1.0000,0.811362,car
img_010651.jpg,qre4e62,qre4662,False,1,0.8571,0.784054,car
img_010653.jpg,qre4e62,qre4662,False,1,0.8571,0.580113,car
img_010657.jpg,odq9g65,0d09665,False,3,0.5714,0.343074,car
img_010658.jpg,qre4e43,qref43,False,2,0.7143,0.822579,car
img_010659.jpg,qre0f26,qre0f26,True,0,1.0000,0.878002,car
img_010660.jpg,kyc7h34,kyc7534,False,1,0.8571,0.408757,car
img_010664.jpg,qrf8f96,qr8f96,False,1,0.8571,0.345093,car
img_010665.jpg,qrf6i13,qrf6173,False,2,0.7143,0.298058,car
img_010666.jpg,qre4d82,qre4082,False,1,0.8571,0.809671,car
img_010667.jpg,qre4f49,qref402,False,3,0.5714,0.073867,car
img_010668.jpg,qrf6i81,qrf6187,False,2,0.7143,0.472646,car
img_010670.jpg,qrf7b71,qrf7878,False,2,0.7143,0.284199,car
img_010671.jpg,qre4e62,qre4622,False,2,0.7143,0.401254,car
img_010672.jpg,qrh1h27,qrm1427,False,2,0.7143,0.208353,car
img_010673.jpg,qre4e62,qre4662,False,1,0.8571,0.890992,car
img_010674.jpg,qrf8e39,qrf8639,False,1,0.8571,0.311248,car
img_010677.jpg,ppk1e94,ppk194,False,1,0.8571,0.712102,car
img_010681.jpg,qrg1i51,qrg1151,False,1,0.8571,0.680366,car
img_010682.jpg,qre4e48,qre448,False,1,0.8571,0.727687,car
img_010683.jpg,qrf8g56,qre8656,False,2,0.7143,0.373324,car
img_010685.jpg,qrh7c82,qr47682,False,2,0.7143,0.392015,car
img_010686.jpg,qrh7c54,qrm7654,False,2,0.7143,0.619982,car
img_010689.jpg,qrf8g56,qrf8656,False,1,0.8571,0.222062,car
img_010690.jpg,qre4e99,qre4099,False,1,0.8571,0.519449,car
img_010692.jpg,qrh1h63,qrh1463,False,1,0.8571,0.236930,car
img_010693.jpg,qre1i46,qre3446,False,2,0.7143,0.210185,car
img_010695.jpg,fag3b35,fa63835,False,2,0.7143,0.386780,car
img_010696.jpg,qre5h99,qre5400,False,3,0.5714,0.088398,car
img_010698.jpg,qrk2i33,qrk2133,False,1,0.8571,0.932253,car
img_010699.jpg,pxq7g07,pxo6607,False,3,0.5714,0.418427,car
img_010700.jpg,qre4e43,qref43,False,2,0.7143,0.665487,car
img_010701.jpg,dml7h99,dml7599,False,1,0.8571,0.143482,car
img_010705.jpg,qrg4c51,qb61657,False,5,0.2857,0.134630,car
img_010706.jpg,qre4e99,qre4699,False,1,0.8571,0.422192,car
img_010707.jpg,qrf6i13,qrf6173,False,2,0.7143,0.585684,car
img_010708.jpg,fou3i88,fou3188,False,1,0.8571,0.996137,car
img_010713.jpg,mrx0e84,mrx0684,False,1,0.8571,0.147910,car
img_010714.jpg,qrh1h27,qrm1277,False,3,0.5714,0.424496,car
img_010715.jpg,qrj6j85,qrj6785,False,1,0.8571,0.350613,car
img_010716.jpg,qre1i43,qre3143,False,2,0.7143,0.728438,car
img_010717.jpg,qrf8f40,qref40,False,2,0.7143,0.337283,car
img_010718.jpg,odg1i10,0061110,False,4,0.4286,0.811512,car
img_010720.jpg,qrh1h27,qrm3427,False,3,0.5714,0.324570,car
img_010721.jpg,qrf8f96,qre3067,False,5,0.2857,0.079007,car
img_010723.jpg,qrg4c51,qr64657,False,3,0.5714,0.327552,car
img_010724.jpg,qre1i17,qre3117,False,2,0.7143,0.728290,car
img_010726.jpg,fag3b35,fag3835,False,1,0.8571,0.829180,car
img_010728.jpg,qre4e62,qre4662,False,1,0.8571,0.777592,car
img_010729.jpg,qre1i22,qre3122,False,2,0.7143,0.824580,car
img_010730.jpg,qre1i46,qre1146,False,1,0.8571,0.876039,car
img_010733.jpg,qre6b82,qre6882,False,1,0.8571,0.299186,car
img_010734.jpg,qrf8g16,qrc8616,False,2,0.7143,0.225713,car
img_010737.jpg,qre1i17,qre1117,False,1,0.8571,0.759764,car
img_010741.jpg,qrf8f09,qrc8f09,False,1,0.8571,0.184976,car
img_010742.jpg,qrk3j82,qrk3182,False,1,0.8571,0.709236,car
img_010743.jpg,qre6h51,qre6553,False,2,0.7143,0.331687,car
img_010744.jpg,qre4e99,qre4690,False,2,0.7143,0.197009,car
img_010748.jpg,msl0j08,msl0j08,True,0,1.0000,0.270884,car
img_010749.jpg,mtq7c43,wt0643,False,4,0.4286,0.131301,car
img_010751.jpg,qrj7j93,qr37993,False,2,0.7143,0.349102,car
img_010752.jpg,qre4e62,qre4662,False,1,0.8571,0.886687,car
img_010754.jpg,qre1i46,dry1467,False,4,0.4286,0.181825,car
img_010757.jpg,qre1h96,qre3496,False,2,0.7143,0.806345,car
img_010758.jpg,qrj8d08,qrj8008,False,1,0.8571,0.708623,car
img_010761.jpg,qrf7b75,qre7675,False,2,0.7143,0.471817,car
img_010767.jpg,qre4f51,qre4551,False,1,0.8571,0.601980,car
img_010768.jpg,ppn6e20,ppn6e20,True,0,1.0000,0.207680,car
img_010772.jpg,qrh1h27,qrk1427,False,2,0.7143,0.637228,car
img_010773.jpg,qrg1i51,qrg1151,False,1,0.8571,0.686828,car
img_010774.jpg,qre4e99,qre4699,False,1,0.8571,0.306436,car
img_010775.jpg,qre4e62,qre4627,False,2,0.7143,0.148900,car
img_010777.jpg,qrh1h27,qrm1227,False,2,0.7143,0.554810,car
img_010779.jpg,qrk1b36,qrk1836,False,1,0.8571,0.906150,car
img_010780.jpg,qrf8f96,qrf8f96,True,0,1.0000,0.239017,car
img_010781.jpg,qrh1h27,qrm1227,False,2,0.7143,0.544472,car
img_010791.jpg,qrk4h78,qrk4678,False,1,0.8571,0.386696,car
img_010792.jpg,gup7i58,gup7158,False,1,0.8571,0.991021,car
img_010798.jpg,qre1i17,qre1117,False,1,0.8571,0.872633,car
img_010799.jpg,mta6c01,mta6601,False,1,0.8571,0.766709,car
img_010802.jpg,qre1i46,qre1462,False,2,0.7143,0.067548,car
img_010804.jpg,qrk3j82,qrk3382,False,1,0.8571,0.925209,car
img_010807.jpg,ppl1i61,dpl1143,False,4,0.4286,0.040710,car
img_010809.jpg,qre4e99,qre4099,False,1,0.8571,0.270370,car
img_010810.jpg,fyo2e04,fyo2604,False,1,0.8571,0.644687,car
img_010811.jpg,fag3b35,fag3835,False,1,0.8571,0.923322,car
img_010812.jpg,qrf8f09,qref022,False,4,0.4286,0.144853,car
img_010813.jpg,qrk3j82,qrk3182,False,1,0.8571,0.388127,car
img_010814.jpg,ppb8h62,pp88562,False,2,0.7143,0.439766,car
img_010816.jpg,qrj8d70,qrj8070,False,1,0.8571,0.571394,car
img_010826.jpg,qrk2d57,qrk2057,False,1,0.8571,0.909960,car
img_010838.jpg,ppb0e63,ppo0663,False,2,0.7143,0.605574,car
img_010839.jpg,qrg4f05,qrg4005,False,1,0.8571,0.415184,car
img_010842.jpg,ovf3j74,ovf3374,False,1,0.8571,0.329431,car
img_010852.jpg,ppm2a38,ppm2478,False,2,0.7143,0.441105,car
img_010854.jpg,fgn1g71,fgn7671,False,2,0.7143,0.514381,car
img_010861.jpg,drq0j22,dro0322,False,2,0.7143,0.346589,car
img_010873.jpg,mqo5d53,mo05053,False,3,0.5714,0.725610,car
img_010885.jpg,ocy7g84,ocy7684,False,1,0.8571,0.844893,car
img_010892.jpg,odi4f77,qod14f7,False,3,0.5714,0.051679,car
img_010893.jpg,ovi0h54,qov1055,False,4,0.4286,0.195313,car
img_010904.jpg,ovk3h81,ovk3582,False,2,0.7143,0.102928,car
img_010906.jpg,pxe9d61,pxe9067,False,2,0.7143,0.724317,car
img_010910.jpg,qri3f41,qr13f47,False,2,0.7143,0.396885,car
img_010911.jpg,oda8i69,oda8169,False,1,0.8571,0.851888,car
img_010919.jpg,qrf0e74,qrf0674,False,1,0.8571,0.612981,car
img_010921.jpg,mtm7d42,htm7042,False,2,0.7143,0.182598,car
img_010922.jpg,qoo9b08,0009808,False,4,0.4286,0.559513,car
img_010923.jpg,eqv6h43,eov6443,False,2,0.7143,0.623089,car
img_010931.jpg,kxo2g72,kx02672,False,2,0.7143,0.303309,car
img_010937.jpg,mtx9d59,mtx0059,False,2,0.7143,0.328853,car
img_010940.jpg,qrd8e38,qro8638,False,2,0.7143,0.372343,car
img_010942.jpg,msd4g97,msd4697,False,1,0.8571,0.726629,car
img_010946.jpg,aue1b95,aue7895,False,2,0.7143,0.402312,car
img_010948.jpg,oda0b36,oda0836,False,1,0.8571,0.634793,car
img_010952.jpg,fag3b35,za63835,False,3,0.5714,0.289923,car
img_010958.jpg,qrf8f96,qrc8f96,False,1,0.8571,0.418815,car
img_010959.jpg,qri0e80,qrige80,False,1,0.8571,0.545893,car
img_010960.jpg,qre1i59,qre1159,False,1,0.8571,0.826857,car
img_010961.jpg,qre1i46,qre1146,False,1,0.8571,0.127874,car
img_010962.jpg,fag3b35,fag3835,False,1,0.8571,0.637659,car
img_010963.jpg,qre1i46,qre1146,False,1,0.8571,0.604037,car
img_010968.jpg,ppl1h66,ppl3m66,False,2,0.7143,0.526444,car
img_010974.jpg,odg8b30,0d68830,False,3,0.5714,0.251268,car
img_010975.jpg,qre2d62,qre2067,False,2,0.7143,0.630671,car
img_010976.jpg,qrg2h80,qr62480,False,2,0.7143,0.397524,car
img_010977.jpg,qrg4c51,qr64551,False,2,0.7143,0.394495,car
img_010978.jpg,qrk3j82,qrk3382,False,1,0.8571,0.756056,car
img_010979.jpg,qrh1h63,qrh1m63,False,1,0.8571,0.187709,car
img_010980.jpg,qrh6c25,qrm6255,False,3,0.5714,0.951857,car
img_010982.jpg,mqd8h53,mod8h53,False,1,0.8571,0.700183,car
img_010990.jpg,qre7b35,qre7835,False,1,0.8571,0.947567,car
img_010991.jpg,odc8b66,odc8866,False,1,0.8571,0.630170,car
img_010993.jpg,fgj5j09,fgj5309,False,1,0.8571,0.350285,car
img_010995.jpg,ode2e62,ode2662,False,1,0.8571,0.270265,car
img_010997.jpg,qre4e62,gre4662,False,2,0.7143,0.513772,car
img_011000.jpg,ppl1h66,ppl1466,False,1,0.8571,0.800194,car
img_011002.jpg,ppo8g33,ppo8633,False,1,0.8571,0.941862,car
img_011006.jpg,jik9g12,j1k9612,False,2,0.7143,0.285258,car
img_011010.jpg,ovh0c16,ov90616,False,2,0.7143,0.190124,car
img_011015.jpg,qrf8f96,qre8f96,False,1,0.8571,0.329672,car
img_011016.jpg,qre4e99,qre4999,False,1,0.8571,0.287696,car
img_011018.jpg,qre8f57,qre8f57,True,0,1.0000,0.858522,car
img_011019.jpg,mpj4i75,mpj4175,False,1,0.8571,0.773029,car
img_011023.jpg,qre2d62,qre2067,False,2,0.7143,0.497182,car
img_011024.jpg,pvz3j33,py23333,False,3,0.5714,0.290724,car
img_011025.jpg,dml7h99,dml7599,False,1,0.8571,0.144244,car
img_011027.jpg,qre4e62,qref62,False,2,0.7143,0.678009,car
img_011029.jpg,qre6f01,qref001,False,2,0.7143,0.625603,car
img_011030.jpg,ppr4f54,pp4554,False,2,0.7143,0.953055,car
img_011031.jpg,qrf8f96,qre8f96,False,1,0.8571,0.249504,car
img_011032.jpg,qrf8g56,qrf8656,False,1,0.8571,0.270435,car
img_011033.jpg,qrk6a67,qrk6477,False,2,0.7143,0.263045,car
img_011036.jpg,odq3g38,odo3638,False,2,0.7143,0.533539,car
img_011037.jpg,oye4a60,ove4480,False,3,0.5714,0.107033,car
img_011040.jpg,qrf8f96,qre8f96,False,1,0.8571,0.425620,car
img_011041.jpg,qre3c07,qre3077,False,2,0.7143,0.904098,car
img_011043.jpg,mtt9f90,mtt9690,False,1,0.8571,0.214979,car
img_011045.jpg,qrh7c82,qrm7682,False,2,0.7143,0.506443,car
img_011046.jpg,qre1g39,qre1639,False,1,0.8571,0.884510,car
img_011050.jpg,ovj5h32,ovj5532,False,1,0.8571,0.285640,car
img_011051.jpg,qre1i43,qre1143,False,1,0.8571,0.729116,car
img_011053.jpg,qre1i17,qre1137,False,2,0.7143,0.600930,car
img_011054.jpg,qrf8f96,qrf8f96,True,0,1.0000,0.327269,car
img_011056.jpg,aze3g20,aze320,False,1,0.8571,0.418543,car
img_011059.jpg,qrf8f14,qre8f14,False,1,0.8571,0.385478,car
img_011060.jpg,iwi5a82,iwi5882,False,1,0.8571,0.367193,car
img_011062.jpg,kfr4f88,kf44888,False,2,0.7143,0.612969,car
img_011063.jpg,mpj4j19,mpj4319,False,1,0.8571,0.632308,car
img_011066.jpg,mpj4i75,mpj4175,False,1,0.8571,0.937441,car
img_011068.jpg,qrf8f96,qre8f96,False,1,0.8571,0.417626,car
img_011069.jpg,qre4e99,qre4099,False,1,0.8571,0.416697,car
img_011072.jpg,qre4e62,qre4662,False,1,0.8571,0.268268,car
img_011075.jpg,ppo3h68,ppo3668,False,1,0.8571,0.499119,car
img_011079.jpg,qre1i46,qre1146,False,1,0.8571,0.803761,car
img_011080.jpg,qre4e99,qre4699,False,1,0.8571,0.367805,car
img_011081.jpg,qrf8f96,qr86967,False,3,0.5714,0.219597,car
img_011082.jpg,mpj4i75,mpj4175,False,1,0.8571,0.930326,car
img_011085.jpg,qrj6j94,qrj6194,False,1,0.8571,0.375692,car
img_011090.jpg,nxp3d79,mxp3079,False,2,0.7143,0.415134,car
img_011092.jpg,pqx6c83,pox6833,False,3,0.5714,0.965975,car
img_011101.jpg,ppx8j70,ppx8370,False,1,0.8571,0.462612,car
img_011103.jpg,ppp9c33,ppp9333,False,1,0.8571,0.801919,car
img_011104.jpg,qrk4c74,qrk4674,False,1,0.8571,0.818923,car
img_011106.jpg,qrg5c94,qrg5694,False,1,0.8571,0.413933,car
img_011107.jpg,mqd8h53,mod8553,False,2,0.7143,0.615429,car
img_011108.jpg,qre5g52,qre5652,False,1,0.8571,0.700872,car
img_011110.jpg,qrj6j85,qrj6785,False,1,0.8571,0.667274,car
img_011112.jpg,ovk2i46,qv4246,False,3,0.5714,0.063116,car
img_011114.jpg,ppu5e18,ppu5e18,True,0,1.0000,0.866687,car
img_011121.jpg,kyg3e11,xy63611,False,3,0.5714,0.183027,car
img_011128.jpg,qrf8g56,qre8656,False,2,0.7143,0.308209,car
img_011129.jpg,qrf8f96,qrf8f96,True,0,1.0000,0.510574,car
img_011130.jpg,ppl1h66,ppl7666,False,2,0.7143,0.349204,car
img_011131.jpg,ppo3h68,ppo3m68,False,1,0.8571,0.269083,car
img_011137.jpg,qrf8g68,qre8668,False,2,0.7143,0.425425,car
img_011141.jpg,pqk6i84,pok6184,False,2,0.7143,0.805958,car
img_011143.jpg,qre4e99,qre4e99,True,0,1.0000,0.520792,car
img_011144.jpg,qrf7b72,qrf7872,False,1,0.8571,0.807261,car
img_011153.jpg,qre1i59,qre1522,False,3,0.5714,0.134528,car
img_011157.jpg,olq5f47,q405f47,False,3,0.5714,0.019944,car
img_011159.jpg,mpj4j19,mpj4319,False,1,0.8571,0.458884,car
img_011161.jpg,cub6d65,cu86065,False,2,0.7143,0.572215,car
img_011162.jpg,lli6i01,lli6101,False,1,0.8571,0.246177,car
img_011163.jpg,qrf8g17,qrf8617,False,1,0.8571,0.222617,car
img_011169.jpg,mqg8a95,mog8405,False,3,0.5714,0.189600,car
img_011171.jpg,odl2f09,odl2609,False,1,0.8571,0.588278,car
img_011174.jpg,qrj1i60,qrj1160,False,1,0.8571,0.502869,car
img_011175.jpg,iwi5a82,baw1548,False,5,0.2857,0.111609,car
img_011180.jpg,qre2d62,qre2062,False,1,0.8571,0.914103,car
img_011185.jpg,odi2i59,odi2159,False,1,0.8571,0.518568,car
img_011187.jpg,qrj6j94,qri6174,False,3,0.5714,0.163924,car
img_011188.jpg,qre4e62,qref62,False,2,0.7143,0.712937,car
img_011189.jpg,qre4e43,qref432,False,3,0.5714,0.113445,car
img_011199.jpg,qre4e62,qref662,False,2,0.7143,0.281246,car
img_011200.jpg,qre4f51,qre4651,False,1,0.8571,0.449523,car
img_011205.jpg,qre5d80,qre5080,False,1,0.8571,0.427460,car
img_011206.jpg,qba2a72,oba2a72,False,1,0.8571,0.501322,car
img_011207.jpg,qrh1h69,qr41067,False,3,0.5714,0.156342,car
img_011211.jpg,dqz3i17,doz3177,False,3,0.5714,0.635456,car
img_011214.jpg,qrh1h27,orh1527,False,2,0.7143,0.011462,car
img_011218.jpg,ohf7d03,okf7003,False,2,0.7143,0.556262,car
img_011220.jpg,ayb1c25,avb1255,False,3,0.5714,0.293461,car
img_011225.jpg,qri3a81,qri348,False,2,0.7143,0.302754,car
img_011228.jpg,odr0d77,odr0077,False,1,0.8571,0.681641,car
img_011233.jpg,ody9a33,ody9433,False,1,0.8571,0.515325,car
img_011234.jpg,qrf8a50,qrf8450,False,1,0.8571,0.656716,car
img_011235.jpg,qrf8f09,qre8f09,False,1,0.8571,0.327113,car
img_011240.jpg,qrh2f15,qrm2615,False,2,0.7143,0.568923,car
img_011244.jpg,lli6i01,lc16101,False,3,0.5714,0.338393,car
img_011245.jpg,qrf8f96,qre8f96,False,1,0.8571,0.223577,car
img_011246.jpg,oyj1j24,ov31324,False,3,0.5714,0.441617,car
img_011247.jpg,qrh1h27,orhi227,False,3,0.5714,0.113745,car
img_011248.jpg,nmp7j20,bnm7120,False,3,0.5714,0.066589,car
img_011251.jpg,qri3a81,qri3481,False,1,0.8571,0.352382,car
img_011253.jpg,odc7i79,qdc7179,False,2,0.7143,0.314716,car
img_011260.jpg,dml7h99,dml7599,False,1,0.8571,0.521688,car
img_011261.jpg,qrf8g17,qrf8617,False,1,0.8571,0.258941,car
img_011263.jpg,qrk0c33,qrk0633,False,1,0.8571,0.451027,car
img_011273.jpg,qrl1j87,qrl1387,False,1,0.8571,0.332168,car
img_011277.jpg,ocx2i38,ock2138,False,2,0.7143,0.534854,car
img_011283.jpg,qrj2c09,qrj2609,False,1,0.8571,0.632498,car
img_011285.jpg,msq0h81,ms00m81,False,2,0.7143,0.426959,car
img_011297.jpg,qrf8f96,qre8f96,False,1,0.8571,0.361378,car
img_011301.jpg,ppv6g66,ppv666,False,1,0.8571,0.718581,car
img_011303.jpg,dml7h99,dml7592,False,2,0.7143,0.320619,car
img_011304.jpg,qrj6j94,qri6304,False,3,0.5714,0.121561,car
img_011310.jpg,gpp5a39,gpp5439,False,1,0.8571,0.478671,car
img_011315.jpg,qrk6a67,qrk6467,False,1,0.8571,0.880464,car
img_011316.jpg,qrg3d23,qxg3023,False,2,0.7143,0.066000,car
img_011317.jpg,qre1i17,qre1117,False,1,0.8571,0.828375,car
img_011321.jpg,ppq0i63,ppo0163,False,2,0.7143,0.939786,car
img_011324.jpg,mpj4j19,mpj4319,False,1,0.8571,0.465246,car
img_011325.jpg,qrj1i60,cor3116,False,5,0.2857,0.123953,car
img_011326.jpg,dqz3i17,doz3177,False,3,0.5714,0.599116,car
img_011328.jpg,ocz3d22,ocz3022,False,1,0.8571,0.570594,car
img_011331.jpg,ppq0i63,ppo0163,False,2,0.7143,0.852546,car
img_011332.jpg,oye3h99,ove3409,False,3,0.5714,0.427093,car
img_011335.jpg,mty6c21,ma7v622,False,5,0.2857,0.035841,car
img_011339.jpg,ode2e62,ode2662,False,1,0.8571,0.204659,car
img_011341.jpg,qrc6h39,qrc6439,False,1,0.8571,0.431635,car
img_011344.jpg,pqk6i84,pok6184,False,2,0.7143,0.816882,car
img_011352.jpg,qre4f45,qre4445,False,1,0.8571,0.890765,car
img_011353.jpg,eyw5f60,eyw5660,False,1,0.8571,0.236961,car
img_011354.jpg,ppl1h66,ppl3466,False,2,0.7143,0.342722,car
img_011356.jpg,qrj1i60,qrj1160,False,1,0.8571,0.697519,car
img_011361.jpg,ppn6e20,ppg6220,False,2,0.7143,0.420227,car
img_011362.jpg,oda8i83,oda8183,False,1,0.8571,0.827701,car
img_011364.jpg,qrf8g09,qrf8609,False,1,0.8571,0.360610,car
img_011365.jpg,ohf7d03,okf7003,False,2,0.7143,0.491190,car
img_011378.jpg,pjj8g19,pj18619,False,2,0.7143,0.658276,car
img_011380.jpg,qrh1i40,deh1140,False,3,0.5714,0.153756,car
img_011384.jpg,pqx6c83,pox6833,False,3,0.5714,0.981544,car
img_011385.jpg,qrl6g07,qrl6607,False,1,0.8571,0.824170,car
img_011387.jpg,dml7h99,dml7599,False,1,0.8571,0.567688,car
img_011388.jpg,ppl7f22,ppl7f22,True,0,1.0000,0.956182,car
img_011389.jpg,qre8f57,qre8f57,True,0,1.0000,0.895254,car
img_011391.jpg,qre4f49,qre4492,False,2,0.7143,0.364884,car
img_011392.jpg,qre4d82,qre4082,False,1,0.8571,0.777700,car
img_011395.jpg,ppq9c30,ppo5330,False,3,0.5714,0.439545,car
img_011396.jpg,qrf6j36,qrf6356,False,2,0.7143,0.097210,car
img_011398.jpg,qre4e62,dre1927,False,5,0.2857,0.034126,car
img_011401.jpg,qre4e43,qre4e43,True,0,1.0000,0.436195,car
img_011406.jpg,ppt1g04,ppt1604,False,1,0.8571,0.333478,car
img_011407.jpg,pjj8g19,pj18619,False,2,0.7143,0.562188,car
img_011408.jpg,mtd8d09,mt08009,False,2,0.7143,0.267919,car
img_011409.jpg,dml7h99,dml7592,False,2,0.7143,0.307792,car
img_011410.jpg,qqu1h68,q041468,False,3,0.5714,0.085908,car
img_011411.jpg,qrf8f09,qre8f09,False,1,0.8571,0.407380,car
img_011415.jpg,ppn6e20,ppn6e20,True,0,1.0000,0.467804,car
img_011421.jpg,etf8c86,etf8866,False,2,0.7143,0.438463,car
img_011422.jpg,hmb3b00,4m8380,False,4,0.4286,0.376343,car
img_011429.jpg,ohf7d03,okf7003,False,2,0.7143,0.332822,car
img_011435.jpg,hgi5h67,wg1566,False,4,0.4286,0.109894,car
img_011436.jpg,kyc9b10,xv69810,False,4,0.4286,0.295001,car
img_011437.jpg,odd6e85,odd6685,False,1,0.8571,0.069225,car
img_011439.jpg,qrg4f05,qrg4005,False,1,0.8571,0.477977,car
img_011442.jpg,oda2e64,oda2664,False,1,0.8571,0.508338,car
img_011444.jpg,hjj3b83,m33383,False,4,0.4286,0.241357,car
img_011445.jpg,mra1f21,mra121,False,1,0.8571,0.546997,car
img_011447.jpg,ppe9j10,ppe9310,False,1,0.8571,0.906562,car
img_011451.jpg,qre5h99,grf5402,False,5,0.2857,0.118673,car
img_011452.jpg,qpf8i80,qpf8180,False,1,0.8571,0.348842,car
img_011453.jpg,ohf7d03,ohf7003,False,1,0.8571,0.266014,car
img_011456.jpg,qrk0c33,qrk0633,False,1,0.8571,0.289691,car
img_011457.jpg,qrj2c09,qrj2607,False,2,0.7143,0.586711,car
img_011465.jpg,qre4e62,qre4662,False,1,0.8571,0.346105,car
img_011466.jpg,qtu8i45,qtu8145,False,1,0.8571,0.697583,car
img_011467.jpg,ppu7h07,ppu7507,False,1,0.8571,0.845676,car
img_011468.jpg,qre6h51,qre6453,False,2,0.7143,0.183244,car
img_011470.jpg,qrj6j85,qri1585,False,3,0.5714,0.262552,car
img_011471.jpg,ppv3i89,ppv3189,False,1,0.8571,0.797658,car
img_011473.jpg,eyw5f60,evw560,False,2,0.7143,0.250916,car
img_011478.jpg,ppl1h66,ppl1m66,False,1,0.8571,0.770131,car
img_011486.jpg,oyj1j24,ov31324,False,3,0.5714,0.356225,car
img_011489.jpg,ppm5d93,ppm5093,False,1,0.8571,0.735528,car
img_011496.jpg,ppz9c36,pp29636,False,2,0.7143,0.442490,car
img_011503.jpg,pqk6i84,pok6184,False,2,0.7143,0.804678,car
img_011504.jpg,dml7h99,dml7599,False,1,0.8571,0.288369,car
img_011509.jpg,ppq0i63,ppo0163,False,2,0.7143,0.832273,car
img_011510.jpg,pqx6c83,pox6048,False,4,0.4286,0.111405,car
img_011512.jpg,mpj4i75,mpj4175,False,1,0.8571,0.670990,car
img_011514.jpg,dml7h99,dml7509,False,2,0.7143,0.361677,car
img_011515.jpg,qrh7c06,qr47606,False,2,0.7143,0.153962,car
img_011518.jpg,ocv8i88,ocu8188,False,2,0.7143,0.730220,car
img_011523.jpg,qrj6i87,qrj6187,False,1,0.8571,0.925534,car
img_011525.jpg,mra1f21,mraf221,False,2,0.7143,0.469200,car
img_011526.jpg,qre1i40,qre140,False,1,0.8571,0.881866,car
img_011532.jpg,qrf6h99,qrf6599,False,1,0.8571,0.171200,car
img_011536.jpg,qre4f51,qre4517,False,2,0.7143,0.421359,car
img_011540.jpg,qrk7h94,qrk7594,False,1,0.8571,0.637632,car
img_011541.jpg,qrg5c94,qrg5694,False,1,0.8571,0.583675,car
img_011544.jpg,ppq3c10,ppo3630,False,3,0.5714,0.299950,car
img_011548.jpg,qrg4f05,qrg4005,False,1,0.8571,0.797258,car
img_011553.jpg,oyi3j77,ov13377,False,3,0.5714,0.355804,car
img_011560.jpg,qrl8e61,qrl8667,False,2,0.7143,0.322343,car
img_011562.jpg,qre1i40,qre1140,False,1,0.8571,0.447623,car
img_011564.jpg,ppo3h68,ppo3668,False,1,0.8571,0.313416,car
img_011566.jpg,mpj4i75,mpj4175,False,1,0.8571,0.808139,car
img_011567.jpg,ppq0i81,ppo1181,False,3,0.5714,0.478502,car
img_011572.jpg,mtd8d09,mt88009,False,2,0.7143,0.119280,car
img_011573.jpg,qrg4e18,qrg4618,False,1,0.8571,0.510787,car
img_011574.jpg,qrj6j94,q81174,False,5,0.2857,0.054504,car
img_011577.jpg,qrm0j47,qrm0147,False,1,0.8571,0.389368,car
img_011578.jpg,qre4f51,zre4f51,False,1,0.8571,0.288094,car
img_011579.jpg,qri3a81,qri348,False,2,0.7143,0.221445,car
img_011581.jpg,ppl1h66,ppl3m66,False,2,0.7143,0.317817,car
img_011583.jpg,qrl6g07,qrl6607,False,1,0.8571,0.643329,car
img_011584.jpg,qre1i40,qre140,False,1,0.8571,0.940112,car
img_011585.jpg,qre4d82,qre4082,False,1,0.8571,0.959456,car
img_011586.jpg,iun1a41,iun7443,False,3,0.5714,0.261404,car
img_011589.jpg,qrl0g01,qrl0600,False,2,0.7143,0.770799,car
img_011591.jpg,qre1i40,qre140,False,1,0.8571,0.940569,car
img_011598.jpg,dml7h99,dml7599,False,1,0.8571,0.595850,car
img_011600.jpg,qrj1i60,qr31160,False,2,0.7143,0.820786,car
img_011603.jpg,qrf8f96,qre8f96,False,1,0.8571,0.368044,car
img_011604.jpg,qre4f51,qre4551,False,1,0.8571,0.357681,car
img_011606.jpg,pkf0a92,pkf0492,False,1,0.8571,0.273416,car
img_011610.jpg,qrf5j08,qrf5308,False,1,0.8571,0.608464,car
img_011612.jpg,ppo2f94,ppo2694,False,1,0.8571,0.851370,car
img_011613.jpg,ocx2i38,ocx2138,False,1,0.8571,0.868307,car
img_011614.jpg,dml7h99,dml7592,False,2,0.7143,0.311658,car
img_011619.jpg,qrb3b21,qrb3821,False,1,0.8571,0.509393,car
img_011620.jpg,dqz3i17,doz3177,False,3,0.5714,0.532867,car
img_011626.jpg,qrj1h35,qrj1435,False,1,0.8571,0.791652,car
img_011627.jpg,qoh5h70,doh5970,False,2,0.7143,0.223178,car
img_011631.jpg,jux5d87,jux5087,False,1,0.8571,0.888882,car
img_011641.jpg,kql5f86,xol5666,False,4,0.4286,0.350755,car
img_011643.jpg,pkf0a92,pk00492,False,2,0.7143,0.459167,car
img_011646.jpg,ppj6j99,pp36309,False,3,0.5714,0.614592,car
img_011647.jpg,qri1a81,qri3881,False,2,0.7143,0.318333,car
img_011648.jpg,mqg8a95,mo68495,False,3,0.5714,0.288646,car
img_011651.jpg,pzz4c98,pzz6988,False,3,0.5714,0.329829,car
img_011654.jpg,qrf6j36,qre6136,False,2,0.7143,0.186814,car
img_011660.jpg,mtu2f92,mtu2002,False,2,0.7143,0.393039,car
img_011666.jpg,qrk4c74,qrk4674,False,1,0.8571,0.799603,car
img_011667.jpg,qrj1i60,qq31160,False,3,0.5714,0.097267,car
img_011668.jpg,qrh1h27,qr41427,False,2,0.7143,0.425919,car
img_011669.jpg,mtx2e16,myx2616,False,2,0.7143,0.268433,car
img_011677.jpg,odp5e57,cop5657,False,3,0.5714,0.111603,car
img_011681.jpg,msd0c50,ms00650,False,2,0.7143,0.505660,car
img_011682.jpg,ppe9j10,pde9310,False,2,0.7143,0.501140,car
img_011689.jpg,qrf8f96,qrf8696,False,1,0.8571,0.175171,car
img_011690.jpg,qre2i26,qre2126,False,1,0.8571,0.903984,car
img_011692.jpg,qre8f57,qref57,False,1,0.8571,0.896989,car
img_011694.jpg,qrg5c94,qrg5094,False,1,0.8571,0.443111,car
img_011698.jpg,mtu2f92,myu292,False,2,0.7143,0.343337,car
img_011700.jpg,qrg5c94,qr65004,False,3,0.5714,0.128372,car
img_011703.jpg,pqx6c83,pox6833,False,3,0.5714,0.990927,car
img_011708.jpg,mtv1e84,mtv1684,False,1,0.8571,0.112052,car
img_011710.jpg,mdo6e68,md6668,False,2,0.7143,0.922017,car
img_011715.jpg,qrk7h94,qrk7494,False,1,0.8571,0.475986,car
img_011716.jpg,qre8f57,qre8f57,True,0,1.0000,0.687818,car
img_011719.jpg,mtu2f92,myu292,False,2,0.7143,0.513945,car
img_011720.jpg,ppz9c36,ppz9636,False,1,0.8571,0.544078,car
img_011724.jpg,lsu5a61,lsu5467,False,2,0.7143,0.456653,car
img_011725.jpg,mpj4i75,mpj4175,False,1,0.8571,0.804498,car
img_011728.jpg,qre1i54,qre1542,False,2,0.7143,0.308291,car
img_011731.jpg,kdl5g01,kdl5601,False,1,0.8571,0.680611,car
img_011734.jpg,qrg0d06,qrg0006,False,1,0.8571,0.944637,car
img_011736.jpg,jik9g12,jik9612,False,1,0.8571,0.484727,car
img_011737.jpg,ppf9a33,ppc9433,False,2,0.7143,0.336655,car
img_011740.jpg,ppl2j70,ppl2370,False,1,0.8571,0.935173,car
img_011744.jpg,qrk3c30,obk3630,False,3,0.5714,0.221447,car
img_011749.jpg,qrf7b75,qrf7675,False,1,0.8571,0.388371,car
img_011751.jpg,qri3g65,qr13665,False,2,0.7143,0.504017,car
img_011753.jpg,qrh7c06,qrm7006,False,2,0.7143,0.892962,car
img_011755.jpg,pqk6i84,pok6184,False,2,0.7143,0.689785,car
img_011765.jpg,qrj1i60,qrj1160,False,1,0.8571,0.439086,car
img_011766.jpg,qre5g52,qre5652,False,1,0.8571,0.945234,car
img_011767.jpg,qre4e48,qre4448,False,1,0.8571,0.708773,car
img_011772.jpg,qrf8g16,qrf8676,False,2,0.7143,0.156168,car
img_011773.jpg,qre1i59,qre3159,False,2,0.7143,0.774754,car
img_011777.jpg,ppp9c33,ppp0533,False,2,0.7143,0.200207,car
img_011781.jpg,qrl6g07,qrl0607,False,2,0.7143,0.427631,car
img_011787.jpg,odt2d32,qd72032,False,3,0.5714,0.338477,car
img_011796.jpg,oyf0a79,ove0479,False,3,0.5714,0.348710,car
img_011797.jpg,ppp7h63,ppp7665,False,2,0.7143,0.511349,car
img_011799.jpg,ppe9j10,ppe9370,False,2,0.7143,0.491926,car
img_011801.jpg,qrk4c74,qrk4674,False,1,0.8571,0.659681,car
img_011803.jpg,qrj1i60,qrj7160,False,2,0.7143,0.138069,car
img_011805.jpg,dml7h99,dml7599,False,1,0.8571,0.294946,car
img_011806.jpg,ppb5h53,pp85553,False,2,0.7143,0.579190,car
img_011808.jpg,ppv3i89,ppv3189,False,1,0.8571,0.782572,car
img_011814.jpg,qrh7c06,qrh7606,False,1,0.8571,0.185886,car
img_011815.jpg,qrj1i60,qri1160,False,2,0.7143,0.375481,car
img_011818.jpg,qbn4e00,qbn4000,False,1,0.8571,0.376935,car
img_011820.jpg,qrl8h45,qrl8445,False,1,0.8571,0.435729,car
img_011822.jpg,pvl0g62,pvl0662,False,1,0.8571,0.852593,car
img_011825.jpg,krf5g00,xr55600,False,3,0.5714,0.221725,car
img_011837.jpg,mrl0b65,mrc0865,False,2,0.7143,0.240662,car
img_011838.jpg,qri9d23,qri9023,False,1,0.8571,0.551525,car
img_011840.jpg,odp5e57,odp567,False,2,0.7143,0.361745,car
img_011843.jpg,qre4f49,qre4492,False,2,0.7143,0.155511,car
img_011849.jpg,qre4e99,qre9e99,False,1,0.8571,0.136908,car
img_011851.jpg,ocx2i38,qcx2138,False,2,0.7143,0.531770,car
img_011854.jpg,mpj4j19,mpj4319,False,1,0.8571,0.658950,car
img_011855.jpg,qev1b59,qev1859,False,1,0.8571,0.913303,car
img_011860.jpg,qre5g52,qre5652,False,1,0.8571,0.334240,car
img_011861.jpg,qre1i40,qre1140,False,1,0.8571,0.743789,car
img_011863.jpg,mst7g12,ms76612,False,3,0.5714,0.188035,car
img_011864.jpg,qrj6j94,qrj6194,False,1,0.8571,0.276228,car
img_011866.jpg,odp9j48,odp9348,False,1,0.8571,0.887623,car
img_011867.jpg,qre4f51,qref551,False,2,0.7143,0.624189,car
img_011868.jpg,odn5e19,oon5619,False,2,0.7143,0.258154,car
img_011869.jpg,qre4f49,qre4449,False,1,0.8571,0.684953,car
img_011871.jpg,qrf7d69,qre7069,False,2,0.7143,0.354092,car
img_011872.jpg,qrf7h85,dr77685,False,3,0.5714,0.146844,car
img_011876.jpg,qrf8f09,qrf8f02,False,1,0.8571,0.192904,car
img_011879.jpg,ovi1i13,ov17133,False,3,0.5714,0.184585,car
img_011880.jpg,qre1i40,qre1140,False,1,0.8571,0.840356,car
img_011881.jpg,qrk0c33,qrx0633,False,2,0.7143,0.306782,car
img_011882.jpg,mss4b21,mss827,False,3,0.5714,0.145735,car
img_011884.jpg,qre4e48,qre4e48,True,0,1.0000,0.260478,car
img_011886.jpg,ppj6j99,ppj6199,False,1,0.8571,0.449092,car
img_011889.jpg,gfl2a37,gfl247,False,2,0.7143,0.523104,car
img_011895.jpg,dqz3i17,do23177,False,4,0.4286,0.573580,car
img_011897.jpg,pqx6c83,pox6833,False,3,0.5714,0.974783,car
img_011900.jpg,mrp3b59,mrp359,False,1,0.8571,0.440710,car
img_011904.jpg,qre4f49,qre4492,False,2,0.7143,0.220331,car
img_011905.jpg,ocx2i38,ocx2138,False,1,0.8571,0.841413,car
img_011907.jpg,mtd5b22,mto5222,False,2,0.7143,0.444291,car
img_011910.jpg,qrf7b75,qrf7675,False,1,0.8571,0.473929,car
img_011911.jpg,mtu2f92,myu2992,False,2,0.7143,0.200897,car
img_011916.jpg,ovj5h32,ovj5532,False,1,0.8571,0.290913,car
img_011917.jpg,qre1i17,qre1117,False,1,0.8571,0.457998,car
img_011920.jpg,qre4e43,qre4e43,True,0,1.0000,0.155503,car
img_011921.jpg,dml7h99,dml7599,False,1,0.8571,0.534867,car
img_011927.jpg,oyg7f49,qvg749,False,3,0.5714,0.339417,car
img_011930.jpg,qrf8f09,qrc8f09,False,1,0.8571,0.797683,car
img_011931.jpg,mtl6e22,myl622,False,2,0.7143,0.458095,car
img_011936.jpg,qrh1h27,qrm3427,False,3,0.5714,0.252945,car
img_011942.jpg,qrj7b99,qri8899,False,3,0.5714,0.381532,car
img_011943.jpg,eyw5f60,eyw560,False,1,0.8571,0.651550,car
img_011944.jpg,qrh3b66,qr43866,False,2,0.7143,0.533790,car
img_011948.jpg,qrl2h06,qrl2506,False,1,0.8571,0.420984,car
img_011949.jpg,qna7b16,qna7816,False,1,0.8571,0.793298,car
img_011957.jpg,mtx3c51,mtx3557,False,2,0.7143,0.172279,car
img_011960.jpg,edz5f72,edz6772,False,2,0.7143,0.281515,car
img_011962.jpg,mqi1c02,mo11602,False,3,0.5714,0.392222,car
img_011965.jpg,ppu7h07,ppu7507,False,1,0.8571,0.774363,car
img_011967.jpg,oye0b98,ove0898,False,2,0.7143,0.840785,car
img_011974.jpg,odc3c52,odc3c52,True,0,1.0000,0.793174,car
img_011979.jpg,oye0b98,ove0888,False,3,0.5714,0.312147,car
img_011981.jpg,qre1i40,qre140,False,1,0.8571,0.917316,car
img_011985.jpg,hzo9c38,mz09638,False,3,0.5714,0.412475,car
img_011992.jpg,qrf1a66,qrf3466,False,2,0.7143,0.751361,car
img_011993.jpg,qre1i40,qre3140,False,2,0.7143,0.397262,car
img_011999.jpg,hjo1j00,x301300,False,4,0.4286,0.100672,car
img_012006.jpg,qre4f36,qre436,False,1,0.8571,0.706901,car
img_012007.jpg,qre5g52,qre5652,False,1,0.8571,0.941239,car
img_012009.jpg,qrm4a16,qrm4476,False,2,0.7143,0.302420,car
img_012010.jpg,cub6d65,cc86665,False,3,0.5714,0.141635,car
img_012013.jpg,qre1i40,qre1440,False,1,0.8571,0.764257,car
img_012014.jpg,qrf8f96,qre8f96,False,1,0.8571,0.253544,car
img_012016.jpg,mss5h50,ms55450,False,2,0.7143,0.509679,car
img_012017.jpg,odn5e19,odn5699,False,2,0.7143,0.448887,car
img_012018.jpg,qbn4e00,obnge00,False,2,0.7143,0.349266,car
img_012021.jpg,mtv1e84,mtv1684,False,1,0.8571,0.382843,car
img_012026.jpg,oyd7g50,qyd7650,False,2,0.7143,0.289273,car
img_012027.jpg,lqc0j14,loc0374,False,3,0.5714,0.880941,car
img_012028.jpg,qbn4e00,obn4e00,False,1,0.8571,0.806641,car
img_012030.jpg,ppq9b16,pp05816,False,3,0.5714,0.172254,car
img_012031.jpg,qre4b42,qre8442,False,2,0.7143,0.184054,car
img_012035.jpg,pqx6c83,pox6833,False,3,0.5714,0.483633,car
img_012037.jpg,qre1i40,qre1400,False,2,0.7143,0.823127,car
img_012040.jpg,mpj4i75,mpj4175,False,1,0.8571,0.541122,car
img_012041.jpg,qrj5d10,qrj5010,False,1,0.8571,0.355604,car
img_012043.jpg,qrf8g50,qrf8650,False,1,0.8571,0.290274,car
img_012045.jpg,qrg4f05,qrg4005,False,1,0.8571,0.937383,car
img_012049.jpg,lup7d43,lup7043,False,1,0.8571,0.994602,car
img_012053.jpg,odt2d32,odt2032,False,1,0.8571,0.808791,car
img_012054.jpg,ohf7d03,okf7003,False,2,0.7143,0.567377,car
img_012055.jpg,odf1h05,odf3505,False,2,0.7143,0.480741,car
img_012058.jpg,qre1i40,qre3140,False,2,0.7143,0.577519,car
img_012059.jpg,qre5g52,qre5652,False,1,0.8571,0.895504,car
img_012060.jpg,qre4e99,qre4699,False,1,0.8571,0.117997,car
img_012062.jpg,ppt1g04,ppt1604,False,1,0.8571,0.607222,car
img_012063.jpg,qrj6j94,qrj6594,False,1,0.8571,0.544769,car
img_012070.jpg,qre8f57,qref572,False,2,0.7143,0.578128,car
img_012078.jpg,hbl8b72,mbl8872,False,2,0.7143,0.632804,car
img_012082.jpg,eew8h94,eev8594,False,2,0.7143,0.448658,car
img_012084.jpg,qrh1h27,qr41427,False,2,0.7143,0.156295,car
img_012092.jpg,ove9j90,qve9390,False,2,0.7143,0.268159,car
img_012093.jpg,qri3a81,qri348,False,2,0.7143,0.258588,car
img_012094.jpg,qrl5g63,qrl5663,False,1,0.8571,0.811292,car
img_012095.jpg,ocx2i38,ocx2138,False,1,0.8571,0.869807,car
img_012097.jpg,qrh1h27,qr41427,False,2,0.7143,0.147776,car
img_012114.jpg,mph9b72,mp49872,False,2,0.7143,0.503470,car
img_012115.jpg,msv3c83,msv3683,False,1,0.8571,0.602569,car
img_012116.jpg,qrl2i49,qrl2199,False,2,0.7143,0.546204,car
img_012119.jpg,qre1i40,qre1440,False,1,0.8571,0.449179,car
img_012121.jpg,qre4e62,qref62,False,2,0.7143,0.754565,car
img_012122.jpg,qre6j26,qre6326,False,1,0.8571,0.613481,car
img_012126.jpg,qre4d82,qre9082,False,2,0.7143,0.325372,car
img_012129.jpg,qre5h99,qre5099,False,1,0.8571,0.441985,car
img_012130.jpg,qre4e77,qre4e77,True,0,1.0000,0.297946,car
img_012131.jpg,ppp4c37,ppp4377,False,2,0.7143,0.704312,car
img_012133.jpg,ocx2i38,ocx2178,False,2,0.7143,0.458896,car
img_012136.jpg,qrh1h63,qr41463,False,2,0.7143,0.344663,car
img_012137.jpg,qre6f01,qre603,False,2,0.7143,0.591614,car
img_012139.jpg,ppn6e20,ppn6620,False,1,0.8571,0.235541,car
img_012142.jpg,ppp9c33,ppp9333,False,1,0.8571,0.424948,car
img_012145.jpg,qrg4f05,qrg4605,False,1,0.8571,0.571901,car
img_012146.jpg,qre4d82,qre0082,False,2,0.7143,0.826302,car
img_012149.jpg,ppl5h51,ppl5451,False,1,0.8571,0.277911,car
img_012150.jpg,qrg5c25,qrg5025,False,1,0.8571,0.558580,car
img_012151.jpg,qrj6j94,qrj6194,False,1,0.8571,0.459409,car
img_012162.jpg,qrf6j36,qr6176,False,3,0.5714,0.083057,car
img_012168.jpg,qrl5d88,qrl5088,False,1,0.8571,0.792395,car
img_012170.jpg,qri3a81,qri3a8,False,1,0.8571,0.357902,car
img_012175.jpg,ppp4c37,ppp4337,False,1,0.8571,0.195726,car
img_012176.jpg,oyg3j10,ovg3710,False,2,0.7143,0.208569,car
img_012177.jpg,qre4d82,qre0082,False,2,0.7143,0.848481,car
img_012183.jpg,mss5a48,ms53487,False,3,0.5714,0.366083,car
img_012186.jpg,ovk8i54,qok8154,False,3,0.5714,0.325955,car
img_012187.jpg,qre4e99,qre499,False,1,0.8571,0.262515,car
img_012188.jpg,qre1i41,qre3143,False,3,0.5714,0.428929,car
img_012190.jpg,qrf8g17,qrf8617,False,1,0.8571,0.582751,car
img_012191.jpg,mpz2a30,mp22430,False,2,0.7143,0.751674,car
img_012193.jpg,mpz2a30,mp22430,False,2,0.7143,0.492299,car
img_012194.jpg,qrf8g17,qrf8617,False,1,0.8571,0.283423,car
img_012197.jpg,qre4e99,qre4699,False,1,0.8571,0.614242,car
img_012198.jpg,mpy5a63,mpy3463,False,2,0.7143,0.709360,car
img_012203.jpg,qrf8g17,qre8617,False,2,0.7143,0.314807,car
img_012205.jpg,qre4f45,qre4f45,True,0,1.0000,0.547495,car
img_012206.jpg,ppo9e79,ppo9679,False,1,0.8571,0.599109,car
img_012207.jpg,qre1i46,qre1146,False,1,0.8571,0.564822,car
img_012208.jpg,gfl2a37,gfl247,False,2,0.7143,0.787126,car
img_012209.jpg,fqg0a45,fog0445,False,2,0.7143,0.633454,car
img_012210.jpg,pzl2c24,pzl2624,False,1,0.8571,0.970623,car
img_012214.jpg,qre4f45,qre4645,False,1,0.8571,0.417615,car
img_012216.jpg,qrf8g17,qrf8617,False,1,0.8571,0.512163,car
img_012217.jpg,qre2d62,qre2062,False,1,0.8571,0.864981,car
img_012218.jpg,odm2g44,odm245,False,2,0.7143,0.600550,car
img_012220.jpg,qrf8g17,qrf8617,False,1,0.8571,0.403733,car
img_012221.jpg,qre4e99,qre4699,False,1,0.8571,0.446281,car
img_012223.jpg,qre4f49,qre4449,False,1,0.8571,0.515984,car
img_012224.jpg,mpz2a30,mp22430,False,2,0.7143,0.703505,car
img_012225.jpg,qrf8f09,qrf8f09,True,0,1.0000,0.321705,car
img_012227.jpg,qrf8g17,qrf8617,False,1,0.8571,0.283791,car
img_012228.jpg,qre1i41,qre1141,False,1,0.8571,0.635963,car
img_012230.jpg,hmf0g82,zmp0682,False,3,0.5714,0.022118,car
img_012232.jpg,qrf6j21,qre6723,False,3,0.5714,0.108337,car
img_012233.jpg,qrf0f90,qrf0f90,True,0,1.0000,0.767745,car
img_012234.jpg,mpz2a30,mp22430,False,2,0.7143,0.376928,car
img_012235.jpg,fyo2e04,fyo2604,False,1,0.8571,0.571231,car
img_012236.jpg,qre0f27,qre0f27,True,0,1.0000,0.930844,car
img_012240.jpg,qre0e61,qre0667,False,2,0.7143,0.859791,car
img_012241.jpg,qrf8g17,qrf8617,False,1,0.8571,0.291893,car
img_012242.jpg,qre4e99,qre4699,False,1,0.8571,0.741871,car
img_012243.jpg,fyo2e04,fyo2004,False,1,0.8571,0.813576,car
img_012244.jpg,qre0f26,qre0f26,True,0,1.0000,0.855499,car
img_012246.jpg,ppa9a31,w247551,False,6,0.1429,0.005225,car
img_012248.jpg,qre1i41,qre3143,False,3,0.5714,0.531009,car
img_012249.jpg,qre4d82,qre4082,False,1,0.8571,0.955744,car
img_012254.jpg,gfl2a37,gfl247,False,2,0.7143,0.823609,car
img_012255.jpg,qrf8g17,qrc8617,False,2,0.7143,0.625584,car
img_012256.jpg,ppi7a68,ppi7a68,True,0,1.0000,0.636917,car
img_012258.jpg,qrf8g17,qrf8617,False,1,0.8571,0.483911,car
img_012259.jpg,qre1i41,qre3147,False,3,0.5714,0.612758,car
img_012261.jpg,qre0f27,qre0f27,True,0,1.0000,0.931375,car
img_012262.jpg,gfl2a37,gfl247,False,2,0.7143,0.549097,car
img_012263.jpg,qrf6j17,qrf6317,False,1,0.8571,0.633383,car
img_012264.jpg,qrf8f40,qrf8f40,True,0,1.0000,0.704330,car
img_012267.jpg,ppm1h66,ppm1466,False,1,0.8571,0.305114,car
img_012268.jpg,qrf8f09,qrf8f09,True,0,1.0000,0.385352,car
img_012269.jpg,mqz0j93,moz0393,False,2,0.7143,0.393130,car
img_012274.jpg,qrf8g17,qrf8617,False,1,0.8571,0.361418,car
img_012275.jpg,qre1i46,qre3446,False,2,0.7143,0.731219,car
img_012276.jpg,qre1i43,qre3143,False,2,0.7143,0.473483,car
img_012277.jpg,qre7d75,qre7075,False,1,0.8571,0.971645,car
img_012278.jpg,mst1h25,mst7425,False,2,0.7143,0.084195,car
img_012279.jpg,qrf6i07,qrf6107,False,1,0.8571,0.672265,car
img_012280.jpg,qre8e70,qre8670,False,1,0.8571,0.359168,car
img_012281.jpg,qrf8g17,qrf8617,False,1,0.8571,0.335678,car
img_012282.jpg,mrl9c91,mbl9291,False,2,0.7143,0.097098,car
img_012283.jpg,qrf8f87,qrf8f87,True,0,1.0000,0.304126,car
img_012284.jpg,qrf6j33,qrf6333,False,1,0.8571,0.966788,car
img_012285.jpg,qrf8f14,qrf8f44,False,1,0.8571,0.686343,car
img_012287.jpg,qrf8g17,qrf8617,False,1,0.8571,0.503622,car
img_012288.jpg,qre4e43,qre4643,False,1,0.8571,0.590026,car
img_012290.jpg,qre1i43,qre3143,False,2,0.7143,0.977362,car
img_012295.jpg,fag3b35,fag3835,False,1,0.8571,0.941794,car
img_012297.jpg,qre1i46,qre3446,False,2,0.7143,0.596285,car
img_012298.jpg,qre1i43,qre3143,False,2,0.7143,0.342382,car
img_012300.jpg,qre8e70,qre8e70,True,0,1.0000,0.284145,car
img_012301.jpg,qre1i46,qre346,False,2,0.7143,0.651345,car
img_012303.jpg,qrf6i37,qrf6157,False,2,0.7143,0.535181,car
img_012305.jpg,qre1i11,qre3137,False,4,0.4286,0.266373,car
img_012306.jpg,qre4e43,qre4643,False,1,0.8571,0.346672,car
img_012309.jpg,gfl2a37,gfl247,False,2,0.7143,0.711819,car
img_012310.jpg,qrf6j33,qrf6333,False,1,0.8571,0.799508,car
img_012311.jpg,qre4e99,qre4690,False,2,0.7143,0.648924,car
img_012312.jpg,fyo2e04,fyo2604,False,1,0.8571,0.460221,car
img_012314.jpg,odn2e68,odn2688,False,2,0.7143,0.614555,car
img_012316.jpg,ppl1h66,ppl3466,False,2,0.7143,0.712543,car
img_012317.jpg,ppm0f57,ppm0f57,True,0,1.0000,0.431967,car
img_012318.jpg,qre4e43,qre4643,False,1,0.8571,0.442274,car
img_012319.jpg,qre1i46,qre3146,False,2,0.7143,0.852751,car
img_012321.jpg,qrf8g17,qrf8617,False,1,0.8571,0.816831,car
img_012323.jpg,qre4e43,qre4643,False,1,0.8571,0.412587,car
img_012324.jpg,qre4e99,qre4690,False,2,0.7143,0.415499,car
img_012326.jpg,qre1i11,qre3171,False,3,0.5714,0.301662,car
img_012327.jpg,qre1i46,qre346,False,2,0.7143,0.571878,car
img_012328.jpg,qrf8g17,qrf8617,False,1,0.8571,0.448041,car
img_012330.jpg,qre4e43,qre443,False,1,0.8571,0.507399,car
img_012331.jpg,qrf8g50,qrf8650,False,1,0.8571,0.930749,car
img_012332.jpg,qrf8f34,qrf8f34,True,0,1.0000,0.328708,car
img_012333.jpg,qrf8g17,qrf8617,False,1,0.8571,0.410676,car
img_012334.jpg,qre4e99,qre4090,False,2,0.7143,0.270990,car
img_012335.jpg,qrf6j24,qrf6724,False,1,0.8571,0.333732,car
img_012336.jpg,qrg2i08,qrg2108,False,1,0.8571,0.845743,car
img_012337.jpg,qrf6i07,qrf6107,False,1,0.8571,0.910242,car
img_012338.jpg,ove3f52,qove352,False,2,0.7143,0.412082,car
img_012339.jpg,qrf8g17,qrf8637,False,2,0.7143,0.456960,car
img_012340.jpg,qre1i43,qre3143,False,2,0.7143,0.928868,car
img_012341.jpg,qre1i42,qre3142,False,2,0.7143,0.933381,car
img_012342.jpg,mpz2a30,mp22430,False,2,0.7143,0.258792,car
img_012344.jpg,mtt8f14,mtt8f4,False,1,0.8571,0.282440,car
img_012345.jpg,qrh1h27,qrm1427,False,2,0.7143,0.421175,car
img_012346.jpg,ppk0g10,ppk0610,False,1,0.8571,0.650977,car
img_012348.jpg,qre4e99,qre6000,False,4,0.4286,0.220074,car
img_012350.jpg,qrf8f09,qrf8f09,True,0,1.0000,0.585933,car
img_012351.jpg,qrh7c82,qr47682,False,2,0.7143,0.588212,car
img_012353.jpg,qrf8g17,qrc8617,False,2,0.7143,0.418006,car
img_012354.jpg,qre4e43,qre4443,False,1,0.8571,0.320586,car
img_012355.jpg,qrf8g17,qrf8617,False,1,0.8571,0.507518,car
img_012356.jpg,ppl1h66,ppl3466,False,2,0.7143,0.262570,car
img_012358.jpg,qrf8f09,qrf8f09,True,0,1.0000,0.282637,car
img_012359.jpg,qrf8g17,qrf8617,False,1,0.8571,0.901450,car
img_012361.jpg,qrf8g17,qrf8617,False,1,0.8571,0.413328,car
img_012362.jpg,mtv1e84,mtv1684,False,1,0.8571,0.334787,car
img_012363.jpg,qrg2i08,qrg2108,False,1,0.8571,0.807506,car
img_012365.jpg,fag3b35,fag3835,False,1,0.8571,0.969978,car
img_012366.jpg,qre1i43,qre3143,False,2,0.7143,0.965589,car
img_012368.jpg,qrf8g17,qrf8617,False,1,0.8571,0.379925,car
img_012369.jpg,qrh1h27,qrk1427,False,2,0.7143,0.258886,car
img_012370.jpg,qre4e43,qre4643,False,1,0.8571,0.615017,car
img_012373.jpg,qre4e43,qre4643,False,1,0.8571,0.311493,car
img_012374.jpg,fyo2e04,fyo2004,False,1,0.8571,0.445461,car
img_012376.jpg,pxa4h05,pxa4005,False,1,0.8571,0.553349,car
img_012377.jpg,qrg2i08,qr62108,False,2,0.7143,0.869453,car
img_012382.jpg,mtt8f14,mt78f4,False,2,0.7143,0.531619,car
img_012383.jpg,qrf8f09,qrf8f09,True,0,1.0000,0.554127,car
img_012385.jpg,fag3b35,za63835,False,3,0.5714,0.073508,car
img_012386.jpg,qrf8g17,qrf8617,False,1,0.8571,0.349272,car
img_012387.jpg,qrf6j17,qrf6317,False,1,0.8571,0.513489,car
img_012388.jpg,qre4e43,qre4643,False,1,0.8571,0.598172,car
img_012389.jpg,qrg2h19,qrg2419,False,1,0.8571,0.467297,car
img_012390.jpg,ppl1h66,ppl3m66,False,2,0.7143,0.574876,car
img_012391.jpg,qrf8g17,qrf8617,False,1,0.8571,0.685636,car
img_012392.jpg,qrf8f09,qrf8f09,True,0,1.0000,0.485691,car
img_012393.jpg,qrf8g17,qrf8617,False,1,0.8571,0.460963,car
img_012395.jpg,qre4e43,qre4643,False,1,0.8571,0.437553,car
img_012396.jpg,qrf8f87,qre8f87,False,1,0.8571,0.257157,car
img_012398.jpg,qre1i41,qre3141,False,2,0.7143,0.673026,car
img_012399.jpg,qrf8g17,qrf8617,False,1,0.8571,0.622786,car
img_012400.jpg,ppl1h66,ppl3466,False,2,0.7143,0.750389,car
img_012402.jpg,qre1i11,qre3137,False,4,0.4286,0.359898,car
img_012403.jpg,qrf8g68,qrf8668,False,1,0.8571,0.530610,car
img_012404.jpg,qre0f27,qre0f27,True,0,1.0000,0.960778,car
img_012405.jpg,mpz2a30,mp22430,False,2,0.7143,0.562317,car
img_012406.jpg,qrg2h19,qr62519,False,2,0.7143,0.355673,car
img_012408.jpg,qrf8g17,qrc8617,False,2,0.7143,0.392112,car
img_012411.jpg,qrg6b53,qr46857,False,3,0.5714,0.059404,car
img_012417.jpg,qrf8f09,qrf8f09,True,0,1.0000,0.366771,car
img_012418.jpg,ppl1h66,ppl3466,False,2,0.7143,0.449276,car
img_012419.jpg,qrh7g54,qrk7654,False,2,0.7143,0.840188,car
img_012420.jpg,qre4e43,qref443,False,2,0.7143,0.183416,car
img_012421.jpg,qre4f49,qre4f49,True,0,1.0000,0.480748,car
img_012422.jpg,ppl1h66,ppl366,False,2,0.7143,0.081331,car
img_012423.jpg,qre0f27,qre0f27,True,0,1.0000,0.668815,car
img_012424.jpg,qre8e54,qre8644,False,2,0.7143,0.492926,car
img_012425.jpg,qre4d82,qre4082,False,1,0.8571,0.908129,car
img_012426.jpg,qre1i43,qre3143,False,2,0.7143,0.835475,car
img_012427.jpg,ean2g57,fan2652,False,3,0.5714,0.331230,car
img_012431.jpg,qrh7c82,qrk7682,False,2,0.7143,0.444549,car
img_012432.jpg,qrf8g09,qrf8609,False,1,0.8571,0.344653,car
img_012433.jpg,qrf8f09,qrf8f09,True,0,1.0000,0.188122,car
img_012435.jpg,qre1i43,qre1143,False,1,0.8571,0.494673,car
img_012436.jpg,qre1i46,qre146,False,1,0.8571,0.874801,car
img_012437.jpg,qrh1h27,qrm3427,False,3,0.5714,0.770282,car
img_012438.jpg,qrg4f09,qrg4609,False,1,0.8571,0.447400,car
img_012441.jpg,qrg4f02,gr64602,False,3,0.5714,0.134045,car
img_012442.jpg,qrh7c54,qrm7654,False,2,0.7143,0.406036,car
img_012446.jpg,qrf8g17,qrf8617,False,1,0.8571,0.484173,car
img_012448.jpg,qrf7b75,qre7675,False,2,0.7143,0.841040,car
img_012449.jpg,fyo2e04,fyo2604,False,1,0.8571,0.756073,car
img_012450.jpg,qrf8g17,qrf8617,False,1,0.8571,0.377335,car
img_012451.jpg,qre4e99,qref990,False,3,0.5714,0.298013,car
img_012452.jpg,qrf6i07,qrf6107,False,1,0.8571,0.893098,car
img_012453.jpg,qrg2h80,qrg2580,False,1,0.8571,0.627112,car
img_012455.jpg,qrf8g17,qrf8617,False,1,0.8571,0.592939,car
img_012457.jpg,qre4e99,qre4699,False,1,0.8571,0.474997,car
img_012458.jpg,qrh1h27,qrm3427,False,3,0.5714,0.361474,car
img_012460.jpg,qrf8g17,qrf8617,False,1,0.8571,0.376102,car
img_012461.jpg,qre4e99,qre4690,False,2,0.7143,0.631123,car
img_012465.jpg,ouw8f56,ooum866,False,4,0.4286,0.130668,car
img_012466.jpg,qre6a18,qre6478,False,2,0.7143,0.590384,car
img_012469.jpg,qrg4f02,qrg4002,False,1,0.8571,0.551374,car
img_012472.jpg,qre4e99,qre4690,False,2,0.7143,0.425234,car
img_012473.jpg,qrf6j36,qrf6336,False,1,0.8571,0.524062,car
img_012474.jpg,fyo2e04,fyo2604,False,1,0.8571,0.446665,car
img_012475.jpg,fhn6i20,fbn6120,False,2,0.7143,0.586455,car
img_012476.jpg,pys5h96,pys5496,False,1,0.8571,0.682710,car
img_012478.jpg,qre1i43,qre3143,False,2,0.7143,0.865352,car
img_012480.jpg,qrf8g17,qrf8617,False,1,0.8571,0.619428,car
img_012481.jpg,fou3i88,fou3188,False,1,0.8571,0.996025,car
img_012482.jpg,qre4e99,qre4090,False,2,0.7143,0.515681,car
img_012484.jpg,ppl1h66,ppl3466,False,2,0.7143,0.642345,car
img_012485.jpg,qrf6j32,qrf6332,False,1,0.8571,0.546752,car
img_012486.jpg,qre1i46,qre1146,False,1,0.8571,0.666317,car
img_012487.jpg,fag3b35,fag3875,False,2,0.7143,0.707355,car
img_012489.jpg,qre1i46,qre3146,False,2,0.7143,0.519776,car
img_012490.jpg,qrf8g17,qrc8617,False,2,0.7143,0.287656,car
img_012491.jpg,qre4e99,qre4699,False,1,0.8571,0.565028,car
img_012493.jpg,ean2g57,ean2657,False,1,0.8571,0.959922,car
img_012494.jpg,qrf0f90,qrf0f90,True,0,1.0000,0.732743,car
img_012495.jpg,qrf8g17,qrf8617,False,1,0.8571,0.608085,car
img_012497.jpg,qre4e99,qre4699,False,1,0.8571,0.399272,car
img_012498.jpg,fag3b35,fag3835,False,1,0.8571,0.986774,car
img_012499.jpg,qre4e43,qre4643,False,1,0.8571,0.448470,car
img_012500.jpg,qre1i41,qre3147,False,3,0.5714,0.614117,car
img_012502.jpg,ppl1i54,ppl3154,False,2,0.7143,0.966084,car
img_012506.jpg,qrg2h19,qrg2519,False,1,0.8571,0.503300,car
img_012508.jpg,puv5e07,puv5607,False,1,0.8571,0.570160,car
img_012509.jpg,qre1i43,qre1143,False,1,0.8571,0.523063,car
img_012510.jpg,qrf8f96,qrf8f96,True,0,1.0000,0.320743,car
img_012514.jpg,qri0e80,qri0e80,True,0,1.0000,0.791168,car
img_012515.jpg,qrf8g17,qrf8617,False,1,0.8571,0.327704,car
img_012516.jpg,qre4e99,qre4000,False,3,0.5714,0.314090,car
img_012517.jpg,qre1i43,qre3143,False,2,0.7143,0.963444,car
img_012518.jpg,qre7c42,qre7442,False,1,0.8571,0.617044,car
img_012519.jpg,fur9c33,fur9633,False,1,0.8571,0.415830,car
img_012520.jpg,qre4e43,qre4643,False,1,0.8571,0.336692,car
img_012521.jpg,fou3i88,fou3188,False,1,0.8571,0.992141,car
img_012524.jpg,qrf8g17,qrf8617,False,1,0.8571,0.412405,car
img_012526.jpg,qre4e43,qre4e43,True,0,1.0000,0.395469,car
img_012527.jpg,qrf8f09,qrf8f09,True,0,1.0000,0.652111,car
img_012528.jpg,mtc6h43,myc0m43,False,3,0.5714,0.114515,car
img_012529.jpg,fyo2e04,fyo2604,False,1,0.8571,0.784245,car
img_012530.jpg,qrf8f96,qrf8f96,True,0,1.0000,0.627055,car
img_012531.jpg,qrh1h27,qrk1427,False,2,0.7143,0.223402,car
img_012532.jpg,qre1h96,qre3496,False,2,0.7143,0.550644,car
img_012533.jpg,qre4e48,qre448,False,1,0.8571,0.782582,car
img_012534.jpg,qre1i59,qre3159,False,2,0.7143,0.877529,car
img_012535.jpg,fyo2e04,fyo2604,False,1,0.8571,0.398708,car
img_012536.jpg,qrg0d06,qrg0000,False,2,0.7143,0.970522,car
img_012539.jpg,qre1i43,qre3143,False,2,0.7143,0.924188,car
img_012540.jpg,qrf8f09,qrf8f09,True,0,1.0000,0.474010,car
img_012541.jpg,fag3b35,fag3835,False,1,0.8571,0.685794,car
img_012543.jpg,qrf8g05,qrf8605,False,1,0.8571,0.505010,car
img_012545.jpg,qrf8g17,qrf8617,False,1,0.8571,0.626146,car
img_012546.jpg,qri0e12,qri0e12,True,0,1.0000,0.600859,car
img_012547.jpg,qre1i46,qre1446,False,1,0.8571,0.468639,car
img_012548.jpg,qrh1h63,qr41463,False,2,0.7143,0.182353,car
img_012549.jpg,qrf4e89,qr44689,False,2,0.7143,0.542113,car
img_012551.jpg,qrf8g17,qrf8617,False,1,0.8571,0.352969,car
img_012552.jpg,qre1i46,qre1146,False,1,0.8571,0.375092,car
img_012553.jpg,qrf8f96,qrf8f96,True,0,1.0000,0.462249,car
img_012555.jpg,ppl1h66,ppl3m66,False,2,0.7143,0.465654,car
img_012557.jpg,fag3b35,fac3835,False,2,0.7143,0.459780,car
img_012558.jpg,qrf8g17,qrf8617,False,1,0.8571,0.536198,car
img_012559.jpg,qre4e99,qre4990,False,2,0.7143,0.228634,car
img_012560.jpg,qrf8f09,qre8f09,False,1,0.8571,0.257883,car
img_012561.jpg,qrf5j08,qrf5308,False,1,0.8571,0.927307,car
img_012563.jpg,qrf5b41,qrf5843,False,2,0.7143,0.457304,car
img_012564.jpg,heq4e66,me04666,False,3,0.5714,0.536094,car
img_012565.jpg,qrf7b72,qrf7872,False,1,0.8571,0.978312,car
img_012566.jpg,qrf8g17,qrf8617,False,1,0.8571,0.388504,car
img_012567.jpg,qre0f26,qre0f26,True,0,1.0000,0.921923,car
img_012569.jpg,qrh1h27,qrk1427,False,2,0.7143,0.625331,car
img_012570.jpg,ppm5d93,ppm5093,False,1,0.8571,0.790238,car
img_012571.jpg,qrf0f90,qro0f20,False,2,0.7143,0.116922,car
img_012575.jpg,qre1i41,qre3147,False,3,0.5714,0.247373,car
img_012576.jpg,qri4f70,qri4670,False,1,0.8571,0.547875,car
img_012577.jpg,qrh7c82,qrk7682,False,2,0.7143,0.703716,car
img_012578.jpg,qrf8f09,qrf8f07,False,1,0.8571,0.432367,car
img_012581.jpg,ppl1h66,ppl2468,False,3,0.5714,0.199588,car
img_012582.jpg,qre2i77,qre2177,False,1,0.8571,0.900562,car
img_012583.jpg,qrf6i81,qrf6181,False,1,0.8571,0.839440,car
img_012584.jpg,qrf8g17,qrf8617,False,1,0.8571,0.242313,car
img_012585.jpg,qrf8f96,qrf8f96,True,0,1.0000,0.355632,car
img_012589.jpg,qre4e48,qr4648,False,2,0.7143,0.546340,car
img_012590.jpg,qrf8f96,qrf8f96,True,0,1.0000,0.448382,car
img_012591.jpg,qrf8g68,qrf8668,False,1,0.8571,0.735813,car
img_012592.jpg,qre1i46,qre1146,False,1,0.8571,0.370253,car
img_012594.jpg,qre1h96,qre3496,False,2,0.7143,0.251043,car
img_012595.jpg,qrf8g17,qrf8617,False,1,0.8571,0.604892,car
img_012596.jpg,qrf8f96,qrf8f96,True,0,1.0000,0.540762,car
img_012597.jpg,qre4e99,qre4699,False,1,0.8571,0.720776,car
img_012598.jpg,fag3b35,fag3835,False,1,0.8571,0.527449,car
img_012603.jpg,qre4d82,qre408,False,2,0.7143,0.810004,car
img_012604.jpg,qre4e43,qre9e43,False,1,0.8571,0.362897,car
img_012605.jpg,qre1i11,qre3177,False,4,0.4286,0.426113,car
img_012606.jpg,qre0f27,qre0f27,True,0,1.0000,0.972571,car
img_012607.jpg,qre4e43,qre4643,False,1,0.8571,0.472628,car
img_012608.jpg,qrh1h27,qrk3427,False,3,0.5714,0.549974,car
img_012609.jpg,ppp9h02,pp99502,False,2,0.7143,0.368278,car
img_012611.jpg,qri3f41,qr13647,False,3,0.5714,0.216004,car
img_012612.jpg,kxw1b41,mx41847,False,4,0.4286,0.126359,car
img_012614.jpg,qrf8g17,qrf8617,False,1,0.8571,0.676272,car
img_012616.jpg,ocy5b52,ocy5852,False,1,0.8571,0.470111,car
img_012617.jpg,qre4f49,qre4649,False,1,0.8571,0.410598,car
img_012620.jpg,qrf6j36,qrf6376,False,2,0.7143,0.618631,car
img_012623.jpg,qre1i46,qre3146,False,2,0.7143,0.645766,car
img_012624.jpg,mqa3d68,mqa3068,False,1,0.8571,0.203578,car
img_012625.jpg,qre4e43,qre4f43,False,1,0.8571,0.324727,car
img_012626.jpg,qre4f45,qre4f45,True,0,1.0000,0.471711,car
img_012627.jpg,qrf8f96,qrf8f96,True,0,1.0000,0.287410,car
img_012628.jpg,qrf8g17,qrc8617,False,2,0.7143,0.406308,car
img_012633.jpg,qre1i41,qre3147,False,3,0.5714,0.718979,car
img_012637.jpg,qrg4f03,2864503,False,4,0.4286,0.044967,car
img_012638.jpg,qrf8g17,qre8617,False,2,0.7143,0.394991,car
img_012639.jpg,qrf8f96,qrf8f96,True,0,1.0000,0.642280,car
img_012640.jpg,qrf6j24,qrf0724,False,2,0.7143,0.388937,car
img_012641.jpg,gsa4h53,gsa4553,False,1,0.8571,0.969253,car
img_012642.jpg,qre4e43,qre4643,False,1,0.8571,0.283187,car
img_012644.jpg,qrf8f96,qrf8696,False,1,0.8571,0.363412,car
img_012645.jpg,qrf8f09,qrf8609,False,1,0.8571,0.496784,car
img_012648.jpg,qre1i41,qre3145,False,3,0.5714,0.293100,car
img_012650.jpg,qrj0e37,qrj0677,False,2,0.7143,0.356443,car
img_012652.jpg,ean2g57,ean2657,False,1,0.8571,0.930062,car
img_012653.jpg,qrf8f87,qrf8687,False,1,0.8571,0.618879,car
img_012657.jpg,fag3b35,fag3355,False,2,0.7143,0.807567,car
img_012658.jpg,qre1i46,qre1146,False,1,0.8571,0.509631,car
img_012660.jpg,qre4e43,qre4643,False,1,0.8571,0.331097,car
img_012665.jpg,qrf8g17,qrf8637,False,2,0.7143,0.756214,car
img_012666.jpg,qrg2h80,qrg2580,False,1,0.8571,0.587029,car
img_012668.jpg,qrf6j33,qrf6333,False,1,0.8571,0.211590,car
img_012669.jpg,qrg2h80,qrg2580,False,1,0.8571,0.282549,car
img_012671.jpg,qrg4b68,qrg4868,False,1,0.8571,0.816114,car
img_012672.jpg,qrj3e15,qr33645,False,3,0.5714,0.108118,car
img_012675.jpg,qre7c42,qre7642,False,1,0.8571,0.468905,car
img_012676.jpg,qrf8g17,qrf8617,False,1,0.8571,0.282112,car
img_012677.jpg,qrf6j17,qrf6317,False,1,0.8571,0.602622,car
img_012679.jpg,qrf8g09,qr48609,False,2,0.7143,0.192342,car
img_012680.jpg,qrh1h27,qrk1427,False,2,0.7143,0.285651,car
img_012684.jpg,qre4d82,qre4082,False,1,0.8571,0.684246,car
img_012687.jpg,qre1i59,qre3159,False,2,0.7143,0.764135,car
img_012688.jpg,qrg2h80,qrg2580,False,1,0.8571,0.595527,car
img_012689.jpg,qrg2h80,qrg2580,False,1,0.8571,0.673237,car
img_012692.jpg,qrf6i07,qrf6107,False,1,0.8571,0.477289,car
img_012693.jpg,qrg2h80,qr62580,False,2,0.7143,0.607294,car
img_012694.jpg,qre1i46,qre3146,False,2,0.7143,0.308232,car
img_012695.jpg,qre1i43,qre1143,False,1,0.8571,0.618674,car
img_012696.jpg,qrf8g17,qrf8617,False,1,0.8571,0.686474,car
img_012697.jpg,ppl1h66,ppl3460,False,3,0.5714,0.451105,car
img_012698.jpg,qre4f45,qr4645,False,2,0.7143,0.359556,car
img_012700.jpg,qre4e43,qre4e43,True,0,1.0000,0.695511,car
img_012704.jpg,lsq9a21,ls09424,False,3,0.5714,0.508502,car
img_012706.jpg,oyf4i12,ovf4112,False,2,0.7143,0.545516,car
img_012708.jpg,qre4e99,qre9000,False,4,0.4286,0.164128,car
img_012709.jpg,qre4f49,qre4440,False,2,0.7143,0.476472,car
img_012710.jpg,qre1i46,qre1146,False,1,0.8571,0.628073,car
img_012711.jpg,qre1i46,qre3146,False,2,0.7143,0.190550,car
img_012712.jpg,qnk9f41,onz9147,False,4,0.4286,0.144107,car
img_012716.jpg,qrg2h80,qrg2580,False,1,0.8571,0.692551,car
img_012717.jpg,ode2e62,ode262,False,1,0.8571,0.375456,car
img_012720.jpg,qrg2h80,qrg2580,False,1,0.8571,0.460412,car
img_012721.jpg,qrh1h27,qrk1427,False,2,0.7143,0.401707,car
img_012724.jpg,qrh1h27,dbh7877,False,5,0.2857,0.171889,car
img_012726.jpg,qrf6j36,qrf6336,False,1,0.8571,0.721174,car
img_012727.jpg,ppp4b24,pd98242,False,5,0.2857,0.237092,car
img_012728.jpg,qrh1h27,qrm3427,False,3,0.5714,0.431605,car
img_012730.jpg,pxr6a39,pxp6439,False,2,0.7143,0.162626,car
img_012731.jpg,gfl2a37,gfl247,False,2,0.7143,0.499712,car
img_012732.jpg,qre4e43,qre4443,False,1,0.8571,0.401598,car
img_012733.jpg,qrf8f40,qrf8440,False,1,0.8571,0.473951,car
img_012734.jpg,qre1i46,qre1146,False,1,0.8571,0.756243,car
img_012735.jpg,ppl1h66,ppl3466,False,2,0.7143,0.801605,car
img_012736.jpg,qre1i41,qre3145,False,3,0.5714,0.312059,car
img_012737.jpg,qre4e62,qre4662,False,1,0.8571,0.740869,car
img_012738.jpg,qre1i38,qre3138,False,2,0.7143,0.974592,car
img_012740.jpg,qre4e62,qre4622,False,2,0.7143,0.355152,car
img_012742.jpg,qrg2h19,dbo2417,False,5,0.2857,0.148291,car
img_012743.jpg,ppl1h66,ppl3m66,False,2,0.7143,0.481987,car
img_012745.jpg,qre4e99,cre4690,False,3,0.5714,0.224801,car
img_012747.jpg,fag3b35,fag3835,False,1,0.8571,0.941745,car
img_012750.jpg,qrf8f87,qre8687,False,2,0.7143,0.316043,car
img_012751.jpg,qre4f49,qref492,False,2,0.7143,0.263500,car
img_012753.jpg,qre4e62,qre4662,False,1,0.8571,0.880869,car
img_012754.jpg,mtd9e10,mtd9610,False,1,0.8571,0.132469,car
img_012757.jpg,qrf8f09,qrf8f09,True,0,1.0000,0.332193,car
img_012758.jpg,qrf8g09,qrf8607,False,2,0.7143,0.129254,car
img_012759.jpg,odc4h37,odc4537,False,1,0.8571,0.389186,car
img_012763.jpg,fag3b35,fag3835,False,1,0.8571,0.292052,car
img_012767.jpg,qre4e99,qre4090,False,2,0.7143,0.346814,car
img_012772.jpg,qrf6i13,qrc6173,False,3,0.5714,0.528985,car
img_012774.jpg,qnj5b81,qn35881,False,2,0.7143,0.296052,car
img_012776.jpg,odq9d63,0dq903,False,3,0.5714,0.325908,car
img_012779.jpg,qre4e43,qre4e43,True,0,1.0000,0.491572,car
img_012780.jpg,qre1i59,qre1159,False,1,0.8571,0.551143,car
img_012781.jpg,qrg2h80,qrg2580,False,1,0.8571,0.865037,car
img_012782.jpg,msv3c83,msv3683,False,1,0.8571,0.583660,car
img_012783.jpg,ogb1h02,ogb1402,False,1,0.8571,0.322621,car
img_012784.jpg,qre4e43,qre4643,False,1,0.8571,0.545366,car
img_012785.jpg,qre4e62,qre4662,False,1,0.8571,0.746677,car
img_012787.jpg,qrf8f09,qrf8f09,True,0,1.0000,0.339286,car
img_012788.jpg,qre1i41,qre3143,False,3,0.5714,0.286601,car
img_012790.jpg,qre4e43,ore4e43,False,1,0.8571,0.137489,car
img_012792.jpg,ppl1h66,ppl3466,False,2,0.7143,0.564161,car
img_012793.jpg,qre1i43,qre3143,False,2,0.7143,0.789487,car
img_012794.jpg,qre4e62,qre4662,False,1,0.8571,0.577445,car
img_012795.jpg,qrg2h80,dbg2580,False,3,0.5714,0.234331,car
img_012796.jpg,qrf8f96,qrf8f96,True,0,1.0000,0.406866,car
img_012797.jpg,qre4e99,qre4990,False,2,0.7143,0.533799,car
img_012800.jpg,qre1i46,qre1446,False,1,0.8571,0.431867,car
img_012802.jpg,qre4e62,qre4662,False,1,0.8571,0.451948,car
img_012805.jpg,qre1i41,qre1447,False,2,0.7143,0.641326,car
img_012806.jpg,qrf6i37,qrf6137,False,1,0.8571,0.727172,car
img_012808.jpg,qrd7h42,qrd7442,False,1,0.8571,0.941191,car
img_012810.jpg,qre7d75,qre7075,False,1,0.8571,0.966042,car
img_012812.jpg,odq9d63,0009063,False,4,0.4286,0.100062,car
img_012813.jpg,qre1i43,qre3143,False,2,0.7143,0.449623,car
img_012814.jpg,qre4e62,qre4662,False,1,0.8571,0.824710,car
img_012816.jpg,qre1h96,qre3496,False,2,0.7143,0.791530,car
img_012819.jpg,msm1i02,msm3102,False,2,0.7143,0.479863,car
img_012822.jpg,qrh1h27,qrm1427,False,2,0.7143,0.692323,car
img_012824.jpg,qre4e99,qre4699,False,1,0.8571,0.488658,car
img_012825.jpg,odq9d63,0007063,False,5,0.2857,0.211268,car
img_012826.jpg,qre1i46,qre1446,False,1,0.8571,0.392559,car
img_012828.jpg,qrj7e75,qrj7675,False,1,0.8571,0.681246,car
img_012829.jpg,odq9d63,0d09063,False,3,0.5714,0.334930,car
img_012832.jpg,qre4e99,qre4090,False,2,0.7143,0.287907,car
img_012833.jpg,qre1i43,qre3143,False,2,0.7143,0.695175,car
img_012838.jpg,fag3b35,fag3835,False,1,0.8571,0.786705,car
img_012839.jpg,qrf8g09,qrf8609,False,1,0.8571,0.734579,car
img_012840.jpg,fag3b35,wag3835,False,2,0.7143,0.135299,car
img_012841.jpg,qrj6j85,qrj6385,False,1,0.8571,0.365237,car
img_012842.jpg,qre1i43,qre3143,False,2,0.7143,0.645669,car
img_012844.jpg,qre0e61,oreq681,False,4,0.4286,0.019670,car
img_012847.jpg,qre6f01,qre6f01,True,0,1.0000,0.917176,car
img_012849.jpg,qre4i08,qr4108,False,2,0.7143,0.550599,car
img_012851.jpg,odq9d63,0d0905,False,5,0.2857,0.096659,car
img_012852.jpg,qre4e62,qre4662,False,1,0.8571,0.769184,car
img_012855.jpg,qre4e62,qref62,False,2,0.7143,0.701851,car
img_012856.jpg,fyo2e04,fyo2604,False,1,0.8571,0.507500,car
img_012858.jpg,qrf8f96,qrf8f96,True,0,1.0000,0.408673,car
img_012859.jpg,qre4e43,qre4643,False,1,0.8571,0.419743,car
img_012860.jpg,oyi4d94,qvi4094,False,3,0.5714,0.719937,car
img_012862.jpg,qrh1h63,qr43463,False,3,0.5714,0.186571,car
img_012864.jpg,qre4e99,qre699,False,2,0.7143,0.627502,car
img_012865.jpg,qrf8f96,qrf8f96,True,0,1.0000,0.564230,car
img_012866.jpg,qre4e43,qre4f43,False,1,0.8571,0.391911,car
img_012867.jpg,qrg2h19,qrg2412,False,2,0.7143,0.264345,car
img_012869.jpg,fag3b35,fa63835,False,2,0.7143,0.443564,car
img_012871.jpg,qri0e80,qri0e80,True,0,1.0000,0.497765,car
img_012873.jpg,kfr4f88,ken4888,False,3,0.5714,0.242892,car
img_012874.jpg,qrf8f96,qrf8f96,True,0,1.0000,0.591673,car
img_012875.jpg,qre4e62,qre4662,False,1,0.8571,0.891823,car
img_012876.jpg,qre1i43,ore3143,False,3,0.5714,0.330219,car
img_012878.jpg,qre1i41,qre3147,False,3,0.5714,0.418553,car
img_012879.jpg,qrf8f96,qre8f96,False,1,0.8571,0.503653,car
img_012881.jpg,qrf8f96,qrf8696,False,1,0.8571,0.612719,car
img_012883.jpg,gfl2a37,gfl247,False,2,0.7143,0.432009,car
img_012886.jpg,qrh1h27,qrk1527,False,2,0.7143,0.190821,car
img_012890.jpg,fag3b35,fag3835,False,1,0.8571,0.983956,car
img_012891.jpg,qre7c42,qre7442,False,1,0.8571,0.900042,car
img_012892.jpg,qrf8f96,qrf8f06,False,1,0.8571,0.669252,car
img_012893.jpg,qrh1h27,qrm7422,False,4,0.4286,0.199937,car
img_012897.jpg,qrf8g68,qrf8668,False,1,0.8571,0.582731,car
img_012898.jpg,qre4e99,qref000,False,4,0.4286,0.208638,car
img_012899.jpg,fyo2e04,fyo2604,False,1,0.8571,0.584032,car
img_012901.jpg,qrf6i13,qrf6173,False,2,0.7143,0.698697,car
img_012903.jpg,qre7d75,qre7075,False,1,0.8571,0.906107,car
img_012904.jpg,qre4e62,qre4662,False,1,0.8571,0.680059,car
img_012905.jpg,ppl1h66,ppl7466,False,2,0.7143,0.178047,car
img_012906.jpg,qrf8f09,qrf8f09,True,0,1.0000,0.689894,car
img_012907.jpg,qrf8g17,qrf8617,False,1,0.8571,0.574099,car
img_012908.jpg,qre1i43,qre3143,False,2,0.7143,0.942490,car
img_012909.jpg,qrf8f96,qrf8f96,True,0,1.0000,0.479802,car
img_012911.jpg,qrg2h80,qr62580,False,2,0.7143,0.679152,car
img_012915.jpg,qrf8g17,qrf8617,False,1,0.8571,0.211437,car
img_012917.jpg,qrf8f96,qrf8f96,True,0,1.0000,0.464547,car
img_012918.jpg,qre4e43,qre4443,False,1,0.8571,0.544529,car
img_012920.jpg,qre4f45,qre4645,False,1,0.8571,0.474517,car
img_012921.jpg,qrj6j85,qrj6785,False,1,0.8571,0.403397,car
img_012922.jpg,qrf8g17,qrf8617,False,1,0.8571,0.505587,car
img_012923.jpg,qre4f51,qre4551,False,1,0.8571,0.443399,car
img_012924.jpg,qrf8f96,qrf8f96,True,0,1.0000,0.365407,car
img_012926.jpg,qre4e43,qre4443,False,1,0.8571,0.546137,car
img_012927.jpg,ppl1h66,ppl3466,False,2,0.7143,0.415116,car
img_012928.jpg,qre1i60,qre3160,False,2,0.7143,0.948191,car
img_012929.jpg,qre4e62,qre4662,False,1,0.8571,0.873430,car
img_012940.jpg,qrf4b71,qrf4871,False,1,0.8571,0.715750,car
img_012941.jpg,lts8j63,lts8163,False,1,0.8571,0.286844,car
img_012943.jpg,qrf8g17,qrf8637,False,2,0.7143,0.333284,car
img_012944.jpg,qre7i36,qre7136,False,1,0.8571,0.967764,car
img_012946.jpg,ppl1h66,ppl3486,False,3,0.5714,0.090990,car
img_012949.jpg,qrf8g17,qrf8617,False,1,0.8571,0.393342,car
img_012950.jpg,qrk3j82,qrk318,False,2,0.7143,0.428228,car
img_012951.jpg,qre1i41,qre3141,False,2,0.7143,0.622603,car
img_012952.jpg,aue1b95,aue1895,False,1,0.8571,0.477463,car
img_012955.jpg,qre4e43,qre4643,False,1,0.8571,0.435200,car
img_012956.jpg,qre4e62,qre4622,False,2,0.7143,0.381857,car
img_012957.jpg,qre1i60,qre3160,False,2,0.7143,0.898619,car
img_012960.jpg,qrf8f09,qrf8f09,True,0,1.0000,0.642282,car
img_012968.jpg,msq5f92,ms0592,False,2,0.7143,0.754828,car
img_012970.jpg,nyf0h73,zyf0573,False,2,0.7143,0.138820,car
img_012971.jpg,nyf0h73,nyf0573,False,1,0.8571,0.460999,car
img_012982.jpg,qre8i54,qre8154,False,1,0.8571,0.799262,car
img_012983.jpg,old2j80,old2380,False,1,0.8571,0.730412,car
img_012986.jpg,old2j80,old2380,False,1,0.8571,0.674275,car
img_012988.jpg,ora9g08,ora9608,False,1,0.8571,0.590548,car
img_012989.jpg,oda0i25,oda0125,False,1,0.8571,0.740879,car
img_012992.jpg,ocw2a98,dc92498,False,3,0.5714,0.521215,car
img_013001.jpg,lll5h22,ll45422,False,2,0.7143,0.137237,car
img_013003.jpg,msb9b52,msb952,False,1,0.8571,0.565327,car
img_013011.jpg,qrk4i40,qrk4140,False,1,0.8571,0.979028,car
img_013013.jpg,qre1i46,qre3146,False,2,0.7143,0.565907,car
img_013016.jpg,hdh0h56,wow0556,False,4,0.4286,0.077689,car
img_013017.jpg,ppo8g15,ppo8615,False,1,0.8571,0.357609,car
img_013021.jpg,odo8b63,od08633,False,3,0.5714,0.208472,car
img_013022.jpg,mte4e11,myef17,False,4,0.4286,0.064231,car
img_013028.jpg,mrx7i46,mpx7146,False,2,0.7143,0.542058,car
img_013029.jpg,ppe8f16,ppe6116,False,2,0.7143,0.126580,car
img_013033.jpg,qri4j71,qri4371,False,1,0.8571,0.362065,car
img_013041.jpg,ovk5j61,ovk5161,False,1,0.8571,0.110987,car
img_013042.jpg,qrg5b59,qrg5857,False,2,0.7143,0.418470,car
img_013047.jpg,odk6h14,odk6144,False,2,0.7143,0.483815,car
img_013062.jpg,qrb8j99,qr88399,False,2,0.7143,0.523896,car
img_013066.jpg,qrk3f95,qrk3695,False,1,0.8571,0.498982,car
img_013073.jpg,qre9d62,qre9062,False,1,0.8571,0.978107,car
img_013075.jpg,mtq7c43,wto243,False,4,0.4286,0.246290,car
img_013078.jpg,ppw3j64,ppu3564,False,2,0.7143,0.594684,car
img_013082.jpg,lqa4d90,loa4070,False,3,0.5714,0.434736,car
img_013100.jpg,qri2d78,qr12078,False,2,0.7143,0.886285,car
img_013102.jpg,qrj3j18,ory5118,False,4,0.4286,0.156536,car
img_013103.jpg,qri9c51,qri9652,False,2,0.7143,0.424873,car
img_013106.jpg,msi8c39,ms18638,False,3,0.5714,0.340693,car
img_013108.jpg,qrf0f90,qrf0f90,True,0,1.0000,0.727503,car
img_013112.jpg,qrf8f96,qrf8f96,True,0,1.0000,0.615017,car
img_013113.jpg,qrk6j14,qrk6714,False,1,0.8571,0.342942,car
img_013126.jpg,ppp1b04,ppp1804,False,1,0.8571,0.819993,car
img_013134.jpg,flx7f62,alx7622,False,3,0.5714,0.270590,car
img_013143.jpg,qre4e43,qre9643,False,2,0.7143,0.182538,car
img_013144.jpg,mtx9c25,mtx0625,False,2,0.7143,0.141168,car
img_013146.jpg,ocw3f50,oc43650,False,2,0.7143,0.203200,car
img_013147.jpg,qrk2i33,qrk2133,False,1,0.8571,0.942415,car
img_013148.jpg,qre6f98,qre6098,False,1,0.8571,0.221827,car
img_013150.jpg,mtx8b86,mtx8886,False,1,0.8571,0.557986,car
img_013153.jpg,qre9a37,qre9437,False,1,0.8571,0.770915,car
img_013156.jpg,mta4h86,mta4586,False,1,0.8571,0.548345,car
img_013157.jpg,odm0j99,eod9099,False,3,0.5714,0.135536,car
img_013168.jpg,odi2d62,od12062,False,2,0.7143,0.579526,car
img_013178.jpg,epl2j77,epl2377,False,1,0.8571,0.815118,car
img_013180.jpg,odk6f46,odk646,False,1,0.8571,0.867883,car
img_013182.jpg,ovj9b59,ovj089,False,3,0.5714,0.332686,car
img_013183.jpg,qrf8f96,qrf8f96,True,0,1.0000,0.632742,car
img_013193.jpg,mpj4j34,mp34534,False,2,0.7143,0.160402,car
img_013199.jpg,dml7h99,dml7500,False,3,0.5714,0.674299,car
img_013209.jpg,ppn2c23,pph2622,False,3,0.5714,0.300598,car
img_013219.jpg,knw6e36,cn46636,False,3,0.5714,0.107699,car
img_013221.jpg,pps7g04,pps7604,False,1,0.8571,0.805807,car
img_013228.jpg,qrj5g92,qrj5692,False,1,0.8571,0.438021,car
img_013229.jpg,ppq8e42,ppo6442,False,3,0.5714,0.243469,car
img_013244.jpg,pkd6f49,pkd6449,False,1,0.8571,0.658246,car
img_013246.jpg,kza3i08,kza3108,False,1,0.8571,0.668355,car
img_013255.jpg,mqy1f17,mov1617,False,3,0.5714,0.773827,car
img_013257.jpg,msb7j14,msb7314,False,1,0.8571,0.474327,car
img_013263.jpg,mqh4j22,mom4722,False,3,0.5714,0.439032,car
img_013265.jpg,ppf2a27,ppf2427,False,1,0.8571,0.898403,car
img_013270.jpg,qnj5b81,qn3587,False,3,0.5714,0.239146,car
img_013272.jpg,mtz7h33,mt27533,False,2,0.7143,0.382736,car
img_013279.jpg,qrf8g17,qrf8617,False,1,0.8571,0.561435,car
img_013281.jpg,qre4e43,qre4643,False,1,0.8571,0.464522,car
img_013282.jpg,qrg4e18,qrg4e18,True,0,1.0000,0.424902,car
img_013285.jpg,ocx4f43,ocx4643,False,1,0.8571,0.417323,car
img_013286.jpg,qrf8f09,qre8f07,False,2,0.7143,0.464720,car
img_013287.jpg,qre7c42,dbe7442,False,3,0.5714,0.242458,car
img_013288.jpg,mqa3d68,moa3068,False,2,0.7143,0.906767,car
img_013289.jpg,aue1b95,aue1895,False,1,0.8571,0.449442,car
img_013290.jpg,qrf8g17,qrf8617,False,1,0.8571,0.688830,car
img_013291.jpg,qrf8f96,qrf8696,False,1,0.8571,0.204193,car
img_013294.jpg,qrh1h27,qrk1527,False,2,0.7143,0.453028,car
img_013299.jpg,qrf8g17,qrf8617,False,1,0.8571,0.345410,car
img_013301.jpg,qre4e62,qre4662,False,1,0.8571,0.638420,car
img_013302.jpg,qrf8f96,qrf8696,False,1,0.8571,0.539336,car
img_013303.jpg,qre4e62,qre4662,False,1,0.8571,0.839891,car
img_013304.jpg,fag3b35,fag3835,False,1,0.8571,0.987566,car
img_013305.jpg,qrf8f96,qrf8696,False,1,0.8571,0.427779,car
img_013306.jpg,qrg2h80,qrg2580,False,1,0.8571,0.790015,car
img_013308.jpg,qrf8g17,qrf8617,False,1,0.8571,0.573104,car
img_013310.jpg,qrf8g17,qrf8617,False,1,0.8571,0.420975,car
img_013311.jpg,qre1i46,qre3146,False,2,0.7143,0.389017,car
img_013312.jpg,qre1i46,qre3146,False,2,0.7143,0.688616,car
img_013314.jpg,qre4e62,qre4662,False,1,0.8571,0.833244,car
img_013315.jpg,qrf7b72,qdf7872,False,2,0.7143,0.319547,car
img_013318.jpg,qrk1b36,qrk1836,False,1,0.8571,0.909374,car
img_013319.jpg,ppl1h66,ppl3566,False,2,0.7143,0.233958,car
img_013320.jpg,qre4e43,qre4643,False,1,0.8571,0.389777,car
img_013323.jpg,qrf8f96,qrf8f96,True,0,1.0000,0.644649,car
img_013325.jpg,aue1b95,aue7895,False,2,0.7143,0.413704,car
img_013327.jpg,qrf8g68,qrf8668,False,1,0.8571,0.714818,car
img_013328.jpg,qre2d62,qre2062,False,1,0.8571,0.968019,car
img_013329.jpg,qrg6d48,qrg6048,False,1,0.8571,0.934807,car
img_013330.jpg,qre6h49,qre6449,False,1,0.8571,0.530583,car
img_013331.jpg,qrf8g17,qrf8617,False,1,0.8571,0.336921,car
img_013332.jpg,qrf8g17,qrf8617,False,1,0.8571,0.764305,car
img_013333.jpg,qre1i43,qre3143,False,2,0.7143,0.858015,car
img_013334.jpg,qre1i46,qre3146,False,2,0.7143,0.592165,car
img_013335.jpg,aue1b95,aue7805,False,3,0.5714,0.196588,car
img_013337.jpg,qre4e99,qre9099,False,2,0.7143,0.223523,car
img_013338.jpg,qre3h89,qre3489,False,1,0.8571,0.375963,car
img_013343.jpg,qre1i43,qre3143,False,2,0.7143,0.760778,car
img_013346.jpg,qre8f57,qre8657,False,1,0.8571,0.856980,car
img_013347.jpg,qrf8f96,qrf8696,False,1,0.8571,0.508932,car
img_013348.jpg,qre1i40,qre1400,False,2,0.7143,0.447330,car
img_013349.jpg,qre4e43,qre4643,False,1,0.8571,0.555058,car
img_013350.jpg,qre4e62,qre4662,False,1,0.8571,0.875069,car
img_013351.jpg,qre1i46,qre3146,False,2,0.7143,0.608251,car
img_013352.jpg,qre4e62,qre4687,False,3,0.5714,0.769428,car
img_013353.jpg,qrk3j82,qrk3182,False,1,0.8571,0.400757,car
img_013357.jpg,qrf8g17,qrf8617,False,1,0.8571,0.302704,car
img_013360.jpg,mte0d29,my00229,False,3,0.5714,0.289502,car
img_013361.jpg,qre7c37,qre7c37,True,0,1.0000,0.665599,car
img_013363.jpg,qre4e62,qre4662,False,1,0.8571,0.874225,car
img_013365.jpg,ocv5g06,ocv5606,False,1,0.8571,0.844908,car
img_013369.jpg,qrf8f87,qrf8f87,True,0,1.0000,0.632652,car
img_013371.jpg,qre2d62,qre2062,False,1,0.8571,0.981663,car
img_013376.jpg,aue1b95,aue3895,False,2,0.7143,0.498785,car
img_013377.jpg,oyg9e60,ovg960,False,2,0.7143,0.180233,car
img_013378.jpg,qrg2i01,qrg2101,False,1,0.8571,0.840936,car
img_013379.jpg,qrg2h80,qrg2660,False,2,0.7143,0.221854,car
img_013380.jpg,qrf8g17,qrf8637,False,2,0.7143,0.386991,car
img_013381.jpg,qre4e62,qre4662,False,1,0.8571,0.753840,car
img_013382.jpg,qre1i43,qre1143,False,1,0.8571,0.664399,car
img_013383.jpg,qrf8g17,qrc8617,False,2,0.7143,0.409899,car
img_013385.jpg,qrj7j93,qr37303,False,3,0.5714,0.511754,car
img_013386.jpg,qre4e62,qre4662,False,1,0.8571,0.823321,car
img_013387.jpg,fyo2e04,fyo2604,False,1,0.8571,0.423639,car
img_013388.jpg,qre7d72,qre7072,False,1,0.8571,0.914452,car
img_013389.jpg,aue1b95,aue1895,False,1,0.8571,0.460712,car
img_013390.jpg,qrg1i51,qrg1151,False,1,0.8571,0.518999,car
img_013392.jpg,qrg2h80,qrg2480,False,1,0.8571,0.656343,car
img_013394.jpg,qrf8g17,qrf8617,False,1,0.8571,0.572725,car
img_013395.jpg,qrf8f96,qrf8f96,True,0,1.0000,0.353396,car
img_013396.jpg,qrh1h27,qrk1427,False,2,0.7143,0.393715,car
img_013397.jpg,qre4e99,qre4690,False,2,0.7143,0.429244,car
img_013398.jpg,qrf6j17,qrf6317,False,1,0.8571,0.795647,car
img_013402.jpg,qrf8f96,qrf8696,False,1,0.8571,0.360461,car
img_013403.jpg,qrh1h27,qr41427,False,2,0.7143,0.329719,car
img_013407.jpg,dhx8i38,dky8138,False,3,0.5714,0.585432,car
img_013408.jpg,qrg2h80,grg2580,False,2,0.7143,0.171902,car
img_013409.jpg,qrf8g17,qrf8637,False,2,0.7143,0.684645,car
img_013410.jpg,qrf8f96,qrf8f96,True,0,1.0000,0.386034,car
img_013411.jpg,ive0i07,ive0107,False,1,0.8571,0.805003,car
img_013412.jpg,qre4e62,qre662,False,2,0.7143,0.675601,car
img_013413.jpg,qrf6i13,qrf6173,False,2,0.7143,0.434108,car
img_013414.jpg,qre8f57,qre8657,False,1,0.8571,0.544604,car
img_013415.jpg,qrg2h80,qrg2580,False,1,0.8571,0.822943,car
img_013419.jpg,qrf8g17,qrf8617,False,1,0.8571,0.294189,car
img_013420.jpg,qrf8f96,qrf8f96,True,0,1.0000,0.625268,car
img_013421.jpg,qre4e43,qre4643,False,1,0.8571,0.361537,car
img_013423.jpg,qre8f57,qre8657,False,1,0.8571,0.486539,car
img_013424.jpg,ppl1h66,ppl3466,False,2,0.7143,0.742888,car
img_013425.jpg,qre4e62,qre4662,False,1,0.8571,0.776755,car
img_013426.jpg,qrh7c54,qr47654,False,2,0.7143,0.299704,car
img_013428.jpg,jik9g12,wji9612,False,3,0.5714,0.210497,car
img_013429.jpg,jop4i88,jop4188,False,1,0.8571,0.942198,car
img_013431.jpg,qre4e62,qre4662,False,1,0.8571,0.787944,car
img_013433.jpg,qrf8g17,qrf8617,False,1,0.8571,0.404497,car
img_013434.jpg,ppo2h44,ppo2544,False,1,0.8571,0.675249,car
img_013435.jpg,qre4f49,qre4f49,True,0,1.0000,0.571356,car
img_013436.jpg,qrk3j82,qrk318,False,2,0.7143,0.835512,car
img_013437.jpg,qre1i41,qre3145,False,3,0.5714,0.487460,car
img_013439.jpg,qrf8g17,qrf8617,False,1,0.8571,0.631752,car
img_013441.jpg,qrf8g17,qrc8637,False,3,0.5714,0.215741,car
img_013443.jpg,qre4e99,qre4000,False,3,0.5714,0.315753,car
img_013449.jpg,qrf8g17,qrf8617,False,1,0.8571,0.575488,car
img_013450.jpg,qre1i40,qre3440,False,2,0.7143,0.541392,car
img_013451.jpg,ppl1h66,ppl3466,False,2,0.7143,0.584581,car
img_013452.jpg,qre1i40,qre3440,False,2,0.7143,0.347649,car
img_013457.jpg,qrf8g17,qrf8617,False,1,0.8571,0.361300,car
img_013458.jpg,qre1i40,qre3440,False,2,0.7143,0.615178,car
img_013459.jpg,qrk3j82,qrk3382,False,1,0.8571,0.507924,car
img_013460.jpg,qre4e43,qref443,False,2,0.7143,0.354623,car
img_013464.jpg,qre5h99,qre5505,False,3,0.5714,0.256447,car
img_013465.jpg,oyf7j88,qvf7388,False,3,0.5714,0.462984,car
img_013466.jpg,qrh1h27,qrk1427,False,2,0.7143,0.284400,car
img_013467.jpg,ppj8f18,ppj8f78,False,1,0.8571,0.245670,car
img_013469.jpg,qrf8g17,qrc8617,False,2,0.7143,0.357796,car
img_013472.jpg,qrf6j36,qrf6336,False,1,0.8571,0.812359,car
img_013473.jpg,qrf8g17,qrf8617,False,1,0.8571,0.627014,car
img_013474.jpg,qre1i40,qre3140,False,2,0.7143,0.857149,car
img_013476.jpg,qre2d66,qre2066,False,1,0.8571,0.452001,car
img_013477.jpg,odh0e48,odm0488,False,3,0.5714,0.675522,car
img_013480.jpg,qrf8f09,qrf8f09,True,0,1.0000,0.561953,car
img_013481.jpg,qrf8g17,qrf8617,False,1,0.8571,0.494587,car
img_013482.jpg,qre1i40,qre3140,False,2,0.7143,0.941709,car
img_013483.jpg,qrf8f96,qrf8f96,True,0,1.0000,0.664567,car
img_013485.jpg,qre4e48,qre4648,False,1,0.8571,0.407215,car
img_013486.jpg,qre8f57,qre8657,False,1,0.8571,0.539786,car
img_013488.jpg,qre1i43,qre3143,False,2,0.7143,0.947988,car
img_013490.jpg,qrf8f09,qrf8f09,True,0,1.0000,0.243097,car
img_013491.jpg,qre1i40,qre1440,False,1,0.8571,0.785778,car
img_013492.jpg,ppl1h66,ppl3466,False,2,0.7143,0.473193,car
img_013494.jpg,qre1i40,qre3440,False,2,0.7143,0.907464,car
img_013496.jpg,fur9c33,fun9633,False,2,0.7143,0.146432,car
img_013499.jpg,qre1i41,qre3147,False,3,0.5714,0.265225,car
img_013503.jpg,qre1i38,qre3138,False,2,0.7143,0.971676,car
img_013504.jpg,qrf8f09,qrf8f09,True,0,1.0000,0.630012,car
img_013506.jpg,qre4e43,qre4643,False,1,0.8571,0.515299,car
img_013507.jpg,qre4i08,qre4108,False,1,0.8571,0.412126,car
img_013508.jpg,ppl1h66,ppl3466,False,2,0.7143,0.805988,car
img_013509.jpg,qrf8f87,qrf8f87,True,0,1.0000,0.505112,car
img_013510.jpg,qre4e99,qre4099,False,1,0.8571,0.350426,car
img_013511.jpg,qrf8f09,qrf8f09,True,0,1.0000,0.420807,car
img_013512.jpg,qre4e62,qre9662,False,2,0.7143,0.397276,car
img_013513.jpg,qrk4c44,qrk4444,False,1,0.8571,0.942724,car
img_013514.jpg,mtb7h83,mt87583,False,2,0.7143,0.558148,car
img_013516.jpg,oyh8a35,ovm8235,False,3,0.5714,0.300702,car
img_013518.jpg,ppt9e93,ppt9e93,True,0,1.0000,0.638760,car
img_013519.jpg,qrk3j82,qrk3382,False,1,0.8571,0.683880,car
img_013520.jpg,qrg2h80,qr62580,False,2,0.7143,0.295629,car
img_013524.jpg,qrh1h27,qrm1427,False,2,0.7143,0.311490,car
img_013532.jpg,qrk1b04,qrk1804,False,1,0.8571,0.645619,car
img_013533.jpg,qre1i43,qre3143,False,2,0.7143,0.921558,car
img_013535.jpg,qre7d75,qre7075,False,1,0.8571,0.924993,car
img_013536.jpg,qrf8g68,qrf8668,False,1,0.8571,0.741014,car
img_013537.jpg,qrf8f09,qre8f09,False,1,0.8571,0.266843,car
img_013539.jpg,qre4e48,qre4448,False,1,0.8571,0.523569,car
img_013542.jpg,qre1i40,qre3140,False,2,0.7143,0.539666,car
img_013543.jpg,qre7i36,qre7136,False,1,0.8571,0.986421,car
img_013544.jpg,qrf8f96,qrf8696,False,1,0.8571,0.399517,car
img_013545.jpg,qrf6i13,qrf6173,False,2,0.7143,0.708694,car
img_013546.jpg,qrg0d06,qrg0000,False,2,0.7143,0.958202,car
img_013547.jpg,qre0f26,qre0f26,True,0,1.0000,0.912045,car
img_013549.jpg,qre4e43,qre4643,False,1,0.8571,0.215769,car
img_013550.jpg,qre4e62,qre4662,False,1,0.8571,0.832234,car
img_013552.jpg,qrk8e32,qrk8632,False,1,0.8571,0.839720,car
img_013553.jpg,pps6d77,pps0072,False,3,0.5714,0.695649,car
img_013555.jpg,qre4f51,qre4557,False,2,0.7143,0.493128,car
img_013556.jpg,qrh1h27,qrm3427,False,3,0.5714,0.774598,car
img_013557.jpg,mtt8f14,mt78f4,False,2,0.7143,0.520659,car
img_013558.jpg,qrh1h27,qrk1427,False,2,0.7143,0.252482,car
img_013561.jpg,qrf8f96,qrf8f96,True,0,1.0000,0.588087,car
img_013564.jpg,qrf8g09,qrf8609,False,1,0.8571,0.400338,car
img_013565.jpg,nya7a87,mya7a87,False,1,0.8571,0.222659,car
img_013567.jpg,qrf8f14,qrf8f44,False,1,0.8571,0.211049,car
img_013568.jpg,qre4e62,qref62,False,2,0.7143,0.448140,car
img_013569.jpg,qre7c42,qre7c42,True,0,1.0000,0.785281,car
img_013571.jpg,qre6f01,qre6001,False,1,0.8571,0.703435,car
img_013573.jpg,fag3b35,fag3335,False,1,0.8571,0.888919,car
img_013575.jpg,qrj1h35,qrj1535,False,1,0.8571,0.152925,car
img_013578.jpg,ppl1h66,ppl3466,False,2,0.7143,0.200303,car
img_013580.jpg,qre6f01,qre6f01,True,0,1.0000,0.876206,car
img_013581.jpg,qre1i40,qre3440,False,2,0.7143,0.471144,car
img_013584.jpg,qre7d75,qre7075,False,1,0.8571,0.953847,car
img_013587.jpg,qre1i40,qre1140,False,1,0.8571,0.592048,car
img_013588.jpg,qre4f51,qre4651,False,1,0.8571,0.380487,car
img_013590.jpg,qre4e62,qre4662,False,1,0.8571,0.863448,car
img_013591.jpg,qrh1h27,qrk1427,False,2,0.7143,0.421251,car
img_013593.jpg,qre4e62,qre4662,False,1,0.8571,0.846680,car
img_013594.jpg,qrj1h35,qrj1435,False,1,0.8571,0.205991,car
img_013598.jpg,qrh1h27,qr41527,False,2,0.7143,0.198612,car
img_013599.jpg,qre3d06,qre3806,False,1,0.8571,0.676998,car
img_013601.jpg,qre4e62,qre4662,False,1,0.8571,0.878195,car
img_013603.jpg,qre4f51,qre4651,False,1,0.8571,0.624249,car
img_013604.jpg,ppl1h66,ppl3466,False,2,0.7143,0.389561,car
img_013605.jpg,qre1i22,qre3122,False,2,0.7143,0.737379,car
img_013606.jpg,qrj1h35,qrj1435,False,1,0.8571,0.486813,car
img_013610.jpg,fjp1a52,fjp7452,False,2,0.7143,0.407872,car
img_013611.jpg,qre7d75,qre7075,False,1,0.8571,0.968726,car
img_013614.jpg,oda2c25,oda2625,False,1,0.8571,0.704748,car
img_013617.jpg,ovl7h12,woul761,False,4,0.4286,0.220305,car
img_013620.jpg,qre7c37,qre7c37,True,0,1.0000,0.792215,car
img_013622.jpg,qrf8g60,qre8660,False,2,0.7143,0.389450,car
img_013623.jpg,qre1i40,qre3140,False,2,0.7143,0.923629,car
img_013627.jpg,qrf8f96,qrf8f96,True,0,1.0000,0.740504,car
img_013628.jpg,ppl1h66,ppl3466,False,2,0.7143,0.516845,car
img_013630.jpg,qre4d82,qre4082,False,1,0.8571,0.542125,car
img_013631.jpg,qri0e80,qri0680,False,1,0.8571,0.431364,car
img_013634.jpg,qrh1h69,drm1467,False,4,0.4286,0.145854,car
img_013642.jpg,qre4f51,qre4651,False,1,0.8571,0.477150,car
img_013645.jpg,qre4e62,qre4662,False,1,0.8571,0.882234,car
img_013648.jpg,qre1i40,qre3140,False,2,0.7143,0.964040,car
img_013649.jpg,qrk8e32,qrk8632,False,1,0.8571,0.857034,car
img_013651.jpg,qrf7b75,qrf7675,False,1,0.8571,0.959828,car
img_013653.jpg,qrf8f96,qrf8f96,True,0,1.0000,0.406842,car
img_013655.jpg,qrh7c06,qrn7606,False,2,0.7143,0.162174,car
img_013657.jpg,ppr4f54,pp4654,False,2,0.7143,0.530998,car
img_013658.jpg,ppl1h66,ppl3466,False,2,0.7143,0.326118,car
img_013660.jpg,ppl1h66,ppl7466,False,2,0.7143,0.509753,car
img_013661.jpg,qre4f51,qre4651,False,1,0.8571,0.426951,car
img_013662.jpg,ppl1h66,ppl3466,False,2,0.7143,0.501607,car
img_013666.jpg,qre7d75,qre7075,False,1,0.8571,0.947338,car
img_013670.jpg,qre4f51,qre4551,False,1,0.8571,0.460128,car
img_013675.jpg,qre4e77,qre4677,False,1,0.8571,0.603556,car
img_013676.jpg,qre2a11,qre2411,False,1,0.8571,0.840725,car
img_013681.jpg,qrf8f96,qrf8f96,True,0,1.0000,0.389019,car
img_013684.jpg,qre4f51,qre4551,False,1,0.8571,0.460417,car
img_013685.jpg,qre8f57,qre8657,False,1,0.8571,0.369370,car
img_013686.jpg,ppl1h66,ppl3466,False,2,0.7143,0.574181,car
img_013687.jpg,ppl1h66,ppl3566,False,2,0.7143,0.349370,car
img_013688.jpg,ppl1h66,ppl3m66,False,2,0.7143,0.347954,car
img_013689.jpg,ppl1h66,ppl3466,False,2,0.7143,0.444012,car
img_013690.jpg,qrg2h80,qrg2580,False,1,0.8571,0.829429,car
img_013691.jpg,qrh7c82,qr47682,False,2,0.7143,0.427801,car
img_013694.jpg,qrf8f96,qrf8f96,True,0,1.0000,0.452292,car
img_013695.jpg,qre4f51,qre4551,False,1,0.8571,0.544388,car
img_013700.jpg,qre8f57,qre8f57,True,0,1.0000,0.441073,car
img_013701.jpg,odg8d31,odg8037,False,2,0.7143,0.190582,car
img_013702.jpg,ppl1h66,ppl3466,False,2,0.7143,0.311200,car
img_013707.jpg,qrg2h80,qrg2580,False,1,0.8571,0.693875,car
img_013709.jpg,qrh7c54,qrw7544,False,3,0.5714,0.090901,car
img_013710.jpg,mtk0c61,mtg0667,False,3,0.5714,0.119629,car
img_013711.jpg,ppl1h66,ppl3466,False,2,0.7143,0.346822,car
img_013712.jpg,ppl1h66,ppl3466,False,2,0.7143,0.400599,car
img_013714.jpg,ppl1h66,ppl3466,False,2,0.7143,0.599123,car
img_013715.jpg,qrh7c06,qrk7606,False,2,0.7143,0.259912,car
img_013716.jpg,qrg2h80,qrg2480,False,1,0.8571,0.376166,car
img_013717.jpg,ppl1h66,ppl3466,False,2,0.7143,0.428293,car
img_013718.jpg,msv6c10,msv6510,False,1,0.8571,0.073196,car
img_013725.jpg,qre4d82,qre4082,False,1,0.8571,0.820471,car
img_013726.jpg,qre1i40,qre1440,False,1,0.8571,0.350008,car
img_013727.jpg,qrm4i57,qrm4157,False,1,0.8571,0.869100,car
img_013728.jpg,rba6d37,rba6037,False,1,0.8571,0.810787,car
img_013729.jpg,qrh1h27,qrn3427,False,3,0.5714,0.190389,car
img_013730.jpg,qre1i40,qre3140,False,2,0.7143,0.360843,car
img_013731.jpg,qre1i38,qre3138,False,2,0.7143,0.976739,car
img_013734.jpg,msc4g65,bick562,False,5,0.2857,0.005988,car
img_013736.jpg,msy3j35,msv333,False,3,0.5714,0.467190,car
img_013737.jpg,qrk3j82,qrk3382,False,1,0.8571,0.385201,car
img_013738.jpg,qrf8f87,qrf8687,False,1,0.8571,0.468688,car
img_013740.jpg,qre1i38,qre3138,False,2,0.7143,0.837904,car
img_013741.jpg,qrm4i57,qrm4157,False,1,0.8571,0.946521,car
img_013743.jpg,pal9f76,pal7f76,False,1,0.8571,0.300785,car
img_013745.jpg,qrh2f51,qr42651,False,2,0.7143,0.182205,car
img_013746.jpg,fyo2e04,fyo2604,False,1,0.8571,0.398206,car
img_013750.jpg,mtq7c43,myq7443,False,2,0.7143,0.298658,car
img_013751.jpg,rba6d37,bba6037,False,2,0.7143,0.757559,car
img_013752.jpg,rba6c23,bba6223,False,2,0.7143,0.700064,car
img_013753.jpg,rba5h41,bba5443,False,3,0.5714,0.494125,car
img_013760.jpg,fou3i88,lfou318,False,3,0.5714,0.334412,car
img_013764.jpg,qrh1h27,qrm3427,False,3,0.5714,0.247259,car
img_013766.jpg,jnz2e59,jaz2599,False,3,0.5714,0.085214,car
img_013767.jpg,qrg2h80,qrg2580,False,1,0.8571,0.578403,car
img_013768.jpg,qrm4i57,qrm4157,False,1,0.8571,0.940830,car
img_013769.jpg,rba6d37,bba6037,False,2,0.7143,0.597976,car
img_013771.jpg,rba6c23,rba6623,False,1,0.8571,0.768236,car
img_013774.jpg,rba5a58,rba5a58,True,0,1.0000,0.275361,car
img_013775.jpg,rba5d40,bba5040,False,2,0.7143,0.914852,car
img_013776.jpg,qrf8f87,qrf8f87,True,0,1.0000,0.263565,car
img_013777.jpg,qrm2a66,qrm266,False,1,0.8571,0.946180,car
img_013780.jpg,qre4d82,qre4082,False,1,0.8571,0.528165,car
img_013782.jpg,qrh2f51,qrk2651,False,2,0.7143,0.260137,car
img_013783.jpg,qrm4i57,qrm4157,False,1,0.8571,0.895335,car
img_013784.jpg,oyg9e60,oyg960,False,1,0.8571,0.518199,car
img_013785.jpg,mpz2a30,mp22430,False,2,0.7143,0.921378,car
img_013788.jpg,mtd0j22,mto0722,False,2,0.7143,0.347298,car
img_013791.jpg,qre4d82,qre4082,False,1,0.8571,0.909969,car
img_013792.jpg,qrm4i57,qrm4157,False,1,0.8571,0.943112,car
img_013793.jpg,rba6d37,rba6037,False,1,0.8571,0.547932,car
img_013796.jpg,ppy2c39,ppy2639,False,1,0.8571,0.859498,car
img_013798.jpg,qrf8f46,qre8f46,False,1,0.8571,0.514227,car
img_013799.jpg,qre4f49,qre4f49,True,0,1.0000,0.479259,car
img_013800.jpg,qre1i41,dre1141,False,2,0.7143,0.288082,car
img_013803.jpg,qrk3j82,qrk3782,False,1,0.8571,0.447024,car
img_013805.jpg,qre1i40,ore1140,False,2,0.7143,0.836249,car
img_013806.jpg,qrm4i57,qrm4157,False,1,0.8571,0.735455,car
img_013807.jpg,rba6d37,rba6037,False,1,0.8571,0.720099,car
img_013809.jpg,qre7i36,qre7136,False,1,0.8571,0.953032,car
img_013810.jpg,rba5h21,bba5521,False,2,0.7143,0.102195,car
img_013811.jpg,qre1i41,qre3143,False,3,0.5714,0.725777,car
img_013812.jpg,qrg4e18,qrg4e78,False,1,0.8571,0.567706,car
img_013818.jpg,qrm4i57,qrm4157,False,1,0.8571,0.966338,car
img_013820.jpg,rba6d37,rba6d37,True,0,1.0000,0.499645,car
img_013825.jpg,oye8i28,ove8128,False,2,0.7143,0.845577,car
img_013827.jpg,qre2a11,qre2477,False,3,0.5714,0.667584,car
img_013828.jpg,qre2a11,qre2473,False,3,0.5714,0.414272,car
img_013829.jpg,qre8e70,qre8670,False,1,0.8571,0.597627,car
img_013833.jpg,qre0e61,qre9667,False,3,0.5714,0.398650,car
img_013834.jpg,qre7b35,qre7835,False,1,0.8571,0.946607,car
img_013835.jpg,qre2a11,qre2417,False,2,0.7143,0.181161,car
img_013837.jpg,ppm7g93,ppm7693,False,1,0.8571,0.570987,car
img_013838.jpg,qre6b82,qre6882,False,1,0.8571,0.877485,car
img_013839.jpg,ppm7g93,ppm7693,False,1,0.8571,0.559845,car
img_013841.jpg,fou3i88,fou3188,False,1,0.8571,0.974699,car
img_013842.jpg,qrf8f09,qrf8f09,True,0,1.0000,0.474240,car
img_013844.jpg,fyo2e04,fvo2604,False,2,0.7143,0.356143,car
img_013845.jpg,ppm7g93,ppm7673,False,2,0.7143,0.617370,car
img_013846.jpg,ppm7g93,ppm7693,False,1,0.8571,0.389366,car
img_013848.jpg,ppm7g93,ppm7693,False,1,0.8571,0.418944,car
img_013850.jpg,oyj7i19,0v3719,False,4,0.4286,0.365513,car
img_013852.jpg,qrj7e99,qrj7699,False,1,0.8571,0.630595,car
img_013854.jpg,qrf3d01,qrc3007,False,3,0.5714,0.498647,car
img_013855.jpg,odk8e12,odk8e32,False,1,0.8571,0.303838,car
img_013858.jpg,odq6d04,od06004,False,2,0.7143,0.273057,car
img_013859.jpg,ppo8f18,ppo8f38,False,1,0.8571,0.541541,car
img_013860.jpg,aze3g20,aze3620,False,1,0.8571,0.901229,car
img_013861.jpg,ppe8j60,ppe360,False,2,0.7143,0.473199,car
img_013862.jpg,qrh2i50,qrm2150,False,2,0.7143,0.934276,car
img_013866.jpg,msw0i16,msw0176,False,2,0.7143,0.767314,car
img_013870.jpg,ovf4g35,ovf4635,False,1,0.8571,0.696513,car
img_013873.jpg,qrj1h35,orj1935,False,2,0.7143,0.225631,car
img_013875.jpg,qns7e99,qns7699,False,1,0.8571,0.318756,car
img_013879.jpg,msw7i95,ms47195,False,2,0.7143,0.956002,car
img_013882.jpg,msh1i00,msh3100,False,2,0.7143,0.457780,car
img_013887.jpg,onb1g02,onb1602,False,1,0.8571,0.502260,car
img_013890.jpg,ppa1c19,ppa5639,False,3,0.5714,0.112889,car
img_013894.jpg,ppu0g82,ppu0682,False,1,0.8571,0.932873,car
img_013899.jpg,kvg4j02,kvg4302,False,1,0.8571,0.985821,car
img_013910.jpg,qri3f46,qri346,False,1,0.8571,0.753392,car
img_013918.jpg,odc8h88,odc8588,False,1,0.8571,0.395107,car
img_013920.jpg,odf4a46,odf4446,False,1,0.8571,0.438455,car
img_013921.jpg,ocv5c77,ocv5077,False,1,0.8571,0.482402,car
img_013938.jpg,lrp7d62,lrp7062,False,1,0.8571,0.528330,car
img_013940.jpg,mrn3a72,mrn3472,False,1,0.8571,0.687085,car
img_013941.jpg,plp6b74,plp6874,False,1,0.8571,0.722105,car
img_013942.jpg,omb7a18,omb7418,False,1,0.8571,0.568971,car
img_013945.jpg,qrf7j44,qrf7144,False,1,0.8571,0.818773,car
img_013949.jpg,qrg5b76,qrg5876,False,1,0.8571,0.951935,car
img_013950.jpg,ppw3f03,ppw3603,False,1,0.8571,0.414120,car
img_013954.jpg,qrf4g15,qrf4615,False,1,0.8571,0.823642,car
img_013958.jpg,mrs1a56,mrs1456,False,1,0.8571,0.853978,car
img_013960.jpg,kac6b94,kac6894,False,1,0.8571,0.302991,car
img_013967.jpg,qrl4g82,qrl4682,False,1,0.8571,0.818381,car
img_013980.jpg,oyh5h63,ovh5563,False,2,0.7143,0.083216,car
img_013991.jpg,ppm0e23,ppm0623,False,1,0.8571,0.409153,car
img_013992.jpg,qrd5a25,qro5a25,False,1,0.8571,0.393630,car
img_013993.jpg,ohq4f16,okn4f16,False,2,0.7143,0.119608,car
img_014003.jpg,qrj8d68,qrj8068,False,1,0.8571,0.531271,car
img_014004.jpg,qrl2j59,qpl2559,False,2,0.7143,0.356821,car
img_014008.jpg,pph7b56,pph7856,False,1,0.8571,0.352919,car
img_014013.jpg,qrj1h35,orj1535,False,2,0.7143,0.167210,car
img_014014.jpg,lmo8a28,lm08228,False,2,0.7143,0.347391,car
img_014028.jpg,ovh6j60,ovm6760,False,2,0.7143,0.260452,car
img_014031.jpg,qrj8d08,qrj8008,False,1,0.8571,0.743532,car
img_014033.jpg,lrs5f30,lrs5630,False,1,0.8571,0.267205,car
img_014039.jpg,oyf8c78,ovf8678,False,2,0.7143,0.239321,car
img_014050.jpg,qrk0h34,qrk0534,False,1,0.8571,0.679887,car
img_014058.jpg,ppk7j67,ppk7367,False,1,0.8571,0.966238,car
img_014070.jpg,ovl9g16,ovl9616,False,1,0.8571,0.199362,car
img_014072.jpg,qrf3d01,qrc3001,False,2,0.7143,0.190852,car
img_014076.jpg,lmr2i16,lmr2116,False,1,0.8571,0.307281,car
img_014078.jpg,pxc8e44,pxc8444,False,1,0.8571,0.391841,car
img_014080.jpg,mtb0c04,mt80604,False,2,0.7143,0.431427,car
img_014087.jpg,mqx6a27,mox6277,False,3,0.5714,0.758510,car
img_014089.jpg,mts2c82,mts6682,False,2,0.7143,0.301085,car
img_014098.jpg,mtm8c60,mtm860,False,1,0.8571,0.800762,car
img_014099.jpg,mty2g82,mty682,False,2,0.7143,0.518393,car
img_014102.jpg,mrd8c79,mr88799,False,3,0.5714,0.308429,car
img_014103.jpg,qok1c00,ook3600,False,3,0.5714,0.205289,car
img_014104.jpg,msh1i00,msk3100,False,3,0.5714,0.664937,car
img_014108.jpg,qrk3f76,qrk3666,False,2,0.7143,0.305022,car
img_014117.jpg,qre9g67,qre9667,False,1,0.8571,0.931311,car
img_014124.jpg,qrg2b77,qrg287,False,2,0.7143,0.949094,car
img_014126.jpg,gye6h00,gve6500,False,2,0.7143,0.334342,car
img_014129.jpg,odp6a33,odp6333,False,1,0.8571,0.299624,car
img_014134.jpg,qns7e99,ons7e99,False,1,0.8571,0.449261,car
img_014152.jpg,ppr5h48,ppr5448,False,1,0.8571,0.528448,car
img_014164.jpg,msw0i16,msw0176,False,2,0.7143,0.811785,car
img_014175.jpg,ppc8f63,ppg8f63,False,1,0.8571,0.214165,car
img_014177.jpg,qov5a73,qov5547,False,3,0.5714,0.189356,car
img_014184.jpg,qrk9f12,qrk9f12,True,0,1.0000,0.407533,car
img_014188.jpg,qrk8e84,qrk8684,False,1,0.8571,0.723307,car
img_014192.jpg,qrk1h98,qrk3498,False,2,0.7143,0.635012,car
img_014194.jpg,mra8f55,mra8f55,True,0,1.0000,0.493560,car
img_014196.jpg,kny7j93,kny7993,False,1,0.8571,0.902845,car
img_014205.jpg,mqw7e76,mow7676,False,2,0.7143,0.462868,car
img_014212.jpg,mta6c01,mta6603,False,2,0.7143,0.540380,car
img_014214.jpg,qrg4c05,qrg4005,False,1,0.8571,0.910700,car
img_014215.jpg,qrj9d48,qri9048,False,2,0.7143,0.481789,car
img_014225.jpg,rio1j55,ri01355,False,2,0.7143,0.546421,car
img_014226.jpg,avy0i24,auy0124,False,2,0.7143,0.681076,car
img_014227.jpg,msv3g83,msv3683,False,1,0.8571,0.737765,car
img_014228.jpg,lud6g99,lud6699,False,1,0.8571,0.487086,car
img_014250.jpg,daj2g64,daj2664,False,1,0.8571,0.992414,car
img_014251.jpg,mtt3d76,mtt3076,False,1,0.8571,0.406071,car
img_014255.jpg,mtm0b01,mtm0801,False,1,0.8571,0.401058,car
img_014262.jpg,qre9a37,qre9437,False,1,0.8571,0.555356,car
img_014277.jpg,odf1j83,odf1383,False,1,0.8571,0.385513,car
img_014279.jpg,baz2e27,baz2627,False,1,0.8571,0.914962,car
img_014280.jpg,qok1c00,ook1600,False,2,0.7143,0.467228,car
img_014281.jpg,ppw7d46,ppu7046,False,2,0.7143,0.952244,car
img_014283.jpg,qrk7i04,qrk7104,False,1,0.8571,0.981547,car
img_014284.jpg,lnx6c16,lnx6676,False,2,0.7143,0.217190,car
img_014285.jpg,qre9g67,qre9667,False,1,0.8571,0.962198,car
img_014288.jpg,qrf7e70,qrf7e70,True,0,1.0000,0.735058,car
img_014289.jpg,lrz4c98,ldz6998,False,3,0.5714,0.365970,car
img_014290.jpg,awh4f80,awh4680,False,1,0.8571,0.790843,car
img_014303.jpg,odf3j43,odf3743,False,1,0.8571,0.389438,car
img_014304.jpg,qri3f73,qri3f33,False,1,0.8571,0.274999,car
img_014305.jpg,npk0a72,npk0a72,True,0,1.0000,0.758636,car
img_014316.jpg,qri7c39,qri7c39,True,0,1.0000,0.504560,car
img_014321.jpg,hdv3h51,zkdv353,False,4,0.4286,0.076802,car
img_014326.jpg,odc1h18,odc3418,False,2,0.7143,0.319984,car
img_014327.jpg,mqt5d07,mot5007,False,2,0.7143,0.903644,car
img_014329.jpg,ppf9b73,ppf9873,False,1,0.8571,0.465344,car
img_014334.jpg,mpb3f79,mp83679,False,2,0.7143,0.299749,car
img_014337.jpg,qri3f46,qri346,False,1,0.8571,0.367078,car
img_014338.jpg,qog0b71,qoog077,False,3,0.5714,0.093066,car
img_014341.jpg,oyd2d20,ovd2020,False,2,0.7143,0.592137,car
img_014346.jpg,ovj2h68,ovj2568,False,1,0.8571,0.713349,car
img_014351.jpg,odi4i78,od14178,False,2,0.7143,0.276737,car
img_014352.jpg,lll5h22,ll45422,False,2,0.7143,0.135895,car
img_014353.jpg,ppl7a05,ppl7205,False,1,0.8571,0.708631,car
img_014356.jpg,ppj6h93,ppj6593,False,1,0.8571,0.495067,car
img_014364.jpg,mtw5b82,mtw5882,False,1,0.8571,0.410984,car
img_014365.jpg,mrs2h47,mrs2447,False,1,0.8571,0.715775,car
img_014371.jpg,ppo0h05,ppo0505,False,1,0.8571,0.651130,car
img_014372.jpg,ppu7e16,ppu7e76,False,1,0.8571,0.629555,car
img_014389.jpg,oxk5j38,oxk5338,False,1,0.8571,0.507683,car
img_014401.jpg,ezm5j88,ezm5388,False,1,0.8571,0.799565,car
img_014403.jpg,ppy2f07,ppy2f07,True,0,1.0000,0.489122,car
img_014405.jpg,mqf0f99,mof0f90,False,2,0.7143,0.306702,car
img_014407.jpg,qrk9j23,qrk9323,False,1,0.8571,0.776825,car
img_014408.jpg,qre0i30,qre0130,False,1,0.8571,0.955854,car
img_014418.jpg,ovl9b72,ov19872,False,2,0.7143,0.270088,car
img_014424.jpg,ouj1d89,ouj1089,False,1,0.8571,0.485114,car
img_014429.jpg,olv4c31,olv4331,False,1,0.8571,0.589763,car
img_014437.jpg,qre7b35,qre7835,False,1,0.8571,0.509383,car
img_014438.jpg,qrl7e25,qrl7e25,True,0,1.0000,0.241115,car
img_014450.jpg,msw0i16,msw0176,False,2,0.7143,0.556772,car
img_014456.jpg,mtp1c03,myp9603,False,3,0.5714,0.102204,car
img_014459.jpg,oyi3a75,ov13475,False,3,0.5714,0.456275,car
img_014464.jpg,ppe6e95,pp6695,False,2,0.7143,0.851945,car
img_014467.jpg,mtd7a37,mtd7a37,True,0,1.0000,0.620882,car
img_014468.jpg,mtm3j73,mym3773,False,2,0.7143,0.478886,car
img_014471.jpg,qrl4i35,qrl4135,False,1,0.8571,0.779534,car
img_014476.jpg,mqf9a53,mof9453,False,2,0.7143,0.918119,car
img_014479.jpg,ppj6h93,ppj6593,False,1,0.8571,0.597744,car
img_014481.jpg,oyf7e10,ovf7610,False,2,0.7143,0.411004,car
img_014488.jpg,kpz1e13,kpz1613,False,1,0.8571,0.593973,car
img_014492.jpg,qri3d47,qr13047,False,2,0.7143,0.755976,car
img_014499.jpg,aam4a05,aam4405,False,1,0.8571,0.459543,car
img_014503.jpg,hmv1d80,xmv1080,False,2,0.7143,0.141306,car
img_014519.jpg,ppa1c19,ppa6639,False,3,0.5714,0.103857,car
img_014520.jpg,msy5g35,msv5635,False,2,0.7143,0.979818,car
img_014521.jpg,gqh4c51,gq44653,False,3,0.5714,0.374153,car
img_014522.jpg,qrf5i00,qrf5100,False,1,0.8571,0.469784,car
img_014528.jpg,mqf1c61,mof3667,False,4,0.4286,0.522834,car
img_014532.jpg,nvi0i99,nv10199,False,2,0.7143,0.536447,car
img_014536.jpg,dmq1g17,dmo3617,False,3,0.5714,0.312227,car
img_014542.jpg,qrg5i88,qrg5188,False,1,0.8571,0.912376,car
img_014547.jpg,lcs6f35,lcs635,False,1,0.8571,0.976194,car
img_014548.jpg,eto5b55,eto585,False,2,0.7143,0.557470,car
img_014573.jpg,olf2g88,olf2688,False,1,0.8571,0.981978,car
img_014577.jpg,ovi8g89,qv18689,False,3,0.5714,0.354093,car
img_014585.jpg,qrb2c68,qrb2668,False,1,0.8571,0.908498,car
img_014594.jpg,qrl6i99,qrl6199,False,1,0.8571,0.861461,car
img_014597.jpg,ovl9b72,ovl9872,False,1,0.8571,0.415207,car
img_014603.jpg,ppr6f73,pp6f733,False,2,0.7143,0.370511,car
img_014606.jpg,odc8h88,odc8588,False,1,0.8571,0.407873,car
img_014607.jpg,qns4h47,qns4447,False,1,0.8571,0.463997,car
img_014608.jpg,opt4d26,opt4026,False,1,0.8571,0.592538,car
img_014611.jpg,ppj6c44,ppj6444,False,1,0.8571,0.778780,car
img_014614.jpg,qri2a85,qri248,False,2,0.7143,0.782762,car
img_014619.jpg,ppo4b00,ppo4800,False,1,0.8571,0.897290,car
img_014621.jpg,qrg9d56,qrg9056,False,1,0.8571,0.957178,car
img_014623.jpg,qrf4h05,qrf4005,False,1,0.8571,0.390472,car
img_014624.jpg,gks7d42,gks7042,False,1,0.8571,0.949467,car
img_014628.jpg,msy7c03,msv7603,False,2,0.7143,0.837765,car
img_014631.jpg,qrk7b48,qrk7848,False,1,0.8571,0.963530,car
img_014634.jpg,qrf5d92,qrf5092,False,1,0.8571,0.820144,car
img_014636.jpg,ocy4g48,ocy4648,False,1,0.8571,0.832707,car
img_014638.jpg,lmr0d66,lmr0066,False,1,0.8571,0.262864,car
img_014654.jpg,lls8a92,lls8492,False,1,0.8571,0.864612,car
img_014656.jpg,mqg7i26,mog7126,False,2,0.7143,0.507890,car
img_014668.jpg,mtd4j94,mto4794,False,2,0.7143,0.159457,car
img_014670.jpg,mtx9c25,mtx6225,False,2,0.7143,0.227794,car
img_014671.jpg,mrr5d60,mr55060,False,2,0.7143,0.551134,car
img_014674.jpg,mtt3g89,mt7368,False,3,0.5714,0.354974,car
img_014684.jpg,qrl4i57,qrl4157,False,1,0.8571,0.837406,car
img_014687.jpg,odp6j15,odp6315,False,1,0.8571,0.936008,car
img_014697.jpg,odj0h28,codj052,False,3,0.5714,0.156339,car
img_014703.jpg,ppp4c93,ppp4693,False,1,0.8571,0.251916,car
img_014717.jpg,pph2a51,pp42453,False,3,0.5714,0.162311,car
img_014721.jpg,mss0a46,mss0446,False,1,0.8571,0.513061,car
img_014723.jpg,pps8g99,pps8699,False,1,0.8571,0.854808,car
img_014724.jpg,qrk1i61,qrk3161,False,2,0.7143,0.499058,car
img_014738.jpg,aoh6i15,aok6155,False,3,0.5714,0.702431,car
img_014748.jpg,mrs1a15,mrs1475,False,2,0.7143,0.366318,car
img_014751.jpg,msd7g13,msd7633,False,2,0.7143,0.488613,car
img_014754.jpg,ppq8i78,ppo8178,False,2,0.7143,0.799131,car
img_014757.jpg,oyg5f74,ovg574,False,2,0.7143,0.719734,car
img_014760.jpg,ppq1h11,ppo3417,False,4,0.4286,0.141393,car
img_014761.jpg,qns7e99,qns7699,False,1,0.8571,0.450300,car
img_014763.jpg,eet3e28,eet3e28,True,0,1.0000,0.348386,car
img_014770.jpg,oyi3d08,ov13008,False,3,0.5714,0.764527,car
img_014776.jpg,odk3c29,odk3629,False,1,0.8571,0.457436,car
img_014779.jpg,ppv3i96,ppu3196,False,2,0.7143,0.968291,car
img_014781.jpg,epn6e03,epn6603,False,1,0.8571,0.574851,car
img_014785.jpg,qnh6j59,qnm6759,False,2,0.7143,0.360175,car
img_014786.jpg,ppi7a68,ppi7a68,True,0,1.0000,0.678248,car
img_014787.jpg,mqv6b38,mo56888,False,4,0.4286,0.362812,car
img_014790.jpg,mtc8c45,myc8445,False,2,0.7143,0.515702,car
img_014794.jpg,kxt8h52,kx78552,False,2,0.7143,0.476032,car
img_014796.jpg,mlf1h71,mlc3571,False,3,0.5714,0.041482,car
img_014797.jpg,ppt6d95,ppt6095,False,1,0.8571,0.751028,car
img_014832.jpg,kzt5d91,kz75001,False,3,0.5714,0.321752,car
img_014833.jpg,mrk7a18,mrk7418,False,1,0.8571,0.286067,car
img_014840.jpg,mpt3e27,mpt3627,False,1,0.8571,0.590214,car
img_014845.jpg,qrf7f78,qrf7f78,True,0,1.0000,0.704849,car
img_014847.jpg,qdm1a62,qdm3462,False,2,0.7143,0.306766,car
img_014850.jpg,kyi8i45,kv18145,False,3,0.5714,0.903557,car
img_014855.jpg,ppc2h15,ppg2515,False,2,0.7143,0.812943,car
img_014856.jpg,ppf9b73,pp69873,False,2,0.7143,0.297908,car
img_014861.jpg,ppo3h68,ppo3668,False,1,0.8571,0.696996,car
img_014865.jpg,oye1c51,cove351,False,4,0.4286,0.125929,car
img_014873.jpg,ppl1j32,ppl1932,False,1,0.8571,0.591216,car
img_014874.jpg,qrf7b72,qrf7872,False,1,0.8571,0.978308,car
img_014889.jpg,odh3f45,qodm345,False,3,0.5714,0.114123,car
img_014895.jpg,qre7i24,qre7124,False,1,0.8571,0.968267,car
img_014896.jpg,ppi4i74,ppi4174,False,1,0.8571,0.763330,car
img_014900.jpg,qrj4b19,qrj4899,False,2,0.7143,0.321195,car
img_014905.jpg,ppg4c22,ppg4622,False,1,0.8571,0.450612,car
img_014908.jpg,mtd9d50,mtd9550,False,1,0.8571,0.428429,car
img_014910.jpg,qri8f81,qri8f81,True,0,1.0000,0.536949,car
img_014913.jpg,odt7c71,odt7672,False,2,0.7143,0.290863,car
img_014915.jpg,ppo1i14,ppo3114,False,2,0.7143,0.413305,car
img_014916.jpg,oyi4a06,ov14a06,False,2,0.7143,0.610786,car
img_014918.jpg,oyj3f00,ov3300,False,3,0.5714,0.445489,car
img_014926.jpg,lmu4b44,lmu4844,False,1,0.8571,0.975768,car
img_014935.jpg,qrg1f29,qrg3699,False,3,0.5714,0.170947,car
img_014944.jpg,msl6i37,msl6177,False,2,0.7143,0.329250,car
img_014959.jpg,qri1a08,qri7008,False,2,0.7143,0.226007,car
img_014965.jpg,gjw5a90,gjw590,False,1,0.8571,0.666228,car
img_014972.jpg,qri0e55,qri0655,False,1,0.8571,0.536027,car
img_014973.jpg,qok1c00,ook3600,False,3,0.5714,0.427326,car
img_014985.jpg,qrf2a03,qrf2403,False,1,0.8571,0.933896,car
img_014993.jpg,lml5e98,lm45698,False,2,0.7143,0.120431,car
img_014999.jpg,odp3d20,odp3020,False,1,0.8571,0.932552,car
img_017501.jpg,mrh7545,mr47892,False,4,0.4286,0.227945,motorcycle
img_017504.jpg,msa2398,zmsa533,False,4,0.4286,0.021898,motorcycle
img_017508.jpg,mtu3834,wju291,False,6,0.1429,0.276315,motorcycle
img_017509.jpg,gzz8751,gz7238,False,5,0.2857,0.574215,motorcycle
img_017519.jpg,hnf9415,bnf7992,False,5,0.2857,0.261290,motorcycle
img_017520.jpg,qrd7252,drd7892,False,3,0.5714,0.308869,motorcycle
img_017524.jpg,ppy0590,psy2282,False,5,0.2857,0.325580,motorcycle
img_017525.jpg,ppq1985,ppo2992,False,4,0.4286,0.230514,motorcycle
img_017529.jpg,pps7339,pps291,False,4,0.4286,0.315229,motorcycle
img_017530.jpg,msg7336,ms6299,False,5,0.2857,0.035668,motorcycle
img_017531.jpg,mtx3656,mix7791,False,5,0.2857,0.383876,motorcycle
img_017535.jpg,mtt3957,w77299,False,6,0.1429,0.102775,motorcycle
img_017537.jpg,ppz2842,bb2491,False,6,0.1429,0.021946,motorcycle
img_017541.jpg,msb1362,ws84291,False,6,0.1429,0.222642,motorcycle
img_017544.jpg,ocy3804,dcy891,False,4,0.4286,0.619925,motorcycle
img_017547.jpg,mtt3985,mj1298,False,4,0.4286,0.254831,motorcycle
img_017549.jpg,odp0225,ddp7291,False,4,0.4286,0.342493,motorcycle
img_017550.jpg,odp0125,ddp491,False,5,0.2857,0.579585,motorcycle
img_017552.jpg,mry4953,zppv582,False,7,0.0000,0.010197,motorcycle
img_017553.jpg,mtx7170,wix2317,False,5,0.2857,0.050710,motorcycle
img_017554.jpg,mrk8390,bby4317,False,6,0.1429,0.097678,motorcycle
img_017556.jpg,oyg8958,qy67292,False,6,0.1429,0.213361,motorcycle
img_017558.jpg,msb9683,ws82991,False,6,0.1429,0.075726,motorcycle
img_017565.jpg,mrz3515,mrz2382,False,4,0.4286,0.129403,motorcycle
img_017566.jpg,oye7983,dye7894,False,4,0.4286,0.562744,motorcycle
img_017567.jpg,mtx3303,bt3478,False,5,0.2857,0.159446,motorcycle
img_017568.jpg,msb1362,was2789,False,7,0.0000,0.024144,motorcycle
img_017569.jpg,ppn3443,pp9482,False,4,0.4286,0.113360,motorcycle
img_017571.jpg,msb9683,ms87991,False,5,0.2857,0.162386,motorcycle
img_017577.jpg,msz1632,ms2539,False,4,0.4286,0.061730,motorcycle
img_017578.jpg,odr5971,qdr4277,False,4,0.4286,0.052134,motorcycle
img_017585.jpg,odc1091,qoc5531,False,5,0.2857,0.077285,motorcycle
img_017586.jpg,hnf9415,bnf7892,False,5,0.2857,0.698366,motorcycle
img_017587.jpg,mqx7889,wox7292,False,5,0.2857,0.021572,motorcycle
img_017593.jpg,mty6860,mty292,False,4,0.4286,0.221377,motorcycle
img_017594.jpg,odq4607,qd9229,False,6,0.1429,0.119710,motorcycle
img_017595.jpg,ppk8709,pp55917,False,5,0.2857,0.156964,motorcycle
img_017602.jpg,ppl9553,pp17892,False,5,0.2857,0.622991,motorcycle
img_017610.jpg,mtz5078,wo2259,False,7,0.0000,0.186565,motorcycle
img_017614.jpg,odt6046,dd1892,False,6,0.1429,0.224629,motorcycle
img_017615.jpg,qrb1638,wbb791,False,6,0.1429,0.300181,motorcycle
img_017616.jpg,ppn9404,pp45397,False,5,0.2857,0.063041,motorcycle
img_017620.jpg,ppo2171,bp92892,False,5,0.2857,0.090865,motorcycle
img_017621.jpg,oye6829,gve392,False,5,0.2857,0.188375,motorcycle
img_017622.jpg,mrf8508,mbf7892,False,5,0.2857,0.110700,motorcycle
img_017625.jpg,msa2398,msa391,False,2,0.7143,0.165675,motorcycle
img_017629.jpg,ppy0590,psy892,False,4,0.4286,0.622446,motorcycle
img_017630.jpg,mtx7170,mix5391,False,5,0.2857,0.034386,motorcycle
img_017637.jpg,odr2292,ddr4291,False,3,0.5714,0.611949,motorcycle
img_017640.jpg,msa4370,ws44588,False,5,0.2857,0.055967,motorcycle
img_017642.jpg,odq4607,qp9599,False,7,0.0000,0.055174,motorcycle
img_017643.jpg,ocx6648,bcy292,False,6,0.1429,0.428229,motorcycle
img_017646.jpg,pym6235,fy42384,False,5,0.2857,0.134119,motorcycle
img_017656.jpg,mtn5516,mj15584,False,4,0.4286,0.057510,motorcycle
img_017658.jpg,odc7498,qdc5394,False,4,0.4286,0.126807,motorcycle
img_017663.jpg,mst8716,bsi7788,False,5,0.2857,0.144692,motorcycle
img_017664.jpg,mqy9394,mo44517,False,6,0.1429,0.286624,motorcycle
img_017666.jpg,oye3717,dye4991,False,5,0.2857,0.195973,motorcycle
img_017668.jpg,mtx7170,myx591,False,5,0.2857,0.089171,motorcycle
img_017669.jpg,opz6615,dp73789,False,6,0.1429,0.081228,motorcycle
img_017672.jpg,mtz2306,mt2290,False,3,0.5714,0.087809,motorcycle
img_017674.jpg,msz1632,ms2594,False,5,0.2857,0.332808,motorcycle
img_017676.jpg,mru5943,mru2892,False,4,0.4286,0.326168,motorcycle
img_017678.jpg,odr2292,ddr4390,False,4,0.4286,0.139091,motorcycle
img_017679.jpg,mtx3303,wj3481,False,6,0.1429,0.127872,motorcycle
img_017682.jpg,ovh6100,gi02248,False,7,0.0000,0.071015,motorcycle
img_017685.jpg,odl8131,dd47992,False,6,0.1429,0.132650,motorcycle
img_017686.jpg,oyk5858,dvb291,False,7,0.0000,0.322022,motorcycle
img_017688.jpg,ovk7691,dvk2384,False,5,0.2857,0.319097,motorcycle
img_017690.jpg,mtx7170,myx291,False,5,0.2857,0.063545,motorcycle
img_017693.jpg,qrb1638,wbb7894,False,6,0.1429,0.169389,motorcycle
img_017695.jpg,odr4281,ddr4291,False,2,0.7143,0.891035,motorcycle
img_017697.jpg,msz1632,ms2591,False,5,0.2857,0.200028,motorcycle
img_017699.jpg,oyh0980,qy68917,False,5,0.2857,0.237238,motorcycle
img_017701.jpg,ppm4442,rp2851,False,6,0.1429,0.068046,motorcycle
img_017702.jpg,mtt3957,z717291,False,7,0.0000,0.008859,motorcycle
img_017703.jpg,ppj1736,pp1892,False,4,0.4286,0.505589,motorcycle
img_017704.jpg,pps1116,pps292,False,4,0.4286,0.191063,motorcycle
img_017706.jpg,qrd7892,qrd292,False,2,0.7143,0.188316,motorcycle
img_017707.jpg,ppm2910,pp18984,False,4,0.4286,0.174293,motorcycle
img_017708.jpg,ppg9448,ppg791,False,4,0.4286,0.431031,motorcycle
img_017711.jpg,odr4648,qdb7292,False,6,0.1429,0.152221,motorcycle
img_017716.jpg,mtx3303,mt3481,False,4,0.4286,0.338172,motorcycle
img_017718.jpg,mtx7170,mjx291,False,5,0.2857,0.085675,motorcycle
img_017720.jpg,ppx1216,ppx291,False,3,0.5714,0.807096,motorcycle
img_017722.jpg,ppt6106,pp1799,False,5,0.2857,0.309251,motorcycle
img_017724.jpg,qrb1638,yrb299,False,5,0.2857,0.020914,motorcycle
img_017726.jpg,mtn5516,mtw534,False,4,0.4286,0.075655,motorcycle
img_017728.jpg,ocy2738,dcy594,False,5,0.2857,0.184546,motorcycle
img_017732.jpg,ppq1376,pp6781,False,5,0.2857,0.075513,motorcycle
img_017735.jpg,odc7498,qdc5591,False,4,0.4286,0.332320,motorcycle
img_017738.jpg,odg5912,qd85389,False,5,0.2857,0.016529,motorcycle
img_017739.jpg,ppg9448,ppg5912,False,4,0.4286,0.327190,motorcycle
img_017740.jpg,ppy0590,psy892,False,4,0.4286,0.749135,motorcycle
img_017742.jpg,msb1362,ms8429,False,5,0.2857,0.134044,motorcycle
img_017743.jpg,mtx7170,mtx291,False,4,0.4286,0.154939,motorcycle
img_017745.jpg,ocz6425,ge3258,False,6,0.1429,0.376971,motorcycle
img_017747.jpg,mtx3656,mtx299,False,4,0.4286,0.331191,motorcycle
img_017755.jpg,ppf9618,ppf799,False,4,0.4286,0.352331,motorcycle
img_017756.jpg,oye7983,dye7894,False,4,0.4286,0.699889,motorcycle
img_017758.jpg,odt7616,qd2742,False,5,0.2857,0.021750,motorcycle
img_017759.jpg,odg5912,ddg5384,False,4,0.4286,0.035192,motorcycle
img_017760.jpg,ppb4183,ppb7892,False,4,0.4286,0.803930,motorcycle
img_017763.jpg,ppn9404,ppq5314,False,4,0.4286,0.144354,motorcycle
img_017764.jpg,odl8131,ddl238,False,4,0.4286,0.092654,motorcycle
img_017765.jpg,odg5912,qdg5317,False,3,0.5714,0.074094,motorcycle
img_017768.jpg,odr3327,ddr4291,False,5,0.2857,0.755703,motorcycle
img_017769.jpg,mtx7170,wix2891,False,6,0.1429,0.073942,motorcycle
img_017771.jpg,mtj5196,miu1291,False,5,0.2857,0.053795,motorcycle
img_017773.jpg,oyi7673,dv1291,False,7,0.0000,0.504315,motorcycle
img_017775.jpg,odg5912,ddg5317,False,3,0.5714,0.229244,motorcycle
img_017777.jpg,mrh6221,mr4429,False,4,0.4286,0.262885,motorcycle
img_017778.jpg,mtx7170,mix5391,False,5,0.2857,0.071205,motorcycle
img_017780.jpg,ppv2708,psv892,False,5,0.2857,0.083683,motorcycle
img_017781.jpg,ppv2570,ppy891,False,5,0.2857,0.148274,motorcycle
img_017783.jpg,odj5604,yc93751,False,7,0.0000,0.008434,motorcycle
img_017787.jpg,odr2292,ddr4291,False,3,0.5714,0.441584,motorcycle
img_017791.jpg,mry4953,wby5589,False,6,0.1429,0.167908,motorcycle
img_017792.jpg,ovi2792,qy12382,False,5,0.2857,0.134431,motorcycle
img_017793.jpg,mtz5078,w722597,False,6,0.1429,0.140200,motorcycle
img_017796.jpg,oye8534,dye7894,False,4,0.4286,0.386484,motorcycle
img_017799.jpg,qrd0208,drd5391,False,5,0.2857,0.187380,motorcycle
img_017802.jpg,mtx3303,wo9334,False,5,0.2857,0.025423,motorcycle
img_017803.jpg,mtz5078,w022584,False,7,0.0000,0.047150,motorcycle
img_017804.jpg,qrc1114,qrc5891,False,4,0.4286,0.042604,motorcycle
img_017805.jpg,mqy9394,moy4319,False,4,0.4286,0.118236,motorcycle
img_017806.jpg,dth7551,dsh2991,False,4,0.4286,0.056126,motorcycle
img_017809.jpg,mtx7170,myx291,False,5,0.2857,0.158710,motorcycle
img_017810.jpg,odj9689,qd99439,False,4,0.4286,0.154953,motorcycle
img_017814.jpg,odl8131,dd17792,False,6,0.1429,0.259668,motorcycle
img_017818.jpg,mtx7170,myx291,False,5,0.2857,0.244633,motorcycle
img_017821.jpg,oyd2830,dvd222,False,5,0.2857,0.010132,motorcycle
img_017822.jpg,oyk5157,gyk238,False,5,0.2857,0.136918,motorcycle
img_017823.jpg,mtx3303,w73589,False,6,0.1429,0.140652,motorcycle
img_017824.jpg,oye8534,dye739,False,4,0.4286,0.186628,motorcycle
img_017827.jpg,oyk5157,dyk4914,False,5,0.2857,0.331572,motorcycle
img_017828.jpg,msb1362,was2491,False,7,0.0000,0.230808,motorcycle
img_017829.jpg,oyk5858,dy6439,False,6,0.1429,0.353803,motorcycle
img_017830.jpg,mtx7170,wtx291,False,5,0.2857,0.195071,motorcycle
img_017832.jpg,ppe0196,qp65519,False,5,0.2857,0.074814,motorcycle
img_017833.jpg,mtz0696,m93292,False,5,0.2857,0.070611,motorcycle
img_017834.jpg,msz1632,ms2591,False,5,0.2857,0.415287,motorcycle
img_017835.jpg,mte0974,ax42484,False,6,0.1429,0.082208,motorcycle
img_017839.jpg,mtx3656,mtx291,False,4,0.4286,0.178652,motorcycle
img_017843.jpg,mtx7170,mjx2517,False,4,0.4286,0.044214,motorcycle
img_017845.jpg,odj9689,dd9539,False,4,0.4286,0.090517,motorcycle
img_017848.jpg,mtt3957,z717491,False,7,0.0000,0.020634,motorcycle
img_017850.jpg,pps1116,pps292,False,4,0.4286,0.288880,motorcycle
img_017851.jpg,ppc6761,bpc8314,False,5,0.2857,0.083638,motorcycle
img_017852.jpg,oye7983,dye7294,False,4,0.4286,0.099036,motorcycle
img_017857.jpg,ppq1985,pp9391,False,4,0.4286,0.278475,motorcycle
img_017858.jpg,odg5912,qd95517,False,4,0.4286,0.056432,motorcycle
img_017859.jpg,oyk5157,qyk499,False,5,0.2857,0.154002,motorcycle
img_017863.jpg,qrd7252,qrd4291,False,3,0.5714,0.071916,motorcycle
img_017864.jpg,msz1632,ms2591,False,5,0.2857,0.204732,motorcycle
img_017866.jpg,odr2292,ddr9391,False,4,0.4286,0.141882,motorcycle
img_017868.jpg,odl8131,ddl7991,False,4,0.4286,0.089476,motorcycle
img_017869.jpg,mtz0696,m996792,False,5,0.2857,0.020462,motorcycle
img_017870.jpg,mtx3303,mt3481,False,4,0.4286,0.129501,motorcycle
img_017871.jpg,oyg8958,dy67892,False,5,0.2857,0.154298,motorcycle
img_017878.jpg,odr2292,ddr4291,False,3,0.5714,0.788189,motorcycle
img_017879.jpg,ppp6812,ppp788,False,3,0.5714,0.531788,motorcycle
img_017880.jpg,ppj7558,ps1298,False,5,0.2857,0.285471,motorcycle
img_017881.jpg,odq4607,qd94891,False,5,0.2857,0.011181,motorcycle
img_017883.jpg,mtx7170,myx291,False,5,0.2857,0.130971,motorcycle
img_017885.jpg,mti0948,m71539,False,6,0.1429,0.210142,motorcycle
img_017886.jpg,mti0948,my1534,False,5,0.2857,0.223386,motorcycle
img_017887.jpg,mtn5516,bj15594,False,5,0.2857,0.071220,motorcycle
img_017888.jpg,odg5912,qd85534,False,5,0.2857,0.137778,motorcycle
img_017889.jpg,odt7616,qd8677,False,5,0.2857,0.074096,motorcycle
img_017890.jpg,mtx7170,wj2891,False,7,0.0000,0.064168,motorcycle
img_017891.jpg,odg5912,ddg3891,False,4,0.4286,0.157441,motorcycle
img_017892.jpg,ppo2191,bpo2982,False,4,0.4286,0.269948,motorcycle
img_017893.jpg,odr2292,ddr4291,False,3,0.5714,0.816531,motorcycle
img_017896.jpg,ppq1973,pp07891,False,5,0.2857,0.181454,motorcycle
img_017898.jpg,msa2099,msa777,False,4,0.4286,0.408376,motorcycle
img_017899.jpg,ods0897,qb5228,False,7,0.0000,0.107040,motorcycle
img_017900.jpg,odg5912,ddg5317,False,3,0.5714,0.183728,motorcycle
img_017901.jpg,mty6860,g39291,False,7,0.0000,0.043139,motorcycle
img_017902.jpg,msb1362,ms84291,False,5,0.2857,0.313173,motorcycle
img_017904.jpg,mtx7170,my2591,False,6,0.1429,0.024787,motorcycle
img_017905.jpg,oye8534,dye789,False,5,0.2857,0.384759,motorcycle
img_017906.jpg,mtz5078,wo7259,False,7,0.0000,0.091214,motorcycle
img_017907.jpg,oyf5493,dyf7891,False,4,0.4286,0.455150,motorcycle
img_017908.jpg,oyh0980,qy6891,False,5,0.2857,0.317710,motorcycle
img_017912.jpg,mqs6436,mo55291,False,6,0.1429,0.099280,motorcycle
img_017916.jpg,mtz5078,m72584,False,5,0.2857,0.121584,motorcycle
img_017922.jpg,ppe5980,spe128,False,4,0.4286,0.130207,motorcycle
img_017924.jpg,odn9541,ddn7894,False,5,0.2857,0.134504,motorcycle
img_017927.jpg,mrz3515,mr78514,False,3,0.5714,0.188255,motorcycle
img_017928.jpg,odr5971,ddr4291,False,4,0.4286,0.754064,motorcycle
img_017931.jpg,odt7616,qd7777,False,5,0.2857,0.116413,motorcycle
img_017932.jpg,mtz5078,w022589,False,7,0.0000,0.072101,motorcycle
img_017933.jpg,mtx7170,wjx291,False,6,0.1429,0.401063,motorcycle
img_017937.jpg,pps1706,pp85992,False,5,0.2857,0.115339,motorcycle
img_017941.jpg,ppj2374,pp1891,False,5,0.2857,0.433536,motorcycle
img_017943.jpg,mtx4192,miz298,False,5,0.2857,0.031970,motorcycle
img_017944.jpg,msb1362,was2429,False,7,0.0000,0.093850,motorcycle
img_017945.jpg,odp0125,ddp491,False,5,0.2857,0.505013,motorcycle
img_017946.jpg,odr3327,ddr4291,False,5,0.2857,0.702349,motorcycle
img_017950.jpg,odl8131,db17584,False,7,0.0000,0.017827,motorcycle
img_017952.jpg,odr5971,ddr4291,False,4,0.4286,0.404137,motorcycle
img_017955.jpg,mtz5078,m72534,False,5,0.2857,0.477283,motorcycle
img_017957.jpg,mtx4192,wix2291,False,5,0.2857,0.095892,motorcycle
img_017960.jpg,mtx7170,wit2591,False,7,0.0000,0.118592,motorcycle
img_017961.jpg,oyk6072,dvk2914,False,6,0.1429,0.030780,motorcycle
img_017963.jpg,mtn5516,ws15534,False,5,0.2857,0.081083,motorcycle
img_017965.jpg,ppo2334,pp08514,False,4,0.4286,0.373647,motorcycle
img_017966.jpg,mtx4192,wix2291,False,5,0.2857,0.107431,motorcycle
img_017967.jpg,mti0948,m71439,False,6,0.1429,0.113044,motorcycle
img_017969.jpg,mtx7170,mix5391,False,5,0.2857,0.023334,motorcycle
img_017970.jpg,msb9683,ms83931,False,5,0.2857,0.114588,motorcycle
img_017971.jpg,msz1632,ms2594,False,5,0.2857,0.119183,motorcycle
img_017972.jpg,ovi2792,qvi2384,False,4,0.4286,0.164971,motorcycle
img_017974.jpg,mrf8508,mbf7282,False,5,0.2857,0.062145,motorcycle
img_017975.jpg,msb9683,msb5391,False,4,0.4286,0.113166,motorcycle
img_017976.jpg,odp0225,ddp2912,False,5,0.2857,0.144570,motorcycle
img_017977.jpg,odp0125,ddp4917,False,5,0.2857,0.458839,motorcycle
img_017982.jpg,odt6046,qd1299,False,6,0.1429,0.251386,motorcycle
img_017986.jpg,mtz5078,w025531,False,6,0.1429,0.023300,motorcycle
img_017987.jpg,ppj7558,ps12917,False,6,0.1429,0.278447,motorcycle
img_017988.jpg,oye8534,dye759,False,4,0.4286,0.159080,motorcycle
img_017990.jpg,mtx7170,mig5591,False,6,0.1429,0.021657,motorcycle
img_017991.jpg,mry4953,zbby48,False,6,0.1429,0.157776,motorcycle
img_017994.jpg,ppe6007,ppe1917,False,3,0.5714,0.219458,motorcycle
img_018000.jpg,odr5971,qdr4291,False,4,0.4286,0.288646,motorcycle
img_018002.jpg,odt7618,ydt7832,False,4,0.4286,0.066677,motorcycle
img_018004.jpg,mtx7170,myx591,False,5,0.2857,0.297570,motorcycle
img_018005.jpg,mrh6221,br45591,False,5,0.2857,0.220533,motorcycle
img_018007.jpg,mti0948,m71559,False,6,0.1429,0.182986,motorcycle
img_018009.jpg,oyh0980,qxy6791,False,6,0.1429,0.046946,motorcycle
img_018010.jpg,odt6686,gd1288,False,5,0.2857,0.178320,motorcycle
img_018014.jpg,ppx9459,ppy291,False,5,0.2857,0.424181,motorcycle
img_018015.jpg,mty1911,wj7799,False,6,0.1429,0.079816,motorcycle
img_018017.jpg,mtx7170,wix2554,False,6,0.1429,0.006911,motorcycle
img_018018.jpg,ppc9946,fpc359,False,5,0.2857,0.103381,motorcycle
img_018020.jpg,mtz5078,w725597,False,6,0.1429,0.165906,motorcycle
img_018021.jpg,mtx4192,wixx291,False,5,0.2857,0.367391,motorcycle
img_018022.jpg,msb1362,wasb429,False,6,0.1429,0.119367,motorcycle
img_018023.jpg,mtx7170,wjx8914,False,6,0.1429,0.047844,motorcycle
img_018026.jpg,pps1706,pp98591,False,5,0.2857,0.078253,motorcycle
img_018030.jpg,ovk7691,dvk4917,False,4,0.4286,0.548432,motorcycle
img_018031.jpg,oyk5157,dyk499,False,5,0.2857,0.408999,motorcycle
img_018037.jpg,pps1116,pps232,False,4,0.4286,0.245792,motorcycle
img_018040.jpg,qrb7981,grb2914,False,4,0.4286,0.286995,motorcycle
img_018041.jpg,mtx7170,w79391,False,7,0.0000,0.032550,motorcycle
img_018042.jpg,ppb0543,psb7914,False,5,0.2857,0.417253,motorcycle
img_018044.jpg,mrf8508,mbe7892,False,6,0.1429,0.267453,motorcycle
img_018048.jpg,mts5164,mi42292,False,6,0.1429,0.116035,motorcycle
img_018050.jpg,odc7498,ydc5349,False,4,0.4286,0.218248,motorcycle
img_018052.jpg,ppm1734,pp9851,False,5,0.2857,0.298365,motorcycle
img_018053.jpg,mtx7170,wid2891,False,7,0.0000,0.021918,motorcycle
img_018054.jpg,mqk5693,mok2384,False,5,0.2857,0.263860,motorcycle
img_018055.jpg,ppn7788,pp1291,False,5,0.2857,0.169873,motorcycle
img_018056.jpg,mso0446,ms02992,False,5,0.2857,0.262380,motorcycle
img_018057.jpg,ovi1549,ov1591,False,3,0.5714,0.087419,motorcycle
img_018059.jpg,mth2690,zm76527,False,7,0.0000,0.018039,motorcycle
img_018060.jpg,msb1362,ws82729,False,6,0.1429,0.094453,motorcycle
img_018061.jpg,oyf5493,dyf249,False,3,0.5714,0.398523,motorcycle
img_018064.jpg,msz1632,m32591,False,6,0.1429,0.392093,motorcycle
img_018067.jpg,ppm2930,pp1891,False,4,0.4286,0.250220,motorcycle
img_018074.jpg,mtx7170,mjx391,False,5,0.2857,0.080210,motorcycle
img_018075.jpg,odn9515,ddn931,False,3,0.5714,0.048055,motorcycle
img_018076.jpg,ppr1686,ppr7892,False,4,0.4286,0.537370,motorcycle
img_018078.jpg,qrd7252,grd2994,False,5,0.2857,0.063405,motorcycle
img_018080.jpg,odl8131,dd1799,False,6,0.1429,0.211935,motorcycle
img_018082.jpg,mtc2212,mtc2897,False,3,0.5714,0.134576,motorcycle
img_018083.jpg,ppv4189,bp9329,False,5,0.2857,0.131832,motorcycle
img_018086.jpg,mty1911,w911599,False,6,0.1429,0.150382,motorcycle
img_018089.jpg,odj5604,dd92384,False,5,0.2857,0.022514,motorcycle
img_018090.jpg,odr3327,ddr4214,False,5,0.2857,0.302882,motorcycle
img_018091.jpg,qrd7251,yrd2594,False,4,0.4286,0.355437,motorcycle
img_018092.jpg,oyk5157,dyk258,False,4,0.4286,0.279122,motorcycle
img_018097.jpg,mtz5078,w08558,False,5,0.2857,0.076216,motorcycle
img_018098.jpg,odr4648,qdr428,False,3,0.5714,0.278148,motorcycle
img_018102.jpg,mtx7170,mtx591,False,4,0.4286,0.113198,motorcycle
img_018104.jpg,ocy0644,dcy4917,False,5,0.2857,0.303956,motorcycle
img_018112.jpg,mtx4192,witz591,False,6,0.1429,0.143100,motorcycle
img_018114.jpg,ppk8700,pp0298,False,5,0.2857,0.156677,motorcycle
img_018118.jpg,msz1632,m32531,False,5,0.2857,0.125373,motorcycle
img_018120.jpg,oyd2826,dv0291,False,6,0.1429,0.097567,motorcycle
img_018121.jpg,odr2292,ddr4291,False,3,0.5714,0.639718,motorcycle
img_018122.jpg,msk5076,so96799,False,6,0.1429,0.030705,motorcycle
img_018123.jpg,mtx7170,ztx491,False,5,0.2857,0.099026,motorcycle
img_018125.jpg,mtx7170,mtx291,False,4,0.4286,0.348140,motorcycle
img_018127.jpg,msz1632,ms2529,False,5,0.2857,0.237940,motorcycle
img_018128.jpg,odj5604,dd92584,False,5,0.2857,0.077172,motorcycle
img_018129.jpg,mru5943,mru7892,False,4,0.4286,0.445464,motorcycle
img_018132.jpg,ppm5173,ppi7798,False,5,0.2857,0.400960,motorcycle
img_018134.jpg,ppp3359,ppp791,False,4,0.4286,0.401449,motorcycle
img_018136.jpg,mqh2561,wow1291,False,6,0.1429,0.080602,motorcycle
img_018137.jpg,odt3835,ddy4917,False,6,0.1429,0.078199,motorcycle
img_018139.jpg,ppq1985,pp0591,False,4,0.4286,0.190514,motorcycle
img_018140.jpg,pps9620,pps292,False,3,0.5714,0.506865,motorcycle
img_018141.jpg,mtx7170,w7x291,False,6,0.1429,0.107616,motorcycle
img_018143.jpg,odl8131,dd14912,False,6,0.1429,0.100979,motorcycle
img_018144.jpg,ppm5173,pp9891,False,5,0.2857,0.388296,motorcycle
img_018147.jpg,mrh6221,mp44291,False,4,0.4286,0.245861,motorcycle
img_018148.jpg,ppi2609,pp1591,False,5,0.2857,0.223342,motorcycle
img_018151.jpg,msb9683,msb729,False,4,0.4286,0.100824,motorcycle
img_018152.jpg,mpv8198,mpv371,False,4,0.4286,0.159036,motorcycle
img_018158.jpg,mtx7170,mtx291,False,4,0.4286,0.147233,motorcycle
img_018159.jpg,ppn7788,ppn7892,False,3,0.5714,0.143712,motorcycle
img_018161.jpg,odt6046,gd1892,False,6,0.1429,0.173412,motorcycle
img_018163.jpg,mtx3303,mt3481,False,4,0.4286,0.103587,motorcycle
img_018164.jpg,odr4648,qdr428,False,3,0.5714,0.419090,motorcycle
img_018166.jpg,msb9683,ms85939,False,5,0.2857,0.087515,motorcycle
img_018168.jpg,pwy5444,pwy890,False,4,0.4286,0.139546,motorcycle
img_018169.jpg,ppy6301,ppy298,False,4,0.4286,0.605079,motorcycle
img_018170.jpg,msk5541,ws4439,False,6,0.1429,0.156579,motorcycle
img_018171.jpg,oyh6993,dyb291,False,5,0.2857,0.512470,motorcycle
img_018172.jpg,ode2129,dde5991,False,5,0.2857,0.150086,motorcycle
img_018173.jpg,mtx3303,m733589,False,5,0.2857,0.049278,motorcycle
img_018174.jpg,ppi2601,ps1299,False,5,0.2857,0.399707,motorcycle
img_018178.jpg,oyj2555,dy1291,False,5,0.2857,0.174788,motorcycle
img_018179.jpg,msb9683,ms8b789,False,4,0.4286,0.015127,motorcycle
img_018181.jpg,ppx1197,ppy438,False,5,0.2857,0.589670,motorcycle
img_018182.jpg,msb1362,was4491,False,7,0.0000,0.129102,motorcycle
img_018183.jpg,pps9620,pps292,False,3,0.5714,0.350426,motorcycle
img_018185.jpg,mqq4694,mo02892,False,5,0.2857,0.064676,motorcycle
img_018186.jpg,odr5971,ddr4291,False,4,0.4286,0.282148,motorcycle
img_018188.jpg,mtx3303,bt73584,False,5,0.2857,0.111352,motorcycle
img_018190.jpg,mtx7170,myx591,False,5,0.2857,0.103799,motorcycle
img_018192.jpg,ppy6491,bsy491,False,3,0.5714,0.385996,motorcycle
img_018193.jpg,ovk7691,dvk4917,False,4,0.4286,0.153208,motorcycle
img_018195.jpg,mrd1456,mrd5291,False,4,0.4286,0.051331,motorcycle
img_018196.jpg,odr4648,qdr4399,False,4,0.4286,0.147166,motorcycle
img_018197.jpg,qrd2937,drd2992,False,3,0.5714,0.278360,motorcycle
img_018198.jpg,mtx4192,wizz491,False,6,0.1429,0.093552,motorcycle
img_018199.jpg,ppy6861,ppy291,False,3,0.5714,0.796237,motorcycle
img_018200.jpg,mtx7170,m72531,False,6,0.1429,0.057647,motorcycle
img_018202.jpg,mru6781,mru291,False,3,0.5714,0.438439,motorcycle
img_018203.jpg,odt6046,qd1298,False,6,0.1429,0.317120,motorcycle
img_018206.jpg,odr5971,ddr4291,False,4,0.4286,0.300306,motorcycle
img_018207.jpg,odr4648,qdr4314,False,4,0.4286,0.053710,motorcycle
img_018209.jpg,mrk8390,brk5949,False,5,0.2857,0.084372,motorcycle
img_018210.jpg,msb9683,ms83439,False,5,0.2857,0.054106,motorcycle
img_018211.jpg,odt5939,qd7591,False,4,0.4286,0.233514,motorcycle
img_018212.jpg,ppv2708,ppv891,False,4,0.4286,0.320634,motorcycle
img_018213.jpg,ovi0710,dy07984,False,6,0.1429,0.100029,motorcycle
img_018214.jpg,ppl9553,ps17892,False,6,0.1429,0.820945,motorcycle
img_018216.jpg,mte0987,my64291,False,6,0.1429,0.059792,motorcycle
img_018217.jpg,ppv5188,ppv238,False,3,0.5714,0.245775,motorcycle
img_018218.jpg,mtx7170,mig5394,False,6,0.1429,0.009180,motorcycle
img_018221.jpg,mtx4192,mid5591,False,5,0.2857,0.015132,motorcycle
img_018222.jpg,mtx7170,myx890,False,4,0.4286,0.053802,motorcycle
img_018223.jpg,odl0291,ddl7984,False,5,0.2857,0.040439,motorcycle
img_018225.jpg,mtx7170,wtx591,False,5,0.2857,0.239622,motorcycle
img_018228.jpg,mtz5078,wo72591,False,7,0.0000,0.107306,motorcycle
img_018229.jpg,msb9683,msb3531,False,4,0.4286,0.057948,motorcycle
img_018230.jpg,mtx7170,w79391,False,7,0.0000,0.053090,motorcycle
img_018232.jpg,mtx4192,miz5591,False,5,0.2857,0.101634,motorcycle
img_018234.jpg,ppk8700,bjd299,False,7,0.0000,0.040700,motorcycle
img_018240.jpg,odt3706,do83892,False,6,0.1429,0.049050,motorcycle
img_018242.jpg,ppi2609,pp92917,False,4,0.4286,0.082040,motorcycle
img_018243.jpg,mtx7170,mtx291,False,4,0.4286,0.147146,motorcycle
img_018244.jpg,ods5968,dd8491,False,5,0.2857,0.099127,motorcycle
img_018245.jpg,ods5406,dds5319,False,4,0.4286,0.104819,motorcycle
img_018247.jpg,mtx3303,m73589,False,5,0.2857,0.112767,motorcycle
img_018248.jpg,mrz9228,mbz789,False,5,0.2857,0.229469,motorcycle
img_018249.jpg,mtx7170,mtx4914,False,4,0.4286,0.019053,motorcycle
img_018250.jpg,odr5971,ddr4291,False,4,0.4286,0.602286,motorcycle
img_018253.jpg,mtx3303,bt23589,False,5,0.2857,0.072368,motorcycle
img_018258.jpg,mtw4082,zz75789,False,6,0.1429,0.034911,motorcycle
img_018260.jpg,ovi2796,qv1749,False,5,0.2857,0.102922,motorcycle
img_018262.jpg,mtx7170,mtx2514,False,4,0.4286,0.110676,motorcycle
img_018263.jpg,msz1632,m325397,False,6,0.1429,0.058555,motorcycle
img_018264.jpg,ppk8700,bpd898,False,5,0.2857,0.115913,motorcycle
img_018267.jpg,mtx7170,myx5914,False,5,0.2857,0.034375,motorcycle
img_018270.jpg,mtz0696,mj2238,False,6,0.1429,0.018847,motorcycle
img_018271.jpg,odj2901,dd1991,False,4,0.4286,0.053706,motorcycle
img_018272.jpg,mtz5078,w725584,False,6,0.1429,0.021256,motorcycle
img_018273.jpg,ppq9375,pp0292,False,5,0.2857,0.237149,motorcycle
img_018276.jpg,ppe5980,pp62514,False,5,0.2857,0.234045,motorcycle
img_018278.jpg,odr4648,ddr4291,False,4,0.4286,0.105702,motorcycle
img_018279.jpg,odr3327,ddr4291,False,5,0.2857,0.576870,motorcycle
img_018281.jpg,ppb4183,ppb7892,False,4,0.4286,0.651098,motorcycle
img_018282.jpg,ocx2147,dcy4917,False,5,0.2857,0.347775,motorcycle
img_018283.jpg,odr5971,ddr4291,False,4,0.4286,0.429475,motorcycle
img_018285.jpg,ppx9459,ppy291,False,5,0.2857,0.526690,motorcycle
img_018286.jpg,ppi6013,gp11892,False,6,0.1429,0.038051,motorcycle
img_018289.jpg,msz1632,ms2529,False,5,0.2857,0.138392,motorcycle
img_018290.jpg,ppl2161,pp1292,False,4,0.4286,0.275169,motorcycle
img_018295.jpg,odr4648,ddr4291,False,4,0.4286,0.197255,motorcycle
img_018296.jpg,mtx7170,myx591,False,5,0.2857,0.140510,motorcycle
img_018297.jpg,ppl0616,pp1892,False,5,0.2857,0.508811,motorcycle
img_018298.jpg,mtz5078,wo25589,False,6,0.1429,0.040833,motorcycle
img_018300.jpg,odr5971,ddr4291,False,4,0.4286,0.812758,motorcycle
img_018301.jpg,odr4648,qdr428,False,3,0.5714,0.242162,motorcycle
img_018305.jpg,odc7498,qdc5819,False,5,0.2857,0.219152,motorcycle
img_018307.jpg,mtx3303,bj73584,False,6,0.1429,0.034106,motorcycle
img_018310.jpg,ppb4271,ppb7894,False,4,0.4286,0.315375,motorcycle
img_018311.jpg,mtx7170,mt2591,False,5,0.2857,0.025117,motorcycle
img_018315.jpg,oye8534,dye789,False,5,0.2857,0.503316,motorcycle
img_018318.jpg,mro1108,mbo2982,False,5,0.2857,0.095327,motorcycle
img_018319.jpg,mtx7170,myx531,False,5,0.2857,0.077899,motorcycle
img_018323.jpg,qrd7251,yrd2484,False,5,0.2857,0.104478,motorcycle
img_018326.jpg,mtx7170,wix5581,False,6,0.1429,0.023466,motorcycle
img_018327.jpg,ovi6547,dv1491,False,6,0.1429,0.379498,motorcycle
img_018330.jpg,qrb8036,brb891,False,4,0.4286,0.162533,motorcycle
img_018331.jpg,ntn0127,qt2779,False,6,0.1429,0.007212,motorcycle
img_018332.jpg,ppl2161,pi11291,False,5,0.2857,0.067226,motorcycle
img_018335.jpg,mrh7545,mr45992,False,5,0.2857,0.081684,motorcycle
img_018337.jpg,mtx7170,my0531,False,6,0.1429,0.038015,motorcycle
img_018338.jpg,ppo2191,bp02914,False,4,0.4286,0.284217,motorcycle
img_018341.jpg,oyf5493,dyf228,False,5,0.2857,0.266014,motorcycle
img_018345.jpg,mtx3303,m333789,False,5,0.2857,0.127835,motorcycle
img_018346.jpg,ods5406,dd5591,False,5,0.2857,0.376983,motorcycle
img_018347.jpg,odg5912,ddg391,False,3,0.5714,0.358405,motorcycle
img_018348.jpg,mtx7170,wig5319,False,7,0.0000,0.054348,motorcycle
img_018351.jpg,ppm5173,pp9892,False,5,0.2857,0.169732,motorcycle
img_018355.jpg,ppc6761,bpc8992,False,5,0.2857,0.093389,motorcycle
img_018356.jpg,odr4648,ddr4314,False,4,0.4286,0.330727,motorcycle
img_018359.jpg,mtx7170,wig5591,False,7,0.0000,0.082429,motorcycle
img_018360.jpg,odr4648,qdr428,False,3,0.5714,0.244117,motorcycle
img_018363.jpg,mtx7170,zix7391,False,5,0.2857,0.032811,motorcycle
img_018366.jpg,mtx3303,mt338,False,3,0.5714,0.207533,motorcycle
img_018367.jpg,mtx7170,wj2888,False,7,0.0000,0.012586,motorcycle
img_018369.jpg,ppl2161,pp1291,False,3,0.5714,0.602338,motorcycle
img_018371.jpg,qrb7981,qrb2924,False,3,0.5714,0.187227,motorcycle
img_018372.jpg,mqu8788,mou891,False,4,0.4286,0.194756,motorcycle
img_018373.jpg,ppx1197,ppy4917,False,4,0.4286,0.547155,motorcycle
img_018374.jpg,odt7618,yd18892,False,6,0.1429,0.058588,motorcycle
img_018375.jpg,odr2292,ddr4291,False,3,0.5714,0.371141,motorcycle
img_018377.jpg,odg5912,qd95599,False,5,0.2857,0.078641,motorcycle
img_018378.jpg,mqh2561,mo1288,False,5,0.2857,0.199629,motorcycle
img_018381.jpg,ppu0071,pp12891,False,4,0.4286,0.082739,motorcycle
img_018382.jpg,odt6046,qq18892,False,7,0.0000,0.072457,motorcycle
img_018383.jpg,odr2292,ddr4394,False,4,0.4286,0.270401,motorcycle
img_018385.jpg,odg5912,qdg5297,False,4,0.4286,0.096430,motorcycle
img_018389.jpg,mtz5078,wo25584,False,6,0.1429,0.069964,motorcycle
img_018390.jpg,odg5912,ddg5397,False,4,0.4286,0.089279,motorcycle
img_018391.jpg,mtx7170,wig5591,False,7,0.0000,0.067364,motorcycle
img_018392.jpg,mtx7170,myx431,False,5,0.2857,0.298597,motorcycle
img_018393.jpg,oyi8637,dv1291,False,7,0.0000,0.723030,motorcycle
img_018395.jpg,odr2292,ddr4291,False,3,0.5714,0.707025,motorcycle
img_018396.jpg,qrd3839,bbo2384,False,6,0.1429,0.371969,motorcycle
img_018398.jpg,msz1632,ms2531,False,4,0.4286,0.257306,motorcycle
img_018399.jpg,odr4281,ddr4291,False,2,0.7143,0.392596,motorcycle
img_018400.jpg,odr4648,qdr4299,False,4,0.4286,0.120678,motorcycle
img_018404.jpg,odr5971,ddr4291,False,4,0.4286,0.639989,motorcycle
img_018410.jpg,mtz5078,wo25597,False,6,0.1429,0.052985,motorcycle
img_018414.jpg,mtz0696,mj2298,False,5,0.2857,0.188033,motorcycle
img_018415.jpg,odl8131,dp1799,False,6,0.1429,0.036277,motorcycle
img_018416.jpg,odr5971,ddr4291,False,4,0.4286,0.209415,motorcycle
img_018417.jpg,mtx4192,wixx481,False,6,0.1429,0.086403,motorcycle
img_018418.jpg,mtz0696,mj7289,False,5,0.2857,0.072113,motorcycle
img_018419.jpg,mtx7170,miz5390,False,5,0.2857,0.037461,motorcycle
img_018421.jpg,kzi9639,kz1892,False,5,0.2857,0.314919,motorcycle
img_018422.jpg,mtx4192,mix4491,False,3,0.5714,0.116847,motorcycle
img_018423.jpg,mtx7170,myx439,False,5,0.2857,0.037561,motorcycle
img_018428.jpg,mtx7170,myx5314,False,5,0.2857,0.034520,motorcycle
img_018429.jpg,msz1632,mb2534,False,5,0.2857,0.165731,motorcycle
img_018432.jpg,odr4648,qdr429,False,4,0.4286,0.236349,motorcycle
img_018435.jpg,msz1632,ms2529,False,5,0.2857,0.087557,motorcycle
img_018436.jpg,mtz5078,wo2259,False,7,0.0000,0.288233,motorcycle
img_018437.jpg,mtx3303,m73489,False,5,0.2857,0.072190,motorcycle
img_018440.jpg,odr5971,ddr4291,False,4,0.4286,0.442919,motorcycle
img_018441.jpg,msb9683,ms89991,False,4,0.4286,0.108100,motorcycle
img_018444.jpg,mtz5078,st72582,False,6,0.1429,0.025488,motorcycle
img_018449.jpg,mtx7170,mt4891,False,5,0.2857,0.058244,motorcycle
img_018451.jpg,ppq7171,ppo891,False,4,0.4286,0.282291,motorcycle
img_018453.jpg,mtx3303,mt3589,False,4,0.4286,0.269428,motorcycle
img_018457.jpg,odt7618,qd17891,False,5,0.2857,0.095834,motorcycle
img_018459.jpg,mrk2241,mrk5514,False,4,0.4286,0.380175,motorcycle
img_018461.jpg,odr4281,dpr4291,False,3,0.5714,0.154620,motorcycle
img_018462.jpg,odr5971,qdr4291,False,4,0.4286,0.414633,motorcycle
img_018464.jpg,odt7622,yd77424,False,4,0.4286,0.040071,motorcycle
img_018467.jpg,mtx7170,m7x291,False,5,0.2857,0.023466,motorcycle
img_018468.jpg,odr4281,ddr4291,False,2,0.7143,0.691809,motorcycle
img_018470.jpg,ppv2597,psy4914,False,6,0.1429,0.478865,motorcycle
img_018473.jpg,oyk5858,dvb791,False,7,0.0000,0.224529,motorcycle
img_018478.jpg,ppy0590,psy292,False,4,0.4286,0.514400,motorcycle
img_018479.jpg,mtx7170,myx591,False,5,0.2857,0.102785,motorcycle
img_018481.jpg,gzz8751,gz7291,False,4,0.4286,0.309526,motorcycle
img_018482.jpg,odr5971,ddr4291,False,4,0.4286,0.535733,motorcycle
img_018486.jpg,ode2129,qde528,False,4,0.4286,0.572805,motorcycle
img_018487.jpg,ppc6761,ppc5891,False,3,0.5714,0.121640,motorcycle
img_018488.jpg,odr5971,ddr4291,False,4,0.4286,0.440230,motorcycle
img_018489.jpg,odm6783,qd9559,False,6,0.1429,0.151440,motorcycle
img_018490.jpg,odt6046,dd1298,False,6,0.1429,0.331850,motorcycle
img_018491.jpg,odq3758,qd8539,False,6,0.1429,0.060477,motorcycle
img_018493.jpg,ppn7788,ppn891,False,4,0.4286,0.170145,motorcycle
img_018496.jpg,ppc8676,pp6429,False,5,0.2857,0.283350,motorcycle
img_018497.jpg,odt7622,yd7248,False,5,0.2857,0.022735,motorcycle
img_018500.jpg,mtx4192,wix5514,False,6,0.1429,0.044131,motorcycle
img_018501.jpg,oyd3422,by27392,False,5,0.2857,0.179523,motorcycle
img_018504.jpg,ppk8607,ppk2384,False,4,0.4286,0.457959,motorcycle
img_018505.jpg,ppr1686,ppr7294,False,4,0.4286,0.270573,motorcycle
img_018506.jpg,odt6046,ddt892,False,5,0.2857,0.096025,motorcycle
img_018509.jpg,msz1632,ms2594,False,5,0.2857,0.199131,motorcycle
img_018511.jpg,msb1362,ms84991,False,5,0.2857,0.180661,motorcycle
img_018512.jpg,odt6046,ddt2384,False,5,0.2857,0.212164,motorcycle
img_018513.jpg,msb1362,ms8429,False,5,0.2857,0.240738,motorcycle
img_018516.jpg,odt6046,gd12992,False,6,0.1429,0.049446,motorcycle
img_018518.jpg,msb1362,ms2499,False,5,0.2857,0.123938,motorcycle
img_018521.jpg,odt6046,dd1298,False,6,0.1429,0.275952,motorcycle
img_018523.jpg,odr5971,ddr4291,False,4,0.4286,0.761518,motorcycle
img_018524.jpg,msb1362,was2491,False,7,0.0000,0.197603,motorcycle
img_018525.jpg,odr4648,qdr428,False,3,0.5714,0.453346,motorcycle
img_018526.jpg,mtx7170,mtx291,False,4,0.4286,0.318538,motorcycle
img_018530.jpg,ppq9375,pp0892,False,5,0.2857,0.165579,motorcycle
img_018531.jpg,mqh2561,mo12298,False,5,0.2857,0.121550,motorcycle
img_018532.jpg,ppv2570,psy891,False,6,0.1429,0.394988,motorcycle
img_018534.jpg,msb1362,was4291,False,7,0.0000,0.223288,motorcycle
img_018535.jpg,odk0046,qd6292,False,6,0.1429,0.479524,motorcycle
img_018537.jpg,mtx3303,mt3489,False,4,0.4286,0.115764,motorcycle
img_018538.jpg,ovj2513,dy3791,False,6,0.1429,0.180689,motorcycle
img_018540.jpg,qrd3846,drd391,False,4,0.4286,0.203010,motorcycle
img_018541.jpg,msz1632,ms2594,False,5,0.2857,0.159353,motorcycle
img_018544.jpg,odr2292,ddr4291,False,3,0.5714,0.766970,motorcycle
img_018545.jpg,mtx7170,mtx591,False,4,0.4286,0.072416,motorcycle
img_018547.jpg,qrb1638,ybb7892,False,6,0.1429,0.533334,motorcycle
img_018548.jpg,ovj2513,dy5793,False,6,0.1429,0.114259,motorcycle
img_018549.jpg,msz1632,ms2591,False,5,0.2857,0.227448,motorcycle
img_018551.jpg,odf0749,ddf529,False,4,0.4286,0.076078,motorcycle
img_018552.jpg,ppw3684,pp18930,False,5,0.2857,0.102383,motorcycle
img_018553.jpg,mtx3303,mt3589,False,4,0.4286,0.220587,motorcycle
img_018554.jpg,odt6046,dd1298,False,6,0.1429,0.424664,motorcycle
img_018556.jpg,ovj2513,dy5291,False,5,0.2857,0.398032,motorcycle
img_018557.jpg,msz1632,ms2591,False,5,0.2857,0.504025,motorcycle
img_018559.jpg,ppj9355,bp9238,False,5,0.2857,0.107838,motorcycle
img_018560.jpg,ovj2513,dy9292,False,6,0.1429,0.308224,motorcycle
img_018562.jpg,mrd1456,wrd479,False,4,0.4286,0.063687,motorcycle
img_018563.jpg,msb1362,whs8429,False,7,0.0000,0.051970,motorcycle
img_018564.jpg,ppj5012,pp17892,False,4,0.4286,0.054344,motorcycle
img_018565.jpg,mqd3519,mq0891,False,4,0.4286,0.152561,motorcycle
img_018568.jpg,qrb1638,wb17892,False,6,0.1429,0.152923,motorcycle
img_018569.jpg,msp2087,wsp4291,False,5,0.2857,0.859410,motorcycle
img_018570.jpg,odr5971,qdr4291,False,4,0.4286,0.411519,motorcycle
img_018573.jpg,ppw3684,pp1891,False,5,0.2857,0.309245,motorcycle
img_018574.jpg,ppn7788,pp1592,False,5,0.2857,0.105511,motorcycle
img_018575.jpg,msp2087,wsp499,False,5,0.2857,0.682084,motorcycle
img_018576.jpg,mtx3303,w73389,False,5,0.2857,0.044370,motorcycle
img_018577.jpg,mtx4192,wixx491,False,5,0.2857,0.063559,motorcycle
img_018579.jpg,odr5971,ddr4291,False,4,0.4286,0.715343,motorcycle
img_018581.jpg,odl8131,dd17292,False,6,0.1429,0.092230,motorcycle
img_018582.jpg,odr2292,ddr4291,False,3,0.5714,0.754483,motorcycle
img_018585.jpg,ppo2334,pp0851,False,5,0.2857,0.524730,motorcycle
img_018587.jpg,msp2087,msp491,False,4,0.4286,0.401616,motorcycle
img_018588.jpg,odr4648,qdr4294,False,4,0.4286,0.408702,motorcycle
img_018590.jpg,odf0749,ddf5349,False,3,0.5714,0.521171,motorcycle
img_018591.jpg,odt6727,dd12892,False,6,0.1429,0.046754,motorcycle
img_018592.jpg,odf0749,qdf528,False,5,0.2857,0.213857,motorcycle
img_018593.jpg,odr2292,ddr4291,False,3,0.5714,0.815256,motorcycle
img_018594.jpg,msp2087,msp499,False,4,0.4286,0.410665,motorcycle
img_018599.jpg,odh5452,dd2491,False,5,0.2857,0.153619,motorcycle
img_018600.jpg,msz1632,m82594,False,6,0.1429,0.184949,motorcycle
img_018601.jpg,mta5460,mta2984,False,4,0.4286,0.375990,motorcycle
img_018604.jpg,odt6046,dd1298,False,6,0.1429,0.312098,motorcycle
img_018607.jpg,mrx1438,fby484,False,6,0.1429,0.459035,motorcycle
img_018608.jpg,odr5971,ddr4291,False,4,0.4286,0.483039,motorcycle
img_018609.jpg,ppm4442,pp2851,False,5,0.2857,0.254626,motorcycle
img_018615.jpg,ppq1450,pp0892,False,5,0.2857,0.235539,motorcycle
img_018618.jpg,ppl7860,pp1591,False,5,0.2857,0.170157,motorcycle
img_018619.jpg,qrd7245,drd2992,False,5,0.2857,0.236176,motorcycle
img_018620.jpg,odr4648,ddr4299,False,4,0.4286,0.023407,motorcycle
img_018621.jpg,odk0046,qdk2929,False,5,0.2857,0.130336,motorcycle
img_018624.jpg,odh5452,do5431,False,4,0.4286,0.076987,motorcycle
img_018625.jpg,oyk5858,dyk7914,False,5,0.2857,0.068636,motorcycle
img_018627.jpg,mts7249,m75292,False,5,0.2857,0.220837,motorcycle
img_018628.jpg,msb9683,ms83991,False,5,0.2857,0.155095,motorcycle
img_018629.jpg,odi6064,go1489,False,7,0.0000,0.106939,motorcycle
img_018630.jpg,ocy7077,dcy4917,False,4,0.4286,0.302961,motorcycle
img_018631.jpg,odr5971,ddr4291,False,4,0.4286,0.830800,motorcycle
img_018633.jpg,jjc7757,yuc2292,False,6,0.1429,0.100803,motorcycle
img_018634.jpg,jjm1920,yum292,False,4,0.4286,0.086779,motorcycle
img_018635.jpg,odi6064,gd15591,False,6,0.1429,0.252123,motorcycle
img_018636.jpg,ppm2930,pp1890,False,3,0.5714,0.174746,motorcycle
img_018637.jpg,odr4648,qdr428,False,3,0.5714,0.210911,motorcycle
img_018638.jpg,mtp4022,wtp2428,False,4,0.4286,0.093854,motorcycle
img_018639.jpg,pyo7556,pyo789,False,3,0.5714,0.601305,motorcycle
img_018640.jpg,odr5971,ddr4291,False,4,0.4286,0.588809,motorcycle
img_018641.jpg,mtx3303,mt348,False,4,0.4286,0.172084,motorcycle
img_018646.jpg,mtq4574,ws04791,False,6,0.1429,0.019586,motorcycle
img_018647.jpg,odr4648,qdr4291,False,4,0.4286,0.216911,motorcycle
img_018649.jpg,ppo2162,bp0292,False,4,0.4286,0.121731,motorcycle
img_018652.jpg,odr5971,qdr4291,False,4,0.4286,0.540506,motorcycle
img_018653.jpg,msb9683,msb331,False,4,0.4286,0.079602,motorcycle
img_018655.jpg,jjc7757,ijc2292,False,5,0.2857,0.034067,motorcycle
img_018658.jpg,jjm1920,iju1289,False,5,0.2857,0.042174,motorcycle
img_018659.jpg,jjc7757,iff298,False,7,0.0000,0.025666,motorcycle
img_018660.jpg,ovj2515,dv4791,False,5,0.2857,0.168902,motorcycle
img_018661.jpg,qrb1638,trb789,False,5,0.2857,0.716150,motorcycle
img_018662.jpg,mrk2241,mrk5319,False,4,0.4286,0.214405,motorcycle
img_018663.jpg,jjm1920,isu0251,False,7,0.0000,0.034021,motorcycle
img_018666.jpg,ltk5452,etk4384,False,5,0.2857,0.196551,motorcycle
img_018667.jpg,odr5971,qdr4291,False,4,0.4286,0.671763,motorcycle
img_018668.jpg,odh5452,dd2534,False,5,0.2857,0.135792,motorcycle
img_018671.jpg,msb1362,ms8428,False,5,0.2857,0.218264,motorcycle
img_018676.jpg,ppx9459,ppy591,False,4,0.4286,0.447676,motorcycle
img_018677.jpg,mtx3303,wt3584,False,5,0.2857,0.050169,motorcycle
img_018679.jpg,ovl6577,dv44914,False,6,0.1429,0.094060,motorcycle
img_018680.jpg,msz1632,ms2499,False,5,0.2857,0.243763,motorcycle
img_018682.jpg,ppj7558,ps1291,False,6,0.1429,0.680090,motorcycle
img_018684.jpg,ppv2708,ps1892,False,6,0.1429,0.199818,motorcycle
img_018685.jpg,qrd7251,dbd2984,False,6,0.1429,0.243734,motorcycle
img_018689.jpg,mtv0751,mi5749,False,5,0.2857,0.068752,motorcycle
img_018694.jpg,lql2753,lo12384,False,5,0.2857,0.110420,motorcycle
img_018696.jpg,odt9878,q818238,False,6,0.1429,0.041551,motorcycle
img_018699.jpg,ppx9463,ppy2984,False,5,0.2857,0.625506,motorcycle
img_018700.jpg,ppt5189,bp1299,False,5,0.2857,0.130750,motorcycle
img_018704.jpg,msb1362,was2791,False,7,0.0000,0.173609,motorcycle
img_018705.jpg,ppx8483,bpx298,False,4,0.4286,0.127718,motorcycle
img_018706.jpg,odg0036,odg7892,False,4,0.4286,0.354085,motorcycle
img_018709.jpg,odi2928,dd1978,False,4,0.4286,0.103661,motorcycle
img_018714.jpg,mtg9119,gig5534,False,6,0.1429,0.095918,motorcycle
img_018716.jpg,msr6872,bbj2784,False,7,0.0000,0.036415,motorcycle
img_018718.jpg,ppk0137,pp5749,False,5,0.2857,0.137728,motorcycle
img_018721.jpg,odt9878,dd1898,False,4,0.4286,0.126637,motorcycle
img_018724.jpg,oyk9477,dyk738,False,5,0.2857,0.184190,motorcycle
img_018733.jpg,msb1362,was2799,False,7,0.0000,0.048688,motorcycle
img_018734.jpg,mqv2901,mov429,False,4,0.4286,0.225457,motorcycle
img_018738.jpg,msb9683,ws87291,False,6,0.1429,0.156139,motorcycle
img_018742.jpg,mrh7545,mr47892,False,4,0.4286,0.127476,motorcycle
img_018743.jpg,mtz2261,bj77231,False,5,0.2857,0.142766,motorcycle
img_018744.jpg,mtz2261,bj67238,False,6,0.1429,0.142311,motorcycle
img_018749.jpg,mtz2261,bj12384,False,6,0.1429,0.278058,motorcycle
img_018750.jpg,ppv4218,ppi238,False,3,0.5714,0.267911,motorcycle
img_018751.jpg,mtz2261,bj27284,False,6,0.1429,0.057998,motorcycle
img_018753.jpg,msj3646,ms4299,False,5,0.2857,0.056656,motorcycle
img_018757.jpg,ppv8421,bpy238,False,6,0.1429,0.171729,motorcycle
img_018760.jpg,ppj2374,bs74591,False,7,0.0000,0.082237,motorcycle
img_018764.jpg,pph0362,pph2982,False,3,0.5714,0.137448,motorcycle
img_018767.jpg,mtz2261,bj47581,False,6,0.1429,0.028052,motorcycle
img_018769.jpg,odr5971,gdr7291,False,4,0.4286,0.194084,motorcycle
img_018774.jpg,qrd0144,qrd2892,False,4,0.4286,0.103798,motorcycle
img_018776.jpg,mqj9617,mq17238,False,5,0.2857,0.147997,motorcycle
img_018777.jpg,mtz2261,mt4232,False,4,0.4286,0.104686,motorcycle
img_018781.jpg,msl9949,ws15594,False,5,0.2857,0.161364,motorcycle
img_018787.jpg,ppx9463,psx298,False,5,0.2857,0.126217,motorcycle
img_018789.jpg,ppl0556,pp12384,False,5,0.2857,0.277217,motorcycle
img_018790.jpg,mqx3311,moxx298,False,5,0.2857,0.099655,motorcycle
img_018792.jpg,msb9683,wss2729,False,6,0.1429,0.025655,motorcycle
img_018793.jpg,odh6465,qd65978,False,6,0.1429,0.025082,motorcycle
img_018796.jpg,odq2180,q000578,False,7,0.0000,0.056365,motorcycle
img_018798.jpg,mqi9518,go19938,False,5,0.2857,0.090158,motorcycle
img_018800.jpg,ppx9463,bpy891,False,6,0.1429,0.438603,motorcycle
img_018802.jpg,oyk9561,dy12384,False,6,0.1429,0.211866,motorcycle
img_018805.jpg,pps8803,bps7932,False,5,0.2857,0.079714,motorcycle
img_018807.jpg,ppx9463,ppy2384,False,5,0.2857,0.360418,motorcycle
img_018808.jpg,mtb7542,mjb591,False,4,0.4286,0.021289,motorcycle
img_018811.jpg,mtz2261,bz67238,False,6,0.1429,0.666185,motorcycle
img_018826.jpg,odi2919,qd1292,False,4,0.4286,0.189896,motorcycle
img_018828.jpg,mtz2261,bb7238,False,6,0.1429,0.012875,motorcycle
img_018829.jpg,mtz2261,mtz232,False,3,0.5714,0.170458,motorcycle
img_018830.jpg,odh6465,800577,False,7,0.0000,0.159431,motorcycle
img_018832.jpg,odc1543,qdc7232,False,5,0.2857,0.239887,motorcycle
img_018833.jpg,mtj4096,wo189,False,6,0.1429,0.122196,motorcycle
img_018837.jpg,odh6465,8006579,False,6,0.1429,0.064392,motorcycle
img_018838.jpg,odg0036,oog7298,False,5,0.2857,0.119986,motorcycle
img_018839.jpg,odi2919,di12238,False,5,0.2857,0.223013,motorcycle
img_018840.jpg,odr2292,ddr993,False,4,0.4286,0.139412,motorcycle
img_018843.jpg,mtx4192,mix2399,False,4,0.4286,0.055911,motorcycle
img_018844.jpg,mtz2261,m79789,False,6,0.1429,0.084578,motorcycle
img_018849.jpg,mrh7545,mr47892,False,4,0.4286,0.227274,motorcycle
img_018852.jpg,msj3646,ws4292,False,6,0.1429,0.295908,motorcycle
img_018855.jpg,mtz2261,mtz238,False,3,0.5714,0.170589,motorcycle
img_018860.jpg,qrd0144,qrq7892,False,5,0.2857,0.053910,motorcycle
img_018861.jpg,ppl0556,pp12384,False,5,0.2857,0.403242,motorcycle
img_018865.jpg,mtz2261,mtz238,False,3,0.5714,0.582491,motorcycle
img_018868.jpg,mtv3334,mtv292,False,4,0.4286,0.105144,motorcycle
img_018870.jpg,odi5475,dd17792,False,6,0.1429,0.333535,motorcycle
img_018871.jpg,mtx3303,w79352,False,6,0.1429,0.128712,motorcycle
img_018876.jpg,mtz2261,mt7238,False,4,0.4286,0.390992,motorcycle
img_018877.jpg,mtz2261,mt7238,False,4,0.4286,0.354392,motorcycle
img_018879.jpg,odi2919,dd12382,False,5,0.2857,0.109844,motorcycle
img_018880.jpg,odr2292,ddr4291,False,3,0.5714,0.379572,motorcycle
img_018881.jpg,qrd0144,drd8590,False,5,0.2857,0.205716,motorcycle
img_018883.jpg,ppx9463,ppx292,False,4,0.4286,0.324206,motorcycle
img_018887.jpg,ppl0556,ps65297,False,6,0.1429,0.074905,motorcycle
img_018888.jpg,ocx1773,ocx7892,False,4,0.4286,0.117901,motorcycle
img_018893.jpg,mtz2261,bt27238,False,5,0.2857,0.150145,motorcycle
img_018894.jpg,mts0215,az15789,False,7,0.0000,0.348506,motorcycle
img_018895.jpg,msj3646,w51238,False,7,0.0000,0.163365,motorcycle
img_018896.jpg,odt2461,udt7982,False,5,0.2857,0.032646,motorcycle
img_018901.jpg,ocx1773,dc5599,False,6,0.1429,0.078147,motorcycle
img_018902.jpg,gyy1218,gy8298,False,3,0.5714,0.188613,motorcycle
img_018904.jpg,msj3646,w64792,False,7,0.0000,0.092320,motorcycle
img_018908.jpg,ocy9325,dcy2982,False,4,0.4286,0.443530,motorcycle
img_018909.jpg,msj3646,m417884,False,6,0.1429,0.164363,motorcycle
img_018912.jpg,mtz2261,mtz298,False,3,0.5714,0.079524,motorcycle
img_018913.jpg,mtz2261,mt2489,False,4,0.4286,0.039187,motorcycle
img_018914.jpg,gtu6908,gyu8292,False,5,0.2857,0.119902,motorcycle
img_018917.jpg,ppg6782,ppg4291,False,4,0.4286,0.040072,motorcycle
img_018920.jpg,msb9683,ws81991,False,6,0.1429,0.187711,motorcycle
img_018922.jpg,odh6465,gd05975,False,5,0.2857,0.052773,motorcycle
img_018925.jpg,msb1362,ms8b429,False,5,0.2857,0.054105,motorcycle
img_018928.jpg,qrd0144,drd2934,False,4,0.4286,0.092518,motorcycle
img_018932.jpg,gyy1218,gy1298,False,2,0.7143,0.609791,motorcycle
img_018934.jpg,msj3646,ms1238,False,5,0.2857,0.563040,motorcycle
img_018937.jpg,mtz2261,mtz238,False,3,0.5714,0.212081,motorcycle
img_018940.jpg,mtv9187,mtv238,False,3,0.5714,0.607019,motorcycle
img_018943.jpg,msb9683,ws8199,False,6,0.1429,0.199741,motorcycle
img_018947.jpg,ocx1773,qc9381,False,6,0.1429,0.220123,motorcycle
img_018948.jpg,msj3646,ms1298,False,5,0.2857,0.247306,motorcycle
img_018949.jpg,odf0749,ddf5349,False,3,0.5714,0.205742,motorcycle
img_018950.jpg,mtx7519,ifix789,False,5,0.2857,0.166799,motorcycle
img_018954.jpg,oyg9033,dvg7282,False,6,0.1429,0.157067,motorcycle
img_018955.jpg,mtz2261,mtz248,False,3,0.5714,0.047588,motorcycle
img_018956.jpg,mtz2261,mt4238,False,4,0.4286,0.100460,motorcycle
img_018958.jpg,mtz2261,bj77238,False,6,0.1429,0.203957,motorcycle
img_018962.jpg,mtz2261,mt9238,False,4,0.4286,0.054396,motorcycle
img_018963.jpg,msb9683,ws8759,False,6,0.1429,0.195453,motorcycle
img_018966.jpg,mrb2971,mrb2291,False,2,0.7143,0.229124,motorcycle
img_018971.jpg,ovh9424,bv42384,False,5,0.2857,0.304770,motorcycle
img_018972.jpg,mtz2261,mtz238,False,3,0.5714,0.299548,motorcycle
img_018973.jpg,msb9683,ws8729,False,6,0.1429,0.090049,motorcycle
img_018977.jpg,oyk5885,dyk7382,False,4,0.4286,0.169699,motorcycle
img_018983.jpg,qrd0144,qrd2992,False,4,0.4286,0.246487,motorcycle
img_018986.jpg,dlz4730,4732230,False,5,0.2857,0.098090,motorcycle
img_018987.jpg,odr2292,ddr7291,False,3,0.5714,0.396043,motorcycle
img_018988.jpg,ppl0556,pp17892,False,5,0.2857,0.237944,motorcycle
img_018989.jpg,oyi4822,dvi738,False,6,0.1429,0.094446,motorcycle
img_018990.jpg,mtz2261,mtz2384,False,3,0.5714,0.164350,motorcycle
img_018991.jpg,ppx9463,ppy2384,False,5,0.2857,0.406342,motorcycle
img_018992.jpg,msj3646,ms1298,False,5,0.2857,0.516131,motorcycle
img_018993.jpg,qrd0144,drd2338,False,5,0.2857,0.326827,motorcycle
img_018994.jpg,mtz2261,mtz238,False,3,0.5714,0.310928,motorcycle
img_018998.jpg,mtb7542,bj88489,False,7,0.0000,0.084579,motorcycle
img_018999.jpg,mqx7557,mox228,False,5,0.2857,0.371374,motorcycle
img_019000.jpg,msj3646,ms1892,False,5,0.2857,0.375852,motorcycle
img_019003.jpg,msb9683,ws8729,False,6,0.1429,0.246182,motorcycle
img_019008.jpg,ppl0556,pp17238,False,5,0.2857,0.451514,motorcycle
img_019009.jpg,ppv8421,bpy298,False,6,0.1429,0.136611,motorcycle
img_019012.jpg,odh6465,q065529,False,7,0.0000,0.056140,motorcycle
img_019014.jpg,mtz2261,bit7238,False,6,0.1429,0.068497,motorcycle
img_019016.jpg,mtz2261,mtz438,False,4,0.4286,0.070741,motorcycle
img_019017.jpg,mtz2261,zit7288,False,6,0.1429,0.092998,motorcycle
img_019019.jpg,mtz2261,att7238,False,5,0.2857,0.059034,motorcycle
img_019023.jpg,pph2254,bpi7788,False,6,0.1429,0.321734,motorcycle
img_019030.jpg,qrc0981,qbc2922,False,4,0.4286,0.087813,motorcycle
img_019036.jpg,ppc3296,bp67292,False,4,0.4286,0.719605,motorcycle
img_019037.jpg,ppc9946,ppc7892,False,4,0.4286,0.483446,motorcycle
img_019038.jpg,ppf2079,bp19788,False,6,0.1429,0.127250,motorcycle
img_019044.jpg,ppv9692,ppv7282,False,3,0.5714,0.300001,motorcycle
img_019045.jpg,mrk8393,wp5728,False,7,0.0000,0.104642,motorcycle
img_019046.jpg,hhk0213,qhi7789,False,6,0.1429,0.069101,motorcycle
img_019050.jpg,ppr7688,pp8789,False,3,0.5714,0.126752,motorcycle
img_019053.jpg,mrm0231,wb5478,False,7,0.0000,0.245351,motorcycle
img_019054.jpg,ocw0270,qc5578,False,5,0.2857,0.259198,motorcycle
img_019060.jpg,mtq4574,axp4238,False,6,0.1429,0.123427,motorcycle
img_019061.jpg,qrb7513,qbb728,False,4,0.4286,0.161859,motorcycle
img_019065.jpg,mqx2913,moxx783,False,4,0.4286,0.349109,motorcycle
img_019066.jpg,msx9147,g141438,False,6,0.1429,0.176077,motorcycle
img_019068.jpg,mql5285,mo1779,False,6,0.1429,0.282079,motorcycle
img_019073.jpg,pps2359,pps2438,False,3,0.5714,0.445768,motorcycle
img_019074.jpg,ppm4442,pp17238,False,5,0.2857,0.164397,motorcycle
img_019076.jpg,mqy9394,wqy7832,False,5,0.2857,0.085550,motorcycle
img_019077.jpg,odc1091,qdc779,False,4,0.4286,0.063857,motorcycle
img_019082.jpg,oyd3422,dyp4391,False,6,0.1429,0.055021,motorcycle
img_019084.jpg,mta5625,w62379,False,7,0.0000,0.064646,motorcycle
img_019086.jpg,oyk2653,dv57292,False,7,0.0000,0.130956,motorcycle
img_019089.jpg,ppe9043,ppe7292,False,4,0.4286,0.411855,motorcycle
img_019090.jpg,oyk6072,bo12723,False,6,0.1429,0.394604,motorcycle
img_019097.jpg,ppj1736,pp17782,False,4,0.4286,0.273037,motorcycle
img_019099.jpg,ppz1466,p467788,False,6,0.1429,0.053253,motorcycle
img_019100.jpg,msb9683,ws8729,False,6,0.1429,0.351653,motorcycle
img_019101.jpg,ppo2191,bpo4291,False,3,0.5714,0.256484,motorcycle
img_019103.jpg,oye8534,bye7892,False,5,0.2857,0.306388,motorcycle
img_019104.jpg,mtx3303,mt3489,False,4,0.4286,0.045747,motorcycle
img_019110.jpg,ppm4442,pp27892,False,4,0.4286,0.218591,motorcycle
img_019113.jpg,oye8534,dye789,False,5,0.2857,0.375884,motorcycle
img_019115.jpg,qrc1114,qrc359,False,4,0.4286,0.095016,motorcycle
img_019117.jpg,mph2341,zpg4791,False,5,0.2857,0.040787,motorcycle
img_019120.jpg,odr2842,qdr4291,False,5,0.2857,0.200009,motorcycle
img_019123.jpg,ods8124,dds934,False,4,0.4286,0.324821,motorcycle
img_019128.jpg,msv4500,ws7891,False,6,0.1429,0.159816,motorcycle
img_019129.jpg,mqk8749,bok7391,False,5,0.2857,0.170366,motorcycle
img_019133.jpg,mtx3303,bt33489,False,5,0.2857,0.195864,motorcycle
img_019139.jpg,ppp2231,ppp7880,False,4,0.4286,0.308867,motorcycle
img_019143.jpg,ovl3386,dv6729,False,6,0.1429,0.497570,motorcycle
img_019144.jpg,ppq9347,ppo2291,False,5,0.2857,0.248080,motorcycle
img_019148.jpg,mri9044,mri1292,False,4,0.4286,0.051062,motorcycle
img_019153.jpg,mpp4106,wpp7891,False,5,0.2857,0.248497,motorcycle
img_019155.jpg,oyk9375,qvk7392,False,5,0.2857,0.116173,motorcycle
img_019156.jpg,qrb1638,qrb7822,False,4,0.4286,0.233158,motorcycle
img_019162.jpg,oyg8941,dyg7891,False,3,0.5714,0.252923,motorcycle
img_019164.jpg,msw0327,msw728,False,3,0.5714,0.254516,motorcycle
img_019165.jpg,owv9543,dwv229,False,5,0.2857,0.068937,motorcycle
img_019174.jpg,odp0225,odp9291,False,3,0.5714,0.391120,motorcycle
img_019177.jpg,odl8131,ddl7992,False,5,0.2857,0.120113,motorcycle
img_019182.jpg,mrl8861,bb1728,False,7,0.0000,0.171567,motorcycle
img_019193.jpg,ppb0543,psb7891,False,5,0.2857,0.520195,motorcycle
img_019195.jpg,ods0897,qbs789,False,4,0.4286,0.219808,motorcycle
img_019199.jpg,mqx7585,mox789,False,3,0.5714,0.473256,motorcycle
img_019206.jpg,mtx4192,wizz799,False,6,0.1429,0.264905,motorcycle
img_019207.jpg,ppb4231,apb291,False,3,0.5714,0.466105,motorcycle
img_019214.jpg,lkp8909,byp7292,False,6,0.1429,0.392921,motorcycle
img_019227.jpg,ove5684,gve729,False,5,0.2857,0.181207,motorcycle
img_019229.jpg,qrb8117,qrb7891,False,3,0.5714,0.763176,motorcycle
img_019230.jpg,msb1362,msb7291,False,4,0.4286,0.234587,motorcycle
img_019231.jpg,mtz5078,w72558,False,5,0.2857,0.153365,motorcycle
img_019238.jpg,odj0825,odj7892,False,3,0.5714,0.140031,motorcycle
img_019240.jpg,qrb1552,dbb7892,False,5,0.2857,0.831655,motorcycle
img_019243.jpg,mtz5078,m72534,False,5,0.2857,0.122877,motorcycle
img_019244.jpg,odr5971,qdr4291,False,4,0.4286,0.674634,motorcycle
img_019247.jpg,oye8534,dve789,False,6,0.1429,0.659514,motorcycle
img_019249.jpg,mtb1146,ny8729,False,7,0.0000,0.404438,motorcycle
img_019250.jpg,mtx3303,wj93789,False,6,0.1429,0.113531,motorcycle
img_019255.jpg,oda8470,do4177,False,5,0.2857,0.015259,motorcycle
img_019256.jpg,odb4115,qob7891,False,6,0.1429,0.387203,motorcycle
img_019257.jpg,mtx4192,wizz729,False,7,0.0000,0.214618,motorcycle
img_019261.jpg,oyd1815,qy0729,False,6,0.1429,0.282408,motorcycle
img_019263.jpg,mte0987,my67392,False,6,0.1429,0.048890,motorcycle
img_019268.jpg,mtz0696,mi3789,False,5,0.2857,0.145524,motorcycle
img_019284.jpg,mtx3303,mt3489,False,4,0.4286,0.142589,motorcycle
img_019286.jpg,mrz6467,bb72384,False,7,0.0000,0.379768,motorcycle
img_019287.jpg,msb9683,msb3221,False,4,0.4286,0.077270,motorcycle
img_019291.jpg,qrb1638,wrb799,False,5,0.2857,0.127742,motorcycle
img_019294.jpg,ppb4172,ppb7892,False,3,0.5714,0.878708,motorcycle
img_019296.jpg,mss0528,qs87292,False,6,0.1429,0.144976,motorcycle
img_019298.jpg,mrb5311,zz1228,False,7,0.0000,0.065790,motorcycle
img_019302.jpg,oye3717,dye7291,False,5,0.2857,0.533793,motorcycle
img_019307.jpg,qrb1638,drb7892,False,5,0.2857,0.379029,motorcycle
img_019309.jpg,mst8655,bs12992,False,6,0.1429,0.221822,motorcycle
img_019311.jpg,mtt1831,w77799,False,7,0.0000,0.070497,motorcycle
img_019313.jpg,ovi3592,bv9799,False,5,0.2857,0.069837,motorcycle
img_019323.jpg,mrn6830,8b12280,False,6,0.1429,0.036181,motorcycle
img_019324.jpg,qrd2834,qbo2892,False,4,0.4286,0.147794,motorcycle
img_019326.jpg,mrf3594,mpf2884,False,4,0.4286,0.097493,motorcycle
img_019329.jpg,ppm9557,ppm491,False,4,0.4286,0.424691,motorcycle
img_019330.jpg,ppr7688,ppr4291,False,4,0.4286,0.365472,motorcycle
img_019331.jpg,hyo1025,wy0299,False,5,0.2857,0.256181,motorcycle
img_019332.jpg,qrb7513,qrb7891,False,3,0.5714,0.890561,motorcycle
img_019337.jpg,mtz5078,wo2559,False,6,0.1429,0.224367,motorcycle
img_019338.jpg,ppt5205,pp1529,False,3,0.5714,0.424706,motorcycle
img_019341.jpg,oda8470,q34778,False,6,0.1429,0.078400,motorcycle
img_019342.jpg,mtx4192,wizz729,False,7,0.0000,0.256662,motorcycle
img_019343.jpg,ppw3680,pe12288,False,5,0.2857,0.080380,motorcycle
img_019344.jpg,ocx1649,ocy799,False,4,0.4286,0.838311,motorcycle
img_019345.jpg,mtx3303,wt3579,False,5,0.2857,0.081239,motorcycle
img_019346.jpg,mtm2326,zim8729,False,5,0.2857,0.022882,motorcycle
img_019347.jpg,mtc8669,qti9591,False,6,0.1429,0.023700,motorcycle
img_019348.jpg,oyk5122,dyk7292,False,4,0.4286,0.226085,motorcycle
img_019349.jpg,mte1748,mte7892,False,4,0.4286,0.108898,motorcycle
img_019352.jpg,msh4661,ws9221,False,5,0.2857,0.062072,motorcycle
img_019353.jpg,odp0225,qdp7291,False,4,0.4286,0.404015,motorcycle
img_019354.jpg,ppi8650,bpi2384,False,5,0.2857,0.308100,motorcycle
img_019357.jpg,oyd2830,dv2428,False,6,0.1429,0.028611,motorcycle
img_019362.jpg,ocx8008,dc8534,False,5,0.2857,0.200211,motorcycle
img_019368.jpg,odc3096,doc7392,False,5,0.2857,0.206140,motorcycle
img_019369.jpg,msz1632,m82729,False,6,0.1429,0.211963,motorcycle
img_019370.jpg,mqj6527,mo57892,False,6,0.1429,0.068158,motorcycle
img_019376.jpg,mru6781,mru299,False,4,0.4286,0.313732,motorcycle
img_019377.jpg,mqa5194,mo42298,False,5,0.2857,0.229552,motorcycle
img_019381.jpg,mrq3407,mro2992,False,5,0.2857,0.382150,motorcycle
img_019386.jpg,mro6244,bro5334,False,4,0.4286,0.042624,motorcycle
img_019389.jpg,ovj8219,bv93892,False,6,0.1429,0.459832,motorcycle
img_019392.jpg,ppg1086,ppg5291,False,4,0.4286,0.437325,motorcycle
img_019393.jpg,mtz0696,wj7288,False,7,0.0000,0.055194,motorcycle
img_019399.jpg,gzz8751,gz3238,False,5,0.2857,0.265486,motorcycle
img_019407.jpg,mtt1831,w512284,False,7,0.0000,0.339910,motorcycle
img_019409.jpg,mtx3656,mj5579,False,6,0.1429,0.009809,motorcycle
img_019415.jpg,msj3155,ms1298,False,5,0.2857,0.548569,motorcycle
img_019419.jpg,mtx3303,x773478,False,6,0.1429,0.037294,motorcycle
img_019420.jpg,mrm4703,wbw234,False,7,0.0000,0.032177,motorcycle
img_019424.jpg,odg5912,qd67892,False,5,0.2857,0.174128,motorcycle
img_019425.jpg,odq7894,yd87789,False,4,0.4286,0.075639,motorcycle
img_019428.jpg,opz6615,dpi3789,False,6,0.1429,0.138029,motorcycle
img_019430.jpg,msz1632,ms2429,False,5,0.2857,0.214062,motorcycle
img_019431.jpg,odg5912,qdg5391,False,3,0.5714,0.099236,motorcycle
img_019432.jpg,mrs5261,was1791,False,5,0.2857,0.055820,motorcycle
img_019433.jpg,odr4281,qdr4291,False,2,0.7143,0.182902,motorcycle
img_019434.jpg,ppj7398,bp91789,False,5,0.2857,0.186305,motorcycle
img_019444.jpg,msa8197,bs91729,False,6,0.1429,0.178816,motorcycle
img_019447.jpg,ocx8244,qcx429,False,4,0.4286,0.182889,motorcycle
img_019448.jpg,mrz3515,brz7832,False,5,0.2857,0.214667,motorcycle
img_019451.jpg,hit8129,biz9728,False,5,0.2857,0.128689,motorcycle
img_019453.jpg,odg5912,qd67891,False,5,0.2857,0.150753,motorcycle
img_019455.jpg,odr2292,qbb7291,False,5,0.2857,0.207914,motorcycle
img_019458.jpg,oyd1815,dv1728,False,6,0.1429,0.059056,motorcycle
img_019460.jpg,odn8534,qdi7288,False,6,0.1429,0.032277,motorcycle
img_019466.jpg,ppi7591,pp17291,False,2,0.7143,0.073659,motorcycle
img_019468.jpg,mtm0994,wym2234,False,5,0.2857,0.024608,motorcycle
img_019469.jpg,ppo6851,ppo7992,False,4,0.4286,0.398641,motorcycle
img_019472.jpg,odf3477,qdf778,False,4,0.4286,0.046994,motorcycle
img_019473.jpg,pps7339,pps7292,False,3,0.5714,0.750577,motorcycle
img_019476.jpg,mrr0434,abr7292,False,6,0.1429,0.143742,motorcycle
img_019478.jpg,mru5943,wru7832,False,5,0.2857,0.285664,motorcycle
img_019481.jpg,odt5939,qd9591,False,4,0.4286,0.138703,motorcycle
img_019482.jpg,mqx2913,mox7892,False,5,0.2857,0.296185,motorcycle
img_019483.jpg,msm0075,ms1428,False,5,0.2857,0.070580,motorcycle
img_019485.jpg,odg5912,dd67892,False,5,0.2857,0.370127,motorcycle
img_019486.jpg,mpn7049,zpp1552,False,6,0.1429,0.034092,motorcycle
img_019489.jpg,ovh6100,dv07282,False,6,0.1429,0.128845,motorcycle
img_019492.jpg,ppu0251,pp51799,False,5,0.2857,0.067379,motorcycle
img_019497.jpg,mro4578,mr0779,False,4,0.4286,0.079730,motorcycle
img_019502.jpg,mqq7389,woo2292,False,7,0.0000,0.181128,motorcycle
img_019512.jpg,ppy6833,ppy799,False,4,0.4286,0.198512,motorcycle
img_019513.jpg,ovf4815,qy6728,False,7,0.0000,0.520799,motorcycle
img_019516.jpg,mrb5311,wrb429,False,5,0.2857,0.293635,motorcycle
img_019519.jpg,ppd2620,pp04291,False,5,0.2857,0.146151,motorcycle
img_019521.jpg,pps1706,ps87892,False,5,0.2857,0.385130,motorcycle
img_019525.jpg,mtx4192,wizz799,False,6,0.1429,0.264837,motorcycle
img_019530.jpg,pxl7388,pyl7892,False,4,0.4286,0.715319,motorcycle
img_019535.jpg,odt1955,od1779,False,4,0.4286,0.296261,motorcycle
img_019538.jpg,ppz3755,pp17892,False,5,0.2857,0.388579,motorcycle
img_019540.jpg,mqx7585,mox791,False,4,0.4286,0.184976,motorcycle
img_019541.jpg,ocv3282,d282429,False,6,0.1429,0.045419,motorcycle
img_019542.jpg,ppo2197,bpo7982,False,5,0.2857,0.524412,motorcycle
img_019544.jpg,mtx3303,wt3489,False,5,0.2857,0.361643,motorcycle
img_019546.jpg,ppm1709,pp99891,False,5,0.2857,0.176661,motorcycle
img_019547.jpg,msa2398,msa729,False,3,0.5714,0.497658,motorcycle
img_019553.jpg,msz1922,ws22984,False,5,0.2857,0.075686,motorcycle
img_019556.jpg,qrb1638,qrb7892,False,4,0.4286,0.256108,motorcycle
img_019557.jpg,oyh4070,dy6799,False,6,0.1429,0.077568,motorcycle
img_019559.jpg,mtt8743,bu12480,False,7,0.0000,0.175500,motorcycle
img_019561.jpg,mra3876,mba789,False,4,0.4286,0.406781,motorcycle
img_019565.jpg,msx5054,wos4497,False,7,0.0000,0.052895,motorcycle
img_019567.jpg,oyi2813,qy13317,False,5,0.2857,0.179898,motorcycle
img_019568.jpg,mpk8317,bpk7232,False,5,0.2857,0.370129,motorcycle
img_019573.jpg,msa2398,wsa729,False,4,0.4286,0.788566,motorcycle
img_019574.jpg,mtx3303,bt73528,False,5,0.2857,0.103584,motorcycle
img_019575.jpg,oyg1553,dyg7891,False,5,0.2857,0.358938,motorcycle
img_019582.jpg,msb1362,whs8789,False,7,0.0000,0.126284,motorcycle
img_019583.jpg,ppg5751,ppg7298,False,4,0.4286,0.402268,motorcycle
img_019584.jpg,odp0125,ddp478,False,5,0.2857,0.657715,motorcycle
img_019591.jpg,msx5054,msx4428,False,4,0.4286,0.083554,motorcycle
img_019593.jpg,jsn0597,qs47298,False,5,0.2857,0.136142,motorcycle
img_019603.jpg,mtx7170,mtx5399,False,4,0.4286,0.042714,motorcycle
img_019605.jpg,mto5364,mtg239,False,4,0.4286,0.041990,motorcycle
img_019607.jpg,mtx3303,mt3489,False,4,0.4286,0.485992,motorcycle
img_019612.jpg,msx2298,bsv7234,False,5,0.2857,0.291077,motorcycle
img_019613.jpg,ovh6100,dvb7282,False,6,0.1429,0.122809,motorcycle
img_019616.jpg,odg5912,qdg5394,False,4,0.4286,0.153900,motorcycle
img_019618.jpg,mqg7841,woc228,False,7,0.0000,0.689392,motorcycle
img_019621.jpg,odi1734,qdi729,False,4,0.4286,0.098229,motorcycle
img_019622.jpg,odg5912,qdg7891,False,4,0.4286,0.153114,motorcycle
img_019624.jpg,msx5054,ws4448,False,6,0.1429,0.192468,motorcycle
img_019625.jpg,odl3800,q810729,False,7,0.0000,0.113723,motorcycle
img_019628.jpg,mqp5431,wop729,False,6,0.1429,0.126180,motorcycle
img_019629.jpg,mqn4794,mo42723,False,5,0.2857,0.124108,motorcycle
img_019630.jpg,ltk5452,btk7892,False,4,0.4286,0.120631,motorcycle
img_019632.jpg,ppg5798,ppg7292,False,3,0.5714,0.672221,motorcycle
img_019633.jpg,ppr7688,ppb789,False,3,0.5714,0.431421,motorcycle
img_019636.jpg,mtx3303,mt3489,False,4,0.4286,0.400820,motorcycle
img_019638.jpg,ppq2825,pp07292,False,4,0.4286,0.090547,motorcycle
img_019639.jpg,mtz2261,bz67238,False,6,0.1429,0.383567,motorcycle
img_019642.jpg,ppf2079,ppf729,False,3,0.5714,0.582705,motorcycle
img_019649.jpg,odn6676,gdn7892,False,5,0.2857,0.420234,motorcycle
img_019651.jpg,mtq9627,wtq292,False,4,0.4286,0.247301,motorcycle
img_019652.jpg,ovj5300,dv4889,False,6,0.1429,0.045676,motorcycle
img_019653.jpg,mtx3303,mt3484,False,4,0.4286,0.157011,motorcycle
img_019655.jpg,mty6860,mty291,False,4,0.4286,0.220045,motorcycle
img_019663.jpg,mro6244,bro5384,False,4,0.4286,0.389310,motorcycle
img_019671.jpg,mru1294,wru7282,False,4,0.4286,0.141314,motorcycle
img_019672.jpg,ocw7196,dc5229,False,5,0.2857,0.053146,motorcycle
img_019678.jpg,odb8634,dbb7892,False,6,0.1429,0.776581,motorcycle
img_019680.jpg,msx2298,ms77292,False,3,0.5714,0.113196,motorcycle
img_019690.jpg,ppd2559,ppo2538,False,3,0.5714,0.211508,motorcycle
img_019694.jpg,oye3717,dye7292,False,5,0.2857,0.212977,motorcycle
img_019695.jpg,msp7266,wsp279,False,4,0.4286,0.200059,motorcycle
img_019699.jpg,ppt5205,pp17782,False,5,0.2857,0.405792,motorcycle
img_019700.jpg,mqj9617,wou7238,False,7,0.0000,0.202325,motorcycle
img_019701.jpg,qrd7251,dbd7238,False,4,0.4286,0.186544,motorcycle
img_019704.jpg,ppq1376,pp0529,False,5,0.2857,0.269442,motorcycle
img_019706.jpg,ovi5924,wva2384,False,5,0.2857,0.770206,motorcycle
img_019707.jpg,odl8131,db17234,False,6,0.1429,0.111394,motorcycle
img_019709.jpg,mrk2241,bbk5392,False,6,0.1429,0.098871,motorcycle
img_019710.jpg,msj4609,w809789,False,6,0.1429,0.124532,motorcycle
img_019712.jpg,ppg5751,bpg7298,False,5,0.2857,0.425376,motorcycle
img_019715.jpg,mtv6080,bj77489,False,6,0.1429,0.084877,motorcycle
img_019717.jpg,qrd7252,qrd7892,False,2,0.7143,0.546807,motorcycle
img_019723.jpg,odj5550,pb52232,False,7,0.0000,0.077858,motorcycle
img_019727.jpg,ppt2630,bb1229,False,6,0.1429,0.228629,motorcycle
img_019731.jpg,ppr1686,peb729,False,6,0.1429,0.102357,motorcycle
img_019732.jpg,mtz5078,wo2558,False,5,0.2857,0.282998,motorcycle
img_019733.jpg,odr2292,qdb4291,False,4,0.4286,0.179217,motorcycle
img_019734.jpg,mtx3303,wt3429,False,5,0.2857,0.134722,motorcycle
img_019737.jpg,ppo2197,ppo2280,False,3,0.5714,0.053470,motorcycle
img_019739.jpg,ppe5980,ppe7291,False,4,0.4286,0.799985,motorcycle
img_019743.jpg,mtr0445,gtr7291,False,5,0.2857,0.199811,motorcycle
img_019744.jpg,ppu9971,pp1229,False,5,0.2857,0.320882,motorcycle
img_019745.jpg,odg5912,qd67891,False,5,0.2857,0.210483,motorcycle
img_019759.jpg,mtm5314,mtm2230,False,4,0.4286,0.169277,motorcycle
img_019762.jpg,odl8131,dp17292,False,7,0.0000,0.065694,motorcycle
img_019764.jpg,mtz5078,bo72588,False,6,0.1429,0.157269,motorcycle
img_019768.jpg,ppb4172,cpb7892,False,4,0.4286,0.474847,motorcycle
img_019769.jpg,ods0897,qb5729,False,6,0.1429,0.108613,motorcycle
img_019774.jpg,ppq9375,bpo9729,False,5,0.2857,0.161274,motorcycle
img_019776.jpg,ovl3436,qvi7232,False,5,0.2857,0.198115,motorcycle
img_019778.jpg,oye6829,qve789,False,4,0.4286,0.410062,motorcycle
img_019779.jpg,mtz5078,boz2738,False,5,0.2857,0.061965,motorcycle
img_019780.jpg,ocx7943,oc3499,False,4,0.4286,0.152249,motorcycle
img_019783.jpg,qrc0981,qbc7891,False,4,0.4286,0.346317,motorcycle
img_019784.jpg,mtx4192,wizz729,False,7,0.0000,0.218593,motorcycle
img_019788.jpg,odg5912,qdg7891,False,4,0.4286,0.479367,motorcycle
img_019790.jpg,ppg3571,ppg1291,False,3,0.5714,0.314803,motorcycle
img_019792.jpg,ocw7196,qc17292,False,4,0.4286,0.166096,motorcycle
img_019794.jpg,odg5912,ddg7291,False,4,0.4286,0.260979,motorcycle
img_019795.jpg,ppo2191,bpo7291,False,3,0.5714,0.201409,motorcycle
img_019796.jpg,odl8131,dpl7238,False,5,0.2857,0.339468,motorcycle
img_019808.jpg,pps7270,bps7238,False,3,0.5714,0.157601,motorcycle
img_019809.jpg,ppg5713,bpg7892,False,5,0.2857,0.683359,motorcycle
img_019810.jpg,ods0897,ods789,False,2,0.7143,0.249657,motorcycle
img_019812.jpg,ppm4442,zp97892,False,5,0.2857,0.014816,motorcycle
img_019817.jpg,msx5054,wsx1299,False,5,0.2857,0.030917,motorcycle
img_019818.jpg,mts5164,mi55228,False,5,0.2857,0.107299,motorcycle
img_019819.jpg,mtz5078,wo2582,False,6,0.1429,0.100908,motorcycle
img_019821.jpg,mro6244,bro2391,False,5,0.2857,0.298780,motorcycle
img_019824.jpg,ppq1376,pp05791,False,5,0.2857,0.246179,motorcycle
img_019825.jpg,ppd2620,bpd2292,False,4,0.4286,0.177637,motorcycle
img_019826.jpg,msb1362,whs8789,False,7,0.0000,0.122375,motorcycle
img_019827.jpg,odn9515,qd15779,False,6,0.1429,0.193577,motorcycle
img_019833.jpg,odb2698,qo8729,False,5,0.2857,0.074983,motorcycle
img_019834.jpg,mtz5078,bo72729,False,7,0.0000,0.026103,motorcycle
img_019835.jpg,odc7430,qdc7892,False,4,0.4286,0.415737,motorcycle
img_019837.jpg,ppb0543,apb7891,False,5,0.2857,0.293372,motorcycle
img_019839.jpg,ppm5173,pp15391,False,4,0.4286,0.037300,motorcycle
img_019840.jpg,msa8197,a191778,False,6,0.1429,0.159330,motorcycle
img_019844.jpg,mtz5078,bo72538,False,6,0.1429,0.025970,motorcycle
img_019845.jpg,mtx3303,wi33529,False,6,0.1429,0.143547,motorcycle
img_019852.jpg,odn8534,ob42290,False,6,0.1429,0.030173,motorcycle
img_019856.jpg,mta5460,mta2292,False,4,0.4286,0.084233,motorcycle
img_019857.jpg,odr4281,qdr428,False,2,0.7143,0.554009,motorcycle
img_019858.jpg,oko9518,ok07892,False,5,0.2857,0.429314,motorcycle
img_019859.jpg,mrz4429,app9289,False,6,0.1429,0.311366,motorcycle
img_019869.jpg,ppy6961,ppy238,False,4,0.4286,0.774071,motorcycle
img_019872.jpg,odt9878,qo71799,False,7,0.0000,0.244301,motorcycle
img_019873.jpg,ppu4392,apu7892,False,3,0.5714,0.088172,motorcycle
img_019880.jpg,pps7339,pps729,False,2,0.7143,0.439791,motorcycle
img_019883.jpg,mtz0670,my2892,False,6,0.1429,0.198341,motorcycle
img_019886.jpg,mth2379,mth7892,False,4,0.4286,0.244678,motorcycle
img_019890.jpg,mta6451,gta729,False,5,0.2857,0.071825,motorcycle
img_019892.jpg,odb7075,qdb7291,False,4,0.4286,0.133061,motorcycle
img_019898.jpg,mro4578,mr0779,False,4,0.4286,0.208989,motorcycle
img_019901.jpg,mtq9210,mtc289,False,4,0.4286,0.238457,motorcycle
img_019903.jpg,mtx3303,bt23589,False,5,0.2857,0.020158,motorcycle
img_019905.jpg,ovl8579,bv9529,False,4,0.4286,0.176083,motorcycle
img_019909.jpg,msb1362,wsb7291,False,5,0.2857,0.289682,motorcycle
img_019915.jpg,odg5912,ddg5399,False,4,0.4286,0.235173,motorcycle
img_019919.jpg,qrb8036,drb7392,False,5,0.2857,0.128018,motorcycle
img_019920.jpg,ppk8709,pp55749,False,3,0.5714,0.267943,motorcycle
img_019921.jpg,ppb4183,qpb7291,False,5,0.2857,0.094320,motorcycle
img_019926.jpg,odb4107,qdb129,False,4,0.4286,0.092129,motorcycle
img_019927.jpg,kpu6390,bp12292,False,5,0.2857,0.081052,motorcycle
img_019929.jpg,mtz5078,wo2578,False,4,0.4286,0.050372,motorcycle
img_019931.jpg,hdy6316,bdv2982,False,6,0.1429,0.289761,motorcycle
img_019932.jpg,mro6244,bro5381,False,5,0.2857,0.110642,motorcycle
img_019935.jpg,mtv0352,qtw729,False,6,0.1429,0.053133,motorcycle
img_019938.jpg,odr4281,dzr4291,False,3,0.5714,0.099828,motorcycle
img_019941.jpg,ppb4231,ppb7292,False,3,0.5714,0.395594,motorcycle
img_019942.jpg,odj5604,dp92239,False,7,0.0000,0.008380,motorcycle
img_019943.jpg,odb7075,qdb7291,False,4,0.4286,0.231719,motorcycle
img_019944.jpg,msz1632,mb2789,False,6,0.1429,0.621777,motorcycle
img_019949.jpg,ppm9555,ppm7282,False,4,0.4286,0.100168,motorcycle
img_019950.jpg,ppr7688,ppp7291,False,4,0.4286,0.420683,motorcycle
img_019951.jpg,msm6217,gs1729,False,5,0.2857,0.055196,motorcycle
img_019953.jpg,qrd7245,qrq5391,False,5,0.2857,0.088808,motorcycle
img_019960.jpg,qrd0121,qrd2292,False,4,0.4286,0.161363,motorcycle
img_019961.jpg,odb5237,ddb7491,False,5,0.2857,0.256622,motorcycle
img_019965.jpg,qnx3469,gny1292,False,6,0.1429,0.069043,motorcycle
img_019969.jpg,msb9683,msb7521,False,4,0.4286,0.148583,motorcycle
img_019971.jpg,mtx4192,wig2729,False,7,0.0000,0.062066,motorcycle
img_019979.jpg,ppp3131,bpp7291,False,4,0.4286,0.761493,motorcycle
img_019982.jpg,odm4163,qdm5721,False,5,0.2857,0.027540,motorcycle
img_019984.jpg,oyd1390,dyp524,False,6,0.1429,0.276577,motorcycle
img_019985.jpg,mtz5078,boz2729,False,6,0.1429,0.029465,motorcycle
img_019986.jpg,ppn2582,bpa729,False,6,0.1429,0.444981,motorcycle
img_019991.jpg,lkq0727,ck0729,False,3,0.5714,0.475086,motorcycle
img_019992.jpg,mpe6919,bp19791,False,5,0.2857,0.191235,motorcycle
img_019994.jpg,odj5604,pgo4288,False,7,0.0000,0.059843,motorcycle
img_019996.jpg,mqs0401,mo52892,False,6,0.1429,0.425686,motorcycle
img_019997.jpg,ppo2162,bp87799,False,6,0.1429,0.080438,motorcycle
img_020000.jpg,oyd2830,dyp428,False,5,0.2857,0.084018,motorcycle
img_020007.jpg,mpk8317,bpk7292,False,5,0.2857,0.860459,motorcycle
img_020012.jpg,ppz1463,pp3789,False,5,0.2857,0.264849,motorcycle
img_020013.jpg,msy3067,ms7238,False,5,0.2857,0.145251,motorcycle
img_020014.jpg,ppd2620,bbo7238,False,7,0.0000,0.082477,motorcycle
img_020018.jpg,asy9044,asy493,False,4,0.4286,0.045975,motorcycle
img_020019.jpg,odm6783,8d5578,False,4,0.4286,0.162939,motorcycle
img_020023.jpg,mtl2735,bt76799,False,5,0.2857,0.063719,motorcycle
img_020028.jpg,oyh0980,qy67292,False,6,0.1429,0.122728,motorcycle
img_020031.jpg,qrd7245,qrd5391,False,4,0.4286,0.057599,motorcycle
img_020033.jpg,ocx7943,qcx499,False,4,0.4286,0.119375,motorcycle
img_020036.jpg,msm6217,gs1729,False,5,0.2857,0.082279,motorcycle
img_020039.jpg,odr2292,dbb7291,False,5,0.2857,0.168299,motorcycle
img_020041.jpg,msb1362,ws87891,False,6,0.1429,0.214090,motorcycle
img_020043.jpg,odl8131,dd17292,False,6,0.1429,0.208885,motorcycle
img_020044.jpg,mst6448,es41729,False,6,0.1429,0.081679,motorcycle
img_020047.jpg,ppu1462,ppu7892,False,3,0.5714,0.660464,motorcycle
img_020049.jpg,qrb8116,grb7892,False,5,0.2857,0.880692,motorcycle
img_020054.jpg,ppb4183,bpb7891,False,5,0.2857,0.368934,motorcycle
img_020055.jpg,ods0897,qbs728,False,6,0.1429,0.246722,motorcycle
img_020061.jpg,mqj6527,mo5289,False,5,0.2857,0.401608,motorcycle
img_020063.jpg,mtz2261,bj67238,False,6,0.1429,0.085292,motorcycle
img_020065.jpg,ppl7980,pp17892,False,4,0.4286,0.730167,motorcycle
img_020066.jpg,mqh2561,bo11238,False,7,0.0000,0.103480,motorcycle
img_020067.jpg,odi2928,dd18722,False,5,0.2857,0.081758,motorcycle
img_020070.jpg,odj2762,qd5229,False,5,0.2857,0.090993,motorcycle
img_020071.jpg,mta5424,m744799,False,6,0.1429,0.080131,motorcycle
img_020073.jpg,odh7019,qdw7292,False,5,0.2857,0.111791,motorcycle
img_020074.jpg,pps6244,bp4228,False,5,0.2857,0.205091,motorcycle
img_020079.jpg,ppw3680,bp12284,False,5,0.2857,0.195771,motorcycle
img_020081.jpg,mpe6919,b915789,False,6,0.1429,0.188776,motorcycle
img_020086.jpg,mrv9051,dps4291,False,6,0.1429,0.144707,motorcycle
img_020089.jpg,ppj3188,bp17892,False,6,0.1429,0.326513,motorcycle
img_020092.jpg,odt6046,gb1279,False,7,0.0000,0.156962,motorcycle
img_020093.jpg,msz1632,ms2729,False,5,0.2857,0.109562,motorcycle
img_020094.jpg,ppj2374,pp14491,False,5,0.2857,0.469477,motorcycle
img_020098.jpg,mtz5078,wo2779,False,6,0.1429,0.043244,motorcycle
img_020104.jpg,mtz0748,m72789,False,5,0.2857,0.393815,motorcycle
img_020106.jpg,oyj4153,qv3729,False,7,0.0000,0.283276,motorcycle
img_020110.jpg,ocv8403,dcy3291,False,6,0.1429,0.055340,motorcycle
img_020113.jpg,ppg5713,ppg7892,False,4,0.4286,0.601671,motorcycle
img_020117.jpg,qrd7245,qrq7292,False,3,0.5714,0.089629,motorcycle
img_020118.jpg,oye8534,qve7891,False,6,0.1429,0.136621,motorcycle
img_020121.jpg,ppv9585,ppy292,False,5,0.2857,0.200297,motorcycle
img_020123.jpg,oyj2555,qy1578,False,5,0.2857,0.265458,motorcycle
img_020127.jpg,msb1362,cssb789,False,6,0.1429,0.152251,motorcycle
img_020130.jpg,qrb8001,grb7892,False,5,0.2857,0.226616,motorcycle
img_020133.jpg,opz6615,dpz3789,False,5,0.2857,0.074195,motorcycle
img_020134.jpg,ppk8700,bp9729,False,5,0.2857,0.239151,motorcycle
img_020135.jpg,odr4648,qdr4294,False,4,0.4286,0.088360,motorcycle
img_020138.jpg,mtz5078,bt72789,False,5,0.2857,0.202555,motorcycle
img_020142.jpg,mru3095,brd7292,False,5,0.2857,0.060683,motorcycle
img_020144.jpg,ppj2374,bp14791,False,6,0.1429,0.075697,motorcycle
img_020145.jpg,ppv5741,ppy8992,False,5,0.2857,0.050749,motorcycle
img_020146.jpg,mql2015,mo17792,False,6,0.1429,0.258023,motorcycle
img_020147.jpg,mqx2913,mox2234,False,4,0.4286,0.784407,motorcycle
img_020150.jpg,mph2341,mp4429,False,5,0.2857,0.089894,motorcycle
img_020151.jpg,ppm2910,ppi2229,False,4,0.4286,0.055320,motorcycle
img_020153.jpg,mpe6919,bp19791,False,5,0.2857,0.045213,motorcycle
img_020155.jpg,ppj3188,bp12282,False,5,0.2857,0.105292,motorcycle
img_020157.jpg,odg5912,qdg7891,False,4,0.4286,0.297399,motorcycle
img_020158.jpg,odr4648,qdb7291,False,6,0.1429,0.215429,motorcycle
img_020159.jpg,msh3522,msp278,False,5,0.2857,0.374548,motorcycle
img_020165.jpg,odr2292,qdb4291,False,4,0.4286,0.630772,motorcycle
img_020166.jpg,msb1362,ws87891,False,6,0.1429,0.236942,motorcycle
img_020170.jpg,odt9878,qbi8789,False,5,0.2857,0.074667,motorcycle
img_020172.jpg,odj5604,b874288,False,7,0.0000,0.081864,motorcycle
img_020178.jpg,ppo2334,ppo2882,False,3,0.5714,0.084767,motorcycle
img_020179.jpg,ods0897,ods789,False,2,0.7143,0.484659,motorcycle
img_020181.jpg,ppu6260,bp92384,False,6,0.1429,0.053479,motorcycle
img_020182.jpg,ppg0652,ppg2384,False,4,0.4286,0.842969,motorcycle
img_020183.jpg,ocx2033,bc77292,False,6,0.1429,0.199094,motorcycle
img_020184.jpg,mtx4192,wizz729,False,7,0.0000,0.215916,motorcycle
img_020185.jpg,odl3800,qo17789,False,6,0.1429,0.023455,motorcycle
img_020191.jpg,odi8520,qbi2238,False,6,0.1429,0.257533,motorcycle
img_020192.jpg,msh9204,bs0228,False,5,0.2857,0.121587,motorcycle
img_020193.jpg,ppm9557,pp5229,False,5,0.2857,0.093165,motorcycle
img_020194.jpg,ppv5741,ppy591,False,3,0.5714,0.377615,motorcycle
img_020195.jpg,mtz5078,boz2529,False,6,0.1429,0.094611,motorcycle
img_020198.jpg,odf8751,ddf7282,False,5,0.2857,0.101263,motorcycle
img_020201.jpg,odr4648,qdb7291,False,6,0.1429,0.053527,motorcycle
img_020202.jpg,mtx4192,wig2729,False,7,0.0000,0.108572,motorcycle
img_020203.jpg,msb1362,ws8789,False,6,0.1429,0.531899,motorcycle
img_020205.jpg,qrd0121,qrd4291,False,3,0.5714,0.166408,motorcycle
img_020210.jpg,ppk8700,bpv2280,False,5,0.2857,0.286760,motorcycle
img_020213.jpg,ppk8694,bpk2292,False,4,0.4286,0.184569,motorcycle
img_020215.jpg,odr3327,qde4291,False,6,0.1429,0.151609,motorcycle
img_020222.jpg,msz1632,ms2429,False,5,0.2857,0.424485,motorcycle
img_020223.jpg,odj5604,p844288,False,7,0.0000,0.052949,motorcycle
img_020225.jpg,ppu1457,ppu129,False,3,0.5714,0.238169,motorcycle
img_020227.jpg,odm6707,gew7922,False,7,0.0000,0.057454,motorcycle
img_020228.jpg,odt1955,od15792,False,5,0.2857,0.069329,motorcycle
img_020233.jpg,ppm9537,bf17284,False,7,0.0000,0.069254,motorcycle
img_020239.jpg,ppc8676,ppc7291,False,4,0.4286,0.155265,motorcycle
img_020244.jpg,ppv2570,psy891,False,6,0.1429,0.210798,motorcycle
img_020246.jpg,ppu4392,ppu7992,False,2,0.7143,0.135420,motorcycle
img_020260.jpg,odj2762,q937789,False,6,0.1429,0.055589,motorcycle
img_020261.jpg,ppm9557,be57288,False,7,0.0000,0.149093,motorcycle
img_020262.jpg,mph2341,zp9429,False,6,0.1429,0.097729,motorcycle
img_020263.jpg,mpn7049,mp45428,False,5,0.2857,0.046666,motorcycle
img_020264.jpg,mtx4192,wigz729,False,7,0.0000,0.097378,motorcycle
img_020270.jpg,qrd3816,qrd7892,False,3,0.5714,0.203755,motorcycle
img_020271.jpg,mtx7170,wtx4291,False,5,0.2857,0.063128,motorcycle
img_020274.jpg,odp0225,odp7292,False,3,0.5714,0.446385,motorcycle
img_020275.jpg,msn5190,bs12789,False,6,0.1429,0.070581,motorcycle
img_020281.jpg,mtt0512,gs12788,False,7,0.0000,0.215151,motorcycle
img_020283.jpg,msb1362,ws87291,False,6,0.1429,0.483189,motorcycle
img_020287.jpg,msz1632,m82789,False,6,0.1429,0.081642,motorcycle
img_020292.jpg,mql2015,mo17792,False,6,0.1429,0.191291,motorcycle
img_020294.jpg,ppz9797,ppz1992,False,3,0.5714,0.262644,motorcycle
img_020297.jpg,odk1170,2051789,False,6,0.1429,0.021985,motorcycle
img_020301.jpg,mtz5078,wo22588,False,6,0.1429,0.034104,motorcycle
img_020302.jpg,odr4648,qdr4291,False,4,0.4286,0.174700,motorcycle
img_020306.jpg,odp0225,obp7292,False,4,0.4286,0.151598,motorcycle
img_020307.jpg,mtx4192,wizz729,False,7,0.0000,0.253519,motorcycle
img_020309.jpg,msb1362,ws82789,False,6,0.1429,0.034082,motorcycle
img_020310.jpg,ppg5751,bpg7238,False,5,0.2857,0.538083,motorcycle
img_020312.jpg,mqz6035,8033539,False,6,0.1429,0.042383,motorcycle
img_020316.jpg,mqh2561,mol7788,False,6,0.1429,0.121557,motorcycle
img_020323.jpg,mpl7707,mp17239,False,4,0.4286,0.021764,motorcycle
img_020325.jpg,qrc1114,qrc7232,False,4,0.4286,0.281519,motorcycle
img_020327.jpg,ppv9585,pp5892,False,4,0.4286,0.645716,motorcycle
img_020328.jpg,ppg9448,ppg7892,False,4,0.4286,0.345069,motorcycle
img_020330.jpg,ppm4442,pp17291,False,5,0.2857,0.061350,motorcycle
img_020331.jpg,mtt8621,bt71429,False,5,0.2857,0.291709,motorcycle
img_020332.jpg,mtx4192,wizz729,False,7,0.0000,0.129632,motorcycle
img_020333.jpg,ovh6100,qv2788,False,6,0.1429,0.024797,motorcycle
img_020336.jpg,msa4370,wsa798,False,5,0.2857,0.217761,motorcycle
img_020337.jpg,msb9683,ms87529,False,5,0.2857,0.082479,motorcycle
img_020339.jpg,msb1362,wasb789,False,6,0.1429,0.287643,motorcycle
img_020340.jpg,ppd2620,bp97292,False,5,0.2857,0.188015,motorcycle
img_020345.jpg,mse7469,ws1729,False,4,0.4286,0.136926,motorcycle
img_020347.jpg,msz1632,ms2292,False,4,0.4286,0.286770,motorcycle
img_020351.jpg,ppb4172,bpb7891,False,5,0.2857,0.674931,motorcycle
img_020353.jpg,odb4115,qdb7892,False,5,0.2857,0.586421,motorcycle
img_020360.jpg,msx9147,gs42282,False,6,0.1429,0.382553,motorcycle
img_020361.jpg,oye6856,qve5247,False,6,0.1429,0.097808,motorcycle
img_020363.jpg,mse7469,ps15389,False,5,0.2857,0.014625,motorcycle
img_020369.jpg,mtz5078,wo2789,False,6,0.1429,0.039961,motorcycle
img_020370.jpg,mra3876,mba7892,False,4,0.4286,0.871574,motorcycle
img_020373.jpg,ppu4392,apu7922,False,4,0.4286,0.286051,motorcycle
img_020378.jpg,ovl3436,bv67238,False,5,0.2857,0.355851,motorcycle
img_020382.jpg,msx9147,gs7288,False,6,0.1429,0.128702,motorcycle
img_020383.jpg,mqx2913,mox7789,False,5,0.2857,0.252690,motorcycle
img_020385.jpg,mpn7049,mp49478,False,5,0.2857,0.143648,motorcycle
img_020386.jpg,msb1362,msb7894,False,4,0.4286,0.208779,motorcycle
img_020387.jpg,qrb8001,bbb7892,False,6,0.1429,0.794986,motorcycle
img_020392.jpg,mtx4192,wizz729,False,7,0.0000,0.225860,motorcycle
img_020396.jpg,odr4648,qd84734,False,5,0.2857,0.045822,motorcycle
img_020400.jpg,mtd1829,wt97892,False,5,0.2857,0.089483,motorcycle
img_020404.jpg,oyi2833,bv17791,False,7,0.0000,0.175801,motorcycle
img_020405.jpg,qrd3846,qrd5377,False,4,0.4286,0.081355,motorcycle
img_020408.jpg,ppo2162,bp37288,False,6,0.1429,0.086821,motorcycle
img_020410.jpg,ppj2374,pp1279,False,3,0.5714,0.265608,motorcycle
img_020419.jpg,ppa9547,pfa229,False,5,0.2857,0.177876,motorcycle
img_020421.jpg,mtl2735,mt5799,False,4,0.4286,0.158339,motorcycle
img_020424.jpg,mtd1829,wt9799,False,5,0.2857,0.093253,motorcycle
img_020432.jpg,ovl3386,dv67292,False,6,0.1429,0.714625,motorcycle
img_020436.jpg,ppz3755,bp3789,False,4,0.4286,0.491924,motorcycle
img_020439.jpg,mtz5078,wo2539,False,6,0.1429,0.076705,motorcycle
img_020440.jpg,msr1575,wsp299,False,6,0.1429,0.568876,motorcycle
img_020441.jpg,ppm2910,pp12288,False,4,0.4286,0.224374,motorcycle
img_020442.jpg,ppv5741,ppv4917,False,4,0.4286,0.162311,motorcycle
img_020444.jpg,odr4648,qdr4594,False,4,0.4286,0.023648,motorcycle
img_020445.jpg,mrf6286,8bf729,False,5,0.2857,0.076241,motorcycle
img_020446.jpg,msb1362,was2789,False,7,0.0000,0.048585,motorcycle
img_020451.jpg,ocw9063,oci2298,False,5,0.2857,0.034986,motorcycle
img_020464.jpg,mtw6413,mt17782,False,5,0.2857,0.099048,motorcycle
img_020467.jpg,mtx4192,wizz729,False,7,0.0000,0.071490,motorcycle
img_020468.jpg,odj5604,pe44584,False,6,0.1429,0.068247,motorcycle
img_020470.jpg,mtt1831,wit7228,False,6,0.1429,0.125384,motorcycle
img_020476.jpg,mtx7170,bt2429,False,6,0.1429,0.073317,motorcycle
img_020479.jpg,msa6798,gsa7391,False,4,0.4286,0.222351,motorcycle
img_020480.jpg,ppp3359,ppp7891,False,4,0.4286,0.600124,motorcycle
img_020482.jpg,odr4648,qdr5534,False,5,0.2857,0.198367,motorcycle
img_020484.jpg,qrd7245,qrq9392,False,5,0.2857,0.117991,motorcycle
img_020486.jpg,mrf8508,bbe7282,False,7,0.0000,0.237673,motorcycle
img_020488.jpg,mtx4192,wi37729,False,7,0.0000,0.163632,motorcycle
img_020491.jpg,mro6244,bro2394,False,4,0.4286,0.064308,motorcycle
img_020496.jpg,msz1632,ms2789,False,5,0.2857,0.152134,motorcycle
img_020497.jpg,odm9555,dbm422,False,6,0.1429,0.178653,motorcycle
img_020500.jpg,ppo2178,bp9789,False,5,0.2857,0.111526,motorcycle
img_020505.jpg,ovi2792,dy67732,False,5,0.2857,0.049618,motorcycle
img_020510.jpg,ppg5713,bpg7832,False,4,0.4286,0.453067,motorcycle
img_020511.jpg,mtx4192,wi32729,False,7,0.0000,0.280947,motorcycle
img_020513.jpg,ppm1734,pp3489,False,5,0.2857,0.370112,motorcycle
img_020514.jpg,oyj2555,qy1599,False,5,0.2857,0.130701,motorcycle
img_020516.jpg,odh5452,gd3729,False,6,0.1429,0.045014,motorcycle
img_020520.jpg,mtx7170,wix499,False,6,0.1429,0.064965,motorcycle
img_020521.jpg,ppt7234,pp1229,False,4,0.4286,0.154477,motorcycle
img_020522.jpg,ppt9149,pp9729,False,3,0.5714,0.537441,motorcycle
img_020523.jpg,ozk3386,dz67292,False,6,0.1429,0.278340,motorcycle
img_020524.jpg,mqa5134,woa2234,False,4,0.4286,0.306469,motorcycle
img_020525.jpg,ove0989,qve7234,False,5,0.2857,0.330284,motorcycle
img_020528.jpg,mqk5693,mok7892,False,4,0.4286,0.361940,motorcycle
img_020529.jpg,ovl3436,dv67292,False,6,0.1429,0.455286,motorcycle
img_020530.jpg,odj5461,gd9729,False,6,0.1429,0.070385,motorcycle
img_020540.jpg,ppt5209,pp9292,False,4,0.4286,0.361197,motorcycle
img_020542.jpg,hlc2481,ble228,False,4,0.4286,0.110311,motorcycle
img_020543.jpg,mpn7049,zmp4529,False,5,0.2857,0.105649,motorcycle
img_020548.jpg,mqi6783,8993729,False,6,0.1429,0.205327,motorcycle
img_020549.jpg,hjo2485,bu67292,False,7,0.0000,0.062575,motorcycle
img_020554.jpg,kxn2215,kxn7892,False,4,0.4286,0.234144,motorcycle
img_020564.jpg,msw4283,wsb728,False,4,0.4286,0.169829,motorcycle
img_020568.jpg,ppm1709,pp99792,False,4,0.4286,0.226169,motorcycle
img_020570.jpg,ppr5542,ppb7892,False,4,0.4286,0.759576,motorcycle
img_020574.jpg,mpl7707,wp1789,False,5,0.2857,0.277609,motorcycle
img_020577.jpg,hlc2481,blc7292,False,5,0.2857,0.255994,motorcycle
img_020580.jpg,prf7007,ppf7292,False,4,0.4286,0.356444,motorcycle
img_020583.jpg,ppw0768,pp57992,False,5,0.2857,0.042047,motorcycle
img_020587.jpg,odj2879,dou8792,False,4,0.4286,0.036885,motorcycle
img_020589.jpg,ppj7470,pp10783,False,5,0.2857,0.069598,motorcycle
img_020590.jpg,ppr1686,pbr729,False,5,0.2857,0.049067,motorcycle
img_020597.jpg,qrd7892,qbo229,False,5,0.2857,0.282797,motorcycle
img_020600.jpg,mqv9691,mov228,False,5,0.2857,0.785329,motorcycle
img_020601.jpg,odj5604,p814238,False,7,0.0000,0.196524,motorcycle
img_020602.jpg,msb9683,ms83729,False,5,0.2857,0.069326,motorcycle
img_020604.jpg,odg5912,qdg7391,False,4,0.4286,0.325509,motorcycle
img_020609.jpg,odb2698,qbb7892,False,5,0.2857,0.496245,motorcycle
img_020610.jpg,odg5912,qdg7892,False,4,0.4286,0.771576,motorcycle
img_020611.jpg,odr3327,ddr4291,False,5,0.2857,0.344858,motorcycle
img_020612.jpg,mtx7170,wtx524,False,5,0.2857,0.062438,motorcycle
img_020614.jpg,mtz5078,wo22728,False,6,0.1429,0.047099,motorcycle
img_020615.jpg,ppv9692,ppv2292,False,2,0.7143,0.224323,motorcycle
img_020618.jpg,odj0825,od1779,False,5,0.2857,0.056991,motorcycle
img_020622.jpg,ocx8244,qcx453,False,5,0.2857,0.214420,motorcycle
img_020623.jpg,ovj5300,dv17892,False,6,0.1429,0.036505,motorcycle
img_020626.jpg,odr4648,qdr4291,False,4,0.4286,0.435453,motorcycle
img_020627.jpg,mtx4192,witz799,False,6,0.1429,0.215892,motorcycle
img_020630.jpg,odn8534,dbs2280,False,7,0.0000,0.061378,motorcycle
img_020633.jpg,ocw7196,yc92282,False,6,0.1429,0.078540,motorcycle
img_020634.jpg,odg5912,qdg7391,False,4,0.4286,0.293581,motorcycle
img_020636.jpg,mtx9393,wig3782,False,7,0.0000,0.131083,motorcycle
img_020638.jpg,odc7430,qdc5292,False,5,0.2857,0.192965,motorcycle
img_020642.jpg,odr5971,qbr4291,False,5,0.2857,0.286721,motorcycle
img_020643.jpg,odr2292,qbb7291,False,5,0.2857,0.256276,motorcycle
img_020644.jpg,ppp3129,bp97892,False,6,0.1429,0.385488,motorcycle
img_020645.jpg,mrf8508,mbe7232,False,6,0.1429,0.388730,motorcycle
img_020647.jpg,qrd7892,qbb7892,False,2,0.7143,0.367563,motorcycle
img_020649.jpg,qrc1114,qrc7292,False,4,0.4286,0.397940,motorcycle
img_020650.jpg,ppc8676,pp1789,False,5,0.2857,0.115218,motorcycle
img_020653.jpg,mqs0401,mo57892,False,6,0.1429,0.208752,motorcycle
img_020654.jpg,odr4648,qdp789,False,6,0.1429,0.205318,motorcycle
img_020658.jpg,ppo6851,pp1229,False,5,0.2857,0.331589,motorcycle
img_020659.jpg,mpv8198,mpv539,False,3,0.5714,0.145599,motorcycle
img_020661.jpg,ppz2838,pp7789,False,4,0.4286,0.172469,motorcycle
img_020663.jpg,ppq3967,ppo2991,False,4,0.4286,0.038218,motorcycle
img_020664.jpg,ppp2156,bpp778,False,5,0.2857,0.479237,motorcycle
img_020666.jpg,mtg9119,gtg789,False,4,0.4286,0.151336,motorcycle
img_020668.jpg,mqy3046,mqv429,False,5,0.2857,0.097972,motorcycle
img_020675.jpg,msz1632,m32729,False,6,0.1429,0.078695,motorcycle
img_020676.jpg,ove0989,dv27238,False,6,0.1429,0.084720,motorcycle
img_020683.jpg,mrd1456,arb729,False,6,0.1429,0.627758,motorcycle
img_020687.jpg,mtx4192,wizz729,False,7,0.0000,0.310659,motorcycle
img_020689.jpg,ppy6645,bby2292,False,6,0.1429,0.146694,motorcycle
img_020693.jpg,odi1734,dpi4238,False,5,0.2857,0.058355,motorcycle
img_020695.jpg,qrc1723,qrc7892,False,4,0.4286,0.428647,motorcycle
img_020696.jpg,ppv8000,ppv2292,False,4,0.4286,0.192867,motorcycle
img_020699.jpg,ocx6654,g654489,False,7,0.0000,0.248685,motorcycle
img_020702.jpg,mtz5078,bot2528,False,5,0.2857,0.069546,motorcycle
img_020703.jpg,mss5191,bs95529,False,5,0.2857,0.106590,motorcycle
img_020704.jpg,ppy6837,bp7228,False,6,0.1429,0.083425,motorcycle
img_020708.jpg,ppv8396,bp9329,False,5,0.2857,0.351368,motorcycle
img_020709.jpg,hcw3772,bc12789,False,5,0.2857,0.152150,motorcycle
img_020710.jpg,ods1031,qbb5789,False,7,0.0000,0.076103,motorcycle
img_020711.jpg,kzi9639,bb12384,False,7,0.0000,0.233745,motorcycle
img_020712.jpg,ods0897,q85789,False,5,0.2857,0.113704,motorcycle
img_020713.jpg,ppo2344,ppo2394,False,1,0.8571,0.086308,motorcycle
img_020716.jpg,mtt1831,wt7299,False,6,0.1429,0.161919,motorcycle
img_020720.jpg,odt9878,qo71791,False,7,0.0000,0.183630,motorcycle
img_020721.jpg,odc7430,qdc7892,False,4,0.4286,0.499690,motorcycle
img_020724.jpg,mqk5693,wok7892,False,5,0.2857,0.282535,motorcycle
img_020725.jpg,mqn4794,mon7788,False,4,0.4286,0.061784,motorcycle
img_020739.jpg,odk1170,odk7292,False,4,0.4286,0.310310,motorcycle
img_020743.jpg,msr1575,ws1299,False,5,0.2857,0.236620,motorcycle
img_020744.jpg,ppe0073,ppe7882,False,4,0.4286,0.192797,motorcycle
img_020748.jpg,ppq7827,pp9288,False,4,0.4286,0.053471,motorcycle
img_020749.jpg,msv4983,wsv292,False,4,0.4286,0.492252,motorcycle
img_020755.jpg,ppy6491,bpy491,False,2,0.7143,0.145452,motorcycle
img_020756.jpg,mtx7170,mtg428,False,5,0.2857,0.022529,motorcycle
img_020758.jpg,mrd3742,wbo472,False,5,0.2857,0.103591,motorcycle
img_020761.jpg,mqk8759,bok228,False,6,0.1429,0.368948,motorcycle
img_020765.jpg,mqa5134,boa2384,False,5,0.2857,0.468237,motorcycle
img_020771.jpg,odj5461,pp31288,False,7,0.0000,0.029029,motorcycle
img_020775.jpg,msb9683,ms83591,False,5,0.2857,0.025638,motorcycle
img_020777.jpg,mrt3912,bp7289,False,7,0.0000,0.192202,motorcycle
img_020788.jpg,msk5541,msk228,False,4,0.4286,0.308728,motorcycle
img_020789.jpg,ppi7591,pp17281,False,3,0.5714,0.088008,motorcycle
img_020793.jpg,msz1632,ms2229,False,5,0.2857,0.120013,motorcycle
img_020798.jpg,ppb4172,ppb7892,False,3,0.5714,0.945222,motorcycle
img_020800.jpg,mst6448,bx41799,False,7,0.0000,0.084584,motorcycle
img_020803.jpg,mrf3594,mbf7892,False,4,0.4286,0.102092,motorcycle
img_020805.jpg,odr4648,qdb7891,False,6,0.1429,0.293135,motorcycle
img_020806.jpg,oyg5604,qy65534,False,4,0.4286,0.065276,motorcycle
img_020807.jpg,qrd7245,qrd9391,False,4,0.4286,0.220556,motorcycle
img_020808.jpg,mtz5078,btz2529,False,5,0.2857,0.020656,motorcycle
img_020809.jpg,mtx4192,miz7729,False,6,0.1429,0.110619,motorcycle
img_020814.jpg,ppy6861,ppy292,False,4,0.4286,0.824861,motorcycle
img_020818.jpg,msa5116,bsa2284,False,5,0.2857,0.335873,motorcycle
img_020821.jpg,qld0106,dig8792,False,7,0.0000,0.103700,motorcycle
img_020822.jpg,mtz5078,mo2789,False,5,0.2857,0.121602,motorcycle
img_020823.jpg,mtx4192,wizz799,False,6,0.1429,0.150663,motorcycle
img_020824.jpg,ovj6272,bv93892,False,5,0.2857,0.155270,motorcycle
img_020826.jpg,ppy6861,ppy292,False,4,0.4286,0.810602,motorcycle
img_020827.jpg,msb9683,ws8729,False,6,0.1429,0.195969,motorcycle
img_020830.jpg,qrb8036,brb7892,False,5,0.2857,0.639350,motorcycle
img_020837.jpg,pwy5444,pw7238,False,5,0.2857,0.396067,motorcycle
img_020839.jpg,msy7490,wsy298,False,4,0.4286,0.122547,motorcycle
img_020845.jpg,mrf3594,mbf7892,False,4,0.4286,0.239878,motorcycle
img_020847.jpg,ocw0270,qc9228,False,5,0.2857,0.111587,motorcycle
img_020850.jpg,odr5971,qdr4291,False,4,0.4286,0.489990,motorcycle
img_020851.jpg,mqf4431,wqf7232,False,4,0.4286,0.179385,motorcycle
img_020852.jpg,odr0461,qdr7232,False,5,0.2857,0.233703,motorcycle
img_020854.jpg,mtz5078,boz2728,False,5,0.2857,0.078195,motorcycle
img_020857.jpg,msb9683,ms83581,False,4,0.4286,0.028077,motorcycle
img_020863.jpg,msb9683,msb7291,False,4,0.4286,0.066016,motorcycle
img_020866.jpg,mss0438,ws8789,False,6,0.1429,0.068474,motorcycle
img_020870.jpg,qrc6942,qb5729,False,6,0.1429,0.347798,motorcycle
img_020895.jpg,ppz3755,bp3789,False,4,0.4286,0.478994,motorcycle
img_020902.jpg,odr5971,qdr7291,False,4,0.4286,0.290662,motorcycle
img_020909.jpg,odr5971,qbr7291,False,5,0.2857,0.329238,motorcycle
img_020915.jpg,qrc6942,qrc7292,False,3,0.5714,0.131550,motorcycle
img_020920.jpg,oda5163,qda729,False,5,0.2857,0.696458,motorcycle
img_020921.jpg,mss0688,we8728,False,6,0.1429,0.347937,motorcycle
img_020923.jpg,oda1825,qdd2539,False,6,0.1429,0.041335,motorcycle
img_020926.jpg,msn5190,esp2282,False,6,0.1429,0.119053,motorcycle
img_020928.jpg,msb1362,was2789,False,7,0.0000,0.119662,motorcycle
img_020929.jpg,msy7490,ws7298,False,4,0.4286,0.313938,motorcycle
img_020930.jpg,qrd3816,bbo7892,False,6,0.1429,0.379458,motorcycle
img_020932.jpg,msb9683,ms83591,False,5,0.2857,0.044133,motorcycle
img_020934.jpg,msz1632,ws82729,False,6,0.1429,0.041101,motorcycle
img_020936.jpg,mtw6355,ets9729,False,6,0.1429,0.076648,motorcycle
img_020939.jpg,ppj2374,bb7228,False,6,0.1429,0.540812,motorcycle
img_020940.jpg,msy7374,ws12238,False,6,0.1429,0.196745,motorcycle
img_020943.jpg,mtx3303,bt73778,False,5,0.2857,0.352772,motorcycle
img_020944.jpg,odr4648,qdb7291,False,6,0.1429,0.161211,motorcycle
img_020949.jpg,msq7857,ms04912,False,5,0.2857,0.139786,motorcycle
img_020950.jpg,msb1362,cssb789,False,6,0.1429,0.183259,motorcycle
img_020954.jpg,ppk8700,bpo7738,False,5,0.2857,0.160218,motorcycle
img_020955.jpg,ove0989,dve7892,False,4,0.4286,0.418463,motorcycle
img_020959.jpg,oyk8491,gvk7282,False,6,0.1429,0.110819,motorcycle
img_020961.jpg,mty0370,q377288,False,7,0.0000,0.049124,motorcycle
img_020962.jpg,mss0528,ws87792,False,6,0.1429,0.168062,motorcycle
img_020963.jpg,oye7425,qxe7892,False,5,0.2857,0.268103,motorcycle
img_020965.jpg,mtx3303,bt73478,False,5,0.2857,0.075662,motorcycle
img_020968.jpg,mst8655,bst299,False,5,0.2857,0.387127,motorcycle
img_020969.jpg,mss0688,w887232,False,7,0.0000,0.262627,motorcycle
img_020970.jpg,ppj7558,pp15391,False,5,0.2857,0.133721,motorcycle
img_020976.jpg,msb9683,msb7221,False,4,0.4286,0.067014,motorcycle
img_020979.jpg,hgq8971,bg07892,False,5,0.2857,0.361564,motorcycle
img_020980.jpg,ppf2079,ppf7892,False,4,0.4286,0.283816,motorcycle
img_020991.jpg,mqm7120,wom9789,False,6,0.1429,0.083044,motorcycle
img_020992.jpg,ods0897,db5728,False,6,0.1429,0.130512,motorcycle
img_020993.jpg,msm0075,msp429,False,5,0.2857,0.172102,motorcycle
img_020994.jpg,odg0049,qdg7892,False,5,0.2857,0.253179,motorcycle
img_020996.jpg,mtx3303,at33789,False,5,0.2857,0.156246,motorcycle
img_020999.jpg,odr4648,qdb4291,False,5,0.2857,0.107691,motorcycle
img_021000.jpg,mtx4192,wj27791,False,6,0.1429,0.024745,motorcycle
img_021005.jpg,msb9683,ms8729,False,5,0.2857,0.172269,motorcycle
img_021006.jpg,odg5912,qdg7892,False,4,0.4286,0.718787,motorcycle
img_021013.jpg,ppn3906,bp87292,False,6,0.1429,0.274300,motorcycle
img_021015.jpg,msd4007,asd1283,False,5,0.2857,0.060732,motorcycle
img_021016.jpg,mts6787,zw19729,False,6,0.1429,0.064607,motorcycle
img_021020.jpg,ppo2162,bpo729,False,5,0.2857,0.148760,motorcycle
img_021022.jpg,odg8591,ddg2292,False,4,0.4286,0.140769,motorcycle
img_021025.jpg,mtg1525,msg7892,False,5,0.2857,0.407730,motorcycle
img_021029.jpg,oye7425,qye7892,False,4,0.4286,0.361965,motorcycle
img_021032.jpg,mta7027,wn2258,False,7,0.0000,0.081866,motorcycle
img_021033.jpg,msm6217,gs17282,False,5,0.2857,0.040877,motorcycle
img_021036.jpg,ocw9063,dc5229,False,6,0.1429,0.058313,motorcycle
img_021037.jpg,ppg5798,bpg7892,False,4,0.4286,0.784895,motorcycle
img_021042.jpg,mqk8749,bok7292,False,5,0.2857,0.143310,motorcycle
img_021047.jpg,mtw6413,bt12892,False,6,0.1429,0.031581,motorcycle
img_021048.jpg,oyk5122,gvk7238,False,6,0.1429,0.537693,motorcycle
img_021052.jpg,msn5190,as91728,False,6,0.1429,0.107365,motorcycle
img_021054.jpg,odr4648,qdr4594,False,4,0.4286,0.102915,motorcycle
img_021057.jpg,ppi7591,pe11291,False,4,0.4286,0.145254,motorcycle
img_021059.jpg,oyg9071,dy67292,False,6,0.1429,0.388605,motorcycle
img_021060.jpg,odm9555,qd5579,False,5,0.2857,0.071301,motorcycle
img_021068.jpg,mtx3303,bt3478,False,5,0.2857,0.336195,motorcycle
img_021071.jpg,odr4648,qdr4291,False,4,0.4286,0.566704,motorcycle
img_021072.jpg,msk4371,wsk428,False,4,0.4286,0.298131,motorcycle
img_021075.jpg,mtx7170,wtx429,False,5,0.2857,0.027288,motorcycle
img_021076.jpg,odq7718,dd87892,False,5,0.2857,0.113207,motorcycle
img_021077.jpg,oyh9499,dv5229,False,6,0.1429,0.178475,motorcycle
img_021080.jpg,mta7423,wt22729,False,5,0.2857,0.069061,motorcycle
img_021086.jpg,odi8520,bs20228,False,6,0.1429,0.140620,motorcycle
img_021087.jpg,odr4648,qdb4291,False,5,0.2857,0.198298,motorcycle
img_021088.jpg,mqx7585,wox7282,False,4,0.4286,0.224492,motorcycle
img_021091.jpg,odr5971,qbr729,False,6,0.1429,0.526212,motorcycle
img_021092.jpg,mtz5078,bo72528,False,6,0.1429,0.020945,motorcycle
img_021093.jpg,ppg5798,bpg7892,False,4,0.4286,0.131664,motorcycle
img_021094.jpg,ppw3684,pp42291,False,5,0.2857,0.038180,motorcycle
img_021096.jpg,ppx8483,bp77892,False,6,0.1429,0.180263,motorcycle
img_021100.jpg,ods5406,dp8729,False,6,0.1429,0.281807,motorcycle
img_021101.jpg,odr4648,qdb7892,False,6,0.1429,0.615536,motorcycle
img_021103.jpg,ppq1376,pp0779,False,4,0.4286,0.074641,motorcycle
img_021104.jpg,qrd7245,qrq7292,False,3,0.5714,0.383503,motorcycle
img_021108.jpg,ppt5927,pb7429,False,5,0.2857,0.102247,motorcycle
img_021110.jpg,ppo2334,bpq2280,False,5,0.2857,0.045738,motorcycle
img_021111.jpg,mtw4082,aibi278,False,7,0.0000,0.048016,motorcycle
img_021113.jpg,mse2679,wse729,False,4,0.4286,0.400541,motorcycle
img_021114.jpg,odj5550,qbs292,False,7,0.0000,0.219986,motorcycle
img_021119.jpg,msu3143,msu891,False,4,0.4286,0.496003,motorcycle
img_021121.jpg,qrb7513,qrb7891,False,3,0.5714,0.517553,motorcycle
img_021123.jpg,odm9555,qp5572,False,6,0.1429,0.106733,motorcycle
img_021124.jpg,mst6448,bs12792,False,6,0.1429,0.207670,motorcycle
img_021127.jpg,mpx7232,mpx7291,False,2,0.7143,0.303630,motorcycle
img_021130.jpg,odp7687,dop429,False,6,0.1429,0.424650,motorcycle
img_021133.jpg,msx5054,w8x479,False,6,0.1429,0.065166,motorcycle
img_021134.jpg,mrs6505,wps7232,False,6,0.1429,0.203807,motorcycle
img_021144.jpg,mqk2538,29k729,False,6,0.1429,0.067221,motorcycle
img_021146.jpg,ppm5128,epi1738,False,5,0.2857,0.047828,motorcycle
img_021150.jpg,oyk5157,py57228,False,6,0.1429,0.287196,motorcycle
img_021152.jpg,msn5190,bs12728,False,6,0.1429,0.028327,motorcycle
img_021154.jpg,mtr4817,wtr4291,False,4,0.4286,0.900078,motorcycle
img_021156.jpg,ppu9960,ppu2282,False,4,0.4286,0.075780,motorcycle
img_021159.jpg,ppp2231,bpp7291,False,3,0.5714,0.615913,motorcycle
img_021173.jpg,mtz5078,wo2552,False,6,0.1429,0.116695,motorcycle
img_021174.jpg,mtx3303,bt33789,False,5,0.2857,0.089838,motorcycle
img_021175.jpg,mqn6010,8q12289,False,6,0.1429,0.144244,motorcycle
img_021176.jpg,mqs0401,mo57892,False,6,0.1429,0.267808,motorcycle
img_021177.jpg,mtx7170,wtx4291,False,5,0.2857,0.044111,motorcycle
img_021178.jpg,odr4648,qdr4294,False,4,0.4286,0.046272,motorcycle
img_021181.jpg,ode6539,qde789,False,4,0.4286,0.593973,motorcycle
img_021190.jpg,msp0314,qsp4288,False,5,0.2857,0.234756,motorcycle
img_021193.jpg,msb9683,qs82791,False,6,0.1429,0.020738,motorcycle
img_021195.jpg,odk1170,zupk729,False,7,0.0000,0.057467,motorcycle
img_021196.jpg,mqa5134,boa2282,False,6,0.1429,0.142297,motorcycle
img_021197.jpg,odj2785,dbb7232,False,6,0.1429,0.027088,motorcycle
img_021200.jpg,mtz0686,qi12781,False,6,0.1429,0.050827,motorcycle
img_021201.jpg,msm6217,bsw7892,False,6,0.1429,0.050559,motorcycle
img_021203.jpg,ppv5696,bpv2292,False,4,0.4286,0.229427,motorcycle
img_021206.jpg,ppg9448,gp6729,False,6,0.1429,0.122183,motorcycle
img_021207.jpg,hit8129,biz9728,False,5,0.2857,0.134959,motorcycle
img_021208.jpg,odi1734,qbi779,False,5,0.2857,0.097152,motorcycle
img_021209.jpg,ppi6013,bp13791,False,6,0.1429,0.305694,motorcycle
img_021210.jpg,mtx7170,atx429,False,5,0.2857,0.149661,motorcycle
img_021212.jpg,msx5018,bo12723,False,7,0.0000,0.442096,motorcycle
img_021220.jpg,odq7860,db87729,False,6,0.1429,0.040639,motorcycle
img_021223.jpg,qrb1552,dbb7892,False,5,0.2857,0.442693,motorcycle
img_021235.jpg,mtu3874,bt4428,False,6,0.1429,0.106191,motorcycle
img_021236.jpg,ocv1472,qc7428,False,5,0.2857,0.280465,motorcycle
img_021238.jpg,ppi2601,bp17238,False,6,0.1429,0.240766,motorcycle
img_021241.jpg,mti0948,m717789,False,6,0.1429,0.218984,motorcycle
img_021242.jpg,mqk5693,wok7292,False,5,0.2857,0.054137,motorcycle
img_021246.jpg,ppb4172,ppb7891,False,4,0.4286,0.558191,motorcycle
img_021248.jpg,ppf4854,pp22384,False,4,0.4286,0.098162,motorcycle
img_021249.jpg,oyj4153,dy3199,False,5,0.2857,0.083374,motorcycle
img_021250.jpg,ppx9472,ppx7232,False,3,0.5714,0.334911,motorcycle
img_021254.jpg,odb4107,qdb779,False,5,0.2857,0.277328,motorcycle
img_021255.jpg,oyi8248,by12384,False,5,0.2857,0.428326,motorcycle
img_021259.jpg,mtq4574,wa9429,False,6,0.1429,0.062221,motorcycle
img_021260.jpg,pph9410,ppi1789,False,5,0.2857,0.227985,motorcycle
img_021261.jpg,msk4371,wsk729,False,5,0.2857,0.469507,motorcycle
img_021263.jpg,msn6556,bs1799,False,6,0.1429,0.440551,motorcycle
img_021264.jpg,ppq2813,bpo229,False,5,0.2857,0.121621,motorcycle
img_021266.jpg,qrd2890,qbd7882,False,4,0.4286,0.033335,motorcycle
img_021268.jpg,msz1632,ms2729,False,5,0.2857,0.257510,motorcycle
img_021271.jpg,ppn3906,pp0729,False,5,0.2857,0.312322,motorcycle
img_021274.jpg,qrb7513,qrb7891,False,3,0.5714,0.205667,motorcycle
img_021276.jpg,ppr9707,ppr4291,False,4,0.4286,0.699363,motorcycle
img_021277.jpg,mqy0742,2993729,False,6,0.1429,0.092177,motorcycle
img_021284.jpg,ppc4324,pp47291,False,4,0.4286,0.123124,motorcycle
img_021289.jpg,mtt1831,wt7229,False,6,0.1429,0.144616,motorcycle
img_021291.jpg,mtb6695,mt8529,False,4,0.4286,0.055317,motorcycle
img_021296.jpg,mtb7542,wjb7892,False,4,0.4286,0.517335,motorcycle
img_021297.jpg,mtz5078,bt72584,False,6,0.1429,0.058400,motorcycle
img_021298.jpg,nsr9144,ac14288,False,7,0.0000,0.045918,motorcycle
img_021299.jpg,odr4648,qdr7292,False,5,0.2857,0.098486,motorcycle
img_021307.jpg,oyi2833,zv13789,False,7,0.0000,0.156614,motorcycle
img_021313.jpg,ppi2609,bb19789,False,6,0.1429,0.136543,motorcycle
img_021323.jpg,odr5971,qdr4291,False,4,0.4286,0.542461,motorcycle
img_021324.jpg,ppb4271,ppb7892,False,4,0.4286,0.395085,motorcycle
img_021326.jpg,mst6448,bs11799,False,6,0.1429,0.094603,motorcycle
img_021327.jpg,odr4281,ddr428,False,2,0.7143,0.212259,motorcycle
img_021330.jpg,msz1632,m32299,False,6,0.1429,0.162902,motorcycle
img_021331.jpg,msy7490,ms7298,False,3,0.5714,0.371443,motorcycle
img_021336.jpg,mqx7585,mox7892,False,4,0.4286,0.640654,motorcycle
img_021337.jpg,mtz5078,wo2532,False,6,0.1429,0.184025,motorcycle
img_021342.jpg,ppo6851,ppo789,False,3,0.5714,0.385443,motorcycle
img_021344.jpg,mqa5518,wo12788,False,6,0.1429,0.164963,motorcycle
img_021347.jpg,msz1632,ms2729,False,5,0.2857,0.435715,motorcycle
img_021349.jpg,msa8782,bsb2728,False,5,0.2857,0.122842,motorcycle
img_021356.jpg,odk3177,dvk4291,False,6,0.1429,0.094853,motorcycle
img_021359.jpg,odr4648,qdb4291,False,5,0.2857,0.153705,motorcycle
img_021367.jpg,mtx4192,wizz729,False,7,0.0000,0.365848,motorcycle
img_021370.jpg,mqt7091,wot7228,False,5,0.2857,0.173249,motorcycle
img_021374.jpg,odl8131,8d17892,False,6,0.1429,0.079512,motorcycle
img_021376.jpg,ppq2938,ppo7892,False,5,0.2857,0.297749,motorcycle
img_021385.jpg,mss0688,w88799,False,7,0.0000,0.209117,motorcycle
img_021386.jpg,msm6217,bb17288,False,6,0.1429,0.130446,motorcycle
img_021388.jpg,odr4648,qdr4934,False,4,0.4286,0.099935,motorcycle
img_021391.jpg,pwq6966,gv62284,False,7,0.0000,0.100708,motorcycle
img_021392.jpg,mqv3620,wov229,False,5,0.2857,0.386442,motorcycle
img_021395.jpg,odc1091,qdc729,False,4,0.4286,0.034948,motorcycle
img_021396.jpg,qrd3846,qrd7292,False,4,0.4286,0.223111,motorcycle
img_021397.jpg,ppb4183,bpb7292,False,5,0.2857,0.308084,motorcycle
img_021399.jpg,pps7339,pps7292,False,3,0.5714,0.677717,motorcycle
img_021400.jpg,qrd3765,qp87292,False,6,0.1429,0.350176,motorcycle
img_021401.jpg,msz1632,m82729,False,6,0.1429,0.312199,motorcycle
img_021402.jpg,mts7826,mt68789,False,4,0.4286,0.076639,motorcycle
img_021407.jpg,ocw9063,g687232,False,7,0.0000,0.200513,motorcycle
img_021408.jpg,mrm0231,wrm479,False,5,0.2857,0.086922,motorcycle
img_021409.jpg,mrf3594,mrf7892,False,3,0.5714,0.241599,motorcycle
img_021413.jpg,mqk2538,zok789,False,6,0.1429,0.327096,motorcycle
img_021415.jpg,ppu0054,fd4729,False,7,0.0000,0.080578,motorcycle
img_021416.jpg,odn9541,dbn3892,False,6,0.1429,0.110395,motorcycle
img_021417.jpg,ppe9082,ppe729,False,4,0.4286,0.758712,motorcycle
img_021424.jpg,mtm4318,wj12782,False,7,0.0000,0.111372,motorcycle
img_021425.jpg,msz1632,ms32729,False,5,0.2857,0.230294,motorcycle
img_021435.jpg,odr4281,dbr429,False,4,0.4286,0.425408,motorcycle
img_021440.jpg,pph9410,ppi1729,False,5,0.2857,0.091536,motorcycle
img_021444.jpg,ppe5811,bpe729,False,5,0.2857,0.641006,motorcycle
img_021446.jpg,mta5460,mta288,False,4,0.4286,0.208815,motorcycle
img_021451.jpg,ppm9537,pp17282,False,5,0.2857,0.129420,motorcycle
img_021453.jpg,oye8534,bve392,False,6,0.1429,0.123712,motorcycle
img_021455.jpg,ppr1624,ppr2291,False,4,0.4286,0.221146,motorcycle
img_021456.jpg,odg8560,bdg7288,False,5,0.2857,0.179079,motorcycle
img_021458.jpg,ppv4671,ppy1292,False,5,0.2857,0.158292,motorcycle
img_021463.jpg,mru6781,bpu229,False,6,0.1429,0.248225,motorcycle
img_021466.jpg,msy6012,bo12332,False,6,0.1429,0.089639,motorcycle
img_021467.jpg,odr4281,dzr448,False,4,0.4286,0.262231,motorcycle
img_021468.jpg,odj2901,q817238,False,7,0.0000,0.181347,motorcycle
img_021477.jpg,mrb5311,brb789,False,5,0.2857,0.424298,motorcycle
img_021478.jpg,oye8536,bve7292,False,6,0.1429,0.229832,motorcycle
img_021479.jpg,ocx6648,gc9788,False,5,0.2857,0.196764,motorcycle
img_021481.jpg,mto2737,ato2992,False,4,0.4286,0.085987,motorcycle
img_021484.jpg,msm6217,gsi7789,False,6,0.1429,0.051484,motorcycle
img_021485.jpg,mty1863,mt729,False,5,0.2857,0.418891,motorcycle
img_021486.jpg,ppi2601,bp11238,False,6,0.1429,0.377623,motorcycle
img_021488.jpg,msy1536,w33229,False,7,0.0000,0.040625,motorcycle
img_021491.jpg,odt7622,db2242,False,5,0.2857,0.055148,motorcycle
img_021494.jpg,odr4281,ddr4777,False,4,0.4286,0.670950,motorcycle
img_021496.jpg,oyd2830,dyp478,False,6,0.1429,0.130593,motorcycle
img_021498.jpg,pyo7556,py0739,False,4,0.4286,0.148136,motorcycle
img_021499.jpg,msz1632,mb2729,False,6,0.1429,0.124938,motorcycle
img_021501.jpg,ppo2334,ppq2382,False,3,0.5714,0.204221,motorcycle
img_021503.jpg,odr4648,qdr4784,False,4,0.4286,0.074892,motorcycle
img_021505.jpg,ppo6851,ppo299,False,4,0.4286,0.151763,motorcycle
img_021509.jpg,mty6860,mt7291,False,5,0.2857,0.227877,motorcycle
img_021514.jpg,ocw7196,qc93792,False,5,0.2857,0.014024,motorcycle
img_021515.jpg,mrm4703,wp4292,False,6,0.1429,0.170509,motorcycle
img_021517.jpg,msk1452,i45548,False,6,0.1429,0.302477,motorcycle
img_021520.jpg,msz1632,ms2789,False,5,0.2857,0.297538,motorcycle
img_021523.jpg,mst0406,ms1799,False,5,0.2857,0.349105,motorcycle
img_021524.jpg,odt1955,db1729,False,5,0.2857,0.472069,motorcycle
img_021525.jpg,mqi6783,8937782,False,5,0.2857,0.073520,motorcycle
img_021529.jpg,ppu0071,pp12814,False,5,0.2857,0.061418,motorcycle
img_021531.jpg,mtg1525,msg7292,False,5,0.2857,0.245347,motorcycle
img_021533.jpg,mtz5078,bo72789,False,6,0.1429,0.029084,motorcycle
img_021534.jpg,ppb5824,bbb7892,False,5,0.2857,0.444799,motorcycle
img_021538.jpg,oye8534,bv2238,False,6,0.1429,0.239364,motorcycle
img_021540.jpg,mtx3303,bt73789,False,5,0.2857,0.031475,motorcycle
img_021541.jpg,mtx7170,wtx4791,False,5,0.2857,0.015693,motorcycle
img_021542.jpg,odr2292,qdb7291,False,4,0.4286,0.229923,motorcycle
img_021543.jpg,mqk5693,wok7292,False,5,0.2857,0.158235,motorcycle
img_021544.jpg,ppk8713,bpk7992,False,5,0.2857,0.228236,motorcycle
img_021545.jpg,msm6217,8s17229,False,5,0.2857,0.017982,motorcycle
img_021553.jpg,odc3096,dbc7292,False,5,0.2857,0.301066,motorcycle
img_021560.jpg,odc7430,qdc7892,False,4,0.4286,0.701254,motorcycle
img_021564.jpg,mtx4192,wizz729,False,7,0.0000,0.193438,motorcycle
img_021565.jpg,ppt8243,bp1229,False,5,0.2857,0.159679,motorcycle
img_021568.jpg,ppp2231,bpp7232,False,3,0.5714,0.485259,motorcycle
img_021573.jpg,odg5912,qdg7891,False,4,0.4286,0.297893,motorcycle
img_021574.jpg,mtx7170,wix7429,False,5,0.2857,0.044287,motorcycle
img_021577.jpg,msz1632,m32729,False,6,0.1429,0.355016,motorcycle
img_021579.jpg,odg5912,qd67892,False,5,0.2857,0.471151,motorcycle
img_021586.jpg,msm6217,gsm,False,5,0.2857,0.181929,motorcycle
img_021588.jpg,qrb7513,qrb7892,False,3,0.5714,0.346863,motorcycle
img_021589.jpg,mpx7232,mpx4291,False,3,0.5714,0.400902,motorcycle
img_021591.jpg,oyf9726,gy67238,False,5,0.2857,0.193148,motorcycle
img_021595.jpg,ppp3129,bp97292,False,5,0.2857,0.357483,motorcycle
img_021597.jpg,mpn7049,mp4428,False,5,0.2857,0.147462,motorcycle
img_021599.jpg,ocw7196,qc88282,False,6,0.1429,0.064064,motorcycle
img_021600.jpg,mtx3303,at33788,False,5,0.2857,0.054686,motorcycle
img_021602.jpg,mtx4192,wizz729,False,7,0.0000,0.227844,motorcycle
img_021606.jpg,ppb4271,ppb7892,False,4,0.4286,0.585151,motorcycle
img_021607.jpg,mtx7170,wt2429,False,6,0.1429,0.074240,motorcycle
img_021613.jpg,ods1031,dop5729,False,7,0.0000,0.106279,motorcycle
img_021615.jpg,mtb2702,bt88789,False,5,0.2857,0.028618,motorcycle
img_021621.jpg,mqn6010,bo12299,False,7,0.0000,0.095943,motorcycle
img_021624.jpg,odk5928,dbb729,False,5,0.2857,0.366287,motorcycle
img_021625.jpg,ppr1686,pgb729,False,6,0.1429,0.147992,motorcycle
img_021626.jpg,oyd1821,qv0228,False,6,0.1429,0.114817,motorcycle
img_021631.jpg,msv4983,wsv298,False,3,0.5714,0.593922,motorcycle
img_021634.jpg,odt5939,qdi779,False,5,0.2857,0.147321,motorcycle
img_021635.jpg,ppd4749,ppd5917,False,4,0.4286,0.468607,motorcycle
img_021640.jpg,ppm2930,bp92292,False,5,0.2857,0.070650,motorcycle
img_021644.jpg,mtx3303,bj13489,False,6,0.1429,0.038420,motorcycle
img_021647.jpg,ppi2609,pp19391,False,5,0.2857,0.253268,motorcycle
img_021649.jpg,oyj0303,oyb799,False,5,0.2857,0.096831,motorcycle
img_021652.jpg,ppi1928,ps12992,False,5,0.2857,0.365555,motorcycle
img_021655.jpg,mqh2561,mof1783,False,6,0.1429,0.070201,motorcycle
img_021657.jpg,odr4648,qdr7291,False,5,0.2857,0.511155,motorcycle
img_021658.jpg,mtx3303,bt73782,False,5,0.2857,0.054129,motorcycle
img_021661.jpg,mto2737,my0229,False,5,0.2857,0.045669,motorcycle
img_021662.jpg,mtx4192,wizz729,False,7,0.0000,0.199566,motorcycle
img_021672.jpg,hga4856,wga729,False,5,0.2857,0.420610,motorcycle
img_021677.jpg,pyo7556,py07892,False,4,0.4286,0.102568,motorcycle
img_021681.jpg,msk4371,wsk298,False,5,0.2857,0.199811,motorcycle
img_021684.jpg,ods0652,ods7892,False,3,0.5714,0.195950,motorcycle
img_021687.jpg,oyg8993,bve7282,False,7,0.0000,0.080674,motorcycle
img_021693.jpg,msz1632,ms2729,False,5,0.2857,0.241273,motorcycle
img_021697.jpg,mqk5693,mok7292,False,4,0.4286,0.319799,motorcycle
img_021698.jpg,mst6448,gs12782,False,6,0.1429,0.184686,motorcycle
img_021700.jpg,mtx3303,b30378,False,6,0.1429,0.673469,motorcycle
img_021707.jpg,mse7469,ws1799,False,4,0.4286,0.073488,motorcycle
img_021708.jpg,mss0438,w38782,False,7,0.0000,0.308729,motorcycle
img_021710.jpg,qrb8036,brb7892,False,5,0.2857,0.823361,motorcycle
img_021712.jpg,msk0637,db1289,False,7,0.0000,0.040879,motorcycle
img_021713.jpg,mtd6571,bst1429,False,7,0.0000,0.098789,motorcycle
img_021719.jpg,msw9842,ws12982,False,4,0.4286,0.082279,motorcycle
img_021720.jpg,odr2292,qbb7892,False,5,0.2857,0.335266,motorcycle
img_021721.jpg,mtx4192,wizz729,False,7,0.0000,0.270187,motorcycle
img_021725.jpg,odr4281,ddr4291,False,2,0.7143,0.400113,motorcycle
img_021728.jpg,mqk5693,mok7892,False,4,0.4286,0.218852,motorcycle
img_021730.jpg,oyg9071,dy67232,False,6,0.1429,0.112572,motorcycle
img_021732.jpg,odr5971,qdr4291,False,4,0.4286,0.808876,motorcycle
img_021734.jpg,prf7007,ppf729,False,4,0.4286,0.553548,motorcycle
img_021735.jpg,pyo7556,py07392,False,4,0.4286,0.186803,motorcycle
img_021737.jpg,mqk5693,mok7292,False,4,0.4286,0.266733,motorcycle
img_021739.jpg,mtx3303,b303589,False,6,0.1429,0.156975,motorcycle
img_021740.jpg,mtz5078,mtz799,False,4,0.4286,0.047715,motorcycle
img_021744.jpg,ppm4442,pp12582,False,4,0.4286,0.031644,motorcycle
img_021746.jpg,ppl1634,pb17832,False,5,0.2857,0.292477,motorcycle
img_021747.jpg,mtx4192,wiz2791,False,6,0.1429,0.207692,motorcycle
img_021755.jpg,mtx7170,wix2481,False,6,0.1429,0.033410,motorcycle
img_021756.jpg,mqi4612,wo12728,False,7,0.0000,0.029715,motorcycle
img_021757.jpg,mtr1107,mibp789,False,6,0.1429,0.081136,motorcycle
img_021760.jpg,pyo7556,py07892,False,4,0.4286,0.140436,motorcycle
img_021774.jpg,ppr9691,ppr7892,False,3,0.5714,0.417208,motorcycle
img_021778.jpg,mqk9103,wok7892,False,6,0.1429,0.099593,motorcycle
img_021779.jpg,mtu3834,btu291,False,5,0.2857,0.202977,motorcycle
img_021782.jpg,odj5550,dp5278,False,5,0.2857,0.143062,motorcycle
img_021785.jpg,ppw0768,pp17789,False,4,0.4286,0.757513,motorcycle
img_021786.jpg,ovf6439,gvf7892,False,5,0.2857,0.242843,motorcycle
img_021787.jpg,mtz8867,bt77529,False,6,0.1429,0.126121,motorcycle
img_021788.jpg,odg8591,ddg7892,False,4,0.4286,0.049979,motorcycle
img_021792.jpg,msm6217,gx1229,False,6,0.1429,0.128608,motorcycle
img_021793.jpg,odr2292,qbb7291,False,5,0.2857,0.256641,motorcycle
img_021798.jpg,mtx4192,wizz729,False,7,0.0000,0.263174,motorcycle
img_021801.jpg,ppl0587,pbl7284,False,4,0.4286,0.247770,motorcycle
img_021802.jpg,ppv8455,bps528,False,6,0.1429,0.235205,motorcycle
img_021803.jpg,mtz0743,qt2429,False,6,0.1429,0.041931,motorcycle
img_021816.jpg,odr4648,qdb4394,False,5,0.2857,0.166176,motorcycle
img_021817.jpg,ppi2601,bp17238,False,6,0.1429,0.207343,motorcycle
img_021821.jpg,mtx7170,wig249,False,7,0.0000,0.078821,motorcycle
img_021826.jpg,ntn0127,din7728,False,5,0.2857,0.082403,motorcycle
img_021828.jpg,odb7075,qob428,False,6,0.1429,0.099747,motorcycle
img_021829.jpg,odr5971,qdr4291,False,4,0.4286,0.648682,motorcycle
img_021831.jpg,mrl6748,gbl7892,False,6,0.1429,0.219076,motorcycle
img_021833.jpg,mpl5792,wp1288,False,6,0.1429,0.128947,motorcycle
img_021835.jpg,ppb4172,ppb7892,False,3,0.5714,0.881161,motorcycle
img_021839.jpg,mrf3594,wbf7898,False,5,0.2857,0.198158,motorcycle
img_021841.jpg,odr2292,dob439,False,6,0.1429,0.128184,motorcycle
img_021846.jpg,mtx4192,wizz729,False,7,0.0000,0.089478,motorcycle
img_021848.jpg,mtz5078,wo2558,False,5,0.2857,0.314208,motorcycle
img_021851.jpg,ppo7552,psq7891,False,5,0.2857,0.209411,motorcycle
img_021854.jpg,odc1091,qdc579,False,4,0.4286,0.067525,motorcycle
img_021857.jpg,odr5971,qdr4291,False,4,0.4286,0.683683,motorcycle
img_021858.jpg,ppu6260,bp9779,False,6,0.1429,0.169951,motorcycle
img_021861.jpg,odr4648,qdb429,False,5,0.2857,0.429783,motorcycle
img_021862.jpg,mto2737,qt2292,False,5,0.2857,0.013473,motorcycle
img_021864.jpg,mtx4192,wizz729,False,7,0.0000,0.135042,motorcycle
img_021865.jpg,mru5943,wru7838,False,5,0.2857,0.279327,motorcycle
img_021873.jpg,ppy6491,ppy491,False,1,0.8571,0.524054,motorcycle
img_021876.jpg,mtq4613,dit8478,False,6,0.1429,0.005083,motorcycle
img_021879.jpg,mqk5693,mok7282,False,5,0.2857,0.194329,motorcycle
img_021888.jpg,msa2099,msa722,False,4,0.4286,0.491798,motorcycle
img_021891.jpg,odl8131,dp57238,False,6,0.1429,0.168569,motorcycle
img_021893.jpg,msz1632,ms2729,False,5,0.2857,0.210269,motorcycle
img_021895.jpg,ppr5542,ppr7892,False,3,0.5714,0.283165,motorcycle
img_021898.jpg,mti0948,q712782,False,7,0.0000,0.029819,motorcycle
img_021903.jpg,oyd1815,dv67892,False,6,0.1429,0.073510,motorcycle
img_021904.jpg,ppj5007,bp77882,False,6,0.1429,0.062524,motorcycle
img_021906.jpg,mtx3303,bj73788,False,6,0.1429,0.182052,motorcycle
img_021907.jpg,msb1362,wnsb789,False,6,0.1429,0.034388,motorcycle
img_021908.jpg,odr4648,qdb7292,False,6,0.1429,0.147196,motorcycle
img_021910.jpg,mtv7260,wz92280,False,5,0.2857,0.203614,motorcycle
img_021911.jpg,odc1091,qoc5529,False,6,0.1429,0.188566,motorcycle
img_021912.jpg,odr2292,qdb7291,False,4,0.4286,0.387665,motorcycle
img_021913.jpg,msz1632,m82729,False,6,0.1429,0.316248,motorcycle
img_021915.jpg,odr4648,qdp478,False,4,0.4286,0.231361,motorcycle
img_021916.jpg,msb1362,ws87891,False,6,0.1429,0.358910,motorcycle
img_021917.jpg,mtx4192,wizz729,False,7,0.0000,0.144933,motorcycle
img_021919.jpg,msb9683,msb3229,False,4,0.4286,0.164618,motorcycle
img_021927.jpg,mrb8847,bb87891,False,5,0.2857,0.337183,motorcycle
img_021928.jpg,oyd2826,qy67292,False,5,0.2857,0.168525,motorcycle
img_021929.jpg,mtx4192,wizz729,False,7,0.0000,0.309746,motorcycle
img_021934.jpg,mty1911,w917289,False,7,0.0000,0.173944,motorcycle
img_021936.jpg,odt6046,qdi7792,False,6,0.1429,0.074412,motorcycle
img_021937.jpg,msb1362,ws87894,False,6,0.1429,0.200323,motorcycle
img_021942.jpg,msb1362,wsb789,False,5,0.2857,0.524444,motorcycle
img_021944.jpg,msb9683,ms8793,False,4,0.4286,0.081380,motorcycle
img_021946.jpg,odr2292,qbb7291,False,5,0.2857,0.370484,motorcycle
img_021947.jpg,mtx4192,wizz729,False,7,0.0000,0.360095,motorcycle
img_021948.jpg,ppj2250,pp92282,False,3,0.5714,0.112483,motorcycle
img_021949.jpg,msp0314,qsp478,False,5,0.2857,0.115152,motorcycle
img_021951.jpg,msb1362,wsb7892,False,4,0.4286,0.382410,motorcycle
img_021952.jpg,mtz0696,wtz2234,False,5,0.2857,0.025022,motorcycle
img_021953.jpg,ppn3906,bpn2280,False,5,0.2857,0.123644,motorcycle
img_021954.jpg,ppb4231,ppb7892,False,4,0.4286,0.379661,motorcycle
img_021955.jpg,ppm1677,pp17288,False,5,0.2857,0.229657,motorcycle
img_021958.jpg,odr4648,qdp729,False,6,0.1429,0.388983,motorcycle
img_021959.jpg,mtx4192,wizz729,False,7,0.0000,0.311013,motorcycle
img_021961.jpg,ppt7234,pet7238,False,2,0.7143,0.129522,motorcycle
img_021962.jpg,msz1632,ms2729,False,5,0.2857,0.251907,motorcycle
img_021970.jpg,ocx0555,ocy7292,False,5,0.2857,0.182226,motorcycle
img_021972.jpg,ntn0127,qi12729,False,6,0.1429,0.086630,motorcycle
img_021976.jpg,mtx4192,wixz729,False,6,0.1429,0.084735,motorcycle
img_021979.jpg,mtx3303,b303589,False,6,0.1429,0.042795,motorcycle
img_021980.jpg,odr4648,qdb729,False,6,0.1429,0.147534,motorcycle
img_021981.jpg,ppm1709,pp9729,False,3,0.5714,0.304794,motorcycle
img_021982.jpg,mtx4192,wizz729,False,7,0.0000,0.362347,motorcycle
img_021983.jpg,msb9683,ms82729,False,5,0.2857,0.053897,motorcycle
img_021992.jpg,mtx3303,b30378,False,6,0.1429,0.299749,motorcycle
img_021993.jpg,odt6046,qd17792,False,6,0.1429,0.111019,motorcycle
img_021994.jpg,mtx4192,wizz729,False,7,0.0000,0.118955,motorcycle
img_021995.jpg,ppo7552,pso7892,False,3,0.5714,0.201396,motorcycle
img_021997.jpg,ppo2162,big7789,False,7,0.0000,0.154758,motorcycle
img_021999.jpg,msn3644,m817789,False,6,0.1429,0.220500,motorcycle
img_022000.jpg,odr4648,qdb7291,False,6,0.1429,0.540013,motorcycle
img_022001.jpg,mtz8867,bt77729,False,6,0.1429,0.137121,motorcycle
img_022002.jpg,ode2126,qpe7292,False,5,0.2857,0.439814,motorcycle
img_022004.jpg,odt6046,gd12292,False,6,0.1429,0.077397,motorcycle
img_022005.jpg,msb1362,ws87991,False,6,0.1429,0.182936,motorcycle
img_022007.jpg,mtx7170,myx478,False,4,0.4286,0.059687,motorcycle
img_022013.jpg,mss0688,ws87234,False,6,0.1429,0.169969,motorcycle
img_022014.jpg,ocx1749,oc9489,False,4,0.4286,0.085786,motorcycle
img_022016.jpg,ppo2925,pp0729,False,4,0.4286,0.410950,motorcycle
img_022018.jpg,ods5968,qd8728,False,5,0.2857,0.229608,motorcycle
img_022024.jpg,mtw4082,aibb729,False,7,0.0000,0.049004,motorcycle
img_022026.jpg,mtx3303,bj73778,False,6,0.1429,0.146400,motorcycle
img_022030.jpg,mtx3303,b303788,False,6,0.1429,0.103002,motorcycle
img_022031.jpg,ocx1775,ofj3729,False,5,0.2857,0.031096,motorcycle
img_022032.jpg,odl5722,qd47792,False,4,0.4286,0.031843,motorcycle
img_022033.jpg,odr4648,qdr4291,False,4,0.4286,0.042825,motorcycle
img_022034.jpg,ppx9459,pp9591,False,3,0.5714,0.124093,motorcycle
img_022035.jpg,ppt7234,pp12238,False,3,0.5714,0.196676,motorcycle
img_022040.jpg,ppe9043,ppe7891,False,4,0.4286,0.706826,motorcycle
img_022041.jpg,ppo2334,ppo2892,False,3,0.5714,0.609570,motorcycle
img_022045.jpg,ltk5452,etk7892,False,4,0.4286,0.327331,motorcycle
img_022046.jpg,ppg5798,ppg7892,False,3,0.5714,0.515790,motorcycle
img_022047.jpg,odr5971,qdr4291,False,4,0.4286,0.578394,motorcycle
img_022048.jpg,odr4648,qd2729,False,6,0.1429,0.153101,motorcycle
img_022049.jpg,msk4371,ws4298,False,5,0.2857,0.115962,motorcycle
img_022050.jpg,odf0749,qde5291,False,6,0.1429,0.364360,motorcycle
img_022052.jpg,mtx4192,wizz729,False,7,0.0000,0.169809,motorcycle
img_022057.jpg,msm6217,gsi2288,False,5,0.2857,0.040735,motorcycle
img_022058.jpg,odr5971,qbr4291,False,5,0.2857,0.772871,motorcycle
img_022059.jpg,msb1362,ws82789,False,6,0.1429,0.055834,motorcycle
img_022060.jpg,odf0749,ode579,False,3,0.5714,0.242973,motorcycle
img_022061.jpg,odj2901,q997234,False,7,0.0000,0.036729,motorcycle
img_022063.jpg,msb9683,msb7591,False,4,0.4286,0.169309,motorcycle
img_022065.jpg,msz1632,m82789,False,6,0.1429,0.119316,motorcycle
img_022066.jpg,ppq9347,ppo2288,False,5,0.2857,0.153531,motorcycle
img_022069.jpg,ppb4172,ppb7892,False,3,0.5714,0.433281,motorcycle
img_022071.jpg,mrb5311,brb2291,False,4,0.4286,0.030464,motorcycle
img_022075.jpg,odt6046,qd12992,False,6,0.1429,0.115277,motorcycle
img_022076.jpg,msb1362,wss2729,False,6,0.1429,0.053219,motorcycle
img_022079.jpg,odd7785,q997792,False,5,0.2857,0.005171,motorcycle
img_022080.jpg,odt6046,db17792,False,7,0.0000,0.174578,motorcycle
img_022081.jpg,ouz8101,bu25392,False,6,0.1429,0.053902,motorcycle
img_022082.jpg,mtx4192,wizz791,False,6,0.1429,0.076112,motorcycle
img_022083.jpg,mtx3303,bj33788,False,6,0.1429,0.079909,motorcycle
img_022084.jpg,odr4648,qd14791,False,5,0.2857,0.057202,motorcycle
img_022086.jpg,odf8575,ddf9779,False,4,0.4286,0.368229,motorcycle
img_022088.jpg,ppa9571,bsa2282,False,6,0.1429,0.522385,motorcycle
img_022090.jpg,msz1632,m82729,False,6,0.1429,0.371675,motorcycle
img_022094.jpg,oyd1821,qv97892,False,6,0.1429,0.070094,motorcycle
img_022095.jpg,odf0749,qde5791,False,5,0.2857,0.066828,motorcycle
img_022102.jpg,odb2698,qob7892,False,5,0.2857,0.315914,motorcycle
img_022103.jpg,ppy6645,bpv2384,False,6,0.1429,0.307241,motorcycle
img_022104.jpg,odr2292,qbb7291,False,5,0.2857,0.694747,motorcycle
img_022106.jpg,msk4371,wsk729,False,5,0.2857,0.292829,motorcycle
img_022108.jpg,nzp0747,q7p729,False,5,0.2857,0.176307,motorcycle
img_022111.jpg,oyi7673,dv73789,False,6,0.1429,0.210540,motorcycle
img_022112.jpg,mtu3834,btu299,False,5,0.2857,0.343486,motorcycle
img_022113.jpg,msz1632,ms2729,False,5,0.2857,0.249028,motorcycle
img_022115.jpg,pps7391,pps1292,False,3,0.5714,0.544268,motorcycle
img_022116.jpg,ppb0543,psb7891,False,5,0.2857,0.158877,motorcycle
img_022117.jpg,msm6217,g31728,False,6,0.1429,0.064132,motorcycle
img_022118.jpg,mqx7585,wox7232,False,5,0.2857,0.189195,motorcycle
img_022120.jpg,odr4648,qdr4291,False,4,0.4286,0.065674,motorcycle
img_022125.jpg,msm6217,gx17289,False,6,0.1429,0.064297,motorcycle
img_022126.jpg,odr2292,dbb7292,False,4,0.4286,0.379376,motorcycle
img_022127.jpg,odr5971,qdr7291,False,4,0.4286,0.295440,motorcycle
img_022128.jpg,odt6727,gd1229,False,5,0.2857,0.247378,motorcycle
img_022131.jpg,odh5452,qdb4291,False,6,0.1429,0.162761,motorcycle
img_022133.jpg,msz1632,ms2229,False,5,0.2857,0.115255,motorcycle
img_022134.jpg,mts7734,bj44798,False,6,0.1429,0.033964,motorcycle
img_022141.jpg,mtx3303,bj73488,False,6,0.1429,0.141682,motorcycle
img_022143.jpg,odf2202,dbe729,False,6,0.1429,0.292285,motorcycle
img_022144.jpg,mtx4192,witz779,False,6,0.1429,0.192591,motorcycle
img_022145.jpg,mtz3460,b167789,False,7,0.0000,0.021593,motorcycle
img_022148.jpg,odh5452,qdb7291,False,6,0.1429,0.111088,motorcycle
img_022150.jpg,ppm5173,bp13788,False,6,0.1429,0.299550,motorcycle
img_022151.jpg,odf0749,ode729,False,3,0.5714,0.151279,motorcycle
img_022152.jpg,mto6028,wo92292,False,6,0.1429,0.075037,motorcycle
img_022153.jpg,ppz3765,bp82788,False,5,0.2857,0.248166,motorcycle
img_022154.jpg,msb1362,w1sb789,False,6,0.1429,0.033503,motorcycle
img_022155.jpg,odr4648,qdr4291,False,4,0.4286,0.107291,motorcycle
img_022156.jpg,mtx4192,miz7729,False,6,0.1429,0.162356,motorcycle
img_022158.jpg,ppu8555,bp17792,False,6,0.1429,0.338431,motorcycle
img_022163.jpg,msw0327,ws1228,False,5,0.2857,0.222307,motorcycle
img_022165.jpg,mqq7692,wo92729,False,6,0.1429,0.132098,motorcycle
img_022166.jpg,mtz3460,by62731,False,7,0.0000,0.025067,motorcycle
img_022170.jpg,mpx7232,wpx7292,False,2,0.7143,0.191911,motorcycle
img_022178.jpg,mpv8198,mpv5292,False,3,0.5714,0.106927,motorcycle
img_022179.jpg,odr4648,qdp5524,False,6,0.1429,0.058726,motorcycle
img_022183.jpg,mtx3303,bt33782,False,5,0.2857,0.041609,motorcycle
img_022184.jpg,oyi9346,dy17392,False,5,0.2857,0.158704,motorcycle
img_022188.jpg,ppl1354,pp17892,False,5,0.2857,0.109047,motorcycle
img_022189.jpg,mrc7008,mbc7892,False,4,0.4286,0.407682,motorcycle
img_022191.jpg,odr2292,qdb7292,False,3,0.5714,0.249726,motorcycle
img_022194.jpg,odr4648,qdp7292,False,6,0.1429,0.260368,motorcycle
img_022195.jpg,mtx4192,wiz2791,False,6,0.1429,0.116609,motorcycle
img_022197.jpg,odh5452,q052778,False,7,0.0000,0.018290,motorcycle
img_022199.jpg,mtx3303,b303789,False,6,0.1429,0.065738,motorcycle
img_022201.jpg,mtz0686,q312789,False,6,0.1429,0.169144,motorcycle
img_022202.jpg,mso7465,ws07992,False,5,0.2857,0.107478,motorcycle
img_022204.jpg,msk0637,q35128,False,7,0.0000,0.030918,motorcycle
img_022206.jpg,mse2696,ms55389,False,5,0.2857,0.017950,motorcycle
img_022208.jpg,odi6064,po6477,False,6,0.1429,0.102341,motorcycle
img_022211.jpg,msk0637,wb1429,False,7,0.0000,0.202405,motorcycle
img_022212.jpg,ppt7234,bbj2982,False,7,0.0000,0.087986,motorcycle
img_022216.jpg,odr5971,qdr7291,False,4,0.4286,0.315589,motorcycle
img_022217.jpg,mst8655,bs12992,False,6,0.1429,0.257924,motorcycle
img_022218.jpg,jjm1920,w91029,False,5,0.2857,0.057189,motorcycle
img_022219.jpg,jjc7757,wus7529,False,6,0.1429,0.017978,motorcycle
img_022221.jpg,msb9683,msb7299,False,4,0.4286,0.070475,motorcycle
img_022222.jpg,mtx4192,wiz7729,False,7,0.0000,0.225486,motorcycle
img_022223.jpg,oyd1821,qvb7894,False,6,0.1429,0.162667,motorcycle
img_022224.jpg,odh5452,qdb7292,False,5,0.2857,0.125037,motorcycle
img_022225.jpg,msz1632,ms2299,False,5,0.2857,0.192754,motorcycle
img_022228.jpg,ppb4172,ppb7891,False,4,0.4286,0.447611,motorcycle
img_022230.jpg,mty0370,ms77229,False,6,0.1429,0.009327,motorcycle
img_022231.jpg,jjc7757,wis7298,False,6,0.1429,0.041293,motorcycle
img_022232.jpg,mtx4192,wizz729,False,7,0.0000,0.484429,motorcycle
img_022233.jpg,ovi1134,qvi728,False,5,0.2857,0.155826,motorcycle
img_022234.jpg,msb1362,zws8789,False,7,0.0000,0.109851,motorcycle
img_022235.jpg,mtx3303,bt73782,False,5,0.2857,0.111256,motorcycle
img_022239.jpg,mtv0352,at57789,False,6,0.1429,0.190775,motorcycle
img_022244.jpg,ppf2131,bpf429,False,5,0.2857,0.600566,motorcycle
img_022247.jpg,jko8991,uk0299,False,4,0.4286,0.181943,motorcycle
img_022249.jpg,odm6783,gd57789,False,4,0.4286,0.011097,motorcycle
img_022250.jpg,mrs0112,wr3729,False,6,0.1429,0.397740,motorcycle
img_022253.jpg,mqk5693,mok7892,False,4,0.4286,0.645904,motorcycle
img_022256.jpg,ppl1634,pp17892,False,5,0.2857,0.404756,motorcycle
img_022257.jpg,jko8991,qv0299,False,5,0.2857,0.076077,motorcycle
img_022258.jpg,msb1362,wsb7892,False,4,0.4286,0.285640,motorcycle
img_022260.jpg,odt6046,gd17782,False,6,0.1429,0.206686,motorcycle
img_022263.jpg,mtw4082,aibi273,False,7,0.0000,0.091387,motorcycle
img_022267.jpg,ppg5798,pt67892,False,5,0.2857,0.146245,motorcycle
img_022268.jpg,msz6980,ws2739,False,6,0.1429,0.100129,motorcycle
img_022269.jpg,jko8991,uk02992,False,4,0.4286,0.126628,motorcycle
img_022270.jpg,jjm1920,w91279,False,6,0.1429,0.064876,motorcycle
img_022272.jpg,mtx3303,bt73489,False,5,0.2857,0.042030,motorcycle
img_022274.jpg,msm6217,bx12238,False,6,0.1429,0.063300,motorcycle
img_022278.jpg,mtx4192,wizz729,False,7,0.0000,0.311199,motorcycle
img_022282.jpg,msz1632,ms2729,False,5,0.2857,0.102438,motorcycle
img_022286.jpg,mtu9659,wtu728,False,5,0.2857,0.092565,motorcycle
img_022288.jpg,msm6217,851729,False,6,0.1429,0.020574,motorcycle
img_022290.jpg,mtx3303,bj93778,False,6,0.1429,0.062228,motorcycle
img_022292.jpg,mty1863,mt7292,False,5,0.2857,0.144553,motorcycle
img_022298.jpg,mru1931,wru291,False,3,0.5714,0.472449,motorcycle
img_022299.jpg,jjm1920,w912782,False,7,0.0000,0.035898,motorcycle
img_022300.jpg,jjc7757,wj47384,False,5,0.2857,0.047105,motorcycle
img_022301.jpg,mpk8317,bpk7238,False,5,0.2857,0.810657,motorcycle
img_022308.jpg,hfa8518,bfa729,False,5,0.2857,0.618679,motorcycle
img_022310.jpg,mtx3303,bt73478,False,5,0.2857,0.117848,motorcycle
img_022311.jpg,odr4648,qd8779,False,6,0.1429,0.113934,motorcycle
img_022312.jpg,jko8991,ux0292,False,6,0.1429,0.152075,motorcycle
img_022317.jpg,msz1632,ms2729,False,5,0.2857,0.120244,motorcycle
img_022323.jpg,ntn0127,qwi2778,False,7,0.0000,0.027886,motorcycle
img_022327.jpg,odr4648,qdb7292,False,6,0.1429,0.204177,motorcycle
img_022330.jpg,mtx3303,bj93778,False,6,0.1429,0.038061,motorcycle
img_022331.jpg,msb9683,ms82729,False,5,0.2857,0.063638,motorcycle
img_022332.jpg,mtt8621,b821429,False,6,0.1429,0.144956,motorcycle
img_022336.jpg,jko8991,qv07992,False,5,0.2857,0.056342,motorcycle
img_022337.jpg,mst7836,wst799,False,4,0.4286,0.365832,motorcycle
img_022339.jpg,odh5452,qdb7291,False,6,0.1429,0.421028,motorcycle
img_022342.jpg,mrx6476,brx7292,False,5,0.2857,0.154610,motorcycle
img_022343.jpg,mtz5078,wo2279,False,6,0.1429,0.161254,motorcycle
img_022345.jpg,ocx7943,qc3729,False,5,0.2857,0.429973,motorcycle
img_022346.jpg,ppt6132,bp12788,False,6,0.1429,0.211066,motorcycle
img_022347.jpg,msm6217,bbs1289,False,6,0.1429,0.025574,motorcycle
img_022348.jpg,mqx7585,w8x729,False,5,0.2857,0.066716,motorcycle
img_022349.jpg,jko8991,ws90939,False,6,0.1429,0.010770,motorcycle
img_022350.jpg,odt5939,qbi779,False,6,0.1429,0.182884,motorcycle
img_022353.jpg,mrh7545,mr47892,False,4,0.4286,0.543152,motorcycle
img_022355.jpg,pps7270,bp10729,False,5,0.2857,0.160712,motorcycle
img_022357.jpg,ppq3952,ppo489,False,5,0.2857,0.133905,motorcycle
img_022358.jpg,ppk0137,pp5728,False,5,0.2857,0.283307,motorcycle
img_022359.jpg,ppb0543,psb7892,False,5,0.2857,0.545102,motorcycle
img_022362.jpg,mqx7585,ws8592,False,6,0.1429,0.067828,motorcycle
img_022366.jpg,mtx4192,witz799,False,6,0.1429,0.165323,motorcycle
img_022368.jpg,mtx3303,bj73778,False,6,0.1429,0.223690,motorcycle
img_022372.jpg,odh5452,qdb7291,False,6,0.1429,0.131920,motorcycle
img_022373.jpg,odb7075,qdb478,False,4,0.4286,0.499484,motorcycle
img_022374.jpg,msz1632,w88729,False,7,0.0000,0.039568,motorcycle
img_022377.jpg,mtz0748,qt7539,False,6,0.1429,0.042000,motorcycle
img_022381.jpg,mtx3303,bt73478,False,5,0.2857,0.022212,motorcycle
img_022383.jpg,djx8729,bjx2292,False,4,0.4286,0.087376,motorcycle
img_022386.jpg,ppm9537,bp92238,False,5,0.2857,0.141691,motorcycle
img_022389.jpg,mtx3303,bt73729,False,5,0.2857,0.156581,motorcycle
img_022394.jpg,qrb1638,drb7292,False,5,0.2857,0.115754,motorcycle
img_022395.jpg,odh5452,dd5429,False,4,0.4286,0.041513,motorcycle
img_022396.jpg,msz1632,m33279,False,6,0.1429,0.084720,motorcycle
img_022403.jpg,mqx7585,wox7292,False,5,0.2857,0.227873,motorcycle
img_022404.jpg,ppu9960,pp12892,False,5,0.2857,0.308883,motorcycle
img_022406.jpg,mto6028,mo0289,False,3,0.5714,0.177034,motorcycle
img_022407.jpg,mtz0696,mi37788,False,6,0.1429,0.056264,motorcycle
img_022411.jpg,oye7983,qve729,False,5,0.2857,0.346792,motorcycle
img_022425.jpg,odr4648,qpr4291,False,5,0.2857,0.046480,motorcycle
img_022426.jpg,mqm8584,bok2282,False,6,0.1429,0.044202,motorcycle
img_022430.jpg,odr5971,qdr4291,False,4,0.4286,0.398134,motorcycle
img_022431.jpg,mtz0652,q813728,False,7,0.0000,0.009525,motorcycle
img_022432.jpg,odr4648,qd8429,False,5,0.2857,0.111924,motorcycle
img_022434.jpg,msu3152,wi5729,False,7,0.0000,0.057921,motorcycle
img_022436.jpg,oyg0158,dyb7292,False,6,0.1429,0.234785,motorcycle
img_022444.jpg,msk4371,wsk299,False,5,0.2857,0.159855,motorcycle
img_022446.jpg,mtd7702,mtb7892,False,3,0.5714,0.100674,motorcycle
img_022449.jpg,mtv3898,bt8892,False,4,0.4286,0.136082,motorcycle
img_022452.jpg,odb4172,qob4891,False,5,0.2857,0.258984,motorcycle
img_022454.jpg,pvw2058,ps67282,False,6,0.1429,0.049600,motorcycle
img_022464.jpg,oda0294,dva539,False,5,0.2857,0.275539,motorcycle
img_022469.jpg,ppi2689,pf9591,False,6,0.1429,0.152365,motorcycle
img_022476.jpg,ppr4626,ppr7892,False,4,0.4286,0.589754,motorcycle
img_022479.jpg,mse7534,mse7992,False,3,0.5714,0.213037,motorcycle
img_022480.jpg,mrn1317,mrn249,False,4,0.4286,0.147618,motorcycle
img_022492.jpg,ppw7986,pp17982,False,2,0.7143,0.260073,motorcycle
img_022497.jpg,pps7741,pps292,False,4,0.4286,0.452655,motorcycle
img_022500.jpg,mqy3046,mqv429,False,5,0.2857,0.088614,motorcycle
img_027502.jpg,qrg4j82,drg7789,False,4,0.4286,0.177778,motorcycle
img_027506.jpg,mtv5g99,bgn2984,False,7,0.0000,0.082897,motorcycle
img_027508.jpg,odr2i65,qdb7292,False,6,0.1429,0.170340,motorcycle
img_027509.jpg,odt6a01,g017792,False,7,0.0000,0.072748,motorcycle
img_027510.jpg,msf3i23,ms67232,False,4,0.4286,0.496177,motorcycle
img_027511.jpg,qrf0e03,deb729,False,7,0.0000,0.416601,motorcycle
img_027513.jpg,mrr2c85,bc87298,False,6,0.1429,0.067100,motorcycle
img_027515.jpg,ppr8e85,8fb1292,False,7,0.0000,0.014223,motorcycle
img_027519.jpg,qrh2d22,qr4779,False,5,0.2857,0.068332,motorcycle
img_027520.jpg,puo0e01,deu1728,False,7,0.0000,0.062284,motorcycle
img_027525.jpg,ovf5h08,so62748,False,6,0.1429,0.052949,motorcycle
img_027530.jpg,qre9g46,dbb192,False,7,0.0000,0.043629,motorcycle
img_027532.jpg,qrf9c92,ded2799,False,6,0.1429,0.052763,motorcycle
img_027536.jpg,qrf9c92,sc95729,False,6,0.1429,0.017890,motorcycle
img_027537.jpg,qrh2d22,zw1299,False,6,0.1429,0.173016,motorcycle
img_027542.jpg,ocz9e64,d661238,False,7,0.0000,0.094731,motorcycle
img_027543.jpg,ppe5h61,ppe129,False,4,0.4286,0.230773,motorcycle
img_027547.jpg,qrf1j03,wj17798,False,7,0.0000,0.065885,motorcycle
img_027551.jpg,qrf1j80,zv52729,False,7,0.0000,0.004801,motorcycle
img_027552.jpg,qrf9c92,scx5799,False,6,0.1429,0.017821,motorcycle
img_027554.jpg,qrf9c92,dc51729,False,7,0.0000,0.021790,motorcycle
img_027555.jpg,qre9g46,db8799,False,7,0.0000,0.151602,motorcycle
img_027563.jpg,lqk6d23,adk729,False,5,0.2857,0.135991,motorcycle
img_027566.jpg,qrf4i27,qbf728,False,4,0.4286,0.161669,motorcycle
img_027571.jpg,qre0c75,wc75791,False,7,0.0000,0.101322,motorcycle
img_027574.jpg,qre0d36,dw8728,False,7,0.0000,0.069746,motorcycle
img_027575.jpg,qrf9c92,bed2991,False,6,0.1429,0.035624,motorcycle
img_027584.jpg,odr4d90,dof289,False,6,0.1429,0.185971,motorcycle
img_027585.jpg,qri7h26,zxx1992,False,7,0.0000,0.047251,motorcycle
img_027589.jpg,odr4d90,do12289,False,6,0.1429,0.038066,motorcycle
img_027591.jpg,mtt0g70,qg70789,False,6,0.1429,0.054852,motorcycle
img_027594.jpg,pps2d40,zo41939,False,7,0.0000,0.020345,motorcycle
img_027596.jpg,qrg2j03,zj01298,False,7,0.0000,0.051590,motorcycle
img_027602.jpg,lsv8i85,bis5479,False,7,0.0000,0.089434,motorcycle
img_027603.jpg,mtt0g70,wg77228,False,7,0.0000,0.045222,motorcycle
img_027605.jpg,mtt0g70,qg71298,False,7,0.0000,0.134215,motorcycle
img_027614.jpg,qrg5b79,sby6729,False,6,0.1429,0.013014,motorcycle
img_027616.jpg,qrj5d28,wowe991,False,7,0.0000,0.009804,motorcycle
img_027619.jpg,qre5g20,gre7292,False,5,0.2857,0.420872,motorcycle
img_027620.jpg,msw0e74,dev4232,False,7,0.0000,0.189072,motorcycle
img_027623.jpg,odb5d78,ddb7892,False,5,0.2857,0.429395,motorcycle
img_027630.jpg,ovf5h08,dvf729,False,5,0.2857,0.094200,motorcycle
img_027631.jpg,mqp8i71,8w72588,False,7,0.0000,0.006342,motorcycle
img_027632.jpg,qre3c98,8c84299,False,6,0.1429,0.030700,motorcycle
img_027634.jpg,qre9g46,db8799,False,7,0.0000,0.130844,motorcycle
img_027636.jpg,msy4d96,wsv2982,False,6,0.1429,0.192197,motorcycle
img_027641.jpg,qre6b81,gre729,False,5,0.2857,0.238850,motorcycle
img_027642.jpg,qrf8f39,bff7488,False,6,0.1429,0.134538,motorcycle
img_027652.jpg,qrj4a23,qr93729,False,4,0.4286,0.059174,motorcycle
img_027654.jpg,msx5a18,sax4789,False,6,0.1429,0.226693,motorcycle
img_027655.jpg,qrh0f83,do8149,False,7,0.0000,0.038696,motorcycle
img_027659.jpg,qre1j20,qbe749,False,5,0.2857,0.148082,motorcycle
img_027665.jpg,qri5i88,bis1799,False,7,0.0000,0.005895,motorcycle
img_027674.jpg,mtt0g70,q171288,False,7,0.0000,0.053060,motorcycle
img_027675.jpg,qrk5f43,qrk728,False,4,0.4286,0.209680,motorcycle
img_027676.jpg,qri4d60,qb1289,False,6,0.1429,0.111790,motorcycle
img_027681.jpg,qre1h72,wobe729,False,6,0.1429,0.292255,motorcycle
img_027687.jpg,qre5g20,gqe229,False,5,0.2857,0.087811,motorcycle
img_027690.jpg,ppj7d86,pb5788,False,4,0.4286,0.099104,motorcycle
img_027700.jpg,ppn9j74,pp14298,False,5,0.2857,0.203556,motorcycle
img_027701.jpg,ocy1g98,dc4v289,False,6,0.1429,0.094051,motorcycle
img_027704.jpg,ocz9e64,dc67289,False,6,0.1429,0.028109,motorcycle
img_027706.jpg,qrb1g37,grb7292,False,5,0.2857,0.112557,motorcycle
img_027709.jpg,msx5a18,sax7788,False,5,0.2857,0.133949,motorcycle
img_027711.jpg,gkh4c99,gg5551,False,6,0.1429,0.041948,motorcycle
img_027712.jpg,qri2h49,zhz9499,False,6,0.1429,0.112326,motorcycle
img_027716.jpg,qre5g20,gre7292,False,5,0.2857,0.170867,motorcycle
img_027720.jpg,qrk9b28,qbk789,False,5,0.2857,0.095167,motorcycle
img_027725.jpg,qrk9i41,qrk5491,False,3,0.5714,0.111609,motorcycle
img_027730.jpg,fwx1e29,ifux738,False,6,0.1429,0.118852,motorcycle
img_027733.jpg,qre3c98,blsk799,False,6,0.1429,0.077617,motorcycle
img_027735.jpg,qrk5f43,stu7799,False,7,0.0000,0.027531,motorcycle
img_027737.jpg,qrh2d22,qbb1228,False,5,0.2857,0.036512,motorcycle
img_027740.jpg,qri2h49,gb4459,False,6,0.1429,0.051121,motorcycle
img_027741.jpg,qrb1g37,grb7291,False,5,0.2857,0.220217,motorcycle
img_027742.jpg,qre5g20,qre7232,False,4,0.4286,0.162286,motorcycle
img_027744.jpg,qrg5i84,sixg279,False,7,0.0000,0.079462,motorcycle
img_027751.jpg,qrg4j82,qrg7289,False,3,0.5714,0.036897,motorcycle
img_027754.jpg,mts6i12,gm12788,False,7,0.0000,0.034826,motorcycle
img_027755.jpg,qrk2h32,qqbk729,False,6,0.1429,0.046859,motorcycle
img_027756.jpg,qrk2h46,zox4799,False,7,0.0000,0.004375,motorcycle
img_027757.jpg,qre5g20,gre7292,False,5,0.2857,0.278510,motorcycle
img_027762.jpg,qrg4j82,qx8249,False,6,0.1429,0.058485,motorcycle
img_027765.jpg,odn8a70,qdn2984,False,5,0.2857,0.087005,motorcycle
img_027766.jpg,odt6a01,gaq1729,False,7,0.0000,0.103502,motorcycle
img_027770.jpg,qrl0b55,db53789,False,7,0.0000,0.076858,motorcycle
img_027772.jpg,qre5g20,gre729,False,4,0.4286,0.387003,motorcycle
img_027779.jpg,qrh7j75,qx47788,False,5,0.2857,0.048728,motorcycle
img_027782.jpg,ovj6e24,q191238,False,7,0.0000,0.075823,motorcycle
img_027785.jpg,odn8a70,qdn2282,False,5,0.2857,0.067934,motorcycle
img_027786.jpg,ppv9c45,ppu291,False,5,0.2857,0.102121,motorcycle
img_027788.jpg,oda5c92,d947738,False,7,0.0000,0.181874,motorcycle
img_027789.jpg,qri2g10,zex7591,False,7,0.0000,0.033133,motorcycle
img_027793.jpg,mtv7c99,wiv7292,False,4,0.4286,0.051876,motorcycle
img_027794.jpg,qre5g64,qre7832,False,4,0.4286,0.091954,motorcycle
img_027798.jpg,ppy6c55,ppy788,False,4,0.4286,0.130541,motorcycle
img_027800.jpg,qrm6e95,gq9989,False,6,0.1429,0.101778,motorcycle
img_027801.jpg,qrb1g37,grb789,False,5,0.2857,0.311691,motorcycle
img_027802.jpg,ppe5h61,pp54591,False,4,0.4286,0.067594,motorcycle
img_027809.jpg,qri4d60,db1299,False,7,0.0000,0.156988,motorcycle
img_027817.jpg,ppy6e40,gpy499,False,5,0.2857,0.138498,motorcycle
img_027818.jpg,qrg5b79,8b91299,False,6,0.1429,0.005244,motorcycle
img_027825.jpg,qre1j20,zore291,False,6,0.1429,0.117072,motorcycle
img_027827.jpg,mtz8e66,8162238,False,7,0.0000,0.120000,motorcycle
img_027829.jpg,ovi2h93,zh9329,False,6,0.1429,0.278713,motorcycle
img_027836.jpg,qre4a41,qre1799,False,4,0.4286,0.052332,motorcycle
img_027838.jpg,qri4j59,qqr9289,False,5,0.2857,0.013523,motorcycle
img_027839.jpg,ovi2h93,zxv3789,False,6,0.1429,0.015478,motorcycle
img_027846.jpg,oda7g38,twa7892,False,5,0.2857,0.060644,motorcycle
img_027855.jpg,mts6i12,gi42788,False,7,0.0000,0.060278,motorcycle
img_027860.jpg,ovi2h93,zh93282,False,7,0.0000,0.432743,motorcycle
img_027863.jpg,qrh8a82,aqu1489,False,6,0.1429,0.033843,motorcycle
img_027878.jpg,qrh8a82,qqb459,False,6,0.1429,0.030945,motorcycle
img_027881.jpg,ovi6h87,8xv749,False,7,0.0000,0.014205,motorcycle
img_027885.jpg,qrg5g11,bgr6759,False,7,0.0000,0.069871,motorcycle
img_027886.jpg,mtx4g86,mbj2792,False,6,0.1429,0.033384,motorcycle
img_027890.jpg,qrf4i27,qrff289,False,4,0.4286,0.122681,motorcycle
img_027898.jpg,qrh8a82,aab,False,6,0.1429,0.215755,motorcycle
img_027899.jpg,qrg1d29,ddg579,False,5,0.2857,0.041522,motorcycle
img_027901.jpg,qre1h72,dobe429,False,7,0.0000,0.137718,motorcycle
img_027910.jpg,msp2a75,zyp7598,False,6,0.1429,0.031011,motorcycle
img_027913.jpg,ovi2h93,qu97788,False,7,0.0000,0.089247,motorcycle
img_027914.jpg,mse6d09,gws7292,False,7,0.0000,0.306044,motorcycle
img_027915.jpg,msw0e74,ds71292,False,6,0.1429,0.027232,motorcycle
img_027916.jpg,ovi2h93,zh93788,False,7,0.0000,0.055374,motorcycle
img_027921.jpg,odg2h38,zwg7892,False,6,0.1429,0.110847,motorcycle
img_027924.jpg,qrl7h97,qr47789,False,4,0.4286,0.051936,motorcycle
img_027925.jpg,mqq1e63,w105799,False,7,0.0000,0.131165,motorcycle
img_027931.jpg,ppm0g72,qg9249,False,7,0.0000,0.057427,motorcycle
img_027936.jpg,ppi6d91,pp1788,False,5,0.2857,0.074710,motorcycle
img_027937.jpg,msw0e74,ds7428,False,6,0.1429,0.036444,motorcycle
img_027938.jpg,qrl1a42,qr41789,False,4,0.4286,0.127796,motorcycle
img_027940.jpg,msw0e74,ds74282,False,6,0.1429,0.016922,motorcycle
img_027941.jpg,msp2a75,zy57592,False,7,0.0000,0.027947,motorcycle
img_027945.jpg,qrg6d57,sdx9749,False,7,0.0000,0.034165,motorcycle
img_027947.jpg,qrh6b28,gbi238,False,6,0.1429,0.101279,motorcycle
img_027948.jpg,qrg6d57,gdg9788,False,6,0.1429,0.077373,motorcycle
img_027949.jpg,qrf0h69,wbf477,False,6,0.1429,0.036423,motorcycle
img_027950.jpg,msm6c05,msm7282,False,4,0.4286,0.137814,motorcycle
img_027951.jpg,qrf0h69,wb5477,False,7,0.0000,0.019796,motorcycle
img_027952.jpg,qrg6d57,gqr9428,False,6,0.1429,0.033898,motorcycle
img_027954.jpg,qrg6d57,sdx9289,False,7,0.0000,0.015499,motorcycle
img_027955.jpg,hbo6a52,gbo2284,False,5,0.2857,0.260675,motorcycle
img_027956.jpg,qrg6d57,bd57748,False,7,0.0000,0.056752,motorcycle
img_027958.jpg,qrf0h69,wbf477,False,6,0.1429,0.095690,motorcycle
img_027959.jpg,msm6c05,ws17238,False,6,0.1429,0.047193,motorcycle
img_027962.jpg,qrf0h69,wbf472,False,6,0.1429,0.060937,motorcycle
img_027964.jpg,qrh2j12,zqu8723,False,7,0.0000,0.012076,motorcycle
img_027965.jpg,qrg6d57,gox9248,False,7,0.0000,0.005424,motorcycle
img_027966.jpg,qrf0h69,wh1542,False,7,0.0000,0.007942,motorcycle
img_027968.jpg,qrf0h69,cqr6722,False,6,0.1429,0.021162,motorcycle
img_027969.jpg,msm6c05,msm2234,False,4,0.4286,0.487405,motorcycle
img_027971.jpg,qrg6d57,bit2384,False,7,0.0000,0.055545,motorcycle
img_027972.jpg,qrg6d57,gou248,False,7,0.0000,0.058608,motorcycle
img_027973.jpg,qrf0h69,gqf442,False,6,0.1429,0.136055,motorcycle
img_027974.jpg,qri8h59,qui2289,False,4,0.4286,0.036758,motorcycle
img_027980.jpg,qrg6d57,sw2484,False,7,0.0000,0.038941,motorcycle
img_027982.jpg,oda7c99,tc41228,False,7,0.0000,0.058187,motorcycle
img_027984.jpg,oyk0j72,di22384,False,7,0.0000,0.017182,motorcycle
img_027989.jpg,ozw7a23,az22484,False,6,0.1429,0.021884,motorcycle
img_028005.jpg,mpa3a92,exa2234,False,6,0.1429,0.056088,motorcycle
img_028006.jpg,msx2b57,ms7228,False,4,0.4286,0.111865,motorcycle
img_028007.jpg,ozw7a23,az22282,False,6,0.1429,0.037572,motorcycle
img_028009.jpg,qrm9g80,gbo2280,False,5,0.2857,0.171006,motorcycle
img_028011.jpg,pph2h33,z112234,False,5,0.2857,0.063417,motorcycle
img_028014.jpg,pph2h33,pbb7230,False,5,0.2857,0.104846,motorcycle
img_028015.jpg,msf3i23,f182384,False,6,0.1429,0.050653,motorcycle
img_028019.jpg,mqs8d89,8w89228,False,7,0.0000,0.064775,motorcycle
img_028021.jpg,ozw7a23,ax21248,False,7,0.0000,0.018819,motorcycle
img_028023.jpg,msw2i03,zis7238,False,6,0.1429,0.118664,motorcycle
img_028024.jpg,qrk3d06,sox2238,False,7,0.0000,0.223489,motorcycle
img_028026.jpg,ppy6c55,p9v728,False,6,0.1429,0.143538,motorcycle
img_028027.jpg,qrl5j85,qbu2234,False,6,0.1429,0.039305,motorcycle
img_028028.jpg,ppe9a12,ppe7238,False,4,0.4286,0.179339,motorcycle
img_028033.jpg,qrj8h83,zqbi79,False,7,0.0000,0.081028,motorcycle
img_028041.jpg,mtv0h43,q417298,False,7,0.0000,0.030389,motorcycle
img_028047.jpg,msf3i23,w57232,False,6,0.1429,0.073299,motorcycle
img_028053.jpg,mtz1d24,wj7238,False,7,0.0000,0.058329,motorcycle
img_028055.jpg,ovi4d13,dv12238,False,6,0.1429,0.204834,motorcycle
img_028063.jpg,mqj0g55,gg12234,False,7,0.0000,0.423534,motorcycle
img_028068.jpg,qrg6d57,gdz449,False,7,0.0000,0.032766,motorcycle
img_028075.jpg,oyi4h49,ch12434,False,6,0.1429,0.010914,motorcycle
img_028076.jpg,msf3i23,wa2234,False,6,0.1429,0.052091,motorcycle
img_028078.jpg,qrl2c69,xt82280,False,6,0.1429,0.029400,motorcycle
img_028087.jpg,msf3i23,bix2384,False,7,0.0000,0.225000,motorcycle
img_028090.jpg,mtz1d24,wj1232,False,6,0.1429,0.041862,motorcycle
img_028091.jpg,ovi4d13,qvi728,False,5,0.2857,0.599422,motorcycle
img_028094.jpg,mpk7e29,ved2234,False,7,0.0000,0.051942,motorcycle
img_028096.jpg,mps6g32,gp42238,False,5,0.2857,0.094886,motorcycle
img_028097.jpg,msq9e72,es07284,False,6,0.1429,0.032817,motorcycle
img_028098.jpg,ovi4d13,qvi7238,False,5,0.2857,0.206177,motorcycle
img_028115.jpg,mtz1d24,wj2238,False,7,0.0000,0.033527,motorcycle
img_028122.jpg,qrj4c82,qr72384,False,4,0.4286,0.097204,motorcycle
img_028124.jpg,ocv8e03,sccv248,False,6,0.1429,0.188310,motorcycle
img_028125.jpg,ozw7a23,qx12384,False,7,0.0000,0.146934,motorcycle
img_028129.jpg,mtq4f75,wi92384,False,7,0.0000,0.172855,motorcycle
img_028140.jpg,moy4d15,dv92384,False,7,0.0000,0.108914,motorcycle
img_028142.jpg,pph2h33,zb12480,False,6,0.1429,0.257323,motorcycle
img_028147.jpg,msn4g35,ggn2584,False,6,0.1429,0.026070,motorcycle
img_028149.jpg,qrf3c79,grf7288,False,5,0.2857,0.251151,motorcycle
img_028155.jpg,olz5g48,g472384,False,7,0.0000,0.334750,motorcycle
img_028161.jpg,qrg5g54,gr92484,False,5,0.2857,0.018710,motorcycle
img_028162.jpg,ocx2g95,q677238,False,7,0.0000,0.109027,motorcycle
img_028168.jpg,qrf0h69,wb1272,False,7,0.0000,0.019927,motorcycle
img_028172.jpg,pps7e09,pp97298,False,4,0.4286,0.066717,motorcycle
img_028177.jpg,mtq4f75,w71228,False,7,0.0000,0.121316,motorcycle
img_028178.jpg,ppl8c51,psi2888,False,6,0.1429,0.078551,motorcycle
img_028179.jpg,oyf9h59,qxy6748,False,7,0.0000,0.042038,motorcycle
img_028183.jpg,qrj1a37,qbi238,False,5,0.2857,0.184135,motorcycle
img_028184.jpg,ppr7g88,ps17282,False,4,0.4286,0.138406,motorcycle
img_028185.jpg,qri6c82,qc42892,False,5,0.2857,0.014107,motorcycle
img_028187.jpg,qre5g20,gbe789,False,6,0.1429,0.411050,motorcycle
img_028190.jpg,qrk3d06,but4382,False,7,0.0000,0.119749,motorcycle
img_028196.jpg,pph2h33,zwb7234,False,6,0.1429,0.150488,motorcycle
img_028199.jpg,qrf0h69,dbf777,False,6,0.1429,0.091982,motorcycle
img_028215.jpg,qri2f05,zfo1729,False,7,0.0000,0.037424,motorcycle
img_028220.jpg,qrh3h92,qux2288,False,6,0.1429,0.028697,motorcycle
img_028221.jpg,duz7g68,t66738,False,5,0.2857,0.091242,motorcycle
img_028230.jpg,odh6e75,ge7528,False,6,0.1429,0.103708,motorcycle
img_028236.jpg,ocv8e03,qc97238,False,6,0.1429,0.046490,motorcycle
img_028239.jpg,oyf5f69,qv42384,False,7,0.0000,0.176270,motorcycle
img_028247.jpg,qrh2g55,gs17232,False,7,0.0000,0.382513,motorcycle
img_028248.jpg,mtc6d64,gd64238,False,7,0.0000,0.041364,motorcycle
img_028249.jpg,mtz1d24,wd1230,False,6,0.1429,0.317106,motorcycle
img_028253.jpg,pud5d18,pu87382,False,5,0.2857,0.108728,motorcycle
img_028257.jpg,ppm5a98,pp98728,False,4,0.4286,0.139774,motorcycle
img_028262.jpg,mtz1d24,wj2284,False,6,0.1429,0.072465,motorcycle
img_028264.jpg,qrh1b34,db47232,False,6,0.1429,0.154156,motorcycle
img_028271.jpg,qrh5c50,qri2384,False,5,0.2857,0.419792,motorcycle
img_028281.jpg,qre3c48,qc47799,False,6,0.1429,0.030508,motorcycle
img_028284.jpg,qrg1d29,ddg5792,False,6,0.1429,0.036512,motorcycle
img_028294.jpg,qrg5b41,dbg1892,False,6,0.1429,0.379832,motorcycle
img_028298.jpg,ppt2a23,za73729,False,6,0.1429,0.282913,motorcycle
img_028304.jpg,puo0e01,dwo0478,False,5,0.2857,0.015273,motorcycle
img_028305.jpg,qrg1d29,qu24491,False,6,0.1429,0.013306,motorcycle
img_028307.jpg,qrf0d45,qd45799,False,6,0.1429,0.110732,motorcycle
img_028308.jpg,msz6j86,bw87792,False,7,0.0000,0.056828,motorcycle
img_028314.jpg,lsv8i85,bs85572,False,6,0.1429,0.095043,motorcycle
img_028318.jpg,mqr6b71,gv4729,False,7,0.0000,0.020495,motorcycle
img_028319.jpg,qrh5b63,qb6729,False,6,0.1429,0.183028,motorcycle
img_028320.jpg,qrh2d22,qow1729,False,5,0.2857,0.047153,motorcycle
img_028321.jpg,odm6h99,gdm429,False,4,0.4286,0.530614,motorcycle
img_028324.jpg,gva1i94,zi94799,False,6,0.1429,0.112558,motorcycle
img_028335.jpg,ods3f87,dfs729,False,6,0.1429,0.329615,motorcycle
img_028342.jpg,odj5g59,db5428,False,5,0.2857,0.071874,motorcycle
img_028344.jpg,ppt5j40,wit7292,False,6,0.1429,0.045242,motorcycle
img_028345.jpg,ppl7b10,pb10729,False,6,0.1429,0.296509,motorcycle
img_028347.jpg,qre3g47,qbe7292,False,5,0.2857,0.233207,motorcycle
img_028348.jpg,msv7i05,wsw292,False,6,0.1429,0.056727,motorcycle
img_028356.jpg,odr2i65,qdb7292,False,6,0.1429,0.504295,motorcycle
img_028357.jpg,odj5g59,s852788,False,7,0.0000,0.092589,motorcycle
img_028358.jpg,odt3g90,obj2788,False,6,0.1429,0.062176,motorcycle
img_028364.jpg,ppt5j40,pp42282,False,5,0.2857,0.210629,motorcycle
img_028365.jpg,ppo3j50,ppo2229,False,4,0.4286,0.522736,motorcycle
img_028367.jpg,qrg2j03,q36779,False,6,0.1429,0.109214,motorcycle
img_028368.jpg,qre3c48,qre979,False,4,0.4286,0.067412,motorcycle
img_028370.jpg,odt6a01,gaq1729,False,7,0.0000,0.043144,motorcycle
img_028376.jpg,ppl0f98,dp9729,False,5,0.2857,0.356033,motorcycle
img_028378.jpg,qrh6b28,gb8729,False,6,0.1429,0.084706,motorcycle
img_028381.jpg,odf2d01,ddf1288,False,5,0.2857,0.202056,motorcycle
img_028384.jpg,oyk5j80,dv67238,False,7,0.0000,0.290821,motorcycle
img_028387.jpg,qrg5b79,dbg1228,False,6,0.1429,0.254267,motorcycle
img_028394.jpg,qrg2c73,zz7328,False,7,0.0000,0.079182,motorcycle
img_028399.jpg,mpt7d28,zp91788,False,5,0.2857,0.007830,motorcycle
img_028401.jpg,kzz8f62,sk32232,False,6,0.1429,0.069531,motorcycle
img_028404.jpg,odg2h60,ds61288,False,7,0.0000,0.019735,motorcycle
img_028405.jpg,mqv9f73,mov279,False,4,0.4286,0.257388,motorcycle
img_028406.jpg,mqv7e12,wby229,False,7,0.0000,0.113844,motorcycle
img_028408.jpg,qrf1j80,qrf729,False,4,0.4286,0.638428,motorcycle
img_028410.jpg,odj2g92,qby7832,False,6,0.1429,0.086252,motorcycle
img_028414.jpg,qrg4j82,q36779,False,6,0.1429,0.079081,motorcycle
img_028416.jpg,qre2g64,qb6729,False,6,0.1429,0.355267,motorcycle
img_028422.jpg,msp2a75,zsp5288,False,5,0.2857,0.129652,motorcycle
img_028424.jpg,ovi7a98,dv18789,False,5,0.2857,0.138734,motorcycle
img_028427.jpg,qrg5b79,qbg4291,False,5,0.2857,0.101036,motorcycle
img_028432.jpg,odj5e46,db8728,False,6,0.1429,0.066239,motorcycle
img_028436.jpg,oyk5j80,dv67292,False,7,0.0000,0.350592,motorcycle
img_028439.jpg,ozw7a23,dx73292,False,6,0.1429,0.029587,motorcycle
img_028444.jpg,ppe5h61,ppe1789,False,4,0.4286,0.319041,motorcycle
img_028447.jpg,ppt2a23,pa73729,False,5,0.2857,0.167796,motorcycle
img_028455.jpg,qri1d52,x957232,False,6,0.1429,0.015327,motorcycle
img_028457.jpg,qrb8a37,qab7292,False,5,0.2857,0.571601,motorcycle
img_028459.jpg,qre0c75,qre929,False,4,0.4286,0.209396,motorcycle
img_028467.jpg,odj2g92,q692728,False,6,0.1429,0.223297,motorcycle
img_028468.jpg,ppn9j74,ppn4798,False,4,0.4286,0.188714,motorcycle
img_028472.jpg,qrf4b90,qbf729,False,4,0.4286,0.743847,motorcycle
img_028473.jpg,qrd8g66,8868288,False,6,0.1429,0.294490,motorcycle
img_028474.jpg,oyk9e73,be72288,False,7,0.0000,0.062656,motorcycle
img_028475.jpg,qrh9e85,de85791,False,7,0.0000,0.329206,motorcycle
img_028480.jpg,pwu5j06,ps06728,False,6,0.1429,0.092396,motorcycle
img_028486.jpg,qrc5d52,drc729,False,5,0.2857,0.442887,motorcycle
img_028489.jpg,qrf8d14,qbf7298,False,5,0.2857,0.331736,motorcycle
img_028492.jpg,pwu5j06,ps06728,False,6,0.1429,0.067931,motorcycle
img_028496.jpg,qrf5a87,dbb7291,False,7,0.0000,0.144428,motorcycle
img_028498.jpg,mqv9f73,wov3789,False,6,0.1429,0.144270,motorcycle
img_028499.jpg,msx4c00,ast7238,False,6,0.1429,0.104010,motorcycle
img_028507.jpg,qrg1e42,qe6729,False,6,0.1429,0.019490,motorcycle
img_028510.jpg,msf3g39,bs32228,False,6,0.1429,0.082198,motorcycle
img_028511.jpg,qrg4h59,qre7228,False,5,0.2857,0.160992,motorcycle
img_028512.jpg,fbh4b10,ebi2238,False,6,0.1429,0.193308,motorcycle
img_028520.jpg,qre9g46,qbe7292,False,5,0.2857,0.213306,motorcycle
img_028521.jpg,ozw7a23,dxv1792,False,6,0.1429,0.244256,motorcycle
img_028531.jpg,ppt6c15,bp15788,False,6,0.1429,0.150685,motorcycle
img_028534.jpg,qrj4h09,qb17728,False,6,0.1429,0.108565,motorcycle
img_028538.jpg,odj0i46,qbi7788,False,7,0.0000,0.062829,motorcycle
img_028539.jpg,qrl8a56,qas7228,False,6,0.1429,0.050210,motorcycle
img_028540.jpg,jsu8a56,bast238,False,7,0.0000,0.188322,motorcycle
img_028541.jpg,ppr7g88,dgb128,False,6,0.1429,0.024921,motorcycle
img_028542.jpg,kob6d80,xob7292,False,5,0.2857,0.238184,motorcycle
img_028543.jpg,qrc5d52,drc7792,False,4,0.4286,0.035207,motorcycle
img_028545.jpg,qri7d06,wb16728,False,7,0.0000,0.015490,motorcycle
img_028547.jpg,qri7h26,db2678,False,7,0.0000,0.202393,motorcycle
img_028553.jpg,qrg5b79,dbg4291,False,6,0.1429,0.083941,motorcycle
img_028554.jpg,pps0e72,de7248,False,6,0.1429,0.449854,motorcycle
img_028555.jpg,qri4d60,qd92228,False,6,0.1429,0.043451,motorcycle
img_028556.jpg,qrg5b79,qbg1789,False,4,0.4286,0.126477,motorcycle
img_028559.jpg,ppr7g88,wg17282,False,5,0.2857,0.019899,motorcycle
img_028564.jpg,odf2c66,dc67298,False,7,0.0000,0.087473,motorcycle
img_028567.jpg,qri3h51,8w94779,False,7,0.0000,0.148264,motorcycle
img_028568.jpg,msv7i05,wsw7288,False,5,0.2857,0.031959,motorcycle
img_028578.jpg,odt3g50,8851729,False,7,0.0000,0.079462,motorcycle
img_028583.jpg,pwu5j06,bs06729,False,7,0.0000,0.084130,motorcycle
img_028584.jpg,qri2j52,dj52282,False,5,0.2857,0.022631,motorcycle
img_028590.jpg,gva1i94,gva4234,False,3,0.5714,0.163107,motorcycle
img_028594.jpg,qri3c91,bax1298,False,6,0.1429,0.044199,motorcycle
img_028595.jpg,odf2c66,qc67788,False,7,0.0000,0.033458,motorcycle
img_028596.jpg,odf2c66,q867782,False,7,0.0000,0.041568,motorcycle
img_028597.jpg,odp9d77,dop729,False,6,0.1429,0.403407,motorcycle
img_028599.jpg,qrg2j03,qj6779,False,6,0.1429,0.139689,motorcycle
img_028612.jpg,pwu5j06,bj06728,False,7,0.0000,0.213820,motorcycle
img_028614.jpg,ppg5h51,b117292,False,7,0.0000,0.038318,motorcycle
img_028619.jpg,qrg0b96,qby679,False,5,0.2857,0.245707,motorcycle
img_028620.jpg,ppy6c55,ppv5792,False,5,0.2857,0.095256,motorcycle
img_028621.jpg,ppo9c66,pp88728,False,5,0.2857,0.156502,motorcycle
img_028623.jpg,ppc6i18,pp17728,False,4,0.4286,0.119418,motorcycle
img_028627.jpg,mqv6a59,gav9729,False,5,0.2857,0.234511,motorcycle
img_028629.jpg,qre5g20,sex4282,False,6,0.1429,0.043314,motorcycle
img_028630.jpg,qrf8d14,bbj7298,False,7,0.0000,0.112128,motorcycle
img_028636.jpg,qrf1c30,qrf729,False,4,0.4286,0.294464,motorcycle
img_028642.jpg,ovf5h08,qu68729,False,7,0.0000,0.074027,motorcycle
img_028650.jpg,ppn1b25,db7128,False,5,0.2857,0.065761,motorcycle
img_028655.jpg,odf2c66,q966728,False,7,0.0000,0.242581,motorcycle
img_028657.jpg,qrg0b96,qb96729,False,6,0.1429,0.301089,motorcycle
img_028660.jpg,qrg4h59,qab7228,False,6,0.1429,0.541446,motorcycle
img_028667.jpg,ppq2f25,pp2579,False,4,0.4286,0.449514,motorcycle
img_028670.jpg,qrg7b26,qbb2782,False,5,0.2857,0.034505,motorcycle
img_028672.jpg,qri2j52,qu52799,False,5,0.2857,0.014861,motorcycle
img_028679.jpg,ppc6i18,pp18788,False,4,0.4286,0.410188,motorcycle
img_028680.jpg,mqv7e12,wqu299,False,6,0.1429,0.153459,motorcycle
img_028687.jpg,ppg5h51,pp81292,False,5,0.2857,0.060893,motorcycle
img_028697.jpg,ovi4d13,qv13789,False,6,0.1429,0.198822,motorcycle
img_028705.jpg,oyk9e73,dv87282,False,7,0.0000,0.062474,motorcycle
img_028710.jpg,odl9b35,qbi5728,False,7,0.0000,0.162291,motorcycle
img_028712.jpg,qrg0b96,qb98292,False,5,0.2857,0.038917,motorcycle
img_028713.jpg,jso4d70,wd92284,False,7,0.0000,0.181252,motorcycle
img_028717.jpg,qri5i04,qri7798,False,4,0.4286,0.084795,motorcycle
img_028732.jpg,qre6c98,qbe729,False,4,0.4286,0.409747,motorcycle
img_028740.jpg,ppg5h51,biz2288,False,7,0.0000,0.015620,motorcycle
img_028744.jpg,qrg3g25,qb25782,False,6,0.1429,0.041498,motorcycle
img_028752.jpg,qrh8b53,qbb7292,False,6,0.1429,0.435171,motorcycle
img_028753.jpg,qrh6f77,drv1292,False,6,0.1429,0.036189,motorcycle
img_028756.jpg,qrh4e29,wb1979,False,6,0.1429,0.166869,motorcycle
img_028760.jpg,aux9b64,ab6429,False,5,0.2857,0.508823,motorcycle
img_028763.jpg,ppy6c55,ppy4798,False,4,0.4286,0.103212,motorcycle
img_028764.jpg,ppg5h51,zp51292,False,6,0.1429,0.037235,motorcycle
img_028765.jpg,pps2d40,bd96499,False,7,0.0000,0.019832,motorcycle
img_028773.jpg,ppr7g88,pgb7292,False,5,0.2857,0.085591,motorcycle
img_028775.jpg,mtd2f50,wj87298,False,7,0.0000,0.045894,motorcycle
img_028779.jpg,qri3e18,qbi7892,False,5,0.2857,0.292668,motorcycle
img_028781.jpg,ppy6c55,ppy7282,False,4,0.4286,0.089284,motorcycle
img_028782.jpg,mtx7c76,wj96788,False,7,0.0000,0.046134,motorcycle
img_028783.jpg,oum1g39,qu17292,False,5,0.2857,0.259388,motorcycle
img_028787.jpg,ppb1h72,bs72292,False,6,0.1429,0.054730,motorcycle
img_028790.jpg,msp8d62,bd62728,False,7,0.0000,0.081478,motorcycle
img_028791.jpg,ppg5h51,wb17232,False,7,0.0000,0.085922,motorcycle
img_028793.jpg,oum1g39,q41723,False,6,0.1429,0.050647,motorcycle
img_028798.jpg,qrf3i26,q192288,False,6,0.1429,0.070034,motorcycle
img_028800.jpg,mta2e89,bia7228,False,5,0.2857,0.049338,motorcycle
img_028801.jpg,ppy6c55,ppy6729,False,3,0.5714,0.171577,motorcycle
img_028803.jpg,qrj1i69,qb5729,False,5,0.2857,0.045566,motorcycle
img_028806.jpg,msk2b04,bst4298,False,6,0.1429,0.418514,motorcycle
img_028808.jpg,qrj6d59,dbs7238,False,7,0.0000,0.070633,motorcycle
img_028810.jpg,qrh5b66,8b12238,False,7,0.0000,0.195554,motorcycle
img_028815.jpg,hjo9c32,wj27292,False,5,0.2857,0.023614,motorcycle
img_028822.jpg,qrb1f69,qrb7288,False,4,0.4286,0.198591,motorcycle
img_028824.jpg,ppb1h72,pp82232,False,4,0.4286,0.189342,motorcycle
img_028829.jpg,qrj5j61,qr91778,False,5,0.2857,0.045549,motorcycle
img_028831.jpg,duz7g68,d667832,False,5,0.2857,0.059003,motorcycle
img_028835.jpg,qre6b81,gbe729,False,6,0.1429,0.303521,motorcycle
img_028836.jpg,ppy6c55,ppy128,False,4,0.4286,0.218780,motorcycle
img_028838.jpg,ocz3e21,bby1238,False,7,0.0000,0.081044,motorcycle
img_028843.jpg,ppr7g88,xdv6788,False,5,0.2857,0.002991,motorcycle
img_028846.jpg,ppa7a55,zas4299,False,7,0.0000,0.086352,motorcycle
img_028847.jpg,qrf1j03,daf7799,False,6,0.1429,0.052242,motorcycle
img_028849.jpg,qrj8h83,qr8379,False,4,0.4286,0.108635,motorcycle
img_028850.jpg,qrj5c38,bc78281,False,7,0.0000,0.015284,motorcycle
img_028854.jpg,mtx1h46,ina2728,False,7,0.0000,0.048013,motorcycle
img_028856.jpg,qrh4e29,qr47299,False,3,0.5714,0.040861,motorcycle
img_028859.jpg,qri7h26,qw2628,False,5,0.2857,0.014485,motorcycle
img_028860.jpg,qrj4h09,qb4929,False,4,0.4286,0.110862,motorcycle
img_028863.jpg,mqr6b71,mor1299,False,5,0.2857,0.102601,motorcycle
img_028868.jpg,mtx7c76,wj47288,False,6,0.1429,0.034408,motorcycle
img_028878.jpg,qrk9g40,qbk7282,False,5,0.2857,0.324703,motorcycle
img_028879.jpg,ppg5h51,zz81298,False,7,0.0000,0.054971,motorcycle
img_028884.jpg,msu3a87,sas7228,False,6,0.1429,0.141123,motorcycle
img_028888.jpg,qrj1i69,qr99288,False,5,0.2857,0.015545,motorcycle
img_028889.jpg,msw0e74,dev439,False,7,0.0000,0.077826,motorcycle
img_028898.jpg,ppf2b19,zbi4788,False,7,0.0000,0.106228,motorcycle
img_028900.jpg,prn1a91,prn1729,False,3,0.5714,0.203500,motorcycle
img_028903.jpg,odg5f18,ofg7232,False,5,0.2857,0.077269,motorcycle
img_028906.jpg,oyf3b05,dvf579,False,6,0.1429,0.156725,motorcycle
img_028915.jpg,ppg5h51,pp51772,False,5,0.2857,0.066211,motorcycle
img_028920.jpg,odi5g99,dby7789,False,6,0.1429,0.039053,motorcycle
img_028928.jpg,mrw2c03,zrv7728,False,6,0.1429,0.100410,motorcycle
img_028931.jpg,pps2d40,wo40428,False,7,0.0000,0.016050,motorcycle
img_028944.jpg,mso8d44,bs24228,False,6,0.1429,0.166846,motorcycle
img_028945.jpg,ppe0a33,ppe7298,False,4,0.4286,0.426511,motorcycle
img_028947.jpg,qrf3d72,qb72792,False,5,0.2857,0.172286,motorcycle
img_028951.jpg,qre1j20,q3e7292,False,5,0.2857,0.039236,motorcycle
img_028952.jpg,qri7e72,qbi7792,False,3,0.5714,0.138184,motorcycle
img_028954.jpg,qrf6h73,gre7292,False,6,0.1429,0.413808,motorcycle
img_028973.jpg,ppu8b27,bpv2284,False,6,0.1429,0.058111,motorcycle
img_028974.jpg,qre0c75,qre7292,False,4,0.4286,0.220931,motorcycle
img_028975.jpg,qrg5g11,grg429,False,5,0.2857,0.267859,motorcycle
img_028991.jpg,qrj4g88,qby8789,False,5,0.2857,0.187790,motorcycle
img_028993.jpg,qrg8f91,qrg1789,False,4,0.4286,0.106548,motorcycle
img_028996.jpg,mtp1e92,eep2729,False,6,0.1429,0.081872,motorcycle
img_028999.jpg,odg5f18,qf17292,False,7,0.0000,0.024962,motorcycle
img_029000.jpg,ppy6c55,ppy3792,False,4,0.4286,0.158749,motorcycle
img_029007.jpg,jko1c51,qc91799,False,6,0.1429,0.038417,motorcycle
img_029010.jpg,mrl5f11,ma17729,False,6,0.1429,0.147100,motorcycle
img_029013.jpg,lmc6f52,ff57232,False,6,0.1429,0.197953,motorcycle
img_029017.jpg,qrh3h92,qbi2789,False,6,0.1429,0.115465,motorcycle
img_029018.jpg,qrk2h32,qrk229,False,3,0.5714,0.550237,motorcycle
img_029025.jpg,mtm8j36,bj34728,False,7,0.0000,0.126949,motorcycle
img_029032.jpg,ppy6c55,ppy5722,False,4,0.4286,0.029585,motorcycle
img_029035.jpg,mtx7c76,w147738,False,6,0.1429,0.109436,motorcycle
img_029040.jpg,ppy6c55,ppy7298,False,4,0.4286,0.152444,motorcycle
img_029044.jpg,ppl1g49,pp17728,False,5,0.2857,0.300981,motorcycle
img_029045.jpg,qrf5a87,qae7729,False,6,0.1429,0.526816,motorcycle
img_029048.jpg,qrb7j37,qbb7292,False,4,0.4286,0.572387,motorcycle
img_029051.jpg,msa2d98,zsa1228,False,4,0.4286,0.086619,motorcycle
img_029054.jpg,odh5h74,qdi1792,False,6,0.1429,0.011403,motorcycle
img_029059.jpg,fyw0e20,dv2628,False,6,0.1429,0.082709,motorcycle
img_029063.jpg,msw0e74,ds7428,False,6,0.1429,0.021414,motorcycle
img_029069.jpg,ppn1i54,wi84248,False,7,0.0000,0.017102,motorcycle
img_029072.jpg,qrg5b79,bba2382,False,7,0.0000,0.190010,motorcycle
img_029075.jpg,odg7j05,tjg5789,False,6,0.1429,0.073269,motorcycle
img_029077.jpg,ppm6b36,pp56729,False,4,0.4286,0.240817,motorcycle
img_029085.jpg,ppe5h61,ppe1228,False,4,0.4286,0.231719,motorcycle
img_029086.jpg,ppj7d86,bo8677,False,7,0.0000,0.139355,motorcycle
img_029088.jpg,qrj4j25,qb13799,False,6,0.1429,0.039427,motorcycle
img_029093.jpg,qrj4h09,zat7288,False,7,0.0000,0.062967,motorcycle
img_029103.jpg,gzv3j93,gzv2729,False,4,0.4286,0.309517,motorcycle
img_029110.jpg,ppy6c55,ppy5728,False,4,0.4286,0.571043,motorcycle
img_029111.jpg,qrk2h46,qr46428,False,5,0.2857,0.014802,motorcycle
img_029112.jpg,qre6b81,qbe729,False,5,0.2857,0.282747,motorcycle
img_029113.jpg,oyd0i44,qy24228,False,6,0.1429,0.106539,motorcycle
img_029119.jpg,qrf9c92,qcf729,False,4,0.4286,0.129780,motorcycle
img_029124.jpg,hjo9c32,w317292,False,6,0.1429,0.068467,motorcycle
img_029127.jpg,ppt5j40,ppy0729,False,5,0.2857,0.209137,motorcycle
img_029128.jpg,qrg4i42,qrg7782,False,3,0.5714,0.233824,motorcycle
img_029131.jpg,mtm5h09,st27728,False,6,0.1429,0.084470,motorcycle
img_029133.jpg,qrk8e50,qrk7282,False,4,0.4286,0.075996,motorcycle
img_029136.jpg,qrg4j82,drg7429,False,5,0.2857,0.006058,motorcycle
img_029138.jpg,oda0e40,db42282,False,7,0.0000,0.160795,motorcycle
img_029143.jpg,odr2i65,qdb7292,False,6,0.1429,0.248164,motorcycle
img_029144.jpg,gkh4c99,gk99229,False,4,0.4286,0.072267,motorcycle
img_029146.jpg,qri2j52,dj5229,False,6,0.1429,0.142716,motorcycle
img_029150.jpg,qrk5j15,qrk529,False,3,0.5714,0.394258,motorcycle
img_029154.jpg,qre5g22,gbe729,False,5,0.2857,0.368964,motorcycle
img_029156.jpg,mrl5f11,fri7788,False,6,0.1429,0.129107,motorcycle
img_029165.jpg,qrj5d28,dby8992,False,7,0.0000,0.020596,motorcycle
img_029169.jpg,qri2h49,qa47789,False,5,0.2857,0.092727,motorcycle
img_029171.jpg,odo7h15,qd93799,False,6,0.1429,0.066392,motorcycle
img_029172.jpg,msy8a54,bas4228,False,7,0.0000,0.407960,motorcycle
img_029174.jpg,odc5d59,sb57288,False,7,0.0000,0.056988,motorcycle
img_029176.jpg,mpi9a64,wag4228,False,7,0.0000,0.125629,motorcycle
img_029177.jpg,mpi9a64,qag4728,False,7,0.0000,0.115054,motorcycle
img_029178.jpg,qrh8b53,qb5729,False,6,0.1429,0.271102,motorcycle
img_029181.jpg,msv3h69,wst7234,False,6,0.1429,0.198249,motorcycle
img_029185.jpg,oyh6d96,qvk2992,False,6,0.1429,0.081742,motorcycle
img_029187.jpg,mrs3j76,br36728,False,5,0.2857,0.058277,motorcycle
img_029198.jpg,odp8g56,obp2798,False,5,0.2857,0.057796,motorcycle
img_029199.jpg,qrk8i20,bix7728,False,6,0.1429,0.034433,motorcycle
img_029209.jpg,ppb4e77,peb7292,False,5,0.2857,0.273946,motorcycle
img_029216.jpg,ppv9c45,ppy572,False,5,0.2857,0.641034,motorcycle
img_029224.jpg,qri2h49,zal7728,False,7,0.0000,0.199638,motorcycle
img_029228.jpg,mtz2i95,biv3723,False,7,0.0000,0.093126,motorcycle
img_029231.jpg,odt6a01,gq11789,False,7,0.0000,0.101664,motorcycle
img_029233.jpg,mst5a03,sao7728,False,7,0.0000,0.069932,motorcycle
img_029236.jpg,qri2h49,za47928,False,7,0.0000,0.061372,motorcycle
img_029238.jpg,mpt7d28,zp9729,False,4,0.4286,0.117586,motorcycle
img_029244.jpg,qri4j59,q34729,False,4,0.4286,0.044743,motorcycle
img_029248.jpg,ppy6c55,ppy7788,False,4,0.4286,0.106454,motorcycle
img_029256.jpg,qrf2i78,qre729,False,5,0.2857,0.355025,motorcycle
img_029263.jpg,pph2b58,bbb228,False,5,0.2857,0.526866,motorcycle
img_029265.jpg,mtb8a07,bat7728,False,7,0.0000,0.177307,motorcycle
img_029268.jpg,odl8c42,8b12792,False,6,0.1429,0.052174,motorcycle
img_029269.jpg,qrf8d05,dbo5732,False,7,0.0000,0.027551,motorcycle
img_029270.jpg,ppy6c55,ppy5282,False,4,0.4286,0.136828,motorcycle
img_029276.jpg,ocw1a61,qc9128,False,5,0.2857,0.199858,motorcycle
img_029279.jpg,qrf5a39,8a12728,False,7,0.0000,0.071728,motorcycle
img_029290.jpg,qrh5b66,bbf2280,False,7,0.0000,0.080308,motorcycle
img_029291.jpg,ppy6c55,ppy728,False,4,0.4286,0.492649,motorcycle
img_029295.jpg,qrj1i96,qu94238,False,6,0.1429,0.049362,motorcycle
img_029302.jpg,qri5b63,8b13729,False,7,0.0000,0.106403,motorcycle
img_029305.jpg,ovi3e42,dv12282,False,5,0.2857,0.267024,motorcycle
img_029306.jpg,ppg0f71,dp81232,False,6,0.1429,0.142137,motorcycle
img_029312.jpg,ppf9d45,pp55799,False,5,0.2857,0.125183,motorcycle
img_029313.jpg,ocy0i57,ocy2238,False,4,0.4286,0.229883,motorcycle
img_029318.jpg,nyx4g84,w64228,False,6,0.1429,0.163000,motorcycle
img_029320.jpg,qrj5b44,bb72282,False,7,0.0000,0.122415,motorcycle
img_029326.jpg,ppk4e09,pp57229,False,4,0.4286,0.077694,motorcycle
img_029328.jpg,qrg0b96,qb9672,False,5,0.2857,0.314078,motorcycle
img_029329.jpg,qri2h49,qa4228,False,5,0.2857,0.177440,motorcycle
img_029334.jpg,mtm0f89,qf87728,False,7,0.0000,0.020834,motorcycle
img_029344.jpg,ppe0a55,apb7288,False,6,0.1429,0.022057,motorcycle
img_029347.jpg,ovf5h30,sk30228,False,7,0.0000,0.031517,motorcycle
img_029348.jpg,mrw9h52,mbb7232,False,5,0.2857,0.072995,motorcycle
img_029349.jpg,msp4b22,wsp7228,False,4,0.4286,0.330196,motorcycle
img_029350.jpg,ppv9c45,ppu5728,False,5,0.2857,0.358960,motorcycle
img_029351.jpg,qrb1g37,qrb7291,False,4,0.4286,0.165268,motorcycle
img_029353.jpg,msw0e74,asy4238,False,6,0.1429,0.100789,motorcycle
img_029354.jpg,ppy6c55,ppy1288,False,4,0.4286,0.096794,motorcycle
img_029366.jpg,odb4a87,qa87291,False,7,0.0000,0.172806,motorcycle
img_029372.jpg,llt9f03,wf327,False,7,0.0000,0.120334,motorcycle
img_029373.jpg,oyk5i74,sv31230,False,7,0.0000,0.061207,motorcycle
img_029376.jpg,mts9a68,zz88228,False,6,0.1429,0.018123,motorcycle
img_029380.jpg,qrg4j82,dbb7292,False,6,0.1429,0.127316,motorcycle
img_029381.jpg,mqk4h98,mok7892,False,4,0.4286,0.160759,motorcycle
img_029387.jpg,qrg4d71,qbe1292,False,6,0.1429,0.093174,motorcycle
img_029388.jpg,msw0e74,ds7238,False,6,0.1429,0.401348,motorcycle
img_029392.jpg,qrk9b28,db5779,False,7,0.0000,0.238312,motorcycle
img_029402.jpg,mtm0f89,mf9229,False,5,0.2857,0.011822,motorcycle
img_029403.jpg,qrk8j99,qbk7292,False,4,0.4286,0.250819,motorcycle
img_029404.jpg,ovk7i14,dv42280,False,6,0.1429,0.034182,motorcycle
img_029411.jpg,oyk9b17,dvk7298,False,6,0.1429,0.460822,motorcycle
img_029412.jpg,qri7b05,dbj379,False,7,0.0000,0.135229,motorcycle
img_029414.jpg,ppo3d92,bpo2291,False,4,0.4286,0.209115,motorcycle
img_029422.jpg,qrh8g78,8b98789,False,5,0.2857,0.025369,motorcycle
img_029423.jpg,odg8b88,8b87838,False,5,0.2857,0.101639,motorcycle
img_029425.jpg,ppm0g72,db72788,False,7,0.0000,0.285892,motorcycle
img_029427.jpg,mtz2i95,wix7723,False,7,0.0000,0.151886,motorcycle
img_029440.jpg,qrf2a37,za87728,False,7,0.0000,0.069017,motorcycle
img_029448.jpg,qrj6f21,gf21880,False,7,0.0000,0.090118,motorcycle
img_029453.jpg,ppn1i54,pp54228,False,5,0.2857,0.095831,motorcycle
img_029454.jpg,msv4d70,wst298,False,6,0.1429,0.312564,motorcycle
img_029455.jpg,ppk4i79,ppx7232,False,5,0.2857,0.129843,motorcycle
img_029456.jpg,ppo9c66,p988728,False,6,0.1429,0.085152,motorcycle
img_029458.jpg,qrk2h37,qrk772,False,4,0.4286,0.459661,motorcycle
img_029459.jpg,odp0h11,dbp1298,False,6,0.1429,0.118549,motorcycle
img_029478.jpg,ntp9j19,njp4838,False,5,0.2857,0.160213,motorcycle
img_029485.jpg,mtw7c75,wt95792,False,6,0.1429,0.022998,motorcycle
img_029488.jpg,ppn9j76,pp16728,False,5,0.2857,0.461962,motorcycle
img_029506.jpg,ppr8e85,bp85292,False,6,0.1429,0.143160,motorcycle
img_029511.jpg,mtw8i15,8115728,False,7,0.0000,0.220895,motorcycle
img_029513.jpg,qrf2i78,qre8238,False,4,0.4286,0.555861,motorcycle
img_029516.jpg,qrk2h37,qrk729,False,4,0.4286,0.390134,motorcycle
img_029526.jpg,qrf1j03,qj1729,False,5,0.2857,0.095114,motorcycle
img_029538.jpg,ovi4d13,qv17782,False,6,0.1429,0.304312,motorcycle
img_029546.jpg,msw0e74,aev4288,False,7,0.0000,0.121621,motorcycle
img_029547.jpg,qrj8d79,qby979,False,4,0.4286,0.129654,motorcycle
img_029549.jpg,ovh4c13,dv17232,False,6,0.1429,0.150988,motorcycle
img_029552.jpg,qrk2h46,zbl2728,False,6,0.1429,0.283476,motorcycle
img_029553.jpg,opu1e74,qp72238,False,6,0.1429,0.329006,motorcycle
img_029555.jpg,mtd8a61,bna2384,False,7,0.0000,0.317722,motorcycle
img_029557.jpg,qrh4a09,dxp4291,False,6,0.1429,0.038850,motorcycle
img_029562.jpg,ovi2h93,zv37282,False,6,0.1429,0.035326,motorcycle
img_029563.jpg,oda0e40,dda7232,False,5,0.2857,0.039297,motorcycle
img_029564.jpg,ppu9a13,pp53729,False,5,0.2857,0.154453,motorcycle
img_029567.jpg,qrh8g78,qby279,False,5,0.2857,0.130390,motorcycle
img_029574.jpg,mtd8a61,bag1729,False,7,0.0000,0.090314,motorcycle
img_029581.jpg,msw0e74,bbv2238,False,7,0.0000,0.324516,motorcycle
img_029583.jpg,qrc7g00,wg5739,False,6,0.1429,0.043916,motorcycle
img_029588.jpg,qri2h49,qr49932,False,5,0.2857,0.054088,motorcycle
img_029591.jpg,qrj6g02,qb1779,False,6,0.1429,0.093067,motorcycle
img_029592.jpg,odg8b88,qb67892,False,7,0.0000,0.179797,motorcycle
img_029593.jpg,oyd1d89,qvb7234,False,7,0.0000,0.366789,motorcycle
img_029597.jpg,ppe5h61,ppe129,False,4,0.4286,0.264362,motorcycle
img_029601.jpg,mtv4h20,whz279,False,7,0.0000,0.127066,motorcycle
img_029604.jpg,oyg3c30,qv50288,False,7,0.0000,0.097946,motorcycle
img_029607.jpg,qrl6e98,gbv2280,False,7,0.0000,0.106506,motorcycle
img_029613.jpg,hgu4b06,wg92782,False,6,0.1429,0.031041,motorcycle
img_029614.jpg,ppi6d68,gp17792,False,6,0.1429,0.198656,motorcycle
img_029620.jpg,rba6b29,bba728,False,4,0.4286,0.179305,motorcycle
img_029624.jpg,qrh8d56,qb58728,False,5,0.2857,0.036358,motorcycle
img_029626.jpg,qrh5b63,dbb789,False,7,0.0000,0.342068,motorcycle
img_029629.jpg,qrh8g78,bbj2280,False,7,0.0000,0.032958,motorcycle
img_029633.jpg,msw2i03,wib7728,False,7,0.0000,0.210465,motorcycle
img_029636.jpg,qrh9b34,8bb228,False,7,0.0000,0.181036,motorcycle
img_029637.jpg,qrk2h37,qrk7722,False,4,0.4286,0.145490,motorcycle
img_029640.jpg,qri5i04,qri7738,False,4,0.4286,0.036558,motorcycle
img_029642.jpg,qrk1j59,qbk728,False,5,0.2857,0.087579,motorcycle
img_029643.jpg,qrh4b72,qb42799,False,5,0.2857,0.135139,motorcycle
img_029647.jpg,jso4d70,ws72284,False,6,0.1429,0.080428,motorcycle
img_029659.jpg,qrh2d22,qbi7288,False,6,0.1429,0.125779,motorcycle
img_029660.jpg,ocz2c56,2c5828,False,6,0.1429,0.141523,motorcycle
img_029661.jpg,qre0c75,qre329,False,4,0.4286,0.398009,motorcycle
img_029663.jpg,qrh2d22,drh2289,False,4,0.4286,0.069963,motorcycle
img_029665.jpg,qre3g47,qre742,False,3,0.5714,0.310734,motorcycle
img_029669.jpg,ppm6b36,pb12738,False,5,0.2857,0.044204,motorcycle
img_029671.jpg,mtw7c75,wj9788,False,6,0.1429,0.050280,motorcycle
img_029673.jpg,odr2i65,dib5728,False,7,0.0000,0.034823,motorcycle
img_029675.jpg,qrg1e42,w17232,False,6,0.1429,0.030724,motorcycle
img_029676.jpg,qrg2j03,djg7728,False,6,0.1429,0.080541,motorcycle
img_029677.jpg,odr2i65,do57292,False,6,0.1429,0.139998,motorcycle
img_029678.jpg,qrg2j03,d3g2488,False,5,0.2857,0.013025,motorcycle
img_029679.jpg,odg5f18,sc67292,False,7,0.0000,0.046870,motorcycle
img_029688.jpg,qrd0c17,qci7238,False,6,0.1429,0.061761,motorcycle
img_029689.jpg,ovi2h93,z593782,False,7,0.0000,0.014181,motorcycle
img_029694.jpg,qri7h40,qbi2280,False,4,0.4286,0.155190,motorcycle
img_029699.jpg,mrf9j59,dv42232,False,7,0.0000,0.091028,motorcycle
img_029702.jpg,ppp0c22,dp22480,False,6,0.1429,0.252925,motorcycle
img_029705.jpg,qrg5g11,sq11728,False,7,0.0000,0.142174,motorcycle
img_029708.jpg,qre0h80,qbe7232,False,5,0.2857,0.130825,motorcycle
img_029709.jpg,qrg5g11,sq19728,False,7,0.0000,0.028020,motorcycle
img_029710.jpg,inm7c44,ci12384,False,6,0.1429,0.060610,motorcycle
img_029711.jpg,ppn6c13,cp92384,False,6,0.1429,0.076075,motorcycle
img_029718.jpg,qri1g92,gr12284,False,6,0.1429,0.277866,motorcycle
img_029721.jpg,ovj0h50,gw52384,False,7,0.0000,0.207958,motorcycle
img_029723.jpg,qri6c82,sc72384,False,6,0.1429,0.058590,motorcycle
img_029728.jpg,pph5b07,spp2234,False,6,0.1429,0.186009,motorcycle
img_029731.jpg,qrh3d03,sor2238,False,7,0.0000,0.236003,motorcycle
img_029732.jpg,ppb2a47,pb1384,False,5,0.2857,0.504323,motorcycle
img_029733.jpg,odc4h91,49c2234,False,6,0.1429,0.031066,motorcycle
img_029738.jpg,qrb3a73,qr8748,False,5,0.2857,0.044928,motorcycle
img_029741.jpg,lry7g97,wt7234,False,6,0.1429,0.014340,motorcycle
img_029742.jpg,msa8f37,8f72384,False,7,0.0000,0.124461,motorcycle
img_029744.jpg,qre0h80,dw12280,False,5,0.2857,0.015626,motorcycle
img_029745.jpg,qrh2c14,qxi7238,False,6,0.1429,0.069401,motorcycle
img_029746.jpg,oyg7f39,4ts2234,False,6,0.1429,0.006530,motorcycle
img_029751.jpg,oyi8e42,ddv2238,False,7,0.0000,0.110292,motorcycle
img_029753.jpg,qrg3f30,dp42384,False,7,0.0000,0.004793,motorcycle
img_029755.jpg,msv7i05,ws7238,False,5,0.2857,0.184259,motorcycle
img_029756.jpg,msr9b97,fsp2384,False,6,0.1429,0.298512,motorcycle
img_029757.jpg,lry7g97,tp7234,False,6,0.1429,0.143817,motorcycle
img_029758.jpg,oyk0j72,dvz2384,False,7,0.0000,0.221171,motorcycle
img_029760.jpg,oyg7f39,4992480,False,7,0.0000,0.050883,motorcycle
img_029761.jpg,qrk1d63,ibb7284,False,7,0.0000,0.167845,motorcycle
img_029762.jpg,qri6c82,ca12384,False,6,0.1429,0.092975,motorcycle
img_029763.jpg,mrz9a40,ax7258,False,7,0.0000,0.061732,motorcycle
img_029770.jpg,qod5a08,aq87238,False,6,0.1429,0.087163,motorcycle
img_029771.jpg,ppm1b13,pp92480,False,5,0.2857,0.084517,motorcycle
img_029773.jpg,ppw7j99,zp42438,False,6,0.1429,0.055699,motorcycle
img_029774.jpg,qrk2h37,qrk729,False,4,0.4286,0.579493,motorcycle
img_029775.jpg,qrh8b53,qow728,False,6,0.1429,0.034429,motorcycle
img_029776.jpg,oyd5h74,sov2248,False,7,0.0000,0.103688,motorcycle
img_029778.jpg,oyk0j72,dok2384,False,6,0.1429,0.075339,motorcycle
img_029779.jpg,ppi3e57,bpi2538,False,5,0.2857,0.022997,motorcycle
img_029780.jpg,mrz9a40,frz2384,False,5,0.2857,0.043064,motorcycle
img_029781.jpg,qrk1d63,kt7384,False,7,0.0000,0.034404,motorcycle
img_029789.jpg,krm7e95,ex42384,False,7,0.0000,0.021108,motorcycle
img_029790.jpg,odg8b88,8068723,False,6,0.1429,0.016067,motorcycle
img_029791.jpg,ppu0b42,fpz238,False,6,0.1429,0.026076,motorcycle
img_029792.jpg,ppu6c58,wi24384,False,7,0.0000,0.296243,motorcycle
img_029793.jpg,qrb3a73,qre2284,False,5,0.2857,0.060022,motorcycle
img_029794.jpg,qrf4b12,gbf2284,False,6,0.1429,0.220399,motorcycle
img_029796.jpg,oyk0j72,dov2284,False,7,0.0000,0.127328,motorcycle
img_029797.jpg,qrg2c72,dc92438,False,6,0.1429,0.098719,motorcycle
img_029798.jpg,qre0h80,qui2238,False,6,0.1429,0.012010,motorcycle
img_029800.jpg,mrz9a40,ftx2384,False,7,0.0000,0.134641,motorcycle
img_029802.jpg,qrk3g62,qbx2384,False,6,0.1429,0.268799,motorcycle
img_029803.jpg,qri6g68,e812384,False,7,0.0000,0.024845,motorcycle
img_029804.jpg,ppi3e57,be77238,False,7,0.0000,0.212643,motorcycle
img_029805.jpg,qrk1d63,itw284,False,7,0.0000,0.058294,motorcycle
img_029807.jpg,ppj1f18,fbi2430,False,7,0.0000,0.135313,motorcycle
img_029808.jpg,qrk3i24,8142384,False,6,0.1429,0.046622,motorcycle
img_029810.jpg,qrd0c17,dcd2238,False,6,0.1429,0.424047,motorcycle
img_029811.jpg,qrj4j25,dbj238,False,6,0.1429,0.191570,motorcycle
img_029813.jpg,mta0b22,bxa2384,False,6,0.1429,0.369416,motorcycle
img_029814.jpg,oyg7i91,qo92480,False,7,0.0000,0.014166,motorcycle
img_029815.jpg,qri2d95,dr15280,False,6,0.1429,0.011231,motorcycle
img_029816.jpg,odg8b88,qb82288,False,5,0.2857,0.079716,motorcycle
img_029818.jpg,qrg5f71,stz2234,False,7,0.0000,0.100831,motorcycle
img_029820.jpg,ppu6c58,pp12238,False,4,0.4286,0.150028,motorcycle
img_029821.jpg,odf2h64,zx42384,False,5,0.2857,0.105123,motorcycle
img_029824.jpg,ppy6c26,fpy2234,False,5,0.2857,0.162431,motorcycle
img_029825.jpg,ppn7d89,pp12280,False,4,0.4286,0.076235,motorcycle
img_029826.jpg,ppw7j99,vp94384,False,6,0.1429,0.007353,motorcycle
img_029827.jpg,msr9b97,bsp2384,False,6,0.1429,0.603806,motorcycle
img_029829.jpg,lry7g97,tw7238,False,6,0.1429,0.052907,motorcycle
img_029831.jpg,qrh2j12,quz2484,False,5,0.2857,0.034415,motorcycle
img_029832.jpg,ppr2d29,zp27238,False,5,0.2857,0.075907,motorcycle
img_029835.jpg,ppp5e34,ppp729,False,4,0.4286,0.133348,motorcycle
img_029836.jpg,qod5a08,aq27234,False,7,0.0000,0.038758,motorcycle
img_029837.jpg,qrg4j82,d367792,False,6,0.1429,0.084483,motorcycle
img_029843.jpg,ppj1f18,pp82480,False,5,0.2857,0.050102,motorcycle
img_029844.jpg,mtb6g74,gx2234,False,6,0.1429,0.022831,motorcycle
img_029853.jpg,qri6g68,baz3238,False,6,0.1429,0.359383,motorcycle
img_029854.jpg,qrd0c17,dcd2238,False,6,0.1429,0.129647,motorcycle
img_029855.jpg,krm7e95,z912484,False,7,0.0000,0.028556,motorcycle
img_029866.jpg,ppq1j94,ppq2384,False,3,0.5714,0.222883,motorcycle
img_029867.jpg,ppq1j94,zp92238,False,6,0.1429,0.137175,motorcycle
img_029868.jpg,ppq1j94,ppq2384,False,3,0.5714,0.297939,motorcycle
img_029874.jpg,fgx5b14,segx291,False,5,0.2857,0.105037,motorcycle
img_029876.jpg,qrh3i68,qbb7280,False,6,0.1429,0.055386,motorcycle
img_029878.jpg,qrj8d77,wa3384,False,7,0.0000,0.210598,motorcycle
img_029879.jpg,oyj0d42,gw2238,False,7,0.0000,0.082311,motorcycle
img_029884.jpg,odj1a82,wou2384,False,6,0.1429,0.041810,motorcycle
img_029885.jpg,ppj7d82,zi24384,False,6,0.1429,0.051460,motorcycle
img_029893.jpg,ppn1b25,bbu2384,False,7,0.0000,0.311722,motorcycle
img_029894.jpg,ocv8d29,sox9228,False,6,0.1429,0.112752,motorcycle
img_029896.jpg,qrb3a73,qr87480,False,5,0.2857,0.087367,motorcycle
img_029897.jpg,qrf4b12,8be2234,False,7,0.0000,0.018531,motorcycle
img_029898.jpg,ppt2j19,ppt2484,False,3,0.5714,0.170568,motorcycle
img_029899.jpg,mqm8d57,ft72384,False,7,0.0000,0.013732,motorcycle
img_029900.jpg,ppy6c26,ppy2982,False,4,0.4286,0.284994,motorcycle
img_029901.jpg,ppn1a71,pp12238,False,5,0.2857,0.352311,motorcycle
img_029902.jpg,oyg7f39,4x7238,False,5,0.2857,0.036953,motorcycle
img_029903.jpg,qri6c82,ccr7238,False,6,0.1429,0.069731,motorcycle
img_029904.jpg,mth4g39,wb72284,False,7,0.0000,0.022503,motorcycle
img_029906.jpg,lll4c56,w57238,False,7,0.0000,0.058564,motorcycle
img_029907.jpg,lll4c56,wb1234,False,7,0.0000,0.017888,motorcycle
img_029908.jpg,mrz9a40,fbx238,False,7,0.0000,0.208446,motorcycle
img_029909.jpg,qri7d06,don7280,False,6,0.1429,0.041393,motorcycle
img_029910.jpg,qrg5g11,sc17238,False,7,0.0000,0.081037,motorcycle
img_029912.jpg,oyg0a69,qvv2238,False,7,0.0000,0.026507,motorcycle
img_029918.jpg,qrd0c17,dw2238,False,7,0.0000,0.041370,motorcycle
img_029919.jpg,krm7e95,abs2384,False,7,0.0000,0.167957,motorcycle
img_029920.jpg,odg8b88,gq42384,False,6,0.1429,0.030808,motorcycle
img_029921.jpg,mte6d68,wb1234,False,7,0.0000,0.041119,motorcycle
img_029922.jpg,ppp2d40,zpp2238,False,4,0.4286,0.105117,motorcycle
img_029923.jpg,ovk2c60,qu47238,False,7,0.0000,0.014053,motorcycle
img_029927.jpg,ppy6c26,ppy2384,False,4,0.4286,0.197145,motorcycle
img_029929.jpg,odc4h91,zo42728,False,7,0.0000,0.006366,motorcycle
img_029930.jpg,mrz9a40,arz2384,False,5,0.2857,0.064859,motorcycle
img_029931.jpg,qrk1f26,wr42434,False,6,0.1429,0.030034,motorcycle
img_029935.jpg,oyg0a69,dvv6238,False,7,0.0000,0.018060,motorcycle
img_029936.jpg,oda5c01,sca2238,False,6,0.1429,0.811796,motorcycle
img_029937.jpg,qrg7f09,yo22384,False,7,0.0000,0.147504,motorcycle
img_029942.jpg,qri8i41,bil7238,False,7,0.0000,0.493870,motorcycle
img_029944.jpg,qri7d06,qo41258,False,6,0.1429,0.029009,motorcycle
img_029945.jpg,qrf4b12,qxf2484,False,5,0.2857,0.043297,motorcycle
img_029948.jpg,ppw7j99,pp92384,False,5,0.2857,0.242413,motorcycle
img_029949.jpg,qrg3f30,fbo2330,False,5,0.2857,0.016385,motorcycle
img_029950.jpg,ppy6c26,ppy2480,False,4,0.4286,0.206248,motorcycle
img_029951.jpg,msa8f37,ffa2484,False,6,0.1429,0.317854,motorcycle
img_029952.jpg,oyg7i91,qo42384,False,7,0.0000,0.120077,motorcycle
img_029953.jpg,msr9b97,bsp2380,False,6,0.1429,0.210377,motorcycle
img_029955.jpg,ppt2j19,zpt2484,False,4,0.4286,0.193191,motorcycle
img_029956.jpg,lry7g97,tby238,False,6,0.1429,0.188470,motorcycle
img_029958.jpg,qri6i06,qqu1238,False,6,0.1429,0.031768,motorcycle
img_029959.jpg,oyk0j72,dv22384,False,7,0.0000,0.190053,motorcycle
img_029960.jpg,qrh3i68,dbb7234,False,7,0.0000,0.155642,motorcycle
img_029961.jpg,ppi3e57,sp17292,False,6,0.1429,0.066497,motorcycle
img_029963.jpg,mpp2g74,zpp7538,False,5,0.2857,0.054709,motorcycle
img_029965.jpg,qrj5e58,sb11438,False,6,0.1429,0.032456,motorcycle
img_029969.jpg,pph5b07,ppz2280,False,5,0.2857,0.112597,motorcycle
img_029972.jpg,msl7j36,ws6249,False,6,0.1429,0.232779,motorcycle
img_029973.jpg,odf2h64,dxf2384,False,4,0.4286,0.028838,motorcycle
img_029974.jpg,ppy6c26,ppy2482,False,4,0.4286,0.106394,motorcycle
img_029975.jpg,ppt2j19,ppt2484,False,3,0.5714,0.155110,motorcycle
img_029976.jpg,qri1d18,dbi1238,False,4,0.4286,0.052178,motorcycle
img_029977.jpg,ppe6h42,gpe2438,False,5,0.2857,0.378256,motorcycle
img_029978.jpg,oyk0j72,dok2384,False,6,0.1429,0.081572,motorcycle
img_029979.jpg,qri6i06,gin7238,False,7,0.0000,0.027723,motorcycle
img_029980.jpg,msu4g54,gs42232,False,6,0.1429,0.104111,motorcycle
img_029983.jpg,oyg7f39,4x92538,False,6,0.1429,0.027478,motorcycle
img_029988.jpg,oyk9b17,qvi7728,False,7,0.0000,0.297057,motorcycle
img_029989.jpg,odo7h15,qbo5728,False,6,0.1429,0.027613,motorcycle
img_029990.jpg,qod5a08,wor2238,False,5,0.2857,0.088204,motorcycle
img_029992.jpg,qip2b63,bb12484,False,6,0.1429,0.126162,motorcycle
img_029993.jpg,qrd0c17,dcd2238,False,6,0.1429,0.228418,motorcycle
img_029994.jpg,krm7e95,wo12384,False,7,0.0000,0.149219,motorcycle
img_029995.jpg,qrj4j25,dx12384,False,7,0.0000,0.066579,motorcycle
img_029996.jpg,msl7j36,wst2384,False,6,0.1429,0.446688,motorcycle
img_029997.jpg,odg8b88,qb6729,False,7,0.0000,0.170644,motorcycle
img_029998.jpg,ppw7j99,ppy2384,False,5,0.2857,0.152994,motorcycle
img_030000.jpg,ppn7d89,pbn728,False,3,0.5714,0.177167,motorcycle
img_030001.jpg,ppt2j19,ppy2480,False,4,0.4286,0.113947,motorcycle
img_030003.jpg,pxu7h47,wn3234,False,6,0.1429,0.028395,motorcycle
img_030008.jpg,oyd8e20,qux2384,False,7,0.0000,0.154305,motorcycle
img_030009.jpg,qri6i06,qq12434,False,6,0.1429,0.169155,motorcycle
img_030012.jpg,qri7b05,8817238,False,6,0.1429,0.149343,motorcycle
img_030013.jpg,mpp2g74,dgp1284,False,5,0.2857,0.015400,motorcycle
img_030015.jpg,pjz8d82,ppz2384,False,4,0.4286,0.017980,motorcycle
img_030020.jpg,qnk8h24,bbx7238,False,7,0.0000,0.172496,motorcycle
img_030021.jpg,oyg0a69,av72480,False,7,0.0000,0.061452,motorcycle
img_030022.jpg,qrj2c93,xb92484,False,6,0.1429,0.043339,motorcycle
img_030023.jpg,qrj2c93,zc91484,False,7,0.0000,0.027317,motorcycle
img_030024.jpg,qrj2c93,zc91484,False,7,0.0000,0.016502,motorcycle
img_030025.jpg,qrj2c93,zc9128,False,7,0.0000,0.114444,motorcycle
img_030026.jpg,qrj2c93,xc91480,False,7,0.0000,0.078326,motorcycle
img_030027.jpg,ppm7c49,wp2438,False,6,0.1429,0.100579,motorcycle
img_030028.jpg,ppt2j19,ppy2480,False,4,0.4286,0.027390,motorcycle
img_030029.jpg,lqy7h23,ha22384,False,7,0.0000,0.060449,motorcycle
img_030030.jpg,lqy7h23,bi12384,False,7,0.0000,0.070702,motorcycle
img_030033.jpg,qrg7g51,grg2384,False,5,0.2857,0.210077,motorcycle
img_030034.jpg,qrh0g84,gbu2384,False,5,0.2857,0.100467,motorcycle
img_030037.jpg,krm7e95,evi2538,False,7,0.0000,0.052278,motorcycle
img_030041.jpg,ovi2f50,dov1228,False,5,0.2857,0.034224,motorcycle
img_030047.jpg,qrf4b12,qre2484,False,5,0.2857,0.249198,motorcycle
img_030049.jpg,oyk0j72,dow2384,False,7,0.0000,0.075639,motorcycle
img_030056.jpg,qrg0j89,db67232,False,7,0.0000,0.109964,motorcycle
img_030057.jpg,ppg6h84,ppg7238,False,4,0.4286,0.344857,motorcycle
img_030059.jpg,lmc6f52,ftc2334,False,6,0.1429,0.106559,motorcycle
img_030060.jpg,ppb2a47,pb72384,False,5,0.2857,0.245577,motorcycle
img_030064.jpg,mrx4b05,bb42384,False,7,0.0000,0.058917,motorcycle
img_030066.jpg,evl6g60,6512384,False,7,0.0000,0.143442,motorcycle
img_030067.jpg,evl6g60,6812584,False,7,0.0000,0.014601,motorcycle
img_030071.jpg,qre7j97,bin2584,False,7,0.0000,0.055395,motorcycle
img_030076.jpg,qrc1h58,wst2438,False,6,0.1429,0.162127,motorcycle
img_030078.jpg,lrz6j19,uj2438,False,7,0.0000,0.066789,motorcycle
img_030082.jpg,qrj6j27,gb12384,False,7,0.0000,0.071277,motorcycle
img_030085.jpg,qrf0g88,q861238,False,5,0.2857,0.042910,motorcycle
img_030087.jpg,qrh3i68,stp2234,False,7,0.0000,0.312305,motorcycle
img_030088.jpg,oyg7f39,zv92438,False,6,0.1429,0.055702,motorcycle
img_030089.jpg,qrj6d99,cdv2238,False,7,0.0000,0.071521,motorcycle
img_030090.jpg,qrk1d63,wt72284,False,7,0.0000,0.015738,motorcycle
img_030092.jpg,ppi3e57,sp17284,False,6,0.1429,0.024373,motorcycle
img_030093.jpg,pps2f00,zps248,False,4,0.4286,0.196478,motorcycle
img_030094.jpg,mpp2g74,zpp158,False,5,0.2857,0.063357,motorcycle
img_030096.jpg,qrj5e58,six,False,7,0.0000,0.044749,motorcycle
img_030098.jpg,qrf8d05,kiz2384,False,7,0.0000,0.139471,motorcycle
img_030099.jpg,qrk3g62,stx2234,False,7,0.0000,0.160519,motorcycle
img_030101.jpg,oyg0a69,ax72384,False,7,0.0000,0.165530,motorcycle
img_030103.jpg,qrd0c17,dcd2438,False,6,0.1429,0.098321,motorcycle
img_030105.jpg,odp7e69,eqp2480,False,6,0.1429,0.065032,motorcycle
img_030107.jpg,qri7b05,8857238,False,6,0.1429,0.069458,motorcycle
img_030108.jpg,krm7e95,exi2534,False,7,0.0000,0.016742,motorcycle
img_030109.jpg,qrg5g11,gq42234,False,7,0.0000,0.059778,motorcycle
img_030114.jpg,msv8g97,bbs2238,False,7,0.0000,0.374548,motorcycle
img_030116.jpg,odf2h64,dw42384,False,5,0.2857,0.082930,motorcycle
img_030121.jpg,qrg3f30,dw02484,False,7,0.0000,0.003921,motorcycle
img_030122.jpg,qrf4b12,qbf248,False,5,0.2857,0.378543,motorcycle
img_030123.jpg,oyg7i91,qu42284,False,7,0.0000,0.024041,motorcycle
img_030124.jpg,msn4g28,827238,False,6,0.1429,0.012877,motorcycle
img_030127.jpg,lry7g97,tv2284,False,7,0.0000,0.172077,motorcycle
img_030129.jpg,oyg7f39,ux72584,False,7,0.0000,0.028688,motorcycle
img_030132.jpg,odc4h91,woc2228,False,6,0.1429,0.019181,motorcycle
img_030136.jpg,krm7e95,wi42484,False,7,0.0000,0.034444,motorcycle
img_030142.jpg,mta0b22,bba2232,False,5,0.2857,0.150424,motorcycle
img_030143.jpg,msa8f37,faa2384,False,6,0.1429,0.289552,motorcycle
img_030145.jpg,qrf4b12,qbf748,False,5,0.2857,0.152683,motorcycle
img_030146.jpg,qrf0g88,gbf2284,False,5,0.2857,0.033261,motorcycle
img_030147.jpg,oyk0j72,dov2384,False,7,0.0000,0.192356,motorcycle
img_030148.jpg,qrj7b45,8847248,False,5,0.2857,0.019320,motorcycle
img_030150.jpg,qrf8d05,sd15243,False,7,0.0000,0.018441,motorcycle
img_030151.jpg,mpp2g74,zgp4758,False,6,0.1429,0.265300,motorcycle
img_030152.jpg,ppi3e57,pp17238,False,5,0.2857,0.128621,motorcycle
img_030153.jpg,qri8i41,gqu2438,False,7,0.0000,0.070716,motorcycle
img_030155.jpg,qre5c34,scz2284,False,6,0.1429,0.256936,motorcycle
img_030158.jpg,qnk8h24,8w7228,False,6,0.1429,0.079208,motorcycle
img_030159.jpg,ocv8d29,8dx9223,False,6,0.1429,0.048090,motorcycle
img_030160.jpg,qrj3d82,gou2238,False,7,0.0000,0.263569,motorcycle
img_030162.jpg,ppf6g42,pp22384,False,5,0.2857,0.181461,motorcycle
img_030163.jpg,qrd0c17,dcp1223,False,7,0.0000,0.011802,motorcycle
img_030165.jpg,krm7e95,wo12984,False,7,0.0000,0.009575,motorcycle
img_030166.jpg,qrg5g11,gq47238,False,7,0.0000,0.170913,motorcycle
img_030169.jpg,odg8b88,qo62238,False,6,0.1429,0.017899,motorcycle
img_030170.jpg,ppq7j11,ppq2384,False,4,0.4286,0.112175,motorcycle
img_030171.jpg,odf2h64,wa2234,False,5,0.2857,0.111514,motorcycle
img_030172.jpg,ppg6h84,wp82238,False,6,0.1429,0.106690,motorcycle
img_030173.jpg,odc7e88,zb47280,False,5,0.2857,0.051368,motorcycle
img_030174.jpg,ppt2j19,zpy2480,False,5,0.2857,0.129728,motorcycle
img_030175.jpg,ocx8b18,8819223,False,7,0.0000,0.142824,motorcycle
img_030178.jpg,msr9b97,bsk2380,False,6,0.1429,0.148169,motorcycle
img_030179.jpg,oyk0j72,dov2384,False,7,0.0000,0.086750,motorcycle
img_030180.jpg,ppe6h42,gp92438,False,6,0.1429,0.164134,motorcycle
img_030181.jpg,ppp2d40,ppp2480,False,2,0.7143,0.221115,motorcycle
img_030182.jpg,ppi3e57,ppx2280,False,5,0.2857,0.034274,motorcycle
img_030184.jpg,qrk0i56,wow728,False,7,0.0000,0.149514,motorcycle
img_030188.jpg,qrk3g62,gg2728,False,7,0.0000,0.073439,motorcycle
img_030191.jpg,qnk8h24,8w42384,False,6,0.1429,0.095022,motorcycle
img_030194.jpg,ppm5a98,siz2288,False,6,0.1429,0.017794,motorcycle
img_030196.jpg,ppb2a47,pb7384,False,5,0.2857,0.522484,motorcycle
img_030198.jpg,qrd0c17,dcd2238,False,6,0.1429,0.167705,motorcycle
img_030200.jpg,krm7e95,wou2484,False,7,0.0000,0.016312,motorcycle
img_030201.jpg,jko1c51,wsq2584,False,7,0.0000,0.046217,motorcycle
img_030205.jpg,msl7j36,ws12480,False,6,0.1429,0.142451,motorcycle
img_030207.jpg,qrb3a73,qra2238,False,5,0.2857,0.059704,motorcycle
img_030209.jpg,ppn7d89,ppn7480,False,2,0.7143,0.082568,motorcycle
img_030210.jpg,oyd5h74,sw72234,False,6,0.1429,0.231619,motorcycle
img_030211.jpg,msn4g28,wx82280,False,6,0.1429,0.019060,motorcycle
img_030213.jpg,qrf4b12,bbl2384,False,7,0.0000,0.211813,motorcycle
img_030214.jpg,qrf0g88,dbf7480,False,5,0.2857,0.256597,motorcycle
img_030215.jpg,qrj5c38,cb12480,False,7,0.0000,0.285650,motorcycle
img_030216.jpg,msr9b97,wsp2384,False,6,0.1429,0.274424,motorcycle
img_030217.jpg,ppn1a71,pp12482,False,5,0.2857,0.096971,motorcycle
img_030218.jpg,oyk0j72,dov2234,False,7,0.0000,0.260836,motorcycle
img_030219.jpg,ppw6c70,ppt7238,False,5,0.2857,0.221112,motorcycle
img_030220.jpg,ppe6h42,gpe2438,False,5,0.2857,0.041262,motorcycle
img_030221.jpg,qri6h84,gw12284,False,5,0.2857,0.129135,motorcycle
img_030222.jpg,lmu8e22,be17234,False,7,0.0000,0.030489,motorcycle
img_030226.jpg,qnk8h24,8172230,False,7,0.0000,0.044378,motorcycle
img_030228.jpg,ocv8d29,8dz9248,False,7,0.0000,0.045517,motorcycle
img_030229.jpg,ppp2d40,ppp2480,False,2,0.7143,0.269572,motorcycle
img_030230.jpg,mrt6g63,gr72384,False,6,0.1429,0.304736,motorcycle
img_030231.jpg,odg8b88,8odg728,False,4,0.4286,0.143505,motorcycle
img_030239.jpg,msv7i05,ws42384,False,6,0.1429,0.165626,motorcycle
img_030243.jpg,qrj7b45,8w12280,False,7,0.0000,0.063649,motorcycle
img_030245.jpg,qrg5e53,sesp248,False,7,0.0000,0.016925,motorcycle
img_030246.jpg,mrr2c85,z857234,False,7,0.0000,0.093060,motorcycle
img_030248.jpg,msz6j86,ws72384,False,5,0.2857,0.119703,motorcycle
img_030250.jpg,qrj8d77,qdi7338,False,6,0.1429,0.016218,motorcycle
img_030251.jpg,odq4j10,bbl4384,False,6,0.1429,0.075595,motorcycle
img_030255.jpg,ovl5g55,st42238,False,7,0.0000,0.064159,motorcycle
img_030258.jpg,mqj5b04,st72284,False,6,0.1429,0.081680,motorcycle
img_030264.jpg,ppp8h46,spp5428,False,5,0.2857,0.067728,motorcycle
img_030265.jpg,qrf3j27,que2238,False,6,0.1429,0.012756,motorcycle
img_030268.jpg,mrf3f99,sff2484,False,6,0.1429,0.176074,motorcycle
img_030269.jpg,ove8b94,qov2238,False,6,0.1429,0.247846,motorcycle
img_030270.jpg,qri4f41,qu72384,False,6,0.1429,0.008445,motorcycle
img_030274.jpg,mrt7c71,wi22384,False,7,0.0000,0.237668,motorcycle
img_030278.jpg,qrj6j27,gs12384,False,7,0.0000,0.077665,motorcycle
img_030283.jpg,oyd5h74,dv41238,False,7,0.0000,0.023243,motorcycle
img_030285.jpg,qrk2i01,qok2484,False,4,0.4286,0.232427,motorcycle
img_030286.jpg,mta0b22,bbx2384,False,7,0.0000,0.248574,motorcycle
img_030291.jpg,ppn6c13,cp82484,False,6,0.1429,0.045261,motorcycle
img_030292.jpg,ppn6c13,fwx384,False,7,0.0000,0.066847,motorcycle
img_030295.jpg,qrg5i84,stz2238,False,7,0.0000,0.049209,motorcycle
img_030296.jpg,odh6e52,q922484,False,7,0.0000,0.017141,motorcycle
img_030297.jpg,mqt5h23,sw22384,False,7,0.0000,0.050476,motorcycle
img_030301.jpg,ppi6d68,gp22584,False,6,0.1429,0.080382,motorcycle
img_030303.jpg,kqt6a75,ax52230,False,7,0.0000,0.259364,motorcycle
img_030304.jpg,qre9i84,dqu2234,False,6,0.1429,0.070529,motorcycle
img_030305.jpg,mtw8h22,bu12234,False,7,0.0000,0.074151,motorcycle
img_030311.jpg,oyf9h45,doy6228,False,6,0.1429,0.166180,motorcycle
img_030312.jpg,qrh2c14,qx17238,False,6,0.1429,0.046005,motorcycle
img_030316.jpg,qrg5e53,bew9748,False,7,0.0000,0.035521,motorcycle
img_030318.jpg,ppp5e34,spp228,False,5,0.2857,0.062134,motorcycle
img_030321.jpg,mpp2g74,zpp7538,False,5,0.2857,0.149606,motorcycle
img_030324.jpg,qrj5e58,st1238,False,6,0.1429,0.048156,motorcycle
img_030325.jpg,qrg5g11,gg17234,False,7,0.0000,0.083664,motorcycle
img_030327.jpg,ppl0f59,is,False,7,0.0000,0.411867,motorcycle
img_030328.jpg,qnk8h24,bbx2238,False,7,0.0000,0.057828,motorcycle
img_030330.jpg,qrd0c17,dw2238,False,7,0.0000,0.073914,motorcycle
img_030331.jpg,krm7e95,exi2438,False,7,0.0000,0.059260,motorcycle
img_030332.jpg,qrk7c46,ccu2238,False,7,0.0000,0.119079,motorcycle
img_030333.jpg,qrg2c72,lt22534,False,6,0.1429,0.034473,motorcycle
img_030335.jpg,qrk1d45,dow2288,False,7,0.0000,0.046699,motorcycle
img_030338.jpg,ppy6c26,ppy298,False,4,0.4286,0.182998,motorcycle
img_030340.jpg,qrf0g88,gbf2282,False,5,0.2857,0.247593,motorcycle
img_030341.jpg,oyd5h74,dov1223,False,7,0.0000,0.096457,motorcycle
img_030343.jpg,qrj7b45,bbu2284,False,7,0.0000,0.069939,motorcycle
img_030345.jpg,qri6h84,gw12234,False,6,0.1429,0.070442,motorcycle
img_030346.jpg,oyg7f39,dv92384,False,7,0.0000,0.070304,motorcycle
img_030347.jpg,oyg4j99,qvi288,False,7,0.0000,0.152830,motorcycle
img_030349.jpg,qrj6d99,gd42284,False,7,0.0000,0.051722,motorcycle
img_030352.jpg,ppb4e77,pp82384,False,5,0.2857,0.551628,motorcycle
img_030353.jpg,oyd3c85,dv8329,False,6,0.1429,0.128457,motorcycle
img_030354.jpg,ppi6d68,gpz2480,False,6,0.1429,0.141251,motorcycle
img_030360.jpg,qrg3i72,gq42584,False,7,0.0000,0.012298,motorcycle
img_030361.jpg,msn4g28,cs12238,False,5,0.2857,0.052075,motorcycle
img_030363.jpg,mth4g39,gb12384,False,7,0.0000,0.048102,motorcycle
img_030364.jpg,qrg5g11,gq17280,False,7,0.0000,0.050860,motorcycle
img_030365.jpg,pph5b07,ppz2384,False,5,0.2857,0.053764,motorcycle
img_030366.jpg,odf2h64,zou2238,False,6,0.1429,0.302564,motorcycle
img_030371.jpg,oyi8e42,bew238,False,7,0.0000,0.139683,motorcycle
img_030372.jpg,qrf4b12,qre2484,False,5,0.2857,0.115228,motorcycle
img_030373.jpg,msv7i05,ws72384,False,6,0.1429,0.198904,motorcycle
img_030374.jpg,qrj5c38,cr1248,False,5,0.2857,0.094400,motorcycle
img_030376.jpg,qrf6g77,grf7232,False,5,0.2857,0.126713,motorcycle
img_030381.jpg,qrg5g11,sc42258,False,7,0.0000,0.041714,motorcycle
img_030382.jpg,ppf5f02,spp2384,False,6,0.1429,0.110223,motorcycle
img_030383.jpg,qnk8h24,bwx7238,False,7,0.0000,0.010577,motorcycle
img_030386.jpg,qre7d40,wi82280,False,6,0.1429,0.012416,motorcycle
img_030387.jpg,qrh8b53,qba2280,False,6,0.1429,0.060985,motorcycle
img_030392.jpg,qrd0c17,qrd2438,False,4,0.4286,0.092674,motorcycle
img_030394.jpg,krm7e95,kv12384,False,6,0.1429,0.032273,motorcycle
img_030397.jpg,qrj6a92,qqu1238,False,6,0.1429,0.081853,motorcycle
img_030398.jpg,mqj0h69,w87238,False,7,0.0000,0.212334,motorcycle
img_030399.jpg,msu4g54,fs12384,False,5,0.2857,0.051784,motorcycle
img_030400.jpg,ppi3e57,8p72484,False,6,0.1429,0.025825,motorcycle
img_030401.jpg,lmu8e22,bu12384,False,7,0.0000,0.204451,motorcycle
img_030403.jpg,pps5j06,pps2438,False,4,0.4286,0.554203,motorcycle
img_030405.jpg,oyg7f39,dv92434,False,6,0.1429,0.022132,motorcycle
img_030408.jpg,oyd1d60,dd22234,False,7,0.0000,0.032601,motorcycle
img_030409.jpg,qnk8h24,8w2238,False,7,0.0000,0.035614,motorcycle
img_030410.jpg,qrk3g62,gbk2284,False,6,0.1429,0.029743,motorcycle
img_030412.jpg,oyg0a69,axv2238,False,7,0.0000,0.096818,motorcycle
img_030413.jpg,qri6c82,gw12384,False,6,0.1429,0.180593,motorcycle
img_030414.jpg,qrh2c14,cc12384,False,5,0.2857,0.035836,motorcycle
img_030418.jpg,qrj9d60,dd27238,False,7,0.0000,0.095958,motorcycle
img_030419.jpg,odg8b88,db82384,False,5,0.2857,0.385250,motorcycle
img_030421.jpg,ppp7f23,ppi4588,False,5,0.2857,0.007207,motorcycle
img_030423.jpg,odf2h64,zof4239,False,6,0.1429,0.006262,motorcycle
img_030425.jpg,ppq7j11,wj82384,False,7,0.0000,0.039376,motorcycle
img_030426.jpg,ppn7d89,pbn7280,False,3,0.5714,0.095426,motorcycle
img_030427.jpg,oyd5h74,sov2238,False,7,0.0000,0.298373,motorcycle
img_030428.jpg,oyg7i91,qy62584,False,6,0.1429,0.042237,motorcycle
img_030431.jpg,ppn1a71,pp12238,False,5,0.2857,0.126735,motorcycle
img_030435.jpg,lry7g97,trv238,False,6,0.1429,0.255371,motorcycle
img_030436.jpg,ppw6c70,ppt2284,False,5,0.2857,0.264283,motorcycle
img_030437.jpg,msu4g54,gs12238,False,6,0.1429,0.210147,motorcycle
img_030438.jpg,ppb2a47,pp72384,False,4,0.4286,0.304090,motorcycle
img_030440.jpg,qrg5e53,ser9728,False,7,0.0000,0.111501,motorcycle
img_030448.jpg,ppe0a55,wp2338,False,6,0.1429,0.065668,motorcycle
img_030449.jpg,qrk3g62,8gr2238,False,7,0.0000,0.083768,motorcycle
img_030451.jpg,mrq7d51,wr22384,False,6,0.1429,0.185046,motorcycle
img_030453.jpg,qnk8h24,bqu2238,False,7,0.0000,0.046297,motorcycle
img_030454.jpg,qri7b05,bbs2384,False,7,0.0000,0.098877,motorcycle
img_030455.jpg,ppc3d50,pp02488,False,5,0.2857,0.117908,motorcycle
img_030457.jpg,ods3f87,zf82238,False,7,0.0000,0.047949,motorcycle
img_030459.jpg,odp8h17,qw17238,False,7,0.0000,0.036462,motorcycle
img_030461.jpg,ppp2d40,zpp2480,False,3,0.5714,0.516388,motorcycle
img_030464.jpg,qrg5g11,gg12484,False,7,0.0000,0.061184,motorcycle
img_030465.jpg,qrd0c17,dcd2238,False,6,0.1429,0.194863,motorcycle
img_030466.jpg,krm7e95,k95229,False,5,0.2857,0.058419,motorcycle
img_030474.jpg,qrf4b12,br2238,False,6,0.1429,0.188162,motorcycle
img_030478.jpg,qrh3d03,st42234,False,7,0.0000,0.082911,motorcycle
img_030480.jpg,ppy6c55,ppy728,False,4,0.4286,0.479748,motorcycle
img_030486.jpg,mtx4g86,giz2384,False,6,0.1429,0.090609,motorcycle
img_030487.jpg,ovh0i30,dov0288,False,5,0.2857,0.055397,motorcycle
img_030492.jpg,ovl5g55,sov1238,False,6,0.1429,0.080369,motorcycle
img_030494.jpg,qrg5g11,scc1258,False,7,0.0000,0.056568,motorcycle
img_030495.jpg,qnk8h24,bbx4238,False,7,0.0000,0.010995,motorcycle
img_030498.jpg,ppe0a55,its4384,False,7,0.0000,0.026153,motorcycle
img_030500.jpg,oyg0a69,aqug438,False,7,0.0000,0.059004,motorcycle
img_030501.jpg,ppj1f18,fii2382,False,7,0.0000,0.138091,motorcycle
img_030504.jpg,qri5i88,st1384,False,6,0.1429,0.079534,motorcycle
img_030505.jpg,qri5i88,st2388,False,5,0.2857,0.127881,motorcycle
img_030506.jpg,qrd0c17,dcd2438,False,6,0.1429,0.253000,motorcycle
img_030509.jpg,ppn7d89,ppn2488,False,3,0.5714,0.080522,motorcycle
img_030510.jpg,ppc3d50,pp42438,False,5,0.2857,0.201045,motorcycle
img_030511.jpg,qre5i79,bire248,False,6,0.1429,0.089559,motorcycle
img_030513.jpg,qrh0g84,gb4238,False,6,0.1429,0.086656,motorcycle
img_030522.jpg,qrk3g62,8842384,False,7,0.0000,0.041334,motorcycle
img_030524.jpg,qrh2c14,d14234,False,5,0.2857,0.043754,motorcycle
img_030525.jpg,ppc3d50,ppq2384,False,5,0.2857,0.378127,motorcycle
img_030531.jpg,odj9i87,biv2234,False,7,0.0000,0.066197,motorcycle
img_030532.jpg,ppd2f65,ppd2480,False,3,0.5714,0.453313,motorcycle
img_030534.jpg,qrf0g88,wob2228,False,6,0.1429,0.041871,motorcycle
img_030535.jpg,qri6i06,q947238,False,6,0.1429,0.025611,motorcycle
img_030537.jpg,lry7g97,gpv238,False,7,0.0000,0.112079,motorcycle
img_030541.jpg,odc4h91,zoc2238,False,6,0.1429,0.248617,motorcycle
img_030543.jpg,ppi3e57,pp12480,False,5,0.2857,0.248306,motorcycle
img_030544.jpg,krm7e95,kn42434,False,6,0.1429,0.070170,motorcycle
img_030547.jpg,qrg5g11,sc12258,False,7,0.0000,0.116472,motorcycle
img_030549.jpg,odg8b88,dog2338,False,5,0.2857,0.106107,motorcycle
img_030552.jpg,ppg6h84,wi22384,False,5,0.2857,0.518926,motorcycle
img_030554.jpg,ppu6c58,ppi2238,False,4,0.4286,0.438571,motorcycle
img_030555.jpg,ppm5a98,sp12484,False,6,0.1429,0.050938,motorcycle
img_030556.jpg,oyi8e42,8ev2758,False,7,0.0000,0.049448,motorcycle
img_030558.jpg,oyd5h74,sov1223,False,7,0.0000,0.162656,motorcycle
img_030559.jpg,qri6i06,qwa2584,False,6,0.1429,0.009167,motorcycle
img_030562.jpg,odc4h91,wow2284,False,7,0.0000,0.033801,motorcycle
img_030564.jpg,ppc3d50,ppq2384,False,5,0.2857,0.175472,motorcycle
img_030565.jpg,qnk8h24,8wx2234,False,6,0.1429,0.071470,motorcycle
img_030566.jpg,lry7g97,tv2334,False,7,0.0000,0.127453,motorcycle
img_030567.jpg,oyg0a69,aqu2438,False,7,0.0000,0.167049,motorcycle
img_030568.jpg,odc1b90,8842238,False,7,0.0000,0.215749,motorcycle
img_030572.jpg,krm7e95,k912430,False,6,0.1429,0.037059,motorcycle
img_030573.jpg,ppy6c26,pp25788,False,5,0.2857,0.071617,motorcycle
img_030574.jpg,ppu6c58,psi4384,False,6,0.1429,0.076096,motorcycle
img_030577.jpg,msl7j36,ws22384,False,6,0.1429,0.319536,motorcycle
img_030578.jpg,mqm8d57,gdv2384,False,7,0.0000,0.074782,motorcycle
img_030579.jpg,qrg3f30,fiq2384,False,7,0.0000,0.263282,motorcycle
img_030580.jpg,qrb3a73,qr87438,False,5,0.2857,0.052576,motorcycle
img_030581.jpg,mst5a03,ab72384,False,7,0.0000,0.125195,motorcycle
img_030582.jpg,qrg7c99,con2284,False,7,0.0000,0.060989,motorcycle
img_030584.jpg,odk9c02,zow2238,False,7,0.0000,0.075302,motorcycle
img_030585.jpg,qrf4b12,gbi2438,False,7,0.0000,0.030867,motorcycle
img_030586.jpg,msv7i05,ms42484,False,5,0.2857,0.094057,motorcycle
img_030587.jpg,qrf0g88,dbf7288,False,4,0.4286,0.126445,motorcycle
img_030588.jpg,qrj7b45,8bu2280,False,7,0.0000,0.134864,motorcycle
img_030589.jpg,msr9b97,wsp2384,False,6,0.1429,0.197736,motorcycle
img_030593.jpg,lmu3c65,sc47238,False,7,0.0000,0.123142,motorcycle
img_030595.jpg,krm7e95,ki42334,False,6,0.1429,0.104787,motorcycle
img_030596.jpg,qrg5g11,gg12480,False,7,0.0000,0.047742,motorcycle
img_030597.jpg,ppp2d40,ppp7280,False,3,0.5714,0.601265,motorcycle
img_030598.jpg,msl7j36,ws42438,False,5,0.2857,0.169733,motorcycle
img_030599.jpg,odg8b88,do82384,False,5,0.2857,0.032255,motorcycle
img_030602.jpg,qri1d18,dwi7238,False,5,0.2857,0.046482,motorcycle
img_030603.jpg,ppq7j11,ju12384,False,7,0.0000,0.025582,motorcycle
img_030604.jpg,qrb3a73,qr87432,False,5,0.2857,0.189450,motorcycle
img_030605.jpg,qrf4b12,qbe2284,False,6,0.1429,0.049551,motorcycle
img_030606.jpg,qrg7c99,wo12484,False,7,0.0000,0.047569,motorcycle
img_030607.jpg,qrj7b45,8bu2280,False,7,0.0000,0.030161,motorcycle
img_030608.jpg,lry7g97,gpv238,False,7,0.0000,0.139854,motorcycle
img_030609.jpg,qri6i06,cin7723,False,7,0.0000,0.051672,motorcycle
img_030610.jpg,oyd5h74,sov2248,False,7,0.0000,0.078852,motorcycle
img_030611.jpg,qrg5g11,gq19748,False,7,0.0000,0.150110,motorcycle
img_030612.jpg,qrj5e58,st17238,False,6,0.1429,0.030965,motorcycle
img_030614.jpg,qnk8h24,bqu7228,False,6,0.1429,0.182581,motorcycle
img_030615.jpg,mta0b22,dba2534,False,6,0.1429,0.093724,motorcycle
img_030616.jpg,oku4e38,dku2488,False,4,0.4286,0.045072,motorcycle
img_030617.jpg,qrb3a73,stx2234,False,7,0.0000,0.038117,motorcycle
img_030618.jpg,qrk8h41,8qu2238,False,7,0.0000,0.162404,motorcycle
img_030620.jpg,ppu6c58,ppu7238,False,3,0.5714,0.317231,motorcycle
img_030621.jpg,qrf4b12,qre2480,False,5,0.2857,0.131211,motorcycle
img_030623.jpg,qrg7c99,4c91238,False,7,0.0000,0.034667,motorcycle
img_030625.jpg,msv7i05,ws7238,False,5,0.2857,0.249618,motorcycle
img_030626.jpg,qrj5c38,sb12480,False,7,0.0000,0.326767,motorcycle
img_030628.jpg,ppw6c70,pp12438,False,5,0.2857,0.302550,motorcycle
img_030630.jpg,oyh6d96,sdv2248,False,7,0.0000,0.136234,motorcycle
img_030634.jpg,mqm8d57,8d57238,False,6,0.1429,0.074000,motorcycle
img_030636.jpg,odf2h64,wa1238,False,6,0.1429,0.041233,motorcycle
img_030641.jpg,qip2b63,zb12238,False,6,0.1429,0.121930,motorcycle
img_030642.jpg,qip2b63,bb12280,False,6,0.1429,0.161295,motorcycle
img_030643.jpg,ppn1a71,lp92384,False,6,0.1429,0.068621,motorcycle
img_030645.jpg,msv7i05,ws92438,False,6,0.1429,0.072295,motorcycle
img_030646.jpg,ppn7d89,ppq2480,False,4,0.4286,0.222498,motorcycle
img_030649.jpg,qri4e87,dbi2280,False,5,0.2857,0.063753,motorcycle
img_030650.jpg,ppp8h46,spp7748,False,4,0.4286,0.096043,motorcycle
img_030651.jpg,qrj7b45,8847248,False,5,0.2857,0.030262,motorcycle
img_030655.jpg,qrh2c14,cc12238,False,6,0.1429,0.024234,motorcycle
img_030656.jpg,ppb2a47,pp22384,False,4,0.4286,0.169119,motorcycle
img_030657.jpg,odc4h91,qpc7238,False,6,0.1429,0.052020,motorcycle
img_030660.jpg,ovl5g55,sqv1238,False,7,0.0000,0.100012,motorcycle
img_030661.jpg,odm9j19,dsi7238,False,7,0.0000,0.105232,motorcycle
img_030670.jpg,qnk8h24,8wx2384,False,6,0.1429,0.032940,motorcycle
img_030671.jpg,qre0g07,dg27484,False,7,0.0000,0.016450,motorcycle
img_030673.jpg,oyg0a69,ax72234,False,7,0.0000,0.122571,motorcycle
img_030679.jpg,qrk8h41,qqx2484,False,6,0.1429,0.047155,motorcycle
img_030683.jpg,qre3a37,qre2384,False,4,0.4286,0.171853,motorcycle
img_030685.jpg,oyf9h45,dw2438,False,7,0.0000,0.019611,motorcycle
img_030687.jpg,qrf4b12,qre2484,False,5,0.2857,0.057581,motorcycle
img_030689.jpg,qrg7c99,con7238,False,6,0.1429,0.073589,motorcycle
img_030691.jpg,qrf0g88,wgu2288,False,5,0.2857,0.200823,motorcycle
img_030693.jpg,qrk7c46,qr46738,False,5,0.2857,0.065788,motorcycle
img_030695.jpg,ovl5g55,squ1238,False,7,0.0000,0.247020,motorcycle
img_030698.jpg,kob6d80,axb2480,False,4,0.4286,0.288894,motorcycle
img_030700.jpg,mtw7a10,ait2384,False,7,0.0000,0.742160,motorcycle
img_030706.jpg,qri4d60,dr72480,False,5,0.2857,0.113694,motorcycle
img_030707.jpg,qre3a37,qre2238,False,3,0.5714,0.174935,motorcycle
img_030714.jpg,kqw4b34,b872384,False,6,0.1429,0.202066,motorcycle
img_030715.jpg,ppf6g42,pp22384,False,5,0.2857,0.102296,motorcycle
img_030720.jpg,qrk3g62,gbx2584,False,7,0.0000,0.134669,motorcycle
img_030721.jpg,ppd2f65,ppq2284,False,4,0.4286,0.146126,motorcycle
img_030722.jpg,mty3f94,sfu7234,False,6,0.1429,0.069733,motorcycle
img_030724.jpg,qrj6g51,gg52284,False,7,0.0000,0.034513,motorcycle
img_030726.jpg,hfa9d65,sta2238,False,6,0.1429,0.315958,motorcycle
img_030727.jpg,qrf8d14,dqf7238,False,6,0.1429,0.011291,motorcycle
img_030729.jpg,qnk8h24,8477238,False,7,0.0000,0.021128,motorcycle
img_030730.jpg,mtw7a10,ain2384,False,7,0.0000,0.427324,motorcycle
img_030731.jpg,ppn1b25,bbu2284,False,7,0.0000,0.258233,motorcycle
img_030733.jpg,ppi3e57,bes7238,False,7,0.0000,0.244185,motorcycle
img_030734.jpg,hlz9e18,st72284,False,7,0.0000,0.079184,motorcycle
img_030736.jpg,qrg6f51,dv61588,False,6,0.1429,0.040909,motorcycle
img_030737.jpg,odf2h64,zoff258,False,5,0.2857,0.025440,motorcycle
img_030738.jpg,oyk0j72,dvz238,False,7,0.0000,0.425276,motorcycle
img_030740.jpg,ppn7d89,pby2480,False,5,0.2857,0.199006,motorcycle
img_030743.jpg,qrg7f50,qr92480,False,4,0.4286,0.071510,motorcycle
img_030745.jpg,qre1e56,qpe7238,False,5,0.2857,0.071778,motorcycle
img_030746.jpg,qnk8h24,8q44238,False,7,0.0000,0.041298,motorcycle
img_030749.jpg,qrj7b45,bbu2480,False,7,0.0000,0.154863,motorcycle
img_030750.jpg,lry7g97,tv2234,False,7,0.0000,0.117365,motorcycle
img_030753.jpg,ppi3e57,sp97288,False,6,0.1429,0.209506,motorcycle
img_030754.jpg,qrh2e34,ze77238,False,6,0.1429,0.031036,motorcycle
img_030755.jpg,kvm7j40,xx42438,False,7,0.0000,0.207832,motorcycle
img_030757.jpg,qrk8c15,qck7588,False,5,0.2857,0.037089,motorcycle
img_030758.jpg,qrk1d63,dow728,False,7,0.0000,0.204706,motorcycle
img_030759.jpg,hfa9d65,dfa2234,False,5,0.2857,0.183965,motorcycle
img_030760.jpg,qre5c34,scu7238,False,6,0.1429,0.145767,motorcycle
img_030761.jpg,qrg5g11,gg17284,False,7,0.0000,0.024377,motorcycle
img_030762.jpg,odj2i40,qut2384,False,6,0.1429,0.091102,motorcycle
img_030763.jpg,mtm8j36,bjt2384,False,7,0.0000,0.220591,motorcycle
img_030765.jpg,qrh1d06,dow2238,False,7,0.0000,0.097150,motorcycle
img_030771.jpg,qrg5g11,qq42438,False,6,0.1429,0.119843,motorcycle
img_030774.jpg,qri7d24,db42384,False,6,0.1429,0.132705,motorcycle
img_030776.jpg,qri1d18,dbi2238,False,5,0.2857,0.142917,motorcycle
img_030778.jpg,oyg7i91,qy62284,False,6,0.1429,0.026372,motorcycle
img_030779.jpg,ppn1a71,pp42438,False,5,0.2857,0.208066,motorcycle
img_030782.jpg,odk9c02,wd32384,False,6,0.1429,0.069082,motorcycle
img_030783.jpg,msu6e57,ff12234,False,7,0.0000,0.055924,motorcycle
img_030784.jpg,qrj7b45,qu42380,False,6,0.1429,0.010787,motorcycle
img_030789.jpg,lry7g97,tp7234,False,6,0.1429,0.085524,motorcycle
img_030790.jpg,qri6h84,gw12334,False,6,0.1429,0.145463,motorcycle
img_030791.jpg,mtw7a10,ait2384,False,7,0.0000,0.576970,motorcycle
img_030792.jpg,ppp5e34,ppp728,False,4,0.4286,0.530660,motorcycle
img_030794.jpg,mpp2g74,app438,False,5,0.2857,0.024746,motorcycle
img_030795.jpg,oyk5i74,stu2238,False,7,0.0000,0.111956,motorcycle
img_030796.jpg,qri6g68,6t87234,False,7,0.0000,0.016300,motorcycle
img_030797.jpg,qri1d18,db11438,False,5,0.2857,0.017933,motorcycle
img_030801.jpg,qnk8h24,8474238,False,7,0.0000,0.108755,motorcycle
img_030804.jpg,ocv8d29,8oc9223,False,5,0.2857,0.070552,motorcycle
img_030807.jpg,qrg2c72,4t2238,False,6,0.1429,0.076516,motorcycle
img_030808.jpg,krm7e95,ki42384,False,6,0.1429,0.041782,motorcycle
img_030810.jpg,ppn1a71,pp12434,False,5,0.2857,0.054995,motorcycle
img_030813.jpg,odq0h16,wit2384,False,7,0.0000,0.286854,motorcycle
img_030815.jpg,qrk7i91,qok2384,False,5,0.2857,0.066620,motorcycle
img_030816.jpg,ovl5g55,squ7238,False,7,0.0000,0.189660,motorcycle
img_030818.jpg,odk9c02,dpk7232,False,5,0.2857,0.067447,motorcycle
img_030820.jpg,prn1a91,ffw234,False,7,0.0000,0.027531,motorcycle
img_030821.jpg,qrf0g88,gbf2280,False,5,0.2857,0.382863,motorcycle
img_030822.jpg,msr9b97,wbr2288,False,6,0.1429,0.029141,motorcycle
img_030824.jpg,lry7g97,tp7234,False,6,0.1429,0.119170,motorcycle
img_030825.jpg,qri6h84,gw12384,False,5,0.2857,0.229592,motorcycle
img_030826.jpg,qrj7b45,8812230,False,7,0.0000,0.010065,motorcycle
img_030827.jpg,ppe6h42,gpe2238,False,5,0.2857,0.344984,motorcycle
img_030828.jpg,ppg6h84,ppg2238,False,4,0.4286,0.096052,motorcycle
img_030832.jpg,kvm7j40,xv02232,False,6,0.1429,0.151792,motorcycle
img_030833.jpg,qrf8f39,dwa2384,False,7,0.0000,0.035450,motorcycle
img_030836.jpg,qri6g68,ciz2384,False,6,0.1429,0.021127,motorcycle
img_030838.jpg,mqm8d57,8d57238,False,6,0.1429,0.087927,motorcycle
img_030839.jpg,qrg5g11,gq17238,False,7,0.0000,0.065707,motorcycle
img_030840.jpg,krm7e95,wou2284,False,7,0.0000,0.041625,motorcycle
img_030841.jpg,oyj7g94,gs12284,False,6,0.1429,0.263602,motorcycle
img_030842.jpg,ppi2d67,zp17238,False,6,0.1429,0.196938,motorcycle
img_030843.jpg,qrk7i91,wow738,False,6,0.1429,0.013958,motorcycle
img_030844.jpg,qrf4b12,bl24384,False,6,0.1429,0.021243,motorcycle
img_030846.jpg,ppe6h42,ppe2434,False,4,0.4286,0.097172,motorcycle
img_030847.jpg,qrg2c72,dr22384,False,5,0.2857,0.052709,motorcycle
img_030850.jpg,oyg7f39,dev2238,False,6,0.1429,0.035419,motorcycle
img_030851.jpg,ppp5e34,spp748,False,5,0.2857,0.307925,motorcycle
img_030853.jpg,kvm7j40,xv42384,False,6,0.1429,0.076210,motorcycle
img_030855.jpg,odj2i40,qx42238,False,6,0.1429,0.046513,motorcycle
img_030856.jpg,qrk9i28,diz8248,False,6,0.1429,0.120821,motorcycle
img_030860.jpg,qnk8h24,8472384,False,6,0.1429,0.027361,motorcycle
img_030866.jpg,qrg3i72,qq42234,False,6,0.1429,0.048401,motorcycle
img_030868.jpg,qrd0c17,dp22384,False,7,0.0000,0.050738,motorcycle
img_030869.jpg,mta0b22,bba2534,False,6,0.1429,0.536401,motorcycle
img_030870.jpg,qrg5g11,gq12230,False,7,0.0000,0.055499,motorcycle
img_030872.jpg,qrj4j25,qri2234,False,5,0.2857,0.103696,motorcycle
img_030873.jpg,qrg5j58,sq38723,False,7,0.0000,0.050160,motorcycle
img_030874.jpg,mqm8d57,8d57238,False,6,0.1429,0.431522,motorcycle
img_030875.jpg,mqj0h69,wo92288,False,7,0.0000,0.071889,motorcycle
img_030877.jpg,ppn7d89,ppx2384,False,4,0.4286,0.094273,motorcycle
img_030878.jpg,qrg7c99,qp42384,False,6,0.1429,0.048957,motorcycle
img_030885.jpg,qrh0g84,gb42384,False,5,0.2857,0.179255,motorcycle
img_030886.jpg,qrh8b53,dow7288,False,7,0.0000,0.055464,motorcycle
img_030889.jpg,ppw6c70,pp12288,False,5,0.2857,0.122880,motorcycle
img_030890.jpg,qrj5c38,cb12280,False,7,0.0000,0.128754,motorcycle
img_030891.jpg,qrh3i68,qob7238,False,5,0.2857,0.037070,motorcycle
img_030892.jpg,msw9j22,ws12234,False,6,0.1429,0.053711,motorcycle
img_030893.jpg,odc7e88,wt2384,False,6,0.1429,0.137031,motorcycle
img_030894.jpg,mtv0h43,wiz238,False,7,0.0000,0.093452,motorcycle
img_030895.jpg,ppr2d29,zp92284,False,5,0.2857,0.206285,motorcycle
img_030897.jpg,qrj2c93,con7288,False,7,0.0000,0.013938,motorcycle
img_030898.jpg,qrj2c93,cc12484,False,6,0.1429,0.142915,motorcycle
img_030899.jpg,qrj2c93,zc91484,False,7,0.0000,0.191727,motorcycle
img_030900.jpg,qrj2c93,l892284,False,6,0.1429,0.017502,motorcycle
img_030901.jpg,qrj2c93,zc91488,False,7,0.0000,0.035346,motorcycle
img_030905.jpg,msr8d29,8dx7238,False,7,0.0000,0.114315,motorcycle
img_030909.jpg,qrh0g84,gb12384,False,5,0.2857,0.162633,motorcycle
img_030911.jpg,ppp1f55,ppp2438,False,4,0.4286,0.159262,motorcycle
img_030913.jpg,pps2e38,pbs2484,False,4,0.4286,0.491439,motorcycle
img_030914.jpg,qrf3d40,sq22238,False,7,0.0000,0.061735,motorcycle
img_030916.jpg,oxc2i37,wo72584,False,6,0.1429,0.011536,motorcycle
img_030917.jpg,qrj4j73,qri748,False,5,0.2857,0.318771,motorcycle
img_030918.jpg,qrj4j73,qr9748,False,5,0.2857,0.070543,motorcycle
img_030920.jpg,ppq1j94,pp02384,False,4,0.4286,0.138351,motorcycle
img_030923.jpg,lsz4g57,gs72584,False,6,0.1429,0.373020,motorcycle
img_030926.jpg,msu6e57,fs12238,False,6,0.1429,0.288896,motorcycle
img_030927.jpg,lly3d58,sdx7248,False,6,0.1429,0.038449,motorcycle
img_030928.jpg,qrf8d14,8ok2238,False,7,0.0000,0.011805,motorcycle
img_030935.jpg,qrj6j27,gb72384,False,7,0.0000,0.048655,motorcycle
img_030942.jpg,ppn4j54,pp42384,False,4,0.4286,0.227689,motorcycle
img_030944.jpg,lph6h40,zup,False,7,0.0000,0.104435,motorcycle
img_030948.jpg,qrg5g11,sc17238,False,7,0.0000,0.208833,motorcycle
img_030949.jpg,qnk8h24,ghz2334,False,6,0.1429,0.115412,motorcycle
img_030950.jpg,mtg7c88,wj82384,False,6,0.1429,0.122937,motorcycle
img_030951.jpg,oyg0a69,dv92238,False,7,0.0000,0.031003,motorcycle
img_030952.jpg,qrj9d60,gd22434,False,7,0.0000,0.058870,motorcycle
img_030955.jpg,krm7e95,xbi2488,False,7,0.0000,0.022930,motorcycle
img_030956.jpg,qrf8d05,qof2438,False,5,0.2857,0.028224,motorcycle
img_030959.jpg,qrb3a73,qr87480,False,5,0.2857,0.050806,motorcycle
img_030960.jpg,qri1d18,dwi2438,False,5,0.2857,0.071717,motorcycle
img_030961.jpg,odk9c02,dpk2230,False,6,0.1429,0.018595,motorcycle
img_030962.jpg,qrk8h41,gqk2584,False,6,0.1429,0.039962,motorcycle
img_030963.jpg,ppn1a71,pp12438,False,5,0.2857,0.138231,motorcycle
img_030964.jpg,oyi8e42,bev7238,False,7,0.0000,0.116315,motorcycle
img_030966.jpg,oyk0j72,do42384,False,7,0.0000,0.179348,motorcycle
img_030967.jpg,mqu3e04,st42230,False,7,0.0000,0.134788,motorcycle
img_030970.jpg,pkc2h29,px42484,False,5,0.2857,0.277737,motorcycle
img_030971.jpg,ppi3e57,pp12384,False,5,0.2857,0.457769,motorcycle
img_030973.jpg,qrh2e34,qri2238,False,3,0.5714,0.217620,motorcycle
img_030978.jpg,qrg5g11,sc12258,False,7,0.0000,0.064292,motorcycle
img_030980.jpg,qrh3d03,ddb2438,False,7,0.0000,0.031031,motorcycle
img_030982.jpg,qrg5g11,qq47238,False,6,0.1429,0.084078,motorcycle
img_030985.jpg,oyi8e42,8qu1238,False,7,0.0000,0.058561,motorcycle
img_030986.jpg,msu6e57,fs42584,False,6,0.1429,0.147929,motorcycle
img_030990.jpg,qrb3a73,soz2384,False,7,0.0000,0.094053,motorcycle
img_030993.jpg,ppy6c26,ppv2384,False,5,0.2857,0.139884,motorcycle
img_030995.jpg,qrg3f30,fiq2384,False,7,0.0000,0.159267,motorcycle
img_030996.jpg,qrf4b12,qre2438,False,5,0.2857,0.193650,motorcycle
img_031000.jpg,qrg5e53,sc92238,False,7,0.0000,0.027326,motorcycle
img_031001.jpg,oyg7f39,dv82284,False,7,0.0000,0.411608,motorcycle
img_031002.jpg,mty3f94,sk77288,False,7,0.0000,0.027320,motorcycle
img_031003.jpg,mrr7e95,fix2384,False,7,0.0000,0.038352,motorcycle
img_031006.jpg,mtd9c35,wi82384,False,7,0.0000,0.069912,motorcycle
img_031010.jpg,qrg3i72,quz2384,False,6,0.1429,0.014468,motorcycle
img_031011.jpg,ovi6i29,q992438,False,7,0.0000,0.053475,motorcycle
img_031012.jpg,ocv8d29,soc9223,False,5,0.2857,0.062858,motorcycle
img_031013.jpg,qrg2c72,kn7238,False,6,0.1429,0.063103,motorcycle
img_031014.jpg,ode5h79,soz2238,False,7,0.0000,0.179892,motorcycle
img_031016.jpg,ppm5a98,pp17480,False,5,0.2857,0.484394,motorcycle
img_031018.jpg,qrf4b12,db22384,False,7,0.0000,0.130101,motorcycle
img_031019.jpg,ppf2h27,zpe2384,False,5,0.2857,0.468101,motorcycle
img_031020.jpg,ppf2h27,zpe2534,False,5,0.2857,0.050429,motorcycle
img_031021.jpg,ppf2h27,zpe2384,False,5,0.2857,0.089030,motorcycle
img_031022.jpg,ppf2h27,zwp2384,False,6,0.1429,0.278644,motorcycle
img_031023.jpg,ppf2h27,zw84384,False,7,0.0000,0.094014,motorcycle
img_031024.jpg,ppf2h27,zpe2238,False,5,0.2857,0.157916,motorcycle
img_031025.jpg,ppf2h27,zpe2238,False,5,0.2857,0.208607,motorcycle
img_031026.jpg,ppf2h27,zpe2234,False,5,0.2857,0.142993,motorcycle
img_031030.jpg,qrj7b45,8bu2280,False,7,0.0000,0.038822,motorcycle
img_031033.jpg,pkc2h29,zw92584,False,6,0.1429,0.236895,motorcycle
img_031034.jpg,ppi3e57,bes7238,False,7,0.0000,0.060335,motorcycle
img_031035.jpg,qrh2e34,qok2438,False,4,0.4286,0.060940,motorcycle
img_031037.jpg,qre7b39,bit2243,False,7,0.0000,0.028225,motorcycle
img_031039.jpg,qre5c34,scz1248,False,7,0.0000,0.031388,motorcycle
img_031040.jpg,ppl0f59,wa2234,False,7,0.0000,0.140632,motorcycle
img_031042.jpg,qrg5g11,sc12248,False,7,0.0000,0.206345,motorcycle
img_031044.jpg,mtm8j36,b572384,False,7,0.0000,0.120657,motorcycle
img_031045.jpg,mrn2c91,wou2382,False,6,0.1429,0.304589,motorcycle
img_031050.jpg,qre7b39,qbi2438,False,5,0.2857,0.036990,motorcycle
img_031051.jpg,ppn1a71,ix72384,False,7,0.0000,0.080418,motorcycle
img_031053.jpg,ppf6g42,pp22584,False,5,0.2857,0.238249,motorcycle
img_031054.jpg,qrk8h41,qqu2438,False,6,0.1429,0.175901,motorcycle
img_031055.jpg,qrb3a73,qq3788,False,5,0.2857,0.079774,motorcycle
img_031056.jpg,ppn7d89,pp97232,False,4,0.4286,0.037623,motorcycle
img_031057.jpg,oyd5h74,dov2728,False,7,0.0000,0.040683,motorcycle
img_031058.jpg,ppq7j11,pp12384,False,5,0.2857,0.173118,motorcycle
img_031059.jpg,qrf4b12,qb42480,False,6,0.1429,0.039102,motorcycle
img_031060.jpg,qrf0g88,gbf2280,False,5,0.2857,0.432116,motorcycle
img_031061.jpg,mps6c41,ffq4282,False,7,0.0000,0.019355,motorcycle
img_031064.jpg,oyk0j72,dov2384,False,7,0.0000,0.174191,motorcycle
img_031065.jpg,qrj7b45,wi72284,False,7,0.0000,0.069037,motorcycle
img_031066.jpg,qrg2c72,qr42484,False,4,0.4286,0.127703,motorcycle
img_031070.jpg,mtv7c99,wj92284,False,7,0.0000,0.010222,motorcycle
img_031072.jpg,qrg5g11,gg17280,False,7,0.0000,0.068301,motorcycle
img_031075.jpg,qnk8h24,8w42238,False,7,0.0000,0.079235,motorcycle
img_031076.jpg,ocv8d29,8049248,False,7,0.0000,0.060535,motorcycle
img_031078.jpg,odf9g70,g9f2280,False,5,0.2857,0.114604,motorcycle
img_031081.jpg,ppp2d40,zpp2480,False,3,0.5714,0.358707,motorcycle
img_031083.jpg,qrg5g11,gq12230,False,7,0.0000,0.024479,motorcycle
img_031085.jpg,qrd0c17,dcd2238,False,6,0.1429,0.060983,motorcycle
img_031088.jpg,ppq7j11,pp12380,False,5,0.2857,0.041828,motorcycle
img_031095.jpg,qrj7b45,8847232,False,6,0.1429,0.147477,motorcycle
img_031101.jpg,ppg6h84,ppg7238,False,4,0.4286,0.334778,motorcycle
img_031102.jpg,qrf8d14,8d12234,False,6,0.1429,0.145168,motorcycle
img_031103.jpg,qrk3g62,8042538,False,7,0.0000,0.017456,motorcycle
img_031104.jpg,qrk1d63,wou2238,False,7,0.0000,0.077850,motorcycle
img_031108.jpg,qre4d57,bin2584,False,7,0.0000,0.030966,motorcycle
img_031111.jpg,qrk9i28,diz7238,False,6,0.1429,0.025492,motorcycle
img_031112.jpg,qrg5g11,gq17480,False,7,0.0000,0.051034,motorcycle
img_031116.jpg,qrj4h75,bx74384,False,6,0.1429,0.027442,motorcycle
img_031117.jpg,qnk8h24,8qu4258,False,7,0.0000,0.010024,motorcycle
img_031123.jpg,oyg0a69,dv2238,False,7,0.0000,0.101094,motorcycle
img_031125.jpg,ppo2j11,wp12384,False,5,0.2857,0.052121,motorcycle
img_031127.jpg,ppn1a71,pp12480,False,5,0.2857,0.169773,motorcycle
img_031128.jpg,qrj0c65,db128,False,7,0.0000,0.126064,motorcycle
img_031129.jpg,qrj0c65,dbi788,False,7,0.0000,0.095897,motorcycle
img_031130.jpg,qrj6f36,gbi2484,False,7,0.0000,0.135113,motorcycle
img_031131.jpg,ppg5h25,ppg2438,False,4,0.4286,0.187774,motorcycle
img_031132.jpg,ops9d87,dp93232,False,6,0.1429,0.116123,motorcycle
img_031133.jpg,frt1a83,abt2384,False,5,0.2857,0.247004,motorcycle
img_031134.jpg,qrh7f48,qri2438,False,4,0.4286,0.023954,motorcycle
img_031138.jpg,qre1a74,db22384,False,6,0.1429,0.055094,motorcycle
img_031139.jpg,msw0e21,ebi2384,False,7,0.0000,0.192025,motorcycle
img_031140.jpg,oyk0j72,dvz2384,False,7,0.0000,0.185900,motorcycle
img_031141.jpg,ppg6h84,gp92238,False,6,0.1429,0.094398,motorcycle
img_031144.jpg,qrh1d06,wou2238,False,7,0.0000,0.093120,motorcycle
img_031148.jpg,odc7e88,wb72384,False,6,0.1429,0.215245,motorcycle
img_031152.jpg,mrt0j40,fw7484,False,6,0.1429,0.007094,motorcycle
img_031153.jpg,mrt0j40,fix2384,False,7,0.0000,0.051387,motorcycle
img_031154.jpg,ppn6c13,cp92484,False,6,0.1429,0.185609,motorcycle
img_031155.jpg,ppn6c13,cp92384,False,6,0.1429,0.086040,motorcycle
img_031157.jpg,mtx4g86,cix2384,False,5,0.2857,0.151760,motorcycle
img_031158.jpg,odm6g18,g912238,False,6,0.1429,0.338890,motorcycle
img_031159.jpg,adk8i08,aits238,False,5,0.2857,0.062747,motorcycle
img_031160.jpg,adk8i08,wi72384,False,7,0.0000,0.017031,motorcycle
img_031162.jpg,bav7i02,bst2484,False,6,0.1429,0.115833,motorcycle
img_031167.jpg,mpa3a92,axa2434,False,6,0.1429,0.118062,motorcycle
img_031169.jpg,ocz2d23,dv72438,False,6,0.1429,0.111311,motorcycle
img_031170.jpg,ocz2d23,dvv2584,False,6,0.1429,0.072974,motorcycle
img_031172.jpg,qri6h84,gb12238,False,7,0.0000,0.232847,motorcycle
img_031175.jpg,qrk3g62,qbx2584,False,6,0.1429,0.090823,motorcycle
img_031176.jpg,oyi8e42,dov1384,False,6,0.1429,0.057246,motorcycle
img_031179.jpg,lmu8e22,wt7238,False,7,0.0000,0.046934,motorcycle
img_031181.jpg,mtv3h81,zwi7238,False,7,0.0000,0.031545,motorcycle
img_031185.jpg,qrg5e53,dbg728,False,6,0.1429,0.126185,motorcycle
img_031187.jpg,qre4i82,dre2384,False,4,0.4286,0.227216,motorcycle
img_031191.jpg,oyg0a69,dx72234,False,7,0.0000,0.051027,motorcycle
img_031192.jpg,qri1d52,dbi728,False,6,0.1429,0.365693,motorcycle
img_031193.jpg,krm7e95,kx12384,False,6,0.1429,0.046453,motorcycle
img_031194.jpg,odp7e69,wd92484,False,6,0.1429,0.013238,motorcycle
img_031196.jpg,qre3a37,qbe2384,False,5,0.2857,0.191264,motorcycle
img_031198.jpg,ppl5g40,pp12238,False,5,0.2857,0.165860,motorcycle
img_031199.jpg,mqm8d57,dq42230,False,6,0.1429,0.019073,motorcycle
img_031201.jpg,qrk8h41,qqk2434,False,5,0.2857,0.055296,motorcycle
img_031202.jpg,ovj8c54,dov1238,False,6,0.1429,0.359394,motorcycle
img_031204.jpg,ppd2f65,ppq2384,False,4,0.4286,0.229399,motorcycle
img_031205.jpg,qrf4b12,dr2298,False,6,0.1429,0.024484,motorcycle
img_031206.jpg,kwz7d77,kx2232,False,6,0.1429,0.081193,motorcycle
img_031207.jpg,msg0b91,wbq2238,False,7,0.0000,0.048950,motorcycle
img_031208.jpg,qrh2e34,qxi2238,False,4,0.4286,0.012635,motorcycle
img_031209.jpg,qrk1d63,bb72384,False,7,0.0000,0.056944,motorcycle
img_031211.jpg,qrg5g11,gq47238,False,7,0.0000,0.044711,motorcycle
img_031212.jpg,msu6e57,fs72384,False,6,0.1429,0.224058,motorcycle
img_031213.jpg,ppu6c58,ppu2288,False,3,0.5714,0.444907,motorcycle
img_031214.jpg,pps0e98,p992380,False,6,0.1429,0.080905,motorcycle
img_031215.jpg,qri6h84,gw12584,False,5,0.2857,0.062606,motorcycle
img_031216.jpg,oyd5h74,qov0723,False,7,0.0000,0.099353,motorcycle
img_031217.jpg,lry7g97,gs72384,False,7,0.0000,0.078814,motorcycle
img_031218.jpg,qrj7b45,8w42284,False,7,0.0000,0.092517,motorcycle
img_031219.jpg,qri6i06,gon2288,False,7,0.0000,0.030036,motorcycle
img_031221.jpg,oyg7f39,dov2480,False,7,0.0000,0.018037,motorcycle
img_031222.jpg,oyk0j72,dov2238,False,7,0.0000,0.081655,motorcycle
img_031223.jpg,oyg7f39,qt72384,False,6,0.1429,0.014402,motorcycle
img_031225.jpg,qrg5g11,sq42298,False,7,0.0000,0.044885,motorcycle
img_031226.jpg,lll1e15,ili1339,False,5,0.2857,0.118706,motorcycle
img_031228.jpg,qrg5g11,st42280,False,7,0.0000,0.151269,motorcycle
img_031229.jpg,krm7e95,ava2384,False,7,0.0000,0.054925,motorcycle
img_031231.jpg,msa8f37,fsa2438,False,4,0.4286,0.412795,motorcycle
img_031232.jpg,ppt2j19,ppt2480,False,3,0.5714,0.373069,motorcycle
img_031233.jpg,ppn7d89,pby2480,False,5,0.2857,0.268494,motorcycle
img_031234.jpg,msr9b97,wst2982,False,6,0.1429,0.054751,motorcycle
img_031236.jpg,qnk8h24,8wx2234,False,6,0.1429,0.042630,motorcycle
img_031239.jpg,ppy6c26,ppy288,False,4,0.4286,0.239850,motorcycle
img_031240.jpg,qrj7b45,8bu2234,False,7,0.0000,0.071533,motorcycle
img_031242.jpg,pps5j06,sps2238,False,5,0.2857,0.156933,motorcycle
img_031243.jpg,qrg5g11,sq19748,False,7,0.0000,0.035947,motorcycle
img_031244.jpg,qnk8h24,8wx2384,False,6,0.1429,0.037437,motorcycle
img_031245.jpg,odt3g50,gg12480,False,6,0.1429,0.186898,motorcycle
img_031246.jpg,ocv8d29,qo49223,False,6,0.1429,0.060474,motorcycle
img_031248.jpg,oyd5h74,sw72384,False,6,0.1429,0.060850,motorcycle
img_031249.jpg,qrk8h41,qqx2234,False,6,0.1429,0.071468,motorcycle
img_031250.jpg,oda8e46,dwa2234,False,6,0.1429,0.064488,motorcycle
img_031251.jpg,ppn7d89,pp97280,False,3,0.5714,0.070991,motorcycle
img_031254.jpg,qri7f71,qri2484,False,4,0.4286,0.485529,motorcycle
img_031259.jpg,ppc3d50,pp02438,False,5,0.2857,0.367862,motorcycle
img_031266.jpg,mtj6a61,ax1238,False,7,0.0000,0.246100,motorcycle
img_031268.jpg,ppn1b25,pp12438,False,5,0.2857,0.068486,motorcycle
img_031269.jpg,ocv8d29,qoc9238,False,6,0.1429,0.132391,motorcycle
img_031270.jpg,ppp2d40,dpp2384,False,4,0.4286,0.175546,motorcycle
img_031271.jpg,qrg5g11,qq42384,False,6,0.1429,0.086096,motorcycle
img_031272.jpg,oyk0j72,dov2238,False,7,0.0000,0.194178,motorcycle
img_031273.jpg,ppt2j19,zp92480,False,5,0.2857,0.452397,motorcycle
img_031274.jpg,qrf4b12,qbe2284,False,6,0.1429,0.048776,motorcycle
img_031275.jpg,qrb3a73,qx97291,False,6,0.1429,0.056664,motorcycle
img_031276.jpg,qri7f71,qri238,False,4,0.4286,0.041457,motorcycle
img_031277.jpg,qri6h84,gw12234,False,6,0.1429,0.223753,motorcycle
img_031278.jpg,oyg7f39,q992480,False,7,0.0000,0.034559,motorcycle
img_031279.jpg,qrj5e58,db7288,False,6,0.1429,0.245968,motorcycle
img_031280.jpg,qnk8h24,8ow2284,False,6,0.1429,0.014938,motorcycle
img_031281.jpg,qrj9h92,gw7338,False,7,0.0000,0.133116,motorcycle
img_031283.jpg,qrk1d63,dw7238,False,7,0.0000,0.132789,motorcycle
img_031285.jpg,qri6h84,gw82284,False,5,0.2857,0.223087,motorcycle
img_031286.jpg,qrb3a73,qre2438,False,5,0.2857,0.051442,motorcycle
img_031287.jpg,qrf4b12,qre2434,False,5,0.2857,0.080192,motorcycle
img_031289.jpg,ppn1a71,pp12384,False,5,0.2857,0.340066,motorcycle
img_031290.jpg,kyq1g04,xyq2238,False,5,0.2857,0.060094,motorcycle
img_031293.jpg,oyg7f39,do92284,False,7,0.0000,0.207698,motorcycle
img_031294.jpg,qrg5g11,gq92284,False,7,0.0000,0.073768,motorcycle
img_031295.jpg,qnk8h24,squ2284,False,6,0.1429,0.112757,motorcycle
img_031296.jpg,ppi2d67,zpp2380,False,5,0.2857,0.172207,motorcycle
img_031297.jpg,qrf4b12,8br2284,False,7,0.0000,0.038785,motorcycle
img_031298.jpg,qrh8b53,qb47238,False,6,0.1429,0.098568,motorcycle
img_031299.jpg,oyg7f39,do92284,False,7,0.0000,0.077654,motorcycle
img_031303.jpg,mtw7a10,ait2384,False,7,0.0000,0.377292,motorcycle
img_031304.jpg,qri6h84,gw82284,False,5,0.2857,0.272614,motorcycle
img_031305.jpg,qrk3g62,gbk2584,False,6,0.1429,0.166165,motorcycle
img_031306.jpg,qri6i06,qq12238,False,6,0.1429,0.162790,motorcycle
img_031308.jpg,qrg5e53,qrg7291,False,4,0.4286,0.119013,motorcycle
img_031309.jpg,qrg5g11,gq12534,False,6,0.1429,0.128132,motorcycle
img_031310.jpg,pph5b07,pp42238,False,5,0.2857,0.066150,motorcycle
img_031312.jpg,ocv8d29,do49238,False,7,0.0000,0.070843,motorcycle
img_031313.jpg,mrl6j44,fr42384,False,5,0.2857,0.292848,motorcycle
img_031317.jpg,ppq7j11,zp92234,False,6,0.1429,0.014657,motorcycle
img_031320.jpg,qrk8h41,qwx2384,False,6,0.1429,0.218538,motorcycle
img_031321.jpg,ppy6c26,ppy2284,False,4,0.4286,0.306141,motorcycle
img_031322.jpg,oyk0j72,qv42384,False,7,0.0000,0.064559,motorcycle
img_031324.jpg,lry7g97,tp2384,False,7,0.0000,0.047012,motorcycle
img_031325.jpg,ppl7j55,pp47238,False,4,0.4286,0.337292,motorcycle
img_031327.jpg,ppr0d29,wb2334,False,7,0.0000,0.038998,motorcycle
img_031328.jpg,kyr9d53,dv82384,False,7,0.0000,0.139043,motorcycle
img_031330.jpg,ppw3g67,sp92484,False,6,0.1429,0.273303,motorcycle
img_031331.jpg,ppn1a71,wp2238,False,6,0.1429,0.072084,motorcycle
img_031332.jpg,ppn7d89,pp12438,False,5,0.2857,0.159732,motorcycle
img_031333.jpg,ppt2j19,ppy2480,False,4,0.4286,0.030429,motorcycle
img_031334.jpg,oye9b10,dv42484,False,7,0.0000,0.026096,motorcycle
img_031336.jpg,oyd5h74,son2238,False,7,0.0000,0.063318,motorcycle
img_031337.jpg,ppg6h84,zpg2238,False,5,0.2857,0.064000,motorcycle
img_031339.jpg,ppr0d29,pp92238,False,5,0.2857,0.051221,motorcycle
img_031340.jpg,mtw4i60,wt7238,False,6,0.1429,0.130650,motorcycle
img_031344.jpg,msr9b97,wsp2384,False,6,0.1429,0.341862,motorcycle
img_031346.jpg,lry7g97,tv2384,False,7,0.0000,0.360465,motorcycle
img_031347.jpg,ppg6h84,zp92384,False,4,0.4286,0.033132,motorcycle
img_031349.jpg,msy1h23,ws72484,False,6,0.1429,0.098200,motorcycle
img_031351.jpg,pps5j06,sps2238,False,5,0.2857,0.384583,motorcycle
img_031352.jpg,pph5b07,pp72384,False,5,0.2857,0.083708,motorcycle
img_031353.jpg,qre3f28,spu2234,False,7,0.0000,0.071048,motorcycle
img_031354.jpg,ppt6c15,fp12334,False,6,0.1429,0.013346,motorcycle
img_031355.jpg,oyg0a69,dvz7238,False,7,0.0000,0.050135,motorcycle
img_031357.jpg,qrg5g11,gq12238,False,7,0.0000,0.193780,motorcycle
img_031360.jpg,qrk8h41,qqx2384,False,6,0.1429,0.265925,motorcycle
img_031361.jpg,mqm8d57,8972384,False,7,0.0000,0.019554,motorcycle
img_031362.jpg,ovh6b79,qov1223,False,6,0.1429,0.211741,motorcycle
img_031363.jpg,ppn7d89,pp12480,False,4,0.4286,0.061498,motorcycle
img_031364.jpg,ppn1a71,pp12584,False,5,0.2857,0.103407,motorcycle
img_031367.jpg,pph5b07,pph2438,False,4,0.4286,0.179331,motorcycle
img_031369.jpg,msv7i05,ws42480,False,6,0.1429,0.034440,motorcycle
img_031370.jpg,oyk0j72,qv42384,False,7,0.0000,0.094649,motorcycle
img_031371.jpg,kyq1g04,w922384,False,6,0.1429,0.037061,motorcycle
img_031372.jpg,ppy6c26,ppy2384,False,4,0.4286,0.294507,motorcycle
img_031373.jpg,lry7g97,gxv238,False,7,0.0000,0.073495,motorcycle
img_031375.jpg,ppg6h84,zpg2384,False,3,0.5714,0.173261,motorcycle
img_031379.jpg,mqm8d57,squ2438,False,6,0.1429,0.064961,motorcycle
img_031380.jpg,ppt2j19,wpy2430,False,5,0.2857,0.039658,motorcycle
img_031382.jpg,qrb3a73,dx22384,False,7,0.0000,0.078983,motorcycle
img_031383.jpg,ppw6c70,ppt2238,False,5,0.2857,0.068000,motorcycle
img_031386.jpg,ppg6h84,zp62438,False,6,0.1429,0.238054,motorcycle
img_031388.jpg,mtx4g86,wi22384,False,6,0.1429,0.059118,motorcycle
img_031389.jpg,qrg5g11,gq92384,False,7,0.0000,0.282542,motorcycle
img_031390.jpg,ppc3d50,ppc2384,False,4,0.4286,0.196324,motorcycle
img_031391.jpg,oyh8f44,dov1238,False,7,0.0000,0.037120,motorcycle
img_031392.jpg,ppt6c15,pp12984,False,5,0.2857,0.053769,motorcycle
img_031394.jpg,qrk1d63,bbt7284,False,7,0.0000,0.078502,motorcycle
img_031396.jpg,oyg0a69,dv92234,False,7,0.0000,0.094273,motorcycle
img_031397.jpg,pzq4g21,px72384,False,6,0.1429,0.084067,motorcycle
img_031398.jpg,pzq4g21,pz9238,False,5,0.2857,0.126604,motorcycle
img_031399.jpg,qrk8h41,qqx2384,False,6,0.1429,0.153002,motorcycle
img_031400.jpg,ocv8d29,8o49233,False,7,0.0000,0.035393,motorcycle
img_031405.jpg,oda5b02,sov2238,False,7,0.0000,0.089018,motorcycle
img_031406.jpg,ppn7d89,pp12484,False,4,0.4286,0.060406,motorcycle
img_031407.jpg,qri7f71,qr22384,False,5,0.2857,0.119142,motorcycle
img_031408.jpg,ppc3d50,ppc2384,False,4,0.4286,0.315408,motorcycle
img_031411.jpg,qrh0f83,dx82438,False,7,0.0000,0.027553,motorcycle
img_031413.jpg,qri6h84,gbi2238,False,6,0.1429,0.421794,motorcycle
img_031415.jpg,lry7g97,tw2384,False,7,0.0000,0.039315,motorcycle
img_031416.jpg,msr9b97,bsp2380,False,6,0.1429,0.314817,motorcycle
img_031417.jpg,qrg5e53,qrg7292,False,4,0.4286,0.219591,motorcycle
img_031419.jpg,qre5c34,sc22234,False,5,0.2857,0.124014,motorcycle
img_031423.jpg,pxz4g96,pyz228,False,5,0.2857,0.168503,motorcycle
img_031425.jpg,mrl6j44,fr72384,False,5,0.2857,0.078684,motorcycle
img_031431.jpg,ppn6b97,pp42384,False,5,0.2857,0.129389,motorcycle
img_031432.jpg,qrk8h41,qqx2384,False,6,0.1429,0.424613,motorcycle
img_031433.jpg,ppn7d89,zp92438,False,6,0.1429,0.218941,motorcycle
img_031436.jpg,oyg7f39,qv42384,False,7,0.0000,0.177752,motorcycle
img_031440.jpg,msy1h23,ws72384,False,6,0.1429,0.120043,motorcycle
img_031442.jpg,qrg5g11,qq42284,False,6,0.1429,0.013917,motorcycle
img_031444.jpg,ppr0d29,pp92384,False,5,0.2857,0.355718,motorcycle
img_031445.jpg,kyr9d53,dvb7280,False,7,0.0000,0.163936,motorcycle
img_031449.jpg,ppw3g67,pp92484,False,5,0.2857,0.360739,motorcycle
img_031451.jpg,qrd0c17,dpd2480,False,6,0.1429,0.023527,motorcycle
img_031454.jpg,msl7j36,wst2384,False,6,0.1429,0.290760,motorcycle
img_031455.jpg,qre7b39,8be2434,False,5,0.2857,0.134288,motorcycle
img_031460.jpg,qri1d18,dbi2238,False,5,0.2857,0.457232,motorcycle
img_031461.jpg,ppi3e80,pp12484,False,4,0.4286,0.315655,motorcycle
img_031462.jpg,qrj7j46,qu12384,False,6,0.1429,0.125470,motorcycle
img_031463.jpg,qrh8b53,gr42234,False,6,0.1429,0.051315,motorcycle
img_031464.jpg,ppu6c58,pp12384,False,5,0.2857,0.293154,motorcycle
img_031465.jpg,ppw6c70,pbo2384,False,6,0.1429,0.159369,motorcycle
img_031467.jpg,ocx2g40,g642384,False,6,0.1429,0.182730,motorcycle
img_031468.jpg,oyi8e42,qqu2238,False,7,0.0000,0.142252,motorcycle
img_031469.jpg,oyk0j72,dv22384,False,7,0.0000,0.217757,motorcycle
img_031470.jpg,ppg6h84,zp92438,False,6,0.1429,0.051969,motorcycle
img_031473.jpg,oyg7f39,4x92380,False,7,0.0000,0.019875,motorcycle
img_031474.jpg,qri7d06,zor2248,False,7,0.0000,0.034566,motorcycle
img_031475.jpg,qrg3i72,qra2584,False,5,0.2857,0.058759,motorcycle
img_031476.jpg,ovh6b79,qv42280,False,6,0.1429,0.149553,motorcycle
img_031477.jpg,kyr9d53,dv82384,False,7,0.0000,0.069120,motorcycle
img_031478.jpg,eqe8g79,bede299,False,5,0.2857,0.190250,motorcycle
img_031481.jpg,qri1d18,dbi1238,False,4,0.4286,0.137369,motorcycle
img_031483.jpg,qrg2c72,4t24384,False,7,0.0000,0.028148,motorcycle
img_031486.jpg,msu6e57,fs42384,False,6,0.1429,0.499263,motorcycle
img_031488.jpg,oye9b10,qvi2438,False,7,0.0000,0.050631,motorcycle
img_031490.jpg,oyg7f39,qj12384,False,7,0.0000,0.029801,motorcycle
img_031492.jpg,qrk0i56,dok4238,False,6,0.1429,0.015518,motorcycle
img_031494.jpg,mth4g39,w3w238,False,6,0.1429,0.045846,motorcycle
img_031496.jpg,ppr0d29,dp92230,False,6,0.1429,0.013821,motorcycle
img_031497.jpg,oda5c01,sq2238,False,7,0.0000,0.233000,motorcycle
img_031498.jpg,ppw3g67,pp92438,False,5,0.2857,0.334695,motorcycle
img_031499.jpg,kyr9d53,dv37234,False,7,0.0000,0.054147,motorcycle
img_031500.jpg,qrj3d82,goi2384,False,6,0.1429,0.137234,motorcycle
img_031504.jpg,qrg0j89,qoc2238,False,6,0.1429,0.122171,motorcycle
img_031506.jpg,ovi7b50,q992238,False,7,0.0000,0.119760,motorcycle
img_031507.jpg,lry7g97,wi24384,False,7,0.0000,0.053183,motorcycle
img_031509.jpg,msg0b91,bs92238,False,6,0.1429,0.213274,motorcycle
img_031512.jpg,qrk8c68,qux2280,False,6,0.1429,0.027667,motorcycle
img_031515.jpg,ppr0d29,ppr2238,False,4,0.4286,0.211683,motorcycle
img_031517.jpg,kyr9d53,dv3238,False,7,0.0000,0.332639,motorcycle
img_031518.jpg,ppw3g67,ppy2484,False,5,0.2857,0.212161,motorcycle
img_031522.jpg,qri6h84,gw82384,False,5,0.2857,0.260119,motorcycle
img_031523.jpg,qrg5g11,q992384,False,6,0.1429,0.038516,motorcycle
img_031524.jpg,qrj4j25,qri2484,False,5,0.2857,0.038594,motorcycle
img_031525.jpg,msl7j36,wst2484,False,6,0.1429,0.288823,motorcycle
img_031526.jpg,mqm8d57,8997438,False,7,0.0000,0.003658,motorcycle
img_031527.jpg,grm5a80,gb4238,False,5,0.2857,0.205539,motorcycle
img_031528.jpg,mqx5a93,fox2384,False,6,0.1429,0.346306,motorcycle
img_031530.jpg,qrh8b53,gb42480,False,7,0.0000,0.047769,motorcycle
img_031531.jpg,gyp5f52,fyp2384,False,5,0.2857,0.240314,motorcycle
img_031536.jpg,qrg5g11,dwi2384,False,7,0.0000,0.007104,motorcycle
img_031539.jpg,ppr0d29,wp2238,False,6,0.1429,0.443472,motorcycle
img_031542.jpg,qre3f28,sf72284,False,6,0.1429,0.089806,motorcycle
img_031544.jpg,odn3f45,fts2384,False,6,0.1429,0.050606,motorcycle
img_031546.jpg,ocv8d29,qde1238,False,7,0.0000,0.029546,motorcycle
img_031547.jpg,ppy6c26,pp72484,False,5,0.2857,0.097298,motorcycle
img_031548.jpg,kyr9d53,dx42384,False,7,0.0000,0.116721,motorcycle
img_031550.jpg,qrj2c93,doi2488,False,6,0.1429,0.026580,motorcycle
img_031551.jpg,qrj2c93,db1248,False,6,0.1429,0.039747,motorcycle
img_031554.jpg,ppm5a98,sp32438,False,5,0.2857,0.381373,motorcycle
img_031556.jpg,ppy8a72,sp92384,False,6,0.1429,0.083908,motorcycle
img_031557.jpg,qrk6d29,gov2234,False,7,0.0000,0.029575,motorcycle
img_031558.jpg,qri7d06,qq12238,False,6,0.1429,0.362494,motorcycle
img_031560.jpg,mrt0j40,wbt238,False,6,0.1429,0.096205,motorcycle
img_031561.jpg,mrt0j40,wb42384,False,7,0.0000,0.043500,motorcycle
img_031562.jpg,mrt0j40,wbt238,False,6,0.1429,0.170295,motorcycle
img_031563.jpg,mrt0j40,wbt228,False,6,0.1429,0.165096,motorcycle
img_031567.jpg,qri6h84,gb12584,False,5,0.2857,0.162034,motorcycle
img_031568.jpg,ppu5f03,pp92438,False,5,0.2857,0.365698,motorcycle
img_031571.jpg,qrf1f85,dbf2284,False,5,0.2857,0.093185,motorcycle
img_031572.jpg,oyk0j72,q9v2338,False,7,0.0000,0.061386,motorcycle
img_031573.jpg,lry7g97,tbv234,False,7,0.0000,0.146622,motorcycle
img_031574.jpg,qri7i48,qui2534,False,5,0.2857,0.055414,motorcycle
img_031575.jpg,ppg5h25,pp92438,False,5,0.2857,0.179053,motorcycle
img_031576.jpg,ppg6h84,pp67238,False,5,0.2857,0.255995,motorcycle
img_031579.jpg,ode1d75,dv82284,False,7,0.0000,0.086368,motorcycle
img_031580.jpg,ocx2g40,4t72234,False,6,0.1429,0.018186,motorcycle
img_031581.jpg,ppe0g58,dpe7238,False,4,0.4286,0.134225,motorcycle
img_031582.jpg,ppn1b25,pb82384,False,6,0.1429,0.053290,motorcycle
img_031583.jpg,mtv0h43,wi7238,False,7,0.0000,0.054040,motorcycle
img_031584.jpg,kyr9d53,dvb7384,False,7,0.0000,0.387923,motorcycle
img_031585.jpg,qrj4a23,qbi2438,False,6,0.1429,0.294701,motorcycle
img_031591.jpg,mtd2f50,ftd2384,False,4,0.4286,0.075696,motorcycle
img_031594.jpg,qre3f47,dpe2484,False,6,0.1429,0.030049,motorcycle
img_031595.jpg,msh8c13,bcs1228,False,7,0.0000,0.050231,motorcycle
img_031596.jpg,lry7g97,gs72384,False,7,0.0000,0.049639,motorcycle
img_031599.jpg,ppu2e59,ppu2238,False,3,0.5714,0.316428,motorcycle
img_031603.jpg,ovh6b79,qv42284,False,6,0.1429,0.103971,motorcycle
img_031608.jpg,qrk8h41,qwx2384,False,6,0.1429,0.193240,motorcycle
img_031609.jpg,ppk8i62,bpp7228,False,6,0.1429,0.034598,motorcycle
img_031611.jpg,ppy6c26,ppy2384,False,4,0.4286,0.102005,motorcycle
img_031612.jpg,qrh8b53,qr47238,False,5,0.2857,0.080063,motorcycle
img_031616.jpg,qrj6g51,gbi2438,False,7,0.0000,0.050480,motorcycle
img_031619.jpg,ppt6c15,pp52384,False,5,0.2857,0.083869,motorcycle
img_031621.jpg,qrg3i72,qr42284,False,5,0.2857,0.065767,motorcycle
img_031623.jpg,ppw3g67,sp92438,False,6,0.1429,0.442964,motorcycle
img_031624.jpg,oyh8f44,dd42234,False,6,0.1429,0.070826,motorcycle
img_031625.jpg,qrf4b12,qbi2438,False,6,0.1429,0.090737,motorcycle
img_031629.jpg,ppu6c58,pp12484,False,5,0.2857,0.389499,motorcycle
img_031631.jpg,ppm5a98,sp31248,False,5,0.2857,0.076785,motorcycle
img_031634.jpg,ppe3h79,ppe2238,False,4,0.4286,0.092893,motorcycle
img_031635.jpg,lry7g97,tby258,False,6,0.1429,0.115149,motorcycle
img_031638.jpg,qod5a08,aq27238,False,6,0.1429,0.138800,motorcycle
img_031642.jpg,mqz0g16,g97238,False,7,0.0000,0.313727,motorcycle
img_031644.jpg,qrf8d14,8di2248,False,7,0.0000,0.176251,motorcycle
img_031645.jpg,kyr9d53,dv32284,False,7,0.0000,0.164942,motorcycle
img_031646.jpg,msb5i34,st2238,False,5,0.2857,0.139378,motorcycle
img_031648.jpg,qrk2j55,qu41238,False,6,0.1429,0.038591,motorcycle
img_031649.jpg,qre4i82,qre2384,False,3,0.5714,0.587330,motorcycle
img_031650.jpg,qrf4b12,qbe2484,False,6,0.1429,0.243112,motorcycle
img_031655.jpg,mqm8d57,8052234,False,7,0.0000,0.016529,motorcycle
img_031659.jpg,ppe6h42,pp82534,False,5,0.2857,0.074074,motorcycle
img_031660.jpg,ppl2i00,zpp2438,False,5,0.2857,0.407907,motorcycle
img_031662.jpg,ppm5a98,pp17480,False,5,0.2857,0.172608,motorcycle
img_031663.jpg,msu6e57,fs42384,False,6,0.1429,0.192759,motorcycle
img_031666.jpg,mpp2g74,gp22384,False,4,0.4286,0.045926,motorcycle
img_031669.jpg,qrk8c68,box2384,False,7,0.0000,0.075927,motorcycle
img_031670.jpg,odh9h88,wb82334,False,7,0.0000,0.012434,motorcycle
img_031672.jpg,kyr9d53,dv32384,False,7,0.0000,0.037921,motorcycle
img_031674.jpg,ppm5a98,pp12488,False,4,0.4286,0.074457,motorcycle
img_031675.jpg,ppn7d89,pby2884,False,5,0.2857,0.107437,motorcycle
img_031676.jpg,msn1c75,wa22384,False,7,0.0000,0.268662,motorcycle
img_031677.jpg,ppy6c26,ppy2432,False,4,0.4286,0.403116,motorcycle
img_031680.jpg,msv7b98,bs12384,False,6,0.1429,0.143545,motorcycle
img_031681.jpg,odl8j75,qb12234,False,7,0.0000,0.178534,motorcycle
img_031683.jpg,lry7g97,tby234,False,6,0.1429,0.326044,motorcycle
img_031686.jpg,mtw4i60,wt7238,False,6,0.1429,0.073346,motorcycle
img_031688.jpg,mqf6i83,wi22384,False,6,0.1429,0.317024,motorcycle
img_031689.jpg,qrk8c68,qrx2230,False,5,0.2857,0.070752,motorcycle
img_031690.jpg,ppn1a71,pp12484,False,5,0.2857,0.060709,motorcycle
img_031691.jpg,oda9j27,q9a2384,False,6,0.1429,0.241592,motorcycle
img_031694.jpg,qrd0c17,qrd2434,False,4,0.4286,0.105002,motorcycle
img_031698.jpg,qrf4b12,qbi2538,False,6,0.1429,0.192180,motorcycle
img_031699.jpg,qrj6j27,gs12584,False,7,0.0000,0.162766,motorcycle
img_031702.jpg,ode8b11,qq12238,False,7,0.0000,0.113664,motorcycle
img_031705.jpg,gyp5f52,gyp2238,False,4,0.4286,0.182324,motorcycle
img_031706.jpg,ows6g04,gg42238,False,7,0.0000,0.119381,motorcycle
img_031711.jpg,qre7b39,bre2438,False,4,0.4286,0.118203,motorcycle
img_031712.jpg,pps2e38,pis2438,False,2,0.7143,0.266548,motorcycle
img_031714.jpg,qrj5c38,sb12430,False,6,0.1429,0.178447,motorcycle
img_031716.jpg,ppn1a71,pp12384,False,5,0.2857,0.110936,motorcycle
img_031717.jpg,kyr9d53,wv52484,False,7,0.0000,0.027916,motorcycle
img_031724.jpg,ppn7d89,pp92384,False,4,0.4286,0.124554,motorcycle
img_031728.jpg,ppo2j11,wpt2384,False,5,0.2857,0.099129,motorcycle
img_031729.jpg,mqr4j53,wbr7438,False,6,0.1429,0.217042,motorcycle
img_031731.jpg,pjx3f88,pit2384,False,5,0.2857,0.406868,motorcycle
img_031738.jpg,qrl3g77,gr42484,False,6,0.1429,0.338739,motorcycle
img_031740.jpg,mrx1b30,bby2384,False,7,0.0000,0.620360,motorcycle
img_031741.jpg,knw2h83,bw7238,False,5,0.2857,0.029400,motorcycle
img_031745.jpg,qrg7f50,qr02480,False,4,0.4286,0.060753,motorcycle
img_031747.jpg,kyn5j13,wv82384,False,7,0.0000,0.044824,motorcycle
img_031749.jpg,qrj5c38,cri2480,False,6,0.1429,0.232186,motorcycle
img_031752.jpg,oda5c01,sca1248,False,6,0.1429,0.310717,motorcycle
img_031760.jpg,ppt2j19,ppt2384,False,3,0.5714,0.219649,motorcycle
img_031761.jpg,qrh3d03,zou2248,False,7,0.0000,0.049456,motorcycle
img_031766.jpg,ppm5a98,ppiz488,False,4,0.4286,0.119314,motorcycle
img_031768.jpg,qrk1a20,qx42284,False,6,0.1429,0.050476,motorcycle
img_031769.jpg,lry7g97,gpv2384,False,7,0.0000,0.072016,motorcycle
img_031770.jpg,oyk0j72,dv22384,False,7,0.0000,0.107944,motorcycle
img_031774.jpg,odn3f45,dp72384,False,6,0.1429,0.026384,motorcycle
img_031776.jpg,qri2d95,do42480,False,6,0.1429,0.037125,motorcycle
img_031780.jpg,ppu6c58,pp1238,False,4,0.4286,0.191762,motorcycle
img_031782.jpg,msr9b97,esp2384,False,6,0.1429,0.085451,motorcycle
img_031783.jpg,qrh8b53,qox2238,False,6,0.1429,0.054048,motorcycle
img_031785.jpg,ppj7f37,pst2382,False,6,0.1429,0.278535,motorcycle
img_031786.jpg,qri7i48,qui2438,False,4,0.4286,0.121990,motorcycle
img_031791.jpg,kyr9d53,vvb2384,False,7,0.0000,0.151235,motorcycle
img_031793.jpg,mrz1h74,fx2384,False,6,0.1429,0.087834,motorcycle
img_031794.jpg,qrm0i27,qrm729,False,3,0.5714,0.072824,motorcycle
img_031795.jpg,oye9b10,bi22384,False,7,0.0000,0.364063,motorcycle
img_031796.jpg,qrk3g62,8bx2380,False,7,0.0000,0.059106,motorcycle
img_031801.jpg,ovl3i74,qvv2384,False,5,0.2857,0.153956,motorcycle
img_031804.jpg,ocv8d29,8oc9223,False,5,0.2857,0.053812,motorcycle
img_031805.jpg,kyr9d53,wv87284,False,7,0.0000,0.045720,motorcycle
img_031807.jpg,qrf4b12,bb22584,False,7,0.0000,0.046020,motorcycle
img_031811.jpg,odl5h42,sp47238,False,7,0.0000,0.048797,motorcycle
img_031813.jpg,qrh0g84,dgb238,False,6,0.1429,0.120475,motorcycle
img_031814.jpg,ppu6c58,pp12438,False,4,0.4286,0.275255,motorcycle
img_031817.jpg,mss0h30,gs52480,False,5,0.2857,0.064275,motorcycle
img_031818.jpg,odl5h44,qd42438,False,6,0.1429,0.011407,motorcycle
img_031821.jpg,pjx3f88,piv2384,False,5,0.2857,0.361710,motorcycle
img_031823.jpg,qnk8h24,b192234,False,6,0.1429,0.024384,motorcycle
img_031824.jpg,kyr9d53,wv37282,False,7,0.0000,0.072827,motorcycle
img_031826.jpg,odl8j75,qu12384,False,7,0.0000,0.061046,motorcycle
img_031832.jpg,qrl3g77,grc2384,False,6,0.1429,0.084178,motorcycle
img_031834.jpg,lry7g97,tsv238,False,7,0.0000,0.091477,motorcycle
img_031835.jpg,ppf2h27,ppe2484,False,4,0.4286,0.147490,motorcycle
img_031836.jpg,ppf2h27,zp82484,False,5,0.2857,0.081298,motorcycle
img_031837.jpg,gyp5f52,gyp2434,False,4,0.4286,0.185912,motorcycle
img_031838.jpg,ppj5i28,pp72384,False,5,0.2857,0.297491,motorcycle
img_031839.jpg,ocv8d29,doc9223,False,5,0.2857,0.121554,motorcycle
img_031841.jpg,qre3f28,qpi2538,False,5,0.2857,0.024902,motorcycle
img_031848.jpg,ppb9c89,pp82222,False,5,0.2857,0.330995,motorcycle
img_031851.jpg,oyk0j72,dvk7488,False,6,0.1429,0.028879,motorcycle
img_031855.jpg,lry7g97,grv2584,False,6,0.1429,0.127343,motorcycle
img_031859.jpg,msr8d29,ft7238,False,7,0.0000,0.055880,motorcycle
img_031868.jpg,mrt1c57,wb72480,False,7,0.0000,0.121397,motorcycle
img_031870.jpg,kyr9d53,dvb7238,False,7,0.0000,0.135566,motorcycle
img_031873.jpg,qrk3g62,sck2438,False,6,0.1429,0.046851,motorcycle
img_031877.jpg,kyn5j13,wi22384,False,7,0.0000,0.131534,motorcycle
img_031879.jpg,qrl4i86,db42434,False,7,0.0000,0.032358,motorcycle
img_031880.jpg,pps5j06,pps2238,False,4,0.4286,0.432731,motorcycle
img_031884.jpg,pph5b07,spp2234,False,6,0.1429,0.402798,motorcycle
img_031885.jpg,msy1h23,wx7238,False,6,0.1429,0.071048,motorcycle
img_031886.jpg,hgy0f48,w99248,False,5,0.2857,0.096687,motorcycle
img_031887.jpg,ppn1b25,pbn2438,False,5,0.2857,0.027021,motorcycle
img_031888.jpg,ppc6h94,pp42384,False,4,0.4286,0.294989,motorcycle
img_031889.jpg,ppc6h94,pp42384,False,4,0.4286,0.144016,motorcycle
img_031891.jpg,ppr5j25,sp32234,False,6,0.1429,0.047293,motorcycle
img_031899.jpg,ppr0d29,pp92288,False,5,0.2857,0.041030,motorcycle
img_031903.jpg,ecf8f62,st42484,False,7,0.0000,0.014610,motorcycle
img_031904.jpg,kyr9d53,dvb749,False,7,0.0000,0.429032,motorcycle
img_031905.jpg,ppj5i28,pp12384,False,5,0.2857,0.320439,motorcycle
img_031911.jpg,odl8j75,qp12238,False,7,0.0000,0.152731,motorcycle
img_031913.jpg,qrj8d77,qoi2388,False,6,0.1429,0.014423,motorcycle
img_031914.jpg,ppm5a98,ppi7488,False,4,0.4286,0.119778,motorcycle
img_031915.jpg,msb5i87,ws84384,False,5,0.2857,0.065910,motorcycle
img_031917.jpg,odg8e93,q9g7280,False,6,0.1429,0.007112,motorcycle
img_031921.jpg,ppg8b33,bb72584,False,7,0.0000,0.065388,motorcycle
img_031922.jpg,oyd7h98,zv12234,False,7,0.0000,0.055697,motorcycle
img_031924.jpg,ppg6h84,ppg2438,False,4,0.4286,0.123844,motorcycle
img_031926.jpg,okv9e79,qu72384,False,7,0.0000,0.117987,motorcycle
img_031927.jpg,mrm7c18,cit2384,False,7,0.0000,0.338842,motorcycle
img_031928.jpg,mte9i16,wit238,False,7,0.0000,0.155847,motorcycle
img_031930.jpg,ppn9j76,pp12238,False,5,0.2857,0.060382,motorcycle
img_031934.jpg,qrh3d03,sop2238,False,7,0.0000,0.130339,motorcycle
img_031935.jpg,ppc3d50,p9c2384,False,5,0.2857,0.063750,motorcycle
img_031937.jpg,qhz2h65,zq77238,False,6,0.1429,0.035968,motorcycle
img_031938.jpg,ppe3h79,ppe2232,False,4,0.4286,0.333773,motorcycle
img_031939.jpg,ppr0d29,ppr7238,False,4,0.4286,0.142601,motorcycle
img_031940.jpg,msx3d02,sp22234,False,7,0.0000,0.044922,motorcycle
img_031945.jpg,ppp2d40,ppp2380,False,2,0.7143,0.555035,motorcycle
img_031948.jpg,kyr9d53,dx7238,False,7,0.0000,0.102076,motorcycle
img_031949.jpg,msu6e57,fs42982,False,6,0.1429,0.199009,motorcycle
img_031950.jpg,ppy6c26,ppy2384,False,4,0.4286,0.322114,motorcycle
img_031951.jpg,pjz8d82,bpz2484,False,5,0.2857,0.019093,motorcycle
img_031959.jpg,qrg9h72,dw22584,False,7,0.0000,0.014430,motorcycle
img_031960.jpg,qrh0h10,qx12238,False,6,0.1429,0.067206,motorcycle
img_031961.jpg,oyi2i87,wo7238,False,5,0.2857,0.034977,motorcycle
img_031962.jpg,ppw7j99,pp92384,False,5,0.2857,0.421356,motorcycle
img_031963.jpg,msy1h23,ws72384,False,6,0.1429,0.029667,motorcycle
img_031964.jpg,qrh2c14,qu1728,False,6,0.1429,0.020520,motorcycle
img_031969.jpg,qri2d95,qri238,False,3,0.5714,0.059200,motorcycle
img_031970.jpg,ppy6c26,spy2480,False,5,0.2857,0.116465,motorcycle
img_031975.jpg,ppp4d76,ppp7538,False,4,0.4286,0.080993,motorcycle
img_031976.jpg,msr9b97,bsp2384,False,6,0.1429,0.534217,motorcycle
img_031977.jpg,qrf9b57,bbf2384,False,6,0.1429,0.069025,motorcycle
img_031979.jpg,lry7g97,tby234,False,6,0.1429,0.120815,motorcycle
img_031981.jpg,msg0b91,bsq2384,False,6,0.1429,0.266611,motorcycle
img_031982.jpg,msv3h69,fs72384,False,6,0.1429,0.247431,motorcycle
img_031983.jpg,msu6e57,fsy2384,False,6,0.1429,0.191101,motorcycle
img_031984.jpg,ppp5e34,ppp7484,False,3,0.5714,0.206959,motorcycle
img_031985.jpg,ppr0d29,ppr2238,False,4,0.4286,0.083313,motorcycle
img_031987.jpg,mrx7j70,wby2934,False,7,0.0000,0.079502,motorcycle
img_031990.jpg,odl8j75,do15238,False,7,0.0000,0.013993,motorcycle
img_031991.jpg,ppl2i00,pp17238,False,5,0.2857,0.738650,motorcycle
img_031992.jpg,ovh3a27,dqu2238,False,7,0.0000,0.090884,motorcycle
img_031996.jpg,ppp5e34,ppp728,False,4,0.4286,0.757663,motorcycle
img_031998.jpg,ocv8d29,8q49248,False,7,0.0000,0.059652,motorcycle
img_032005.jpg,qrd0c17,qx12584,False,6,0.1429,0.031171,motorcycle
img_032010.jpg,odl5h42,gb42234,False,7,0.0000,0.037049,motorcycle
img_032011.jpg,mta0b22,bj2238,False,7,0.0000,0.151155,motorcycle
img_032012.jpg,oda9j22,qba2384,False,6,0.1429,0.136077,motorcycle
img_032013.jpg,oyk0j72,dv42284,False,7,0.0000,0.115053,motorcycle
img_032015.jpg,qrh3d03,sq22288,False,7,0.0000,0.046945,motorcycle
img_032016.jpg,mtw4i60,wt7238,False,6,0.1429,0.130502,motorcycle
img_032018.jpg,ppo2j11,qp92384,False,5,0.2857,0.049647,motorcycle
img_032019.jpg,qrk8h41,qw42384,False,6,0.1429,0.077158,motorcycle
img_032023.jpg,oyi8e42,qux2384,False,7,0.0000,0.045292,motorcycle
img_032025.jpg,oyk0j72,qv42384,False,7,0.0000,0.128871,motorcycle
img_032030.jpg,ppz1d87,pp72434,False,5,0.2857,0.208962,motorcycle
img_032035.jpg,odf9g70,gpf2280,False,5,0.2857,0.180116,motorcycle
img_032040.jpg,qrj7i24,qui2584,False,5,0.2857,0.063208,motorcycle
img_032043.jpg,ppl2i00,pp02438,False,4,0.4286,0.373105,motorcycle
img_032045.jpg,oyk0j72,dvz2384,False,7,0.0000,0.433994,motorcycle
img_032046.jpg,lry7g97,tv2234,False,7,0.0000,0.118267,motorcycle
img_032050.jpg,ppm6b38,bbu2484,False,7,0.0000,0.067497,motorcycle
img_032052.jpg,ppt9b63,bbt2384,False,6,0.1429,0.353868,motorcycle
img_032053.jpg,ocv8d29,qo49233,False,7,0.0000,0.074178,motorcycle
img_032055.jpg,odn2j97,qp42438,False,6,0.1429,0.055141,motorcycle
img_032057.jpg,qrk8h41,dqu2284,False,6,0.1429,0.019578,motorcycle
img_032059.jpg,ppt2i88,zib7248,False,6,0.1429,0.550099,motorcycle
img_032061.jpg,qre0g07,dbe2432,False,6,0.1429,0.019735,motorcycle
img_032063.jpg,pps0e98,p9s2282,False,5,0.2857,0.185945,motorcycle
img_032065.jpg,mtu4j76,w542480,False,7,0.0000,0.103357,motorcycle
img_032069.jpg,oyk0j72,qv42384,False,7,0.0000,0.094109,motorcycle
img_032073.jpg,ppp0c22,ppp2380,False,4,0.4286,0.138035,motorcycle
img_032075.jpg,oku4e38,dsu2238,False,4,0.4286,0.198988,motorcycle
img_032082.jpg,msx3d02,sc82238,False,7,0.0000,0.084914,motorcycle
img_032089.jpg,qrk7i91,dov2384,False,7,0.0000,0.084263,motorcycle
img_032091.jpg,lry7g97,tby238,False,6,0.1429,0.098834,motorcycle
img_032092.jpg,pps2f00,zp9248,False,5,0.2857,0.499856,motorcycle
img_032095.jpg,kpw5j42,skn2238,False,7,0.0000,0.414252,motorcycle
img_032096.jpg,qrf4b12,bb22884,False,7,0.0000,0.060409,motorcycle
img_032097.jpg,ppu6c58,pp12238,False,4,0.4286,0.168456,motorcycle
img_032098.jpg,odk9c02,wp52384,False,7,0.0000,0.026857,motorcycle
img_032099.jpg,msr9b97,bsp2584,False,6,0.1429,0.572976,motorcycle
img_032100.jpg,qrg3c18,cct2284,False,7,0.0000,0.082356,motorcycle
img_032105.jpg,mtx4g86,gin238,False,6,0.1429,0.083782,motorcycle
img_032107.jpg,ode8b11,aque438,False,7,0.0000,0.026398,motorcycle
img_032108.jpg,qrm2d38,do47238,False,5,0.2857,0.081193,motorcycle
img_032116.jpg,qrl3f45,ff42238,False,7,0.0000,0.022453,motorcycle
img_032118.jpg,ovh6b79,qvv9248,False,6,0.1429,0.050172,motorcycle
img_032120.jpg,oyi8e42,qdv2534,False,7,0.0000,0.128268,motorcycle
img_032121.jpg,oyk0j72,dv2238,False,7,0.0000,0.515749,motorcycle
img_032122.jpg,lry7g97,gdv234,False,7,0.0000,0.131128,motorcycle
img_032124.jpg,pjs0h50,gws2438,False,6,0.1429,0.017483,motorcycle
img_032126.jpg,mst5a03,fs12384,False,6,0.1429,0.091514,motorcycle
img_032127.jpg,ppr0d29,dpp2238,False,6,0.1429,0.052491,motorcycle
img_032128.jpg,krm7e95,k99328,False,6,0.1429,0.097952,motorcycle
img_032132.jpg,qrk8h41,zqu2238,False,7,0.0000,0.136320,motorcycle
img_032135.jpg,odk9c02,w93238,False,7,0.0000,0.146113,motorcycle
img_032136.jpg,mst5a03,sc12280,False,7,0.0000,0.102205,motorcycle
img_032139.jpg,mtw4i60,wi72434,False,7,0.0000,0.011146,motorcycle
img_032141.jpg,qrk8c68,qrx2234,False,5,0.2857,0.034936,motorcycle
img_032142.jpg,qrj3d82,gqu2238,False,6,0.1429,0.170334,motorcycle
img_032145.jpg,ovh6b79,gv42384,False,6,0.1429,0.074825,motorcycle
img_032146.jpg,msu6e57,fs42382,False,6,0.1429,0.145124,motorcycle
img_032147.jpg,ppo3j63,zp92438,False,6,0.1429,0.137001,motorcycle
img_032148.jpg,odk9c02,dpk2384,False,6,0.1429,0.178124,motorcycle
img_032153.jpg,oyi8e42,qqu2384,False,7,0.0000,0.228801,motorcycle
img_032155.jpg,ovh6b79,dva2384,False,6,0.1429,0.139023,motorcycle
img_032157.jpg,qri6h84,gb12234,False,6,0.1429,0.297393,motorcycle
img_032160.jpg,qrk5e44,qwi2334,False,5,0.2857,0.027580,motorcycle
img_032166.jpg,odk9c02,dwk2384,False,6,0.1429,0.063949,motorcycle
img_032169.jpg,ode8b11,fode223,False,5,0.2857,0.071127,motorcycle
img_032171.jpg,qrg2c72,dx42434,False,6,0.1429,0.049311,motorcycle
img_032172.jpg,msu6e57,fs42384,False,6,0.1429,0.548968,motorcycle
img_032173.jpg,oyg7f39,dv92234,False,6,0.1429,0.181530,motorcycle
img_032175.jpg,odk9c02,wp32384,False,7,0.0000,0.046303,motorcycle
img_032176.jpg,ppm5a98,pp12438,False,4,0.4286,0.239257,motorcycle
img_032178.jpg,mtw4i60,wt82384,False,6,0.1429,0.046676,motorcycle
img_032180.jpg,ode8b11,qq12238,False,7,0.0000,0.216782,motorcycle
img_032182.jpg,ovh6b79,qv42384,False,6,0.1429,0.143139,motorcycle
img_032185.jpg,krm7e95,ais2384,False,7,0.0000,0.073987,motorcycle
img_032187.jpg,mta0b22,fja2384,False,6,0.1429,0.270889,motorcycle
img_032190.jpg,qrb3a73,st22384,False,7,0.0000,0.051185,motorcycle
img_032192.jpg,ode8b11,qod1723,False,6,0.1429,0.170983,motorcycle
img_032194.jpg,qrh8b53,qbi2238,False,6,0.1429,0.037620,motorcycle
img_032195.jpg,ntu3d84,dj4238,False,6,0.1429,0.104434,motorcycle
img_032196.jpg,ovi7b50,qov2238,False,6,0.1429,0.458084,motorcycle
img_032197.jpg,ppu5f46,ppu2238,False,4,0.4286,0.312213,motorcycle
img_032200.jpg,ppy6c26,ppy892,False,3,0.5714,0.297257,motorcycle
img_032201.jpg,ovh6b79,qvv9248,False,6,0.1429,0.022118,motorcycle
img_032203.jpg,hlz9e18,we7238,False,6,0.1429,0.022218,motorcycle
img_032204.jpg,krm7e95,wo12384,False,7,0.0000,0.098963,motorcycle
img_032210.jpg,ppu5f46,ppu2238,False,4,0.4286,0.219175,motorcycle
img_032213.jpg,qhz2h65,zx72232,False,6,0.1429,0.009338,motorcycle
img_032215.jpg,oyk0j72,dv42384,False,7,0.0000,0.046056,motorcycle
img_032216.jpg,qrm8c16,8cx0748,False,7,0.0000,0.026506,motorcycle
img_032217.jpg,qrm8c16,8cx7288,False,7,0.0000,0.009774,motorcycle
img_032219.jpg,ntu3d84,fil2284,False,5,0.2857,0.012191,motorcycle
img_032221.jpg,qrm0i27,qri2238,False,5,0.2857,0.155213,motorcycle
img_032224.jpg,oyg7f39,qv12384,False,7,0.0000,0.039188,motorcycle
img_032226.jpg,ppp5e34,ppp748,False,4,0.4286,0.235708,motorcycle
img_032227.jpg,pps5j06,pp82238,False,5,0.2857,0.341587,motorcycle
img_032228.jpg,mpp2g74,tp2434,False,4,0.4286,0.098785,motorcycle
img_032230.jpg,mtx4g86,cb7238,False,6,0.1429,0.074745,motorcycle
img_032234.jpg,qrk8h41,qwx2384,False,6,0.1429,0.129488,motorcycle
img_032235.jpg,qrg7c99,qx42384,False,6,0.1429,0.066181,motorcycle
img_032243.jpg,qrj8h66,qxi2584,False,6,0.1429,0.037354,motorcycle
img_032244.jpg,ppu6c58,ppu2238,False,3,0.5714,0.511336,motorcycle
img_032246.jpg,mps6c41,cc5549,False,6,0.1429,0.013015,motorcycle
img_032247.jpg,odk9c02,wp3288,False,7,0.0000,0.017250,motorcycle
img_032249.jpg,ppc3d50,pp02238,False,5,0.2857,0.234455,motorcycle
img_032256.jpg,qrf4b12,qbe2338,False,6,0.1429,0.048267,motorcycle
img_032257.jpg,oyk0j72,dv72384,False,7,0.0000,0.172589,motorcycle
img_032259.jpg,qre7b39,qbe2438,False,4,0.4286,0.201597,motorcycle
img_032263.jpg,ppu5f46,ppu2238,False,4,0.4286,0.396175,motorcycle
img_032264.jpg,oyk0j72,dv22384,False,7,0.0000,0.198938,motorcycle
img_032265.jpg,qrj7j46,qu12484,False,6,0.1429,0.068454,motorcycle
img_032269.jpg,ppk5d62,ppx2384,False,5,0.2857,0.162493,motorcycle
img_032274.jpg,odj6h20,gb12434,False,7,0.0000,0.121852,motorcycle
img_032276.jpg,ppt2j19,pp72384,False,4,0.4286,0.134801,motorcycle
img_032277.jpg,qri7g82,qbi2384,False,4,0.4286,0.105297,motorcycle
img_032280.jpg,ppn7d89,ppv2584,False,4,0.4286,0.155454,motorcycle
img_032282.jpg,qrm3b94,qbi2238,False,6,0.1429,0.051946,motorcycle
img_032286.jpg,pkc2h29,zx42438,False,6,0.1429,0.316616,motorcycle
img_032290.jpg,krm7e95,ais2384,False,7,0.0000,0.104297,motorcycle
img_032294.jpg,qrg2j03,q9g2488,False,4,0.4286,0.080919,motorcycle
img_032296.jpg,qrf4b12,bbe2234,False,7,0.0000,0.019642,motorcycle
img_032300.jpg,oyd5h74,sv22438,False,7,0.0000,0.029307,motorcycle
img_032303.jpg,qrf0g88,q342284,False,5,0.2857,0.009249,motorcycle
img_032304.jpg,ovh6b79,qv47238,False,6,0.1429,0.150326,motorcycle
img_032305.jpg,msr9b97,bsp2384,False,6,0.1429,0.229014,motorcycle
img_032306.jpg,oyk0j72,dv42384,False,7,0.0000,0.195832,motorcycle
img_032309.jpg,lry7g97,tp2384,False,7,0.0000,0.081899,motorcycle
img_032310.jpg,qri6i06,qq42238,False,6,0.1429,0.188654,motorcycle
img_032311.jpg,qrf9c93,dc82434,False,7,0.0000,0.109449,motorcycle
img_032317.jpg,ppj7f37,ppi2384,False,5,0.2857,0.493485,motorcycle
img_032318.jpg,qrd0c17,dcd2438,False,6,0.1429,0.107516,motorcycle
img_032320.jpg,krm7e95,kj7238,False,5,0.2857,0.032594,motorcycle
img_032321.jpg,msl7j36,ws42384,False,6,0.1429,0.126482,motorcycle
img_032322.jpg,hfv6g69,ck72384,False,7,0.0000,0.094377,motorcycle
img_032327.jpg,qrk9i28,qvi2384,False,5,0.2857,0.044295,motorcycle
img_032328.jpg,ove0j86,dow2384,False,6,0.1429,0.090575,motorcycle
img_032329.jpg,ppu6c58,ppi2238,False,4,0.4286,0.312165,motorcycle
img_032330.jpg,qrb3a73,dx22384,False,7,0.0000,0.103656,motorcycle
img_032334.jpg,qri6h84,gw12234,False,6,0.1429,0.078037,motorcycle
img_032335.jpg,pph5b07,pp72284,False,5,0.2857,0.072775,motorcycle
img_032337.jpg,ode8b11,q812384,False,7,0.0000,0.118551,motorcycle
img_032339.jpg,oyk0j72,dov2384,False,7,0.0000,0.214547,motorcycle
img_032340.jpg,qrh8b53,qb42238,False,6,0.1429,0.018029,motorcycle
img_032341.jpg,kyn5j13,sw82384,False,7,0.0000,0.025025,motorcycle
img_032347.jpg,mst5a03,as72284,False,6,0.1429,0.114043,motorcycle
img_032348.jpg,krm7e95,ex42584,False,7,0.0000,0.148355,motorcycle
img_032349.jpg,kyr9d53,dv82480,False,7,0.0000,0.054961,motorcycle
img_032350.jpg,ppl2b61,bb42384,False,6,0.1429,0.196874,motorcycle
img_032354.jpg,pxz4g96,pyz2384,False,5,0.2857,0.407770,motorcycle
img_032357.jpg,ovi7b50,qo42238,False,7,0.0000,0.026626,motorcycle
img_032358.jpg,oyk0j72,qv22384,False,7,0.0000,0.181557,motorcycle
img_032359.jpg,ppg6h84,ppg2338,False,4,0.4286,0.073020,motorcycle
img_032364.jpg,krm7e95,abs238,False,7,0.0000,0.058854,motorcycle
img_032366.jpg,qrk8h41,dqu2238,False,7,0.0000,0.076910,motorcycle
img_032368.jpg,odk9c02,dpk2434,False,6,0.1429,0.077831,motorcycle
img_032371.jpg,lry7g97,4xv258,False,7,0.0000,0.113122,motorcycle
img_032372.jpg,oyk0j72,qv22384,False,7,0.0000,0.289931,motorcycle
img_032373.jpg,qri6h84,gb12234,False,6,0.1429,0.205229,motorcycle
img_032374.jpg,oyk0j72,do42384,False,7,0.0000,0.062875,motorcycle
img_032380.jpg,mtx4g86,tiz238,False,6,0.1429,0.206359,motorcycle
img_032386.jpg,grm5a80,abo2280,False,5,0.2857,0.125992,motorcycle
img_032387.jpg,mrx6d91,gx74384,False,7,0.0000,0.039902,motorcycle
img_032388.jpg,ppg3g33,sp92238,False,5,0.2857,0.351537,motorcycle
img_032389.jpg,ppt2j19,zpy2984,False,5,0.2857,0.036142,motorcycle
img_032395.jpg,mtv0h12,wi22384,False,7,0.0000,0.154621,motorcycle
img_032396.jpg,oyk0j72,qux2384,False,7,0.0000,0.110601,motorcycle
img_032400.jpg,ovi1e95,wi22384,False,7,0.0000,0.123399,motorcycle
img_032401.jpg,qrj8j70,qu12480,False,5,0.2857,0.021534,motorcycle
img_032402.jpg,qrm4j35,qr42284,False,5,0.2857,0.190561,motorcycle
img_032403.jpg,ovl5g55,gg12230,False,7,0.0000,0.070139,motorcycle
img_032407.jpg,mpk7e29,ix72534,False,7,0.0000,0.019914,motorcycle
img_032411.jpg,ppc3d50,ppc2384,False,4,0.4286,0.356859,motorcycle
img_032412.jpg,mto7c11,w72234,False,7,0.0000,0.035378,motorcycle
img_032413.jpg,ppo2j11,wp92384,False,5,0.2857,0.057525,motorcycle
img_032419.jpg,oyi8g44,dqu2238,False,7,0.0000,0.020603,motorcycle
img_032420.jpg,qrm2d38,qoi2238,False,3,0.5714,0.033654,motorcycle
img_032421.jpg,oyg7f39,dvg2384,False,6,0.1429,0.066986,motorcycle
img_032423.jpg,qrk8c68,dwa2584,False,7,0.0000,0.034959,motorcycle
img_032426.jpg,qrd0c17,dcd2238,False,6,0.1429,0.236526,motorcycle
img_032427.jpg,ove8b94,8ov2238,False,6,0.1429,0.197770,motorcycle
img_032428.jpg,msl7j36,ws42484,False,6,0.1429,0.190719,motorcycle
img_032430.jpg,ppl5f92,pp48438,False,5,0.2857,0.106080,motorcycle
img_032431.jpg,qrf4b12,qre2388,False,5,0.2857,0.160433,motorcycle
img_032432.jpg,ppw7j79,zp92384,False,6,0.1429,0.246621,motorcycle
img_032436.jpg,odk9c02,dp42384,False,7,0.0000,0.136666,motorcycle
img_032437.jpg,msr9b97,fsp2384,False,6,0.1429,0.271445,motorcycle
img_032439.jpg,qre5c34,sc22238,False,6,0.1429,0.093823,motorcycle
img_032443.jpg,krm7e95,au52384,False,7,0.0000,0.022715,motorcycle
img_032445.jpg,ppu5f46,ppu2238,False,4,0.4286,0.678164,motorcycle
img_032446.jpg,qri7f71,qri2538,False,4,0.4286,0.273806,motorcycle
img_032447.jpg,ppw7j79,p912384,False,6,0.1429,0.238489,motorcycle
img_032448.jpg,ode8b11,qo42288,False,7,0.0000,0.035471,motorcycle
img_032449.jpg,qrg2c72,cc92238,False,6,0.1429,0.004340,motorcycle
img_032451.jpg,odj3h43,qwi7288,False,7,0.0000,0.034629,motorcycle
img_032453.jpg,ppm5a98,spp7248,False,5,0.2857,0.397784,motorcycle
img_032456.jpg,odg8b88,db82384,False,5,0.2857,0.207114,motorcycle
img_032458.jpg,pph5b07,ppz2384,False,5,0.2857,0.146424,motorcycle
img_032460.jpg,ppt2j19,ppy2388,False,4,0.4286,0.029842,motorcycle
img_032462.jpg,ppn7d89,pp92384,False,4,0.4286,0.361152,motorcycle
img_032465.jpg,odj3h43,swi2438,False,6,0.1429,0.061385,motorcycle
img_032466.jpg,lmu3c65,bc57288,False,7,0.0000,0.058097,motorcycle
img_032470.jpg,ppt2j19,pp92380,False,4,0.4286,0.049153,motorcycle
img_032471.jpg,ppt2j19,pp12480,False,4,0.4286,0.014872,motorcycle
img_032473.jpg,ppm5a98,sav8748,False,6,0.1429,0.043462,motorcycle
img_032478.jpg,qrg5g11,grq1288,False,6,0.1429,0.188904,motorcycle
img_032480.jpg,ppj1f18,pp87992,False,5,0.2857,0.167878,motorcycle
img_032481.jpg,qnk8h24,qq44738,False,6,0.1429,0.044270,motorcycle
img_032485.jpg,krm7e95,xq52282,False,7,0.0000,0.008894,motorcycle
img_032486.jpg,oda5c01,sca1728,False,6,0.1429,0.163710,motorcycle
img_032487.jpg,qrj7j46,qu47332,False,5,0.2857,0.052046,motorcycle
img_032489.jpg,ppw7j99,pp9299,False,3,0.5714,0.137465,motorcycle
img_032490.jpg,oyd5h74,qv21238,False,7,0.0000,0.061170,motorcycle
img_032497.jpg,qre4i82,qre7232,False,3,0.5714,0.272004,motorcycle
img_032498.jpg,lry7g97,lbv258,False,6,0.1429,0.158092,motorcycle
