img,label,pred,correct,edit_dist,norm_ed,confidence,vehicle_type
img_000002.jpg,ppc5431,ppc5311,False,2,0.7143,0.963314,car
img_000004.jpg,ovk7900,ovk7900,True,0,1.0000,0.990808,car
img_000010.jpg,oye3384,oye3384,True,0,1.0000,0.992199,car
img_000020.jpg,lse1695,lse1695,True,0,1.0000,0.811849,car
img_000044.jpg,jsv4493,jsv4433,False,1,0.8571,0.812742,car
img_000050.jpg,ppk6012,ppk6012,True,0,1.0000,0.993351,car
img_000051.jpg,ppn1470,ppn1470,True,0,1.0000,0.991177,car
img_000071.jpg,ppz3525,ppz3525,True,0,1.0000,0.986470,car
img_000073.jpg,qrd8410,oro8410,False,2,0.7143,0.698617,car
img_000076.jpg,mrz7550,mrz7550,True,0,1.0000,0.882676,car
img_000078.jpg,eyo3502,eyo3502,True,0,1.0000,0.983586,car
img_000084.jpg,msf1046,msf1106,False,2,0.7143,0.386008,car
img_000085.jpg,oyh9528,oyh9528,True,0,1.0000,0.892441,car
img_000092.jpg,ppu0879,ppu0879,True,0,1.0000,0.997167,car
img_000095.jpg,mrp2989,mrp2989,True,0,1.0000,0.661576,car
img_000105.jpg,ovf4168,ovf4168,True,0,1.0000,0.978208,car
img_000107.jpg,mtp5026,mtp5026,True,0,1.0000,0.992257,car
img_000111.jpg,mtj5833,mtj5833,True,0,1.0000,0.822776,car
img_000112.jpg,ppw4661,ppw4661,True,0,1.0000,0.998623,car
img_000113.jpg,gmf8421,gmf8421,True,0,1.0000,0.996184,car
img_000114.jpg,ppw1889,ppw1899,False,1,0.8571,0.543241,car
img_000116.jpg,ppp4907,ppp4907,True,0,1.0000,0.996014,car
img_000117.jpg,ods3662,ods3622,False,1,0.8571,0.795205,car
img_000121.jpg,odt9984,odt9984,True,0,1.0000,0.884592,car
img_000122.jpg,msa3310,msa3310,True,0,1.0000,0.999146,car
img_000128.jpg,odo9891,od09891,False,1,0.8571,0.303486,car
img_000130.jpg,msr1353,msr1353,True,0,1.0000,0.997998,car
img_000131.jpg,odg5904,odg5904,True,0,1.0000,0.940952,car
img_000133.jpg,mtz3256,mtz325,False,1,0.8571,0.730807,car
img_000134.jpg,mst8531,mst8531,True,0,1.0000,0.998612,car
img_000137.jpg,ppw4661,ppw4661,True,0,1.0000,0.994569,car
img_000141.jpg,ppx4854,ppx4854,True,0,1.0000,0.970650,car
img_000145.jpg,ovf6363,ovf6363,True,0,1.0000,0.991631,car
img_000146.jpg,odr3127,oor3127,False,1,0.8571,0.902354,car
img_000149.jpg,kzg4329,y2g4329,False,2,0.7143,0.822860,car
img_000153.jpg,ppw4661,ppw4661,True,0,1.0000,0.994315,car
img_000156.jpg,odf5623,oof5623,False,1,0.8571,0.858622,car
img_000157.jpg,odt6208,odt6200,False,1,0.8571,0.515417,car
img_000158.jpg,ods2590,ods2590,True,0,1.0000,0.969242,car
img_000159.jpg,ods3662,ods3662,True,0,1.0000,0.864103,car
img_000161.jpg,odg3176,oog3166,False,2,0.7143,0.285111,car
img_000164.jpg,msb4766,msb4766,True,0,1.0000,0.996365,car
img_000167.jpg,odt6181,odt6181,True,0,1.0000,0.993374,car
img_000168.jpg,mry7465,mry7465,True,0,1.0000,0.366895,car
img_000169.jpg,odr3127,oor3127,False,1,0.8571,0.796186,car
img_000170.jpg,ode6371,ooe6371,False,1,0.8571,0.899886,car
img_000171.jpg,ppp7674,ppp7674,True,0,1.0000,0.994538,car
img_000173.jpg,mtc0626,mtc0626,True,0,1.0000,0.994138,car
img_000176.jpg,ppx0155,ppx0155,True,0,1.0000,0.985997,car
img_000178.jpg,qrd3012,ord3012,False,1,0.8571,0.629762,car
img_000179.jpg,ppv2861,ppv2861,True,0,1.0000,0.884896,car
img_000182.jpg,mts7362,mts7362,True,0,1.0000,0.997970,car
img_000184.jpg,ppw4661,ppw4661,True,0,1.0000,0.998519,car
img_000185.jpg,ods2590,ods2590,True,0,1.0000,0.977924,car
img_000186.jpg,mtj5833,mtj5833,True,0,1.0000,0.997483,car
img_000187.jpg,ppw0076,ppw0066,False,1,0.8571,0.544599,car
img_000188.jpg,odg4873,odg4873,True,0,1.0000,0.931016,car
img_000189.jpg,odg3176,oog3166,False,2,0.7143,0.702110,car
img_000190.jpg,fda4010,foa4010,False,1,0.8571,0.986989,car
img_000191.jpg,msb4766,msb4766,True,0,1.0000,0.997086,car
img_000192.jpg,odt6092,odt6092,True,0,1.0000,0.859781,car
img_000193.jpg,odr3127,oor3127,False,1,0.8571,0.956666,car
img_000195.jpg,mtx0171,mtx0171,True,0,1.0000,0.998454,car
img_000198.jpg,mtz3256,mtz325,False,1,0.8571,0.780016,car
img_000199.jpg,qrc6770,orc6770,False,1,0.8571,0.742994,car
img_000201.jpg,odr3984,oor3984,False,1,0.8571,0.784790,car
img_000202.jpg,odt6140,odt6140,True,0,1.0000,0.692146,car
img_000210.jpg,ppw0076,ppw076,False,1,0.8571,0.911315,car
img_000212.jpg,odg6312,oog6312,False,1,0.8571,0.815322,car
img_000214.jpg,msf9531,msf9531,True,0,1.0000,0.957787,car
img_000215.jpg,msk5187,msk5187,True,0,1.0000,0.998667,car
img_000219.jpg,odm9447,oom9447,False,1,0.8571,0.944820,car
img_000220.jpg,ppb0869,ppb0869,True,0,1.0000,0.732967,car
img_000222.jpg,ovf6363,ovf6363,True,0,1.0000,0.976261,car
img_000225.jpg,ppw0076,ppw0066,False,1,0.8571,0.524874,car
img_000228.jpg,ovf6363,ovf6363,True,0,1.0000,0.858033,car
img_000231.jpg,ppa7949,ppa7949,True,0,1.0000,0.996219,car
img_000233.jpg,msm2996,msm296,False,1,0.8571,0.976170,car
img_000234.jpg,ppp7010,ppp7010,True,0,1.0000,0.997827,car
img_000235.jpg,ppx4854,ppx4854,True,0,1.0000,0.978400,car
img_000236.jpg,mqw8039,mow8039,False,1,0.8571,0.984161,car
img_000239.jpg,odo0659,odo0659,True,0,1.0000,0.849341,car
img_000240.jpg,odg6312,oog6312,False,1,0.8571,0.982563,car
img_000242.jpg,odr3127,oor3127,False,1,0.8571,0.957488,car
img_000245.jpg,ovf6363,ovf6363,True,0,1.0000,0.996238,car
img_000246.jpg,ppp6749,ppp6749,True,0,1.0000,0.990904,car
img_000247.jpg,odr4149,oor4149,False,1,0.8571,0.966277,car
img_000248.jpg,ods6243,ods6243,True,0,1.0000,0.993943,car
img_000249.jpg,ppw4661,ppw4661,True,0,1.0000,0.996551,car
img_000250.jpg,odi1892,odi1892,True,0,1.0000,0.990496,car
img_000252.jpg,odg5904,odg5904,True,0,1.0000,0.490614,car
img_000255.jpg,mtn9522,mtn952,False,1,0.8571,0.997753,car
img_000256.jpg,ppx4854,ppy4854,False,1,0.8571,0.982494,car
img_000257.jpg,ppc9486,ppc9486,True,0,1.0000,0.991941,car
img_000258.jpg,ovf6363,ovf6363,True,0,1.0000,0.868986,car
img_000259.jpg,msf9531,msf9531,True,0,1.0000,0.944384,car
img_000261.jpg,odr4042,oor4042,False,1,0.8571,0.620415,car
img_000264.jpg,ppw0032,ppw0332,False,1,0.8571,0.858375,car
img_000265.jpg,ppp6110,ppp6100,False,1,0.8571,0.930557,car
img_000266.jpg,gmf8421,cme8421,False,2,0.7143,0.926676,car
img_000268.jpg,ods6243,ods6243,True,0,1.0000,0.996899,car
img_000270.jpg,ppx9984,ppx9984,True,0,1.0000,0.987591,car
img_000271.jpg,qnr5824,onk5824,False,2,0.7143,0.534845,car
img_000274.jpg,ppp4907,ppp4907,True,0,1.0000,0.986707,car
img_000279.jpg,oko0458,oko0458,True,0,1.0000,0.859643,car
img_000280.jpg,mtp5026,mtp5026,True,0,1.0000,0.993356,car
img_000283.jpg,ppp7519,ppp7519,True,0,1.0000,0.997518,car
img_000286.jpg,ods6243,ods6243,True,0,1.0000,0.986557,car
img_000293.jpg,ppw4661,ppw4661,True,0,1.0000,0.992195,car
img_000294.jpg,mtj5833,mtj5833,True,0,1.0000,0.984935,car
img_000295.jpg,msd0247,msd0247,True,0,1.0000,0.923422,car
img_000296.jpg,msk5187,msk5187,True,0,1.0000,0.998365,car
img_000297.jpg,mtz3256,mtz326,False,1,0.8571,0.788762,car
img_000298.jpg,ods6243,ods6243,True,0,1.0000,0.996793,car
img_000300.jpg,qrd5027,ord5027,False,1,0.8571,0.865027,car
img_000301.jpg,ppw4039,ppw4039,True,0,1.0000,0.994100,car
img_000302.jpg,ppp7010,ppp7010,True,0,1.0000,0.997031,car
img_000304.jpg,ppp3628,ppp3628,True,0,1.0000,0.994099,car
img_000305.jpg,qrb5219,orb5219,False,1,0.8571,0.874353,car
img_000306.jpg,ppw0076,ppw0066,False,1,0.8571,0.848044,car
img_000307.jpg,mka7333,mka7333,True,0,1.0000,0.998193,car
img_000309.jpg,qrc6790,qrc6790,True,0,1.0000,0.516639,car
img_000310.jpg,odt6251,odt6225,False,2,0.7143,0.888393,car
img_000311.jpg,ppx0155,ppx0155,True,0,1.0000,0.990323,car
img_000317.jpg,ppp6749,ppp6749,True,0,1.0000,0.992866,car
img_000320.jpg,odr3127,odr3127,True,0,1.0000,0.789842,car
img_000322.jpg,odt6173,oot6173,False,1,0.8571,0.942474,car
img_000323.jpg,odh1374,oom174,False,3,0.5714,0.989197,car
img_000324.jpg,odg3176,oog316,False,2,0.7143,0.560675,car
img_000325.jpg,mst4686,mst4686,True,0,1.0000,0.998148,car
img_000328.jpg,odg3967,oog3967,False,1,0.8571,0.988869,car
img_000330.jpg,mtz3549,mtz3599,False,1,0.8571,0.874668,car
img_000331.jpg,odt9984,oot9984,False,1,0.8571,0.739794,car
img_000334.jpg,ppe0807,ppe0807,True,0,1.0000,0.665285,car
img_000337.jpg,ppx0700,ppx0700,True,0,1.0000,0.986182,car
img_000339.jpg,odo9891,odq9891,False,1,0.8571,0.327668,car
img_000340.jpg,mqk4229,mok4229,False,1,0.8571,0.995419,car
img_000341.jpg,ods4852,ods4852,True,0,1.0000,0.318759,car
img_000342.jpg,ppp3628,ppp3628,True,0,1.0000,0.990958,car
img_000345.jpg,ode6371,ooe6371,False,1,0.8571,0.868326,car
img_000346.jpg,mts7362,mts7362,True,0,1.0000,0.996218,car
img_000347.jpg,odr3127,oor3127,False,1,0.8571,0.925162,car
img_000348.jpg,ppc5281,ppc5281,True,0,1.0000,0.996986,car
img_000354.jpg,fsh5743,fsh5743,True,0,1.0000,0.973434,car
img_000356.jpg,ppl5787,ppl5787,True,0,1.0000,0.995412,car
img_000357.jpg,qrc0461,orc0461,False,1,0.8571,0.883656,car
img_000358.jpg,odr1528,oor1528,False,1,0.8571,0.962536,car
img_000361.jpg,ppx9986,ppx9986,True,0,1.0000,0.972546,car
img_000362.jpg,ovf6363,ovf6363,True,0,1.0000,0.986812,car
img_000364.jpg,msi3690,msi3690,True,0,1.0000,0.973183,car
img_000366.jpg,ods2624,ods2624,True,0,1.0000,0.932192,car
img_000367.jpg,odg3967,oog3967,False,1,0.8571,0.814354,car
img_000368.jpg,ppx4010,ppx4010,True,0,1.0000,0.982689,car
img_000369.jpg,odf5623,oof5623,False,1,0.8571,0.976654,car
img_000370.jpg,mtz3549,mtz3599,False,1,0.8571,0.893335,car
img_000371.jpg,odi1892,odi1892,True,0,1.0000,0.992531,car
img_000374.jpg,odt6092,odt6092,True,0,1.0000,0.531938,car
img_000375.jpg,odt6064,odt6064,True,0,1.0000,0.744398,car
img_000378.jpg,mtz3256,mtz325,False,1,0.8571,0.565376,car
img_000381.jpg,ppw4039,ppw4039,True,0,1.0000,0.990424,car
img_000384.jpg,odg6312,oog6312,False,1,0.8571,0.908374,car
img_000389.jpg,ppw4661,ppw4661,True,0,1.0000,0.996245,car
img_000391.jpg,msd0247,msd0247,True,0,1.0000,0.827875,car
img_000392.jpg,msa1557,msa1557,True,0,1.0000,0.780099,car
img_000393.jpg,odg3967,oog3967,False,1,0.8571,0.978067,car
img_000394.jpg,odg3176,oog3176,False,1,0.8571,0.249774,car
img_000395.jpg,odi1892,odi1892,True,0,1.0000,0.996966,car
img_000396.jpg,msb4766,msb4766,True,0,1.0000,0.992590,car
img_000397.jpg,ppx0700,ppx0700,True,0,1.0000,0.974317,car
img_000398.jpg,odt6462,odt6462,True,0,1.0000,0.993627,car
img_000400.jpg,nzf9172,nzf9172,True,0,1.0000,0.884138,car
img_000403.jpg,odo9891,odo9891,True,0,1.0000,0.373668,car
img_000404.jpg,odt6251,odt6625,False,2,0.7143,0.973769,car
img_000405.jpg,odt6482,oot6482,False,1,0.8571,0.833474,car
img_000408.jpg,mts7362,mts7362,True,0,1.0000,0.997593,car
img_000410.jpg,odr3127,oor3127,False,1,0.8571,0.951986,car
img_000411.jpg,ppx4010,ppx4010,True,0,1.0000,0.926687,car
img_000414.jpg,odf4543,odf4543,True,0,1.0000,0.902894,car
img_000415.jpg,msk7666,msk7666,True,0,1.0000,0.998349,car
img_000419.jpg,ppp3410,ppp3410,True,0,1.0000,0.996818,car
img_000420.jpg,mpi7944,mpi794,False,1,0.8571,0.628320,car
img_000422.jpg,ppw2922,ppw2922,True,0,1.0000,0.761907,car
img_000426.jpg,oyk4286,oyk4286,True,0,1.0000,0.994202,car
img_000430.jpg,odg3967,oog3967,False,1,0.8571,0.987863,car
img_000432.jpg,qrd5027,ord5027,False,1,0.8571,0.919979,car
img_000433.jpg,odg3176,oog3176,False,1,0.8571,0.579209,car
img_000434.jpg,ppw4039,ppw4039,True,0,1.0000,0.996682,car
img_000436.jpg,odr3127,oor3127,False,1,0.8571,0.958978,car
img_000439.jpg,mts7362,mts7362,True,0,1.0000,0.996622,car
img_000441.jpg,ods4852,odj4852,False,1,0.8571,0.322137,car
img_000445.jpg,ppv2861,ppy2861,False,1,0.8571,0.670699,car
img_000456.jpg,odr4149,oor4149,False,1,0.8571,0.967822,car
img_000459.jpg,ppx4024,ppx4024,True,0,1.0000,0.578995,car
img_000460.jpg,ppw2480,ppw2480,True,0,1.0000,0.957438,car
img_000468.jpg,odq9369,ood9369,False,2,0.7143,0.562833,car
img_000469.jpg,odr3706,oor3706,False,1,0.8571,0.480944,car
img_000470.jpg,odg9132,oog9132,False,1,0.8571,0.569107,car
img_000471.jpg,odf4543,oof4543,False,1,0.8571,0.977495,car
img_000472.jpg,ppp7505,ppp7505,True,0,1.0000,0.944915,car
img_000474.jpg,ppx0700,ppx0700,True,0,1.0000,0.971449,car
img_000475.jpg,msa1557,msa1557,True,0,1.0000,0.995141,car
img_000476.jpg,qrc6770,orc6770,False,1,0.8571,0.989055,car
img_000477.jpg,mtz9247,atz9247,False,1,0.8571,0.972895,car
img_000478.jpg,msa8486,msa8486,True,0,1.0000,0.813277,car
img_000484.jpg,ppx0155,ppx0155,True,0,1.0000,0.992552,car
img_000485.jpg,mtt0954,mtt0954,True,0,1.0000,0.982679,car
img_000486.jpg,msa7262,msa7262,True,0,1.0000,0.998990,car
img_000489.jpg,odr3127,oor3127,False,1,0.8571,0.630410,car
img_000490.jpg,mts7362,mts7362,True,0,1.0000,0.998277,car
img_000491.jpg,odr5917,oor5917,False,1,0.8571,0.867289,car
img_000495.jpg,msa1557,msa1557,True,0,1.0000,0.993348,car
img_000498.jpg,ovl4669,dvl4699,False,2,0.7143,0.164806,car
img_000501.jpg,mqv6554,mov6554,False,1,0.8571,0.646907,car
img_000502.jpg,qol8801,ool6801,False,2,0.7143,0.850542,car
img_000505.jpg,odg1753,oog1753,False,1,0.8571,0.734626,car
img_000507.jpg,ppx4854,ppx4854,True,0,1.0000,0.957511,car
img_000509.jpg,odi1892,odi1892,True,0,1.0000,0.994117,car
img_000512.jpg,odr3127,oor3127,False,1,0.8571,0.945461,car
img_000516.jpg,oda4892,oda4892,True,0,1.0000,0.871313,car
img_000517.jpg,mtz3549,mtz3549,True,0,1.0000,0.658606,car
img_000519.jpg,mtg5739,mtg5739,True,0,1.0000,0.993636,car
img_000520.jpg,odt6181,odt6181,True,0,1.0000,0.990114,car
img_000521.jpg,odo9891,odo9891,True,0,1.0000,0.310316,car
img_000522.jpg,msd0247,msd0247,True,0,1.0000,0.829539,car
img_000523.jpg,msa1557,msa1557,True,0,1.0000,0.963018,car
img_000524.jpg,ppw0076,ppw006,False,1,0.8571,0.975073,car
img_000525.jpg,ods2015,oos2015,False,1,0.8571,0.654714,car
img_000526.jpg,mrg6866,mrg6866,True,0,1.0000,0.990306,car
img_000527.jpg,odr3127,oor3127,False,1,0.8571,0.968106,car
img_000528.jpg,qrc6770,orc6770,False,1,0.8571,0.994236,car
img_000529.jpg,mql2952,mol2952,False,1,0.8571,0.969528,car
img_000530.jpg,mte5140,mte5140,True,0,1.0000,0.994946,car
img_000535.jpg,odi1892,odi1892,True,0,1.0000,0.984899,car
img_000536.jpg,odt6482,odt6482,True,0,1.0000,0.888728,car
img_000537.jpg,ppx4040,ppa4040,False,1,0.8571,0.683355,car
img_000542.jpg,odr3984,odr3984,True,0,1.0000,0.900946,car
img_000544.jpg,msn8551,msn8551,True,0,1.0000,0.974895,car
img_000545.jpg,ppw4039,ppw4039,True,0,1.0000,0.968002,car
img_000547.jpg,ovf6363,ovf6363,True,0,1.0000,0.992208,car
img_000548.jpg,odg3176,oog3166,False,2,0.7143,0.398214,car
img_000549.jpg,ppp9250,ppp9250,True,0,1.0000,0.885037,car
img_000550.jpg,ods2861,oos2861,False,1,0.8571,0.953647,car
img_000552.jpg,mtg5739,mtg5739,True,0,1.0000,0.842867,car
img_000555.jpg,ppx0696,ppx0696,True,0,1.0000,0.979240,car
img_000557.jpg,ppg3724,ppg3724,True,0,1.0000,0.997036,car
img_000561.jpg,odr3127,oor3127,False,1,0.8571,0.907742,car
img_000562.jpg,mtz3549,mtz3599,False,1,0.8571,0.636440,car
img_000563.jpg,qrc6770,orc6770,False,1,0.8571,0.961739,car
img_000565.jpg,fda4010,foa4010,False,1,0.8571,0.997756,car
img_000568.jpg,qnr5824,onr5824,False,1,0.8571,0.413543,car
img_000571.jpg,qrb9955,orb9955,False,1,0.8571,0.926446,car
img_000572.jpg,odo0659,odo0659,True,0,1.0000,0.682559,car
img_000575.jpg,ppx4024,ppa4024,False,1,0.8571,0.499623,car
img_000576.jpg,mts7362,mts7362,True,0,1.0000,0.998240,car
img_000577.jpg,odr3127,oor3127,False,1,0.8571,0.923661,car
img_000579.jpg,mtt0954,mtt0954,True,0,1.0000,0.981917,car
img_000580.jpg,odo1303,odd1303,False,1,0.8571,0.726387,car
img_000582.jpg,odg3967,oog3967,False,1,0.8571,0.899030,car
img_000583.jpg,odt6140,odt6140,True,0,1.0000,0.984729,car
img_000584.jpg,ovf6315,oyf6315,False,1,0.8571,0.579230,car
img_000587.jpg,qqg7579,oog7579,False,2,0.7143,0.890146,car
img_000589.jpg,ppp6853,ppp6853,True,0,1.0000,0.989457,car
img_000591.jpg,dqf5959,dof5995,False,3,0.5714,0.558970,car
img_000592.jpg,odg1753,oog1753,False,1,0.8571,0.652464,car
img_000601.jpg,pph7923,pph7923,True,0,1.0000,0.995780,car
img_000607.jpg,odb9073,oob9073,False,1,0.8571,0.889451,car
img_000609.jpg,ods2861,80s2861,False,2,0.7143,0.141842,car
img_000615.jpg,odf1587,oof1587,False,1,0.8571,0.527532,car
img_000616.jpg,odp0519,oop0519,False,1,0.8571,0.983310,car
img_000617.jpg,ppw0076,ppw0076,True,0,1.0000,0.513394,car
img_000618.jpg,mtx0171,mtx0171,True,0,1.0000,0.997624,car
img_000619.jpg,odg3176,oog3166,False,2,0.7143,0.616440,car
img_000623.jpg,qrc6770,orc6770,False,1,0.8571,0.993815,car
img_000625.jpg,odr3706,oor3706,False,1,0.8571,0.697462,car
img_000627.jpg,ppw9332,ppw9322,False,1,0.8571,0.795386,car
img_000631.jpg,mtx0171,mtx0171,True,0,1.0000,0.998625,car
img_000632.jpg,odr3127,oor3127,False,1,0.8571,0.594769,car
img_000633.jpg,ppw4039,ppw4039,True,0,1.0000,0.997847,car
img_000636.jpg,msa1557,msa1557,True,0,1.0000,0.972656,car
img_000641.jpg,ocz6223,ocz6223,True,0,1.0000,0.991366,car
img_000646.jpg,ppx4854,ppx4854,True,0,1.0000,0.947943,car
img_000649.jpg,odr3127,odr3127,True,0,1.0000,0.506731,car
img_000650.jpg,odm6350,oom6350,False,1,0.8571,0.963304,car
img_000656.jpg,msd0247,msd0247,True,0,1.0000,0.813088,car
img_000657.jpg,msa1557,msa1557,True,0,1.0000,0.984796,car
img_000660.jpg,ppw1889,ppw1889,True,0,1.0000,0.713241,car
img_000661.jpg,mst8531,mst8531,True,0,1.0000,0.998342,car
img_000663.jpg,odi1892,odi1892,True,0,1.0000,0.994768,car
img_000664.jpg,msa7262,msa7262,True,0,1.0000,0.998477,car
img_000668.jpg,ocv7476,ocv7476,True,0,1.0000,0.572295,car
img_000669.jpg,ovk3888,ovk3888,True,0,1.0000,0.997428,car
img_000673.jpg,msf9531,msf9531,True,0,1.0000,0.993925,car
img_000678.jpg,qqr8453,oor8453,False,2,0.7143,0.429321,car
img_000679.jpg,ppp9250,ppp9250,True,0,1.0000,0.980054,car
img_000680.jpg,ocv2491,ocy2491,False,1,0.8571,0.757896,car
img_000682.jpg,mrq2842,mro2842,False,1,0.8571,0.973584,car
img_000684.jpg,euv4667,euv4677,False,1,0.8571,0.340565,car
img_000686.jpg,oye0941,oye0941,True,0,1.0000,0.994075,car
img_000689.jpg,qrc6770,orc6770,False,1,0.8571,0.992450,car
img_000692.jpg,odg3176,oog3166,False,2,0.7143,0.214917,car
img_000693.jpg,mtk8020,mtk8020,True,0,1.0000,0.537960,car
img_000696.jpg,nzt9498,nzt9498,True,0,1.0000,0.930281,car
img_000697.jpg,nzt9498,anzt949,False,2,0.7143,0.506247,car
img_000699.jpg,ppw4661,ppw4661,True,0,1.0000,0.993027,car
img_000700.jpg,odt6061,odt6061,True,0,1.0000,0.617646,car
img_000701.jpg,msa1557,msa1557,True,0,1.0000,0.987493,car
img_000702.jpg,odt6208,odt6208,True,0,1.0000,0.669910,car
img_000705.jpg,msa7262,msa7262,True,0,1.0000,0.998885,car
img_000706.jpg,ppw9332,ppw9322,False,1,0.8571,0.850470,car
img_000707.jpg,odr3127,oor3127,False,1,0.8571,0.908982,car
img_000709.jpg,qrc9801,orc9801,False,1,0.8571,0.993182,car
img_000711.jpg,odr3127,oor3127,False,1,0.8571,0.759515,car
img_000712.jpg,msa1557,msa1557,True,0,1.0000,0.989127,car
img_000716.jpg,ppv7264,ppv7264,True,0,1.0000,0.646887,car
img_000719.jpg,ppp7674,ppp7674,True,0,1.0000,0.995094,car
img_000722.jpg,odm8060,oom8060,False,1,0.8571,0.993068,car
img_000726.jpg,msm2979,msm2979,True,0,1.0000,0.998827,car
img_000727.jpg,ppp6853,ppp6853,True,0,1.0000,0.985127,car
img_000728.jpg,qjk6374,ojk6374,False,1,0.8571,0.941423,car
img_000729.jpg,msa1557,msa155,False,1,0.8571,0.932588,car
img_000730.jpg,ods3662,oos3662,False,1,0.8571,0.439868,car
img_000731.jpg,odp0519,oop0519,False,1,0.8571,0.989614,car
img_000732.jpg,odg3176,oog3166,False,2,0.7143,0.740833,car
img_000733.jpg,ods2590,ods2590,True,0,1.0000,0.983426,car
img_000736.jpg,odr5274,oor5274,False,1,0.8571,0.869011,car
img_000746.jpg,msg7196,msg716,False,1,0.8571,0.773250,car
img_000761.jpg,ods9896,ods9896,True,0,1.0000,0.850391,car
img_000771.jpg,mtb6923,mtb6923,True,0,1.0000,0.685790,car
img_000776.jpg,mpj4391,mpj4391,True,0,1.0000,0.999657,car
img_000780.jpg,qny4536,ony4566,False,2,0.7143,0.861296,car
img_000786.jpg,ppq7354,ppo7354,False,1,0.8571,0.560986,car
img_000789.jpg,jqj0456,joj0456,False,1,0.8571,0.743146,car
img_000794.jpg,dam5437,dam5437,True,0,1.0000,0.909048,car
img_000795.jpg,msr4057,msp4057,False,1,0.8571,0.997212,car
img_000798.jpg,odf8178,oof8178,False,1,0.8571,0.913402,car
img_000810.jpg,mtw3110,mtw310,False,1,0.8571,0.997389,car
img_000824.jpg,ovf0629,ovf0629,True,0,1.0000,0.960769,car
img_000825.jpg,aud9870,aud9870,True,0,1.0000,0.998936,car
img_000831.jpg,msy5362,msy5362,True,0,1.0000,0.998684,car
img_000832.jpg,mss6605,mss6605,True,0,1.0000,0.753745,car
img_000836.jpg,msa2212,msa2212,True,0,1.0000,0.993595,car
img_000840.jpg,oyk7891,oyk7891,True,0,1.0000,0.997503,car
img_000841.jpg,ppm2757,ppm2757,True,0,1.0000,0.985296,car
img_000844.jpg,flu3653,flu363,False,1,0.8571,0.871582,car
img_000854.jpg,mts0837,mts0837,True,0,1.0000,0.995559,car
img_000857.jpg,mtq6935,mto6935,False,1,0.8571,0.983328,car
img_000859.jpg,ove2395,ove2395,True,0,1.0000,0.985591,car
img_000863.jpg,msy0949,msy0949,True,0,1.0000,0.998512,car
img_000867.jpg,ppu0714,ppu0714,True,0,1.0000,0.998018,car
img_000872.jpg,ppv8752,ppv8752,True,0,1.0000,0.994532,car
img_000873.jpg,hmi7411,hmi7411,True,0,1.0000,0.420977,car
img_000877.jpg,eeo7107,eed7107,False,1,0.8571,0.881757,car
img_000880.jpg,mss2913,mss2913,True,0,1.0000,0.849511,car
img_000881.jpg,qrb2043,orb2043,False,1,0.8571,0.898623,car
img_000892.jpg,mqp6736,mop6736,False,1,0.8571,0.991882,car
img_000893.jpg,odb9830,oob9830,False,1,0.8571,0.479870,car
img_000898.jpg,ppx0617,ppx0617,True,0,1.0000,0.877274,car
img_000911.jpg,ppz2798,ppz2798,True,0,1.0000,0.984845,car
img_000926.jpg,odn5493,oon5493,False,1,0.8571,0.983849,car
img_000935.jpg,ppo4393,ppo4393,True,0,1.0000,0.944538,car
img_000938.jpg,kpw4529,kpw4529,True,0,1.0000,0.993416,car
img_000939.jpg,hcq3053,mco3053,False,2,0.7143,0.900050,car
img_000945.jpg,ppe5615,ppe5615,True,0,1.0000,0.996966,car
img_000953.jpg,pvd3867,pyd3867,False,1,0.8571,0.978144,car
img_000954.jpg,ppb0307,ppb0307,True,0,1.0000,0.982674,car
img_000967.jpg,mrd0953,mrd0953,True,0,1.0000,0.963758,car
img_000971.jpg,msj7415,msj7415,True,0,1.0000,0.994260,car
img_000974.jpg,euv4667,euv4667,True,0,1.0000,0.905451,car
img_000978.jpg,gzv6241,gzv6241,True,0,1.0000,0.985544,car
img_000980.jpg,msr4148,msr4148,True,0,1.0000,0.739157,car
img_000994.jpg,odq7295,odq7295,True,0,1.0000,0.532640,car
img_000998.jpg,mqv6554,mov6554,False,1,0.8571,0.995844,car
img_001028.jpg,lqk5610,lok5610,False,1,0.8571,0.998510,car
img_001033.jpg,ppm2725,ppm2725,True,0,1.0000,0.974870,car
img_001037.jpg,ode3578,ooe3578,False,1,0.8571,0.778689,car
img_001041.jpg,odc0482,odc0482,True,0,1.0000,0.990211,car
img_001050.jpg,ovj6155,ovj6155,True,0,1.0000,0.995059,car
img_001061.jpg,pjv8445,piv8445,False,1,0.8571,0.820896,car
img_001065.jpg,qrb8380,orb8380,False,1,0.8571,0.994171,car
img_001069.jpg,ppx4940,ppx4940,True,0,1.0000,0.982234,car
img_001076.jpg,ppx5303,ppx5303,True,0,1.0000,0.996423,car
img_001081.jpg,mtf1704,mtf1704,True,0,1.0000,0.993584,car
img_001084.jpg,ppw9117,ppw9177,False,1,0.8571,0.980956,car
img_001087.jpg,pxd9590,pxd9590,True,0,1.0000,0.658203,car
img_001090.jpg,owp0505,owp0505,True,0,1.0000,0.949174,car
img_001092.jpg,jiy2883,jiy2883,True,0,1.0000,0.970822,car
img_001095.jpg,ppc7990,ppc7990,True,0,1.0000,0.990166,car
img_001109.jpg,mts5428,mts5428,True,0,1.0000,0.991876,car
img_001110.jpg,odq9418,odq9418,True,0,1.0000,0.669385,car
img_001122.jpg,ocz0909,ocz0909,True,0,1.0000,0.957323,car
img_001124.jpg,ppu4196,ppu4196,True,0,1.0000,0.988367,car
img_001127.jpg,ods7161,ods7161,True,0,1.0000,0.520856,car
img_001141.jpg,msb1993,msb1993,True,0,1.0000,0.912624,car
img_001142.jpg,odc7593,o8c7593,False,1,0.8571,0.221920,car
img_001145.jpg,odi4526,odi4566,False,1,0.8571,0.975742,car
img_001146.jpg,ppu1195,ppu1155,False,1,0.8571,0.594749,car
img_001152.jpg,mox4428,mox4428,True,0,1.0000,0.916146,car
img_001154.jpg,ppv2253,ppv2253,True,0,1.0000,0.957633,car
img_001156.jpg,ppo6642,ppo6642,True,0,1.0000,0.767719,car
img_001159.jpg,qpk3360,opk3360,False,1,0.8571,0.984501,car
img_001160.jpg,ppw2400,ppw2400,True,0,1.0000,0.968943,car
img_001163.jpg,mqj5849,moj5849,False,1,0.8571,0.997168,car
img_001164.jpg,msx8326,msx8326,True,0,1.0000,0.449223,car
img_001165.jpg,msq4244,msd4244,False,1,0.8571,0.812429,car
img_001166.jpg,mtc5704,mtc5704,True,0,1.0000,0.998786,car
img_001167.jpg,ove1875,ove1875,True,0,1.0000,0.994247,car
img_001177.jpg,ppk8945,ppk8945,True,0,1.0000,0.997118,car
img_001182.jpg,mss2308,mss2309,False,1,0.8571,0.641512,car
img_001185.jpg,odr7608,odr7608,True,0,1.0000,0.819673,car
img_001189.jpg,odf4825,odf4825,True,0,1.0000,0.884649,car
img_001190.jpg,odc0569,ooc0569,False,1,0.8571,0.473158,car
img_001191.jpg,ppx5172,ppx5172,True,0,1.0000,0.984608,car
img_001192.jpg,odg6312,odg6312,True,0,1.0000,0.914910,car
img_001194.jpg,mtd3867,mtd3867,True,0,1.0000,0.995103,car
img_001198.jpg,odt6112,odt6112,True,0,1.0000,0.940211,car
img_001199.jpg,mqo6017,moo6017,False,1,0.8571,0.974446,car
img_001200.jpg,odt6061,odt6061,True,0,1.0000,0.996129,car
img_001201.jpg,mtj5833,mtj5833,True,0,1.0000,0.960978,car
img_001204.jpg,odg3176,oog3176,False,1,0.8571,0.835472,car
img_001205.jpg,mtx0171,mtx0171,True,0,1.0000,0.998504,car
img_001206.jpg,qrc6770,orc6770,False,1,0.8571,0.996303,car
img_001208.jpg,odi1892,odi1892,True,0,1.0000,0.981214,car
img_001211.jpg,ppx4854,ppx4854,True,0,1.0000,0.704849,car
img_001212.jpg,mtz9247,mtz9247,True,0,1.0000,0.244090,car
img_001213.jpg,mka7333,mka7333,True,0,1.0000,0.999036,car
img_001214.jpg,odt6162,odt6162,True,0,1.0000,0.673418,car
img_001216.jpg,odr3706,oor3706,False,1,0.8571,0.963401,car
img_001217.jpg,odt6092,oot6092,False,1,0.8571,0.815067,car
img_001219.jpg,oye0941,oye0941,True,0,1.0000,0.996695,car
img_001220.jpg,odr5548,oor5548,False,1,0.8571,0.655666,car
img_001221.jpg,odr3127,oor3127,False,1,0.8571,0.944535,car
img_001223.jpg,qrc9801,orc9801,False,1,0.8571,0.971826,car
img_001226.jpg,odr3984,odr3984,True,0,1.0000,0.766328,car
img_001228.jpg,oye0941,oye0941,True,0,1.0000,0.989937,car
img_001229.jpg,ppx4854,ppx4854,True,0,1.0000,0.914419,car
img_001231.jpg,qrb1720,orb1720,False,1,0.8571,0.841161,car
img_001232.jpg,ovf6363,ovf6363,True,0,1.0000,0.992273,car
img_001233.jpg,qrc0461,orc0461,False,1,0.8571,0.818574,car
img_001235.jpg,msr2924,msp2924,False,1,0.8571,0.951385,car
img_001236.jpg,ods2861,oos2861,False,1,0.8571,0.948033,car
img_001238.jpg,ppx6781,ppx6781,True,0,1.0000,0.926492,car
img_001240.jpg,msa1557,msa1557,True,0,1.0000,0.986344,car
img_001241.jpg,mtz8488,lijz828,False,5,0.2857,0.085559,car
img_001242.jpg,msm2979,msm2979,True,0,1.0000,0.998331,car
img_001243.jpg,odo9891,od09891,False,1,0.8571,0.363728,car
img_001244.jpg,odp0519,oop0519,False,1,0.8571,0.976302,car
img_001245.jpg,odg3176,oog3166,False,2,0.7143,0.666710,car
img_001247.jpg,mty0063,mty0063,True,0,1.0000,0.992897,car
img_001248.jpg,ocz6223,ocz6223,True,0,1.0000,0.989486,car
img_001250.jpg,odt6162,odt6162,True,0,1.0000,0.980777,car
img_001253.jpg,ppx4010,ppx4010,True,0,1.0000,0.991583,car
img_001254.jpg,ppp6398,ppp6398,True,0,1.0000,0.992805,car
img_001255.jpg,odr3127,odr3127,True,0,1.0000,0.738873,car
img_001256.jpg,odo9891,odq9891,False,1,0.8571,0.401538,car
img_001258.jpg,ppp7519,ppp7519,True,0,1.0000,0.998005,car
img_001259.jpg,ppz5238,ppz5238,True,0,1.0000,0.992675,car
img_001260.jpg,msi3655,msi365,False,1,0.8571,0.875241,car
img_001264.jpg,mtn9522,mtn952,False,1,0.8571,0.997906,car
img_001265.jpg,ppx0696,ppx0696,True,0,1.0000,0.987755,car
img_001266.jpg,odr3127,odr3127,True,0,1.0000,0.714212,car
img_001267.jpg,odg3176,oog3166,False,2,0.7143,0.301420,car
img_001269.jpg,odo9891,odo9891,True,0,1.0000,0.326187,car
img_001271.jpg,ppx4854,ppx4854,True,0,1.0000,0.978803,car
img_001272.jpg,odi1892,odi1892,True,0,1.0000,0.977449,car
img_001276.jpg,qrc6790,orc6790,False,1,0.8571,0.979949,car
img_001278.jpg,odr2139,odp2139,False,1,0.8571,0.922545,car
img_001280.jpg,byq3760,byo3760,False,1,0.8571,0.998742,car
img_001281.jpg,mrq2842,mro2842,False,1,0.8571,0.660090,car
img_001283.jpg,odp0519,oop0519,False,1,0.8571,0.949437,car
img_001284.jpg,qrd1477,qrd1477,True,0,1.0000,0.533660,car
img_001286.jpg,ods5913,oos5913,False,1,0.8571,0.793930,car
img_001287.jpg,msk5187,msk5187,True,0,1.0000,0.997677,car
img_001289.jpg,byq3760,byo3760,False,1,0.8571,0.986218,car
img_001290.jpg,mqx3427,mox3427,False,1,0.8571,0.744170,car
img_001295.jpg,bqs6540,bos6540,False,1,0.8571,0.896901,car
img_001296.jpg,odt3275,oot3275,False,1,0.8571,0.978471,car
img_001297.jpg,odt6142,odt6142,True,0,1.0000,0.917237,car
img_001309.jpg,ocz2846,ocz2846,True,0,1.0000,0.980761,car
img_001310.jpg,byq3760,byo3760,False,1,0.8571,0.998754,car
img_001312.jpg,ocx7051,ocx7051,True,0,1.0000,0.991759,car
img_001314.jpg,odg3176,oog3166,False,2,0.7143,0.273475,car
img_001316.jpg,odt6061,odt6061,True,0,1.0000,0.979804,car
img_001318.jpg,ovk9607,oyk9607,False,1,0.8571,0.965334,car
img_001319.jpg,odg3176,oog3176,False,1,0.8571,0.271277,car
img_001320.jpg,qjk6374,ojk6344,False,2,0.7143,0.542509,car
img_001321.jpg,odt6129,odt6199,False,1,0.8571,0.945685,car
img_001322.jpg,odf5623,oof5623,False,1,0.8571,0.942310,car
img_001324.jpg,odt6064,odt6064,True,0,1.0000,0.636992,car
img_001326.jpg,ppw4039,ppw4039,True,0,1.0000,0.983990,car
img_001327.jpg,odr5274,oor5274,False,1,0.8571,0.903749,car
img_001328.jpg,ppp3628,ppp3628,True,0,1.0000,0.988512,car
img_001331.jpg,ppw0076,ppw0066,False,1,0.8571,0.617338,car
img_001332.jpg,ppx4024,ppx4024,True,0,1.0000,0.471626,car
img_001333.jpg,odr3127,oor3127,False,1,0.8571,0.843251,car
img_001334.jpg,mtx0171,mtx0171,True,0,1.0000,0.998245,car
img_001336.jpg,msr1117,msr1177,False,1,0.8571,0.730663,car
img_001337.jpg,mtz3256,mtz325,False,1,0.8571,0.690518,car
img_001340.jpg,odg1753,odg1753,True,0,1.0000,0.905063,car
img_001343.jpg,odg6312,oog6312,False,1,0.8571,0.957819,car
img_001344.jpg,msf9531,msf9531,True,0,1.0000,0.967866,car
img_001348.jpg,odt6482,odt6482,True,0,1.0000,0.870345,car
img_001349.jpg,mtz3256,mtz325,False,1,0.8571,0.988658,car
img_001350.jpg,ppw0076,ppw076,False,1,0.8571,0.483903,car
img_001352.jpg,qrc6770,orc6770,False,1,0.8571,0.985880,car
img_001353.jpg,ods3662,ods3662,True,0,1.0000,0.976118,car
img_001354.jpg,ppn7838,ppn7838,True,0,1.0000,0.997416,car
img_001356.jpg,odp0519,oop0519,False,1,0.8571,0.988697,car
img_001357.jpg,loy5808,loy5808,True,0,1.0000,0.981841,car
img_001358.jpg,msa7262,msa7262,True,0,1.0000,0.999101,car
img_001361.jpg,odr3127,oor3127,False,1,0.8571,0.708954,car
img_001364.jpg,odo9891,odo9891,True,0,1.0000,0.343745,car
img_001367.jpg,odf2786,odf2786,True,0,1.0000,0.527913,car
img_001371.jpg,mrx3194,mrx3194,True,0,1.0000,0.682659,car
img_001372.jpg,odg1893,oog1893,False,1,0.8571,0.766909,car
img_001373.jpg,odk8117,ook8177,False,2,0.7143,0.979488,car
img_001374.jpg,ovf6363,ovf6363,True,0,1.0000,0.943057,car
img_001376.jpg,odp0519,oop0519,False,1,0.8571,0.923288,car
img_001377.jpg,ppx0155,ppx0155,True,0,1.0000,0.980925,car
img_001380.jpg,mpe2451,mpe2451,True,0,1.0000,0.973679,car
img_001384.jpg,ods2861,oos2861,False,1,0.8571,0.988050,car
img_001386.jpg,byq3760,byo3760,False,1,0.8571,0.998354,car
img_001388.jpg,byq3760,byo3760,False,1,0.8571,0.997098,car
img_001389.jpg,ppv2861,ppv2861,True,0,1.0000,0.973802,car
img_001391.jpg,oye0941,oye0941,True,0,1.0000,0.970893,car
img_001392.jpg,odt6208,oot6220,False,3,0.5714,0.903511,car
img_001393.jpg,odg3967,oog3967,False,1,0.8571,0.984521,car
img_001395.jpg,ppx5163,ppx5163,True,0,1.0000,0.994606,car
img_001396.jpg,mtz3549,mtz3549,True,0,1.0000,0.959424,car
img_001397.jpg,odp0519,oop0519,False,1,0.8571,0.989491,car
img_001398.jpg,qrc6770,orc6770,False,1,0.8571,0.683130,car
img_001399.jpg,ods3398,ods3398,True,0,1.0000,0.943105,car
img_001400.jpg,fda4010,faa4010,False,1,0.8571,0.389221,car
img_001401.jpg,odo9891,odo9891,True,0,1.0000,0.342934,car
img_001404.jpg,ppw0076,ppw0066,False,1,0.8571,0.730083,car
img_001406.jpg,ods6881,ods6888,False,1,0.8571,0.920539,car
img_001407.jpg,odr3127,oor3127,False,1,0.8571,0.891734,car
img_001408.jpg,odf4543,oof4543,False,1,0.8571,0.668752,car
img_001409.jpg,msc9128,msc918,False,1,0.8571,0.980346,car
img_001410.jpg,ppt9994,ppt999,False,1,0.8571,0.970022,car
img_001416.jpg,odp0519,oop0519,False,1,0.8571,0.981126,car
img_001417.jpg,odg6312,oog6312,False,1,0.8571,0.719149,car
img_001418.jpg,hai9942,mai9942,False,1,0.8571,0.906367,car
img_001419.jpg,ocv6153,ocv6153,True,0,1.0000,0.989347,car
img_001424.jpg,ppp7505,ppp7505,True,0,1.0000,0.997786,car
img_001427.jpg,mqn5440,mon540,False,2,0.7143,0.990252,car
img_001430.jpg,ovi1629,ovi169,False,1,0.8571,0.993282,car
img_001432.jpg,ppp4341,ppp4341,True,0,1.0000,0.976741,car
img_001434.jpg,mtz3549,mtz3549,True,0,1.0000,0.911661,car
img_001436.jpg,ppp7519,ppp7519,True,0,1.0000,0.997680,car
img_001446.jpg,oqi5224,ooi524,False,2,0.7143,0.788716,car
img_001453.jpg,byq3760,byo3760,False,1,0.8571,0.995942,car
img_001455.jpg,mtx0171,mtx0171,True,0,1.0000,0.998790,car
img_001456.jpg,odt6063,oot6063,False,1,0.8571,0.760434,car
img_001461.jpg,mrl3604,mrl3604,True,0,1.0000,0.379566,car
img_001462.jpg,odr4149,oor4149,False,1,0.8571,0.924237,car
img_001463.jpg,mtz3549,mtz3549,True,0,1.0000,0.865653,car
img_001464.jpg,odt7199,odt7199,True,0,1.0000,0.542518,car
img_001465.jpg,mtz3256,mtz325,False,1,0.8571,0.963650,car
img_001469.jpg,msa7262,msa7262,True,0,1.0000,0.998913,car
img_001472.jpg,odt7297,odt7297,True,0,1.0000,0.989944,car
img_001475.jpg,ods2015,oos2015,False,1,0.8571,0.950672,car
img_001476.jpg,odo9891,odo9891,True,0,1.0000,0.468824,car
img_001477.jpg,pps5495,pps5995,False,1,0.8571,0.815838,car
img_001478.jpg,msa1557,msa1557,True,0,1.0000,0.993567,car
img_001481.jpg,odp0519,oop0519,False,1,0.8571,0.987015,car
img_001482.jpg,mry9914,mpy9914,False,1,0.8571,0.996233,car
img_001484.jpg,ovf6363,ovf6363,True,0,1.0000,0.991781,car
img_001488.jpg,odr3127,oor3127,False,1,0.8571,0.977640,car
img_001492.jpg,mpw8555,mpw8555,True,0,1.0000,0.997167,car
img_001494.jpg,mtn9522,mtn952,False,1,0.8571,0.975721,car
img_001495.jpg,odr3127,oor3127,False,1,0.8571,0.644234,car
img_001497.jpg,iwd5655,iwd5655,True,0,1.0000,0.959743,car
img_001498.jpg,ppx4048,ppx4048,True,0,1.0000,0.866952,car
img_001499.jpg,odg3967,oog3967,False,1,0.8571,0.992697,car
img_001500.jpg,ppx7377,ppx7377,True,0,1.0000,0.992927,car
img_001501.jpg,ppx5165,ppy5165,False,1,0.8571,0.997083,car
img_001504.jpg,ppv2861,ppv2861,True,0,1.0000,0.630086,car
img_001505.jpg,mtz3256,mtz325,False,1,0.8571,0.990685,car
img_001507.jpg,msb4766,msb4766,True,0,1.0000,0.996343,car
img_001508.jpg,ppp6853,ppp6853,True,0,1.0000,0.983763,car
img_001509.jpg,ppp3628,ppp3628,True,0,1.0000,0.994159,car
img_001511.jpg,msb8136,msb8136,True,0,1.0000,0.862518,car
img_001514.jpg,ods2015,oos2015,False,1,0.8571,0.927387,car
img_001516.jpg,ods6119,ods6199,False,1,0.8571,0.935346,car
img_001517.jpg,msa1557,msa1557,True,0,1.0000,0.993726,car
img_001520.jpg,msk2049,msk2049,True,0,1.0000,0.998494,car
img_001521.jpg,ovf6363,ovf6363,True,0,1.0000,0.976633,car
img_001522.jpg,mrx3194,mrx3194,True,0,1.0000,0.869612,car
img_001524.jpg,mrx3194,mrx3194,True,0,1.0000,0.971018,car
img_001526.jpg,mry9914,mpy9914,False,1,0.8571,0.899871,car
img_001527.jpg,odg6312,oog6312,False,1,0.8571,0.989446,car
img_001528.jpg,ppv2861,ppy2861,False,1,0.8571,0.996812,car
img_001534.jpg,odt6162,odt6162,True,0,1.0000,0.995157,car
img_001535.jpg,qrc6770,orc6770,False,1,0.8571,0.879077,car
img_001536.jpg,ppx5165,ppx5165,True,0,1.0000,0.941110,car
img_001537.jpg,ppx0691,ppx0691,True,0,1.0000,0.972089,car
img_001540.jpg,ppx5163,ppx5163,True,0,1.0000,0.990156,car
img_001541.jpg,mtk9460,mtk9460,True,0,1.0000,0.768094,car
img_001542.jpg,odr3127,oor3127,False,1,0.8571,0.525003,car
img_001544.jpg,pyd9944,pyd9944,True,0,1.0000,0.988818,car
img_001545.jpg,ods2590,ods2590,True,0,1.0000,0.987116,car
img_001549.jpg,mts7362,mts7362,True,0,1.0000,0.997608,car
img_001551.jpg,odf3904,odf304,False,1,0.8571,0.566743,car
img_001552.jpg,odi4526,odi4566,False,1,0.8571,0.970119,car
img_001554.jpg,ppp7010,ppp7010,True,0,1.0000,0.996373,car
img_001556.jpg,mpj4590,mpj4590,True,0,1.0000,0.992798,car
img_001557.jpg,qrd3004,qrd3004,True,0,1.0000,0.364671,car
img_001565.jpg,ppw0076,ppw076,False,1,0.8571,0.821552,car
img_001566.jpg,byq3760,byo3760,False,1,0.8571,0.998172,car
img_001567.jpg,odh0279,ooh0279,False,1,0.8571,0.596960,car
img_001569.jpg,msb4766,msb4766,True,0,1.0000,0.963734,car
img_001570.jpg,odr4149,oor4149,False,1,0.8571,0.932790,car
img_001573.jpg,ppx0696,ppx0696,True,0,1.0000,0.980181,car
img_001574.jpg,ocx3790,ocx3790,True,0,1.0000,0.991732,car
img_001575.jpg,mtn9622,mtn962,False,1,0.8571,0.958494,car
img_001576.jpg,msa7262,msa7262,True,0,1.0000,0.998929,car
img_001578.jpg,odr3127,oor3127,False,1,0.8571,0.923481,car
img_001580.jpg,ppx4040,ppx4040,True,0,1.0000,0.498034,car
img_001581.jpg,gvp0415,gvp0415,True,0,1.0000,0.974969,car
img_001584.jpg,ppp6398,ppp6398,True,0,1.0000,0.988371,car
img_001585.jpg,odg5904,odg5904,True,0,1.0000,0.991464,car
img_001588.jpg,odg3176,oog3166,False,2,0.7143,0.367586,car
img_001589.jpg,ppo7252,ppo7252,True,0,1.0000,0.809919,car
img_001597.jpg,odg1753,oog1753,False,1,0.8571,0.949666,car
img_001601.jpg,odr3127,oor3127,False,1,0.8571,0.940451,car
img_001606.jpg,odc6531,odc6531,True,0,1.0000,0.934031,car
img_001607.jpg,mte5192,mte5192,True,0,1.0000,0.992460,car
img_001608.jpg,ods3662,oos3662,False,1,0.8571,0.576273,car
img_001609.jpg,ppo4419,ppo4419,True,0,1.0000,0.901078,car
img_001610.jpg,odt6129,odt6129,True,0,1.0000,0.979505,car
img_001612.jpg,qjk6374,ojk6374,False,1,0.8571,0.979576,car
img_001613.jpg,ppx0160,ppx0160,True,0,1.0000,0.985558,car
img_001614.jpg,msb4766,msb4766,True,0,1.0000,0.997200,car
img_001616.jpg,odt6092,odt6092,True,0,1.0000,0.666275,car
img_001622.jpg,ods2624,oos2624,False,1,0.8571,0.988948,car
img_001626.jpg,ppp2796,ppp2796,True,0,1.0000,0.995971,car
img_001627.jpg,odf2786,odf2786,True,0,1.0000,0.766904,car
img_001628.jpg,oyj3918,ovj3318,False,2,0.7143,0.705787,car
img_001629.jpg,ppz9135,ppz9135,True,0,1.0000,0.730303,car
img_001630.jpg,odg3967,oog3967,False,1,0.8571,0.893460,car
img_001631.jpg,ppx0155,ppx0155,True,0,1.0000,0.989146,car
img_001633.jpg,odt6112,oot6112,False,1,0.8571,0.906866,car
img_001634.jpg,mrx7902,mrx7902,True,0,1.0000,0.673336,car
img_001637.jpg,mts7362,mts7362,True,0,1.0000,0.977708,car
img_001640.jpg,mtz3549,mtz3549,True,0,1.0000,0.539493,car
img_001643.jpg,odf7548,oof7548,False,1,0.8571,0.974052,car
img_001645.jpg,ppp9250,ppp9250,True,0,1.0000,0.963762,car
img_001646.jpg,odr3127,odr3127,True,0,1.0000,0.871832,car
img_001647.jpg,msk5187,msk5187,True,0,1.0000,0.998224,car
img_001651.jpg,qrc6770,orc6770,False,1,0.8571,0.995219,car
img_001653.jpg,ppp6749,ppp6749,True,0,1.0000,0.995235,car
img_001658.jpg,ppb5250,ppb5250,True,0,1.0000,0.907701,car
img_001660.jpg,evz7529,ev27529,False,1,0.8571,0.788116,car
img_001661.jpg,ppx4024,ppx4024,True,0,1.0000,0.977938,car
img_001664.jpg,ppp9250,ppp9250,True,0,1.0000,0.994159,car
img_001667.jpg,ppw0032,ppw0032,True,0,1.0000,0.956577,car
img_001669.jpg,ppx9984,app3524,False,5,0.2857,0.207007,car
img_001671.jpg,odt6142,odt6142,True,0,1.0000,0.976713,car
img_001672.jpg,odt6129,odt6129,True,0,1.0000,0.916862,car
img_001674.jpg,ovf6363,ovf6363,True,0,1.0000,0.797508,car
img_001676.jpg,odr3694,odr3694,True,0,1.0000,0.774274,car
img_001677.jpg,mtx0171,mtx0171,True,0,1.0000,0.997934,car
img_001678.jpg,qrc6770,orc6770,False,1,0.8571,0.992036,car
img_001679.jpg,odo9891,od09891,False,1,0.8571,0.450723,car
img_001680.jpg,mtz9247,atz9247,False,1,0.8571,0.589343,car
img_001682.jpg,ppw0076,ppw0066,False,1,0.8571,0.930746,car
img_001685.jpg,msa7262,msa7262,True,0,1.0000,0.998538,car
img_001687.jpg,qnr5824,onk5824,False,2,0.7143,0.349744,car
img_001688.jpg,ppl5787,ppl5787,True,0,1.0000,0.997709,car
img_001692.jpg,mtx0171,mtx0171,True,0,1.0000,0.998340,car
img_001693.jpg,odr3127,oor3127,False,1,0.8571,0.893162,car
img_001696.jpg,mts7362,mts7362,True,0,1.0000,0.972800,car
img_001698.jpg,ppj4189,ppj4189,True,0,1.0000,0.998936,car
img_001700.jpg,ovk3888,ovk3888,True,0,1.0000,0.734679,car
img_001705.jpg,odr3127,oor3127,False,1,0.8571,0.625038,car
img_001708.jpg,ovk3888,ovk3888,True,0,1.0000,0.996753,car
img_001710.jpg,odg4873,odg4873,True,0,1.0000,0.537395,car
img_001712.jpg,qrc6770,orc6770,False,1,0.8571,0.961212,car
img_001713.jpg,mtz4291,ft72991,False,4,0.4286,0.120002,car
img_001714.jpg,ppp6853,ppp6853,True,0,1.0000,0.986419,car
img_001716.jpg,odt6092,oot6092,False,1,0.8571,0.855686,car
img_001717.jpg,ppw9332,ppw9322,False,1,0.8571,0.795245,car
img_001719.jpg,ods6881,ods6881,True,0,1.0000,0.958913,car
img_001722.jpg,ppu6390,ppu6300,False,1,0.8571,0.541470,car
img_001723.jpg,odr3127,oor3127,False,1,0.8571,0.964041,car
img_001726.jpg,ppz5238,ppz5238,True,0,1.0000,0.987452,car
img_001727.jpg,ppp9250,ppp9250,True,0,1.0000,0.990779,car
img_001728.jpg,odt6129,odt6129,True,0,1.0000,0.737484,car
img_001737.jpg,odt6061,odt6061,True,0,1.0000,0.986338,car
img_001738.jpg,ppx0696,ppx0696,True,0,1.0000,0.992765,car
img_001740.jpg,qjk6374,ojk6374,False,1,0.8571,0.882189,car
img_001742.jpg,mtz3256,mtz325,False,1,0.8571,0.940717,car
img_001744.jpg,ovk5846,ovk5846,True,0,1.0000,0.994650,car
img_001746.jpg,ppx5170,ppx5170,True,0,1.0000,0.992226,car
img_001747.jpg,odt6482,oot6482,False,1,0.8571,0.879467,car
img_001748.jpg,mtz9247,mtz924,False,1,0.8571,0.267200,car
img_001749.jpg,ppw0076,ppw0066,False,1,0.8571,0.913430,car
img_001750.jpg,qjk6374,ojk6374,False,1,0.8571,0.989837,car
img_001751.jpg,msk5187,msk5187,True,0,1.0000,0.998687,car
img_001752.jpg,odt6092,odt6092,True,0,1.0000,0.986504,car
img_001754.jpg,odi1892,odi1892,True,0,1.0000,0.986490,car
img_001755.jpg,mts7362,mts7362,True,0,1.0000,0.991618,car
img_001756.jpg,odr3127,odr3127,True,0,1.0000,0.684623,car
img_001757.jpg,qrd2970,qrd2970,True,0,1.0000,0.644429,car
img_001759.jpg,mst8531,mst8531,True,0,1.0000,0.994385,car
img_001760.jpg,odm0438,oom0438,False,1,0.8571,0.527781,car
img_001763.jpg,olq5547,ol0554,False,2,0.7143,0.480733,car
img_001767.jpg,ppx0700,ppx0700,True,0,1.0000,0.986482,car
img_001770.jpg,mst4686,mst4686,True,0,1.0000,0.940538,car
img_001771.jpg,odh0279,ooh0279,False,1,0.8571,0.843987,car
img_001772.jpg,odt6142,odt6142,True,0,1.0000,0.903018,car
img_001774.jpg,mts7362,mts7362,True,0,1.0000,0.989875,car
img_001775.jpg,mst8531,mst8531,True,0,1.0000,0.998694,car
img_001776.jpg,mpu1861,mpu1861,True,0,1.0000,0.996491,car
img_001778.jpg,mtg5739,mtg5730,False,1,0.8571,0.682641,car
img_001782.jpg,odt6112,odt6112,True,0,1.0000,0.996976,car
img_001783.jpg,ppx0696,ppx0696,True,0,1.0000,0.976455,car
img_001784.jpg,ppx4048,ppx4048,True,0,1.0000,0.929378,car
img_001785.jpg,odt6208,oot6208,False,1,0.8571,0.607055,car
img_001787.jpg,mtx0171,mtx0171,True,0,1.0000,0.998130,car
img_001788.jpg,mty6370,mty6770,False,1,0.8571,0.405946,car
img_001789.jpg,ovf6363,ovf6363,True,0,1.0000,0.977041,car
img_001790.jpg,msb4766,msb4766,True,0,1.0000,0.997108,car
img_001792.jpg,byq3760,byo3760,False,1,0.8571,0.999115,car
img_001793.jpg,odo1303,od01303,False,1,0.8571,0.426318,car
img_001794.jpg,msa7262,msa7262,True,0,1.0000,0.999085,car
img_001797.jpg,odr3127,oor3127,False,1,0.8571,0.962293,car
img_001798.jpg,ppv7264,ppv7264,True,0,1.0000,0.726301,car
img_001800.jpg,qrc6742,orc6742,False,1,0.8571,0.854217,car
img_001802.jpg,ods3398,ods339,False,1,0.8571,0.697716,car
img_001803.jpg,ode6371,ooe6371,False,1,0.8571,0.636579,car
img_001804.jpg,odr4042,odr4042,True,0,1.0000,0.891033,car
img_001805.jpg,ppz2988,ppz2988,True,0,1.0000,0.984662,car
img_001806.jpg,odr3127,odr3127,True,0,1.0000,0.962541,car
img_001807.jpg,ppz5238,ppz5238,True,0,1.0000,0.989360,car
img_001808.jpg,ods6119,ods6199,False,1,0.8571,0.946951,car
img_001811.jpg,ppw3952,ppw3952,True,0,1.0000,0.997586,car
img_001813.jpg,odi1892,odi1892,True,0,1.0000,0.995136,car
img_001819.jpg,odr3127,oor3127,False,1,0.8571,0.876059,car
img_001823.jpg,mtn9522,mtn952,False,1,0.8571,0.989419,car
img_001825.jpg,odt6061,odt6061,True,0,1.0000,0.995228,car
img_001826.jpg,qwt4740,owt4740,False,1,0.8571,0.982700,car
img_001828.jpg,odt6112,odt6112,True,0,1.0000,0.990279,car
img_001829.jpg,msk5187,msk5187,True,0,1.0000,0.998691,car
img_001830.jpg,ppi8255,ppi8255,True,0,1.0000,0.994629,car
img_001831.jpg,mqq9045,moo905,False,3,0.5714,0.621014,car
img_001832.jpg,ods3662,ods3662,True,0,1.0000,0.752744,car
img_001835.jpg,qrc6770,orc6770,False,1,0.8571,0.642341,car
img_001838.jpg,mtz9247,atz9247,False,1,0.8571,0.847541,car
img_001839.jpg,odr3127,oor3127,False,1,0.8571,0.541219,car
img_001840.jpg,odt6251,odt6225,False,2,0.7143,0.939053,car
img_001841.jpg,msb4766,msb4766,True,0,1.0000,0.996906,car
img_001843.jpg,msa7262,msa7262,True,0,1.0000,0.997683,car
img_001844.jpg,ovk5846,ovk5846,True,0,1.0000,0.991452,car
img_001850.jpg,gwq6575,gwo6575,False,1,0.8571,0.927997,car
img_001856.jpg,mqv6554,mov6554,False,1,0.8571,0.974160,car
img_001857.jpg,odf2786,oof2786,False,1,0.8571,0.929665,car
img_001858.jpg,odg3967,oog3967,False,1,0.8571,0.976976,car
img_001859.jpg,ppp2796,ppp2796,True,0,1.0000,0.995592,car
img_001860.jpg,odg6312,oog6312,False,1,0.8571,0.981758,car
img_001861.jpg,ocx7051,ocx7051,True,0,1.0000,0.943560,car
img_001862.jpg,ppw4661,ppw4661,True,0,1.0000,0.989494,car
img_001863.jpg,qrb1690,orb1690,False,1,0.8571,0.600184,car
img_001866.jpg,mtz8488,cizz848,False,4,0.4286,0.343748,car
img_001870.jpg,odt6061,odt6061,True,0,1.0000,0.996115,car
img_001871.jpg,qhl7752,obl7552,False,3,0.5714,0.271645,car
img_001873.jpg,odr0379,oop0379,False,2,0.7143,0.809137,car
img_001874.jpg,odr3127,oor3127,False,1,0.8571,0.949930,car
img_001876.jpg,byq3760,byo3760,False,1,0.8571,0.997078,car
img_001882.jpg,ppx7377,ppx7377,True,0,1.0000,0.990505,car
img_001885.jpg,ppx0700,ppx0700,True,0,1.0000,0.979795,car
img_001886.jpg,odf7548,oof7548,False,1,0.8571,0.987938,car
img_001887.jpg,ovf7961,ovf7961,True,0,1.0000,0.995629,car
img_001888.jpg,odt6112,odt6112,True,0,1.0000,0.992504,car
img_001889.jpg,odg3967,oog3967,False,1,0.8571,0.971554,car
img_001890.jpg,qjk6374,ojk6374,False,1,0.8571,0.993507,car
img_001891.jpg,ppx4024,ppx4024,True,0,1.0000,0.954190,car
img_001892.jpg,ods3662,ods3662,True,0,1.0000,0.789810,car
img_001893.jpg,mtz3256,mtz3256,True,0,1.0000,0.983145,car
img_001895.jpg,qrc6770,orc6770,False,1,0.8571,0.993449,car
img_001896.jpg,odt6169,odt6116,False,2,0.7143,0.892314,car
img_001897.jpg,mqm4704,mom4704,False,1,0.8571,0.992648,car
img_001898.jpg,mts7362,mts7362,True,0,1.0000,0.997482,car
img_001899.jpg,ppp3628,ppp3628,True,0,1.0000,0.995139,car
img_001900.jpg,odr3694,odr3694,True,0,1.0000,0.613292,car
img_001901.jpg,ppp2796,ppp2796,True,0,1.0000,0.996068,car
img_001902.jpg,mtz9247,atz9247,False,1,0.8571,0.926205,car
img_001905.jpg,odr3706,oor3706,False,1,0.8571,0.978803,car
img_001906.jpg,msa7262,msa7262,True,0,1.0000,0.998901,car
img_001907.jpg,mka7333,mka7333,True,0,1.0000,0.997651,car
img_001908.jpg,ods3004,ods3004,True,0,1.0000,0.913666,car
img_001909.jpg,ods2590,ods2590,True,0,1.0000,0.977772,car
img_001911.jpg,mtz3256,mtz3256,True,0,1.0000,0.981083,car
img_001912.jpg,odr4042,odr4042,True,0,1.0000,0.767359,car
img_001914.jpg,qrb1720,orb1720,False,1,0.8571,0.984337,car
img_001917.jpg,ppv0918,ppv0918,True,0,1.0000,0.935494,car
img_001918.jpg,mry9914,mpy9914,False,1,0.8571,0.927975,car
img_001919.jpg,ods3861,ods3861,True,0,1.0000,0.544379,car
img_001924.jpg,qrc6790,orc6790,False,1,0.8571,0.979367,car
img_001926.jpg,ppz2988,ppz2988,True,0,1.0000,0.932775,car
img_001928.jpg,mpu1861,mpu1861,True,0,1.0000,0.997867,car
img_001929.jpg,odi5590,odi5590,True,0,1.0000,0.982171,car
img_001930.jpg,odt6061,odt6061,True,0,1.0000,0.997540,car
img_001932.jpg,odr4149,oor4149,False,1,0.8571,0.688730,car
img_001933.jpg,mtz3256,mtz325,False,1,0.8571,0.980105,car
img_001935.jpg,qjk6374,ojk6374,False,1,0.8571,0.993203,car
img_001936.jpg,qrc6770,orc6770,False,1,0.8571,0.921768,car
img_001937.jpg,odr3127,oor3127,False,1,0.8571,0.935539,car
img_001938.jpg,ppx4048,ppx4048,True,0,1.0000,0.941768,car
img_001940.jpg,ppx4024,ppx4024,True,0,1.0000,0.924140,car
img_001941.jpg,mtz4291,ftz2291,False,2,0.7143,0.087839,car
img_001942.jpg,mty0063,mty0063,True,0,1.0000,0.994728,car
img_001943.jpg,odt6064,odt6064,True,0,1.0000,0.964364,car
img_001945.jpg,ppx4034,ppx4034,True,0,1.0000,0.948966,car
img_001946.jpg,ods3398,ods3398,True,0,1.0000,0.962979,car
img_001947.jpg,ovf6320,ovf6320,True,0,1.0000,0.998268,car
img_001951.jpg,odr3127,oor3127,False,1,0.8571,0.956535,car
img_001953.jpg,mtx0171,mtx0171,True,0,1.0000,0.998485,car
img_001954.jpg,mts7362,mts7362,True,0,1.0000,0.998572,car
img_001957.jpg,odt6064,odt6064,True,0,1.0000,0.858941,car
img_001958.jpg,mka7333,mka7333,True,0,1.0000,0.997429,car
img_001960.jpg,odp0519,oop0519,False,1,0.8571,0.978563,car
img_001964.jpg,ppz5238,ppz5238,True,0,1.0000,0.966626,car
img_001965.jpg,ppp5321,ppp5321,True,0,1.0000,0.973308,car
img_001969.jpg,ppx0700,ppx0700,True,0,1.0000,0.982143,car
img_001970.jpg,odi5590,odi5590,True,0,1.0000,0.957394,car
img_001971.jpg,ods4776,oos476,False,2,0.7143,0.979932,car
img_001972.jpg,odp0519,oop0519,False,1,0.8571,0.979602,car
img_001973.jpg,mtz8488,lizz828,False,5,0.2857,0.085693,car
img_001974.jpg,mtz9247,atz9247,False,1,0.8571,0.937352,car
img_001975.jpg,ppx5165,ppx5165,True,0,1.0000,0.996379,car
img_001976.jpg,odr3127,oor3127,False,1,0.8571,0.971441,car
img_001977.jpg,odh1374,ooh1374,False,1,0.8571,0.424093,car
img_001978.jpg,odt6162,odt6162,True,0,1.0000,0.964526,car
img_001979.jpg,ppl5787,ppl5787,True,0,1.0000,0.997689,car
img_001981.jpg,ocz6223,ocz6223,True,0,1.0000,0.987604,car
img_001982.jpg,mtx0171,mtx0171,True,0,1.0000,0.998822,car
img_001983.jpg,mtz3256,mtz326,False,1,0.8571,0.978976,car
img_001984.jpg,ods4776,oos476,False,2,0.7143,0.828068,car
img_001985.jpg,ppw9578,ppw9578,True,0,1.0000,0.996358,car
img_001987.jpg,odf2786,oof2786,False,1,0.8571,0.470352,car
img_001990.jpg,ppw0162,ppw0162,True,0,1.0000,0.911952,car
img_001993.jpg,ppx0696,ppx0696,True,0,1.0000,0.980730,car
img_001997.jpg,ppx0691,ppx0691,True,0,1.0000,0.973620,car
img_001998.jpg,ods3662,ods3662,True,0,1.0000,0.961169,car
img_001999.jpg,odr3694,oor3694,False,1,0.8571,0.958649,car
img_002000.jpg,odt6482,oot6482,False,1,0.8571,0.795276,car
img_002001.jpg,ppw0076,ppw0066,False,1,0.8571,0.740478,car
img_002003.jpg,odr3127,oor3127,False,1,0.8571,0.949297,car
img_002005.jpg,mry9914,mpy9914,False,1,0.8571,0.994160,car
img_002007.jpg,ppx6781,ppx6781,True,0,1.0000,0.949030,car
img_002008.jpg,msb4766,msb4766,True,0,1.0000,0.995845,car
img_002010.jpg,odt6112,odt6612,False,1,0.8571,0.860471,car
img_002012.jpg,ods3398,ods3398,True,0,1.0000,0.913727,car
img_002015.jpg,odt6142,odt6142,True,0,1.0000,0.698553,car
img_002016.jpg,ovf6363,ovf6363,True,0,1.0000,0.995797,car
img_002020.jpg,odt6129,odt6129,True,0,1.0000,0.632636,car
img_002021.jpg,ppx0696,ppx0696,True,0,1.0000,0.974230,car
img_002022.jpg,odt6112,oot6112,False,1,0.8571,0.562940,car
img_002026.jpg,odp0519,oop0519,False,1,0.8571,0.988485,car
img_002027.jpg,ods3662,ods3622,False,1,0.8571,0.446885,car
img_002028.jpg,odr3127,odr3127,True,0,1.0000,0.500259,car
img_002029.jpg,odt6162,odt6162,True,0,1.0000,0.853331,car
img_002030.jpg,byq3760,byo3760,False,1,0.8571,0.998975,car
img_002031.jpg,ppp7010,ppp7010,True,0,1.0000,0.997855,car
img_002035.jpg,ppw0076,ppw0066,False,1,0.8571,0.632420,car
img_002037.jpg,msa7262,msa7262,True,0,1.0000,0.998715,car
img_002038.jpg,ppx0155,ppx0155,True,0,1.0000,0.986308,car
img_002041.jpg,odf4543,odf4543,True,0,1.0000,0.675331,car
img_002042.jpg,odg9132,odg9132,True,0,1.0000,0.526707,car
img_002043.jpg,mtx0171,mtx0171,True,0,1.0000,0.998769,car
img_002044.jpg,mtz3256,mtz325,False,1,0.8571,0.767546,car
img_002045.jpg,odg1753,oog1753,False,1,0.8571,0.882445,car
img_002049.jpg,ppx5172,ppx5172,True,0,1.0000,0.991555,car
img_002051.jpg,qrc6742,orc6742,False,1,0.8571,0.985188,car
img_002057.jpg,ppp7674,ppp7674,True,0,1.0000,0.929235,car
img_002058.jpg,ppv9053,ppv9053,True,0,1.0000,0.981051,car
img_002060.jpg,ppp2796,ppp2796,True,0,1.0000,0.996609,car
img_002062.jpg,ppp7519,ppp7519,True,0,1.0000,0.997916,car
img_002064.jpg,ods4776,ods4766,False,1,0.8571,0.642917,car
img_002067.jpg,odr4149,oor4149,False,1,0.8571,0.911736,car
img_002071.jpg,ppl5787,ppl5787,True,0,1.0000,0.995539,car
img_002075.jpg,mtg5739,mtg5739,True,0,1.0000,0.977016,car
img_002076.jpg,ppi2549,ppi2549,True,0,1.0000,0.957742,car
img_002079.jpg,odg3990,odg3990,True,0,1.0000,0.827198,car
img_002080.jpg,odt6061,odt6061,True,0,1.0000,0.983116,car
img_002083.jpg,ppw1889,ppw1889,True,0,1.0000,0.781281,car
img_002084.jpg,odt6112,odt6612,False,1,0.8571,0.541284,car
img_002085.jpg,ppx0700,ppx0700,True,0,1.0000,0.990781,car
img_002086.jpg,odp0519,oop0519,False,1,0.8571,0.986170,car
img_002087.jpg,ods3662,ods3662,True,0,1.0000,0.914139,car
img_002088.jpg,ppw0076,ppw076,False,1,0.8571,0.785593,car
img_002089.jpg,odr3127,oor3127,False,1,0.8571,0.872727,car
img_002090.jpg,odg9132,odg9132,True,0,1.0000,0.683909,car
img_002091.jpg,odo0659,odo0699,False,1,0.8571,0.662638,car
img_002092.jpg,mtz3256,mtz325,False,1,0.8571,0.821452,car
img_002094.jpg,msb4766,msb4766,True,0,1.0000,0.997140,car
img_002095.jpg,mtx0171,mtx0171,True,0,1.0000,0.997665,car
img_002096.jpg,ovl4093,ovl4093,True,0,1.0000,0.985821,car
img_002097.jpg,ppp5321,ppp5321,True,0,1.0000,0.996091,car
img_002098.jpg,mry9914,mpy9914,False,1,0.8571,0.998210,car
img_002101.jpg,ods2861,ods2861,True,0,1.0000,0.227288,car
img_002106.jpg,odr3127,oor3127,False,1,0.8571,0.634555,car
img_002107.jpg,ppw9332,pph9332,False,1,0.8571,0.327272,car
img_002110.jpg,ppp6110,ppp6110,True,0,1.0000,0.906214,car
img_002113.jpg,qrc0461,orc0461,False,1,0.8571,0.941303,car
img_002119.jpg,mtz3256,mtz3266,False,1,0.8571,0.520220,car
img_002120.jpg,ppx4048,ppx4048,True,0,1.0000,0.972274,car
img_002121.jpg,ovf6363,oyf6363,False,1,0.8571,0.901158,car
img_002122.jpg,mtx0171,mtx0171,True,0,1.0000,0.998631,car
img_002123.jpg,odt6061,odt6061,True,0,1.0000,0.995186,car
img_002125.jpg,odr3127,oor3127,False,1,0.8571,0.661221,car
img_002126.jpg,ods3662,ods3662,True,0,1.0000,0.879392,car
img_002128.jpg,mka7333,mka7333,True,0,1.0000,0.998143,car
img_002129.jpg,msb4766,msb4766,True,0,1.0000,0.993812,car
img_002130.jpg,odh4584,oom4584,False,2,0.7143,0.751370,car
img_002133.jpg,mtz3256,mtz325,False,1,0.8571,0.500063,car
img_002135.jpg,mst8531,mst8531,True,0,1.0000,0.725254,car
img_002137.jpg,ppp7010,ppp7010,True,0,1.0000,0.997940,car
img_002141.jpg,odr4042,odr4042,True,0,1.0000,0.804364,car
img_002145.jpg,jju1909,jju1909,True,0,1.0000,0.995799,car
img_002146.jpg,odr4149,oop4149,False,2,0.7143,0.980197,car
img_002147.jpg,mtg5739,mtg5739,True,0,1.0000,0.855329,car
img_002149.jpg,faz6945,faz6945,True,0,1.0000,0.998929,car
img_002150.jpg,odt6112,odt6112,True,0,1.0000,0.948206,car
img_002151.jpg,ppp5346,ppp5346,True,0,1.0000,0.990653,car
img_002152.jpg,ppx4025,ppx4025,True,0,1.0000,0.646235,car
img_002153.jpg,mqv6554,mov6554,False,1,0.8571,0.993011,car
img_002154.jpg,ods2590,ods2590,True,0,1.0000,0.974375,car
img_002155.jpg,ods3398,ods3398,True,0,1.0000,0.952935,car
img_002156.jpg,mtz3256,mtz3256,True,0,1.0000,0.898096,car
img_002157.jpg,odp0519,oop0519,False,1,0.8571,0.980247,car
img_002158.jpg,ocv6153,ocv6153,True,0,1.0000,0.981964,car
img_002159.jpg,mtx0171,mtx0171,True,0,1.0000,0.998311,car
img_002160.jpg,mro1902,mbo1902,False,1,0.8571,0.341430,car
img_002163.jpg,mst4686,mst4686,True,0,1.0000,0.998138,car
img_002164.jpg,ppp3628,ppp3628,True,0,1.0000,0.990921,car
img_002166.jpg,msa7262,msa7262,True,0,1.0000,0.998963,car
img_002167.jpg,odt6482,odt6482,True,0,1.0000,0.962858,car
img_002170.jpg,mtx0171,mtx0171,True,0,1.0000,0.998945,car
img_002171.jpg,odr3127,odr3127,True,0,1.0000,0.496323,car
img_002172.jpg,odh4584,oom4584,False,2,0.7143,0.878017,car
img_002173.jpg,ppx0682,ppx0682,True,0,1.0000,0.969608,car
img_002174.jpg,ppx5165,ppx5165,True,0,1.0000,0.993998,car
img_002175.jpg,odt6064,odt6064,True,0,1.0000,0.880504,car
img_002176.jpg,odt6482,oot6482,False,1,0.8571,0.943601,car
img_002177.jpg,ppp3628,ppp3628,True,0,1.0000,0.994288,car
img_002181.jpg,ppx0700,ppx0700,True,0,1.0000,0.966772,car
img_002183.jpg,odp0519,oop0519,False,1,0.8571,0.518371,car
img_002186.jpg,ovf6363,ovf6363,True,0,1.0000,0.995620,car
img_002195.jpg,odr3694,oor3694,False,1,0.8571,0.975147,car
img_002196.jpg,ods2624,ods2624,True,0,1.0000,0.542645,car
img_002197.jpg,mtz3256,mtz326,False,1,0.8571,0.868737,car
img_002199.jpg,mql2952,mol2952,False,1,0.8571,0.981327,car
img_002200.jpg,ods3662,ods3662,True,0,1.0000,0.958771,car
img_002202.jpg,ovh8488,dvh8489,False,2,0.7143,0.312083,car
img_002204.jpg,odo0659,odo0699,False,1,0.8571,0.779249,car
img_002205.jpg,odr4042,oor4042,False,1,0.8571,0.758215,car
img_002207.jpg,ppw9332,ppw9322,False,1,0.8571,0.935272,car
img_002208.jpg,msb4766,msb4766,True,0,1.0000,0.995831,car
img_002209.jpg,mtx0171,mtx0171,True,0,1.0000,0.998039,car
img_002210.jpg,mtz3256,mtz3256,True,0,1.0000,0.722291,car
img_002211.jpg,ppp3628,ppp3628,True,0,1.0000,0.992299,car
img_002214.jpg,odt6064,odt6064,True,0,1.0000,0.991060,car
img_002215.jpg,mtn9652,mtn962,False,1,0.8571,0.954867,car
img_002216.jpg,msk7666,msk7666,True,0,1.0000,0.996987,car
img_002217.jpg,ppx0155,ppx0155,True,0,1.0000,0.973973,car
img_002218.jpg,odp0519,oop0519,False,1,0.8571,0.980540,car
img_002222.jpg,ppz2695,ppz2695,True,0,1.0000,0.989090,car
img_002223.jpg,odh4216,ooh4216,False,1,0.8571,0.816249,car
img_002227.jpg,ovf6363,ovf6363,True,0,1.0000,0.994975,car
img_002234.jpg,odg3967,oog3967,False,1,0.8571,0.718074,car
img_002235.jpg,ppx0696,ppx0696,True,0,1.0000,0.982159,car
img_002236.jpg,ods3398,ods3398,True,0,1.0000,0.728158,car
img_002237.jpg,odr4149,oor4149,False,1,0.8571,0.981801,car
img_002239.jpg,mtj5833,mtj5833,True,0,1.0000,0.804219,car
img_002240.jpg,odf5714,oof5714,False,1,0.8571,0.516023,car
img_002241.jpg,ppp3628,ppp3628,True,0,1.0000,0.987079,car
img_002242.jpg,ppx0700,ppx0700,True,0,1.0000,0.985455,car
img_002244.jpg,ovl6090,ovl6099,False,1,0.8571,0.904496,car
img_002245.jpg,odf4543,oof4543,False,1,0.8571,0.696862,car
img_002247.jpg,ppx5165,ppx5165,True,0,1.0000,0.993645,car
img_002249.jpg,ppx5163,ppx5163,True,0,1.0000,0.993004,car
img_002250.jpg,odt6129,odt6129,True,0,1.0000,0.975929,car
img_002251.jpg,mqv6554,mov6554,False,1,0.8571,0.993116,car
img_002252.jpg,ppw9332,ppw9322,False,1,0.8571,0.824338,car
img_002253.jpg,msa7262,msa7262,True,0,1.0000,0.998905,car
img_002254.jpg,ppp2796,ppp2796,True,0,1.0000,0.995208,car
img_002256.jpg,mtn9652,mtn962,False,1,0.8571,0.935855,car
img_002257.jpg,mtz3256,mtz3256,True,0,1.0000,0.880588,car
img_002258.jpg,ppx0691,ppx0691,True,0,1.0000,0.968102,car
img_002259.jpg,odr3127,oor3127,False,1,0.8571,0.976824,car
img_002260.jpg,ppx4048,ppx4048,True,0,1.0000,0.933016,car
img_002262.jpg,cvt3644,cyt344,False,2,0.7143,0.825072,car
img_002267.jpg,pki3355,pki3355,True,0,1.0000,0.711431,car
img_002268.jpg,odr3127,oor3127,False,1,0.8571,0.653121,car
img_002270.jpg,owv9793,owv9793,True,0,1.0000,0.612448,car
img_002272.jpg,pph5379,pph5379,True,0,1.0000,0.979271,car
img_002274.jpg,ppw2922,ppw2922,True,0,1.0000,0.878700,car
img_002275.jpg,ppx0700,ppx0700,True,0,1.0000,0.985023,car
img_002276.jpg,mtz3256,mtz3256,True,0,1.0000,0.968925,car
img_002277.jpg,ppx0700,ppx0700,True,0,1.0000,0.982289,car
img_002286.jpg,lcl4337,lcl4337,True,0,1.0000,0.825003,car
img_002287.jpg,mtz8488,2tz8183,False,3,0.5714,0.079854,car
img_002288.jpg,mtz3256,mtz3256,True,0,1.0000,0.504955,car
img_002291.jpg,odt6181,odt6181,True,0,1.0000,0.972798,car
img_002292.jpg,mtx0269,mtx0269,True,0,1.0000,0.998133,car
img_002294.jpg,dml6340,dml6340,True,0,1.0000,0.986918,car
img_002295.jpg,ppz7593,ppz7593,True,0,1.0000,0.981128,car
img_002296.jpg,mqh6337,moh6337,False,1,0.8571,0.833928,car
img_002297.jpg,mtz3549,mtz3549,True,0,1.0000,0.851490,car
img_002300.jpg,ppp4907,ppp4907,True,0,1.0000,0.976167,car
img_002302.jpg,ppp6110,ppp6100,False,1,0.8571,0.905455,car
img_002305.jpg,byq3760,byo3760,False,1,0.8571,0.977376,car
img_002307.jpg,mtj5833,mtj5833,True,0,1.0000,0.997334,car
img_002308.jpg,msd0247,msd0247,True,0,1.0000,0.775953,car
img_002309.jpg,odf5623,oof5623,False,1,0.8571,0.975529,car
img_002311.jpg,ppp7519,ppp7519,True,0,1.0000,0.997590,car
img_002312.jpg,odr5274,odr5274,True,0,1.0000,0.775431,car
img_002314.jpg,mtz3549,mtz3549,True,0,1.0000,0.775655,car
img_002315.jpg,ppw0076,ppw006,False,1,0.8571,0.879199,car
img_002316.jpg,ods3662,ods3662,True,0,1.0000,0.774779,car
img_002318.jpg,ppw9332,ppw9322,False,1,0.8571,0.605198,car
img_002320.jpg,odh0228,oom0228,False,2,0.7143,0.732730,car
img_002321.jpg,ods2624,oos2624,False,1,0.8571,0.967758,car
img_002329.jpg,ppw4661,ppw4661,True,0,1.0000,0.994172,car
img_002332.jpg,odg3176,oog3166,False,2,0.7143,0.575882,car
img_002335.jpg,odh1374,ooh1374,False,1,0.8571,0.920326,car
img_002336.jpg,qrd3021,ord3021,False,1,0.8571,0.920204,car
img_002338.jpg,ppw1889,ppw1899,False,1,0.8571,0.964863,car
img_002340.jpg,odt6092,odt6092,True,0,1.0000,0.689917,car
img_002341.jpg,ppp3628,ppp3628,True,0,1.0000,0.975711,car
img_002343.jpg,ods3398,ods3398,True,0,1.0000,0.539577,car
img_002344.jpg,msx9073,msx9073,True,0,1.0000,0.994416,car
img_002347.jpg,mts7362,mts7362,True,0,1.0000,0.998337,car
img_002348.jpg,qjk6374,ojk6344,False,2,0.7143,0.791459,car
img_002351.jpg,odo1303,odd1303,False,1,0.8571,0.501278,car
img_002352.jpg,ppe8144,ppe8144,True,0,1.0000,0.979076,car
img_002360.jpg,mqs2638,mos2638,False,1,0.8571,0.975738,car
img_002361.jpg,koo9144,koo9144,True,0,1.0000,0.648021,car
img_002362.jpg,ppp7519,ppp7519,True,0,1.0000,0.998263,car
img_002364.jpg,qjk6374,ouk6374,False,2,0.7143,0.761810,car
img_002365.jpg,qrd3021,dro3021,False,2,0.7143,0.904629,car
img_002369.jpg,odr5274,oor5274,False,1,0.8571,0.509176,car
img_002370.jpg,ods3662,ods3662,True,0,1.0000,0.956387,car
img_002371.jpg,ods3398,ods3398,True,0,1.0000,0.962558,car
img_002372.jpg,lpf4692,lpf4692,True,0,1.0000,0.900426,car
img_002375.jpg,odg3065,odg3065,True,0,1.0000,0.553111,car
img_002376.jpg,odt6064,odt6064,True,0,1.0000,0.960490,car
img_002377.jpg,mtx0269,mtx0269,True,0,1.0000,0.998813,car
img_002378.jpg,ppw0076,ppw0076,True,0,1.0000,0.845827,car
img_002380.jpg,mtg5739,mtg5739,True,0,1.0000,0.982872,car
img_002381.jpg,ppm1763,ppm1763,True,0,1.0000,0.944513,car
img_002383.jpg,odg4873,oog4873,False,1,0.8571,0.957271,car
img_002388.jpg,ppz2988,ppz2988,True,0,1.0000,0.978764,car
img_002390.jpg,odf2786,oof2786,False,1,0.8571,0.649135,car
img_002391.jpg,ppw4661,ppw4661,True,0,1.0000,0.991103,car
img_002392.jpg,odt6251,odt6625,False,2,0.7143,0.967151,car
img_002393.jpg,ppx5163,ppx5163,True,0,1.0000,0.985978,car
img_002395.jpg,msa1557,msa1557,True,0,1.0000,0.995703,car
img_002396.jpg,ppw1889,ppw1889,True,0,1.0000,0.848460,car
img_002398.jpg,ods3398,ods3398,True,0,1.0000,0.894840,car
img_002399.jpg,ppp3628,ppp3628,True,0,1.0000,0.987017,car
img_002401.jpg,ods3662,ods3662,True,0,1.0000,0.668368,car
img_002404.jpg,msd0247,msd0247,True,0,1.0000,0.732432,car
img_002407.jpg,odh0228,ooh0228,False,1,0.8571,0.867122,car
img_002410.jpg,odg1753,oog1753,False,1,0.8571,0.966542,car
img_002412.jpg,mtm4102,mtm4102,True,0,1.0000,0.937336,car
img_002413.jpg,odp0519,oop0519,False,1,0.8571,0.915580,car
img_002414.jpg,ppx5167,ppx5167,True,0,1.0000,0.991776,car
img_002416.jpg,qjk6374,ojk6374,False,1,0.8571,0.986110,car
img_002417.jpg,odg4873,oog4873,False,1,0.8571,0.902474,car
img_002418.jpg,mtz8488,d777848,False,5,0.2857,0.034917,car
img_002419.jpg,odp0519,oop0519,False,1,0.8571,0.980341,car
img_002420.jpg,mqn3600,mon3600,False,1,0.8571,0.976174,car
img_002421.jpg,mtx0171,mtx0171,True,0,1.0000,0.998577,car
img_002423.jpg,qrc6770,orc6770,False,1,0.8571,0.995944,car
img_002424.jpg,ppp7519,ppp7519,True,0,1.0000,0.997020,car
img_002425.jpg,odt6092,oot6092,False,1,0.8571,0.510379,car
img_002426.jpg,ppi4116,ppi4166,False,1,0.8571,0.528966,car
img_002430.jpg,odf4825,odf4825,True,0,1.0000,0.869562,car
img_002431.jpg,ovf6363,ovf6363,True,0,1.0000,0.993204,car
img_002432.jpg,odt6061,odt6061,True,0,1.0000,0.919145,car
img_002437.jpg,ovf6363,ovf6363,True,0,1.0000,0.994361,car
img_002439.jpg,ppp7519,ppp7519,True,0,1.0000,0.997275,car
img_002444.jpg,qrc0464,orc0464,False,1,0.8571,0.896729,car
img_002446.jpg,mtz3549,mtz3549,True,0,1.0000,0.517228,car
img_002448.jpg,mqu5385,mou5385,False,1,0.8571,0.971974,car
img_002450.jpg,mtg5739,mtg5739,True,0,1.0000,0.974481,car
img_002451.jpg,odf7548,oof7548,False,1,0.8571,0.985416,car
img_002453.jpg,ods6881,ods6888,False,1,0.8571,0.854088,car
img_002455.jpg,ovh0550,ovh0500,False,1,0.8571,0.717260,car
img_002456.jpg,mtg5739,mtg5739,True,0,1.0000,0.896176,car
img_002457.jpg,odf7548,oof7548,False,1,0.8571,0.992085,car
img_002458.jpg,odt6061,oot6061,False,1,0.8571,0.659927,car
img_002459.jpg,odh0102,ooh0102,False,1,0.8571,0.818175,car
img_002460.jpg,ppp3628,ppp3628,True,0,1.0000,0.988198,car
img_002461.jpg,ppt9994,ppt999,False,1,0.8571,0.728650,car
img_002462.jpg,ppw0076,ppw0066,False,1,0.8571,0.867176,car
img_002463.jpg,ppw1889,ppw1899,False,1,0.8571,0.572187,car
img_002464.jpg,ppp6190,ppp6190,True,0,1.0000,0.994912,car
img_002465.jpg,odr3127,oor3127,False,1,0.8571,0.597302,car
img_002466.jpg,odm3563,oom3563,False,1,0.8571,0.995734,car
img_002468.jpg,mtx0171,mtx0171,True,0,1.0000,0.998094,car
img_002469.jpg,odr3694,odr3694,True,0,1.0000,0.877794,car
img_002470.jpg,odr5274,oor5274,False,1,0.8571,0.988717,car
img_002471.jpg,ppp7519,ppp7519,True,0,1.0000,0.997768,car
img_002472.jpg,mka7333,mka7333,True,0,1.0000,0.998152,car
img_002476.jpg,msd0247,msd0247,True,0,1.0000,0.876374,car
img_002478.jpg,ods3398,ods3398,True,0,1.0000,0.447780,car
img_002482.jpg,odr3127,oor3127,False,1,0.8571,0.833671,car
img_002483.jpg,mts7362,mts7362,True,0,1.0000,0.997265,car
img_002488.jpg,ppv2861,ppv2861,True,0,1.0000,0.983485,car
img_002489.jpg,mry6685,mry6685,True,0,1.0000,0.976647,car
img_002491.jpg,odg3967,oog3967,False,1,0.8571,0.960743,car
img_002493.jpg,mrx7902,mrx7902,True,0,1.0000,0.940020,car
img_002496.jpg,odr4149,oor4149,False,1,0.8571,0.439691,car
img_002497.jpg,odt6061,odt6061,True,0,1.0000,0.964576,car
img_002499.jpg,odt6251,odt6625,False,2,0.7143,0.977661,car
img_002500.jpg,qpz8234,opz8234,False,1,0.8571,0.868444,car
img_002502.jpg,odp0519,oop0519,False,1,0.8571,0.981336,car
img_002503.jpg,ppx0682,ppx0682,True,0,1.0000,0.976029,car
img_002507.jpg,ppe5416,ppe5166,False,2,0.7143,0.959863,car
img_002508.jpg,odh1374,ooh1374,False,1,0.8571,0.622062,car
img_002509.jpg,ppp4907,ppp4907,True,0,1.0000,0.970446,car
img_002511.jpg,ods3398,ods3398,True,0,1.0000,0.888870,car
img_002512.jpg,mst4686,mst4686,True,0,1.0000,0.997480,car
img_002518.jpg,odp0519,oop0519,False,1,0.8571,0.962791,car
img_002519.jpg,ove9712,ove871,False,2,0.7143,0.892709,car
img_002523.jpg,ods6881,ods6888,False,1,0.8571,0.983791,car
img_002526.jpg,odf7548,oof7548,False,1,0.8571,0.774841,car
img_002529.jpg,odp0519,oop0519,False,1,0.8571,0.986938,car
img_002531.jpg,ods2590,ods2590,True,0,1.0000,0.976779,car
img_002532.jpg,odr5274,oor5274,False,1,0.8571,0.934661,car
img_002534.jpg,mtj5833,mtj5833,True,0,1.0000,0.981480,car
img_002535.jpg,ppp8410,ppp8410,True,0,1.0000,0.995752,car
img_002536.jpg,ods2590,ods2590,True,0,1.0000,0.945322,car
img_002538.jpg,ppw1889,ppw1899,False,1,0.8571,0.948774,car
img_002539.jpg,odg1893,oog1893,False,1,0.8571,0.865837,car
img_002542.jpg,ppx5172,ppx5172,True,0,1.0000,0.990041,car
img_002547.jpg,byq3760,byo3760,False,1,0.8571,0.998509,car
img_002548.jpg,ppl5787,ppl5787,True,0,1.0000,0.995833,car
img_002549.jpg,mqj7289,moj729,False,2,0.7143,0.752846,car
img_002553.jpg,mte5192,mte5192,True,0,1.0000,0.988967,car
img_002555.jpg,msx8597,msx8597,True,0,1.0000,0.956718,car
img_002557.jpg,ods2590,ods2590,True,0,1.0000,0.819327,car
img_002558.jpg,ppp5346,ppp5346,True,0,1.0000,0.994264,car
img_002559.jpg,ppw3952,ppw3952,True,0,1.0000,0.987707,car
img_002561.jpg,qrc0723,orc0723,False,1,0.8571,0.989822,car
img_002562.jpg,mtx0171,mtx0171,True,0,1.0000,0.998380,car
img_002564.jpg,ods3398,ods339,False,1,0.8571,0.797973,car
img_002565.jpg,odg1753,oog1753,False,1,0.8571,0.969118,car
img_002566.jpg,odr5548,oor5548,False,1,0.8571,0.952109,car
img_002567.jpg,msa1557,msa1557,True,0,1.0000,0.935456,car
img_002568.jpg,ppx5167,ppx5167,True,0,1.0000,0.994524,car
img_002570.jpg,mtz8488,li77848,False,5,0.2857,0.132157,car
img_002573.jpg,ppp3628,ppp3628,True,0,1.0000,0.954341,car
img_002580.jpg,mts0261,mts0261,True,0,1.0000,0.996560,car
img_002581.jpg,oyg6189,oyg6189,True,0,1.0000,0.996271,car
img_002582.jpg,odf1587,odf1587,True,0,1.0000,0.645228,car
img_002584.jpg,ppp5346,ppp5346,True,0,1.0000,0.972166,car
img_002585.jpg,odg3967,oog3967,False,1,0.8571,0.950061,car
img_002586.jpg,qjk6374,ojk6374,False,1,0.8571,0.793034,car
img_002587.jpg,mtz3256,mtz325,False,1,0.8571,0.990651,car
img_002589.jpg,ppp7519,ppp7519,True,0,1.0000,0.998065,car
img_002590.jpg,odr5274,oor5274,False,1,0.8571,0.908786,car
img_002591.jpg,ppw1889,ppw1899,False,1,0.8571,0.509525,car
img_002592.jpg,ppp7010,ppp7010,True,0,1.0000,0.997278,car
img_002593.jpg,ppp6398,ppp6398,True,0,1.0000,0.977811,car
img_002596.jpg,ppk2695,ppk2695,True,0,1.0000,0.998568,car
img_002598.jpg,odr3694,odr3694,True,0,1.0000,0.816132,car
img_002599.jpg,ppw1889,ppw1889,True,0,1.0000,0.686654,car
img_002600.jpg,odg3176,oog3176,False,1,0.8571,0.308758,car
img_002601.jpg,odg4873,odg4873,True,0,1.0000,0.808958,car
img_002602.jpg,odh3455,odh3455,True,0,1.0000,0.926223,car
img_002603.jpg,qjk6374,ojk6374,False,1,0.8571,0.914808,car
img_002604.jpg,odt6064,odt6064,True,0,1.0000,0.726542,car
img_002605.jpg,ppw0076,ppw0066,False,1,0.8571,0.759840,car
img_002606.jpg,odr3706,oor3706,False,1,0.8571,0.974410,car
img_002607.jpg,msb4766,msp4766,False,1,0.8571,0.476697,car
img_002609.jpg,qhl7752,okl7752,False,2,0.7143,0.587280,car
img_002611.jpg,odt6064,odt6064,True,0,1.0000,0.948462,car
img_002612.jpg,odg3065,oog3065,False,1,0.8571,0.952139,car
img_002615.jpg,qrd3012,ord3012,False,1,0.8571,0.571543,car
img_002616.jpg,odm6350,odm6350,True,0,1.0000,0.949323,car
img_002618.jpg,ppp7010,ppp7010,True,0,1.0000,0.997149,car
img_002620.jpg,qrd3045,ord3045,False,1,0.8571,0.852084,car
img_002627.jpg,ppp8356,ppp8356,True,0,1.0000,0.993605,car
img_002628.jpg,ppx0696,ppx0696,True,0,1.0000,0.981034,car
img_002630.jpg,ppx0682,ppx0682,True,0,1.0000,0.969649,car
img_002631.jpg,ppx5165,ppx5165,True,0,1.0000,0.993756,car
img_002632.jpg,ppx5163,ppx5163,True,0,1.0000,0.995117,car
img_002633.jpg,ppw1889,ppw1899,False,1,0.8571,0.649395,car
img_002634.jpg,mtz3549,mtz3549,True,0,1.0000,0.910395,car
img_002635.jpg,ppp6764,ppp6764,True,0,1.0000,0.996034,car
img_002636.jpg,ods3398,ods3398,True,0,1.0000,0.974226,car
img_002639.jpg,msk5187,msk5187,True,0,1.0000,0.998805,car
img_002640.jpg,odr3706,oor3706,False,1,0.8571,0.955130,car
img_002641.jpg,ppw4039,ppw4039,True,0,1.0000,0.531687,car
img_002642.jpg,odr0379,oor0379,False,1,0.8571,0.759997,car
img_002643.jpg,ppx4025,ppx4025,True,0,1.0000,0.903027,car
img_002647.jpg,mts7362,mts7362,True,0,1.0000,0.992141,car
img_002650.jpg,ppp6764,ppp6764,True,0,1.0000,0.981179,car
img_002651.jpg,ppp8356,ppp8356,True,0,1.0000,0.995537,car
img_002652.jpg,ppx0160,ppx0160,True,0,1.0000,0.979467,car
img_002653.jpg,ppx0682,ppx0682,True,0,1.0000,0.983790,car
img_002654.jpg,ods3398,ods3398,True,0,1.0000,0.890422,car
img_002657.jpg,odr5274,odr5274,True,0,1.0000,0.928847,car
img_002659.jpg,ppw0076,ppw0076,True,0,1.0000,0.962602,car
img_002660.jpg,ods4852,ods4852,True,0,1.0000,0.511070,car
img_002669.jpg,mtz8488,diz8848,False,4,0.4286,0.348511,car
img_002672.jpg,ppx4024,ppx4024,True,0,1.0000,0.574387,car
img_002673.jpg,odk9040,ook9040,False,1,0.8571,0.936983,car
img_002674.jpg,ppp6853,ppp6853,True,0,1.0000,0.978832,car
img_002675.jpg,ppv3922,ppy392,False,2,0.7143,0.726197,car
img_002676.jpg,odr4149,oor4149,False,1,0.8571,0.823060,car
img_002677.jpg,odt6181,odt6181,True,0,1.0000,0.843528,car
img_002679.jpg,odt6169,odt6169,True,0,1.0000,0.809698,car
img_002681.jpg,mtz3549,mtz3549,True,0,1.0000,0.864585,car
img_002682.jpg,odg1791,oog1791,False,1,0.8571,0.990030,car
img_002683.jpg,ppp7010,ppp7010,True,0,1.0000,0.997275,car
img_002684.jpg,mtx0171,mtx0171,True,0,1.0000,0.997578,car
img_002685.jpg,odr5274,oor5274,False,1,0.8571,0.879169,car
img_002686.jpg,ppp6764,ppp6764,True,0,1.0000,0.996673,car
img_002687.jpg,ppp7519,ppp7519,True,0,1.0000,0.998259,car
img_002689.jpg,odt6092,odt6092,True,0,1.0000,0.923760,car
img_002690.jpg,ods3398,ods3398,True,0,1.0000,0.771248,car
img_002691.jpg,ppw0076,ppw0076,True,0,1.0000,0.972015,car
img_002693.jpg,mts7362,mts7362,True,0,1.0000,0.981819,car
img_002695.jpg,odt6140,odt6140,True,0,1.0000,0.991902,car
img_002696.jpg,ods6119,ods6199,False,1,0.8571,0.973368,car
img_002699.jpg,oyf4944,oyf4944,True,0,1.0000,0.987542,car
img_002702.jpg,mqc1355,moc1355,False,1,0.8571,0.994278,car
img_002703.jpg,qjk6374,ojk6374,False,1,0.8571,0.982632,car
img_002704.jpg,ppw1889,ppw189,False,1,0.8571,0.996467,car
img_002706.jpg,odt6092,9ot6092,False,2,0.7143,0.407496,car
img_002707.jpg,ppw0076,ppw006,False,1,0.8571,0.848227,car
img_002708.jpg,ppp6398,ppp6398,True,0,1.0000,0.986694,car
img_002709.jpg,mts7362,mts7362,True,0,1.0000,0.996891,car
img_002710.jpg,ppm1763,ppm1763,True,0,1.0000,0.966662,car
img_002711.jpg,odr0379,oop0379,False,2,0.7143,0.670644,car
img_002713.jpg,odh1374,odh1374,True,0,1.0000,0.519469,car
img_002714.jpg,odt6129,odt6129,True,0,1.0000,0.985586,car
img_002715.jpg,odg3176,oog3176,False,1,0.8571,0.334166,car
img_002716.jpg,ppp6764,ppp6764,True,0,1.0000,0.996394,car
img_002718.jpg,mtz3549,mtz3599,False,1,0.8571,0.751879,car
img_002719.jpg,odh4216,ooh4216,False,1,0.8571,0.684996,car
img_002720.jpg,ppp7519,ppp7519,True,0,1.0000,0.997488,car
img_002721.jpg,odr5274,odr5274,True,0,1.0000,0.818915,car
img_002726.jpg,ppx4034,ppx4034,True,0,1.0000,0.965863,car
img_002729.jpg,ocz6223,ocz6223,True,0,1.0000,0.992056,car
img_002731.jpg,pph4925,pph4925,True,0,1.0000,0.997923,car
img_002732.jpg,mst4686,mst4686,True,0,1.0000,0.998256,car
img_002733.jpg,ppl5787,ppl5787,True,0,1.0000,0.996472,car
img_002735.jpg,ppr3512,ppr3512,True,0,1.0000,0.994739,car
img_002738.jpg,odf3904,odf3904,True,0,1.0000,0.224653,car
img_002739.jpg,odh4216,ooh4211,False,2,0.7143,0.816962,car
img_002741.jpg,oyk7770,oyk7770,True,0,1.0000,0.997330,car
img_002743.jpg,ppk0655,ppk0655,True,0,1.0000,0.989614,car
img_002744.jpg,mqc1355,moc1355,False,1,0.8571,0.976243,car
img_002745.jpg,ppp8356,ppp8356,True,0,1.0000,0.995134,car
img_002747.jpg,odi1892,odi1892,True,0,1.0000,0.994208,car
img_002749.jpg,odg3176,oog3176,False,1,0.8571,0.763006,car
img_002750.jpg,mtz3549,mtz3599,False,1,0.8571,0.490481,car
img_002751.jpg,ppw3176,ppw3176,True,0,1.0000,0.988351,car
img_002752.jpg,ppw0076,ppw076,False,1,0.8571,0.722873,car
img_002754.jpg,odr5274,odr5274,True,0,1.0000,0.838196,car
img_002755.jpg,ppp7519,ppp7519,True,0,1.0000,0.998027,car
img_002756.jpg,ods3398,ods3398,True,0,1.0000,0.781827,car
img_002757.jpg,ppl5787,ppl5787,True,0,1.0000,0.998304,car
img_002758.jpg,mti4774,mti4774,True,0,1.0000,0.646591,car
img_002759.jpg,odr3127,oor3127,False,1,0.8571,0.960939,car
img_002760.jpg,mts7362,mts7362,True,0,1.0000,0.991521,car
img_002762.jpg,ppx0155,ppx0155,True,0,1.0000,0.981475,car
img_002763.jpg,mtx0171,mtx0171,True,0,1.0000,0.997873,car
img_002765.jpg,ppx4048,ppx4048,True,0,1.0000,0.573404,car
img_002767.jpg,mst8531,mst8531,True,0,1.0000,0.998660,car
img_002768.jpg,ppm1763,ppm1763,True,0,1.0000,0.956598,car
img_002769.jpg,odo9891,odq9891,False,1,0.8571,0.449569,car
img_002770.jpg,odg3176,oog3176,False,1,0.8571,0.603877,car
img_002773.jpg,ppp7519,ppp7519,True,0,1.0000,0.997744,car
img_002778.jpg,ppx9984,ppx9984,True,0,1.0000,0.983579,car
img_002779.jpg,mtg8276,mtg8266,False,1,0.8571,0.817265,car
img_002781.jpg,ppp7010,ppp7010,True,0,1.0000,0.998255,car
img_002784.jpg,msd0247,msd0247,True,0,1.0000,0.658179,car
img_002785.jpg,ppp2796,ppp2796,True,0,1.0000,0.995273,car
img_002789.jpg,mtw7816,mtw7816,True,0,1.0000,0.788144,car
img_002791.jpg,ovh1838,ovh1838,True,0,1.0000,0.978507,car
img_002792.jpg,ppz7593,ppz7593,True,0,1.0000,0.979504,car
img_002793.jpg,mtz6794,atz674,False,2,0.7143,0.375025,car
img_002795.jpg,mqc1355,moc1355,False,1,0.8571,0.991527,car
img_002796.jpg,ppp8761,ppp8761,True,0,1.0000,0.995591,car
img_002797.jpg,qjk6374,ouk6374,False,2,0.7143,0.957275,car
img_002798.jpg,odh4216,odh4241,False,2,0.7143,0.336533,car
img_002803.jpg,odr3127,oor3127,False,1,0.8571,0.991087,car
img_002804.jpg,mtx0171,mtx0171,True,0,1.0000,0.998378,car
img_002805.jpg,mts0261,mts0261,True,0,1.0000,0.974085,car
img_002806.jpg,odr2162,odr2162,True,0,1.0000,0.771075,car
img_002809.jpg,ppt9994,ppt999,False,1,0.8571,0.966723,car
img_002810.jpg,ppw3952,ppw3952,True,0,1.0000,0.993460,car
img_002811.jpg,qrc6770,orc6770,False,1,0.8571,0.546542,car
img_002813.jpg,odt6129,odt6629,False,1,0.8571,0.669080,car
img_002814.jpg,qjk6374,ojk6374,False,1,0.8571,0.948511,car
img_002815.jpg,ods4776,oos476,False,2,0.7143,0.994732,car
img_002816.jpg,mtz8488,biz8288,False,3,0.5714,0.139464,car
img_002817.jpg,odf5623,odf5623,True,0,1.0000,0.941037,car
img_002818.jpg,msa1557,msa1557,True,0,1.0000,0.967267,car
img_002820.jpg,odh4216,ooh4211,False,2,0.7143,0.657809,car
img_002821.jpg,ppw3952,ppw3952,True,0,1.0000,0.997441,car
img_002822.jpg,ppw0076,ppw006,False,1,0.8571,0.975294,car
img_002824.jpg,odh1374,ooh1374,False,1,0.8571,0.841072,car
img_002825.jpg,ods3398,ods3398,True,0,1.0000,0.970564,car
img_002826.jpg,ppw9332,ppw9322,False,1,0.8571,0.569916,car
img_002828.jpg,ods3662,oos3662,False,1,0.8571,0.812300,car
img_002832.jpg,odt6064,odt6064,True,0,1.0000,0.960084,car
img_002834.jpg,odo0659,odo0659,True,0,1.0000,0.766670,car
img_002835.jpg,odf4543,oof4543,False,1,0.8571,0.923982,car
img_002836.jpg,ppz5238,ppz5238,True,0,1.0000,0.978671,car
img_002837.jpg,ppw4039,ppw4039,True,0,1.0000,0.997648,car
img_002838.jpg,mqf7485,mof7485,False,1,0.8571,0.942900,car
img_002839.jpg,ove8718,ove8718,True,0,1.0000,0.971854,car
img_002841.jpg,qjk6374,ojk6344,False,2,0.7143,0.758364,car
img_002844.jpg,odh4216,ooh4211,False,2,0.7143,0.765655,car
img_002845.jpg,ppz5238,ppz5238,True,0,1.0000,0.976924,car
img_002846.jpg,odf1587,oof1587,False,1,0.8571,0.957476,car
img_002847.jpg,ppp7010,ppp7010,True,0,1.0000,0.997288,car
img_002848.jpg,msk2049,msk2049,True,0,1.0000,0.996960,car
img_002849.jpg,mts7362,mts7362,True,0,1.0000,0.941079,car
img_002850.jpg,ppz5238,ppz5238,True,0,1.0000,0.981061,car
img_002851.jpg,mtx0171,mtx0171,True,0,1.0000,0.998254,car
img_002856.jpg,ods6175,ods6175,True,0,1.0000,0.996748,car
img_002857.jpg,ppx0696,ppx0696,True,0,1.0000,0.992592,car
img_002858.jpg,mts7362,mts7362,True,0,1.0000,0.993349,car
img_002859.jpg,ppp6764,ppp6764,True,0,1.0000,0.996700,car
img_002861.jpg,ppp7519,ppp7519,True,0,1.0000,0.997881,car
img_002868.jpg,odg3176,oog3176,False,1,0.8571,0.349862,car
img_002869.jpg,ppw0076,ppw0066,False,1,0.8571,0.507707,car
img_002871.jpg,qrc6742,orc674,False,2,0.7143,0.981094,car
img_002873.jpg,odr1805,odr1805,True,0,1.0000,0.792227,car
img_002874.jpg,odg3176,oog3176,False,1,0.8571,0.851912,car
img_002875.jpg,mts7362,mts7362,True,0,1.0000,0.996941,car
img_002878.jpg,ppl5787,ppl5578,False,2,0.7143,0.697802,car
img_002879.jpg,odg3176,oog3176,False,1,0.8571,0.834408,car
img_002881.jpg,odr4042,odr4042,True,0,1.0000,0.804319,car
img_002883.jpg,ocx7051,ocx7051,True,0,1.0000,0.969406,car
img_002886.jpg,mtz6794,atz2794,False,2,0.7143,0.141950,car
img_002887.jpg,odg3967,oog3967,False,1,0.8571,0.983514,car
img_002888.jpg,mtz6860,mtz6860,True,0,1.0000,0.999119,car
img_002889.jpg,mtj5833,mtj5833,True,0,1.0000,0.988518,car
img_002891.jpg,ods2590,ods2590,True,0,1.0000,0.953788,car
img_002892.jpg,odf5623,oof5623,False,1,0.8571,0.604188,car
img_002896.jpg,ppp4197,ppp4197,True,0,1.0000,0.992234,car
img_002897.jpg,ppp6764,ppp6764,True,0,1.0000,0.992062,car
img_002898.jpg,ppp7519,ppp7519,True,0,1.0000,0.998305,car
img_002901.jpg,ppp4197,ppp4197,True,0,1.0000,0.961497,car
img_002902.jpg,ppi4116,ppi4166,False,1,0.8571,0.566454,car
img_002903.jpg,ods3662,ods3662,True,0,1.0000,0.809128,car
img_002904.jpg,odh1374,ooh1374,False,1,0.8571,0.663893,car
img_002905.jpg,ppw4039,ppw4039,True,0,1.0000,0.989371,car
img_002907.jpg,ppw9332,ppw9322,False,1,0.8571,0.709248,car
img_002908.jpg,ppp2796,ppp2796,True,0,1.0000,0.989027,car
img_002910.jpg,ppl5787,ppl5787,True,0,1.0000,0.995600,car
img_002911.jpg,odg3065,oog3065,False,1,0.8571,0.977551,car
img_002913.jpg,mts7362,mts7362,True,0,1.0000,0.997807,car
img_002914.jpg,mtz6860,mtz6860,True,0,1.0000,0.999191,car
img_002917.jpg,mrx3194,mrx3194,True,0,1.0000,0.994150,car
img_002918.jpg,odt6129,oot6199,False,2,0.7143,0.980964,car
img_002924.jpg,mtz6860,mtz6860,True,0,1.0000,0.999027,car
img_002925.jpg,odg3967,oog3967,False,1,0.8571,0.849404,car
img_002926.jpg,odg3176,oog3176,False,1,0.8571,0.892761,car
img_002927.jpg,msd0247,msd0247,True,0,1.0000,0.493616,car
img_002928.jpg,qjk6374,ojk6344,False,2,0.7143,0.896039,car
img_002929.jpg,qrc6742,orc674,False,2,0.7143,0.964548,car
img_002930.jpg,ppw1889,ppw1899,False,1,0.8571,0.617041,car
img_002931.jpg,orb3168,orb3168,True,0,1.0000,0.986046,car
img_002932.jpg,odo9889,odq989,False,2,0.7143,0.342093,car
img_002933.jpg,odf5623,oof5623,False,1,0.8571,0.507321,car
img_002935.jpg,msk2049,msk2049,True,0,1.0000,0.996637,car
img_002936.jpg,ods3398,ods339,False,1,0.8571,0.982654,car
img_002940.jpg,odr3127,oor3127,False,1,0.8571,0.969019,car
img_002943.jpg,puk3709,puk3709,True,0,1.0000,0.994249,car
img_002947.jpg,odg4873,odg4873,True,0,1.0000,0.873090,car
img_002948.jpg,qjk6374,ojk6374,False,1,0.8571,0.720587,car
img_002949.jpg,odg3967,oog3967,False,1,0.8571,0.965638,car
img_002950.jpg,ppp9789,ppp9789,True,0,1.0000,0.987491,car
img_002951.jpg,ppw9578,ppw9578,True,0,1.0000,0.996426,car
img_002952.jpg,qrc6742,orc6742,False,1,0.8571,0.962460,car
img_002953.jpg,ppw1889,ppw1889,True,0,1.0000,0.949033,car
img_002955.jpg,ppx5163,ppx5163,True,0,1.0000,0.984443,car
img_002956.jpg,oyd0023,oyd0023,True,0,1.0000,0.995014,car
img_002957.jpg,ppx5172,ppx5172,True,0,1.0000,0.975509,car
img_002960.jpg,odf1587,oof1587,False,1,0.8571,0.850389,car
img_002961.jpg,ppp7519,ppp7519,True,0,1.0000,0.997779,car
img_002962.jpg,pps4432,pps432,False,1,0.8571,0.825122,car
img_002963.jpg,ppp6764,ppp6764,True,0,1.0000,0.993206,car
img_002964.jpg,odr3127,oor3127,False,1,0.8571,0.901102,car
img_002967.jpg,ods2590,ods2590,True,0,1.0000,0.983398,car
img_002970.jpg,mtn9522,mtn952,False,1,0.8571,0.990503,car
img_002972.jpg,ppw9578,ppw9578,True,0,1.0000,0.994087,car
img_002974.jpg,mtj5833,mtj5833,True,0,1.0000,0.998360,car
img_002975.jpg,qjk6374,ouk6374,False,2,0.7143,0.600100,car
img_002976.jpg,msd0247,msd2247,False,1,0.8571,0.753837,car
img_002977.jpg,ods2590,ods2590,True,0,1.0000,0.961082,car
img_002978.jpg,mtz3549,mtz3549,True,0,1.0000,0.996406,car
img_002980.jpg,ppw1889,ppw189,False,1,0.8571,0.993851,car
img_002981.jpg,ppv0918,ppv0918,True,0,1.0000,0.725335,car
img_002984.jpg,odg1893,oog1893,False,1,0.8571,0.803604,car
img_002985.jpg,ppp6764,ppp6764,True,0,1.0000,0.992095,car
img_002986.jpg,ppw3952,ppw3952,True,0,1.0000,0.995595,car
img_002987.jpg,odf1587,odf1587,True,0,1.0000,0.799151,car
img_002988.jpg,ods3398,ods3398,True,0,1.0000,0.982150,car
img_002990.jpg,odi1892,odi1892,True,0,1.0000,0.991987,car
img_002991.jpg,odo1303,odo1303,True,0,1.0000,0.340312,car
img_002992.jpg,odr3127,oor3127,False,1,0.8571,0.965951,car
img_002995.jpg,ods2624,oos2624,False,1,0.8571,0.937469,car
img_002996.jpg,ods2167,ods2167,True,0,1.0000,0.951870,car
img_002997.jpg,odg1753,oog1753,False,1,0.8571,0.933650,car
img_003000.jpg,ppo0839,ppo6839,False,1,0.8571,0.881391,car
img_003001.jpg,odt6140,odt6140,True,0,1.0000,0.992970,car
img_003002.jpg,mts7362,mts7362,True,0,1.0000,0.997597,car
img_003003.jpg,epk6958,epk6958,True,0,1.0000,0.989332,car
img_003004.jpg,odg4873,odg4873,True,0,1.0000,0.973549,car
img_003006.jpg,ppw1889,ppw189,False,1,0.8571,0.991116,car
img_003013.jpg,ods3398,ods3398,True,0,1.0000,0.944268,car
img_003018.jpg,odg3967,oog3967,False,1,0.8571,0.934025,car
img_003020.jpg,mtz6860,mtz6860,True,0,1.0000,0.998901,car
img_003023.jpg,mts7362,mts7362,True,0,1.0000,0.998476,car
img_003024.jpg,odi1892,odi1892,True,0,1.0000,0.735756,car
img_003029.jpg,odr4042,odr4042,True,0,1.0000,0.560033,car
img_003031.jpg,okl2076,okl2076,True,0,1.0000,0.991202,car
img_003032.jpg,odr4042,oor4042,False,1,0.8571,0.643210,car
img_003035.jpg,ppl5787,ppl5787,True,0,1.0000,0.935466,car
img_003040.jpg,mtz6794,atz6794,False,1,0.8571,0.283168,car
img_003041.jpg,ppx2707,ppx2707,True,0,1.0000,0.978055,car
img_003043.jpg,qhl7752,okl7752,False,2,0.7143,0.463062,car
img_003044.jpg,mtz3256,mtz3256,True,0,1.0000,0.601988,car
img_003045.jpg,ppp8761,ppp8761,True,0,1.0000,0.992211,car
img_003046.jpg,msd0247,msd0247,True,0,1.0000,0.845683,car
img_003047.jpg,odg4873,oog4873,False,1,0.8571,0.710510,car
img_003048.jpg,ppw9578,ppw9578,True,0,1.0000,0.997518,car
img_003049.jpg,ppw1889,ppw1899,False,1,0.8571,0.702854,car
img_003050.jpg,odr5274,odr5274,True,0,1.0000,0.911672,car
img_003051.jpg,ppp6764,ppp6764,True,0,1.0000,0.978753,car
img_003053.jpg,ods3398,ods3398,True,0,1.0000,0.904074,car
img_003055.jpg,odt6162,odt6162,True,0,1.0000,0.981153,car
img_003058.jpg,mtz6860,mtz6860,True,0,1.0000,0.998801,car
img_003059.jpg,odr3127,oor3127,False,1,0.8571,0.986499,car
img_003060.jpg,mtz3256,mtz356,False,1,0.8571,0.776322,car
img_003061.jpg,ppg5552,ppg552,False,1,0.8571,0.997924,car
img_003062.jpg,odr4042,odr4042,True,0,1.0000,0.431504,car
img_003065.jpg,mtj5833,mtj5833,True,0,1.0000,0.965266,car
img_003066.jpg,mst8531,mst8531,True,0,1.0000,0.998757,car
img_003067.jpg,odg4873,odg4873,True,0,1.0000,0.901092,car
img_003068.jpg,msd0247,msd0247,True,0,1.0000,0.735649,car
img_003071.jpg,ppr3512,ppr3512,True,0,1.0000,0.992776,car
img_003072.jpg,ods3398,ods339,False,1,0.8571,0.706129,car
img_003073.jpg,ppp6764,ppp6764,True,0,1.0000,0.995592,car
img_003075.jpg,ppp7519,ppp7519,True,0,1.0000,0.997456,car
img_003077.jpg,ppw1889,ppw189,False,1,0.8571,0.986466,car
img_003078.jpg,qrc6742,orc6742,False,1,0.8571,0.882641,car
img_003079.jpg,odr5274,odr5274,True,0,1.0000,0.707201,car
img_003080.jpg,odp0519,oop0519,False,1,0.8571,0.976990,car
img_003081.jpg,odo9891,odo9891,True,0,1.0000,0.499694,car
img_003083.jpg,odt6162,odt6162,True,0,1.0000,0.907735,car
img_003085.jpg,odf1587,odf1587,True,0,1.0000,0.493847,car
img_003088.jpg,mts7362,mts7362,True,0,1.0000,0.979300,car
img_003090.jpg,ppn9005,ppn9005,True,0,1.0000,0.996031,car
img_003092.jpg,ppx6781,ppx6781,True,0,1.0000,0.990407,car
img_003095.jpg,odp0519,oop0519,False,1,0.8571,0.956288,car
img_003096.jpg,ppp9789,ppp9789,True,0,1.0000,0.996072,car
img_003097.jpg,qrc6742,orc674,False,2,0.7143,0.862718,car
img_003098.jpg,mtz6860,mtz6860,True,0,1.0000,0.998971,car
img_003099.jpg,odg3176,oog3176,False,1,0.8571,0.394794,car
img_003102.jpg,ppp5346,ppp5346,True,0,1.0000,0.997258,car
img_003103.jpg,mtn9701,mtn9701,True,0,1.0000,0.991226,car
img_003105.jpg,mtz8488,dizz828,False,5,0.2857,0.065627,car
img_003106.jpg,odr5274,odr5274,True,0,1.0000,0.842890,car
img_003108.jpg,ppp6764,ppp6764,True,0,1.0000,0.986965,car
img_003109.jpg,qhl7752,ohl7752,False,1,0.8571,0.671787,car
img_003113.jpg,ods3398,oos3398,False,1,0.8571,0.673277,car
img_003115.jpg,ppw4039,ppw4039,True,0,1.0000,0.977526,car
img_003116.jpg,odt6162,odt6162,True,0,1.0000,0.859770,car
img_003117.jpg,oyd0023,oyd0023,True,0,1.0000,0.992166,car
img_003119.jpg,msa5334,msa5334,True,0,1.0000,0.983045,car
img_003120.jpg,odt6064,odt6064,True,0,1.0000,0.994851,car
img_003122.jpg,ppz5238,ppz5238,True,0,1.0000,0.953416,car
img_003127.jpg,odt6217,odt6621,False,2,0.7143,0.925680,car
img_003128.jpg,qrc0461,qrc0461,True,0,1.0000,0.599102,car
img_003130.jpg,msm2996,msm296,False,1,0.8571,0.586940,car
img_003131.jpg,dru0900,dru0900,True,0,1.0000,0.960354,car
img_003133.jpg,mtn9522,mtn952,False,1,0.8571,0.998041,car
img_003134.jpg,mtz6860,mtz6860,True,0,1.0000,0.998014,car
img_003136.jpg,odt6129,odt6619,False,2,0.7143,0.905507,car
img_003138.jpg,ppw9578,ppw9578,True,0,1.0000,0.997999,car
img_003140.jpg,mtn9701,mtn9701,True,0,1.0000,0.696381,car
img_003143.jpg,ppp6764,ppp6764,True,0,1.0000,0.997457,car
img_003144.jpg,ppp4197,ppp4197,True,0,1.0000,0.982352,car
img_003146.jpg,ppw0076,ppw0076,True,0,1.0000,0.892820,car
img_003147.jpg,ods3398,ods3398,True,0,1.0000,0.945230,car
img_003148.jpg,odf1587,odf1587,True,0,1.0000,0.822159,car
img_003150.jpg,ppp7519,ppp7519,True,0,1.0000,0.998060,car
img_003152.jpg,lre2424,lee2424,False,1,0.8571,0.790511,car
img_003155.jpg,ppp6764,ppp6764,True,0,1.0000,0.996666,car
img_003156.jpg,msi3655,msi365,False,1,0.8571,0.893721,car
img_003157.jpg,ppp6398,ppp6398,True,0,1.0000,0.991196,car
img_003158.jpg,ppa0934,paa0934,False,1,0.8571,0.989900,car
img_003161.jpg,odt6181,odt6181,True,0,1.0000,0.990478,car
img_003162.jpg,msd0247,msd0247,True,0,1.0000,0.798407,car
img_003163.jpg,odg3967,oog3967,False,1,0.8571,0.947645,car
img_003165.jpg,odp0519,oop0519,False,1,0.8571,0.966833,car
img_003166.jpg,ppx6781,ppy6781,False,1,0.8571,0.604780,car
img_003167.jpg,odt6162,odt6162,True,0,1.0000,0.971870,car
img_003170.jpg,ppp9789,ppp9789,True,0,1.0000,0.997663,car
img_003172.jpg,qrd3044,ord3044,False,1,0.8571,0.776785,car
img_003173.jpg,qrb2775,orb2775,False,1,0.8571,0.969565,car
img_003176.jpg,odg1791,oog1791,False,1,0.8571,0.901421,car
img_003177.jpg,ppe5416,ppe5416,True,0,1.0000,0.992384,car
img_003179.jpg,ocz9247,ocz9247,True,0,1.0000,0.982437,car
img_003181.jpg,odg3176,oog3176,False,1,0.8571,0.839706,car
img_003182.jpg,ppz5238,ppz5238,True,0,1.0000,0.969433,car
img_003183.jpg,ppz7593,ppz7593,True,0,1.0000,0.989324,car
img_003186.jpg,mts7362,mts7362,True,0,1.0000,0.998288,car
img_003187.jpg,ppa9043,paa9043,False,1,0.8571,0.823091,car
img_003190.jpg,ppw0076,ppw0076,True,0,1.0000,0.958461,car
img_003193.jpg,ppw0162,ppw0162,True,0,1.0000,0.958148,car
img_003195.jpg,odt6129,odt6129,True,0,1.0000,0.993429,car
img_003196.jpg,mtn9522,mtn952,False,1,0.8571,0.996222,car
img_003197.jpg,ppp8761,ppp8761,True,0,1.0000,0.994587,car
img_003198.jpg,ppw0076,ppw0076,True,0,1.0000,0.881769,car
img_003199.jpg,odg4873,odg4873,True,0,1.0000,0.949140,car
img_003200.jpg,msz7325,msz735,False,1,0.8571,0.921825,car
img_003201.jpg,ods2590,ods2590,True,0,1.0000,0.983001,car
img_003202.jpg,odt6162,odt6162,True,0,1.0000,0.936413,car
img_003204.jpg,odf5623,oof5623,False,1,0.8571,0.551748,car
img_003206.jpg,qrc6742,orc6742,False,1,0.8571,0.932065,car
img_003207.jpg,ppw3952,ppw3952,True,0,1.0000,0.995821,car
img_003208.jpg,odp0519,oop0519,False,1,0.8571,0.677134,car
img_003209.jpg,ppp8761,ppp8761,True,0,1.0000,0.995801,car
img_003211.jpg,odr1805,odr1805,True,0,1.0000,0.564771,car
img_003215.jpg,odf4543,odf4543,True,0,1.0000,0.753532,car
img_003217.jpg,ppw4039,ppw4039,True,0,1.0000,0.991741,car
img_003219.jpg,ppp6853,ppp6853,True,0,1.0000,0.968494,car
img_003220.jpg,ovf6363,oyf6363,False,1,0.8571,0.649464,car
img_003221.jpg,ppw0076,ppw0066,False,1,0.8571,0.870805,car
img_003227.jpg,odt6129,odt6129,True,0,1.0000,0.930146,car
img_003228.jpg,qrc0727,orc0727,False,1,0.8571,0.853355,car
img_003229.jpg,msa1557,msa1557,True,0,1.0000,0.996438,car
img_003230.jpg,odt6181,odt6181,True,0,1.0000,0.963111,car
img_003231.jpg,msd0247,msd0247,True,0,1.0000,0.932794,car
img_003232.jpg,ovf6363,oyf6363,False,1,0.8571,0.834670,car
img_003233.jpg,odg3176,oog3176,False,1,0.8571,0.736082,car
img_003234.jpg,oyk7514,oyk7514,True,0,1.0000,0.992625,car
img_003235.jpg,oyd0023,oyd0023,True,0,1.0000,0.990988,car
img_003236.jpg,odt6061,odt6061,True,0,1.0000,0.996891,car
img_003239.jpg,odp0519,oop0519,False,1,0.8571,0.983475,car
img_003240.jpg,qrc6742,orc674,False,2,0.7143,0.873894,car
img_003241.jpg,ods6953,oos6953,False,1,0.8571,0.972852,car
img_003243.jpg,ods3398,oos339,False,2,0.7143,0.668018,car
img_003244.jpg,odr4042,odr4042,True,0,1.0000,0.804502,car
img_003245.jpg,mry6685,mry6685,True,0,1.0000,0.982478,car
img_003247.jpg,ppw9332,ppw9322,False,1,0.8571,0.760894,car
img_003248.jpg,ppw4039,ppw4039,True,0,1.0000,0.986654,car
img_003249.jpg,pph7380,pph7380,True,0,1.0000,0.962393,car
img_003255.jpg,odr3694,odr3694,True,0,1.0000,0.550810,car
img_003257.jpg,mtz3549,mtz3549,True,0,1.0000,0.870827,car
img_003258.jpg,ppp8761,ppp8761,True,0,1.0000,0.994165,car
img_003259.jpg,odg3967,oog3967,False,1,0.8571,0.794397,car
img_003260.jpg,oyd0023,oyd0023,True,0,1.0000,0.991131,car
img_003261.jpg,odg3176,oog3176,False,1,0.8571,0.628693,car
img_003262.jpg,ods2590,ods2590,True,0,1.0000,0.822515,car
img_003264.jpg,ppw3952,ppw3952,True,0,1.0000,0.996628,car
img_003265.jpg,qrc6742,orc6742,False,1,0.8571,0.364030,car
img_003266.jpg,odg1893,oog1893,False,1,0.8571,0.870913,car
img_003267.jpg,ppp7519,ppp7519,True,0,1.0000,0.997835,car
img_003268.jpg,ppp6853,ppp6853,True,0,1.0000,0.994501,car
img_003271.jpg,ods3398,ods3398,True,0,1.0000,0.956113,car
img_003272.jpg,qrb5219,orb5219,False,1,0.8571,0.922926,car
img_003273.jpg,ppw9332,ppw9332,True,0,1.0000,0.680422,car
img_003274.jpg,ods6881,ods6888,False,1,0.8571,0.947652,car
img_003276.jpg,mts7362,mts7362,True,0,1.0000,0.991299,car
img_003277.jpg,ppw3952,ppw3952,True,0,1.0000,0.995843,car
img_003279.jpg,msa1557,msa1557,True,0,1.0000,0.995167,car
img_003282.jpg,ods2624,oos2624,False,1,0.8571,0.988342,car
img_003284.jpg,ove8718,ove8718,True,0,1.0000,0.741809,car
img_003290.jpg,ppe4457,ppe457,False,1,0.8571,0.996912,car
img_003291.jpg,msa1557,msa1557,True,0,1.0000,0.990888,car
img_003292.jpg,odh1374,odh1374,True,0,1.0000,0.514253,car
img_003295.jpg,odg3967,oog3967,False,1,0.8571,0.896799,car
img_003296.jpg,odg4873,odg4873,True,0,1.0000,0.695150,car
img_003297.jpg,ppw9578,ppw9578,True,0,1.0000,0.983073,car
img_003298.jpg,ppx0682,ppx0682,True,0,1.0000,0.976233,car
img_003299.jpg,oyd0023,oyd0023,True,0,1.0000,0.990423,car
img_003300.jpg,odg3176,oog3176,False,1,0.8571,0.695300,car
img_003301.jpg,ppw1889,ppw1899,False,1,0.8571,0.842680,car
img_003302.jpg,ods3398,ods3398,True,0,1.0000,0.983154,car
img_003305.jpg,qjk6374,ojk6374,False,1,0.8571,0.476165,car
img_003306.jpg,mtz3549,mtz3549,True,0,1.0000,0.612078,car
img_003307.jpg,qrc6742,orc6742,False,1,0.8571,0.928024,car
img_003309.jpg,ppp4197,ppp4197,True,0,1.0000,0.981984,car
img_003313.jpg,odr4042,oor4042,False,1,0.8571,0.943226,car
img_003314.jpg,odt6173,odt6173,True,0,1.0000,0.538489,car
img_003316.jpg,mts7362,mts7362,True,0,1.0000,0.995203,car
img_003317.jpg,ods2624,oos2624,False,1,0.8571,0.871397,car
img_003318.jpg,ppp6398,ppp6398,True,0,1.0000,0.988744,car
img_003319.jpg,odr4042,oor4042,False,1,0.8571,0.897240,car
img_003322.jpg,odq9368,odq9368,True,0,1.0000,0.385594,car
img_003324.jpg,mtz3256,mtz3256,True,0,1.0000,0.945779,car
img_003326.jpg,mtz6860,mtz6860,True,0,1.0000,0.998888,car
img_003329.jpg,ppx0682,ppx0682,True,0,1.0000,0.974478,car
img_003332.jpg,oyk4283,oyk4283,True,0,1.0000,0.997368,car
img_003333.jpg,ppw0076,ppw0076,True,0,1.0000,0.777800,car
img_003334.jpg,ods6881,ods6881,True,0,1.0000,0.487131,car
img_003335.jpg,ppp7519,ppp7519,True,0,1.0000,0.997653,car
img_003337.jpg,odr3127,oor3127,False,1,0.8571,0.957688,car
img_003338.jpg,mtx0171,mtx0171,True,0,1.0000,0.998465,car
img_003339.jpg,ppw0076,ppw0076,True,0,1.0000,0.875701,car
img_003340.jpg,ppi4116,ppi4116,True,0,1.0000,0.931571,car
img_003344.jpg,mpb0290,mpb0290,True,0,1.0000,0.880116,car
img_003345.jpg,odp0519,oop0519,False,1,0.8571,0.986729,car
img_003346.jpg,ppp7010,ppp7010,True,0,1.0000,0.988517,car
img_003347.jpg,ppx0682,ppx0682,True,0,1.0000,0.944759,car
img_003348.jpg,mtz3549,mtz3549,True,0,1.0000,0.682903,car
img_003349.jpg,mhn2867,mhn2867,True,0,1.0000,0.874671,car
img_003354.jpg,mqu4192,mou4192,False,1,0.8571,0.879939,car
img_003355.jpg,ppl5787,ppl5787,True,0,1.0000,0.996801,car
img_003356.jpg,ove9965,ovf996,False,2,0.7143,0.610546,car
img_003358.jpg,ppu6390,ppu6300,False,1,0.8571,0.814151,car
img_003359.jpg,mtz3549,mtz3549,True,0,1.0000,0.508272,car
img_003365.jpg,ppp7505,ppp7505,True,0,1.0000,0.992613,car
img_003366.jpg,mty1273,mty1773,False,1,0.8571,0.607426,car
img_003368.jpg,ppp8761,ppp8761,True,0,1.0000,0.991938,car
img_003369.jpg,mtz6860,mtz6860,True,0,1.0000,0.999095,car
img_003370.jpg,mtz3549,mtz3549,True,0,1.0000,0.667971,car
img_003371.jpg,odp0519,oop0519,False,1,0.8571,0.988950,car
img_003372.jpg,odt6169,odt6116,False,2,0.7143,0.581461,car
img_003373.jpg,ove8718,ove8718,True,0,1.0000,0.978464,car
img_003375.jpg,ppp2841,ppp2841,True,0,1.0000,0.997141,car
img_003376.jpg,odg6312,oog6312,False,1,0.8571,0.925806,car
img_003377.jpg,odt6061,odt6061,True,0,1.0000,0.932884,car
img_003381.jpg,odo1303,odo1303,True,0,1.0000,0.220372,car
img_003387.jpg,eyo3502,eyo3502,True,0,1.0000,0.994370,car
img_003394.jpg,mqm4744,mom4744,False,1,0.8571,0.990624,car
img_003398.jpg,ppk1316,ppk1316,True,0,1.0000,0.970611,car
img_003401.jpg,mts7362,mts7362,True,0,1.0000,0.989053,car
img_003406.jpg,mts7362,mts7362,True,0,1.0000,0.997381,car
img_003407.jpg,odt6061,odt6061,True,0,1.0000,0.995930,car
img_003410.jpg,mss7380,mss7380,True,0,1.0000,0.559522,car
img_003413.jpg,ppp5321,pp55321,False,1,0.8571,0.436317,car
img_003414.jpg,odg1791,oog1791,False,1,0.8571,0.985963,car
img_003415.jpg,mtz6860,mtz6860,True,0,1.0000,0.999156,car
img_003417.jpg,ppx0682,ppx0682,True,0,1.0000,0.984308,car
img_003420.jpg,mtz3549,mtz3549,True,0,1.0000,0.834601,car
img_003421.jpg,odo2523,odo2523,True,0,1.0000,0.879265,car
img_003422.jpg,ppw3952,ppw3952,True,0,1.0000,0.995988,car
img_003423.jpg,ppp4197,ppp4197,True,0,1.0000,0.991833,car
img_003424.jpg,odg3176,oog3176,False,1,0.8571,0.971381,car
img_003425.jpg,odg1893,odg1893,True,0,1.0000,0.515143,car
img_003426.jpg,ppw9332,ppw9322,False,1,0.8571,0.889704,car
img_003429.jpg,ppz2988,ppz2988,True,0,1.0000,0.991484,car
img_003431.jpg,ods6881,ods6888,False,1,0.8571,0.926699,car
img_003432.jpg,ppc9436,ppc9436,True,0,1.0000,0.997142,car
img_003433.jpg,mtz3256,mtz3256,True,0,1.0000,0.534602,car
img_003434.jpg,msp6328,msp6328,True,0,1.0000,0.998414,car
img_003435.jpg,mst8531,mst8531,True,0,1.0000,0.996378,car
img_003436.jpg,odo2523,odo2523,True,0,1.0000,0.910154,car
img_003442.jpg,ppl5787,ppl5787,True,0,1.0000,0.993927,car
img_003444.jpg,odg3176,oog3176,False,1,0.8571,0.961931,car
img_003446.jpg,odt6129,odt6129,True,0,1.0000,0.985048,car
img_003462.jpg,ods9679,oos9679,False,1,0.8571,0.631812,car
img_003468.jpg,oda9324,oda9324,True,0,1.0000,0.728654,car
img_003470.jpg,mrd3230,mrd3230,True,0,1.0000,0.963247,car
img_003472.jpg,oyg3795,oyg3795,True,0,1.0000,0.978751,car
img_003476.jpg,jpe2677,jpf2677,False,1,0.8571,0.449989,car
img_003477.jpg,ppi2537,ppi2537,True,0,1.0000,0.998178,car
img_003478.jpg,mrz0866,mrz0866,True,0,1.0000,0.669374,car
img_003482.jpg,mst3381,mst3381,True,0,1.0000,0.994943,car
img_003484.jpg,mpk0306,mpk0306,True,0,1.0000,0.998141,car
img_003491.jpg,qrb7717,orb7717,False,1,0.8571,0.981123,car
img_003493.jpg,oyh3829,oyh3829,True,0,1.0000,0.973621,car
img_003497.jpg,mrd2754,mrd2754,True,0,1.0000,0.974212,car
img_003500.jpg,ppl5835,ppl5835,True,0,1.0000,0.997322,car
img_003519.jpg,mts0601,mts0601,True,0,1.0000,0.995371,car
img_003522.jpg,ppy0074,ppy0074,True,0,1.0000,0.911288,car
img_003529.jpg,mtq5314,mtd5344,False,2,0.7143,0.363986,car
img_003530.jpg,mpj6102,mpj6102,True,0,1.0000,0.998937,car
img_003536.jpg,mrz1196,mrz1196,True,0,1.0000,0.887592,car
img_003544.jpg,odf2508,oof2508,False,1,0.8571,0.708605,car
img_003555.jpg,ppz2695,ppz2695,True,0,1.0000,0.919606,car
img_003556.jpg,odk9096,odk9096,True,0,1.0000,0.781233,car
img_003559.jpg,mjd4789,mjd4789,True,0,1.0000,0.924665,car
img_003562.jpg,amy4727,amy4727,True,0,1.0000,0.916974,car
img_003564.jpg,krx4720,krx4220,False,1,0.8571,0.942676,car
img_003566.jpg,mhg7583,mhg7583,True,0,1.0000,0.937479,car
img_003568.jpg,kye4676,kye4676,True,0,1.0000,0.974159,car
img_003569.jpg,mor2356,mor2356,True,0,1.0000,0.588466,car
img_003579.jpg,eqt0490,eot0490,False,1,0.8571,0.957287,car
img_003582.jpg,ppp0105,ppp0105,True,0,1.0000,0.983950,car
img_003585.jpg,odm3765,oom3765,False,1,0.8571,0.989085,car
img_003593.jpg,ppy8837,ppy8837,True,0,1.0000,0.997901,car
img_003594.jpg,loo2541,loo2541,True,0,1.0000,0.871785,car
img_003596.jpg,mqm0465,mom0465,False,1,0.8571,0.989215,car
img_003598.jpg,lpd1908,lpd1908,True,0,1.0000,0.994282,car
img_003599.jpg,mtc2892,mtc2892,True,0,1.0000,0.999513,car
img_003601.jpg,jig2094,jig2094,True,0,1.0000,0.989413,car
img_003602.jpg,jht7994,jht7994,True,0,1.0000,0.189084,car
img_003610.jpg,mqq7117,mod7117,False,2,0.7143,0.796650,car
img_003611.jpg,dga9115,dga9155,False,1,0.8571,0.877811,car
img_003618.jpg,ouv7590,ouv7590,True,0,1.0000,0.904729,car
img_003619.jpg,qrd6529,oro6529,False,2,0.7143,0.739914,car
img_003628.jpg,ppg6826,ppg6826,True,0,1.0000,0.992472,car
img_003630.jpg,oyg3856,oyg3866,False,1,0.8571,0.789513,car
img_003644.jpg,pph0682,pph0682,True,0,1.0000,0.987705,car
img_003653.jpg,jhc0151,jcc0151,False,1,0.8571,0.997274,car
img_003668.jpg,kxs4485,kx54885,False,2,0.7143,0.880820,car
img_003674.jpg,mqo1197,moo1197,False,1,0.8571,0.317644,car
img_003682.jpg,ppd6888,ppd6888,True,0,1.0000,0.988496,car
img_003684.jpg,ppv5029,ppv5029,True,0,1.0000,0.953374,car
img_003687.jpg,ovh9811,ovh9811,True,0,1.0000,0.555176,car
img_003690.jpg,ppl4836,ppl4836,True,0,1.0000,0.997771,car
img_003694.jpg,pxd5882,pxo5882,False,1,0.8571,0.943217,car
img_003711.jpg,ppp8104,ppp8104,True,0,1.0000,0.989896,car
img_003714.jpg,mtb6924,mtb6924,True,0,1.0000,0.587784,car
img_003722.jpg,ode3260,ode3260,True,0,1.0000,0.922849,car
img_003723.jpg,pec1230,pec1230,True,0,1.0000,0.997003,car
img_003735.jpg,hmt9147,mnj9147,False,3,0.5714,0.381401,car
img_003736.jpg,ppp0105,ppp0105,True,0,1.0000,0.991564,car
img_003739.jpg,ppj1029,ppj1029,True,0,1.0000,0.986574,car
img_003740.jpg,ppp1881,ppp1881,True,0,1.0000,0.986803,car
img_003741.jpg,ppm6755,ppm6755,True,0,1.0000,0.761746,car
img_003746.jpg,fda4010,foa4010,False,1,0.8571,0.907482,car
img_003752.jpg,msy6522,msy652,False,1,0.8571,0.992481,car
img_003753.jpg,ppk5450,ppk5450,True,0,1.0000,0.997814,car
img_003754.jpg,mtv8795,mtv875,False,1,0.8571,0.955254,car
img_003757.jpg,msl0095,msl0095,True,0,1.0000,0.824726,car
img_003759.jpg,qqy3281,ooy3281,False,2,0.7143,0.970463,car
img_003762.jpg,oqt1172,oot1172,False,1,0.8571,0.963798,car
img_003768.jpg,evg8074,evg8074,True,0,1.0000,0.986226,car
img_003778.jpg,lqh9876,low9876,False,2,0.7143,0.721352,car
img_003783.jpg,ppp3628,ppp3628,True,0,1.0000,0.992771,car
img_003786.jpg,ovk1635,ovk1635,True,0,1.0000,0.998132,car
img_003789.jpg,anj1023,anj1023,True,0,1.0000,0.989695,car
img_003792.jpg,mrk8744,mpk8744,False,1,0.8571,0.942003,car
img_003794.jpg,mtt1750,mtt1750,True,0,1.0000,0.680666,car
img_003797.jpg,nzs9628,nz59628,False,1,0.8571,0.572146,car
img_003801.jpg,mrp4490,mpp4490,False,1,0.8571,0.753601,car
img_003803.jpg,knq0954,kno0954,False,1,0.8571,0.991467,car
img_003805.jpg,pwa6022,pwa6022,True,0,1.0000,0.996688,car
img_003814.jpg,ocz2157,ocz2157,True,0,1.0000,0.987459,car
img_003823.jpg,pxu7775,pxu7775,True,0,1.0000,0.983041,car
img_003826.jpg,pph0682,pph0682,True,0,1.0000,0.941763,car
img_003827.jpg,odp9719,oop9719,False,1,0.8571,0.978164,car
img_003829.jpg,msx0755,msx0755,True,0,1.0000,0.995039,car
img_003831.jpg,mth2345,mth2345,True,0,1.0000,0.992738,car
img_003839.jpg,odp6379,oop6379,False,1,0.8571,0.954152,car
img_003840.jpg,ppo7765,ppo7765,True,0,1.0000,0.855131,car
img_003844.jpg,msi3444,msi344,False,1,0.8571,0.682492,car
img_003856.jpg,ppw9332,ppw9322,False,1,0.8571,0.801813,car
img_003861.jpg,odg6256,oog6256,False,1,0.8571,0.660024,car
img_003865.jpg,mss7130,mss7130,True,0,1.0000,0.610508,car
img_003868.jpg,mrj3434,mrj2434,False,1,0.8571,0.886232,car
img_003872.jpg,msz2300,msz2300,True,0,1.0000,0.914315,car
img_003880.jpg,mqg0481,mog0481,False,1,0.8571,0.963864,car
img_003882.jpg,ppx9714,ppx9714,True,0,1.0000,0.823633,car
img_003885.jpg,ppj6139,ppj6139,True,0,1.0000,0.710490,car
img_003887.jpg,ppd0706,ppo0706,False,1,0.8571,0.708578,car
img_003889.jpg,mqo1197,moo1197,False,1,0.8571,0.929234,car
img_003892.jpg,ode8151,ooe8151,False,1,0.8571,0.868581,car
img_003893.jpg,msd0588,msd0588,True,0,1.0000,0.987757,car
img_003898.jpg,kvs9534,kns9534,False,1,0.8571,0.584569,car
img_003900.jpg,ovj1856,ovj1856,True,0,1.0000,0.985859,car
img_003903.jpg,odm5316,oom5316,False,1,0.8571,0.931981,car
img_003906.jpg,jhc0151,jcc0151,False,1,0.8571,0.994560,car
img_003910.jpg,ppn5445,ppn5455,False,1,0.8571,0.632059,car
img_003911.jpg,ocw1462,ocw1462,True,0,1.0000,0.684290,car
img_003918.jpg,qqs1833,oos1833,False,2,0.7143,0.930535,car
img_003932.jpg,qpw7955,opw795,False,2,0.7143,0.835083,car
img_003933.jpg,ppw2262,ppm2262,False,1,0.8571,0.828980,car
img_003934.jpg,nys3671,nys3671,True,0,1.0000,0.917795,car
img_003938.jpg,ipr2535,ipr2535,True,0,1.0000,0.998764,car
img_003941.jpg,qnv9350,onv9350,False,1,0.8571,0.995297,car
img_003945.jpg,mki9203,mki9203,True,0,1.0000,0.987544,car
img_003956.jpg,mcm0133,mcm0133,True,0,1.0000,0.998422,car
img_003958.jpg,odh7694,ook7694,False,2,0.7143,0.781804,car
img_003959.jpg,qrb2791,orb2791,False,1,0.8571,0.986144,car
img_003967.jpg,ovl9107,ovl9107,True,0,1.0000,0.988303,car
img_003972.jpg,ods3923,oos3923,False,1,0.8571,0.532386,car
img_003977.jpg,mti4428,mti4428,True,0,1.0000,0.954858,car
img_003978.jpg,mqm4704,mom4704,False,1,0.8571,0.990842,car
img_003989.jpg,mqv8494,mov8494,False,1,0.8571,0.998134,car
img_003997.jpg,kvi4844,kvi4844,True,0,1.0000,0.696717,car
img_003998.jpg,mql4969,mol4969,False,1,0.8571,0.924884,car
img_004021.jpg,lkw3018,lkw3018,True,0,1.0000,0.989375,car
img_004031.jpg,okd8127,okd8177,False,1,0.8571,0.975153,car
img_004040.jpg,ppn9051,ppn9051,True,0,1.0000,0.996341,car
img_004047.jpg,odt1522,odt1522,True,0,1.0000,0.939107,car
img_004048.jpg,oyh0131,oyh0131,True,0,1.0000,0.882091,car
img_004050.jpg,mqn9353,mon9353,False,1,0.8571,0.996871,car
img_004064.jpg,jov9159,jov9159,True,0,1.0000,0.983645,car
img_004069.jpg,ppk5450,ppk5450,True,0,1.0000,0.996925,car
img_004070.jpg,ppf8791,ppf8791,True,0,1.0000,0.989080,car
img_004077.jpg,odc9587,odc9587,True,0,1.0000,0.883244,car
img_004078.jpg,odb1956,oob1956,False,1,0.8571,0.598686,car
img_004087.jpg,ovl9154,ovl9154,True,0,1.0000,0.990902,car
img_004089.jpg,dqo0483,doo0483,False,1,0.8571,0.883141,car
img_004092.jpg,oqt1172,oot1172,False,1,0.8571,0.977243,car
img_004094.jpg,mpw5596,mpw596,False,1,0.8571,0.978672,car
img_004101.jpg,pzl5312,pzl5312,True,0,1.0000,0.993924,car
img_004102.jpg,mqg0481,mog0481,False,1,0.8571,0.997357,car
img_004103.jpg,ppw2533,ppw2533,True,0,1.0000,0.842490,car
img_004111.jpg,mtp3636,mtp3636,True,0,1.0000,0.996546,car
img_004113.jpg,hdr2378,mor2378,False,2,0.7143,0.976109,car
img_004140.jpg,ppz2988,ppz2988,True,0,1.0000,0.985653,car
img_004147.jpg,kvs9534,kis9534,False,1,0.8571,0.629073,car
img_004155.jpg,mtl0940,mtl0940,True,0,1.0000,0.496226,car
img_004171.jpg,odt3275,odt3275,True,0,1.0000,0.950225,car
img_004174.jpg,ppg6004,ppg604,False,1,0.8571,0.990442,car
img_004175.jpg,dne4018,one4018,False,1,0.8571,0.878125,car
img_004178.jpg,oda0782,oda0782,True,0,1.0000,0.876179,car
img_004180.jpg,mtb4601,mtb4601,True,0,1.0000,0.997468,car
img_004181.jpg,eex3746,eex3746,True,0,1.0000,0.491922,car
img_004182.jpg,ppn5781,ppn5781,True,0,1.0000,0.995916,car
img_004199.jpg,mqr8242,mor8242,False,1,0.8571,0.997161,car
img_004202.jpg,ppo9492,ppo942,False,1,0.8571,0.869148,car
img_004207.jpg,ppz2988,ppz2988,True,0,1.0000,0.985716,car
img_004208.jpg,qrb3288,orb3288,False,1,0.8571,0.823548,car
img_004214.jpg,odg3184,odg3184,True,0,1.0000,0.997650,car
img_004218.jpg,odg6256,oog6256,False,1,0.8571,0.840308,car
img_004221.jpg,msr6079,msr6079,True,0,1.0000,0.992636,car
img_004222.jpg,oqr1982,oqr1982,True,0,1.0000,0.717420,car
img_004225.jpg,msi4228,msi4228,True,0,1.0000,0.976286,car
img_004226.jpg,hlp4594,hlp4595,False,1,0.8571,0.582205,car
img_004228.jpg,msz5769,msz5769,True,0,1.0000,0.921909,car
img_004234.jpg,eex3746,fex3746,False,1,0.8571,0.599178,car
img_004238.jpg,qqy3281,ooy3281,False,2,0.7143,0.970103,car
img_004240.jpg,hll2570,hll2570,True,0,1.0000,0.760179,car
img_004247.jpg,odl3330,ool3330,False,1,0.8571,0.984850,car
img_004253.jpg,ntg9212,ntg9212,True,0,1.0000,0.917920,car
img_004254.jpg,msc3276,msc3256,False,1,0.8571,0.532429,car
img_004259.jpg,abh2224,abm2224,False,1,0.8571,0.768821,car
img_004263.jpg,odf4930,odf4930,True,0,1.0000,0.627247,car
img_004267.jpg,gxu7640,gyu760,False,2,0.7143,0.646983,car
img_004273.jpg,kvs9534,kvs9534,True,0,1.0000,0.598818,car
img_004275.jpg,mrs9832,mrs9832,True,0,1.0000,0.900200,car
img_004283.jpg,qrb7802,orb7802,False,1,0.8571,0.643724,car
img_004286.jpg,ppa3996,paa3996,False,1,0.8571,0.525006,car
img_004288.jpg,ppx9714,ppx9714,True,0,1.0000,0.986957,car
img_004294.jpg,msc3276,msc326,False,1,0.8571,0.719501,car
img_004297.jpg,ocv8772,ocy872,False,2,0.7143,0.872076,car
img_004298.jpg,lpd1908,lpd1908,True,0,1.0000,0.999120,car
img_004303.jpg,odq0904,odo0904,False,1,0.8571,0.362523,car
img_004306.jpg,mro8294,mro8294,True,0,1.0000,0.987578,car
img_004310.jpg,qow7372,oom7372,False,2,0.7143,0.959731,car
img_004313.jpg,ppi9341,pp19341,False,1,0.8571,0.485706,car
img_004326.jpg,ppw2254,ppm2254,False,1,0.8571,0.525712,car
img_004328.jpg,msl0095,msl0095,True,0,1.0000,0.895744,car
img_004329.jpg,ppg6826,ppg6826,True,0,1.0000,0.994817,car
img_004330.jpg,kox5667,kox5667,True,0,1.0000,0.996087,car
img_004333.jpg,fpq0829,fpo0829,False,1,0.8571,0.972676,car
img_004335.jpg,ppw9916,ppw9916,True,0,1.0000,0.995640,car
img_004340.jpg,nqp2386,nop2386,False,1,0.8571,0.994209,car
img_004348.jpg,lse4561,lse4561,True,0,1.0000,0.995416,car
img_004353.jpg,lqq9882,loo982,False,3,0.5714,0.896056,car
img_004359.jpg,ods4263,ods4263,True,0,1.0000,0.737301,car
img_004368.jpg,kvs9534,ws9534,False,2,0.7143,0.601642,car
img_004369.jpg,haq9821,maq9821,False,1,0.8571,0.970790,car
img_004375.jpg,mte5192,mte6192,False,1,0.8571,0.697266,car
img_004380.jpg,mql2242,mol2242,False,1,0.8571,0.989929,car
img_004382.jpg,mqm4704,mom4704,False,1,0.8571,0.996747,car
img_004383.jpg,ppw2332,ppw2332,True,0,1.0000,0.995015,car
img_004384.jpg,qnl5207,onl5207,False,1,0.8571,0.994412,car
img_004386.jpg,dqs5659,dos5699,False,2,0.7143,0.530963,car
img_004393.jpg,mqi4385,moi4385,False,1,0.8571,0.818763,car
img_004394.jpg,lvc9418,lvc9418,True,0,1.0000,0.997082,car
img_004395.jpg,oyk1804,oyk1804,True,0,1.0000,0.998102,car
img_004397.jpg,mtt3179,mtt3179,True,0,1.0000,0.983791,car
img_004411.jpg,dwk3417,dwk3417,True,0,1.0000,0.693688,car
img_004415.jpg,mtv9714,mtv9714,True,0,1.0000,0.892505,car
img_004419.jpg,mtb6924,btb6927,False,2,0.7143,0.297404,car
img_004423.jpg,krf8880,krf8880,True,0,1.0000,0.996493,car
img_004427.jpg,qui3394,qui3394,True,0,1.0000,0.677836,car
img_004429.jpg,qoc6984,ooc6984,False,1,0.8571,0.983210,car
img_004443.jpg,ocz2526,ocz2526,True,0,1.0000,0.985412,car
img_004445.jpg,mtb4490,mtb4490,True,0,1.0000,0.996100,car
img_004447.jpg,ppo5037,ppo5037,True,0,1.0000,0.897675,car
img_004451.jpg,qrc7572,orc7572,False,1,0.8571,0.995418,car
img_004455.jpg,oyj8962,oyj8962,True,0,1.0000,0.961524,car
img_004459.jpg,ppx9714,ppx9714,True,0,1.0000,0.955936,car
img_004461.jpg,ppm6755,ppm6755,True,0,1.0000,0.792600,car
img_004462.jpg,odi4208,odi4208,True,0,1.0000,0.991303,car
img_004465.jpg,eqo6813,eoo6813,False,1,0.8571,0.985275,car
img_004485.jpg,mrf3420,mrf3420,True,0,1.0000,0.542894,car
img_004486.jpg,gmk5871,gnk5877,False,2,0.7143,0.146711,car
img_004494.jpg,kph5146,kph514,False,1,0.8571,0.918545,car
img_004502.jpg,qpq7623,opo7623,False,2,0.7143,0.475461,car
img_004506.jpg,mty8669,mty8699,False,1,0.8571,0.993329,car
img_004509.jpg,jhc0151,jkc0151,False,1,0.8571,0.309472,car
img_004510.jpg,kya2043,kya2043,True,0,1.0000,0.984189,car
img_004511.jpg,msx0755,msx0755,True,0,1.0000,0.995865,car
img_004517.jpg,mse5564,mse5564,True,0,1.0000,0.994169,car
img_004527.jpg,ovl5815,ovl5581,False,2,0.7143,0.807955,car
img_004529.jpg,ppn4120,ppn4120,True,0,1.0000,0.966422,car
img_004530.jpg,odc0749,odc0749,True,0,1.0000,0.881567,car
img_004534.jpg,mtw3833,mtw3833,True,0,1.0000,0.961901,car
img_004537.jpg,ppx0709,ppx0709,True,0,1.0000,0.975773,car
img_004538.jpg,neh2104,neh2104,True,0,1.0000,0.985715,car
img_004544.jpg,oyh6794,oyh6794,True,0,1.0000,0.613312,car
img_004551.jpg,odg6256,oog6256,False,1,0.8571,0.957128,car
img_004555.jpg,mti4428,mti4428,True,0,1.0000,0.974619,car
img_004558.jpg,qrb0987,orb0987,False,1,0.8571,0.965398,car
img_004561.jpg,ppq2622,ppo2622,False,1,0.8571,0.732837,car
img_004562.jpg,ppt0211,ppt0211,True,0,1.0000,0.955412,car
img_004569.jpg,pyr2725,pyp2725,False,1,0.8571,0.653348,car
img_004573.jpg,mtt3179,mtt3179,True,0,1.0000,0.983732,car
img_004578.jpg,msm5854,msm5854,True,0,1.0000,0.751175,car
img_004579.jpg,oyd8993,oyd8933,False,1,0.8571,0.662885,car
img_004581.jpg,oyd0023,oyd0023,True,0,1.0000,0.954863,car
img_004582.jpg,oyd0384,oyd0384,True,0,1.0000,0.991062,car
img_004588.jpg,ppu4426,ppu4266,False,2,0.7143,0.881756,car
img_004593.jpg,msx0755,msx0755,True,0,1.0000,0.992160,car
img_004600.jpg,mqo1197,moo1197,False,1,0.8571,0.968208,car
img_004603.jpg,ods3923,oos3923,False,1,0.8571,0.975434,car
img_004604.jpg,nzj1306,nzj1306,True,0,1.0000,0.972546,car
img_004606.jpg,ppp0105,ppp0105,True,0,1.0000,0.989597,car
img_004607.jpg,ppt2998,ppt2998,True,0,1.0000,0.996633,car
img_004612.jpg,ocy4344,ocy4344,True,0,1.0000,0.982399,car
img_004627.jpg,qqq1958,ood1958,False,3,0.5714,0.323247,car
img_004636.jpg,mtp3636,mtp3636,True,0,1.0000,0.992037,car
img_004639.jpg,pph6494,pph694,False,1,0.8571,0.930079,car
img_004643.jpg,mqf1825,mof1825,False,1,0.8571,0.950236,car
img_004646.jpg,mtn7357,mtn737,False,1,0.8571,0.586438,car
img_004651.jpg,mst3293,mst3293,True,0,1.0000,0.989470,car
img_004664.jpg,mrg0195,mrg0195,True,0,1.0000,0.930549,car
img_004669.jpg,odt6208,odt6220,False,2,0.7143,0.719037,car
img_004670.jpg,quk6465,ouk6465,False,1,0.8571,0.954058,car
img_004680.jpg,mrs7313,mrs7313,True,0,1.0000,0.950147,car
img_004687.jpg,oql2352,ool2352,False,1,0.8571,0.933453,car
img_004696.jpg,oyd9025,oyd9025,True,0,1.0000,0.959983,car
img_004697.jpg,qqt8226,oot8226,False,2,0.7143,0.970462,car
img_004719.jpg,ove9064,ove9064,True,0,1.0000,0.966059,car
img_004738.jpg,ppj8278,ppj8278,True,0,1.0000,0.998297,car
img_004741.jpg,hoi3150,moi3150,False,1,0.8571,0.788576,car
img_004742.jpg,opa3094,opa3094,True,0,1.0000,0.963905,car
img_004743.jpg,qux7702,qux7722,False,1,0.8571,0.453169,car
img_004744.jpg,ppb7779,ppb7779,True,0,1.0000,0.545942,car
img_004746.jpg,cma9593,cma9593,True,0,1.0000,0.718812,car
img_004749.jpg,ods2861,oos2861,False,1,0.8571,0.694849,car
img_004751.jpg,oyi6048,oyi6048,True,0,1.0000,0.646888,car
img_004754.jpg,msm5854,msm585,False,1,0.8571,0.699827,car
img_004755.jpg,mqg0481,mog0481,False,1,0.8571,0.998110,car
img_004774.jpg,odq0904,odo0904,False,1,0.8571,0.488333,car
img_004788.jpg,koa8428,aoa8428,False,1,0.8571,0.687279,car
img_004790.jpg,mrv1063,mrv1067,False,1,0.8571,0.425366,car
img_004795.jpg,ovl5815,ovl5581,False,2,0.7143,0.737004,car
img_004796.jpg,ppo8840,ppo840,False,1,0.8571,0.638495,car
img_004800.jpg,mrp6098,mrp3098,False,1,0.8571,0.448457,car
img_004804.jpg,mqo8460,moo8460,False,1,0.8571,0.951606,car
img_004805.jpg,mru1092,mru1092,True,0,1.0000,0.983952,car
img_004826.jpg,egk9741,egk9741,True,0,1.0000,0.998890,car
img_004827.jpg,nja5615,nja5615,True,0,1.0000,0.994837,car
img_004845.jpg,qpl9796,opl9796,False,1,0.8571,0.978445,car
img_004849.jpg,qqw6897,oow6897,False,2,0.7143,0.992285,car
img_004850.jpg,ipr2535,ipr2535,True,0,1.0000,0.998671,car
img_004853.jpg,ppz2450,ppz2450,True,0,1.0000,0.987948,car
img_004857.jpg,kwk6703,kwk6703,True,0,1.0000,0.905257,car
img_004858.jpg,mso4987,mso4987,True,0,1.0000,0.749429,car
img_004860.jpg,odh7986,ooh7966,False,2,0.7143,0.684216,car
img_004866.jpg,oql2352,ool2352,False,1,0.8571,0.962764,car
img_004868.jpg,ove4468,dve4668,False,2,0.7143,0.395322,car
img_004874.jpg,jvt2910,jvt2910,True,0,1.0000,0.985991,car
img_004875.jpg,ppw6134,ppw6134,True,0,1.0000,0.934543,car
img_004876.jpg,pxn6234,pxn6234,True,0,1.0000,0.653569,car
img_004879.jpg,ppu3886,ppu3866,False,1,0.8571,0.948897,car
img_004884.jpg,oyg3845,oyg3845,True,0,1.0000,0.956937,car
img_004885.jpg,ppu9850,ppu9850,True,0,1.0000,0.975661,car
img_004892.jpg,par2765,par2765,True,0,1.0000,0.970952,car
img_004893.jpg,qos4398,oos4398,False,1,0.8571,0.849816,car
img_004894.jpg,odt1522,odt1522,True,0,1.0000,0.987519,car
img_004901.jpg,dlr1298,dlr1298,True,0,1.0000,0.928075,car
img_004906.jpg,ppz4128,ppz4188,False,1,0.8571,0.520684,car
img_004908.jpg,ppu9756,ppu9756,True,0,1.0000,0.995987,car
img_004913.jpg,kvv4055,kvv4055,True,0,1.0000,0.958458,car
img_004914.jpg,ajs8928,aj58928,False,1,0.8571,0.910804,car
img_004915.jpg,ppo6441,ppo6411,False,1,0.8571,0.851783,car
img_004924.jpg,bao4362,bao4362,True,0,1.0000,0.961067,car
img_004936.jpg,pph0712,pph072,False,1,0.8571,0.986508,car
img_004938.jpg,odg6256,oog6256,False,1,0.8571,0.823023,car
img_004942.jpg,odk1696,odk1696,True,0,1.0000,0.722439,car
img_004943.jpg,qww1321,own1321,False,2,0.7143,0.417804,car
img_004947.jpg,loy6261,loy6261,True,0,1.0000,0.999097,car
img_004951.jpg,pwj6866,pwj6866,True,0,1.0000,0.997172,car
img_004952.jpg,mqf8976,mof8976,False,1,0.8571,0.989461,car
img_004957.jpg,msg6735,msg673,False,1,0.8571,0.597890,car
img_004963.jpg,pps0435,pps0435,True,0,1.0000,0.872553,car
img_004970.jpg,hay5895,hy55895,False,2,0.7143,0.907117,car
img_004973.jpg,ppt6997,ppt6997,True,0,1.0000,0.997273,car
img_004975.jpg,qov4888,oov4848,False,2,0.7143,0.971959,car
img_004976.jpg,mqy8942,moy8942,False,1,0.8571,0.976308,car
img_004979.jpg,mtu2844,mtu2844,True,0,1.0000,0.880423,car
img_004990.jpg,ovk2611,ovk2611,True,0,1.0000,0.981751,car
img_004991.jpg,mtp8313,mtp8313,True,0,1.0000,0.978467,car
img_004996.jpg,mpk8098,mpk8098,True,0,1.0000,0.999107,car
img_010003.jpg,kxg9j64,kxg966,False,2,0.7143,0.583171,car
img_010010.jpg,qre4e43,orege43,False,2,0.7143,0.634494,car
img_010016.jpg,qrf7b72,orf7872,False,2,0.7143,0.757105,car
img_010018.jpg,qre4f49,ore4f49,False,1,0.8571,0.840465,car
img_010020.jpg,fyo2e04,fyo2604,False,1,0.8571,0.818194,car
img_010021.jpg,mtc2e14,mtc2634,False,2,0.7143,0.327848,car
img_010024.jpg,qre8i54,ore8154,False,2,0.7143,0.962625,car
img_010026.jpg,qre1i11,ore3137,False,5,0.2857,0.578260,car
img_010027.jpg,qre4e99,ore4e99,False,1,0.8571,0.575275,car
img_010036.jpg,mrx0d58,mrx0558,False,1,0.8571,0.521392,car
img_010039.jpg,qre3f49,ore3e49,False,2,0.7143,0.489129,car
img_010045.jpg,qre5h65,ore5m65,False,2,0.7143,0.221656,car
img_010048.jpg,ppa7i61,ppa7167,False,2,0.7143,0.988746,car
img_010049.jpg,fou3i88,fou3188,False,1,0.8571,0.903924,car
img_010052.jpg,qre1i46,ore3146,False,3,0.5714,0.946892,car
img_010054.jpg,qre1i11,ore3131,False,4,0.4286,0.830730,car
img_010055.jpg,qrf8f46,orf8648,False,3,0.5714,0.313464,car
img_010056.jpg,fou3i88,fou3188,False,1,0.8571,0.941895,car
img_010057.jpg,qre4e43,ore4e43,False,1,0.8571,0.297395,car
img_010060.jpg,ovl0i25,ovl0125,False,1,0.8571,0.916484,car
img_010061.jpg,qre4e99,dregf99,False,3,0.5714,0.181315,car
img_010063.jpg,qre1i46,ore3146,False,3,0.5714,0.947650,car
img_010064.jpg,fou3i88,fou3188,False,1,0.8571,0.528716,car
img_010065.jpg,fyo2e04,evo2604,False,3,0.5714,0.132938,car
img_010066.jpg,qrf1h46,qrf3466,False,3,0.5714,0.402217,car
img_010069.jpg,oyh9f44,ev99644,False,4,0.4286,0.197186,car
img_010071.jpg,qre4f45,ore4f45,False,1,0.8571,0.706541,car
img_010072.jpg,qre4e99,qre4e97,False,1,0.8571,0.079355,car
img_010073.jpg,qre1i46,ore3146,False,3,0.5714,0.662174,car
img_010076.jpg,qre1i11,ore3131,False,4,0.4286,0.872373,car
img_010077.jpg,qre4e43,orege43,False,2,0.7143,0.309755,car
img_010079.jpg,qrf6i33,wrf6133,False,2,0.7143,0.248511,car
img_010080.jpg,qre1i46,lre3146,False,3,0.5714,0.795297,car
img_010083.jpg,qre1i46,ore3146,False,3,0.5714,0.732924,car
img_010084.jpg,qrf8g17,orf8637,False,3,0.5714,0.463643,car
img_010085.jpg,qre4e43,orege43,False,2,0.7143,0.413231,car
img_010086.jpg,fag3b35,fag3835,False,1,0.8571,0.913875,car
img_010088.jpg,nlh7e39,nlh7639,False,1,0.8571,0.166214,car
img_010089.jpg,qre1i11,ore3137,False,5,0.2857,0.540914,car
img_010091.jpg,qre4f49,ore4f49,False,1,0.8571,0.698438,car
img_010092.jpg,qre8e70,ore8670,False,2,0.7143,0.865724,car
img_010093.jpg,qre4f49,ore4f49,False,1,0.8571,0.485775,car
img_010095.jpg,qre1i46,dre7146,False,3,0.5714,0.478290,car
img_010098.jpg,mtd8d09,mt08009,False,2,0.7143,0.520425,car
img_010099.jpg,qre4e99,qre4f99,False,1,0.8571,0.190560,car
img_010101.jpg,qrf8f40,orf8640,False,2,0.7143,0.654028,car
img_010102.jpg,qre0f26,ore0f26,False,1,0.8571,0.891413,car
img_010104.jpg,qrf8f09,9rf8609,False,2,0.7143,0.334101,car
img_010108.jpg,qre4e43,qre4f43,False,1,0.8571,0.524257,car
img_010109.jpg,ovk6e51,ovk6577,False,3,0.5714,0.224574,car
img_010110.jpg,qrg4b68,cor4868,False,4,0.4286,0.580276,car
img_010112.jpg,qre1i43,ore3143,False,3,0.5714,0.815157,car
img_010113.jpg,qre4e99,qre4f99,False,1,0.8571,0.387599,car
img_010115.jpg,fyo2e04,fyo2604,False,1,0.8571,0.757497,car
img_010117.jpg,qre1i11,ore3131,False,4,0.4286,0.734882,car
img_010118.jpg,qre4e99,ore4f99,False,2,0.7143,0.252854,car
img_010119.jpg,qrf8f14,drf8674,False,3,0.5714,0.205582,car
img_010121.jpg,qre4f49,cre4f49,False,1,0.8571,0.325599,car
img_010122.jpg,ppc2i82,ppc2182,False,1,0.8571,0.998052,car
img_010123.jpg,qrf4e70,orf4e77,False,2,0.7143,0.284951,car
img_010125.jpg,qre1i38,qre3138,False,2,0.7143,0.411220,car
img_010127.jpg,qrf7b75,orf7675,False,2,0.7143,0.592377,car
img_010128.jpg,qre4e43,orfge43,False,3,0.5714,0.408883,car
img_010129.jpg,oyf0a79,oyf0779,False,1,0.8571,0.461033,car
img_010132.jpg,kyd5g31,ayo5631,False,3,0.5714,0.519140,car
img_010138.jpg,oda8i94,oda8194,False,1,0.8571,0.991421,car
img_010154.jpg,ocv5g06,ocu5606,False,2,0.7143,0.742414,car
img_010155.jpg,odt7i53,odt7715,False,3,0.5714,0.838207,car
img_010156.jpg,ppa3e45,paa3645,False,2,0.7143,0.680113,car
img_010163.jpg,ppw9b82,pph9822,False,3,0.5714,0.563770,car
img_010165.jpg,ocw3f41,ocw3647,False,2,0.7143,0.118833,car
img_010170.jpg,kza6b06,aza6806,False,2,0.7143,0.420056,car
img_010172.jpg,ppp4b24,ppp8244,False,3,0.5714,0.756419,car
img_010173.jpg,ppw6b71,ppw671,False,1,0.8571,0.965154,car
img_010175.jpg,msq2c44,ms02644,False,2,0.7143,0.687343,car
img_010177.jpg,ocv6j28,ocv6328,False,1,0.8571,0.886477,car
img_010184.jpg,qre9i25,ore9125,False,2,0.7143,0.813548,car
img_010189.jpg,oyg8c87,ovg8687,False,2,0.7143,0.578212,car
img_010192.jpg,dhx8i38,dmx8188,False,3,0.5714,0.311404,car
img_010202.jpg,odr0d28,odrod22,False,2,0.7143,0.188486,car
img_010205.jpg,pzh2j55,pzm2555,False,2,0.7143,0.329687,car
img_010206.jpg,qre6f98,qre6598,False,1,0.8571,0.045592,car
img_010208.jpg,ppa8c34,paa8634,False,2,0.7143,0.664440,car
img_010209.jpg,kqk7h61,kok7467,False,3,0.5714,0.526641,car
img_010210.jpg,ppe2a41,ppe2443,False,2,0.7143,0.952028,car
img_010211.jpg,mte5e16,mte5e36,False,1,0.8571,0.497007,car
img_010212.jpg,mrx0d58,mrx0588,False,2,0.7143,0.862032,car
img_010216.jpg,ooj1a21,ooj1223,False,2,0.7143,0.417084,car
img_010217.jpg,odb2b71,oob2871,False,2,0.7143,0.356489,car
img_010219.jpg,kdl5g01,kdl5607,False,2,0.7143,0.454750,car
img_010220.jpg,pym8d73,pym8073,False,1,0.8571,0.619824,car
img_010224.jpg,pxe3f60,pye3180,False,3,0.5714,0.067442,car
img_010225.jpg,qre1i43,ore3143,False,3,0.5714,0.925618,car
img_010227.jpg,qre4e99,qre4f99,False,1,0.8571,0.440462,car
img_010231.jpg,pqx6c83,pox6683,False,2,0.7143,0.597786,car
img_010232.jpg,qrf8g17,orf8637,False,3,0.5714,0.346218,car
img_010233.jpg,qre4f49,ore4f49,False,1,0.8571,0.553378,car
img_010234.jpg,qre1i11,qre3133,False,4,0.4286,0.439823,car
img_010237.jpg,qre4e43,dre4f43,False,2,0.7143,0.219260,car
img_010238.jpg,qre1i46,ore3146,False,3,0.5714,0.788210,car
img_010239.jpg,ffb3e26,ffb326,False,1,0.8571,0.606138,car
img_010240.jpg,qrh3b66,orm3666,False,3,0.5714,0.779985,car
img_010243.jpg,mpj4j34,mpj4344,False,2,0.7143,0.981350,car
img_010244.jpg,qrf8g17,qrf8617,False,1,0.8571,0.083380,car
img_010245.jpg,qre7d75,qre7075,False,1,0.8571,0.857592,car
img_010250.jpg,qre4e43,qre4f43,False,1,0.8571,0.442833,car
img_010257.jpg,qre4f49,ore4f49,False,1,0.8571,0.672656,car
img_010259.jpg,gfl2a37,gfl2437,False,1,0.8571,0.889371,car
img_010260.jpg,qrf6j36,drf6336,False,2,0.7143,0.327398,car
img_010263.jpg,mst1h25,mst7255,False,3,0.5714,0.657485,car
img_010265.jpg,qre2d66,qre2066,False,1,0.8571,0.839636,car
img_010268.jpg,ppl1h66,ppl3466,False,2,0.7143,0.505777,car
img_010269.jpg,qrf8f09,orf8609,False,2,0.7143,0.707723,car
img_010271.jpg,qre4e99,ore4e99,False,1,0.8571,0.785070,car
img_010276.jpg,qrf8f14,orf8674,False,3,0.5714,0.338854,car
img_010279.jpg,qre4e99,ore4e99,False,1,0.8571,0.468907,car
img_010281.jpg,ppl4c38,ppl4638,False,1,0.8571,0.962388,car
img_010284.jpg,mtw3g74,mtw364,False,2,0.7143,0.654648,car
img_010285.jpg,qre4e43,ore4f43,False,2,0.7143,0.375613,car
img_010286.jpg,qre4e99,orege99,False,2,0.7143,0.547912,car
img_010287.jpg,qrg2h80,org2480,False,2,0.7143,0.847080,car
img_010289.jpg,qre1i11,ore3133,False,5,0.2857,0.482611,car
img_010292.jpg,qrh1h27,dph7427,False,4,0.4286,0.198399,car
img_010296.jpg,qre1i11,ore7131,False,4,0.4286,0.325474,car
img_010298.jpg,qrf8f87,orf8687,False,2,0.7143,0.647505,car
img_010299.jpg,qrf6j36,ore6336,False,3,0.5714,0.216002,car
img_010300.jpg,qre9e92,ore9692,False,2,0.7143,0.600546,car
img_010302.jpg,qrf6i81,orf6181,False,2,0.7143,0.796933,car
img_010306.jpg,qre1i11,ore3137,False,5,0.2857,0.123626,car
img_010307.jpg,qre1i59,ore3159,False,3,0.5714,0.956393,car
img_010310.jpg,qre1i46,ore3146,False,3,0.5714,0.667538,car
img_010311.jpg,qrf8g17,orf8617,False,2,0.7143,0.684809,car
img_010312.jpg,qre4e43,ore4e43,False,1,0.8571,0.241064,car
img_010313.jpg,qre1i11,ore3131,False,4,0.4286,0.555425,car
img_010314.jpg,fou3i88,eou3188,False,2,0.7143,0.785440,car
img_010319.jpg,qre4e99,ore4f99,False,2,0.7143,0.704298,car
img_010320.jpg,qrg2i08,org2108,False,2,0.7143,0.473856,car
img_010322.jpg,kpr0c73,kpr0777,False,2,0.7143,0.446053,car
img_010324.jpg,qre1i11,ore3131,False,4,0.4286,0.296521,car
img_010325.jpg,qrg2h80,org2480,False,2,0.7143,0.516735,car
img_010327.jpg,qrg2h19,org2419,False,2,0.7143,0.778623,car
img_010329.jpg,mrg2a66,mrg2466,False,1,0.8571,0.808336,car
img_010333.jpg,odn4i05,oon4105,False,2,0.7143,0.979911,car
img_010334.jpg,odf8j74,odf8774,False,1,0.8571,0.767786,car
img_010335.jpg,qre1i59,ore7159,False,3,0.5714,0.648005,car
img_010336.jpg,qrg2i08,org2108,False,2,0.7143,0.950018,car
img_010338.jpg,qrf8g17,orf8617,False,2,0.7143,0.675997,car
img_010339.jpg,qrf6i33,orf6133,False,2,0.7143,0.899941,car
img_010342.jpg,qre4e99,orege99,False,2,0.7143,0.688196,car
img_010346.jpg,qre1i42,dre3142,False,3,0.5714,0.820783,car
img_010349.jpg,qre4e99,qre4e99,True,0,1.0000,0.108218,car
img_010351.jpg,pph2g21,pph2621,False,1,0.8571,0.740987,car
img_010353.jpg,qre8e70,ore8670,False,2,0.7143,0.560751,car
img_010355.jpg,eiy8i27,eejv817,False,5,0.2857,0.478764,car
img_010356.jpg,qrh1h27,erm1922,False,4,0.4286,0.180809,car
img_010357.jpg,ean2g57,ceam267,False,4,0.4286,0.728010,car
img_010358.jpg,qrh1h27,orm7427,False,4,0.4286,0.238668,car
img_010359.jpg,qrh7c82,orm7682,False,3,0.5714,0.107662,car
img_010360.jpg,qre1i11,ore3131,False,4,0.4286,0.849827,car
img_010362.jpg,qre1i43,qre3143,False,2,0.7143,0.569673,car
img_010363.jpg,qre1i11,ore3137,False,5,0.2857,0.370262,car
img_010365.jpg,qre1i11,ore3137,False,5,0.2857,0.239964,car
img_010367.jpg,qrf8f09,orf8609,False,2,0.7143,0.444650,car
img_010370.jpg,qre1i43,ore3143,False,3,0.5714,0.590711,car
img_010371.jpg,qre1i11,ore3137,False,5,0.2857,0.780650,car
img_010372.jpg,qrg4e18,org4e38,False,2,0.7143,0.386803,car
img_010375.jpg,fur9c33,eur9633,False,2,0.7143,0.421453,car
img_010376.jpg,qre7d75,qre7075,False,1,0.8571,0.694400,car
img_010377.jpg,qre0f27,wre6627,False,3,0.5714,0.073905,car
img_010380.jpg,gfl2a37,ggf2243,False,4,0.4286,0.184718,car
img_010381.jpg,ppl9g80,ppl9680,False,1,0.8571,0.985710,car
img_010385.jpg,qre4e99,ore4e99,False,1,0.8571,0.250712,car
img_010388.jpg,qre1i38,ore3138,False,3,0.5714,0.924897,car
img_010389.jpg,qrh7d34,erh7834,False,2,0.7143,0.589082,car
img_010390.jpg,qre7d75,qre7075,False,1,0.8571,0.715204,car
img_010391.jpg,ovl9h03,ovl9503,False,1,0.8571,0.310976,car
img_010394.jpg,qre5d80,dre5080,False,2,0.7143,0.764668,car
img_010395.jpg,qre4e99,qre4f99,False,1,0.8571,0.120759,car
img_010396.jpg,qrh7c82,orm7682,False,3,0.5714,0.404558,car
img_010397.jpg,ppp9c33,ppp6333,False,2,0.7143,0.367223,car
img_010399.jpg,qre1i46,ore3146,False,3,0.5714,0.513305,car
img_010403.jpg,qre7d75,ore7075,False,2,0.7143,0.528170,car
img_010404.jpg,qre0f27,ore0227,False,2,0.7143,0.550817,car
img_010406.jpg,qre1h96,ore3496,False,3,0.5714,0.596501,car
img_010408.jpg,qrg5b59,org5859,False,2,0.7143,0.993994,car
img_010409.jpg,odk5h01,codk500,False,3,0.5714,0.320606,car
img_010410.jpg,qrh1h27,orm7222,False,5,0.2857,0.576886,car
img_010413.jpg,qrf8f09,orf8609,False,2,0.7143,0.679392,car
img_010414.jpg,fag3b35,fag3835,False,1,0.8571,0.782932,car
img_010415.jpg,fyo2e04,fyo2604,False,1,0.8571,0.880566,car
img_010416.jpg,qre4e99,bre4699,False,2,0.7143,0.230485,car
img_010418.jpg,qrf8f09,crf8609,False,2,0.7143,0.422850,car
img_010420.jpg,qre4e99,ore4f99,False,2,0.7143,0.226077,car
img_010422.jpg,qrg4e18,qrg4f18,False,1,0.8571,0.102196,car
img_010423.jpg,qrf8f09,orf8609,False,2,0.7143,0.751705,car
img_010425.jpg,qrf8g17,orf8617,False,2,0.7143,0.589312,car
img_010426.jpg,qrf7b69,orf7869,False,2,0.7143,0.878953,car
img_010428.jpg,qrf8g60,drf860,False,2,0.7143,0.497914,car
img_010429.jpg,qre4e43,orege43,False,2,0.7143,0.507423,car
img_010430.jpg,qrf6j21,orf6227,False,3,0.5714,0.272364,car
img_010431.jpg,qre1i11,ore3137,False,5,0.2857,0.323635,car
img_010432.jpg,qrh2c89,orm2689,False,3,0.5714,0.737502,car
img_010434.jpg,fag3b35,fag3835,False,1,0.8571,0.765300,car
img_010435.jpg,ppm1h66,ppm1666,False,1,0.8571,0.615519,car
img_010436.jpg,qrf8g17,orf8617,False,2,0.7143,0.712857,car
img_010437.jpg,qre1i11,ore3131,False,4,0.4286,0.596647,car
img_010438.jpg,qre4e99,orege99,False,2,0.7143,0.577512,car
img_010440.jpg,fyo2e04,fyo2604,False,1,0.8571,0.819332,car
img_010441.jpg,qre1i46,ore3146,False,3,0.5714,0.961951,car
img_010442.jpg,qre5d80,ore5080,False,2,0.7143,0.845751,car
img_010443.jpg,ocz2j46,dcz2546,False,2,0.7143,0.204340,car
img_010445.jpg,qrf8g17,orf8617,False,2,0.7143,0.610550,car
img_010447.jpg,qre4e99,qre4f99,False,1,0.8571,0.272262,car
img_010448.jpg,qre1i59,ore3159,False,3,0.5714,0.975493,car
img_010449.jpg,qre4e43,ore4f43,False,2,0.7143,0.377927,car
img_010450.jpg,qre4e99,ore4e99,False,1,0.8571,0.173368,car
img_010451.jpg,fou3i88,fou3188,False,1,0.8571,0.962804,car
img_010452.jpg,qrf6j36,wre6336,False,3,0.5714,0.193958,car
img_010453.jpg,qre1i46,ore3146,False,3,0.5714,0.687450,car
img_010454.jpg,qri0e80,ori0e80,False,1,0.8571,0.240566,car
img_010455.jpg,qre4e99,ore4f99,False,2,0.7143,0.580336,car
img_010457.jpg,qrf8f14,orf8634,False,3,0.5714,0.410064,car
img_010459.jpg,qre1i46,ore3146,False,3,0.5714,0.808681,car
img_010460.jpg,qre4f49,cre4649,False,2,0.7143,0.404331,car
img_010461.jpg,qre4e99,ore4e99,False,1,0.8571,0.311498,car
img_010462.jpg,qrf6j36,ore6336,False,3,0.5714,0.748986,car
img_010464.jpg,fyo2e04,fyo2604,False,1,0.8571,0.898688,car
img_010468.jpg,qrh1h69,erm7469,False,4,0.4286,0.110702,car
img_010470.jpg,qrf8g50,orf8650,False,2,0.7143,0.981029,car
img_010473.jpg,ppl1h66,ppl3466,False,2,0.7143,0.852503,car
img_010476.jpg,qre1i11,ore3131,False,4,0.4286,0.762134,car
img_010479.jpg,qre4e99,dre4e99,False,1,0.8571,0.404476,car
img_010480.jpg,fyo2e04,fyo2604,False,1,0.8571,0.611766,car
img_010481.jpg,qre4e99,ore4e99,False,1,0.8571,0.263993,car
img_010482.jpg,odk9d38,lod9908,False,4,0.4286,0.133874,car
img_010484.jpg,qre1h96,ore3496,False,3,0.5714,0.475480,car
img_010485.jpg,qri5h50,ori5150,False,2,0.7143,0.260226,car
img_010487.jpg,qre1i11,qre3137,False,4,0.4286,0.282089,car
img_010488.jpg,qrf8g17,orf8677,False,3,0.5714,0.057904,car
img_010489.jpg,qrf8f96,ore8696,False,3,0.5714,0.465417,car
img_010490.jpg,qri0e12,ori0e32,False,2,0.7143,0.192005,car
img_010491.jpg,qrj3d66,orj3066,False,2,0.7143,0.561351,car
img_010492.jpg,qre4e43,ore4e43,False,1,0.8571,0.578430,car
img_010493.jpg,qre8f57,ore8657,False,2,0.7143,0.461313,car
img_010494.jpg,qre2a11,ore2417,False,3,0.5714,0.318290,car
img_010495.jpg,fyo2e04,fyo2604,False,1,0.8571,0.828869,car
img_010497.jpg,qrf6j33,orf6333,False,2,0.7143,0.732891,car
img_010498.jpg,qre1i11,ore3171,False,4,0.4286,0.480142,car
img_010499.jpg,qre4e99,orege99,False,2,0.7143,0.314465,car
img_010500.jpg,qri0e12,opi0f32,False,4,0.4286,0.185774,car
img_010501.jpg,qre1i59,ore7150,False,4,0.4286,0.488479,car
img_010502.jpg,qre4d82,ore4082,False,2,0.7143,0.499285,car
img_010503.jpg,ppt0c87,ppto687,False,2,0.7143,0.651814,car
img_010506.jpg,qrh1h27,orm7227,False,4,0.4286,0.853665,car
img_010508.jpg,qri0e12,op10122,False,5,0.2857,0.246084,car
img_010510.jpg,qre1i38,ore3138,False,3,0.5714,0.859209,car
img_010512.jpg,qrf8f09,orf8609,False,2,0.7143,0.745866,car
img_010514.jpg,qre1i11,ore3117,False,4,0.4286,0.552681,car
img_010516.jpg,gfl2a37,gfl2437,False,1,0.8571,0.978916,car
img_010517.jpg,qre1i43,ore3143,False,3,0.5714,0.564213,car
img_010518.jpg,qrf8g17,ore8617,False,3,0.5714,0.445504,car
img_010519.jpg,qrf8f96,orp8096,False,3,0.5714,0.328366,car
img_010520.jpg,qre1i11,ore3131,False,4,0.4286,0.555336,car
img_010524.jpg,qre1i43,ore3143,False,3,0.5714,0.910475,car
img_010525.jpg,qre1i46,ore3146,False,3,0.5714,0.701110,car
img_010526.jpg,qre4e43,orege43,False,2,0.7143,0.526153,car
img_010527.jpg,fur9c33,fur9633,False,1,0.8571,0.475657,car
img_010529.jpg,qrf8f96,orf8696,False,2,0.7143,0.515163,car
img_010530.jpg,qre6h61,dre6m67,False,3,0.5714,0.895541,car
img_010531.jpg,qrf7b71,qrf7871,False,1,0.8571,0.206896,car
img_010532.jpg,qre4e43,orege63,False,3,0.5714,0.268670,car
img_010533.jpg,qrf6j36,dre6336,False,3,0.5714,0.235412,car
img_010537.jpg,ppm0b05,ppm0805,False,1,0.8571,0.434423,car
img_010539.jpg,qre1i11,dre1111,False,2,0.7143,0.329332,car
img_010540.jpg,qrf8g17,drf8617,False,2,0.7143,0.300568,car
img_010541.jpg,qre4e99,drele99,False,2,0.7143,0.683886,car
img_010542.jpg,qrf8f09,orf8609,False,2,0.7143,0.249972,car
img_010544.jpg,fyo2e04,fyo2604,False,1,0.8571,0.947978,car
img_010545.jpg,qrg0d06,org0006,False,2,0.7143,0.439638,car
img_010546.jpg,qrg0d06,org0006,False,2,0.7143,0.934964,car
img_010547.jpg,qrf8g17,pte8077,False,5,0.2857,0.041038,car
img_010548.jpg,qre1i46,ore7446,False,3,0.5714,0.253839,car
img_010549.jpg,qrf8f40,orebe40,False,4,0.4286,0.080291,car
img_010550.jpg,qre4e99,dre4e99,False,1,0.8571,0.407703,car
img_010551.jpg,qrg2h80,org2880,False,2,0.7143,0.242954,car
img_010553.jpg,qrg4e18,org4f38,False,3,0.5714,0.351862,car
img_010554.jpg,qre1i43,dre1147,False,3,0.5714,0.500596,car
img_010556.jpg,qre1i46,ore3146,False,3,0.5714,0.792247,car
img_010559.jpg,qre1i41,dre1141,False,2,0.7143,0.185985,car
img_010560.jpg,qrg1i51,org3157,False,4,0.4286,0.743755,car
img_010563.jpg,qre6h61,dre6967,False,3,0.5714,0.198607,car
img_010566.jpg,puy0f60,puy0660,False,1,0.8571,0.425903,car
img_010570.jpg,qre7b35,dre7835,False,2,0.7143,0.673540,car
img_010571.jpg,qre4e99,dre4e99,False,1,0.8571,0.554448,car
img_010572.jpg,qrf8f96,drp8096,False,3,0.5714,0.480023,car
img_010574.jpg,ean2g57,lea2657,False,3,0.5714,0.639439,car
img_010575.jpg,qrh1h63,qrm1463,False,2,0.7143,0.051780,car
img_010580.jpg,qrg0d06,drg0000,False,3,0.5714,0.846130,car
img_010582.jpg,qre1i46,dre3146,False,3,0.5714,0.352844,car
img_010584.jpg,qre1i59,ore7150,False,4,0.4286,0.392763,car
img_010585.jpg,qre4f36,ore4e74,False,4,0.4286,0.074303,car
img_010586.jpg,qre4e99,orege99,False,2,0.7143,0.365182,car
img_010587.jpg,qrf8f09,orf8609,False,2,0.7143,0.798907,car
img_010591.jpg,puv5e07,dud5607,False,3,0.5714,0.499808,car
img_010593.jpg,qrf8g17,orf8617,False,2,0.7143,0.779063,car
img_010594.jpg,qre1i46,dre3146,False,3,0.5714,0.810954,car
img_010595.jpg,qre4e43,orege43,False,2,0.7143,0.691541,car
img_010597.jpg,qrf8g16,drf8676,False,3,0.5714,0.272323,car
img_010598.jpg,qre4f49,orege49,False,3,0.5714,0.461213,car
img_010600.jpg,odt7c71,lodt762,False,4,0.4286,0.355324,car
img_010601.jpg,qre1i46,ore3146,False,3,0.5714,0.925609,car
img_010602.jpg,qrf8g17,drf8617,False,2,0.7143,0.494835,car
img_010603.jpg,qre1i43,ore7143,False,3,0.5714,0.458875,car
img_010604.jpg,fag3b35,fa63835,False,2,0.7143,0.539030,car
img_010605.jpg,fag3b35,fa63835,False,2,0.7143,0.623424,car
img_010606.jpg,qre4e99,dre5000,False,5,0.2857,0.181949,car
img_010607.jpg,qre2d66,ore2066,False,2,0.7143,0.662635,car
img_010609.jpg,qrg0i76,drg0176,False,2,0.7143,0.989848,car
img_010611.jpg,fur9c33,fur9633,False,1,0.8571,0.591748,car
img_010622.jpg,qre4e62,drele67,False,3,0.5714,0.292119,car
img_010623.jpg,qre4e43,orelee1,False,4,0.4286,0.142017,car
img_010625.jpg,qre4e62,orf4f62,False,3,0.5714,0.438171,car
img_010627.jpg,ppm1h66,ppm1466,False,1,0.8571,0.684808,car
img_010628.jpg,qre4e62,ore4e62,False,1,0.8571,0.311855,car
img_010631.jpg,qrh7c82,orm7682,False,3,0.5714,0.855742,car
img_010632.jpg,qre7c42,drf2642,False,4,0.4286,0.286177,car
img_010634.jpg,fyo2e04,fyo2602,False,2,0.7143,0.294605,car
img_010639.jpg,ppd9a96,pp09496,False,2,0.7143,0.652381,car
img_010640.jpg,oyg2i19,ddd2110,False,5,0.2857,0.165238,car
img_010645.jpg,qrh1h27,orm7227,False,4,0.4286,0.582607,car
img_010647.jpg,qre1i46,ore3146,False,3,0.5714,0.555601,car
img_010648.jpg,qrf8f40,ore8f40,False,2,0.7143,0.571625,car
img_010649.jpg,qre4e62,ore4e67,False,2,0.7143,0.612493,car
img_010650.jpg,qre8f57,ore8657,False,2,0.7143,0.462926,car
img_010651.jpg,qre4e62,ore4e62,False,1,0.8571,0.868695,car
img_010653.jpg,qre4e62,ore4e62,False,1,0.8571,0.434633,car
img_010657.jpg,odq9g65,od09665,False,2,0.7143,0.195269,car
img_010658.jpg,qre4e43,orege47,False,3,0.5714,0.444925,car
img_010659.jpg,qre0f26,oreof26,False,2,0.7143,0.238091,car
img_010660.jpg,kyc7h34,ayc7h34,False,1,0.8571,0.739445,car
img_010664.jpg,qrf8f96,ore8694,False,4,0.4286,0.193557,car
img_010665.jpg,qrf6i13,orf6193,False,3,0.5714,0.540084,car
img_010666.jpg,qre4d82,ore4082,False,2,0.7143,0.802238,car
img_010667.jpg,qre4f49,orege40,False,4,0.4286,0.256630,car
img_010668.jpg,qrf6i81,orf6181,False,2,0.7143,0.799957,car
img_010670.jpg,qrf7b71,drf7871,False,2,0.7143,0.791820,car
img_010671.jpg,qre4e62,ore4e62,False,1,0.8571,0.228546,car
img_010672.jpg,qrh1h27,orm7227,False,4,0.4286,0.418388,car
img_010673.jpg,qre4e62,ore4e62,False,1,0.8571,0.728661,car
img_010674.jpg,qrf8e39,orf8639,False,2,0.7143,0.931912,car
img_010677.jpg,ppk1e94,ppk7694,False,2,0.7143,0.534647,car
img_010681.jpg,qrg1i51,org1151,False,2,0.7143,0.702410,car
img_010682.jpg,qre4e48,orege48,False,2,0.7143,0.394444,car
img_010683.jpg,qrf8g56,dre8654,False,4,0.4286,0.760153,car
img_010685.jpg,qrh7c82,orm7682,False,3,0.5714,0.592020,car
img_010686.jpg,qrh7c54,orm2654,False,4,0.4286,0.455988,car
img_010689.jpg,qrf8g56,ore8650,False,4,0.4286,0.339734,car
img_010690.jpg,qre4e99,orege99,False,2,0.7143,0.272115,car
img_010692.jpg,qrh1h63,drh1463,False,2,0.7143,0.106642,car
img_010693.jpg,qre1i46,ore3146,False,3,0.5714,0.606733,car
img_010695.jpg,fag3b35,fa63835,False,2,0.7143,0.954733,car
img_010696.jpg,qre5h99,ore5m99,False,2,0.7143,0.422629,car
img_010698.jpg,qrk2i33,ork2133,False,2,0.7143,0.883560,car
img_010699.jpg,pxq7g07,px07607,False,2,0.7143,0.620066,car
img_010700.jpg,qre4e43,orege43,False,2,0.7143,0.465229,car
img_010701.jpg,dml7h99,dml7h99,True,0,1.0000,0.426420,car
img_010705.jpg,qrg4c51,opgl457,False,5,0.2857,0.187229,car
img_010706.jpg,qre4e99,ore4e99,False,1,0.8571,0.447785,car
img_010707.jpg,qrf6i13,orf6193,False,3,0.5714,0.461272,car
img_010708.jpg,fou3i88,fou3188,False,1,0.8571,0.735058,car
img_010713.jpg,mrx0e84,mrx0f84,False,1,0.8571,0.343298,car
img_010714.jpg,qrh1h27,orm1222,False,4,0.4286,0.376522,car
img_010715.jpg,qrj6j85,orj6385,False,2,0.7143,0.360970,car
img_010716.jpg,qre1i43,ore3143,False,3,0.5714,0.924927,car
img_010717.jpg,qrf8f40,orf8f40,False,1,0.8571,0.283730,car
img_010718.jpg,odg1i10,oo61110,False,3,0.5714,0.425390,car
img_010720.jpg,qrh1h27,orm7227,False,4,0.4286,0.287275,car
img_010721.jpg,qrf8f96,dbe3098,False,6,0.1429,0.085017,car
img_010723.jpg,qrg4c51,drg4657,False,3,0.5714,0.206777,car
img_010724.jpg,qre1i17,ore3117,False,3,0.5714,0.904243,car
img_010726.jpg,fag3b35,fag3835,False,1,0.8571,0.904308,car
img_010728.jpg,qre4e62,ore4e62,False,1,0.8571,0.714855,car
img_010729.jpg,qre1i22,dre3122,False,3,0.5714,0.892045,car
img_010730.jpg,qre1i46,dre1144,False,3,0.5714,0.475197,car
img_010733.jpg,qre6b82,orf6822,False,4,0.4286,0.631683,car
img_010734.jpg,qrf8g16,orf8616,False,2,0.7143,0.366261,car
img_010737.jpg,qre1i17,dre1117,False,2,0.7143,0.462058,car
img_010741.jpg,qrf8f09,qre8609,False,2,0.7143,0.074736,car
img_010742.jpg,qrk3j82,ork3822,False,3,0.5714,0.792387,car
img_010743.jpg,qre6h51,ore6m57,False,3,0.5714,0.161470,car
img_010744.jpg,qre4e99,ore4f99,False,2,0.7143,0.377057,car
img_010748.jpg,msl0j08,msl0j08,True,0,1.0000,0.939635,car
img_010749.jpg,mtq7c43,mt07647,False,3,0.5714,0.038844,car
img_010751.jpg,qrj7j93,orj7993,False,2,0.7143,0.643740,car
img_010752.jpg,qre4e62,ore4f62,False,2,0.7143,0.501686,car
img_010754.jpg,qre1i46,dre1146,False,2,0.7143,0.504435,car
img_010757.jpg,qre1h96,dre3496,False,3,0.5714,0.426197,car
img_010758.jpg,qrj8d08,orj8008,False,2,0.7143,0.749232,car
img_010761.jpg,qrf7b75,orf7675,False,2,0.7143,0.909507,car
img_010767.jpg,qre4f51,ore4551,False,2,0.7143,0.411744,car
img_010768.jpg,ppn6e20,ppm6220,False,2,0.7143,0.711477,car
img_010772.jpg,qrh1h27,orh7222,False,4,0.4286,0.165122,car
img_010773.jpg,qrg1i51,org3157,False,4,0.4286,0.344540,car
img_010774.jpg,qre4e99,ore4e99,False,1,0.8571,0.717147,car
img_010775.jpg,qre4e62,dre4e67,False,2,0.7143,0.573096,car
img_010777.jpg,qrh1h27,orm1222,False,4,0.4286,0.465746,car
img_010779.jpg,qrk1b36,ork7836,False,3,0.5714,0.404790,car
img_010780.jpg,qrf8f96,dre8696,False,3,0.5714,0.659032,car
img_010781.jpg,qrh1h27,orm1222,False,4,0.4286,0.245857,car
img_010791.jpg,qrk4h78,ork4778,False,2,0.7143,0.512624,car
img_010792.jpg,gup7i58,gup7158,False,1,0.8571,0.997114,car
img_010798.jpg,qre1i17,dre3117,False,3,0.5714,0.294479,car
img_010799.jpg,mta6c01,mta6001,False,1,0.8571,0.619574,car
img_010802.jpg,qre1i46,dre1444,False,3,0.5714,0.134800,car
img_010804.jpg,qrk3j82,qrk3822,False,2,0.7143,0.282006,car
img_010807.jpg,ppl1i61,dfl5147,False,6,0.1429,0.241286,car
img_010809.jpg,qre4e99,dre4f99,False,2,0.7143,0.200971,car
img_010810.jpg,fyo2e04,fyo2604,False,1,0.8571,0.982180,car
img_010811.jpg,fag3b35,fag3835,False,1,0.8571,0.988046,car
img_010812.jpg,qrf8f09,drfbf00,False,3,0.5714,0.259104,car
img_010813.jpg,qrk3j82,ork3822,False,3,0.5714,0.989285,car
img_010814.jpg,ppb8h62,pp88462,False,2,0.7143,0.528719,car
img_010816.jpg,qrj8d70,orj8070,False,2,0.7143,0.922100,car
img_010826.jpg,qrk2d57,ork2057,False,2,0.7143,0.949139,car
img_010838.jpg,ppb0e63,ppb0e63,True,0,1.0000,0.474789,car
img_010839.jpg,qrg4f05,org4605,False,2,0.7143,0.541007,car
img_010842.jpg,ovf3j74,ovf374,False,1,0.8571,0.450238,car
img_010852.jpg,ppm2a38,ppm2438,False,1,0.8571,0.745017,car
img_010854.jpg,fgn1g71,fgn7671,False,2,0.7143,0.652925,car
img_010861.jpg,drq0j22,dro0222,False,2,0.7143,0.585552,car
img_010873.jpg,mqo5d53,moo5053,False,2,0.7143,0.502083,car
img_010885.jpg,ocy7g84,ocy7684,False,1,0.8571,0.742720,car
img_010892.jpg,odi4f77,od14677,False,2,0.7143,0.191702,car
img_010893.jpg,ovi0h54,lov10m4,False,4,0.4286,0.354986,car
img_010904.jpg,ovk3h81,ovk3889,False,2,0.7143,0.839669,car
img_010906.jpg,pxe9d61,pxe9067,False,2,0.7143,0.873650,car
img_010910.jpg,qri3f41,ori3647,False,3,0.5714,0.483965,car
img_010911.jpg,oda8i69,oda8169,False,1,0.8571,0.987383,car
img_010919.jpg,qrf0e74,orf0e74,False,1,0.8571,0.295888,car
img_010921.jpg,mtm7d42,mtm7042,False,1,0.8571,0.489472,car
img_010922.jpg,qoo9b08,0009808,False,4,0.4286,0.639194,car
img_010923.jpg,eqv6h43,eov6h43,False,1,0.8571,0.438412,car
img_010931.jpg,kxo2g72,kx02672,False,2,0.7143,0.684647,car
img_010937.jpg,mtx9d59,mtx9059,False,1,0.8571,0.974071,car
img_010940.jpg,qrd8e38,aro8638,False,3,0.5714,0.090090,car
img_010942.jpg,msd4g97,msd4697,False,1,0.8571,0.992719,car
img_010946.jpg,aue1b95,aue7895,False,2,0.7143,0.562330,car
img_010948.jpg,oda0b36,oda0b36,True,0,1.0000,0.943294,car
img_010952.jpg,fag3b35,fag3835,False,1,0.8571,0.441763,car
img_010958.jpg,qrf8f96,orf8696,False,2,0.7143,0.893459,car
img_010959.jpg,qri0e80,drige80,False,2,0.7143,0.330572,car
img_010960.jpg,qre1i59,ore7159,False,3,0.5714,0.540694,car
img_010961.jpg,qre1i46,ore3146,False,3,0.5714,0.980075,car
img_010962.jpg,fag3b35,fag3835,False,1,0.8571,0.941810,car
img_010963.jpg,qre1i46,dre3146,False,3,0.5714,0.400773,car
img_010968.jpg,ppl1h66,ppl3460,False,3,0.5714,0.499056,car
img_010974.jpg,odg8b30,odg8830,False,1,0.8571,0.414553,car
img_010975.jpg,qre2d62,ere2067,False,3,0.5714,0.830453,car
img_010976.jpg,qrg2h80,org2880,False,2,0.7143,0.487732,car
img_010977.jpg,qrg4c51,or64657,False,4,0.4286,0.701360,car
img_010978.jpg,qrk3j82,ork3822,False,3,0.5714,0.957414,car
img_010979.jpg,qrh1h63,orh1963,False,2,0.7143,0.175991,car
img_010980.jpg,qrh6c25,orm6255,False,4,0.4286,0.839640,car
img_010982.jpg,mqd8h53,mod8453,False,2,0.7143,0.660119,car
img_010990.jpg,qre7b35,dre7835,False,2,0.7143,0.643147,car
img_010991.jpg,odc8b66,odc8866,False,1,0.8571,0.991150,car
img_010993.jpg,fgj5j09,fgj5309,False,1,0.8571,0.753568,car
img_010995.jpg,ode2e62,ode2662,False,1,0.8571,0.948278,car
img_010997.jpg,qre4e62,gre4f62,False,2,0.7143,0.085782,car
img_011000.jpg,ppl1h66,ppl1466,False,1,0.8571,0.456013,car
img_011002.jpg,ppo8g33,ppo8633,False,1,0.8571,0.914872,car
img_011006.jpg,jik9g12,jik9612,False,1,0.8571,0.693120,car
img_011010.jpg,ovh0c16,ovmc416,False,3,0.5714,0.281696,car
img_011015.jpg,qrf8f96,orf8696,False,2,0.7143,0.839459,car
img_011016.jpg,qre4e99,ore4f99,False,2,0.7143,0.361421,car
img_011018.jpg,qre8f57,ore8f57,False,1,0.8571,0.619970,car
img_011019.jpg,mpj4i75,mpj4175,False,1,0.8571,0.983310,car
img_011023.jpg,qre2d62,ore2067,False,3,0.5714,0.964461,car
img_011024.jpg,pvz3j33,pvz3333,False,1,0.8571,0.656613,car
img_011025.jpg,dml7h99,dml7499,False,1,0.8571,0.463985,car
img_011027.jpg,qre4e62,ore4e62,False,1,0.8571,0.458165,car
img_011029.jpg,qre6f01,ore6e01,False,2,0.7143,0.211800,car
img_011030.jpg,ppr4f54,pp45544,False,3,0.5714,0.140443,car
img_011031.jpg,qrf8f96,qrf8696,False,1,0.8571,0.468793,car
img_011032.jpg,qrf8g56,orf8656,False,2,0.7143,0.939236,car
img_011033.jpg,qrk6a67,ork6467,False,2,0.7143,0.896353,car
img_011036.jpg,odq3g38,od93638,False,2,0.7143,0.542975,car
img_011037.jpg,oye4a60,ove4460,False,2,0.7143,0.672996,car
img_011040.jpg,qrf8f96,orf8696,False,2,0.7143,0.660571,car
img_011041.jpg,qre3c07,ore3007,False,2,0.7143,0.825360,car
img_011043.jpg,mtt9f90,mtt9690,False,1,0.8571,0.483578,car
img_011045.jpg,qrh7c82,orm2682,False,4,0.4286,0.297747,car
img_011046.jpg,qre1g39,orej659,False,4,0.4286,0.490159,car
img_011050.jpg,ovj5h32,ovj5m32,False,1,0.8571,0.378428,car
img_011051.jpg,qre1i43,ore3143,False,3,0.5714,0.921874,car
img_011053.jpg,qre1i17,ore3137,False,4,0.4286,0.551341,car
img_011054.jpg,qrf8f96,qrf8696,False,1,0.8571,0.547817,car
img_011056.jpg,aze3g20,aze3620,False,1,0.8571,0.922729,car
img_011059.jpg,qrf8f14,ore8f14,False,2,0.7143,0.272227,car
img_011060.jpg,iwi5a82,awi582,False,2,0.7143,0.428669,car
img_011062.jpg,kfr4f88,ker4f88,False,1,0.8571,0.226142,car
img_011063.jpg,mpj4j19,mpj4319,False,1,0.8571,0.940304,car
img_011066.jpg,mpj4i75,mpj4175,False,1,0.8571,0.943046,car
img_011068.jpg,qrf8f96,orf8696,False,2,0.7143,0.777184,car
img_011069.jpg,qre4e99,ore4e99,False,1,0.8571,0.556947,car
img_011072.jpg,qre4e62,drege62,False,2,0.7143,0.439702,car
img_011075.jpg,ppo3h68,ppo3668,False,1,0.8571,0.538322,car
img_011079.jpg,qre1i46,ore7146,False,3,0.5714,0.367192,car
img_011080.jpg,qre4e99,ore4e99,False,1,0.8571,0.476088,car
img_011081.jpg,qrf8f96,dre8696,False,3,0.5714,0.553123,car
img_011082.jpg,mpj4i75,mpj4175,False,1,0.8571,0.993964,car
img_011085.jpg,qrj6j94,orj6394,False,2,0.7143,0.832570,car
img_011090.jpg,nxp3d79,nxp3079,False,1,0.8571,0.814900,car
img_011092.jpg,pqx6c83,pox6683,False,2,0.7143,0.559939,car
img_011101.jpg,ppx8j70,ppx8370,False,1,0.8571,0.974439,car
img_011103.jpg,ppp9c33,ppp6333,False,2,0.7143,0.586266,car
img_011104.jpg,qrk4c74,ork4674,False,2,0.7143,0.557303,car
img_011106.jpg,qrg5c94,org5694,False,2,0.7143,0.314417,car
img_011107.jpg,mqd8h53,mod8453,False,2,0.7143,0.478203,car
img_011108.jpg,qre5g52,ore5652,False,2,0.7143,0.995034,car
img_011110.jpg,qrj6j85,orj6385,False,2,0.7143,0.465753,car
img_011112.jpg,ovk2i46,dvy2448,False,4,0.4286,0.309788,car
img_011114.jpg,ppu5e18,ppu5e78,False,1,0.8571,0.759867,car
img_011121.jpg,kyg3e11,ayg3617,False,3,0.5714,0.576783,car
img_011128.jpg,qrf8g56,orf8656,False,2,0.7143,0.559533,car
img_011129.jpg,qrf8f96,orf8696,False,2,0.7143,0.756286,car
img_011130.jpg,ppl1h66,ppl7464,False,3,0.5714,0.256176,car
img_011131.jpg,ppo3h68,ppo3668,False,1,0.8571,0.768434,car
img_011137.jpg,qrf8g68,qrf8668,False,1,0.8571,0.580580,car
img_011141.jpg,pqk6i84,pok6184,False,2,0.7143,0.666475,car
img_011143.jpg,qre4e99,ore4e99,False,1,0.8571,0.758354,car
img_011144.jpg,qrf7b72,qrf7872,False,1,0.8571,0.382682,car
img_011153.jpg,qre1i59,dre1180,False,4,0.4286,0.089632,car
img_011157.jpg,olq5f47,old5f47,False,1,0.8571,0.399828,car
img_011159.jpg,mpj4j19,mpj4319,False,1,0.8571,0.986251,car
img_011161.jpg,cub6d65,ecb6065,False,3,0.5714,0.463599,car
img_011162.jpg,lli6i01,ell1610,False,4,0.4286,0.506984,car
img_011163.jpg,qrf8g17,qrf8617,False,1,0.8571,0.302067,car
img_011169.jpg,mqg8a95,mog8195,False,2,0.7143,0.274250,car
img_011171.jpg,odl2f09,odl2609,False,1,0.8571,0.871892,car
img_011174.jpg,qrj1i60,corj116,False,4,0.4286,0.119308,car
img_011175.jpg,iwi5a82,iwi5a82,True,0,1.0000,0.260231,car
img_011180.jpg,qre2d62,qre2067,False,2,0.7143,0.489735,car
img_011185.jpg,odi2i59,odi2159,False,1,0.8571,0.746277,car
img_011187.jpg,qrj6j94,oru6194,False,3,0.5714,0.123702,car
img_011188.jpg,qre4e62,ore4e62,False,1,0.8571,0.364677,car
img_011189.jpg,qre4e43,orege43,False,2,0.7143,0.214954,car
img_011199.jpg,qre4e62,ore4e62,False,1,0.8571,0.360412,car
img_011200.jpg,qre4f51,ore4f57,False,2,0.7143,0.194709,car
img_011205.jpg,qre5d80,ore5080,False,2,0.7143,0.603953,car
img_011206.jpg,qba2a72,dba2472,False,2,0.7143,0.803508,car
img_011207.jpg,qrh1h69,orm1469,False,3,0.5714,0.156729,car
img_011211.jpg,dqz3i17,doz3177,False,3,0.5714,0.693668,car
img_011214.jpg,qrh1h27,orhi307,False,4,0.4286,0.044507,car
img_011218.jpg,ohf7d03,omf7003,False,2,0.7143,0.393650,car
img_011220.jpg,ayb1c25,avb3c22,False,3,0.5714,0.164954,car
img_011225.jpg,qri3a81,ori3487,False,3,0.5714,0.486307,car
img_011228.jpg,odr0d77,odr0077,False,1,0.8571,0.657678,car
img_011233.jpg,ody9a33,ody9433,False,1,0.8571,0.638878,car
img_011234.jpg,qrf8a50,orf8450,False,2,0.7143,0.965845,car
img_011235.jpg,qrf8f09,orf8609,False,2,0.7143,0.797474,car
img_011240.jpg,qrh2f15,orm2635,False,4,0.4286,0.748192,car
img_011244.jpg,lli6i01,lli6107,False,2,0.7143,0.302430,car
img_011245.jpg,qrf8f96,qre8696,False,2,0.7143,0.526639,car
img_011246.jpg,oyj1j24,ovj1244,False,3,0.5714,0.519533,car
img_011247.jpg,qrh1h27,drk1227,False,3,0.5714,0.106121,car
img_011248.jpg,nmp7j20,amp7120,False,2,0.7143,0.650651,car
img_011251.jpg,qri3a81,ori3487,False,3,0.5714,0.244646,car
img_011253.jpg,odc7i79,odc7179,False,1,0.8571,0.727990,car
img_011260.jpg,dml7h99,dml7499,False,1,0.8571,0.868846,car
img_011261.jpg,qrf8g17,orf8617,False,2,0.7143,0.448705,car
img_011263.jpg,qrk0c33,ork0633,False,2,0.7143,0.494412,car
img_011273.jpg,qrl1j87,orl3387,False,3,0.5714,0.191056,car
img_011277.jpg,ocx2i38,ocx2138,False,1,0.8571,0.900902,car
img_011283.jpg,qrj2c09,orj2609,False,2,0.7143,0.525940,car
img_011285.jpg,msq0h81,ms00m87,False,3,0.5714,0.436721,car
img_011297.jpg,qrf8f96,orf8696,False,2,0.7143,0.810776,car
img_011301.jpg,ppv6g66,ppv6660,False,2,0.7143,0.994095,car
img_011303.jpg,dml7h99,dml7499,False,1,0.8571,0.586946,car
img_011304.jpg,qrj6j94,orj6394,False,2,0.7143,0.583278,car
img_011310.jpg,gpp5a39,gpp5439,False,1,0.8571,0.716865,car
img_011315.jpg,qrk6a67,ork6467,False,2,0.7143,0.917908,car
img_011316.jpg,qrg3d23,pog3077,False,5,0.2857,0.054706,car
img_011317.jpg,qre1i17,ore3117,False,3,0.5714,0.412053,car
img_011321.jpg,ppq0i63,ppo1163,False,3,0.5714,0.464270,car
img_011324.jpg,mpj4j19,mpj3319,False,2,0.7143,0.604666,car
img_011325.jpg,qrj1i60,lr33140,False,5,0.2857,0.117724,car
img_011326.jpg,dqz3i17,doz3177,False,3,0.5714,0.844869,car
img_011328.jpg,ocz3d22,ocz3027,False,2,0.7143,0.763886,car
img_011331.jpg,ppq0i63,ppo1163,False,3,0.5714,0.401932,car
img_011332.jpg,oye3h99,ove3299,False,2,0.7143,0.264401,car
img_011335.jpg,mty6c21,emtv622,False,4,0.4286,0.140125,car
img_011339.jpg,ode2e62,ode2662,False,1,0.8571,0.926909,car
img_011341.jpg,qrc6h39,orc6939,False,2,0.7143,0.356786,car
img_011344.jpg,pqk6i84,pok6184,False,2,0.7143,0.961693,car
img_011352.jpg,qre4f45,ore4f45,False,1,0.8571,0.532523,car
img_011353.jpg,eyw5f60,eyw5660,False,1,0.8571,0.898724,car
img_011354.jpg,ppl1h66,ppl7h66,False,1,0.8571,0.297602,car
img_011356.jpg,qrj1i60,orj1160,False,2,0.7143,0.632938,car
img_011361.jpg,ppn6e20,ppm6420,False,2,0.7143,0.215280,car
img_011362.jpg,oda8i83,oda8183,False,1,0.8571,0.888130,car
img_011364.jpg,qrf8g09,orf8609,False,2,0.7143,0.655904,car
img_011365.jpg,ohf7d03,ohf7003,False,1,0.8571,0.913344,car
img_011378.jpg,pjj8g19,pjj8619,False,1,0.8571,0.515342,car
img_011380.jpg,qrh1i40,dph1111,False,5,0.2857,0.241451,car
img_011384.jpg,pqx6c83,pox6683,False,2,0.7143,0.484162,car
img_011385.jpg,qrl6g07,orl6607,False,2,0.7143,0.992399,car
img_011387.jpg,dml7h99,dml7499,False,1,0.8571,0.652078,car
img_011388.jpg,ppl7f22,ppl7f22,True,0,1.0000,0.968018,car
img_011389.jpg,qre8f57,ore8657,False,2,0.7143,0.808286,car
img_011391.jpg,qre4f49,ore4f49,False,1,0.8571,0.355817,car
img_011392.jpg,qre4d82,ore4882,False,2,0.7143,0.519405,car
img_011395.jpg,ppq9c30,ppo5300,False,4,0.4286,0.320237,car
img_011396.jpg,qrf6j36,orf6358,False,4,0.4286,0.139230,car
img_011398.jpg,qre4e62,drele67,False,3,0.5714,0.889476,car
img_011401.jpg,qre4e43,drege43,False,2,0.7143,0.116310,car
img_011406.jpg,ppt1g04,ppt3044,False,3,0.5714,0.494653,car
img_011407.jpg,pjj8g19,pjj8619,False,1,0.8571,0.883545,car
img_011408.jpg,mtd8d09,mtd8009,False,1,0.8571,0.558768,car
img_011409.jpg,dml7h99,dml7h99,True,0,1.0000,0.433986,car
img_011410.jpg,qqu1h68,oou1468,False,3,0.5714,0.200964,car
img_011411.jpg,qrf8f09,drf8609,False,2,0.7143,0.727062,car
img_011415.jpg,ppn6e20,ppm6420,False,2,0.7143,0.107555,car
img_011421.jpg,etf8c86,etf8686,False,1,0.8571,0.665459,car
img_011422.jpg,hmb3b00,hm83800,False,2,0.7143,0.537523,car
img_011429.jpg,ohf7d03,ohf7003,False,1,0.8571,0.654352,car
img_011435.jpg,hgi5h67,mg15467,False,3,0.5714,0.177284,car
img_011436.jpg,kyc9b10,xyc9810,False,2,0.7143,0.783938,car
img_011437.jpg,odd6e85,odd4885,False,2,0.7143,0.590056,car
img_011439.jpg,qrg4f05,org4605,False,2,0.7143,0.410208,car
img_011442.jpg,oda2e64,oda2e64,True,0,1.0000,0.427236,car
img_011444.jpg,hjj3b83,mjj3883,False,2,0.7143,0.926301,car
img_011445.jpg,mra1f21,maa1f21,False,1,0.8571,0.157376,car
img_011447.jpg,ppe9j10,ppe9310,False,1,0.8571,0.908404,car
img_011451.jpg,qre5h99,gresh09,False,3,0.5714,0.053723,car
img_011452.jpg,qpf8i80,opf8180,False,2,0.7143,0.969423,car
img_011453.jpg,ohf7d03,ohf7003,False,1,0.8571,0.733348,car
img_011456.jpg,qrk0c33,orx0c33,False,2,0.7143,0.269664,car
img_011457.jpg,qrj2c09,drj2609,False,2,0.7143,0.617435,car
img_011465.jpg,qre4e62,ore4e62,False,1,0.8571,0.506372,car
img_011466.jpg,qtu8i45,otu8145,False,2,0.7143,0.564647,car
img_011467.jpg,ppu7h07,ppu7507,False,1,0.8571,0.374849,car
img_011468.jpg,qre6h51,ore6w57,False,3,0.5714,0.127481,car
img_011470.jpg,qrj6j85,orja855,False,4,0.4286,0.423023,car
img_011471.jpg,ppv3i89,ppu3189,False,2,0.7143,0.854849,car
img_011473.jpg,eyw5f60,eyw560,False,1,0.8571,0.601089,car
img_011478.jpg,ppl1h66,ppl1166,False,1,0.8571,0.283428,car
img_011486.jpg,oyj1j24,oyj1224,False,1,0.8571,0.771437,car
img_011489.jpg,ppm5d93,ppm5093,False,1,0.8571,0.959832,car
img_011496.jpg,ppz9c36,ppz9636,False,1,0.8571,0.909466,car
img_011503.jpg,pqk6i84,pok6184,False,2,0.7143,0.969122,car
img_011504.jpg,dml7h99,dml7h99,True,0,1.0000,0.523160,car
img_011509.jpg,ppq0i63,ppo1663,False,3,0.5714,0.599683,car
img_011510.jpg,pqx6c83,pox60x1,False,4,0.4286,0.251356,car
img_011512.jpg,mpj4i75,mpj4175,False,1,0.8571,0.988705,car
img_011514.jpg,dml7h99,dml7499,False,1,0.8571,0.503317,car
img_011515.jpg,qrh7c06,or27606,False,3,0.5714,0.228455,car
img_011518.jpg,ocv8i88,ocu8188,False,2,0.7143,0.816881,car
img_011523.jpg,qrj6i87,orj6187,False,2,0.7143,0.916021,car
img_011525.jpg,mra1f21,maa7f21,False,2,0.7143,0.158329,car
img_011526.jpg,qre1i40,ore3140,False,3,0.5714,0.977682,car
img_011532.jpg,qrf6h99,orf6999,False,2,0.7143,0.253810,car
img_011536.jpg,qre4f51,ore4f57,False,2,0.7143,0.690152,car
img_011540.jpg,qrk7h94,ork7h94,False,1,0.8571,0.302271,car
img_011541.jpg,qrg5c94,org5094,False,2,0.7143,0.729727,car
img_011544.jpg,ppq3c10,lpp3610,False,3,0.5714,0.151885,car
img_011548.jpg,qrg4f05,org4f05,False,1,0.8571,0.664589,car
img_011553.jpg,oyi3j77,ov13377,False,3,0.5714,0.391413,car
img_011560.jpg,qrl8e61,orl8f67,False,3,0.5714,0.827930,car
img_011562.jpg,qre1i40,ore3140,False,3,0.5714,0.922935,car
img_011564.jpg,ppo3h68,ppo3668,False,1,0.8571,0.498051,car
img_011566.jpg,mpj4i75,mpj4175,False,1,0.8571,0.987471,car
img_011567.jpg,ppq0i81,ppo1881,False,3,0.5714,0.401677,car
img_011572.jpg,mtd8d09,mt8809,False,2,0.7143,0.607007,car
img_011573.jpg,qrg4e18,org4e18,False,1,0.8571,0.490541,car
img_011574.jpg,qrj6j94,dru0101,False,6,0.1429,0.277759,car
img_011577.jpg,qrm0j47,crmj447,False,3,0.5714,0.308385,car
img_011578.jpg,qre4f51,are4651,False,2,0.7143,0.628996,car
img_011579.jpg,qri3a81,ar13487,False,4,0.4286,0.152988,car
img_011581.jpg,ppl1h66,ppl3466,False,2,0.7143,0.572971,car
img_011583.jpg,qrl6g07,orl6607,False,2,0.7143,0.981669,car
img_011584.jpg,qre1i40,ore3140,False,3,0.5714,0.686565,car
img_011585.jpg,qre4d82,dre4082,False,2,0.7143,0.464183,car
img_011586.jpg,iun1a41,iun7447,False,3,0.5714,0.341098,car
img_011589.jpg,qrl0g01,orlo601,False,3,0.5714,0.488282,car
img_011591.jpg,qre1i40,qre3140,False,2,0.7143,0.324957,car
img_011598.jpg,dml7h99,dml7h99,True,0,1.0000,0.575969,car
img_011600.jpg,qrj1i60,orj7160,False,3,0.5714,0.471695,car
img_011603.jpg,qrf8f96,orf8696,False,2,0.7143,0.457059,car
img_011604.jpg,qre4f51,ore4f51,False,1,0.8571,0.205480,car
img_011606.jpg,pkf0a92,pke0492,False,2,0.7143,0.778215,car
img_011610.jpg,qrf5j08,orf5308,False,2,0.7143,0.936734,car
img_011612.jpg,ppo2f94,ppo2694,False,1,0.8571,0.950963,car
img_011613.jpg,ocx2i38,ocx2188,False,2,0.7143,0.976167,car
img_011614.jpg,dml7h99,dml7499,False,1,0.8571,0.806432,car
img_011619.jpg,qrb3b21,orb3224,False,3,0.5714,0.533150,car
img_011620.jpg,dqz3i17,doz3117,False,2,0.7143,0.737666,car
img_011626.jpg,qrj1h35,drj1735,False,2,0.7143,0.148673,car
img_011627.jpg,qoh5h70,ooh5477,False,3,0.5714,0.102322,car
img_011631.jpg,jux5d87,jux5087,False,1,0.8571,0.996198,car
img_011641.jpg,kql5f86,aol5686,False,3,0.5714,0.410010,car
img_011643.jpg,pkf0a92,pke0492,False,2,0.7143,0.547089,car
img_011646.jpg,ppj6j99,ppj6399,False,1,0.8571,0.935974,car
img_011647.jpg,qri1a81,ori7487,False,4,0.4286,0.260275,car
img_011648.jpg,mqg8a95,mo68495,False,3,0.5714,0.630860,car
img_011651.jpg,pzz4c98,pz74698,False,2,0.7143,0.665933,car
img_011654.jpg,qrf6j36,orf6336,False,2,0.7143,0.543729,car
img_011660.jpg,mtu2f92,mtu2692,False,1,0.8571,0.628639,car
img_011666.jpg,qrk4c74,ork4674,False,2,0.7143,0.819478,car
img_011667.jpg,qrj1i60,arj1160,False,2,0.7143,0.915121,car
img_011668.jpg,qrh1h27,orm1227,False,3,0.5714,0.134914,car
img_011669.jpg,mtx2e16,mtx2636,False,2,0.7143,0.940939,car
img_011677.jpg,odp5e57,dop5657,False,3,0.5714,0.296090,car
img_011681.jpg,msd0c50,msd0650,False,1,0.8571,0.408256,car
img_011682.jpg,ppe9j10,ppe9310,False,1,0.8571,0.929953,car
img_011689.jpg,qrf8f96,orf8696,False,2,0.7143,0.642611,car
img_011690.jpg,qre2i26,dre2126,False,2,0.7143,0.970649,car
img_011692.jpg,qre8f57,ore8f57,False,1,0.8571,0.561658,car
img_011694.jpg,qrg5c94,org5694,False,2,0.7143,0.312761,car
img_011698.jpg,mtu2f92,mtu2692,False,1,0.8571,0.978545,car
img_011700.jpg,qrg5c94,or65004,False,4,0.4286,0.498971,car
img_011703.jpg,pqx6c83,pox6883,False,2,0.7143,0.542455,car
img_011708.jpg,mtv1e84,mtv1e84,True,0,1.0000,0.599153,car
img_011710.jpg,mdo6e68,mdo6e68,True,0,1.0000,0.382731,car
img_011715.jpg,qrk7h94,ork7h94,False,1,0.8571,0.328231,car
img_011716.jpg,qre8f57,ore8657,False,2,0.7143,0.892877,car
img_011719.jpg,mtu2f92,mtu2692,False,1,0.8571,0.948324,car
img_011720.jpg,ppz9c36,ppz9336,False,1,0.8571,0.512187,car
img_011724.jpg,lsu5a61,lsu5467,False,2,0.7143,0.965520,car
img_011725.jpg,mpj4i75,mpj4175,False,1,0.8571,0.933509,car
img_011728.jpg,qre1i54,ore7154,False,3,0.5714,0.419107,car
img_011731.jpg,kdl5g01,adl5601,False,2,0.7143,0.854513,car
img_011734.jpg,qrg0d06,org0006,False,2,0.7143,0.749998,car
img_011736.jpg,jik9g12,jik9612,False,1,0.8571,0.791060,car
img_011737.jpg,ppf9a33,ppe9433,False,2,0.7143,0.809860,car
img_011740.jpg,ppl2j70,ppl2370,False,1,0.8571,0.971993,car
img_011744.jpg,qrk3c30,opk3c30,False,2,0.7143,0.743541,car
img_011749.jpg,qrf7b75,orf7675,False,2,0.7143,0.504600,car
img_011751.jpg,qri3g65,lp13665,False,4,0.4286,0.563752,car
img_011753.jpg,qrh7c06,orm7c06,False,2,0.7143,0.814126,car
img_011755.jpg,pqk6i84,pok6184,False,2,0.7143,0.945861,car
img_011765.jpg,qrj1i60,orj1160,False,2,0.7143,0.215020,car
img_011766.jpg,qre5g52,ore5652,False,2,0.7143,0.961718,car
img_011767.jpg,qre4e48,ore4e48,False,1,0.8571,0.635017,car
img_011772.jpg,qrf8g16,orf8676,False,3,0.5714,0.514507,car
img_011773.jpg,qre1i59,ore7159,False,3,0.5714,0.498362,car
img_011777.jpg,ppp9c33,ppp6333,False,2,0.7143,0.264847,car
img_011781.jpg,qrl6g07,orl6607,False,2,0.7143,0.801568,car
img_011787.jpg,odt2d32,odt2032,False,1,0.8571,0.962404,car
img_011796.jpg,oyf0a79,oye0779,False,2,0.7143,0.483464,car
img_011797.jpg,ppp7h63,ppp7663,False,1,0.8571,0.861699,car
img_011799.jpg,ppe9j10,ppe9310,False,1,0.8571,0.974870,car
img_011801.jpg,qrk4c74,ork4674,False,2,0.7143,0.597895,car
img_011803.jpg,qrj1i60,orj1140,False,3,0.5714,0.293243,car
img_011805.jpg,dml7h99,dml7499,False,1,0.8571,0.687658,car
img_011806.jpg,ppb5h53,ppb5453,False,1,0.8571,0.206963,car
img_011808.jpg,ppv3i89,ppu3189,False,2,0.7143,0.543773,car
img_011814.jpg,qrh7c06,drh2606,False,3,0.5714,0.702121,car
img_011815.jpg,qrj1i60,orj1160,False,2,0.7143,0.855840,car
img_011818.jpg,qbn4e00,denle00,False,3,0.5714,0.237162,car
img_011820.jpg,qrl8h45,orl8445,False,2,0.7143,0.562120,car
img_011822.jpg,pvl0g62,pul0662,False,2,0.7143,0.256807,car
img_011825.jpg,krf5g00,are5600,False,3,0.5714,0.701756,car
img_011837.jpg,mrl0b65,mrl0865,False,1,0.8571,0.840013,car
img_011838.jpg,qri9d23,ori9023,False,2,0.7143,0.430767,car
img_011840.jpg,odp5e57,oop5e57,False,1,0.8571,0.382723,car
img_011843.jpg,qre4f49,orege49,False,3,0.5714,0.095239,car
img_011849.jpg,qre4e99,ore4e99,False,1,0.8571,0.351748,car
img_011851.jpg,ocx2i38,ecx2138,False,2,0.7143,0.250176,car
img_011854.jpg,mpj4j19,mpj4319,False,1,0.8571,0.985172,car
img_011855.jpg,qev1b59,oev7859,False,3,0.5714,0.395219,car
img_011860.jpg,qre5g52,ore6657,False,4,0.4286,0.846548,car
img_011861.jpg,qre1i40,ore7140,False,3,0.5714,0.514481,car
img_011863.jpg,mst7g12,mst7612,False,1,0.8571,0.927189,car
img_011864.jpg,qrj6j94,orj6394,False,2,0.7143,0.558411,car
img_011866.jpg,odp9j48,odp9348,False,1,0.8571,0.541527,car
img_011867.jpg,qre4f51,ore4f51,False,1,0.8571,0.370035,car
img_011868.jpg,odn5e19,oon5e79,False,2,0.7143,0.170910,car
img_011869.jpg,qre4f49,ore4f49,False,1,0.8571,0.697040,car
img_011871.jpg,qrf7d69,orf7069,False,2,0.7143,0.932993,car
img_011872.jpg,qrf7h85,drf7485,False,2,0.7143,0.885726,car
img_011876.jpg,qrf8f09,orf8609,False,2,0.7143,0.406683,car
img_011879.jpg,ovi1i13,ov13113,False,3,0.5714,0.239015,car
img_011880.jpg,qre1i40,ore7140,False,3,0.5714,0.299671,car
img_011881.jpg,qrk0c33,orx0633,False,3,0.5714,0.426510,car
img_011882.jpg,mss4b21,mss4827,False,2,0.7143,0.517948,car
img_011884.jpg,qre4e48,qre4f48,False,1,0.8571,0.210197,car
img_011886.jpg,ppj6j99,ppj6399,False,1,0.8571,0.940234,car
img_011889.jpg,gfl2a37,gfl2437,False,1,0.8571,0.940407,car
img_011895.jpg,dqz3i17,doz3177,False,3,0.5714,0.772179,car
img_011897.jpg,pqx6c83,pox6683,False,2,0.7143,0.579040,car
img_011900.jpg,mrp3b59,mrp3859,False,1,0.8571,0.875226,car
img_011904.jpg,qre4f49,ore4e40,False,3,0.5714,0.165345,car
img_011905.jpg,ocx2i38,ocx2138,False,1,0.8571,0.746618,car
img_011907.jpg,mtd5b22,mto5827,False,3,0.5714,0.689730,car
img_011910.jpg,qrf7b75,qrf7675,False,1,0.8571,0.605856,car
img_011911.jpg,mtu2f92,mtu2692,False,1,0.8571,0.892173,car
img_011916.jpg,ovj5h32,ovj5532,False,1,0.8571,0.782220,car
img_011917.jpg,qre1i17,ore3117,False,3,0.5714,0.679725,car
img_011920.jpg,qre4e43,orege43,False,2,0.7143,0.226407,car
img_011921.jpg,dml7h99,dml7499,False,1,0.8571,0.648357,car
img_011927.jpg,oyg7f49,oyg7499,False,2,0.7143,0.266703,car
img_011930.jpg,qrf8f09,orf8609,False,2,0.7143,0.506460,car
img_011931.jpg,mtl6e22,mtl6622,False,1,0.8571,0.846237,car
img_011936.jpg,qrh1h27,orm3227,False,4,0.4286,0.686667,car
img_011942.jpg,qrj7b99,orj7899,False,2,0.7143,0.972028,car
img_011943.jpg,eyw5f60,eyw560,False,1,0.8571,0.803526,car
img_011944.jpg,qrh3b66,orm3666,False,3,0.5714,0.371036,car
img_011948.jpg,qrl2h06,orl2406,False,2,0.7143,0.689472,car
img_011949.jpg,qna7b16,ona7816,False,2,0.7143,0.862635,car
img_011957.jpg,mtx3c51,mtx3657,False,2,0.7143,0.346531,car
img_011960.jpg,edz5f72,edz5672,False,1,0.8571,0.880601,car
img_011962.jpg,mqi1c02,mo13602,False,4,0.4286,0.693903,car
img_011965.jpg,ppu7h07,ppu7407,False,1,0.8571,0.423892,car
img_011967.jpg,oye0b98,oye0898,False,1,0.8571,0.863374,car
img_011974.jpg,odc3c52,odc3c52,True,0,1.0000,0.418550,car
img_011979.jpg,oye0b98,lye0898,False,2,0.7143,0.277395,car
img_011981.jpg,qre1i40,ore3140,False,3,0.5714,0.889629,car
img_011985.jpg,hzo9c38,mz09c38,False,2,0.7143,0.594873,car
img_011992.jpg,qrf1a66,qrf3466,False,2,0.7143,0.427282,car
img_011993.jpg,qre1i40,ore7140,False,3,0.5714,0.502251,car
img_011999.jpg,hjo1j00,mj07300,False,4,0.4286,0.269952,car
img_012006.jpg,qre4f36,ore4f36,False,1,0.8571,0.282166,car
img_012007.jpg,qre5g52,ore5652,False,2,0.7143,0.990574,car
img_012009.jpg,qrm4a16,orm4176,False,3,0.5714,0.131171,car
img_012010.jpg,cub6d65,icub606,False,3,0.5714,0.186371,car
img_012013.jpg,qre1i40,ore3140,False,3,0.5714,0.982472,car
img_012014.jpg,qrf8f96,orf8696,False,2,0.7143,0.768689,car
img_012016.jpg,mss5h50,mss5450,False,1,0.8571,0.728686,car
img_012017.jpg,odn5e19,oon5e19,False,1,0.8571,0.283330,car
img_012018.jpg,qbn4e00,obnge00,False,2,0.7143,0.839709,car
img_012021.jpg,mtv1e84,mtv1e84,True,0,1.0000,0.379804,car
img_012026.jpg,oyd7g50,oyd7650,False,1,0.8571,0.946592,car
img_012027.jpg,lqc0j14,loc0314,False,2,0.7143,0.463659,car
img_012028.jpg,qbn4e00,obn4e00,False,1,0.8571,0.823905,car
img_012030.jpg,ppq9b16,pp09816,False,2,0.7143,0.820880,car
img_012031.jpg,qre4b42,dre4842,False,2,0.7143,0.248735,car
img_012035.jpg,pqx6c83,pox6683,False,2,0.7143,0.499216,car
img_012037.jpg,qre1i40,ore3140,False,3,0.5714,0.849813,car
img_012040.jpg,mpj4i75,mpj4175,False,1,0.8571,0.974150,car
img_012041.jpg,qrj5d10,orj5010,False,2,0.7143,0.991493,car
img_012043.jpg,qrf8g50,orf8650,False,2,0.7143,0.859804,car
img_012045.jpg,qrg4f05,org4f05,False,1,0.8571,0.729489,car
img_012049.jpg,lup7d43,lup7043,False,1,0.8571,0.338564,car
img_012053.jpg,odt2d32,odt2032,False,1,0.8571,0.962695,car
img_012054.jpg,ohf7d03,omf7003,False,2,0.7143,0.423222,car
img_012055.jpg,odf1h05,odf3405,False,2,0.7143,0.184621,car
img_012058.jpg,qre1i40,ore3140,False,3,0.5714,0.786052,car
img_012059.jpg,qre5g52,ore5652,False,2,0.7143,0.973082,car
img_012060.jpg,qre4e99,orege99,False,2,0.7143,0.555171,car
img_012062.jpg,ppt1g04,ppt3604,False,2,0.7143,0.873202,car
img_012063.jpg,qrj6j94,orj6594,False,2,0.7143,0.314540,car
img_012070.jpg,qre8f57,dre8657,False,2,0.7143,0.455867,car
img_012078.jpg,hbl8b72,mbl8872,False,2,0.7143,0.748682,car
img_012082.jpg,eew8h94,eew8494,False,1,0.8571,0.465019,car
img_012084.jpg,qrh1h27,orm1227,False,3,0.5714,0.237898,car
img_012092.jpg,ove9j90,ove9390,False,1,0.8571,0.844471,car
img_012093.jpg,qri3a81,ari3487,False,3,0.5714,0.327504,car
img_012094.jpg,qrl5g63,orl5663,False,2,0.7143,0.971444,car
img_012095.jpg,ocx2i38,ocx2188,False,2,0.7143,0.766572,car
img_012097.jpg,qrh1h27,orm7227,False,4,0.4286,0.513780,car
img_012114.jpg,mph9b72,mmh9872,False,2,0.7143,0.308739,car
img_012115.jpg,msv3c83,msv3683,False,1,0.8571,0.271473,car
img_012116.jpg,qrl2i49,orl2149,False,2,0.7143,0.989932,car
img_012119.jpg,qre1i40,ore3140,False,3,0.5714,0.703659,car
img_012121.jpg,qre4e62,ore4e62,False,1,0.8571,0.670086,car
img_012122.jpg,qre6j26,ore6326,False,2,0.7143,0.962717,car
img_012126.jpg,qre4d82,ore4882,False,2,0.7143,0.352198,car
img_012129.jpg,qre5h99,dre5599,False,2,0.7143,0.253353,car
img_012130.jpg,qre4e77,orege77,False,2,0.7143,0.361187,car
img_012131.jpg,ppp4c37,ppp4377,False,2,0.7143,0.793928,car
img_012133.jpg,ocx2i38,ocx2188,False,2,0.7143,0.929022,car
img_012136.jpg,qrh1h63,orm7m63,False,4,0.4286,0.124968,car
img_012137.jpg,qre6f01,ore6603,False,3,0.5714,0.340499,car
img_012139.jpg,ppn6e20,ppn6620,False,1,0.8571,0.343626,car
img_012142.jpg,ppp9c33,ppp6333,False,2,0.7143,0.461058,car
img_012145.jpg,qrg4f05,org4605,False,2,0.7143,0.487026,car
img_012146.jpg,qre4d82,ore4882,False,2,0.7143,0.738857,car
img_012149.jpg,ppl5h51,ppl5451,False,1,0.8571,0.822956,car
img_012150.jpg,qrg5c25,org5225,False,2,0.7143,0.869104,car
img_012151.jpg,qrj6j94,orj6394,False,2,0.7143,0.757134,car
img_012162.jpg,qrf6j36,ore6178,False,5,0.2857,0.340250,car
img_012168.jpg,qrl5d88,orl5088,False,2,0.7143,0.755860,car
img_012170.jpg,qri3a81,ari3487,False,3,0.5714,0.321135,car
img_012175.jpg,ppp4c37,ppp4377,False,2,0.7143,0.928623,car
img_012176.jpg,oyg3j10,dvg3310,False,3,0.5714,0.260744,car
img_012177.jpg,qre4d82,ore4082,False,2,0.7143,0.529882,car
img_012183.jpg,mss5a48,mss548,False,1,0.8571,0.701739,car
img_012186.jpg,ovk8i54,evk8154,False,2,0.7143,0.343737,car
img_012187.jpg,qre4e99,ore4e97,False,2,0.7143,0.427290,car
img_012188.jpg,qre1i41,qre3147,False,3,0.5714,0.513743,car
img_012190.jpg,qrf8g17,orf8617,False,2,0.7143,0.576096,car
img_012191.jpg,mpz2a30,mpz2430,False,1,0.8571,0.934025,car
img_012193.jpg,mpz2a30,mpz2430,False,1,0.8571,0.923278,car
img_012194.jpg,qrf8g17,crf8617,False,2,0.7143,0.123464,car
img_012197.jpg,qre4e99,dre4e99,False,1,0.8571,0.045647,car
img_012198.jpg,mpy5a63,mpy6163,False,2,0.7143,0.363650,car
img_012203.jpg,qrf8g17,orf8617,False,2,0.7143,0.807032,car
img_012205.jpg,qre4f45,ore4f45,False,1,0.8571,0.415429,car
img_012206.jpg,ppo9e79,fp09679,False,3,0.5714,0.747306,car
img_012207.jpg,qre1i46,ore3146,False,3,0.5714,0.609620,car
img_012208.jpg,gfl2a37,lgf2243,False,4,0.4286,0.368296,car
img_012209.jpg,fqg0a45,fo66445,False,4,0.4286,0.254130,car
img_012210.jpg,pzl2c24,pzl2624,False,1,0.8571,0.973608,car
img_012214.jpg,qre4f45,orf4645,False,3,0.5714,0.527519,car
img_012216.jpg,qrf8g17,orf8617,False,2,0.7143,0.831038,car
img_012217.jpg,qre2d62,ore2062,False,2,0.7143,0.842317,car
img_012218.jpg,odm2g44,odm264,False,2,0.7143,0.916814,car
img_012220.jpg,qrf8g17,orf8617,False,2,0.7143,0.761218,car
img_012221.jpg,qre4e99,ore4e99,False,1,0.8571,0.258647,car
img_012223.jpg,qre4f49,orf4f49,False,2,0.7143,0.283179,car
img_012224.jpg,mpz2a30,mpz2430,False,1,0.8571,0.933970,car
img_012225.jpg,qrf8f09,orf8609,False,2,0.7143,0.755236,car
img_012227.jpg,qrf8g17,orf8617,False,2,0.7143,0.823329,car
img_012228.jpg,qre1i41,ore3147,False,4,0.4286,0.469589,car
img_012230.jpg,hmf0g82,mmf0682,False,2,0.7143,0.173914,car
img_012232.jpg,qrf6j21,orf6227,False,3,0.5714,0.338631,car
img_012233.jpg,qrf0f90,orf0f90,False,1,0.8571,0.564302,car
img_012234.jpg,mpz2a30,mpz2430,False,1,0.8571,0.578846,car
img_012235.jpg,fyo2e04,fyo2604,False,1,0.8571,0.822783,car
img_012236.jpg,qre0f27,ore0f22,False,2,0.7143,0.586789,car
img_012240.jpg,qre0e61,ore0f63,False,3,0.5714,0.446971,car
img_012241.jpg,qrf8g17,orf8617,False,2,0.7143,0.620352,car
img_012242.jpg,qre4e99,ore4f99,False,2,0.7143,0.256682,car
img_012243.jpg,fyo2e04,fyo2604,False,1,0.8571,0.919484,car
img_012244.jpg,qre0f26,ore0f26,False,1,0.8571,0.740894,car
img_012246.jpg,ppa9a31,mp49487,False,5,0.2857,0.109613,car
img_012248.jpg,qre1i41,ore3147,False,4,0.4286,0.438721,car
img_012249.jpg,qre4d82,ore4082,False,2,0.7143,0.630430,car
img_012254.jpg,gfl2a37,lgfl257,False,3,0.5714,0.344742,car
img_012255.jpg,qrf8g17,orf8637,False,3,0.5714,0.420208,car
img_012256.jpg,ppi7a68,pp17468,False,2,0.7143,0.853066,car
img_012258.jpg,qrf8g17,drf8677,False,3,0.5714,0.125906,car
img_012259.jpg,qre1i41,ore3147,False,4,0.4286,0.484396,car
img_012261.jpg,qre0f27,ore0f27,False,1,0.8571,0.686613,car
img_012262.jpg,gfl2a37,ggl2237,False,2,0.7143,0.180648,car
img_012263.jpg,qrf6j17,orf6317,False,2,0.7143,0.715313,car
img_012264.jpg,qrf8f40,orf8640,False,2,0.7143,0.877116,car
img_012267.jpg,ppm1h66,ppm1666,False,1,0.8571,0.542622,car
img_012268.jpg,qrf8f09,drf8609,False,2,0.7143,0.619794,car
img_012269.jpg,mqz0j93,moz0j93,False,1,0.8571,0.811610,car
img_012274.jpg,qrf8g17,orf8637,False,3,0.5714,0.501721,car
img_012275.jpg,qre1i46,qre3146,False,2,0.7143,0.572635,car
img_012276.jpg,qre1i43,ore3143,False,3,0.5714,0.713426,car
img_012277.jpg,qre7d75,ore7075,False,2,0.7143,0.896477,car
img_012278.jpg,mst1h25,mst7255,False,3,0.5714,0.451377,car
img_012279.jpg,qrf6i07,qrf6107,False,1,0.8571,0.713437,car
img_012280.jpg,qre8e70,ore8670,False,2,0.7143,0.785267,car
img_012281.jpg,qrf8g17,orf8637,False,3,0.5714,0.661862,car
img_012282.jpg,mrl9c91,mrl9691,False,1,0.8571,0.236069,car
img_012283.jpg,qrf8f87,qrf8687,False,1,0.8571,0.667156,car
img_012284.jpg,qrf6j33,erf6333,False,2,0.7143,0.458922,car
img_012285.jpg,qrf8f14,orf8674,False,3,0.5714,0.526809,car
img_012287.jpg,qrf8g17,orf8617,False,2,0.7143,0.613764,car
img_012288.jpg,qre4e43,ore4f43,False,2,0.7143,0.313594,car
img_012290.jpg,qre1i43,ore3143,False,3,0.5714,0.947894,car
img_012295.jpg,fag3b35,fag3835,False,1,0.8571,0.979523,car
img_012297.jpg,qre1i46,ore3146,False,3,0.5714,0.543263,car
img_012298.jpg,qre1i43,ore3143,False,3,0.5714,0.659164,car
img_012300.jpg,qre8e70,ore8670,False,2,0.7143,0.768789,car
img_012301.jpg,qre1i46,ore3146,False,3,0.5714,0.955380,car
img_012303.jpg,qrf6i37,erf4157,False,4,0.4286,0.032040,car
img_012305.jpg,qre1i11,are3137,False,5,0.2857,0.180165,car
img_012306.jpg,qre4e43,orf4f43,False,3,0.5714,0.518161,car
img_012309.jpg,gfl2a37,lgf2243,False,4,0.4286,0.296244,car
img_012310.jpg,qrf6j33,qre6333,False,2,0.7143,0.218991,car
img_012311.jpg,qre4e99,ore4e99,False,1,0.8571,0.175925,car
img_012312.jpg,fyo2e04,fyo2604,False,1,0.8571,0.902449,car
img_012314.jpg,odn2e68,odn2668,False,1,0.8571,0.818872,car
img_012316.jpg,ppl1h66,ppl3466,False,2,0.7143,0.873575,car
img_012317.jpg,ppm0f57,ppm0557,False,1,0.8571,0.439346,car
img_012318.jpg,qre4e43,orf4f43,False,3,0.5714,0.492928,car
img_012319.jpg,qre1i46,ore3146,False,3,0.5714,0.496553,car
img_012321.jpg,qrf8g17,orf8617,False,2,0.7143,0.777700,car
img_012323.jpg,qre4e43,ore4e43,False,1,0.8571,0.418654,car
img_012324.jpg,qre4e99,ore4e99,False,1,0.8571,0.279556,car
img_012326.jpg,qre1i11,ore3177,False,5,0.2857,0.482938,car
img_012327.jpg,qre1i46,qre3146,False,2,0.7143,0.477820,car
img_012328.jpg,qrf8g17,orf8617,False,2,0.7143,0.726817,car
img_012330.jpg,qre4e43,orege43,False,2,0.7143,0.347275,car
img_012331.jpg,qrf8g50,orf8650,False,2,0.7143,0.977602,car
img_012332.jpg,qrf8f34,qrf8634,False,1,0.8571,0.479309,car
img_012333.jpg,qrf8g17,orf8637,False,3,0.5714,0.769561,car
img_012334.jpg,qre4e99,dre4f99,False,2,0.7143,0.154696,car
img_012335.jpg,qrf6j24,orf6244,False,3,0.5714,0.509145,car
img_012336.jpg,qrg2i08,org2108,False,2,0.7143,0.732121,car
img_012337.jpg,qrf6i07,erf6107,False,2,0.7143,0.865363,car
img_012338.jpg,ove3f52,cve3522,False,3,0.5714,0.445329,car
img_012339.jpg,qrf8g17,orf8637,False,3,0.5714,0.537431,car
img_012340.jpg,qre1i43,qre3143,False,2,0.7143,0.545566,car
img_012341.jpg,qre1i42,ore3142,False,3,0.5714,0.671734,car
img_012342.jpg,mpz2a30,mpz2450,False,2,0.7143,0.732968,car
img_012344.jpg,mtt8f14,mtt8644,False,2,0.7143,0.489023,car
img_012345.jpg,qrh1h27,orm7227,False,4,0.4286,0.642308,car
img_012346.jpg,ppk0g10,ppk0670,False,2,0.7143,0.296294,car
img_012348.jpg,qre4e99,dre4e97,False,2,0.7143,0.271885,car
img_012350.jpg,qrf8f09,drf8609,False,2,0.7143,0.303496,car
img_012351.jpg,qrh7c82,orh7682,False,2,0.7143,0.107075,car
img_012353.jpg,qrf8g17,orc8637,False,4,0.4286,0.189315,car
img_012354.jpg,qre4e43,orege43,False,2,0.7143,0.393749,car
img_012355.jpg,qrf8g17,qre8637,False,3,0.5714,0.215433,car
img_012356.jpg,ppl1h66,ppl3466,False,2,0.7143,0.599111,car
img_012358.jpg,qrf8f09,lrf8697,False,4,0.4286,0.144143,car
img_012359.jpg,qrf8g17,orf8617,False,2,0.7143,0.120261,car
img_012361.jpg,qrf8g17,orf8617,False,2,0.7143,0.233716,car
img_012362.jpg,mtv1e84,mtv3684,False,2,0.7143,0.555502,car
img_012363.jpg,qrg2i08,org2108,False,2,0.7143,0.871633,car
img_012365.jpg,fag3b35,fag3835,False,1,0.8571,0.934804,car
img_012366.jpg,qre1i43,qre3143,False,2,0.7143,0.416208,car
img_012368.jpg,qrf8g17,orf8637,False,3,0.5714,0.600184,car
img_012369.jpg,qrh1h27,ork7822,False,5,0.2857,0.156433,car
img_012370.jpg,qre4e43,ore4f43,False,2,0.7143,0.172082,car
img_012373.jpg,qre4e43,orege43,False,2,0.7143,0.388819,car
img_012374.jpg,fyo2e04,fyo2604,False,1,0.8571,0.822231,car
img_012376.jpg,pxa4h05,pxa4m05,False,1,0.8571,0.360963,car
img_012377.jpg,qrg2i08,org2108,False,2,0.7143,0.675790,car
img_012382.jpg,mtt8f14,mtt8674,False,2,0.7143,0.614938,car
img_012383.jpg,qrf8f09,drf8609,False,2,0.7143,0.213347,car
img_012385.jpg,fag3b35,wag3835,False,2,0.7143,0.484425,car
img_012386.jpg,qrf8g17,orf8637,False,3,0.5714,0.690362,car
img_012387.jpg,qrf6j17,orf6317,False,2,0.7143,0.666981,car
img_012388.jpg,qre4e43,ore4f43,False,2,0.7143,0.809999,car
img_012389.jpg,qrg2h19,org2419,False,2,0.7143,0.468957,car
img_012390.jpg,ppl1h66,ppl3466,False,2,0.7143,0.416683,car
img_012391.jpg,qrf8g17,orf8617,False,2,0.7143,0.193254,car
img_012392.jpg,qrf8f09,9rf8609,False,2,0.7143,0.096540,car
img_012393.jpg,qrf8g17,orf8637,False,3,0.5714,0.401192,car
img_012395.jpg,qre4e43,orf4f43,False,3,0.5714,0.350405,car
img_012396.jpg,qrf8f87,orf8687,False,2,0.7143,0.901992,car
img_012398.jpg,qre1i41,dre3147,False,4,0.4286,0.249764,car
img_012399.jpg,qrf8g17,orf8637,False,3,0.5714,0.353518,car
img_012400.jpg,ppl1h66,ppl3466,False,2,0.7143,0.414928,car
img_012402.jpg,qre1i11,ore3137,False,5,0.2857,0.345155,car
img_012403.jpg,qrf8g68,grf8668,False,2,0.7143,0.084414,car
img_012404.jpg,qre0f27,ore0f27,False,1,0.8571,0.865332,car
img_012405.jpg,mpz2a30,mpz2430,False,1,0.8571,0.337574,car
img_012406.jpg,qrg2h19,erg2419,False,2,0.7143,0.536611,car
img_012408.jpg,qrf8g17,orf8637,False,3,0.5714,0.624477,car
img_012411.jpg,qrg6b53,org4853,False,3,0.5714,0.404058,car
img_012417.jpg,qrf8f09,drf8609,False,2,0.7143,0.345092,car
img_012418.jpg,ppl1h66,ppl3460,False,3,0.5714,0.750329,car
img_012419.jpg,qrh7g54,drk7654,False,3,0.5714,0.206119,car
img_012420.jpg,qre4e43,orege43,False,2,0.7143,0.138856,car
img_012421.jpg,qre4f49,qre4f49,True,0,1.0000,0.515379,car
img_012422.jpg,ppl1h66,ppl3468,False,3,0.5714,0.520022,car
img_012423.jpg,qre0f27,qre0f27,True,0,1.0000,0.307460,car
img_012424.jpg,qre8e54,orf8654,False,3,0.5714,0.777610,car
img_012425.jpg,qre4d82,ore4822,False,3,0.5714,0.827510,car
img_012426.jpg,qre1i43,qre3143,False,2,0.7143,0.429744,car
img_012427.jpg,ean2g57,lean267,False,3,0.5714,0.456063,car
img_012431.jpg,qrh7c82,drm7c82,False,2,0.7143,0.367863,car
img_012432.jpg,qrf8g09,qrf8609,False,1,0.8571,0.339608,car
img_012433.jpg,qrf8f09,crf8609,False,2,0.7143,0.221206,car
img_012435.jpg,qre1i43,ore3143,False,3,0.5714,0.945035,car
img_012436.jpg,qre1i46,qre3146,False,2,0.7143,0.537611,car
img_012437.jpg,qrh1h27,orm3227,False,4,0.4286,0.696827,car
img_012438.jpg,qrg4f09,org4609,False,2,0.7143,0.488782,car
img_012441.jpg,qrg4f02,dr64602,False,3,0.5714,0.172233,car
img_012442.jpg,qrh7c54,orm7654,False,3,0.5714,0.574529,car
img_012446.jpg,qrf8g17,orf8617,False,2,0.7143,0.455302,car
img_012448.jpg,qrf7b75,orf7675,False,2,0.7143,0.717542,car
img_012449.jpg,fyo2e04,fyo2604,False,1,0.8571,0.885838,car
img_012450.jpg,qrf8g17,orf8637,False,3,0.5714,0.462398,car
img_012451.jpg,qre4e99,ore4f99,False,2,0.7143,0.186890,car
img_012452.jpg,qrf6i07,orf6107,False,2,0.7143,0.349828,car
img_012453.jpg,qrg2h80,qrg2480,False,1,0.8571,0.263324,car
img_012455.jpg,qrf8g17,orf8617,False,2,0.7143,0.588299,car
img_012457.jpg,qre4e99,qre4f97,False,2,0.7143,0.130707,car
img_012458.jpg,qrh1h27,orm3227,False,4,0.4286,0.669279,car
img_012460.jpg,qrf8g17,orf8637,False,3,0.5714,0.422471,car
img_012461.jpg,qre4e99,qre4f99,False,1,0.8571,0.344640,car
img_012465.jpg,ouw8f56,coum666,False,5,0.2857,0.391301,car
img_012466.jpg,qre6a18,dre6788,False,3,0.5714,0.202578,car
img_012469.jpg,qrg4f02,org4f02,False,1,0.8571,0.448950,car
img_012472.jpg,qre4e99,qre4f99,False,1,0.8571,0.337212,car
img_012473.jpg,qrf6j36,qrf6336,False,1,0.8571,0.368405,car
img_012474.jpg,fyo2e04,fyo2604,False,1,0.8571,0.902955,car
img_012475.jpg,fhn6i20,fhn6100,False,2,0.7143,0.651765,car
img_012476.jpg,pys5h96,pys5496,False,1,0.8571,0.794700,car
img_012478.jpg,qre1i43,qre3143,False,2,0.7143,0.651592,car
img_012480.jpg,qrf8g17,orf8637,False,3,0.5714,0.567487,car
img_012481.jpg,fou3i88,fou3188,False,1,0.8571,0.982919,car
img_012482.jpg,qre4e99,ore4f99,False,2,0.7143,0.293698,car
img_012484.jpg,ppl1h66,ppl3466,False,2,0.7143,0.850079,car
img_012485.jpg,qrf6j32,drf6332,False,2,0.7143,0.452188,car
img_012486.jpg,qre1i46,ore3146,False,3,0.5714,0.870248,car
img_012487.jpg,fag3b35,fag3875,False,2,0.7143,0.573002,car
img_012489.jpg,qre1i46,ore3146,False,3,0.5714,0.410570,car
img_012490.jpg,qrf8g17,orf8617,False,2,0.7143,0.360031,car
img_012491.jpg,qre4e99,qre4f99,False,1,0.8571,0.374969,car
img_012493.jpg,ean2g57,ean2657,False,1,0.8571,0.939129,car
img_012494.jpg,qrf0f90,ore0f96,False,3,0.5714,0.335102,car
img_012495.jpg,qrf8g17,orf8617,False,2,0.7143,0.796740,car
img_012497.jpg,qre4e99,ore4e99,False,1,0.8571,0.215464,car
img_012498.jpg,fag3b35,fag3835,False,1,0.8571,0.968489,car
img_012499.jpg,qre4e43,ore4f43,False,2,0.7143,0.484351,car
img_012500.jpg,qre1i41,dre3141,False,3,0.5714,0.595903,car
img_012502.jpg,ppl1i54,ppl3154,False,2,0.7143,0.656291,car
img_012506.jpg,qrg2h19,org2419,False,2,0.7143,0.682934,car
img_012508.jpg,puv5e07,puv5507,False,1,0.8571,0.533931,car
img_012509.jpg,qre1i43,ore3143,False,3,0.5714,0.485694,car
img_012510.jpg,qrf8f96,orf8696,False,2,0.7143,0.574108,car
img_012514.jpg,qri0e80,ori0e80,False,1,0.8571,0.207992,car
img_012515.jpg,qrf8g17,orf8637,False,3,0.5714,0.635317,car
img_012516.jpg,qre4e99,dre4f99,False,2,0.7143,0.692209,car
img_012517.jpg,qre1i43,ore3143,False,3,0.5714,0.678948,car
img_012518.jpg,qre7c42,dre7c42,False,1,0.8571,0.363436,car
img_012519.jpg,fur9c33,eup9633,False,3,0.5714,0.389695,car
img_012520.jpg,qre4e43,orege43,False,2,0.7143,0.409164,car
img_012521.jpg,fou3i88,fou3188,False,1,0.8571,0.697287,car
img_012524.jpg,qrf8g17,orf8637,False,3,0.5714,0.421667,car
img_012526.jpg,qre4e43,qre4f43,False,1,0.8571,0.447720,car
img_012527.jpg,qrf8f09,orf8609,False,2,0.7143,0.418611,car
img_012528.jpg,mtc6h43,mtc6m43,False,1,0.8571,0.179162,car
img_012529.jpg,fyo2e04,fyo2604,False,1,0.8571,0.852623,car
img_012530.jpg,qrf8f96,qrf8696,False,1,0.8571,0.475752,car
img_012531.jpg,qrh1h27,ork7227,False,4,0.4286,0.224440,car
img_012532.jpg,qre1h96,ore3496,False,3,0.5714,0.438415,car
img_012533.jpg,qre4e48,ore4f48,False,2,0.7143,0.347427,car
img_012534.jpg,qre1i59,ore3159,False,3,0.5714,0.887624,car
img_012535.jpg,fyo2e04,fyo2604,False,1,0.8571,0.883391,car
img_012536.jpg,qrg0d06,org0006,False,2,0.7143,0.853349,car
img_012539.jpg,qre1i43,ore3143,False,3,0.5714,0.863792,car
img_012540.jpg,qrf8f09,9rf8609,False,2,0.7143,0.168378,car
img_012541.jpg,fag3b35,fag3835,False,1,0.8571,0.784713,car
img_012543.jpg,qrf8g05,orf8605,False,2,0.7143,0.865455,car
img_012545.jpg,qrf8g17,orf8637,False,3,0.5714,0.395131,car
img_012546.jpg,qri0e12,ori0f32,False,3,0.5714,0.418914,car
img_012547.jpg,qre1i46,qre3146,False,2,0.7143,0.472068,car
img_012548.jpg,qrh1h63,drh7562,False,4,0.4286,0.198641,car
img_012549.jpg,qrf4e89,drf4684,False,3,0.5714,0.284977,car
img_012551.jpg,qrf8g17,orf8637,False,3,0.5714,0.826832,car
img_012552.jpg,qre1i46,ore3146,False,3,0.5714,0.826055,car
img_012553.jpg,qrf8f96,qrf8696,False,1,0.8571,0.380879,car
img_012555.jpg,ppl1h66,ppl3660,False,3,0.5714,0.395070,car
img_012557.jpg,fag3b35,fag3835,False,1,0.8571,0.828580,car
img_012558.jpg,qrf8g17,orf8637,False,3,0.5714,0.868086,car
img_012559.jpg,qre4e99,dregf99,False,3,0.5714,0.394772,car
img_012560.jpg,qrf8f09,orf8609,False,2,0.7143,0.749254,car
img_012561.jpg,qrf5j08,orf5308,False,2,0.7143,0.854956,car
img_012563.jpg,qrf5b41,orf5847,False,3,0.5714,0.343058,car
img_012564.jpg,heq4e66,me04666,False,3,0.5714,0.644527,car
img_012565.jpg,qrf7b72,drf7872,False,2,0.7143,0.377045,car
img_012566.jpg,qrf8g17,orf8637,False,3,0.5714,0.600838,car
img_012567.jpg,qre0f26,qre0f26,True,0,1.0000,0.318661,car
img_012569.jpg,qrh1h27,orm7227,False,4,0.4286,0.219281,car
img_012570.jpg,ppm5d93,ppm5093,False,1,0.8571,0.919361,car
img_012571.jpg,qrf0f90,dre0f20,False,3,0.5714,0.166525,car
img_012575.jpg,qre1i41,dre3147,False,4,0.4286,0.460136,car
img_012576.jpg,qri4f70,ori4f70,False,1,0.8571,0.357070,car
img_012577.jpg,qrh7c82,drk7682,False,3,0.5714,0.184453,car
img_012578.jpg,qrf8f09,drf8609,False,2,0.7143,0.246910,car
img_012581.jpg,ppl1h66,ppl7448,False,4,0.4286,0.116533,car
img_012582.jpg,qre2i77,ore2177,False,2,0.7143,0.982561,car
img_012583.jpg,qrf6i81,orf6187,False,3,0.5714,0.439431,car
img_012584.jpg,qrf8g17,orf8637,False,3,0.5714,0.316310,car
img_012585.jpg,qrf8f96,qrf8696,False,1,0.8571,0.781172,car
img_012589.jpg,qre4e48,orf4f48,False,3,0.5714,0.145906,car
img_012590.jpg,qrf8f96,orf8696,False,2,0.7143,0.894794,car
img_012591.jpg,qrf8g68,qrf8668,False,1,0.8571,0.456238,car
img_012592.jpg,qre1i46,dre3146,False,3,0.5714,0.826112,car
img_012594.jpg,qre1h96,dre3996,False,3,0.5714,0.119493,car
img_012595.jpg,qrf8g17,orf8617,False,2,0.7143,0.554809,car
img_012596.jpg,qrf8f96,qrf8696,False,1,0.8571,0.556814,car
img_012597.jpg,qre4e99,ore4f99,False,2,0.7143,0.322329,car
img_012598.jpg,fag3b35,fag3835,False,1,0.8571,0.866116,car
img_012603.jpg,qre4d82,ore4082,False,2,0.7143,0.587465,car
img_012604.jpg,qre4e43,orege43,False,2,0.7143,0.441670,car
img_012605.jpg,qre1i11,qre3137,False,4,0.4286,0.264651,car
img_012606.jpg,qre0f27,ore0f27,False,1,0.8571,0.536169,car
img_012607.jpg,qre4e43,ore4e43,False,1,0.8571,0.362280,car
img_012608.jpg,qrh1h27,orm3227,False,4,0.4286,0.717060,car
img_012609.jpg,ppp9h02,ppp5602,False,2,0.7143,0.125046,car
img_012611.jpg,qri3f41,or13647,False,4,0.4286,0.215284,car
img_012612.jpg,kxw1b41,mxm7847,False,5,0.2857,0.188182,car
img_012614.jpg,qrf8g17,orf8617,False,2,0.7143,0.861865,car
img_012616.jpg,ocy5b52,bcy5852,False,2,0.7143,0.529399,car
img_012617.jpg,qre4f49,ore4f49,False,1,0.8571,0.596767,car
img_012620.jpg,qrf6j36,ore4336,False,4,0.4286,0.376495,car
img_012623.jpg,qre1i46,qre3146,False,2,0.7143,0.181649,car
img_012624.jpg,mqa3d68,moa3048,False,3,0.5714,0.524118,car
img_012625.jpg,qre4e43,qre4f43,False,1,0.8571,0.183118,car
img_012626.jpg,qre4f45,ore4f45,False,1,0.8571,0.702421,car
img_012627.jpg,qrf8f96,qrf8696,False,1,0.8571,0.467366,car
img_012628.jpg,qrf8g17,qre8637,False,3,0.5714,0.361524,car
img_012633.jpg,qre1i41,qre3147,False,3,0.5714,0.744498,car
img_012637.jpg,qrg4f03,ob64693,False,5,0.2857,0.154380,car
img_012638.jpg,qrf8g17,ore8617,False,3,0.5714,0.919341,car
img_012639.jpg,qrf8f96,orf8696,False,2,0.7143,0.588673,car
img_012640.jpg,qrf6j24,qre4724,False,3,0.5714,0.447436,car
img_012641.jpg,gsa4h53,gsa4553,False,1,0.8571,0.988980,car
img_012642.jpg,qre4e43,orfgf43,False,4,0.4286,0.240216,car
img_012644.jpg,qrf8f96,9rf8696,False,2,0.7143,0.543528,car
img_012645.jpg,qrf8f09,orf8609,False,2,0.7143,0.624283,car
img_012648.jpg,qre1i41,dre3141,False,3,0.5714,0.812837,car
img_012650.jpg,qrj0e37,drj0f37,False,2,0.7143,0.175275,car
img_012652.jpg,ean2g57,ean2657,False,1,0.8571,0.964416,car
img_012653.jpg,qrf8f87,orf8687,False,2,0.7143,0.480596,car
img_012657.jpg,fag3b35,fag3835,False,1,0.8571,0.973440,car
img_012658.jpg,qre1i46,ore3146,False,3,0.5714,0.843406,car
img_012660.jpg,qre4e43,orf4f43,False,3,0.5714,0.188459,car
img_012665.jpg,qrf8g17,orf8637,False,3,0.5714,0.582408,car
img_012666.jpg,qrg2h80,org2880,False,2,0.7143,0.613175,car
img_012668.jpg,qrf6j33,ore4337,False,5,0.2857,0.226223,car
img_012669.jpg,qrg2h80,drg2460,False,3,0.5714,0.376257,car
img_012671.jpg,qrg4b68,cor4868,False,4,0.4286,0.669347,car
img_012672.jpg,qrj3e15,op33695,False,5,0.2857,0.480753,car
img_012675.jpg,qre7c42,dre7642,False,2,0.7143,0.498734,car
img_012676.jpg,qrf8g17,orc8617,False,3,0.5714,0.691424,car
img_012677.jpg,qrf6j17,orf6317,False,2,0.7143,0.585481,car
img_012679.jpg,qrf8g09,qrf8609,False,1,0.8571,0.329758,car
img_012680.jpg,qrh1h27,orm1227,False,3,0.5714,0.179018,car
img_012684.jpg,qre4d82,ore4082,False,2,0.7143,0.926814,car
img_012687.jpg,qre1i59,qre3159,False,2,0.7143,0.526962,car
img_012688.jpg,qrg2h80,drg2880,False,2,0.7143,0.373687,car
img_012689.jpg,qrg2h80,dpg2880,False,3,0.5714,0.130288,car
img_012692.jpg,qrf6i07,orf6107,False,2,0.7143,0.320527,car
img_012693.jpg,qrg2h80,qrg2480,False,1,0.8571,0.149512,car
img_012694.jpg,qre1i46,are3146,False,3,0.5714,0.292907,car
img_012695.jpg,qre1i43,ore3143,False,3,0.5714,0.838049,car
img_012696.jpg,qrf8g17,orf8617,False,2,0.7143,0.249663,car
img_012697.jpg,ppl1h66,ppl3466,False,2,0.7143,0.569662,car
img_012698.jpg,qre4f45,ore4f45,False,1,0.8571,0.537509,car
img_012700.jpg,qre4e43,qre4f43,False,1,0.8571,0.141629,car
img_012704.jpg,lsq9a21,ls09421,False,2,0.7143,0.424208,car
img_012706.jpg,oyf4i12,oyf4172,False,2,0.7143,0.490868,car
img_012708.jpg,qre4e99,orege99,False,2,0.7143,0.553151,car
img_012709.jpg,qre4f49,ore4f49,False,1,0.8571,0.279268,car
img_012710.jpg,qre1i46,ore3146,False,3,0.5714,0.949022,car
img_012711.jpg,qre1i46,ore3146,False,3,0.5714,0.842946,car
img_012712.jpg,qnk9f41,onk9147,False,3,0.5714,0.224756,car
img_012716.jpg,qrg2h80,arg2480,False,2,0.7143,0.313004,car
img_012717.jpg,ode2e62,cde2662,False,2,0.7143,0.525870,car
img_012720.jpg,qrg2h80,drg2880,False,2,0.7143,0.845544,car
img_012721.jpg,qrh1h27,orh1922,False,3,0.5714,0.237884,car
img_012724.jpg,qrh1h27,doh7797,False,5,0.2857,0.148566,car
img_012726.jpg,qrf6j36,orf6336,False,2,0.7143,0.317537,car
img_012727.jpg,ppp4b24,pdp4824,False,2,0.7143,0.685190,car
img_012728.jpg,qrh1h27,drm7227,False,4,0.4286,0.299759,car
img_012730.jpg,pxr6a39,pxr6439,False,1,0.8571,0.780366,car
img_012731.jpg,gfl2a37,gfl2237,False,1,0.8571,0.548384,car
img_012732.jpg,qre4e43,orfge43,False,3,0.5714,0.299449,car
img_012733.jpg,qrf8f40,orf8640,False,2,0.7143,0.349765,car
img_012734.jpg,qre1i46,ore7146,False,3,0.5714,0.411715,car
img_012735.jpg,ppl1h66,ppl3466,False,2,0.7143,0.903410,car
img_012736.jpg,qre1i41,dre3147,False,4,0.4286,0.389267,car
img_012737.jpg,qre4e62,orf4e62,False,2,0.7143,0.180716,car
img_012738.jpg,qre1i38,qre3138,False,2,0.7143,0.592334,car
img_012740.jpg,qre4e62,ore4f62,False,2,0.7143,0.319278,car
img_012742.jpg,qrg2h19,ord2410,False,4,0.4286,0.022064,car
img_012743.jpg,ppl1h66,ppl3468,False,3,0.5714,0.102910,car
img_012745.jpg,qre4e99,cre4f99,False,2,0.7143,0.779960,car
img_012747.jpg,fag3b35,fag3835,False,1,0.8571,0.975531,car
img_012750.jpg,qrf8f87,qre8687,False,2,0.7143,0.359544,car
img_012751.jpg,qre4f49,orf4649,False,3,0.5714,0.304706,car
img_012753.jpg,qre4e62,qre4f62,False,1,0.8571,0.604874,car
img_012754.jpg,mtd9e10,mtd9630,False,2,0.7143,0.264977,car
img_012757.jpg,qrf8f09,drf8609,False,2,0.7143,0.526560,car
img_012758.jpg,qrf8g09,orf8609,False,2,0.7143,0.357024,car
img_012759.jpg,odc4h37,soc4837,False,3,0.5714,0.118544,car
img_012763.jpg,fag3b35,fag3835,False,1,0.8571,0.848165,car
img_012767.jpg,qre4e99,dre4f99,False,2,0.7143,0.467535,car
img_012772.jpg,qrf6i13,qre6133,False,3,0.5714,0.188729,car
img_012774.jpg,qnj5b81,onj5887,False,3,0.5714,0.512873,car
img_012776.jpg,odq9d63,odq9063,False,1,0.8571,0.474603,car
img_012779.jpg,qre4e43,orege43,False,2,0.7143,0.536815,car
img_012780.jpg,qre1i59,ore3159,False,3,0.5714,0.649696,car
img_012781.jpg,qrg2h80,org2480,False,2,0.7143,0.752604,car
img_012782.jpg,msv3c83,msv3683,False,1,0.8571,0.430381,car
img_012783.jpg,ogb1h02,pg87m02,False,4,0.4286,0.043518,car
img_012784.jpg,qre4e43,orege43,False,2,0.7143,0.354476,car
img_012785.jpg,qre4e62,qre4f62,False,1,0.8571,0.279639,car
img_012787.jpg,qrf8f09,orf8609,False,2,0.7143,0.867835,car
img_012788.jpg,qre1i41,dre3147,False,4,0.4286,0.342312,car
img_012790.jpg,qre4e43,orege43,False,2,0.7143,0.468408,car
img_012792.jpg,ppl1h66,ppl3468,False,3,0.5714,0.390382,car
img_012793.jpg,qre1i43,ore3143,False,3,0.5714,0.637188,car
img_012794.jpg,qre4e62,orege62,False,2,0.7143,0.469818,car
img_012795.jpg,qrg2h80,dpg2400,False,4,0.4286,0.194489,car
img_012796.jpg,qrf8f96,orf8696,False,2,0.7143,0.872421,car
img_012797.jpg,qre4e99,ore4e99,False,1,0.8571,0.249242,car
img_012800.jpg,qre1i46,dre3146,False,3,0.5714,0.751230,car
img_012802.jpg,qre4e62,orege62,False,2,0.7143,0.129902,car
img_012805.jpg,qre1i41,ore3147,False,4,0.4286,0.760606,car
img_012806.jpg,qrf6i37,orf6137,False,2,0.7143,0.513286,car
img_012808.jpg,qrd7h42,qrd7442,False,1,0.8571,0.388528,car
img_012810.jpg,qre7d75,ore7075,False,2,0.7143,0.721928,car
img_012812.jpg,odq9d63,odq9063,False,1,0.8571,0.481179,car
img_012813.jpg,qre1i43,qre3143,False,2,0.7143,0.480034,car
img_012814.jpg,qre4e62,ore4f62,False,2,0.7143,0.639116,car
img_012816.jpg,qre1h96,qre3496,False,2,0.7143,0.414951,car
img_012819.jpg,msm1i02,msm3102,False,2,0.7143,0.682753,car
img_012822.jpg,qrh1h27,orm1227,False,3,0.5714,0.490504,car
img_012824.jpg,qre4e99,dre4f99,False,2,0.7143,0.317330,car
img_012825.jpg,odq9d63,dod9062,False,4,0.4286,0.050848,car
img_012826.jpg,qre1i46,ore3146,False,3,0.5714,0.586112,car
img_012828.jpg,qrj7e75,wrj7675,False,2,0.7143,0.245670,car
img_012829.jpg,odq9d63,od99063,False,2,0.7143,0.345187,car
img_012832.jpg,qre4e99,dre4f90,False,3,0.5714,0.132045,car
img_012833.jpg,qre1i43,qre3143,False,2,0.7143,0.544463,car
img_012838.jpg,fag3b35,fag3835,False,1,0.8571,0.959903,car
img_012839.jpg,qrf8g09,qre8609,False,2,0.7143,0.207993,car
img_012840.jpg,fag3b35,fa63835,False,2,0.7143,0.443824,car
img_012841.jpg,qrj6j85,orj6385,False,2,0.7143,0.950496,car
img_012842.jpg,qre1i43,dre3143,False,3,0.5714,0.544369,car
img_012844.jpg,qre0e61,orfg641,False,5,0.2857,0.157911,car
img_012847.jpg,qre6f01,ore6001,False,2,0.7143,0.551921,car
img_012849.jpg,qre4i08,qre4108,False,1,0.8571,0.904536,car
img_012851.jpg,odq9d63,odq9063,False,1,0.8571,0.482774,car
img_012852.jpg,qre4e62,ore4f62,False,2,0.7143,0.193480,car
img_012855.jpg,qre4e62,ore4f62,False,2,0.7143,0.215687,car
img_012856.jpg,fyo2e04,fyo2604,False,1,0.8571,0.891655,car
img_012858.jpg,qrf8f96,orf8696,False,2,0.7143,0.916139,car
img_012859.jpg,qre4e43,ore4f43,False,2,0.7143,0.287834,car
img_012860.jpg,oyi4d94,ovi4094,False,2,0.7143,0.494297,car
img_012862.jpg,qrh1h63,orm3663,False,4,0.4286,0.053188,car
img_012864.jpg,qre4e99,qre4f99,False,1,0.8571,0.232611,car
img_012865.jpg,qrf8f96,orf8696,False,2,0.7143,0.355251,car
img_012866.jpg,qre4e43,orege43,False,2,0.7143,0.402957,car
img_012867.jpg,qrg2h19,org2419,False,2,0.7143,0.475508,car
img_012869.jpg,fag3b35,fag3835,False,1,0.8571,0.740532,car
img_012871.jpg,qri0e80,ori0f80,False,2,0.7143,0.272577,car
img_012873.jpg,kfr4f88,kfr4688,False,1,0.8571,0.487740,car
img_012874.jpg,qrf8f96,qrf8696,False,1,0.8571,0.608075,car
img_012875.jpg,qre4e62,ore4f62,False,2,0.7143,0.263441,car
img_012876.jpg,qre1i43,ore3143,False,3,0.5714,0.431325,car
img_012878.jpg,qre1i41,dre3147,False,4,0.4286,0.829000,car
img_012879.jpg,qrf8f96,qrf8696,False,1,0.8571,0.272721,car
img_012881.jpg,qrf8f96,orf8696,False,2,0.7143,0.861634,car
img_012883.jpg,gfl2a37,gfl2437,False,1,0.8571,0.884387,car
img_012886.jpg,qrh1h27,orm1227,False,3,0.5714,0.354846,car
img_012890.jpg,fag3b35,fag3835,False,1,0.8571,0.994699,car
img_012891.jpg,qre7c42,dre7c42,False,1,0.8571,0.459221,car
img_012892.jpg,qrf8f96,9rf8696,False,2,0.7143,0.398204,car
img_012893.jpg,qrh1h27,orh7322,False,4,0.4286,0.153997,car
img_012897.jpg,qrf8g68,qrf8668,False,1,0.8571,0.604490,car
img_012898.jpg,qre4e99,oregf99,False,3,0.5714,0.416515,car
img_012899.jpg,fyo2e04,fyo2604,False,1,0.8571,0.868242,car
img_012901.jpg,qrf6i13,orf6133,False,3,0.5714,0.627979,car
img_012903.jpg,qre7d75,ore7075,False,2,0.7143,0.380210,car
img_012904.jpg,qre4e62,ore4f62,False,2,0.7143,0.266548,car
img_012905.jpg,ppl1h66,ppl3466,False,2,0.7143,0.358055,car
img_012906.jpg,qrf8f09,orf8609,False,2,0.7143,0.329327,car
img_012907.jpg,qrf8g17,orf8617,False,2,0.7143,0.508756,car
img_012908.jpg,qre1i43,qre3143,False,2,0.7143,0.738002,car
img_012909.jpg,qrf8f96,9rf8696,False,2,0.7143,0.399328,car
img_012911.jpg,qrg2h80,qr62480,False,2,0.7143,0.231854,car
img_012915.jpg,qrf8g17,orc8617,False,3,0.5714,0.424094,car
img_012917.jpg,qrf8f96,qrf8696,False,1,0.8571,0.520886,car
img_012918.jpg,qre4e43,orfge43,False,3,0.5714,0.220062,car
img_012920.jpg,qre4f45,ore4f45,False,1,0.8571,0.510073,car
img_012921.jpg,qrj6j85,qrj6355,False,2,0.7143,0.311009,car
img_012922.jpg,qrf8g17,dre8617,False,3,0.5714,0.911196,car
img_012923.jpg,qre4f51,ore4557,False,3,0.5714,0.284306,car
img_012924.jpg,qrf8f96,orf8696,False,2,0.7143,0.903490,car
img_012926.jpg,qre4e43,orege43,False,2,0.7143,0.478077,car
img_012927.jpg,ppl1h66,ppl3466,False,2,0.7143,0.726740,car
img_012928.jpg,qre1i60,wre3160,False,3,0.5714,0.462872,car
img_012929.jpg,qre4e62,qre4f62,False,1,0.8571,0.446117,car
img_012940.jpg,qrf4b71,aor4879,False,5,0.2857,0.142531,car
img_012941.jpg,lts8j63,lts8363,False,1,0.8571,0.715965,car
img_012943.jpg,qrf8g17,orf8632,False,4,0.4286,0.770606,car
img_012944.jpg,qre7i36,qre7136,False,1,0.8571,0.335775,car
img_012946.jpg,ppl1h66,ppl3464,False,3,0.5714,0.251519,car
img_012949.jpg,qrf8g17,orf8637,False,3,0.5714,0.633859,car
img_012950.jpg,qrk3j82,ork3382,False,2,0.7143,0.720981,car
img_012951.jpg,qre1i41,dre3147,False,4,0.4286,0.220204,car
img_012952.jpg,aue1b95,aue7805,False,3,0.5714,0.429197,car
img_012955.jpg,qre4e43,ore4e43,False,1,0.8571,0.462668,car
img_012956.jpg,qre4e62,ore4e62,False,1,0.8571,0.092552,car
img_012957.jpg,qre1i60,ore3160,False,3,0.5714,0.672654,car
img_012960.jpg,qrf8f09,orf8609,False,2,0.7143,0.375170,car
img_012968.jpg,msq5f92,ms05692,False,2,0.7143,0.693825,car
img_012970.jpg,nyf0h73,aye0273,False,3,0.5714,0.060638,car
img_012971.jpg,nyf0h73,nyf0x73,False,1,0.8571,0.159222,car
img_012982.jpg,qre8i54,ore8154,False,2,0.7143,0.815054,car
img_012983.jpg,old2j80,old2380,False,1,0.8571,0.970320,car
img_012986.jpg,old2j80,old2380,False,1,0.8571,0.992292,car
img_012988.jpg,ora9g08,ora9608,False,1,0.8571,0.989566,car
img_012989.jpg,oda0i25,oda0125,False,1,0.8571,0.802974,car
img_012992.jpg,ocw2a98,lcv2498,False,3,0.5714,0.156937,car
img_013001.jpg,lll5h22,lll5422,False,1,0.8571,0.857169,car
img_013003.jpg,msb9b52,ms89852,False,2,0.7143,0.949256,car
img_013011.jpg,qrk4i40,drk4140,False,2,0.7143,0.181541,car
img_013013.jpg,qre1i46,ore3146,False,3,0.5714,0.678912,car
img_013016.jpg,hdh0h56,mom0456,False,4,0.4286,0.335437,car
img_013017.jpg,ppo8g15,ppo8675,False,2,0.7143,0.523235,car
img_013021.jpg,odo8b63,od08863,False,2,0.7143,0.605081,car
img_013022.jpg,mte4e11,mtf4f37,False,4,0.4286,0.262715,car
img_013028.jpg,mrx7i46,mpx7146,False,2,0.7143,0.647579,car
img_013029.jpg,ppe8f16,ppe8636,False,2,0.7143,0.586864,car
img_013033.jpg,qri4j71,ori4771,False,2,0.7143,0.404784,car
img_013041.jpg,ovk5j61,ouk5567,False,3,0.5714,0.427294,car
img_013042.jpg,qrg5b59,wrg5859,False,2,0.7143,0.434422,car
img_013047.jpg,odk6h14,odk6h14,True,0,1.0000,0.167731,car
img_013062.jpg,qrb8j99,or88399,False,3,0.5714,0.753289,car
img_013066.jpg,qrk3f95,ork3695,False,2,0.7143,0.957530,car
img_013073.jpg,qre9d62,ore9062,False,2,0.7143,0.786677,car
img_013075.jpg,mtq7c43,mto7643,False,2,0.7143,0.725274,car
img_013078.jpg,ppw3j64,ppw364,False,1,0.8571,0.789667,car
img_013082.jpg,lqa4d90,loa4096,False,3,0.5714,0.887430,car
img_013100.jpg,qri2d78,orj2078,False,3,0.5714,0.443995,car
img_013102.jpg,qrj3j18,orj7118,False,3,0.5714,0.335241,car
img_013103.jpg,qri9c51,orj2657,False,5,0.2857,0.300011,car
img_013106.jpg,msi8c39,ms18639,False,2,0.7143,0.974832,car
img_013108.jpg,qrf0f90,qre0f90,False,1,0.8571,0.316517,car
img_013112.jpg,qrf8f96,qre8696,False,2,0.7143,0.539992,car
img_013113.jpg,qrk6j14,qrx6344,False,3,0.5714,0.271730,car
img_013126.jpg,ppp1b04,ppp1804,False,1,0.8571,0.487193,car
img_013134.jpg,flx7f62,alx7662,False,2,0.7143,0.806777,car
img_013143.jpg,qre4e43,aregf43,False,3,0.5714,0.276112,car
img_013144.jpg,mtx9c25,mtx9625,False,1,0.8571,0.670404,car
img_013146.jpg,ocw3f50,lcc3600,False,4,0.4286,0.506984,car
img_013147.jpg,qrk2i33,ork2133,False,2,0.7143,0.964908,car
img_013148.jpg,qre6f98,qre6699,False,2,0.7143,0.388961,car
img_013150.jpg,mtx8b86,mtx8886,False,1,0.8571,0.977480,car
img_013153.jpg,qre9a37,ore9437,False,2,0.7143,0.591285,car
img_013156.jpg,mta4h86,mta4886,False,1,0.8571,0.499512,car
img_013157.jpg,odm0j99,eodm399,False,3,0.5714,0.520003,car
img_013168.jpg,odi2d62,odi2062,False,1,0.8571,0.782064,car
img_013178.jpg,epl2j77,epl2377,False,1,0.8571,0.758968,car
img_013180.jpg,odk6f46,odk6466,False,2,0.7143,0.912836,car
img_013182.jpg,ovj9b59,ovj9859,False,1,0.8571,0.932054,car
img_013183.jpg,qrf8f96,orf8696,False,2,0.7143,0.487673,car
img_013193.jpg,mpj4j34,mpj4344,False,2,0.7143,0.514626,car
img_013199.jpg,dml7h99,dml7h99,True,0,1.0000,0.214693,car
img_013209.jpg,ppn2c23,ppm2623,False,2,0.7143,0.598758,car
img_013219.jpg,knw6e36,knw6566,False,2,0.7143,0.309611,car
img_013221.jpg,pps7g04,pps7604,False,1,0.8571,0.980463,car
img_013228.jpg,qrj5g92,orj5692,False,2,0.7143,0.734631,car
img_013229.jpg,ppq8e42,ppo8642,False,2,0.7143,0.621697,car
img_013244.jpg,pkd6f49,pkd6497,False,2,0.7143,0.553808,car
img_013246.jpg,kza3i08,aza3108,False,2,0.7143,0.965471,car
img_013255.jpg,mqy1f17,mov1617,False,3,0.5714,0.671216,car
img_013257.jpg,msb7j14,ms87737,False,4,0.4286,0.505307,car
img_013263.jpg,mqh4j22,mom4222,False,3,0.5714,0.276769,car
img_013265.jpg,ppf2a27,ppf2427,False,1,0.8571,0.993390,car
img_013270.jpg,qnj5b81,onj5887,False,3,0.5714,0.440085,car
img_013272.jpg,mtz7h33,mt27873,False,3,0.5714,0.339137,car
img_013279.jpg,qrf8g17,qrf8677,False,2,0.7143,0.162500,car
img_013281.jpg,qre4e43,orf4f43,False,3,0.5714,0.197440,car
img_013282.jpg,qrg4e18,org4e38,False,2,0.7143,0.264574,car
img_013285.jpg,ocx4f43,ecx4643,False,2,0.7143,0.407326,car
img_013286.jpg,qrf8f09,orf8609,False,2,0.7143,0.494841,car
img_013287.jpg,qre7c42,drf9642,False,4,0.4286,0.177949,car
img_013288.jpg,mqa3d68,moa3068,False,2,0.7143,0.980295,car
img_013289.jpg,aue1b95,aue7805,False,3,0.5714,0.214221,car
img_013290.jpg,qrf8g17,orf8617,False,2,0.7143,0.520610,car
img_013291.jpg,qrf8f96,qre8696,False,2,0.7143,0.271919,car
img_013294.jpg,qrh1h27,orh7527,False,3,0.5714,0.110086,car
img_013299.jpg,qrf8g17,orp8637,False,4,0.4286,0.374638,car
img_013301.jpg,qre4e62,orf4f62,False,3,0.5714,0.253236,car
img_013302.jpg,qrf8f96,qrf8696,False,1,0.8571,0.477586,car
img_013303.jpg,qre4e62,dre4f62,False,2,0.7143,0.260110,car
img_013304.jpg,fag3b35,fag3835,False,1,0.8571,0.989197,car
img_013305.jpg,qrf8f96,orf8696,False,2,0.7143,0.800685,car
img_013306.jpg,qrg2h80,org2480,False,2,0.7143,0.344993,car
img_013308.jpg,qrf8g17,orf8617,False,2,0.7143,0.413596,car
img_013310.jpg,qrf8g17,orf8617,False,2,0.7143,0.488174,car
img_013311.jpg,qre1i46,qre3146,False,2,0.7143,0.888910,car
img_013312.jpg,qre1i46,qre3146,False,2,0.7143,0.682175,car
img_013314.jpg,qre4e62,dre4f62,False,2,0.7143,0.169066,car
img_013315.jpg,qrf7b72,odf7872,False,3,0.5714,0.109611,car
img_013318.jpg,qrk1b36,crk3836,False,3,0.5714,0.381521,car
img_013319.jpg,ppl1h66,ddl5360,False,5,0.2857,0.091553,car
img_013320.jpg,qre4e43,ore4f43,False,2,0.7143,0.289246,car
img_013323.jpg,qrf8f96,qrf8696,False,1,0.8571,0.233959,car
img_013325.jpg,aue1b95,auf3895,False,3,0.5714,0.534327,car
img_013327.jpg,qrf8g68,qrf8668,False,1,0.8571,0.468313,car
img_013328.jpg,qre2d62,qre2067,False,2,0.7143,0.575434,car
img_013329.jpg,qrg6d48,cog6048,False,3,0.5714,0.179299,car
img_013330.jpg,qre6h49,ore6949,False,2,0.7143,0.160887,car
img_013331.jpg,qrf8g17,qre8617,False,2,0.7143,0.211876,car
img_013332.jpg,qrf8g17,orf8612,False,3,0.5714,0.211991,car
img_013333.jpg,qre1i43,qre3143,False,2,0.7143,0.638204,car
img_013334.jpg,qre1i46,ore3146,False,3,0.5714,0.871324,car
img_013335.jpg,aue1b95,auf3805,False,4,0.4286,0.357439,car
img_013337.jpg,qre4e99,dregf99,False,3,0.5714,0.332251,car
img_013338.jpg,qre3h89,ere3489,False,2,0.7143,0.826784,car
img_013343.jpg,qre1i43,gre3143,False,3,0.5714,0.335360,car
img_013346.jpg,qre8f57,ore8657,False,2,0.7143,0.845621,car
img_013347.jpg,qrf8f96,qrf8696,False,1,0.8571,0.538314,car
img_013348.jpg,qre1i40,ore3140,False,3,0.5714,0.798916,car
img_013349.jpg,qre4e43,orege43,False,2,0.7143,0.196561,car
img_013350.jpg,qre4e62,sre4e62,False,1,0.8571,0.425242,car
img_013351.jpg,qre1i46,lre3146,False,3,0.5714,0.202599,car
img_013352.jpg,qre4e62,wre4f81,False,4,0.4286,0.020780,car
img_013353.jpg,qrk3j82,ork3822,False,3,0.5714,0.875738,car
img_013357.jpg,qrf8g17,qrf8677,False,2,0.7143,0.299972,car
img_013360.jpg,mte0d29,mte0229,False,1,0.8571,0.777951,car
img_013361.jpg,qre7c37,qre7c37,True,0,1.0000,0.304569,car
img_013363.jpg,qre4e62,qre4f62,False,1,0.8571,0.765720,car
img_013365.jpg,ocv5g06,ocv5606,False,1,0.8571,0.982428,car
img_013369.jpg,qrf8f87,orf8687,False,2,0.7143,0.914723,car
img_013371.jpg,qre2d62,dre2062,False,2,0.7143,0.413826,car
img_013376.jpg,aue1b95,aue3805,False,3,0.5714,0.652800,car
img_013377.jpg,oyg9e60,ovg2660,False,3,0.5714,0.455231,car
img_013378.jpg,qrg2i01,org2101,False,2,0.7143,0.665755,car
img_013379.jpg,qrg2h80,dpg2880,False,3,0.5714,0.309458,car
img_013380.jpg,qrf8g17,qrf8677,False,2,0.7143,0.430027,car
img_013381.jpg,qre4e62,qre4f62,False,1,0.8571,0.451092,car
img_013382.jpg,qre1i43,ore3143,False,3,0.5714,0.607933,car
img_013383.jpg,qrf8g17,orc8637,False,4,0.4286,0.154427,car
img_013385.jpg,qrj7j93,orj7393,False,2,0.7143,0.476274,car
img_013386.jpg,qre4e62,qre4f62,False,1,0.8571,0.314106,car
img_013387.jpg,fyo2e04,fyo2604,False,1,0.8571,0.670355,car
img_013388.jpg,qre7d72,dre7072,False,2,0.7143,0.544012,car
img_013389.jpg,aue1b95,auf1805,False,3,0.5714,0.842535,car
img_013390.jpg,qrg1i51,org3151,False,3,0.5714,0.733703,car
img_013392.jpg,qrg2h80,org2480,False,2,0.7143,0.308106,car
img_013394.jpg,qrf8g17,orf8617,False,2,0.7143,0.504307,car
img_013395.jpg,qrf8f96,9rf8696,False,2,0.7143,0.236454,car
img_013396.jpg,qrh1h27,orm3227,False,4,0.4286,0.446883,car
img_013397.jpg,qre4e99,qregf99,False,2,0.7143,0.104076,car
img_013398.jpg,qrf6j17,orf6317,False,2,0.7143,0.914575,car
img_013402.jpg,qrf8f96,orf8696,False,2,0.7143,0.821917,car
img_013403.jpg,qrh1h27,orh7227,False,3,0.5714,0.594086,car
img_013407.jpg,dhx8i38,dhx8188,False,2,0.7143,0.560051,car
img_013408.jpg,qrg2h80,drg2480,False,2,0.7143,0.116848,car
img_013409.jpg,qrf8g17,orc8637,False,4,0.4286,0.208332,car
img_013410.jpg,qrf8f96,orf8696,False,2,0.7143,0.561613,car
img_013411.jpg,ive0i07,ive0107,False,1,0.8571,0.978219,car
img_013412.jpg,qre4e62,qre4f62,False,1,0.8571,0.736586,car
img_013413.jpg,qrf6i13,orf6173,False,3,0.5714,0.330714,car
img_013414.jpg,qre8f57,orf8662,False,5,0.2857,0.645336,car
img_013415.jpg,qrg2h80,grg2480,False,2,0.7143,0.131522,car
img_013419.jpg,qrf8g17,qr68637,False,3,0.5714,0.111253,car
img_013420.jpg,qrf8f96,qrf8696,False,1,0.8571,0.477338,car
img_013421.jpg,qre4e43,qre4f43,False,1,0.8571,0.426815,car
img_013423.jpg,qre8f57,ore8657,False,2,0.7143,0.830605,car
img_013424.jpg,ppl1h66,ppl3466,False,2,0.7143,0.734885,car
img_013425.jpg,qre4e62,ore4e62,False,1,0.8571,0.308861,car
img_013426.jpg,qrh7c54,orm7654,False,3,0.5714,0.654622,car
img_013428.jpg,jik9g12,jjik967,False,4,0.4286,0.128199,car
img_013429.jpg,jop4i88,jop4181,False,2,0.7143,0.968215,car
img_013431.jpg,qre4e62,qre4f62,False,1,0.8571,0.414656,car
img_013433.jpg,qrf8g17,orf8617,False,2,0.7143,0.175672,car
img_013434.jpg,ppo2h44,ppo2464,False,2,0.7143,0.496541,car
img_013435.jpg,qre4f49,dre4f49,False,1,0.8571,0.076904,car
img_013436.jpg,qrk3j82,qrk3822,False,2,0.7143,0.336961,car
img_013437.jpg,qre1i41,dre3147,False,4,0.4286,0.364679,car
img_013439.jpg,qrf8g17,cre8617,False,3,0.5714,0.117761,car
img_013441.jpg,qrf8g17,orf8637,False,3,0.5714,0.798004,car
img_013443.jpg,qre4e99,dregf99,False,3,0.5714,0.275518,car
img_013449.jpg,qrf8g17,orf8617,False,2,0.7143,0.188318,car
img_013450.jpg,qre1i40,are3140,False,3,0.5714,0.597276,car
img_013451.jpg,ppl1h66,ppl3466,False,2,0.7143,0.756435,car
img_013452.jpg,qre1i40,ore3140,False,3,0.5714,0.728597,car
img_013457.jpg,qrf8g17,orf8617,False,2,0.7143,0.302707,car
img_013458.jpg,qre1i40,dre3140,False,3,0.5714,0.414113,car
img_013459.jpg,qrk3j82,ork3882,False,2,0.7143,0.445911,car
img_013460.jpg,qre4e43,qre4f43,False,1,0.8571,0.435275,car
img_013464.jpg,qre5h99,dpf5500,False,6,0.1429,0.226895,car
img_013465.jpg,oyf7j88,oyf7388,False,1,0.8571,0.768609,car
img_013466.jpg,qrh1h27,erm1222,False,4,0.4286,0.158521,car
img_013467.jpg,ppj8f18,ppj8638,False,2,0.7143,0.583086,car
img_013469.jpg,qrf8g17,orf8637,False,3,0.5714,0.921492,car
img_013472.jpg,qrf6j36,orf6336,False,2,0.7143,0.941074,car
img_013473.jpg,qrf8g17,orf8637,False,3,0.5714,0.173579,car
img_013474.jpg,qre1i40,qre3140,False,2,0.7143,0.611336,car
img_013476.jpg,qre2d66,dre2066,False,2,0.7143,0.384877,car
img_013477.jpg,odh0e48,odm0484,False,3,0.5714,0.553786,car
img_013480.jpg,qrf8f09,qrf8609,False,1,0.8571,0.510833,car
img_013481.jpg,qrf8g17,orf8617,False,2,0.7143,0.538499,car
img_013482.jpg,qre1i40,ore3140,False,3,0.5714,0.985382,car
img_013483.jpg,qrf8f96,qrf8696,False,1,0.8571,0.706256,car
img_013485.jpg,qre4e48,qre4f48,False,1,0.8571,0.328549,car
img_013486.jpg,qre8f57,qre8657,False,1,0.8571,0.322147,car
img_013488.jpg,qre1i43,ore3143,False,3,0.5714,0.664282,car
img_013490.jpg,qrf8f09,drf8609,False,2,0.7143,0.680951,car
img_013491.jpg,qre1i40,qre3140,False,2,0.7143,0.646418,car
img_013492.jpg,ppl1h66,ppl3466,False,2,0.7143,0.650310,car
img_013494.jpg,qre1i40,are3140,False,3,0.5714,0.967472,car
img_013496.jpg,fur9c33,fup9c33,False,1,0.8571,0.271167,car
img_013499.jpg,qre1i41,dre3147,False,4,0.4286,0.335788,car
img_013503.jpg,qre1i38,qre3138,False,2,0.7143,0.435109,car
img_013504.jpg,qrf8f09,qrf8609,False,1,0.8571,0.236203,car
img_013506.jpg,qre4e43,cre4f43,False,2,0.7143,0.200701,car
img_013507.jpg,qre4i08,cre4108,False,2,0.7143,0.914856,car
img_013508.jpg,ppl1h66,ppl3466,False,2,0.7143,0.902583,car
img_013509.jpg,qrf8f87,qrf8687,False,1,0.8571,0.592094,car
img_013510.jpg,qre4e99,qre4f99,False,1,0.8571,0.486900,car
img_013511.jpg,qrf8f09,orf8609,False,2,0.7143,0.551583,car
img_013512.jpg,qre4e62,aregf62,False,3,0.5714,0.153126,car
img_013513.jpg,qrk4c44,ork4644,False,2,0.7143,0.494832,car
img_013514.jpg,mtb7h83,mt87983,False,2,0.7143,0.419906,car
img_013516.jpg,oyh8a35,ovm8435,False,3,0.5714,0.628469,car
img_013518.jpg,ppt9e93,ppt9e93,True,0,1.0000,0.716608,car
img_013519.jpg,qrk3j82,ork3822,False,3,0.5714,0.553651,car
img_013520.jpg,qrg2h80,yr62480,False,3,0.5714,0.176847,car
img_013524.jpg,qrh1h27,orm1227,False,3,0.5714,0.575963,car
img_013532.jpg,qrk1b04,qrk3804,False,2,0.7143,0.745883,car
img_013533.jpg,qre1i43,ore3143,False,3,0.5714,0.859114,car
img_013535.jpg,qre7d75,qre7075,False,1,0.8571,0.876979,car
img_013536.jpg,qrf8g68,qrf8668,False,1,0.8571,0.248998,car
img_013537.jpg,qrf8f09,drf8609,False,2,0.7143,0.784428,car
img_013539.jpg,qre4e48,qre4f48,False,1,0.8571,0.559608,car
img_013542.jpg,qre1i40,ore3140,False,3,0.5714,0.904308,car
img_013543.jpg,qre7i36,qre7136,False,1,0.8571,0.480393,car
img_013544.jpg,qrf8f96,9rf8696,False,2,0.7143,0.287555,car
img_013545.jpg,qrf6i13,orf6173,False,3,0.5714,0.214682,car
img_013546.jpg,qrg0d06,qrg0006,False,1,0.8571,0.542135,car
img_013547.jpg,qre0f26,ore0f26,False,1,0.8571,0.584094,car
img_013549.jpg,qre4e43,orfgf43,False,4,0.4286,0.173271,car
img_013550.jpg,qre4e62,ore4e62,False,1,0.8571,0.347681,car
img_013552.jpg,qrk8e32,ork8632,False,2,0.7143,0.803875,car
img_013553.jpg,pps6d77,pps6077,False,1,0.8571,0.599317,car
img_013555.jpg,qre4f51,qre4657,False,2,0.7143,0.202396,car
img_013556.jpg,qrh1h27,orm7427,False,4,0.4286,0.263375,car
img_013557.jpg,mtt8f14,mtt8674,False,2,0.7143,0.562251,car
img_013558.jpg,qrh1h27,drh7422,False,4,0.4286,0.077638,car
img_013561.jpg,qrf8f96,qrf8696,False,1,0.8571,0.534870,car
img_013564.jpg,qrf8g09,qrf8609,False,1,0.8571,0.740940,car
img_013565.jpg,nya7a87,aya7487,False,2,0.7143,0.847085,car
img_013567.jpg,qrf8f14,qrf8674,False,2,0.7143,0.149552,car
img_013568.jpg,qre4e62,qre4f62,False,1,0.8571,0.304084,car
img_013569.jpg,qre7c42,qre7c42,True,0,1.0000,0.358972,car
img_013571.jpg,qre6f01,ore6e07,False,3,0.5714,0.341844,car
img_013573.jpg,fag3b35,fag3835,False,1,0.8571,0.846283,car
img_013575.jpg,qrj1h35,dr31435,False,3,0.5714,0.193872,car
img_013578.jpg,ppl1h66,ppl3466,False,2,0.7143,0.405565,car
img_013580.jpg,qre6f01,ore6001,False,2,0.7143,0.174927,car
img_013581.jpg,qre1i40,ore3140,False,3,0.5714,0.448630,car
img_013584.jpg,qre7d75,qre7075,False,1,0.8571,0.570823,car
img_013587.jpg,qre1i40,ore3140,False,3,0.5714,0.937163,car
img_013588.jpg,qre4f51,ore4651,False,2,0.7143,0.300612,car
img_013590.jpg,qre4e62,qre4f62,False,1,0.8571,0.525753,car
img_013591.jpg,qrh1h27,orm7277,False,5,0.2857,0.201556,car
img_013593.jpg,qre4e62,dre4f62,False,2,0.7143,0.193232,car
img_013594.jpg,qrj1h35,orj1235,False,2,0.7143,0.095990,car
img_013598.jpg,qrh1h27,orh7227,False,3,0.5714,0.177364,car
img_013599.jpg,qre3d06,ore3206,False,2,0.7143,0.412864,car
img_013601.jpg,qre4e62,ore4e62,False,1,0.8571,0.272403,car
img_013603.jpg,qre4f51,qre4651,False,1,0.8571,0.162493,car
img_013604.jpg,ppl1h66,ppl3466,False,2,0.7143,0.908776,car
img_013605.jpg,qre1i22,qre3122,False,2,0.7143,0.386356,car
img_013606.jpg,qrj1h35,orj1435,False,2,0.7143,0.397024,car
img_013610.jpg,fjp1a52,fjp7452,False,2,0.7143,0.926245,car
img_013611.jpg,qre7d75,qre7075,False,1,0.8571,0.952724,car
img_013614.jpg,oda2c25,oda2c22,False,1,0.8571,0.652179,car
img_013617.jpg,ovl7h12,wou2781,False,5,0.2857,0.200362,car
img_013620.jpg,qre7c37,ore7337,False,2,0.7143,0.268181,car
img_013622.jpg,qrf8g60,qre8660,False,2,0.7143,0.378225,car
img_013623.jpg,qre1i40,qre3140,False,2,0.7143,0.518802,car
img_013627.jpg,qrf8f96,orf8696,False,2,0.7143,0.566306,car
img_013628.jpg,ppl1h66,ppl3466,False,2,0.7143,0.873762,car
img_013630.jpg,qre4d82,ore4082,False,2,0.7143,0.334520,car
img_013631.jpg,qri0e80,qri0f80,False,1,0.8571,0.165249,car
img_013634.jpg,qrh1h69,drm7469,False,4,0.4286,0.275962,car
img_013642.jpg,qre4f51,ore4657,False,3,0.5714,0.213304,car
img_013645.jpg,qre4e62,ore4f62,False,2,0.7143,0.396897,car
img_013648.jpg,qre1i40,qre3140,False,2,0.7143,0.557867,car
img_013649.jpg,qrk8e32,ork8632,False,2,0.7143,0.478382,car
img_013651.jpg,qrf7b75,qrf7675,False,1,0.8571,0.705377,car
img_013653.jpg,qrf8f96,qrf8696,False,1,0.8571,0.650808,car
img_013655.jpg,qrh7c06,erm2606,False,4,0.4286,0.809504,car
img_013657.jpg,ppr4f54,ppr4f54,True,0,1.0000,0.870613,car
img_013658.jpg,ppl1h66,ppl3466,False,2,0.7143,0.902342,car
img_013660.jpg,ppl1h66,ppl7466,False,2,0.7143,0.644354,car
img_013661.jpg,qre4f51,qre4651,False,1,0.8571,0.312993,car
img_013662.jpg,ppl1h66,ppl3466,False,2,0.7143,0.621324,car
img_013666.jpg,qre7d75,qre7075,False,1,0.8571,0.855308,car
img_013670.jpg,qre4f51,orf4651,False,3,0.5714,0.158626,car
img_013675.jpg,qre4e77,dre4f77,False,2,0.7143,0.100482,car
img_013676.jpg,qre2a11,ore2417,False,3,0.5714,0.162832,car
img_013681.jpg,qrf8f96,qrf8696,False,1,0.8571,0.522315,car
img_013684.jpg,qre4f51,ore4557,False,3,0.5714,0.422352,car
img_013685.jpg,qre8f57,ore8652,False,3,0.5714,0.466859,car
img_013686.jpg,ppl1h66,ppl3466,False,2,0.7143,0.775107,car
img_013687.jpg,ppl1h66,ppl3466,False,2,0.7143,0.763399,car
img_013688.jpg,ppl1h66,ppl3666,False,2,0.7143,0.389263,car
img_013689.jpg,ppl1h66,ppl3466,False,2,0.7143,0.787144,car
img_013690.jpg,qrg2h80,drg2480,False,2,0.7143,0.421060,car
img_013691.jpg,qrh7c82,orm7622,False,4,0.4286,0.217065,car
img_013694.jpg,qrf8f96,orf8696,False,2,0.7143,0.489885,car
img_013695.jpg,qre4f51,qre4651,False,1,0.8571,0.198162,car
img_013700.jpg,qre8f57,qre8657,False,1,0.8571,0.415334,car
img_013701.jpg,odg8d31,odg8037,False,2,0.7143,0.943047,car
img_013702.jpg,ppl1h66,ppl3466,False,2,0.7143,0.680519,car
img_013707.jpg,qrg2h80,org2880,False,2,0.7143,0.459656,car
img_013709.jpg,qrh7c54,orh7654,False,2,0.7143,0.267072,car
img_013710.jpg,mtk0c61,mtsc67,False,3,0.5714,0.319556,car
img_013711.jpg,ppl1h66,ppl3466,False,2,0.7143,0.579805,car
img_013712.jpg,ppl1h66,ppl3466,False,2,0.7143,0.782656,car
img_013714.jpg,ppl1h66,ppl3466,False,2,0.7143,0.819537,car
img_013715.jpg,qrh7c06,erm2606,False,4,0.4286,0.233404,car
img_013716.jpg,qrg2h80,drg2480,False,2,0.7143,0.426139,car
img_013717.jpg,ppl1h66,ppl7466,False,2,0.7143,0.326650,car
img_013718.jpg,msv6c10,msv6636,False,3,0.5714,0.444447,car
img_013725.jpg,qre4d82,ore4882,False,2,0.7143,0.521466,car
img_013726.jpg,qre1i40,qre3140,False,2,0.7143,0.425770,car
img_013727.jpg,qrm4i57,orm4157,False,2,0.7143,0.849634,car
img_013728.jpg,rba6d37,rba6037,False,1,0.8571,0.758142,car
img_013729.jpg,qrh1h27,qrm7227,False,3,0.5714,0.244546,car
img_013730.jpg,qre1i40,ore3140,False,3,0.5714,0.950277,car
img_013731.jpg,qre1i38,qre3138,False,2,0.7143,0.599106,car
img_013734.jpg,msc4g65,xtold88,False,7,0.0000,0.001673,car
img_013736.jpg,msy3j35,msy3355,False,2,0.7143,0.946666,car
img_013737.jpg,qrk3j82,ork3822,False,3,0.5714,0.638591,car
img_013738.jpg,qrf8f87,orf8687,False,2,0.7143,0.925683,car
img_013740.jpg,qre1i38,ore3138,False,3,0.5714,0.553095,car
img_013741.jpg,qrm4i57,orm4157,False,2,0.7143,0.754823,car
img_013743.jpg,pal9f76,pal9676,False,1,0.8571,0.979282,car
img_013745.jpg,qrh2f51,orm2651,False,3,0.5714,0.454019,car
img_013746.jpg,fyo2e04,fyo2604,False,1,0.8571,0.893308,car
img_013750.jpg,mtq7c43,mto7643,False,2,0.7143,0.260749,car
img_013751.jpg,rba6d37,rba6037,False,1,0.8571,0.680407,car
img_013752.jpg,rba6c23,rba6023,False,1,0.8571,0.357539,car
img_013753.jpg,rba5h41,rba5m47,False,2,0.7143,0.343141,car
img_013760.jpg,fou3i88,lfu3188,False,3,0.5714,0.436531,car
img_013764.jpg,qrh1h27,orm7227,False,4,0.4286,0.413283,car
img_013766.jpg,jnz2e59,jmz2659,False,2,0.7143,0.289247,car
img_013767.jpg,qrg2h80,drg2480,False,2,0.7143,0.182577,car
img_013768.jpg,qrm4i57,orm4157,False,2,0.7143,0.709445,car
img_013769.jpg,rba6d37,rba6037,False,1,0.8571,0.931320,car
img_013771.jpg,rba6c23,rba6223,False,1,0.8571,0.359987,car
img_013774.jpg,rba5a58,rba5458,False,1,0.8571,0.596726,car
img_013775.jpg,rba5d40,rba5040,False,1,0.8571,0.944117,car
img_013776.jpg,qrf8f87,drf8687,False,2,0.7143,0.193200,car
img_013777.jpg,qrm2a66,orm2466,False,2,0.7143,0.430549,car
img_013780.jpg,qre4d82,dre4082,False,2,0.7143,0.443990,car
img_013782.jpg,qrh2f51,orm2651,False,3,0.5714,0.357445,car
img_013783.jpg,qrm4i57,orm4157,False,2,0.7143,0.937680,car
img_013784.jpg,oyg9e60,oyg9660,False,1,0.8571,0.771580,car
img_013785.jpg,mpz2a30,mpz2430,False,1,0.8571,0.924638,car
img_013788.jpg,mtd0j22,mtd3222,False,2,0.7143,0.558216,car
img_013791.jpg,qre4d82,ore4822,False,3,0.5714,0.759158,car
img_013792.jpg,qrm4i57,orm4157,False,2,0.7143,0.550056,car
img_013793.jpg,rba6d37,rba6037,False,1,0.8571,0.883323,car
img_013796.jpg,ppy2c39,ppyc539,False,2,0.7143,0.273206,car
img_013798.jpg,qrf8f46,orf8646,False,2,0.7143,0.521885,car
img_013799.jpg,qre4f49,qre4f49,True,0,1.0000,0.097478,car
img_013800.jpg,qre1i41,dre7144,False,4,0.4286,0.232395,car
img_013803.jpg,qrk3j82,drk3882,False,2,0.7143,0.184681,car
img_013805.jpg,qre1i40,ore1440,False,2,0.7143,0.696005,car
img_013806.jpg,qrm4i57,orm4157,False,2,0.7143,0.987985,car
img_013807.jpg,rba6d37,rba6037,False,1,0.8571,0.928788,car
img_013809.jpg,qre7i36,qre7136,False,1,0.8571,0.564096,car
img_013810.jpg,rba5h21,rba5m21,False,1,0.8571,0.107561,car
img_013811.jpg,qre1i41,qre3143,False,3,0.5714,0.439471,car
img_013812.jpg,qrg4e18,drg4e38,False,2,0.7143,0.123930,car
img_013818.jpg,qrm4i57,orm4157,False,2,0.7143,0.934425,car
img_013820.jpg,rba6d37,rba6037,False,1,0.8571,0.644882,car
img_013825.jpg,oye8i28,cye8188,False,3,0.5714,0.179567,car
img_013827.jpg,qre2a11,ore2477,False,4,0.4286,0.714438,car
img_013828.jpg,qre2a11,ore2433,False,4,0.4286,0.227084,car
img_013829.jpg,qre8e70,ore8670,False,2,0.7143,0.848071,car
img_013833.jpg,qre0e61,ore9667,False,4,0.4286,0.384760,car
img_013834.jpg,qre7b35,ore7835,False,2,0.7143,0.970540,car
img_013835.jpg,qre2a11,qre2477,False,3,0.5714,0.370957,car
img_013837.jpg,ppm7g93,fpm7693,False,2,0.7143,0.619622,car
img_013838.jpg,qre6b82,drf6822,False,4,0.4286,0.404995,car
img_013839.jpg,ppm7g93,ppm7693,False,1,0.8571,0.530623,car
img_013841.jpg,fou3i88,eou3181,False,3,0.5714,0.207619,car
img_013842.jpg,qrf8f09,crf8609,False,2,0.7143,0.492308,car
img_013844.jpg,fyo2e04,fyo2604,False,1,0.8571,0.712341,car
img_013845.jpg,ppm7g93,ppm7693,False,1,0.8571,0.888933,car
img_013846.jpg,ppm7g93,fpm7693,False,2,0.7143,0.682629,car
img_013848.jpg,ppm7g93,fpm7693,False,2,0.7143,0.625959,car
img_013850.jpg,oyj7i19,ov37199,False,4,0.4286,0.328066,car
img_013852.jpg,qrj7e99,orj7e99,False,1,0.8571,0.509584,car
img_013854.jpg,qrf3d01,orf3007,False,3,0.5714,0.647725,car
img_013855.jpg,odk8e12,odk8632,False,2,0.7143,0.503855,car
img_013858.jpg,odq6d04,cod6604,False,3,0.5714,0.816531,car
img_013859.jpg,ppo8f18,ppo8638,False,2,0.7143,0.880602,car
img_013860.jpg,aze3g20,aze3600,False,2,0.7143,0.511640,car
img_013861.jpg,ppe8j60,ppe8760,False,1,0.8571,0.786525,car
img_013862.jpg,qrh2i50,orm2150,False,3,0.5714,0.976461,car
img_013866.jpg,msw0i16,msw0156,False,2,0.7143,0.134788,car
img_013870.jpg,ovf4g35,ouf4635,False,2,0.7143,0.538608,car
img_013873.jpg,qrj1h35,orj1935,False,2,0.7143,0.248135,car
img_013875.jpg,qns7e99,ons7e99,False,1,0.8571,0.911800,car
img_013879.jpg,msw7i95,msw7155,False,2,0.7143,0.951087,car
img_013882.jpg,msh1i00,msp3100,False,3,0.5714,0.299833,car
img_013887.jpg,onb1g02,onb1602,False,1,0.8571,0.304838,car
img_013890.jpg,ppa1c19,paa5639,False,4,0.4286,0.108660,car
img_013894.jpg,ppu0g82,ppu0682,False,1,0.8571,0.665918,car
img_013899.jpg,kvg4j02,avg4302,False,2,0.7143,0.927518,car
img_013910.jpg,qri3f46,or1346,False,3,0.5714,0.147292,car
img_013918.jpg,odc8h88,odc8588,False,1,0.8571,0.385881,car
img_013920.jpg,odf4a46,odf4446,False,1,0.8571,0.262920,car
img_013921.jpg,ocv5c77,ocv5677,False,1,0.8571,0.477853,car
img_013938.jpg,lrp7d62,lrp7062,False,1,0.8571,0.868380,car
img_013940.jpg,mrn3a72,mrn3472,False,1,0.8571,0.872212,car
img_013941.jpg,plp6b74,plp6874,False,1,0.8571,0.994634,car
img_013942.jpg,omb7a18,omb7418,False,1,0.8571,0.623712,car
img_013945.jpg,qrf7j44,orf7444,False,2,0.7143,0.235848,car
img_013949.jpg,qrg5b76,org5876,False,2,0.7143,0.719490,car
img_013950.jpg,ppw3f03,ppw3003,False,1,0.8571,0.474972,car
img_013954.jpg,qrf4g15,orf4615,False,2,0.7143,0.873491,car
img_013958.jpg,mrs1a56,mrs3456,False,2,0.7143,0.450310,car
img_013960.jpg,kac6b94,aac6894,False,2,0.7143,0.809326,car
img_013967.jpg,qrl4g82,orl4682,False,2,0.7143,0.906635,car
img_013980.jpg,oyh5h63,ovm5463,False,3,0.5714,0.321362,car
img_013991.jpg,ppm0e23,ppme223,False,2,0.7143,0.168775,car
img_013992.jpg,qrd5a25,ord5225,False,2,0.7143,0.810811,car
img_013993.jpg,ohq4f16,omo4f36,False,3,0.5714,0.310443,car
img_014003.jpg,qrj8d68,orj8068,False,2,0.7143,0.716572,car
img_014004.jpg,qrl2j59,opl2559,False,3,0.5714,0.652083,car
img_014008.jpg,pph7b56,pph7856,False,1,0.8571,0.996807,car
img_014013.jpg,qrj1h35,or31935,False,3,0.5714,0.156545,car
img_014014.jpg,lmo8a28,amo8428,False,2,0.7143,0.916919,car
img_014028.jpg,ovh6j60,ovm6300,False,3,0.5714,0.841873,car
img_014031.jpg,qrj8d08,orj8008,False,2,0.7143,0.846036,car
img_014033.jpg,lrs5f30,lrs5630,False,1,0.8571,0.784688,car
img_014039.jpg,oyf8c78,ovf8678,False,2,0.7143,0.196396,car
img_014050.jpg,qrk0h34,ork0334,False,2,0.7143,0.318871,car
img_014058.jpg,ppk7j67,ppk7367,False,1,0.8571,0.994926,car
img_014070.jpg,ovl9g16,ovl9636,False,2,0.7143,0.568898,car
img_014072.jpg,qrf3d01,orf3001,False,2,0.7143,0.672094,car
img_014076.jpg,lmr2i16,lmr2136,False,2,0.7143,0.395938,car
img_014078.jpg,pxc8e44,pxc8f44,False,1,0.8571,0.544808,car
img_014080.jpg,mtb0c04,mt80604,False,2,0.7143,0.765539,car
img_014087.jpg,mqx6a27,mox6227,False,2,0.7143,0.861930,car
img_014089.jpg,mts2c82,mts2682,False,1,0.8571,0.986179,car
img_014098.jpg,mtm8c60,mtm8660,False,1,0.8571,0.830476,car
img_014099.jpg,mty2g82,mty2682,False,1,0.8571,0.992777,car
img_014102.jpg,mrd8c79,mro8c79,False,1,0.8571,0.227111,car
img_014103.jpg,qok1c00,ook3600,False,3,0.5714,0.483710,car
img_014104.jpg,msh1i00,msh3100,False,2,0.7143,0.244182,car
img_014108.jpg,qrk3f76,ork3676,False,2,0.7143,0.727382,car
img_014117.jpg,qre9g67,ore9667,False,2,0.7143,0.894295,car
img_014124.jpg,qrg2b77,org2877,False,2,0.7143,0.876928,car
img_014126.jpg,gye6h00,gye6400,False,1,0.8571,0.399585,car
img_014129.jpg,odp6a33,oop6433,False,2,0.7143,0.453474,car
img_014134.jpg,qns7e99,ons7e99,False,1,0.8571,0.915035,car
img_014152.jpg,ppr5h48,ppr5448,False,1,0.8571,0.353634,car
img_014164.jpg,msw0i16,msw036,False,2,0.7143,0.850475,car
img_014175.jpg,ppc8f63,ppc8663,False,1,0.8571,0.736197,car
img_014177.jpg,qov5a73,oov5473,False,2,0.7143,0.703531,car
img_014184.jpg,qrk9f12,ork9632,False,3,0.5714,0.303335,car
img_014188.jpg,qrk8e84,ork8684,False,2,0.7143,0.766869,car
img_014192.jpg,qrk1h98,ork7499,False,4,0.4286,0.635986,car
img_014194.jpg,mra8f55,mra8655,False,1,0.8571,0.805017,car
img_014196.jpg,kny7j93,kny7393,False,1,0.8571,0.970752,car
img_014205.jpg,mqw7e76,mow7676,False,2,0.7143,0.529104,car
img_014212.jpg,mta6c01,mta6007,False,2,0.7143,0.228460,car
img_014214.jpg,qrg4c05,org4005,False,2,0.7143,0.482901,car
img_014215.jpg,qrj9d48,orj9048,False,2,0.7143,0.972921,car
img_014225.jpg,rio1j55,ri01355,False,2,0.7143,0.513004,car
img_014226.jpg,avy0i24,avy0224,False,1,0.8571,0.930104,car
img_014227.jpg,msv3g83,msv3633,False,2,0.7143,0.315967,car
img_014228.jpg,lud6g99,lud6999,False,1,0.8571,0.859719,car
img_014250.jpg,daj2g64,daj2664,False,1,0.8571,0.999108,car
img_014251.jpg,mtt3d76,mtt3076,False,1,0.8571,0.934559,car
img_014255.jpg,mtm0b01,mtm0803,False,2,0.7143,0.652909,car
img_014262.jpg,qre9a37,ore9a37,False,1,0.8571,0.366201,car
img_014277.jpg,odf1j83,odf3883,False,2,0.7143,0.549500,car
img_014279.jpg,baz2e27,baz2627,False,1,0.8571,0.800169,car
img_014280.jpg,qok1c00,ook1600,False,2,0.7143,0.297935,car
img_014281.jpg,ppw7d46,pph7066,False,3,0.5714,0.459780,car
img_014283.jpg,qrk7i04,ork7104,False,2,0.7143,0.990232,car
img_014284.jpg,lnx6c16,lnx6616,False,1,0.8571,0.152819,car
img_014285.jpg,qre9g67,ore9667,False,2,0.7143,0.980266,car
img_014288.jpg,qrf7e70,orf7e70,False,1,0.8571,0.355352,car
img_014289.jpg,lrz4c98,lrz4698,False,1,0.8571,0.468853,car
img_014290.jpg,awh4f80,awh4800,False,2,0.7143,0.978337,car
img_014303.jpg,odf3j43,odf3343,False,1,0.8571,0.319558,car
img_014304.jpg,qri3f73,wr13673,False,3,0.5714,0.239671,car
img_014305.jpg,npk0a72,npk0722,False,2,0.7143,0.711305,car
img_014316.jpg,qri7c39,ori7c33,False,2,0.7143,0.574621,car
img_014321.jpg,hdv3h51,pov3552,False,4,0.4286,0.041559,car
img_014326.jpg,odc1h18,odc3m18,False,2,0.7143,0.181592,car
img_014327.jpg,mqt5d07,mot5007,False,2,0.7143,0.975302,car
img_014329.jpg,ppf9b73,ppf9873,False,1,0.8571,0.949664,car
img_014334.jpg,mpb3f79,mpb3679,False,1,0.8571,0.808503,car
img_014337.jpg,qri3f46,cr13466,False,4,0.4286,0.588413,car
img_014338.jpg,qog0b71,doo6087,False,5,0.2857,0.240342,car
img_014341.jpg,oyd2d20,ovd2020,False,2,0.7143,0.591101,car
img_014346.jpg,ovj2h68,ovj2468,False,1,0.8571,0.573643,car
img_014351.jpg,odi4i78,eod1478,False,3,0.5714,0.697065,car
img_014352.jpg,lll5h22,lll5422,False,1,0.8571,0.622440,car
img_014353.jpg,ppl7a05,ppl7405,False,1,0.8571,0.429550,car
img_014356.jpg,ppj6h93,ppj6m93,False,1,0.8571,0.556244,car
img_014364.jpg,mtw5b82,mtw5822,False,2,0.7143,0.742187,car
img_014365.jpg,mrs2h47,mrs2447,False,1,0.8571,0.738364,car
img_014371.jpg,ppo0h05,ppo0k05,False,1,0.8571,0.239154,car
img_014372.jpg,ppu7e16,ppu7e36,False,1,0.8571,0.704389,car
img_014389.jpg,oxk5j38,oxk5338,False,1,0.8571,0.971593,car
img_014401.jpg,ezm5j88,ezm5388,False,1,0.8571,0.778425,car
img_014403.jpg,ppy2f07,ppy2607,False,1,0.8571,0.958510,car
img_014405.jpg,mqf0f99,mof0f99,False,1,0.8571,0.431546,car
img_014407.jpg,qrk9j23,ork9323,False,2,0.7143,0.986236,car
img_014408.jpg,qre0i30,ore0130,False,2,0.7143,0.422477,car
img_014418.jpg,ovl9b72,wvl9872,False,2,0.7143,0.321231,car
img_014424.jpg,ouj1d89,ouj1089,False,1,0.8571,0.278240,car
img_014429.jpg,olv4c31,olv4637,False,2,0.7143,0.131024,car
img_014437.jpg,qre7b35,ore7835,False,2,0.7143,0.654748,car
img_014438.jpg,qrl7e25,orl7e25,False,1,0.8571,0.777056,car
img_014450.jpg,msw0i16,msw0136,False,2,0.7143,0.148257,car
img_014456.jpg,mtp1c03,mtpc003,False,2,0.7143,0.507997,car
img_014459.jpg,oyi3a75,dv13475,False,4,0.4286,0.182913,car
img_014464.jpg,ppe6e95,ppe6695,False,1,0.8571,0.341018,car
img_014467.jpg,mtd7a37,mtd7437,False,1,0.8571,0.901410,car
img_014468.jpg,mtm3j73,mtm3773,False,1,0.8571,0.891980,car
img_014471.jpg,qrl4i35,orl4135,False,2,0.7143,0.980286,car
img_014476.jpg,mqf9a53,mof9453,False,2,0.7143,0.924363,car
img_014479.jpg,ppj6h93,ppj6m93,False,1,0.8571,0.341952,car
img_014481.jpg,oyf7e10,oyf7630,False,2,0.7143,0.151547,car
img_014488.jpg,kpz1e13,kpz1613,False,1,0.8571,0.396753,car
img_014492.jpg,qri3d47,cr13047,False,3,0.5714,0.292040,car
img_014499.jpg,aam4a05,aam4055,False,2,0.7143,0.866706,car
img_014503.jpg,hmv1d80,bmv3080,False,3,0.5714,0.310034,car
img_014519.jpg,ppa1c19,pa3c319,False,3,0.5714,0.211183,car
img_014520.jpg,msy5g35,msv5635,False,2,0.7143,0.898841,car
img_014521.jpg,gqh4c51,gok4653,False,4,0.4286,0.113177,car
img_014522.jpg,qrf5i00,drf5100,False,2,0.7143,0.869494,car
img_014528.jpg,mqf1c61,mo63667,False,5,0.2857,0.482095,car
img_014532.jpg,nvi0i99,nvi0199,False,1,0.8571,0.522753,car
img_014536.jpg,dmq1g17,dmo3617,False,3,0.5714,0.763215,car
img_014542.jpg,qrg5i88,org5188,False,2,0.7143,0.983276,car
img_014547.jpg,lcs6f35,lcs655,False,2,0.7143,0.907438,car
img_014548.jpg,eto5b55,eto5855,False,1,0.8571,0.832927,car
img_014573.jpg,olf2g88,olf2688,False,1,0.8571,0.527505,car
img_014577.jpg,ovi8g89,evi8689,False,2,0.7143,0.235342,car
img_014585.jpg,qrb2c68,orb2668,False,2,0.7143,0.937570,car
img_014594.jpg,qrl6i99,orl6199,False,2,0.7143,0.975240,car
img_014597.jpg,ovl9b72,ovl9872,False,1,0.8571,0.415153,car
img_014603.jpg,ppr6f73,ppr6673,False,1,0.8571,0.780568,car
img_014606.jpg,odc8h88,odc8588,False,1,0.8571,0.277000,car
img_014607.jpg,qns4h47,qns4447,False,1,0.8571,0.241104,car
img_014608.jpg,opt4d26,opt4266,False,2,0.7143,0.682755,car
img_014611.jpg,ppj6c44,ppj6444,False,1,0.8571,0.681793,car
img_014614.jpg,qri2a85,ori2485,False,2,0.7143,0.400081,car
img_014619.jpg,ppo4b00,ppo4800,False,1,0.8571,0.890450,car
img_014621.jpg,qrg9d56,org9056,False,2,0.7143,0.934466,car
img_014623.jpg,qrf4h05,orf4105,False,2,0.7143,0.225184,car
img_014624.jpg,gks7d42,gks7042,False,1,0.8571,0.965696,car
img_014628.jpg,msy7c03,msy7603,False,1,0.8571,0.819195,car
img_014631.jpg,qrk7b48,ork7848,False,2,0.7143,0.957231,car
img_014634.jpg,qrf5d92,orf5092,False,2,0.7143,0.796764,car
img_014636.jpg,ocy4g48,ocy4648,False,1,0.8571,0.996342,car
img_014638.jpg,lmr0d66,lmr0660,False,2,0.7143,0.378031,car
img_014654.jpg,lls8a92,lls8492,False,1,0.8571,0.239024,car
img_014656.jpg,mqg7i26,mog7126,False,2,0.7143,0.954757,car
img_014668.jpg,mtd4j94,mtd4394,False,1,0.8571,0.953136,car
img_014670.jpg,mtx9c25,mtx0625,False,2,0.7143,0.251389,car
img_014671.jpg,mrr5d60,mrr5060,False,1,0.8571,0.675951,car
img_014674.jpg,mtt3g89,mtt3689,False,1,0.8571,0.961604,car
img_014684.jpg,qrl4i57,orl4157,False,2,0.7143,0.992501,car
img_014687.jpg,odp6j15,odp6315,False,1,0.8571,0.995192,car
img_014697.jpg,odj0h28,coj0228,False,3,0.5714,0.236966,car
img_014703.jpg,ppp4c93,ppp4993,False,1,0.8571,0.628946,car
img_014717.jpg,pph2a51,pph2457,False,2,0.7143,0.840747,car
img_014721.jpg,mss0a46,mss0460,False,2,0.7143,0.488542,car
img_014723.jpg,pps8g99,pps8699,False,1,0.8571,0.908692,car
img_014724.jpg,qrk1i61,ork3167,False,4,0.4286,0.624386,car
img_014738.jpg,aoh6i15,aom615,False,2,0.7143,0.775932,car
img_014748.jpg,mrs1a15,mrs3475,False,3,0.5714,0.450041,car
img_014751.jpg,msd7g13,msd763,False,2,0.7143,0.970007,car
img_014754.jpg,ppq8i78,ppo8178,False,2,0.7143,0.919855,car
img_014757.jpg,oyg5f74,ovg564,False,3,0.5714,0.719893,car
img_014760.jpg,ppq1h11,ppo3m37,False,5,0.2857,0.380092,car
img_014761.jpg,qns7e99,ons7e99,False,1,0.8571,0.767220,car
img_014763.jpg,eet3e28,eft3f28,False,2,0.7143,0.100326,car
img_014770.jpg,oyi3d08,ov13008,False,3,0.5714,0.947736,car
img_014776.jpg,odk3c29,odk3c22,False,1,0.8571,0.626774,car
img_014779.jpg,ppv3i96,ppu3196,False,2,0.7143,0.971360,car
img_014781.jpg,epn6e03,epn6603,False,1,0.8571,0.831950,car
img_014785.jpg,qnh6j59,onm6359,False,3,0.5714,0.661539,car
img_014786.jpg,ppi7a68,pp17668,False,2,0.7143,0.361893,car
img_014787.jpg,mqv6b38,mov6838,False,2,0.7143,0.983915,car
img_014790.jpg,mtc8c45,mtc8455,False,2,0.7143,0.939916,car
img_014794.jpg,kxt8h52,kxt8m52,False,1,0.8571,0.865331,car
img_014796.jpg,mlf1h71,mlf3477,False,3,0.5714,0.571103,car
img_014797.jpg,ppt6d95,ppt6095,False,1,0.8571,0.797827,car
img_014832.jpg,kzt5d91,kzt5001,False,2,0.7143,0.595562,car
img_014833.jpg,mrk7a18,mrk7478,False,2,0.7143,0.965737,car
img_014840.jpg,mpt3e27,mpt3e27,True,0,1.0000,0.928532,car
img_014845.jpg,qrf7f78,qrf7678,False,1,0.8571,0.382324,car
img_014847.jpg,qdm1a62,ddm3462,False,3,0.5714,0.254220,car
img_014850.jpg,kyi8i45,ky18155,False,3,0.5714,0.674736,car
img_014855.jpg,ppc2h15,ppc2415,False,1,0.8571,0.445839,car
img_014856.jpg,ppf9b73,ppf9873,False,1,0.8571,0.527647,car
img_014861.jpg,ppo3h68,ppo3668,False,1,0.8571,0.279284,car
img_014865.jpg,oye1c51,cyvf355,False,5,0.2857,0.182921,car
img_014873.jpg,ppl1j32,ppl3332,False,2,0.7143,0.858956,car
img_014874.jpg,qrf7b72,qrf7872,False,1,0.8571,0.544132,car
img_014889.jpg,odh3f45,wod365,False,4,0.4286,0.228562,car
img_014895.jpg,qre7i24,ore7124,False,2,0.7143,0.973226,car
img_014896.jpg,ppi4i74,pp14174,False,2,0.7143,0.881985,car
img_014900.jpg,qrj4b19,drj4819,False,2,0.7143,0.194549,car
img_014905.jpg,ppg4c22,ppg4222,False,1,0.8571,0.703633,car
img_014908.jpg,mtd9d50,mtd9750,False,1,0.8571,0.710139,car
img_014910.jpg,qri8f81,gr18687,False,4,0.4286,0.109901,car
img_014913.jpg,odt7c71,odt7c47,False,2,0.7143,0.161729,car
img_014915.jpg,ppo1i14,ppo3174,False,3,0.5714,0.277632,car
img_014916.jpg,oyi4a06,avi4466,False,4,0.4286,0.444031,car
img_014918.jpg,oyj3f00,oy33600,False,2,0.7143,0.305087,car
img_014926.jpg,lmu4b44,lmu4844,False,1,0.8571,0.992538,car
img_014935.jpg,qrg1f29,drg3f29,False,2,0.7143,0.348975,car
img_014944.jpg,msl6i37,msl6137,False,1,0.8571,0.725093,car
img_014959.jpg,qri1a08,ori7408,False,3,0.5714,0.143639,car
img_014965.jpg,gjw5a90,gjw5490,False,1,0.8571,0.275106,car
img_014972.jpg,qri0e55,ori0e55,False,1,0.8571,0.641409,car
img_014973.jpg,qok1c00,dok1000,False,2,0.7143,0.167785,car
img_014985.jpg,qrf2a03,orf2403,False,2,0.7143,0.652386,car
img_014993.jpg,lml5e98,lml5f99,False,2,0.7143,0.646429,car
img_014999.jpg,odp3d20,odp3220,False,1,0.8571,0.454717,car
img_017501.jpg,mrh7545,mrh7555,False,1,0.8571,0.475808,motorcycle
img_017504.jpg,msa2398,ma2238,False,3,0.5714,0.243752,motorcycle
img_017508.jpg,mtu3834,gyu3874,False,3,0.5714,0.086263,motorcycle
img_017509.jpg,gzz8751,bz4558,False,5,0.2857,0.194176,motorcycle
img_017519.jpg,hnf9415,bnf9415,False,1,0.8571,0.835396,motorcycle
img_017520.jpg,qrd7252,qrd1259,False,2,0.7143,0.229057,motorcycle
img_017524.jpg,ppy0590,ppy5902,False,2,0.7143,0.890968,motorcycle
img_017525.jpg,ppq1985,ppo7952,False,4,0.4286,0.417939,motorcycle
img_017529.jpg,pps7339,pps7393,False,2,0.7143,0.441750,motorcycle
img_017530.jpg,msg7336,msg336,False,1,0.8571,0.980971,motorcycle
img_017531.jpg,mtx3656,mij3656,False,2,0.7143,0.432528,motorcycle
img_017535.jpg,mtt3957,mt3357,False,2,0.7143,0.690120,motorcycle
img_017537.jpg,ppz2842,pb22842,False,2,0.7143,0.205014,motorcycle
img_017541.jpg,msb1362,ems1362,False,2,0.7143,0.848470,motorcycle
img_017544.jpg,ocy3804,qcy304,False,2,0.7143,0.349919,motorcycle
img_017547.jpg,mtt3985,mtt3958,False,2,0.7143,0.465705,motorcycle
img_017549.jpg,odp0225,gdp0225,False,1,0.8571,0.361286,motorcycle
img_017550.jpg,odp0125,ddp0125,False,1,0.8571,0.448187,motorcycle
img_017552.jpg,mry4953,mpy4953,False,1,0.8571,0.561240,motorcycle
img_017553.jpg,mtx7170,mfx7170,False,1,0.8571,0.434598,motorcycle
img_017554.jpg,mrk8390,ark830,False,2,0.7143,0.770341,motorcycle
img_017556.jpg,oyg8958,dyc958,False,3,0.5714,0.193812,motorcycle
img_017558.jpg,msb9683,mms9683,False,2,0.7143,0.206867,motorcycle
img_017565.jpg,mrz3515,mr2758,False,4,0.4286,0.347679,motorcycle
img_017566.jpg,oye7983,oye7832,False,2,0.7143,0.152312,motorcycle
img_017567.jpg,mtx3303,mtx303,False,1,0.8571,0.863784,motorcycle
img_017568.jpg,msb1362,emsb368,False,3,0.5714,0.275967,motorcycle
img_017569.jpg,ppn3443,pp93432,False,3,0.5714,0.382056,motorcycle
img_017571.jpg,msb9683,ms99683,False,1,0.8571,0.677177,motorcycle
img_017577.jpg,msz1632,msz163,False,1,0.8571,0.389619,motorcycle
img_017578.jpg,odr5971,ddr5971,False,1,0.8571,0.852841,motorcycle
img_017585.jpg,odc1091,odc1091,True,0,1.0000,0.532762,motorcycle
img_017586.jpg,hnf9415,bnf9415,False,1,0.8571,0.804897,motorcycle
img_017587.jpg,mqx7889,mox789,False,2,0.7143,0.865238,motorcycle
img_017593.jpg,mty6860,mty860,False,1,0.8571,0.873199,motorcycle
img_017594.jpg,odq4607,od9467,False,2,0.7143,0.711327,motorcycle
img_017595.jpg,ppk8709,ppk8709,True,0,1.0000,0.964134,motorcycle
img_017602.jpg,ppl9553,pp59532,False,3,0.5714,0.160989,motorcycle
img_017610.jpg,mtz5078,mtz5078,True,0,1.0000,0.381058,motorcycle
img_017614.jpg,odt6046,ddt8466,False,4,0.4286,0.140899,motorcycle
img_017615.jpg,qrb1638,qrb1638,True,0,1.0000,0.582689,motorcycle
img_017616.jpg,ppn9404,ppa9404,False,1,0.8571,0.541305,motorcycle
img_017620.jpg,ppo2171,ppo218,False,2,0.7143,0.391214,motorcycle
img_017621.jpg,oye6829,dye8299,False,3,0.5714,0.258447,motorcycle
img_017622.jpg,mrf8508,mrf8508,True,0,1.0000,0.508692,motorcycle
img_017625.jpg,msa2398,msa2398,True,0,1.0000,0.853753,motorcycle
img_017629.jpg,ppy0590,ppy5900,False,2,0.7143,0.939135,motorcycle
img_017630.jpg,mtx7170,mfx7170,False,1,0.8571,0.301691,motorcycle
img_017637.jpg,odr2292,qdr2292,False,1,0.8571,0.454491,motorcycle
img_017640.jpg,msa4370,ws4370,False,2,0.7143,0.889328,motorcycle
img_017642.jpg,odq4607,qp9460,False,4,0.4286,0.422530,motorcycle
img_017643.jpg,ocx6648,ucy8699,False,5,0.2857,0.026720,motorcycle
img_017646.jpg,pym6235,pym6255,False,1,0.8571,0.534715,motorcycle
img_017656.jpg,mtn5516,mtn516,False,1,0.8571,0.256821,motorcycle
img_017658.jpg,odc7498,odc7498,True,0,1.0000,0.896888,motorcycle
img_017663.jpg,mst8716,msf182,False,5,0.2857,0.351072,motorcycle
img_017664.jpg,mqy9394,mov934,False,3,0.5714,0.928445,motorcycle
img_017666.jpg,oye3717,dye3717,False,1,0.8571,0.482187,motorcycle
img_017668.jpg,mtx7170,mtx7170,True,0,1.0000,0.740557,motorcycle
img_017669.jpg,opz6615,dpz7659,False,4,0.4286,0.042493,motorcycle
img_017672.jpg,mtz2306,mtz306,False,1,0.8571,0.479556,motorcycle
img_017674.jpg,msz1632,msz153,False,2,0.7143,0.478629,motorcycle
img_017676.jpg,mru5943,mru5943,True,0,1.0000,0.680013,motorcycle
img_017678.jpg,odr2292,qdr2222,False,2,0.7143,0.270043,motorcycle
img_017679.jpg,mtx3303,mty303,False,2,0.7143,0.366571,motorcycle
img_017682.jpg,ovh6100,dv8600,False,3,0.5714,0.052333,motorcycle
img_017685.jpg,odl8131,dd48131,False,2,0.7143,0.331581,motorcycle
img_017686.jpg,oyk5858,dyk5858,False,1,0.8571,0.871911,motorcycle
img_017688.jpg,ovk7691,dvk769,False,2,0.7143,0.547824,motorcycle
img_017690.jpg,mtx7170,mtx1170,False,1,0.8571,0.526792,motorcycle
img_017693.jpg,qrb1638,qrb1638,True,0,1.0000,0.413187,motorcycle
img_017695.jpg,odr4281,ddr4281,False,1,0.8571,0.824406,motorcycle
img_017697.jpg,msz1632,ms91632,False,1,0.8571,0.389868,motorcycle
img_017699.jpg,oyh0980,qye980,False,3,0.5714,0.264845,motorcycle
img_017701.jpg,ppm4442,ppm4424,False,2,0.7143,0.846442,motorcycle
img_017702.jpg,mtt3957,mj3357,False,3,0.5714,0.206330,motorcycle
img_017703.jpg,ppj1736,ppj1736,True,0,1.0000,0.543804,motorcycle
img_017704.jpg,pps1116,pps186,False,2,0.7143,0.537576,motorcycle
img_017706.jpg,qrd7892,9rd8892,False,2,0.7143,0.126647,motorcycle
img_017707.jpg,ppm2910,ppm2910,True,0,1.0000,0.489331,motorcycle
img_017708.jpg,ppg9448,ppg948,False,1,0.8571,0.987335,motorcycle
img_017711.jpg,odr4648,odb4648,False,1,0.8571,0.755452,motorcycle
img_017716.jpg,mtx3303,mtx303,False,1,0.8571,0.511311,motorcycle
img_017718.jpg,mtx7170,mtz7170,False,1,0.8571,0.622687,motorcycle
img_017720.jpg,ppx1216,ppy1216,False,1,0.8571,0.933951,motorcycle
img_017722.jpg,ppt6106,ppi1106,False,2,0.7143,0.359421,motorcycle
img_017724.jpg,qrb1638,9r81638,False,2,0.7143,0.346960,motorcycle
img_017726.jpg,mtn5516,mtw516,False,2,0.7143,0.149254,motorcycle
img_017728.jpg,ocy2738,ocy2738,True,0,1.0000,0.744792,motorcycle
img_017732.jpg,ppq1376,ppo376,False,2,0.7143,0.788683,motorcycle
img_017735.jpg,odc7498,9dc7498,False,1,0.8571,0.192917,motorcycle
img_017738.jpg,odg5912,ddg5912,False,1,0.8571,0.700679,motorcycle
img_017739.jpg,ppg9448,ppg948,False,1,0.8571,0.983757,motorcycle
img_017740.jpg,ppy0590,ppy5900,False,2,0.7143,0.527057,motorcycle
img_017742.jpg,msb1362,mas8362,False,3,0.5714,0.217974,motorcycle
img_017743.jpg,mtx7170,mtz7170,False,1,0.8571,0.423288,motorcycle
img_017745.jpg,ocz6425,gez245,False,4,0.4286,0.185918,motorcycle
img_017747.jpg,mtx3656,mtx3666,False,1,0.8571,0.423521,motorcycle
img_017755.jpg,ppf9618,ppf9618,True,0,1.0000,0.926371,motorcycle
img_017756.jpg,oye7983,oye783,False,1,0.8571,0.519114,motorcycle
img_017758.jpg,odt7616,oot7616,False,1,0.8571,0.527420,motorcycle
img_017759.jpg,odg5912,ddg5912,False,1,0.8571,0.525311,motorcycle
img_017760.jpg,ppb4183,ppb4189,False,1,0.8571,0.813096,motorcycle
img_017763.jpg,ppn9404,ppn9404,True,0,1.0000,0.861081,motorcycle
img_017764.jpg,odl8131,dd48318,False,4,0.4286,0.219572,motorcycle
img_017765.jpg,odg5912,ddg5922,False,2,0.7143,0.388171,motorcycle
img_017768.jpg,odr3327,ddr3377,False,2,0.7143,0.769186,motorcycle
img_017769.jpg,mtx7170,mtz7170,False,1,0.8571,0.666055,motorcycle
img_017771.jpg,mtj5196,mt55969,False,3,0.5714,0.612374,motorcycle
img_017773.jpg,oyi7673,gv47673,False,3,0.5714,0.121721,motorcycle
img_017775.jpg,odg5912,ddg5922,False,2,0.7143,0.626006,motorcycle
img_017777.jpg,mrh6221,mrh6221,True,0,1.0000,0.837035,motorcycle
img_017778.jpg,mtx7170,mtx7170,True,0,1.0000,0.207116,motorcycle
img_017780.jpg,ppv2708,ppy2708,False,1,0.8571,0.581884,motorcycle
img_017781.jpg,ppv2570,ppy2570,False,1,0.8571,0.922905,motorcycle
img_017783.jpg,odj5604,dp55644,False,4,0.4286,0.237325,motorcycle
img_017787.jpg,odr2292,ddr2292,False,1,0.8571,0.857906,motorcycle
img_017791.jpg,mry4953,pry4953,False,1,0.8571,0.426102,motorcycle
img_017792.jpg,ovi2792,ovr2722,False,2,0.7143,0.553955,motorcycle
img_017793.jpg,mtz5078,mt5778,False,2,0.7143,0.022229,motorcycle
img_017796.jpg,oye8534,dye8534,False,1,0.8571,0.941324,motorcycle
img_017799.jpg,qrd0208,qrd2208,False,1,0.8571,0.631654,motorcycle
img_017802.jpg,mtx3303,mtz303,False,2,0.7143,0.308180,motorcycle
img_017803.jpg,mtz5078,mt5078,False,1,0.8571,0.497642,motorcycle
img_017804.jpg,qrc1114,drc114,False,2,0.7143,0.625178,motorcycle
img_017805.jpg,mqy9394,moy334,False,3,0.5714,0.700735,motorcycle
img_017806.jpg,dth7551,pth4591,False,3,0.5714,0.192387,motorcycle
img_017809.jpg,mtx7170,mtz7170,False,1,0.8571,0.508163,motorcycle
img_017810.jpg,odj9689,qpx699,False,5,0.2857,0.350917,motorcycle
img_017814.jpg,odl8131,dpl8731,False,3,0.5714,0.309255,motorcycle
img_017818.jpg,mtx7170,mtz7170,False,1,0.8571,0.587475,motorcycle
img_017821.jpg,oyd2830,oyd2830,True,0,1.0000,0.503085,motorcycle
img_017822.jpg,oyk5157,gyk157,False,2,0.7143,0.842014,motorcycle
img_017823.jpg,mtx3303,mtx303,False,1,0.8571,0.408598,motorcycle
img_017824.jpg,oye8534,dye8534,False,1,0.8571,0.839302,motorcycle
img_017827.jpg,oyk5157,dyk5157,False,1,0.8571,0.567715,motorcycle
img_017828.jpg,msb1362,wasb362,False,3,0.5714,0.233855,motorcycle
img_017829.jpg,oyk5858,dyk5858,False,1,0.8571,0.327259,motorcycle
img_017830.jpg,mtx7170,mtx7170,True,0,1.0000,0.532037,motorcycle
img_017832.jpg,ppe0196,ppe166,False,2,0.7143,0.909797,motorcycle
img_017833.jpg,mtz0696,mtz2669,False,3,0.5714,0.214064,motorcycle
img_017834.jpg,msz1632,ms93638,False,3,0.5714,0.209031,motorcycle
img_017835.jpg,mte0974,ale9228,False,6,0.1429,0.057289,motorcycle
img_017839.jpg,mtx3656,mt33666,False,2,0.7143,0.341347,motorcycle
img_017843.jpg,mtx7170,mtz7170,False,1,0.8571,0.740756,motorcycle
img_017845.jpg,odj9689,odj969,False,1,0.8571,0.649546,motorcycle
img_017848.jpg,mtt3957,mit3957,False,1,0.8571,0.365435,motorcycle
img_017850.jpg,pps1116,pps186,False,2,0.7143,0.942512,motorcycle
img_017851.jpg,ppc6761,ppc6761,True,0,1.0000,0.970434,motorcycle
img_017852.jpg,oye7983,oye783,False,1,0.8571,0.425436,motorcycle
img_017857.jpg,ppq1985,ppo195,False,2,0.7143,0.410058,motorcycle
img_017858.jpg,odg5912,ddg5912,False,1,0.8571,0.877461,motorcycle
img_017859.jpg,oyk5157,qyk5157,False,1,0.8571,0.351047,motorcycle
img_017863.jpg,qrd7252,qrd7252,True,0,1.0000,0.550159,motorcycle
img_017864.jpg,msz1632,ms5163e,False,2,0.7143,0.147907,motorcycle
img_017866.jpg,odr2292,ddr2229,False,3,0.5714,0.220785,motorcycle
img_017868.jpg,odl8131,ddl8131,False,1,0.8571,0.548826,motorcycle
img_017869.jpg,mtz0696,mtz2669,False,3,0.5714,0.376138,motorcycle
img_017870.jpg,mtx3303,mtx303,False,1,0.8571,0.349216,motorcycle
img_017871.jpg,oyg8958,dyc958,False,3,0.5714,0.337842,motorcycle
img_017878.jpg,odr2292,ddr2292,False,1,0.8571,0.658340,motorcycle
img_017879.jpg,ppp6812,ppp6812,True,0,1.0000,0.556939,motorcycle
img_017880.jpg,ppj7558,plj7558,False,1,0.8571,0.427874,motorcycle
img_017881.jpg,odq4607,dd9460,False,3,0.5714,0.096425,motorcycle
img_017883.jpg,mtx7170,mtx7170,True,0,1.0000,0.488511,motorcycle
img_017885.jpg,mti0948,mt0948,False,1,0.8571,0.678292,motorcycle
img_017886.jpg,mti0948,mts948,False,2,0.7143,0.243112,motorcycle
img_017887.jpg,mtn5516,mjn516,False,2,0.7143,0.228470,motorcycle
img_017888.jpg,odg5912,ddg512,False,2,0.7143,0.419504,motorcycle
img_017889.jpg,odt7616,oqt7616,False,1,0.8571,0.677366,motorcycle
img_017890.jpg,mtx7170,mtz7170,False,1,0.8571,0.546356,motorcycle
img_017891.jpg,odg5912,ddg5122,False,3,0.5714,0.239192,motorcycle
img_017892.jpg,ppo2191,bpo1919,False,3,0.5714,0.306026,motorcycle
img_017893.jpg,odr2292,ddr2292,False,1,0.8571,0.635375,motorcycle
img_017896.jpg,ppq1973,ppo1973,False,1,0.8571,0.638663,motorcycle
img_017898.jpg,msa2099,msa299,False,1,0.8571,0.342716,motorcycle
img_017899.jpg,ods0897,ods8892,False,2,0.7143,0.506859,motorcycle
img_017900.jpg,odg5912,ddg5912,False,1,0.8571,0.974738,motorcycle
img_017901.jpg,mty6860,mpy860,False,2,0.7143,0.205171,motorcycle
img_017902.jpg,msb1362,mss1362,False,1,0.8571,0.552009,motorcycle
img_017904.jpg,mtx7170,mtz7170,False,1,0.8571,0.194972,motorcycle
img_017905.jpg,oye8534,dye8534,False,1,0.8571,0.835338,motorcycle
img_017906.jpg,mtz5078,mtz078,False,1,0.8571,0.232643,motorcycle
img_017907.jpg,oyf5493,dyf593,False,2,0.7143,0.504850,motorcycle
img_017908.jpg,oyh0980,qyd9900,False,4,0.4286,0.198913,motorcycle
img_017912.jpg,mqs6436,moz636,False,3,0.5714,0.315416,motorcycle
img_017916.jpg,mtz5078,mt5078,False,1,0.8571,0.548030,motorcycle
img_017922.jpg,ppe5980,tpe380,False,3,0.5714,0.242025,motorcycle
img_017924.jpg,odn9541,odn5119,False,3,0.5714,0.206435,motorcycle
img_017927.jpg,mrz3515,mrz3555,False,1,0.8571,0.865766,motorcycle
img_017928.jpg,odr5971,ddr5971,False,1,0.8571,0.955317,motorcycle
img_017931.jpg,odt7616,odt7616,True,0,1.0000,0.784583,motorcycle
img_017932.jpg,mtz5078,mt5078,False,1,0.8571,0.652293,motorcycle
img_017933.jpg,mtx7170,mtx7170,True,0,1.0000,0.312269,motorcycle
img_017937.jpg,pps1706,pps106,False,1,0.8571,0.707891,motorcycle
img_017941.jpg,ppj2374,ppy2374,False,1,0.8571,0.456134,motorcycle
img_017943.jpg,mtx4192,mt44192,False,1,0.8571,0.807538,motorcycle
img_017944.jpg,msb1362,emsb368,False,3,0.5714,0.125713,motorcycle
img_017945.jpg,odp0125,ddp2055,False,4,0.4286,0.224680,motorcycle
img_017946.jpg,odr3327,ddr327,False,2,0.7143,0.825075,motorcycle
img_017950.jpg,odl8131,bp48131,False,3,0.5714,0.206900,motorcycle
img_017952.jpg,odr5971,ddr5971,False,1,0.8571,0.964010,motorcycle
img_017955.jpg,mtz5078,mt5078,False,1,0.8571,0.651997,motorcycle
img_017957.jpg,mtx4192,mtx4122,False,1,0.8571,0.281157,motorcycle
img_017960.jpg,mtx7170,max170,False,2,0.7143,0.255162,motorcycle
img_017961.jpg,oyk6072,dyk7729,False,4,0.4286,0.372631,motorcycle
img_017963.jpg,mtn5516,min5516,False,1,0.8571,0.745073,motorcycle
img_017965.jpg,ppo2334,ppo2334,True,0,1.0000,0.587088,motorcycle
img_017966.jpg,mtx4192,mt44192,False,1,0.8571,0.757911,motorcycle
img_017967.jpg,mti0948,mto948,False,2,0.7143,0.302709,motorcycle
img_017969.jpg,mtx7170,mtz170,False,2,0.7143,0.132989,motorcycle
img_017970.jpg,msb9683,ms96833,False,2,0.7143,0.428686,motorcycle
img_017971.jpg,msz1632,msz1634,False,1,0.8571,0.122291,motorcycle
img_017972.jpg,ovi2792,dyr2792,False,3,0.5714,0.211032,motorcycle
img_017974.jpg,mrf8508,mbe3888,False,5,0.2857,0.268288,motorcycle
img_017975.jpg,msb9683,ms96833,False,2,0.7143,0.964999,motorcycle
img_017976.jpg,odp0225,gdp0225,False,1,0.8571,0.306520,motorcycle
img_017977.jpg,odp0125,ddp0125,False,1,0.8571,0.894849,motorcycle
img_017982.jpg,odt6046,ddt6046,False,1,0.8571,0.357693,motorcycle
img_017986.jpg,mtz5078,mt5078,False,1,0.8571,0.551272,motorcycle
img_017987.jpg,ppj7558,ppj7588,False,1,0.8571,0.794251,motorcycle
img_017988.jpg,oye8534,dye8534,False,1,0.8571,0.928965,motorcycle
img_017990.jpg,mtx7170,mtx1770,False,2,0.7143,0.322314,motorcycle
img_017991.jpg,mry4953,fry4953,False,1,0.8571,0.323576,motorcycle
img_017994.jpg,ppe6007,ppe607,False,1,0.8571,0.991515,motorcycle
img_018000.jpg,odr5971,ddr5971,False,1,0.8571,0.760184,motorcycle
img_018002.jpg,odt7618,9dt6181,False,3,0.5714,0.592477,motorcycle
img_018004.jpg,mtx7170,mtx170,False,1,0.8571,0.449164,motorcycle
img_018005.jpg,mrh6221,mrh6221,True,0,1.0000,0.925968,motorcycle
img_018007.jpg,mti0948,mt0948,False,1,0.8571,0.311453,motorcycle
img_018009.jpg,oyh0980,dyn980,False,3,0.5714,0.113491,motorcycle
img_018010.jpg,odt6686,ddt6666,False,2,0.7143,0.348959,motorcycle
img_018014.jpg,ppx9459,ppx9595,False,2,0.7143,0.791540,motorcycle
img_018015.jpg,mty1911,wjx911,False,4,0.4286,0.151512,motorcycle
img_018017.jpg,mtx7170,mtx7170,True,0,1.0000,0.624395,motorcycle
img_018018.jpg,ppc9946,fpc946,False,2,0.7143,0.890444,motorcycle
img_018020.jpg,mtz5078,mt5078,False,1,0.8571,0.549976,motorcycle
img_018021.jpg,mtx4192,mtx4992,False,1,0.8571,0.381882,motorcycle
img_018022.jpg,msb1362,masb168,False,3,0.5714,0.103348,motorcycle
img_018023.jpg,mtx7170,mtx7170,True,0,1.0000,0.522983,motorcycle
img_018026.jpg,pps1706,pps1706,True,0,1.0000,0.463904,motorcycle
img_018030.jpg,ovk7691,dvvk611,False,4,0.4286,0.077124,motorcycle
img_018031.jpg,oyk5157,dyk5157,False,1,0.8571,0.843804,motorcycle
img_018037.jpg,pps1116,pps186,False,2,0.7143,0.937637,motorcycle
img_018040.jpg,qrb7981,qrb781,False,1,0.8571,0.610553,motorcycle
img_018041.jpg,mtx7170,mtx7170,True,0,1.0000,0.436725,motorcycle
img_018042.jpg,ppb0543,ppb0532,False,2,0.7143,0.179080,motorcycle
img_018044.jpg,mrf8508,mbf7582,False,4,0.4286,0.303580,motorcycle
img_018048.jpg,mts5164,mts164,False,1,0.8571,0.913523,motorcycle
img_018050.jpg,odc7498,odc749,False,1,0.8571,0.613319,motorcycle
img_018052.jpg,ppm1734,ppm1734,True,0,1.0000,0.939578,motorcycle
img_018053.jpg,mtx7170,mtx7770,False,1,0.8571,0.218081,motorcycle
img_018054.jpg,mqk5693,mok5933,False,3,0.5714,0.438323,motorcycle
img_018055.jpg,ppn7788,ppn7888,False,1,0.8571,0.987454,motorcycle
img_018056.jpg,mso0446,mso446,False,1,0.8571,0.491683,motorcycle
img_018057.jpg,ovi1549,ovi559,False,2,0.7143,0.473934,motorcycle
img_018059.jpg,mth2690,mmt2690,False,2,0.7143,0.621449,motorcycle
img_018060.jpg,msb1362,mms1368,False,3,0.5714,0.036151,motorcycle
img_018061.jpg,oyf5493,dyf5939,False,3,0.5714,0.308728,motorcycle
img_018064.jpg,msz1632,ms91632,False,1,0.8571,0.132866,motorcycle
img_018067.jpg,ppm2930,ppm2300,False,2,0.7143,0.752365,motorcycle
img_018074.jpg,mtx7170,mtg7770,False,2,0.7143,0.163723,motorcycle
img_018075.jpg,odn9515,ddn9151,False,3,0.5714,0.807252,motorcycle
img_018076.jpg,ppr1686,ppr1666,False,1,0.8571,0.864149,motorcycle
img_018078.jpg,qrd7252,qrd7252,True,0,1.0000,0.226173,motorcycle
img_018080.jpg,odl8131,od54318,False,4,0.4286,0.065205,motorcycle
img_018082.jpg,mtc2212,mtc2212,True,0,1.0000,0.966929,motorcycle
img_018083.jpg,ppv4189,ppy4189,False,1,0.8571,0.869884,motorcycle
img_018086.jpg,mty1911,wj71914,False,4,0.4286,0.069357,motorcycle
img_018089.jpg,odj5604,dey5604,False,3,0.5714,0.134103,motorcycle
img_018090.jpg,odr3327,ddr327,False,2,0.7143,0.858974,motorcycle
img_018091.jpg,qrd7251,qrd7251,True,0,1.0000,0.560584,motorcycle
img_018092.jpg,oyk5157,byk417,False,3,0.5714,0.081427,motorcycle
img_018097.jpg,mtz5078,mts078,False,2,0.7143,0.400786,motorcycle
img_018098.jpg,odr4648,odr4648,True,0,1.0000,0.530179,motorcycle
img_018102.jpg,mtx7170,mtx170,False,1,0.8571,0.264871,motorcycle
img_018104.jpg,ocy0644,ocy064,False,1,0.8571,0.438404,motorcycle
img_018112.jpg,mtx4192,wa4499,False,5,0.2857,0.075086,motorcycle
img_018114.jpg,ppk8700,ppr7000,False,3,0.5714,0.395403,motorcycle
img_018118.jpg,msz1632,ms97632,False,2,0.7143,0.201473,motorcycle
img_018120.jpg,oyd2826,dyo2826,False,2,0.7143,0.305137,motorcycle
img_018121.jpg,odr2292,ddr2292,False,1,0.8571,0.802310,motorcycle
img_018122.jpg,msk5076,msk5076,True,0,1.0000,0.846862,motorcycle
img_018123.jpg,mtx7170,mfy7170,False,2,0.7143,0.165096,motorcycle
img_018125.jpg,mtx7170,mtz7770,False,2,0.7143,0.139479,motorcycle
img_018127.jpg,msz1632,ms9163,False,2,0.7143,0.193250,motorcycle
img_018128.jpg,odj5604,ddj664,False,3,0.5714,0.089914,motorcycle
img_018129.jpg,mru5943,mru9933,False,2,0.7143,0.754003,motorcycle
img_018132.jpg,ppm5173,ppm5732,False,2,0.7143,0.515190,motorcycle
img_018134.jpg,ppp3359,ppp3595,False,2,0.7143,0.947878,motorcycle
img_018136.jpg,mqh2561,mq42511,False,2,0.7143,0.259025,motorcycle
img_018137.jpg,odt3835,ddt585,False,3,0.5714,0.672562,motorcycle
img_018139.jpg,ppq1985,ppo195,False,2,0.7143,0.505642,motorcycle
img_018140.jpg,pps9620,pps9620,True,0,1.0000,0.976105,motorcycle
img_018141.jpg,mtx7170,mty1170,False,2,0.7143,0.150337,motorcycle
img_018143.jpg,odl8131,dd48131,False,2,0.7143,0.598476,motorcycle
img_018144.jpg,ppm5173,ppm573,False,1,0.8571,0.835953,motorcycle
img_018147.jpg,mrh6221,mrh6221,True,0,1.0000,0.988818,motorcycle
img_018148.jpg,ppi2609,pei2699,False,2,0.7143,0.201704,motorcycle
img_018151.jpg,msb9683,ms99683,False,1,0.8571,0.861941,motorcycle
img_018152.jpg,mpv8198,mpv199,False,2,0.7143,0.617138,motorcycle
img_018158.jpg,mtx7170,mty7170,False,1,0.8571,0.638375,motorcycle
img_018159.jpg,ppn7788,ppn7888,False,1,0.8571,0.985097,motorcycle
img_018161.jpg,odt6046,dqt6046,False,2,0.7143,0.172662,motorcycle
img_018163.jpg,mtx3303,mtx303,False,1,0.8571,0.538495,motorcycle
img_018164.jpg,odr4648,odr4648,True,0,1.0000,0.779886,motorcycle
img_018166.jpg,msb9683,ms99683,False,1,0.8571,0.535860,motorcycle
img_018168.jpg,pwy5444,pwy5442,False,1,0.8571,0.758776,motorcycle
img_018169.jpg,ppy6301,ppy3018,False,2,0.7143,0.518982,motorcycle
img_018170.jpg,msk5541,msk541,False,1,0.8571,0.345744,motorcycle
img_018171.jpg,oyh6993,oyb693,False,2,0.7143,0.272626,motorcycle
img_018172.jpg,ode2129,dde2129,False,1,0.8571,0.681273,motorcycle
img_018173.jpg,mtx3303,mtx303,False,1,0.8571,0.604252,motorcycle
img_018174.jpg,ppi2601,ppi2601,True,0,1.0000,0.985828,motorcycle
img_018178.jpg,oyj2555,dyj2555,False,1,0.8571,0.588981,motorcycle
img_018179.jpg,msb9683,ms96633,False,3,0.5714,0.354710,motorcycle
img_018181.jpg,ppx1197,ppy1979,False,3,0.5714,0.875834,motorcycle
img_018182.jpg,msb1362,bms8368,False,4,0.4286,0.088219,motorcycle
img_018183.jpg,pps9620,pps9620,True,0,1.0000,0.907080,motorcycle
img_018185.jpg,mqq4694,moq494,False,2,0.7143,0.101979,motorcycle
img_018186.jpg,odr5971,ddr5971,False,1,0.8571,0.965576,motorcycle
img_018188.jpg,mtx3303,mt9303,False,2,0.7143,0.372922,motorcycle
img_018190.jpg,mtx7170,mfx7170,False,1,0.8571,0.408080,motorcycle
img_018192.jpg,ppy6491,fpy691,False,2,0.7143,0.461807,motorcycle
img_018193.jpg,ovk7691,dvk7691,False,1,0.8571,0.467021,motorcycle
img_018195.jpg,mrd1456,mrd1466,False,1,0.8571,0.539870,motorcycle
img_018196.jpg,odr4648,odr4648,True,0,1.0000,0.697584,motorcycle
img_018197.jpg,qrd2937,drd937,False,2,0.7143,0.460204,motorcycle
img_018198.jpg,mtx4192,mm4492,False,3,0.5714,0.367177,motorcycle
img_018199.jpg,ppy6861,ppy861,False,1,0.8571,0.865073,motorcycle
img_018200.jpg,mtx7170,mty170,False,2,0.7143,0.685169,motorcycle
img_018202.jpg,mru6781,mru6781,True,0,1.0000,0.873982,motorcycle
img_018203.jpg,odt6046,ddt6046,False,1,0.8571,0.769364,motorcycle
img_018206.jpg,odr5971,ddr5971,False,1,0.8571,0.973086,motorcycle
img_018207.jpg,odr4648,odr4648,True,0,1.0000,0.647660,motorcycle
img_018209.jpg,mrk8390,mrk390,False,1,0.8571,0.490542,motorcycle
img_018210.jpg,msb9683,ms9983,False,2,0.7143,0.197939,motorcycle
img_018211.jpg,odt5939,ddt5939,False,1,0.8571,0.485738,motorcycle
img_018212.jpg,ppv2708,ppv2708,True,0,1.0000,0.833947,motorcycle
img_018213.jpg,ovi0710,dyl710,False,4,0.4286,0.471715,motorcycle
img_018214.jpg,ppl9553,ppl5535,False,2,0.7143,0.285056,motorcycle
img_018216.jpg,mte0987,mje0987,False,1,0.8571,0.280806,motorcycle
img_018217.jpg,ppv5188,ppv5188,True,0,1.0000,0.546647,motorcycle
img_018218.jpg,mtx7170,mtx7170,True,0,1.0000,0.293524,motorcycle
img_018221.jpg,mtx4192,ma44192,False,2,0.7143,0.183427,motorcycle
img_018222.jpg,mtx7170,mtz7770,False,2,0.7143,0.314585,motorcycle
img_018223.jpg,odl0291,ddl2219,False,4,0.4286,0.230968,motorcycle
img_018225.jpg,mtx7170,mtx7170,True,0,1.0000,0.721919,motorcycle
img_018228.jpg,mtz5078,mt5078,False,1,0.8571,0.933058,motorcycle
img_018229.jpg,msb9683,ms99683,False,1,0.8571,0.642261,motorcycle
img_018230.jpg,mtx7170,mtz177,False,3,0.5714,0.137484,motorcycle
img_018232.jpg,mtx4192,my44192,False,2,0.7143,0.432866,motorcycle
img_018234.jpg,ppk8700,bpk700,False,2,0.7143,0.929020,motorcycle
img_018240.jpg,odt3706,dot876,False,4,0.4286,0.143322,motorcycle
img_018242.jpg,ppi2609,ppi2699,False,1,0.8571,0.147431,motorcycle
img_018243.jpg,mtx7170,mtz170,False,2,0.7143,0.486776,motorcycle
img_018244.jpg,ods5968,dds568,False,2,0.7143,0.933113,motorcycle
img_018245.jpg,ods5406,dds506,False,2,0.7143,0.917761,motorcycle
img_018247.jpg,mtx3303,mtx303,False,1,0.8571,0.257454,motorcycle
img_018248.jpg,mrz9228,mrz9228,True,0,1.0000,0.234944,motorcycle
img_018249.jpg,mtx7170,mty170,False,2,0.7143,0.285467,motorcycle
img_018250.jpg,odr5971,ddr5971,False,1,0.8571,0.989243,motorcycle
img_018253.jpg,mtx3303,mtx303,False,1,0.8571,0.822072,motorcycle
img_018258.jpg,mtw4082,fu54082,False,3,0.5714,0.134414,motorcycle
img_018260.jpg,ovi2796,ovi276,False,1,0.8571,0.897149,motorcycle
img_018262.jpg,mtx7170,mtz1170,False,2,0.7143,0.373226,motorcycle
img_018263.jpg,msz1632,ms52632,False,2,0.7143,0.097584,motorcycle
img_018264.jpg,ppk8700,bpk002,False,4,0.4286,0.279702,motorcycle
img_018267.jpg,mtx7170,mtz1770,False,3,0.5714,0.409538,motorcycle
img_018270.jpg,mtz0696,mtz2669,False,3,0.5714,0.341672,motorcycle
img_018271.jpg,odj2901,ooj2901,False,1,0.8571,0.417179,motorcycle
img_018272.jpg,mtz5078,my59788,False,4,0.4286,0.239001,motorcycle
img_018273.jpg,ppq9375,ppo9375,False,1,0.8571,0.596853,motorcycle
img_018276.jpg,ppe5980,ppe980,False,1,0.8571,0.989777,motorcycle
img_018278.jpg,odr4648,odr4648,True,0,1.0000,0.708680,motorcycle
img_018279.jpg,odr3327,ddr337,False,2,0.7143,0.682739,motorcycle
img_018281.jpg,ppb4183,ppb4183,True,0,1.0000,0.838175,motorcycle
img_018282.jpg,ocx2147,dcy247,False,3,0.5714,0.553777,motorcycle
img_018283.jpg,odr5971,ddr5971,False,1,0.8571,0.830251,motorcycle
img_018285.jpg,ppx9459,ppx9459,True,0,1.0000,0.490893,motorcycle
img_018286.jpg,ppi6013,ppi9603,False,2,0.7143,0.087542,motorcycle
img_018289.jpg,msz1632,ms97632,False,2,0.7143,0.198156,motorcycle
img_018290.jpg,ppl2161,ppl261,False,1,0.8571,0.965829,motorcycle
img_018295.jpg,odr4648,odr4648,True,0,1.0000,0.846923,motorcycle
img_018296.jpg,mtx7170,mfx170,False,2,0.7143,0.327262,motorcycle
img_018297.jpg,ppl0616,ppl8616,False,1,0.8571,0.483692,motorcycle
img_018298.jpg,mtz5078,my5078,False,2,0.7143,0.395688,motorcycle
img_018300.jpg,odr5971,ddr5971,False,1,0.8571,0.986664,motorcycle
img_018301.jpg,odr4648,odr4648,True,0,1.0000,0.785057,motorcycle
img_018305.jpg,odc7498,opc149,False,3,0.5714,0.140891,motorcycle
img_018307.jpg,mtx3303,mtz303,False,2,0.7143,0.279040,motorcycle
img_018310.jpg,ppb4271,ppb4271,True,0,1.0000,0.975506,motorcycle
img_018311.jpg,mtx7170,mty170,False,2,0.7143,0.273537,motorcycle
img_018315.jpg,oye8534,dye8544,False,2,0.7143,0.507943,motorcycle
img_018318.jpg,mro1108,mbo1882,False,4,0.4286,0.338574,motorcycle
img_018319.jpg,mtx7170,mfg7170,False,2,0.7143,0.164341,motorcycle
img_018323.jpg,qrd7251,qrd1251,False,1,0.8571,0.208974,motorcycle
img_018326.jpg,mtx7170,mtx7170,True,0,1.0000,0.456255,motorcycle
img_018327.jpg,ovi6547,dvi657,False,2,0.7143,0.905136,motorcycle
img_018330.jpg,qrb8036,drbb066,False,3,0.5714,0.733190,motorcycle
img_018331.jpg,ntn0127,wta127,False,3,0.5714,0.093940,motorcycle
img_018332.jpg,ppl2161,pp4261,False,2,0.7143,0.838876,motorcycle
img_018335.jpg,mrh7545,mrm7555,False,2,0.7143,0.339503,motorcycle
img_018337.jpg,mtx7170,mfy7170,False,2,0.7143,0.451684,motorcycle
img_018338.jpg,ppo2191,bpp2191,False,2,0.7143,0.639994,motorcycle
img_018341.jpg,oyf5493,dyf5932,False,3,0.5714,0.246717,motorcycle
img_018345.jpg,mtx3303,mtx303,False,1,0.8571,0.895797,motorcycle
img_018346.jpg,ods5406,dd9406,False,3,0.5714,0.129610,motorcycle
img_018347.jpg,odg5912,ddg5121,False,3,0.5714,0.454408,motorcycle
img_018348.jpg,mtx7170,mtx1170,False,1,0.8571,0.050124,motorcycle
img_018351.jpg,ppm5173,ppm5133,False,1,0.8571,0.717368,motorcycle
img_018355.jpg,ppc6761,ppc5861,False,2,0.7143,0.351657,motorcycle
img_018356.jpg,odr4648,odr4648,True,0,1.0000,0.452702,motorcycle
img_018359.jpg,mtx7170,mtx7170,True,0,1.0000,0.405392,motorcycle
img_018360.jpg,odr4648,odr4648,True,0,1.0000,0.634035,motorcycle
img_018363.jpg,mtx7170,mfy7170,False,2,0.7143,0.206587,motorcycle
img_018366.jpg,mtx3303,mt9303,False,2,0.7143,0.453129,motorcycle
img_018367.jpg,mtx7170,mtz7770,False,2,0.7143,0.421396,motorcycle
img_018369.jpg,ppl2161,ppl2161,True,0,1.0000,0.875947,motorcycle
img_018371.jpg,qrb7981,qrb981,False,1,0.8571,0.484976,motorcycle
img_018372.jpg,mqu8788,mou8788,False,1,0.8571,0.951398,motorcycle
img_018373.jpg,ppx1197,ppx197,False,1,0.8571,0.468424,motorcycle
img_018374.jpg,odt7618,odt6682,False,3,0.5714,0.168724,motorcycle
img_018375.jpg,odr2292,ddr2292,False,1,0.8571,0.283352,motorcycle
img_018377.jpg,odg5912,qdg912,False,2,0.7143,0.324836,motorcycle
img_018378.jpg,mqh2561,mqu2551,False,2,0.7143,0.211777,motorcycle
img_018381.jpg,ppu0071,ppu0771,False,1,0.8571,0.625772,motorcycle
img_018382.jpg,odt6046,qqt6046,False,2,0.7143,0.111779,motorcycle
img_018383.jpg,odr2292,ddr2292,False,1,0.8571,0.549874,motorcycle
img_018385.jpg,odg5912,ddg5912,False,1,0.8571,0.772329,motorcycle
img_018389.jpg,mtz5078,mt5078,False,1,0.8571,0.882098,motorcycle
img_018390.jpg,odg5912,ddg5912,False,1,0.8571,0.836483,motorcycle
img_018391.jpg,mtx7170,myx7170,False,1,0.8571,0.275456,motorcycle
img_018392.jpg,mtx7170,mty7170,False,1,0.8571,0.553473,motorcycle
img_018393.jpg,oyi8637,dvi8637,False,2,0.7143,0.775107,motorcycle
img_018395.jpg,odr2292,ddr2292,False,1,0.8571,0.698880,motorcycle
img_018396.jpg,qrd3839,bro2892,False,5,0.2857,0.104591,motorcycle
img_018398.jpg,msz1632,ms71532,False,2,0.7143,0.213980,motorcycle
img_018399.jpg,odr4281,ddr4281,False,1,0.8571,0.572160,motorcycle
img_018400.jpg,odr4648,orr4648,False,1,0.8571,0.380137,motorcycle
img_018404.jpg,odr5971,ddr5971,False,1,0.8571,0.971883,motorcycle
img_018410.jpg,mtz5078,mt5078,False,1,0.8571,0.949540,motorcycle
img_018414.jpg,mtz0696,mtz2969,False,3,0.5714,0.347235,motorcycle
img_018415.jpg,odl8131,bp27772,False,7,0.0000,0.343606,motorcycle
img_018416.jpg,odr5971,qdr5971,False,1,0.8571,0.377723,motorcycle
img_018417.jpg,mtx4192,mt4492,False,2,0.7143,0.691833,motorcycle
img_018418.jpg,mtz0696,mtzz66,False,2,0.7143,0.184165,motorcycle
img_018419.jpg,mtx7170,mtx7170,True,0,1.0000,0.537630,motorcycle
img_018421.jpg,kzi9639,kzi9693,False,2,0.7143,0.235325,motorcycle
img_018422.jpg,mtx4192,my44192,False,2,0.7143,0.767271,motorcycle
img_018423.jpg,mtx7170,mtx7170,True,0,1.0000,0.464474,motorcycle
img_018428.jpg,mtx7170,mtx1770,False,2,0.7143,0.616482,motorcycle
img_018429.jpg,msz1632,ms57532,False,3,0.5714,0.236730,motorcycle
img_018432.jpg,odr4648,orr4648,False,1,0.8571,0.395294,motorcycle
img_018435.jpg,msz1632,mms7532,False,4,0.4286,0.082182,motorcycle
img_018436.jpg,mtz5078,mtz578,False,1,0.8571,0.525506,motorcycle
img_018437.jpg,mtx3303,mt9303,False,2,0.7143,0.455860,motorcycle
img_018440.jpg,odr5971,dqr5971,False,2,0.7143,0.602501,motorcycle
img_018441.jpg,msb9683,ms96833,False,2,0.7143,0.601151,motorcycle
img_018444.jpg,mtz5078,mt55078,False,1,0.8571,0.172999,motorcycle
img_018449.jpg,mtx7170,mtx7170,True,0,1.0000,0.800347,motorcycle
img_018451.jpg,ppq7171,ppo7171,False,1,0.8571,0.856477,motorcycle
img_018453.jpg,mtx3303,mtx303,False,1,0.8571,0.735626,motorcycle
img_018457.jpg,odt7618,odt6618,False,1,0.8571,0.539226,motorcycle
img_018459.jpg,mrk2241,mrk2241,True,0,1.0000,0.859727,motorcycle
img_018461.jpg,odr4281,bpr4281,False,2,0.7143,0.279400,motorcycle
img_018462.jpg,odr5971,ddr5971,False,1,0.8571,0.886588,motorcycle
img_018464.jpg,odt7622,oot7622,False,1,0.8571,0.280673,motorcycle
img_018467.jpg,mtx7170,mfy7770,False,3,0.5714,0.443742,motorcycle
img_018468.jpg,odr4281,ddr4281,False,1,0.8571,0.506225,motorcycle
img_018470.jpg,ppv2597,ppy5977,False,3,0.5714,0.551814,motorcycle
img_018473.jpg,oyk5858,dyb858,False,3,0.5714,0.428244,motorcycle
img_018478.jpg,ppy0590,ppy5900,False,2,0.7143,0.592932,motorcycle
img_018479.jpg,mtx7170,mtx1770,False,2,0.7143,0.564316,motorcycle
img_018481.jpg,gzz8751,gzz751,False,1,0.8571,0.349288,motorcycle
img_018482.jpg,odr5971,ddr5971,False,1,0.8571,0.941269,motorcycle
img_018486.jpg,ode2129,qde2129,False,1,0.8571,0.619623,motorcycle
img_018487.jpg,ppc6761,ppc5818,False,4,0.4286,0.404683,motorcycle
img_018488.jpg,odr5971,ddr5971,False,1,0.8571,0.914694,motorcycle
img_018489.jpg,odm6783,ddm678,False,2,0.7143,0.794877,motorcycle
img_018490.jpg,odt6046,ddt6066,False,2,0.7143,0.246619,motorcycle
img_018491.jpg,odq3758,oq03758,False,2,0.7143,0.266003,motorcycle
img_018493.jpg,ppn7788,ppn7888,False,1,0.8571,0.918299,motorcycle
img_018496.jpg,ppc8676,ppc8767,False,2,0.7143,0.531726,motorcycle
img_018497.jpg,odt7622,ody7622,False,1,0.8571,0.306078,motorcycle
img_018500.jpg,mtx4192,myx492,False,2,0.7143,0.320969,motorcycle
img_018501.jpg,oyd3422,byd428,False,3,0.5714,0.660651,motorcycle
img_018504.jpg,ppk8607,ppk677,False,2,0.7143,0.449168,motorcycle
img_018505.jpg,ppr1686,ppr1666,False,1,0.8571,0.838943,motorcycle
img_018506.jpg,odt6046,qdi8466,False,5,0.2857,0.162184,motorcycle
img_018509.jpg,msz1632,msz1532,False,1,0.8571,0.170941,motorcycle
img_018511.jpg,msb1362,bms8362,False,3,0.5714,0.422753,motorcycle
img_018512.jpg,odt6046,ddt8066,False,3,0.5714,0.149905,motorcycle
img_018513.jpg,msb1362,mss1362,False,1,0.8571,0.491168,motorcycle
img_018516.jpg,odt6046,qqi8466,False,6,0.1429,0.182677,motorcycle
img_018518.jpg,msb1362,ms81362,False,1,0.8571,0.648989,motorcycle
img_018521.jpg,odt6046,ddt646,False,2,0.7143,0.325612,motorcycle
img_018523.jpg,odr5971,ddr5971,False,1,0.8571,0.888557,motorcycle
img_018524.jpg,msb1362,ms81362,False,1,0.8571,0.227163,motorcycle
img_018525.jpg,odr4648,or24648,False,2,0.7143,0.199443,motorcycle
img_018526.jpg,mtx7170,mtx1770,False,2,0.7143,0.402750,motorcycle
img_018530.jpg,ppq9375,ppo9375,False,1,0.8571,0.625091,motorcycle
img_018531.jpg,mqh2561,mor2561,False,2,0.7143,0.245352,motorcycle
img_018532.jpg,ppv2570,ppy2570,False,1,0.8571,0.943233,motorcycle
img_018534.jpg,msb1362,ms81362,False,1,0.8571,0.224432,motorcycle
img_018535.jpg,odk0046,qdk0466,False,3,0.5714,0.407957,motorcycle
img_018537.jpg,mtx3303,mt4303,False,2,0.7143,0.246694,motorcycle
img_018538.jpg,ovj2513,dyp2513,False,3,0.5714,0.174250,motorcycle
img_018540.jpg,qrd3846,qrd3466,False,2,0.7143,0.563583,motorcycle
img_018541.jpg,msz1632,ms91532,False,2,0.7143,0.084958,motorcycle
img_018544.jpg,odr2292,ddr2292,False,1,0.8571,0.644108,motorcycle
img_018545.jpg,mtx7170,mfj7170,False,2,0.7143,0.256763,motorcycle
img_018547.jpg,qrb1638,9rb1638,False,1,0.8571,0.179756,motorcycle
img_018548.jpg,ovj2513,dyx2513,False,3,0.5714,0.413991,motorcycle
img_018549.jpg,msz1632,ms91532,False,2,0.7143,0.525208,motorcycle
img_018551.jpg,odf0749,odf0749,True,0,1.0000,0.199410,motorcycle
img_018552.jpg,ppw3684,ppw344,False,2,0.7143,0.431172,motorcycle
img_018553.jpg,mtx3303,mt9303,False,2,0.7143,0.419768,motorcycle
img_018554.jpg,odt6046,ddt646,False,2,0.7143,0.331475,motorcycle
img_018556.jpg,ovj2513,dyp2513,False,3,0.5714,0.225466,motorcycle
img_018557.jpg,msz1632,msz153,False,2,0.7143,0.621257,motorcycle
img_018559.jpg,ppj9355,bp2838,False,5,0.2857,0.322465,motorcycle
img_018560.jpg,ovj2513,dy92513,False,3,0.5714,0.330388,motorcycle
img_018562.jpg,mrd1456,mrd1466,False,1,0.8571,0.582262,motorcycle
img_018563.jpg,msb1362,wasb362,False,3,0.5714,0.032471,motorcycle
img_018564.jpg,ppj5012,ppj1122,False,3,0.5714,0.246659,motorcycle
img_018565.jpg,mqd3519,mq03599,False,2,0.7143,0.392737,motorcycle
img_018568.jpg,qrb1638,vbu388,False,5,0.2857,0.073597,motorcycle
img_018569.jpg,msp2087,msp2087,True,0,1.0000,0.695816,motorcycle
img_018570.jpg,odr5971,ddr5971,False,1,0.8571,0.752221,motorcycle
img_018573.jpg,ppw3684,ppw344,False,2,0.7143,0.958355,motorcycle
img_018574.jpg,ppn7788,ppa7888,False,2,0.7143,0.932133,motorcycle
img_018575.jpg,msp2087,msp2087,True,0,1.0000,0.854239,motorcycle
img_018576.jpg,mtx3303,mtz303,False,2,0.7143,0.321235,motorcycle
img_018577.jpg,mtx4192,wj4192,False,3,0.5714,0.262540,motorcycle
img_018579.jpg,odr5971,ddr5971,False,1,0.8571,0.945342,motorcycle
img_018581.jpg,odl8131,dd65311,False,5,0.2857,0.165008,motorcycle
img_018582.jpg,odr2292,ddr2292,False,1,0.8571,0.642076,motorcycle
img_018585.jpg,ppo2334,ppo2343,False,2,0.7143,0.309045,motorcycle
img_018587.jpg,msp2087,msp2087,True,0,1.0000,0.914744,motorcycle
img_018588.jpg,odr4648,odr4648,True,0,1.0000,0.548522,motorcycle
img_018590.jpg,odf0749,odf079,False,1,0.8571,0.273182,motorcycle
img_018591.jpg,odt6727,dqi6727,False,3,0.5714,0.109700,motorcycle
img_018592.jpg,odf0749,odf0749,True,0,1.0000,0.274260,motorcycle
img_018593.jpg,odr2292,ddr2292,False,1,0.8571,0.898531,motorcycle
img_018594.jpg,msp2087,msp2087,True,0,1.0000,0.954521,motorcycle
img_018599.jpg,odh5452,qoh5422,False,3,0.5714,0.134331,motorcycle
img_018600.jpg,msz1632,msz1532,False,1,0.8571,0.369892,motorcycle
img_018601.jpg,mta5460,mta460,False,1,0.8571,0.998761,motorcycle
img_018604.jpg,odt6046,ddt846,False,3,0.5714,0.228560,motorcycle
img_018607.jpg,mrx1438,iry1438,False,2,0.7143,0.090133,motorcycle
img_018608.jpg,odr5971,ddr5971,False,1,0.8571,0.976481,motorcycle
img_018609.jpg,ppm4442,ppm422,False,2,0.7143,0.907387,motorcycle
img_018615.jpg,ppq1450,ppo1500,False,3,0.5714,0.456833,motorcycle
img_018618.jpg,ppl7860,ppi860,False,2,0.7143,0.895710,motorcycle
img_018619.jpg,qrd7245,qrd2255,False,2,0.7143,0.212958,motorcycle
img_018620.jpg,odr4648,orr4648,False,1,0.8571,0.667389,motorcycle
img_018621.jpg,odk0046,ddk0466,False,3,0.5714,0.573020,motorcycle
img_018624.jpg,odh5452,ddr5452,False,2,0.7143,0.226534,motorcycle
img_018625.jpg,oyk5858,dyk5858,False,1,0.8571,0.763407,motorcycle
img_018627.jpg,mts7249,mts249,False,1,0.8571,0.941216,motorcycle
img_018628.jpg,msb9683,ms9983,False,2,0.7143,0.455158,motorcycle
img_018629.jpg,odi6064,ddi604,False,2,0.7143,0.627625,motorcycle
img_018630.jpg,ocy7077,ocy7077,True,0,1.0000,0.634188,motorcycle
img_018631.jpg,odr5971,ddr5971,False,1,0.8571,0.929324,motorcycle
img_018633.jpg,jjc7757,jjg757,False,2,0.7143,0.358593,motorcycle
img_018634.jpg,jjm1920,ijm1920,False,1,0.8571,0.778737,motorcycle
img_018635.jpg,odi6064,ddi6044,False,2,0.7143,0.106757,motorcycle
img_018636.jpg,ppm2930,ppm2930,True,0,1.0000,0.848306,motorcycle
img_018637.jpg,odr4648,odr4648,True,0,1.0000,0.831058,motorcycle
img_018638.jpg,mtp4022,mtp4022,True,0,1.0000,0.921939,motorcycle
img_018639.jpg,pyo7556,pyo7556,True,0,1.0000,0.279887,motorcycle
img_018640.jpg,odr5971,ddr5971,False,1,0.8571,0.949825,motorcycle
img_018641.jpg,mtx3303,mt9303,False,2,0.7143,0.409566,motorcycle
img_018646.jpg,mtq4574,mt24574,False,1,0.8571,0.276044,motorcycle
img_018647.jpg,odr4648,odr4648,True,0,1.0000,0.881060,motorcycle
img_018649.jpg,ppo2162,ppo2122,False,1,0.8571,0.143635,motorcycle
img_018652.jpg,odr5971,ddr5971,False,1,0.8571,0.464712,motorcycle
img_018653.jpg,msb9683,ms9683,False,1,0.8571,0.972505,motorcycle
img_018655.jpg,jjc7757,ijg757,False,3,0.5714,0.523459,motorcycle
img_018658.jpg,jjm1920,yjm920,False,2,0.7143,0.396493,motorcycle
img_018659.jpg,jjc7757,ijg7572,False,4,0.4286,0.536113,motorcycle
img_018660.jpg,ovj2515,ovj2515,True,0,1.0000,0.401677,motorcycle
img_018661.jpg,qrb1638,yrbb638,False,2,0.7143,0.317045,motorcycle
img_018662.jpg,mrk2241,mrk2241,True,0,1.0000,0.940962,motorcycle
img_018663.jpg,jjm1920,ije1920,False,2,0.7143,0.549117,motorcycle
img_018666.jpg,ltk5452,ftx7584,False,6,0.1429,0.144399,motorcycle
img_018667.jpg,odr5971,ddr5971,False,1,0.8571,0.909715,motorcycle
img_018668.jpg,odh5452,ddh5422,False,2,0.7143,0.214401,motorcycle
img_018671.jpg,msb1362,mss1362,False,1,0.8571,0.325688,motorcycle
img_018676.jpg,ppx9459,ppx9599,False,2,0.7143,0.292960,motorcycle
img_018677.jpg,mtx3303,mt3303,False,1,0.8571,0.511144,motorcycle
img_018679.jpg,ovl6577,ov95777,False,3,0.5714,0.145887,motorcycle
img_018680.jpg,msz1632,msz1532,False,1,0.8571,0.396569,motorcycle
img_018682.jpg,ppj7558,ppj5588,False,2,0.7143,0.780714,motorcycle
img_018684.jpg,ppv2708,ppv2708,True,0,1.0000,0.437804,motorcycle
img_018685.jpg,qrd7251,drd1251,False,2,0.7143,0.952734,motorcycle
img_018689.jpg,mtv0751,mfv0751,False,1,0.8571,0.379101,motorcycle
img_018694.jpg,lql2753,lo2753,False,2,0.7143,0.250341,motorcycle
img_018696.jpg,odt9878,obi8782,False,4,0.4286,0.059391,motorcycle
img_018699.jpg,ppx9463,ppx9653,False,2,0.7143,0.047632,motorcycle
img_018700.jpg,ppt5189,ppi5592,False,4,0.4286,0.351606,motorcycle
img_018704.jpg,msb1362,basb368,False,4,0.4286,0.158183,motorcycle
img_018705.jpg,ppx8483,bpy4898,False,5,0.2857,0.379827,motorcycle
img_018706.jpg,odg0036,odgg236,False,2,0.7143,0.156779,motorcycle
img_018709.jpg,odi2928,ddi2928,False,1,0.8571,0.216508,motorcycle
img_018714.jpg,mtg9119,mtg199,False,2,0.7143,0.865299,motorcycle
img_018716.jpg,msr6872,bsb872,False,3,0.5714,0.315705,motorcycle
img_018718.jpg,ppk0137,ppa177,False,3,0.5714,0.955429,motorcycle
img_018721.jpg,odt9878,odj8781,False,3,0.5714,0.407242,motorcycle
img_018724.jpg,oyk9477,oyk9477,True,0,1.0000,0.969038,motorcycle
img_018733.jpg,msb1362,ws11368,False,3,0.5714,0.041713,motorcycle
img_018734.jpg,mqv2901,mov2901,False,1,0.8571,0.835513,motorcycle
img_018738.jpg,msb9683,89s8683,False,4,0.4286,0.040732,motorcycle
img_018742.jpg,mrh7545,mrh7555,False,1,0.8571,0.415153,motorcycle
img_018743.jpg,mtz2261,mt24261,False,2,0.7143,0.573664,motorcycle
img_018744.jpg,mtz2261,bj24261,False,4,0.4286,0.319349,motorcycle
img_018749.jpg,mtz2261,bj99261,False,4,0.4286,0.155949,motorcycle
img_018750.jpg,ppv4218,ppi2218,False,2,0.7143,0.193798,motorcycle
img_018751.jpg,mtz2261,mt24261,False,2,0.7143,0.783224,motorcycle
img_018753.jpg,msj3646,mc53466,False,4,0.4286,0.151309,motorcycle
img_018757.jpg,ppv8421,ppy218,False,4,0.4286,0.508794,motorcycle
img_018760.jpg,ppj2374,pex2574,False,3,0.5714,0.390750,motorcycle
img_018764.jpg,pph0362,pph362,False,1,0.8571,0.959477,motorcycle
img_018767.jpg,mtz2261,mf4261,False,3,0.5714,0.760073,motorcycle
img_018769.jpg,odr5971,ddr5971,False,1,0.8571,0.862845,motorcycle
img_018774.jpg,qrd0144,qrd1444,False,2,0.7143,0.120574,motorcycle
img_018776.jpg,mqj9617,mo96188,False,4,0.4286,0.233154,motorcycle
img_018777.jpg,mtz2261,mt24261,False,2,0.7143,0.699560,motorcycle
img_018781.jpg,msl9949,msi949,False,2,0.7143,0.457104,motorcycle
img_018787.jpg,ppx9463,ppy4463,False,2,0.7143,0.344792,motorcycle
img_018789.jpg,ppl0556,ppl736,False,3,0.5714,0.477488,motorcycle
img_018790.jpg,mqx3311,mox4311,False,2,0.7143,0.490146,motorcycle
img_018792.jpg,msb9683,ms99683,False,1,0.8571,0.272711,motorcycle
img_018793.jpg,odh6465,do4645,False,4,0.4286,0.049574,motorcycle
img_018796.jpg,odq2180,aod2180,False,2,0.7143,0.944107,motorcycle
img_018798.jpg,mqi9518,mo9518,False,2,0.7143,0.594783,motorcycle
img_018800.jpg,ppx9463,ppy9463,False,1,0.8571,0.838930,motorcycle
img_018802.jpg,oyk9561,oyk2618,False,3,0.5714,0.130364,motorcycle
img_018805.jpg,pps8803,pps0382,False,4,0.4286,0.208845,motorcycle
img_018807.jpg,ppx9463,ppa2468,False,3,0.5714,0.378907,motorcycle
img_018808.jpg,mtb7542,mj7542,False,2,0.7143,0.271842,motorcycle
img_018811.jpg,mtz2261,mt22612,False,2,0.7143,0.056736,motorcycle
img_018826.jpg,odi2919,ddi9919,False,2,0.7143,0.332990,motorcycle
img_018828.jpg,mtz2261,mj42261,False,2,0.7143,0.462892,motorcycle
img_018829.jpg,mtz2261,mt24261,False,2,0.7143,0.896145,motorcycle
img_018830.jpg,odh6465,oou465,False,3,0.5714,0.297698,motorcycle
img_018832.jpg,odc1543,odg159,False,3,0.5714,0.619870,motorcycle
img_018833.jpg,mtj4096,wtj496,False,2,0.7143,0.167491,motorcycle
img_018837.jpg,odh6465,ooh6465,False,1,0.8571,0.232144,motorcycle
img_018838.jpg,odg0036,odg9368,False,3,0.5714,0.131696,motorcycle
img_018839.jpg,odi2919,dii428,False,5,0.2857,0.080104,motorcycle
img_018840.jpg,odr2292,ddr2292,False,1,0.8571,0.781815,motorcycle
img_018843.jpg,mtx4192,ma44192,False,2,0.7143,0.169728,motorcycle
img_018844.jpg,mtz2261,mt27261,False,2,0.7143,0.495572,motorcycle
img_018849.jpg,mrh7545,mr41554,False,4,0.4286,0.119293,motorcycle
img_018852.jpg,msj3646,ws33666,False,3,0.5714,0.180292,motorcycle
img_018855.jpg,mtz2261,mtz2261,True,0,1.0000,0.446788,motorcycle
img_018860.jpg,qrd0144,drd1442,False,3,0.5714,0.342460,motorcycle
img_018861.jpg,ppl0556,pre2388,False,6,0.1429,0.231029,motorcycle
img_018865.jpg,mtz2261,mt24261,False,2,0.7143,0.591954,motorcycle
img_018868.jpg,mtv3334,mtv3434,False,1,0.8571,0.552887,motorcycle
img_018870.jpg,odi5475,ddi4752,False,3,0.5714,0.630376,motorcycle
img_018871.jpg,mtx3303,btx303,False,2,0.7143,0.326464,motorcycle
img_018876.jpg,mtz2261,mf42261,False,2,0.7143,0.517195,motorcycle
img_018877.jpg,mtz2261,mf22661,False,3,0.5714,0.072775,motorcycle
img_018879.jpg,odi2919,dd09192,False,4,0.4286,0.151704,motorcycle
img_018880.jpg,odr2292,ddr2292,False,1,0.8571,0.909548,motorcycle
img_018881.jpg,qrd0144,drd1442,False,3,0.5714,0.404536,motorcycle
img_018883.jpg,ppx9463,ppy4463,False,2,0.7143,0.866605,motorcycle
img_018887.jpg,ppl0556,pplo566,False,2,0.7143,0.517788,motorcycle
img_018888.jpg,ocx1773,occ1778,False,2,0.7143,0.086399,motorcycle
img_018893.jpg,mtz2261,mfz4261,False,2,0.7143,0.280473,motorcycle
img_018894.jpg,mts0215,az42215,False,4,0.4286,0.076329,motorcycle
img_018895.jpg,msj3646,3s8666,False,4,0.4286,0.100960,motorcycle
img_018896.jpg,odt2461,ddt2461,False,1,0.8571,0.748424,motorcycle
img_018901.jpg,ocx1773,dc1173,False,3,0.5714,0.796628,motorcycle
img_018902.jpg,gyy1218,gy12182,False,2,0.7143,0.182071,motorcycle
img_018904.jpg,msj3646,922688,False,6,0.1429,0.008875,motorcycle
img_018908.jpg,ocy9325,ocy2325,False,1,0.8571,0.368824,motorcycle
img_018909.jpg,msj3646,326466,False,5,0.2857,0.218266,motorcycle
img_018912.jpg,mtz2261,mtz261,False,1,0.8571,0.515170,motorcycle
img_018913.jpg,mtz2261,mt24261,False,2,0.7143,0.474764,motorcycle
img_018914.jpg,gtu6908,btu8208,False,3,0.5714,0.325622,motorcycle
img_018917.jpg,ppg6782,ppg678,False,1,0.8571,0.945389,motorcycle
img_018920.jpg,msb9683,mb96683,False,2,0.7143,0.136219,motorcycle
img_018922.jpg,odh6465,doh465,False,3,0.5714,0.310997,motorcycle
img_018925.jpg,msb1362,mas1368,False,3,0.5714,0.329873,motorcycle
img_018928.jpg,qrd0144,drd1444,False,3,0.5714,0.914549,motorcycle
img_018932.jpg,gyy1218,gyj2288,False,3,0.5714,0.293971,motorcycle
img_018934.jpg,msj3646,ms3466,False,3,0.5714,0.871832,motorcycle
img_018937.jpg,mtz2261,mt2461,False,2,0.7143,0.525022,motorcycle
img_018940.jpg,mtv9187,mt91878,False,2,0.7143,0.415502,motorcycle
img_018943.jpg,msb9683,mm99683,False,2,0.7143,0.462345,motorcycle
img_018947.jpg,ocx1773,oc8173,False,2,0.7143,0.260267,motorcycle
img_018948.jpg,msj3646,ws6466,False,4,0.4286,0.113444,motorcycle
img_018949.jpg,odf0749,odf049,False,1,0.8571,0.654040,motorcycle
img_018950.jpg,mtx7519,al7199,False,5,0.2857,0.211513,motorcycle
img_018954.jpg,oyg9033,dye3038,False,4,0.4286,0.128767,motorcycle
img_018955.jpg,mtz2261,mt2461,False,2,0.7143,0.635260,motorcycle
img_018956.jpg,mtz2261,mt2461,False,2,0.7143,0.392304,motorcycle
img_018958.jpg,mtz2261,aj24261,False,4,0.4286,0.522256,motorcycle
img_018962.jpg,mtz2261,mt4261,False,2,0.7143,0.274984,motorcycle
img_018963.jpg,msb9683,ma96633,False,4,0.4286,0.175771,motorcycle
img_018966.jpg,mrb2971,mrb2971,True,0,1.0000,0.654119,motorcycle
img_018971.jpg,ovh9424,dvm9484,False,3,0.5714,0.343671,motorcycle
img_018972.jpg,mtz2261,mtz261,False,1,0.8571,0.421311,motorcycle
img_018973.jpg,msb9683,ms99683,False,1,0.8571,0.298213,motorcycle
img_018977.jpg,oyk5885,dyk8858,False,3,0.5714,0.545364,motorcycle
img_018983.jpg,qrd0144,drd1442,False,3,0.5714,0.580791,motorcycle
img_018986.jpg,dlz4730,dya7898,False,6,0.1429,0.018956,motorcycle
img_018987.jpg,odr2292,ddr2292,False,1,0.8571,0.605531,motorcycle
img_018988.jpg,ppl0556,ppi5566,False,3,0.5714,0.609789,motorcycle
img_018989.jpg,oyi4822,oyd4229,False,3,0.5714,0.139330,motorcycle
img_018990.jpg,mtz2261,mt24618,False,3,0.5714,0.572617,motorcycle
img_018991.jpg,ppx9463,ppy4665,False,4,0.4286,0.091912,motorcycle
img_018992.jpg,msj3646,3sp666,False,4,0.4286,0.196322,motorcycle
img_018993.jpg,qrd0144,drd1444,False,3,0.5714,0.693974,motorcycle
img_018994.jpg,mtz2261,mt27261,False,2,0.7143,0.496975,motorcycle
img_018998.jpg,mtb7542,myb752,False,2,0.7143,0.456942,motorcycle
img_018999.jpg,mqx7557,mox4557,False,2,0.7143,0.377102,motorcycle
img_019000.jpg,msj3646,3s2466,False,4,0.4286,0.151359,motorcycle
img_019003.jpg,msb9683,ms9683,False,1,0.8571,0.920970,motorcycle
img_019008.jpg,ppl0556,ppl5566,False,2,0.7143,0.056053,motorcycle
img_019009.jpg,ppv8421,ppy2112,False,5,0.2857,0.562181,motorcycle
img_019012.jpg,odh6465,foh6455,False,3,0.5714,0.277885,motorcycle
img_019014.jpg,mtz2261,bt22261,False,2,0.7143,0.551463,motorcycle
img_019016.jpg,mtz2261,mtz2261,True,0,1.0000,0.307533,motorcycle
img_019017.jpg,mtz2261,mt2261,False,1,0.8571,0.487976,motorcycle
img_019019.jpg,mtz2261,mt2261,False,1,0.8571,0.558039,motorcycle
img_019023.jpg,pph2254,ppa2242,False,3,0.5714,0.094341,motorcycle
img_019030.jpg,qrc0981,drc9818,False,3,0.5714,0.472874,motorcycle
img_019036.jpg,ppc3296,bpe969,False,5,0.2857,0.333782,motorcycle
img_019037.jpg,ppc9946,ppc9466,False,2,0.7143,0.885408,motorcycle
img_019038.jpg,ppf2079,ppe2798,False,3,0.5714,0.160585,motorcycle
img_019044.jpg,ppv9692,ppy6928,False,3,0.5714,0.442071,motorcycle
img_019045.jpg,mrk8393,wp5593,False,5,0.2857,0.060982,motorcycle
img_019046.jpg,hhk0213,ahk2133,False,3,0.5714,0.734040,motorcycle
img_019050.jpg,ppr7688,ppp768,False,2,0.7143,0.249213,motorcycle
img_019053.jpg,mrm0231,mb47231,False,3,0.5714,0.218843,motorcycle
img_019054.jpg,ocw0270,qcm270,False,3,0.5714,0.189707,motorcycle
img_019060.jpg,mtq4574,alp2258,False,7,0.0000,0.309572,motorcycle
img_019061.jpg,qrb7513,qrb5588,False,3,0.5714,0.243164,motorcycle
img_019065.jpg,mqx2913,mox4918,False,3,0.5714,0.415821,motorcycle
img_019066.jpg,msx9147,apa9148,False,4,0.4286,0.105490,motorcycle
img_019068.jpg,mql5285,mou3283,False,4,0.4286,0.135882,motorcycle
img_019073.jpg,pps2359,pps2392,False,2,0.7143,0.257334,motorcycle
img_019074.jpg,ppm4442,ppm4428,False,2,0.7143,0.323821,motorcycle
img_019076.jpg,mqy9394,mov3343,False,5,0.2857,0.120925,motorcycle
img_019077.jpg,odc1091,od59910,False,4,0.4286,0.162581,motorcycle
img_019082.jpg,oyd3422,dyd3422,False,1,0.8571,0.791776,motorcycle
img_019084.jpg,mta5625,5ta4623,False,3,0.5714,0.184932,motorcycle
img_019086.jpg,oyk2653,gyk2632,False,3,0.5714,0.153283,motorcycle
img_019089.jpg,ppe9043,ppe0432,False,2,0.7143,0.587239,motorcycle
img_019090.jpg,oyk6072,pwa288,False,7,0.0000,0.210774,motorcycle
img_019097.jpg,ppj1736,ppi1738,False,2,0.7143,0.157097,motorcycle
img_019099.jpg,ppz1466,pq1468,False,3,0.5714,0.269133,motorcycle
img_019100.jpg,msb9683,msb6683,False,1,0.8571,0.380571,motorcycle
img_019101.jpg,ppo2191,ppo291,False,1,0.8571,0.901018,motorcycle
img_019103.jpg,oye8534,dye5534,False,2,0.7143,0.227484,motorcycle
img_019104.jpg,mtx3303,mt3303,False,1,0.8571,0.615687,motorcycle
img_019110.jpg,ppm4442,ppm422,False,2,0.7143,0.544307,motorcycle
img_019113.jpg,oye8534,dye8534,False,1,0.8571,0.451153,motorcycle
img_019115.jpg,qrc1114,qrc1114,True,0,1.0000,0.800555,motorcycle
img_019117.jpg,mph2341,mpr2341,False,1,0.8571,0.536413,motorcycle
img_019120.jpg,odr2842,qdr2842,False,1,0.8571,0.761518,motorcycle
img_019123.jpg,ods8124,dds814,False,2,0.7143,0.882523,motorcycle
img_019128.jpg,msv4500,msv400,False,1,0.8571,0.771799,motorcycle
img_019129.jpg,mqk8749,mok8749,False,1,0.8571,0.815960,motorcycle
img_019133.jpg,mtx3303,btx303,False,2,0.7143,0.278316,motorcycle
img_019139.jpg,ppp2231,ppp2231,True,0,1.0000,0.994438,motorcycle
img_019143.jpg,ovl3386,dv93868,False,4,0.4286,0.238767,motorcycle
img_019144.jpg,ppq9347,ppo937,False,2,0.7143,0.736215,motorcycle
img_019148.jpg,mri9044,mri9048,False,1,0.8571,0.460666,motorcycle
img_019153.jpg,mpp4106,epp4106,False,1,0.8571,0.301520,motorcycle
img_019155.jpg,oyk9375,oyk3757,False,2,0.7143,0.662511,motorcycle
img_019156.jpg,qrb1638,9rbb383,False,4,0.4286,0.221876,motorcycle
img_019162.jpg,oyg8941,dyc441,False,4,0.4286,0.789840,motorcycle
img_019164.jpg,msw0327,msw327,False,1,0.8571,0.887897,motorcycle
img_019165.jpg,owv9543,owv953,False,1,0.8571,0.367966,motorcycle
img_019174.jpg,odp0225,odp0225,True,0,1.0000,0.509224,motorcycle
img_019177.jpg,odl8131,8d53318,False,5,0.2857,0.075188,motorcycle
img_019182.jpg,mrl8861,mr4766,False,4,0.4286,0.058818,motorcycle
img_019193.jpg,ppb0543,ppb0533,False,1,0.8571,0.463663,motorcycle
img_019195.jpg,ods0897,ods8972,False,2,0.7143,0.335419,motorcycle
img_019199.jpg,mqx7585,moy7555,False,3,0.5714,0.287683,motorcycle
img_019206.jpg,mtx4192,mf34989,False,5,0.2857,0.189980,motorcycle
img_019207.jpg,ppb4231,ppb4231,True,0,1.0000,0.887807,motorcycle
img_019214.jpg,lkp8909,lkp9999,False,2,0.7143,0.281971,motorcycle
img_019227.jpg,ove5684,dve5684,False,1,0.8571,0.794769,motorcycle
img_019229.jpg,qrb8117,drb8171,False,3,0.5714,0.310447,motorcycle
img_019230.jpg,msb1362,mms1368,False,3,0.5714,0.468876,motorcycle
img_019231.jpg,mtz5078,mtz5088,False,1,0.8571,0.486777,motorcycle
img_019238.jpg,odj0825,odj8825,False,1,0.8571,0.285584,motorcycle
img_019240.jpg,qrb1552,drb1589,False,3,0.5714,0.350051,motorcycle
img_019243.jpg,mtz5078,mtz5088,False,1,0.8571,0.406246,motorcycle
img_019244.jpg,odr5971,odr5971,True,0,1.0000,0.335105,motorcycle
img_019247.jpg,oye8534,dye8534,False,1,0.8571,0.923520,motorcycle
img_019249.jpg,mtb1146,iybb166,False,4,0.4286,0.179211,motorcycle
img_019250.jpg,mtx3303,mtx303,False,1,0.8571,0.488299,motorcycle
img_019255.jpg,oda8470,boa8470,False,2,0.7143,0.752996,motorcycle
img_019256.jpg,odb4115,odb4131,False,2,0.7143,0.516094,motorcycle
img_019257.jpg,mtx4192,mt3492,False,2,0.7143,0.262778,motorcycle
img_019261.jpg,oyd1815,oyo8932,False,5,0.2857,0.046793,motorcycle
img_019263.jpg,mte0987,mte9978,False,3,0.5714,0.382105,motorcycle
img_019268.jpg,mtz0696,mtzz669,False,3,0.5714,0.322199,motorcycle
img_019284.jpg,mtx3303,mtx303,False,1,0.8571,0.882662,motorcycle
img_019286.jpg,mrz6467,mbz467,False,2,0.7143,0.148765,motorcycle
img_019287.jpg,msb9683,ms96833,False,2,0.7143,0.216856,motorcycle
img_019291.jpg,qrb1638,qr88688,False,3,0.5714,0.163000,motorcycle
img_019294.jpg,ppb4172,ppb4189,False,2,0.7143,0.632327,motorcycle
img_019296.jpg,mss0528,ms8228,False,3,0.5714,0.333147,motorcycle
img_019298.jpg,mrb5311,db93313,False,5,0.2857,0.052183,motorcycle
img_019302.jpg,oye3717,dye3717,False,1,0.8571,0.913313,motorcycle
img_019307.jpg,qrb1638,9rb8682,False,4,0.4286,0.025418,motorcycle
img_019309.jpg,mst8655,bsi6558,False,4,0.4286,0.488514,motorcycle
img_019311.jpg,mtt1831,mtt831,False,1,0.8571,0.422430,motorcycle
img_019313.jpg,ovi3592,dyi3522,False,3,0.5714,0.366650,motorcycle
img_019323.jpg,mrn6830,88830,False,4,0.4286,0.129186,motorcycle
img_019324.jpg,qrd2834,drd2844,False,2,0.7143,0.352967,motorcycle
img_019326.jpg,mrf3594,mrf3594,True,0,1.0000,0.521545,motorcycle
img_019329.jpg,ppm9557,ppm9557,True,0,1.0000,0.979460,motorcycle
img_019330.jpg,ppr7688,ppp7688,False,1,0.8571,0.518205,motorcycle
img_019331.jpg,hyo1025,hyo1025,True,0,1.0000,0.449423,motorcycle
img_019332.jpg,qrb7513,qrb1553,False,2,0.7143,0.114106,motorcycle
img_019337.jpg,mtz5078,mtz5078,True,0,1.0000,0.966705,motorcycle
img_019338.jpg,ppt5205,pp15205,False,1,0.8571,0.762320,motorcycle
img_019341.jpg,oda8470,qpa8470,False,2,0.7143,0.340865,motorcycle
img_019342.jpg,mtx4192,wf34192,False,3,0.5714,0.058858,motorcycle
img_019343.jpg,ppw3680,pex3680,False,2,0.7143,0.415644,motorcycle
img_019344.jpg,ocx1649,ocy1699,False,2,0.7143,0.176921,motorcycle
img_019345.jpg,mtx3303,mt9303,False,2,0.7143,0.205339,motorcycle
img_019346.jpg,mtm2326,bmtm326,False,2,0.7143,0.193206,motorcycle
img_019347.jpg,mtc8669,ame6699,False,5,0.2857,0.048384,motorcycle
img_019348.jpg,oyk5122,oyk5222,False,1,0.8571,0.252210,motorcycle
img_019349.jpg,mte1748,mte1748,True,0,1.0000,0.990244,motorcycle
img_019352.jpg,msh4661,ms44661,False,1,0.8571,0.597562,motorcycle
img_019353.jpg,odp0225,odp0225,True,0,1.0000,0.255900,motorcycle
img_019354.jpg,ppi8650,pfa3308,False,6,0.1429,0.057743,motorcycle
img_019357.jpg,oyd2830,dyo2830,False,2,0.7143,0.698579,motorcycle
img_019362.jpg,ocx8008,dc8008,False,2,0.7143,0.204894,motorcycle
img_019368.jpg,odc3096,ddc306,False,2,0.7143,0.463611,motorcycle
img_019369.jpg,msz1632,mas7188,False,5,0.2857,0.041719,motorcycle
img_019370.jpg,mqj6527,maj657,False,2,0.7143,0.938899,motorcycle
img_019376.jpg,mru6781,mru6781,True,0,1.0000,0.844153,motorcycle
img_019377.jpg,mqa5194,mora189,False,5,0.2857,0.044079,motorcycle
img_019381.jpg,mrq3407,mro3002,False,3,0.5714,0.450362,motorcycle
img_019386.jpg,mro6244,mro6624,False,2,0.7143,0.667785,motorcycle
img_019389.jpg,ovj8219,dvu8219,False,2,0.7143,0.470348,motorcycle
img_019392.jpg,ppg1086,ppg1866,False,2,0.7143,0.286225,motorcycle
img_019393.jpg,mtz0696,mtz768,False,3,0.5714,0.203660,motorcycle
img_019399.jpg,gzz8751,gzz388,False,4,0.4286,0.167676,motorcycle
img_019407.jpg,mtt1831,m411728,False,5,0.2857,0.013046,motorcycle
img_019409.jpg,mtx3656,mix366,False,2,0.7143,0.503242,motorcycle
img_019415.jpg,msj3155,msp3182,False,3,0.5714,0.213435,motorcycle
img_019419.jpg,mtx3303,mtx3003,False,1,0.8571,0.405265,motorcycle
img_019420.jpg,mrm4703,wrm4793,False,2,0.7143,0.108074,motorcycle
img_019424.jpg,odg5912,ddg5912,False,1,0.8571,0.886347,motorcycle
img_019425.jpg,odq7894,9dq284,False,3,0.5714,0.163870,motorcycle
img_019428.jpg,opz6615,dpaz615,False,3,0.5714,0.502489,motorcycle
img_019430.jpg,msz1632,ms93633,False,3,0.5714,0.109825,motorcycle
img_019431.jpg,odg5912,ddg912,False,2,0.7143,0.837713,motorcycle
img_019432.jpg,mrs5261,2r55261,False,2,0.7143,0.210335,motorcycle
img_019433.jpg,odr4281,odr4281,True,0,1.0000,0.510757,motorcycle
img_019434.jpg,ppj7398,psa3398,False,3,0.5714,0.413978,motorcycle
img_019444.jpg,msa8197,asa4997,False,3,0.5714,0.196708,motorcycle
img_019447.jpg,ocx8244,ocx244,False,1,0.8571,0.591472,motorcycle
img_019448.jpg,mrz3515,mr23582,False,3,0.5714,0.263798,motorcycle
img_019451.jpg,hit8129,bl72292,False,6,0.1429,0.121430,motorcycle
img_019453.jpg,odg5912,odg5912,True,0,1.0000,0.566087,motorcycle
img_019455.jpg,odr2292,odb2922,False,3,0.5714,0.137091,motorcycle
img_019458.jpg,oyd1815,oyb2812,False,3,0.5714,0.120635,motorcycle
img_019460.jpg,odn8534,opm534,False,3,0.5714,0.091559,motorcycle
img_019466.jpg,ppi7591,pp11591,False,2,0.7143,0.376054,motorcycle
img_019468.jpg,mtm0994,mtm948,False,3,0.5714,0.412864,motorcycle
img_019469.jpg,ppo6851,ppo551,False,2,0.7143,0.164897,motorcycle
img_019472.jpg,odf3477,203477,False,3,0.5714,0.143258,motorcycle
img_019473.jpg,pps7339,pps1393,False,3,0.5714,0.987022,motorcycle
img_019476.jpg,mrr0434,brr1481,False,4,0.4286,0.046882,motorcycle
img_019478.jpg,mru5943,mru3942,False,2,0.7143,0.063234,motorcycle
img_019481.jpg,odt5939,ddi5939,False,2,0.7143,0.458383,motorcycle
img_019482.jpg,mqx2913,mox4919,False,3,0.5714,0.327257,motorcycle
img_019483.jpg,msm0075,msp288,False,5,0.2857,0.076500,motorcycle
img_019485.jpg,odg5912,ddg5912,False,1,0.8571,0.492460,motorcycle
img_019486.jpg,mpn7049,empn49,False,3,0.5714,0.505028,motorcycle
img_019489.jpg,ovh6100,dyh6100,False,2,0.7143,0.094191,motorcycle
img_019492.jpg,ppu0251,ppu2251,False,1,0.8571,0.751707,motorcycle
img_019497.jpg,mro4578,mro4578,True,0,1.0000,0.849441,motorcycle
img_019502.jpg,mqq7389,moo739,False,3,0.5714,0.535989,motorcycle
img_019512.jpg,ppy6833,ppy8833,False,1,0.8571,0.962594,motorcycle
img_019513.jpg,ovf4815,oyfe855,False,3,0.5714,0.112823,motorcycle
img_019516.jpg,mrb5311,wrb5331,False,2,0.7143,0.259422,motorcycle
img_019519.jpg,ppd2620,ppd2620,True,0,1.0000,0.986222,motorcycle
img_019521.jpg,pps1706,ppa1706,False,1,0.8571,0.211484,motorcycle
img_019525.jpg,mtx4192,mt34989,False,4,0.4286,0.122565,motorcycle
img_019530.jpg,pxl7388,pyi7892,False,5,0.2857,0.137561,motorcycle
img_019535.jpg,odt1955,odi1955,False,1,0.8571,0.248141,motorcycle
img_019538.jpg,ppz3755,ppa7555,False,3,0.5714,0.262197,motorcycle
img_019540.jpg,mqx7585,moy7585,False,2,0.7143,0.467855,motorcycle
img_019541.jpg,ocv3282,de8328,False,4,0.4286,0.073693,motorcycle
img_019542.jpg,ppo2197,ppo2977,False,2,0.7143,0.316972,motorcycle
img_019544.jpg,mtx3303,mtx3033,False,2,0.7143,0.752350,motorcycle
img_019546.jpg,ppm1709,ppm1799,False,1,0.8571,0.554803,motorcycle
img_019547.jpg,msa2398,2msa989,False,4,0.4286,0.298683,motorcycle
img_019553.jpg,msz1922,m83729,False,5,0.2857,0.045755,motorcycle
img_019556.jpg,qrb1638,1rb6387,False,3,0.5714,0.403105,motorcycle
img_019557.jpg,oyh4070,oyb4070,False,1,0.8571,0.391377,motorcycle
img_019559.jpg,mtt8743,bu8878,False,5,0.2857,0.170917,motorcycle
img_019561.jpg,mra3876,maa3876,False,1,0.8571,0.794494,motorcycle
img_019565.jpg,msx5054,ms4504,False,2,0.7143,0.331389,motorcycle
img_019567.jpg,oyi2813,ovi2813,False,1,0.8571,0.267036,motorcycle
img_019568.jpg,mpk8317,8pk177,False,4,0.4286,0.523702,motorcycle
img_019573.jpg,msa2398,msa238,False,1,0.8571,0.320071,motorcycle
img_019574.jpg,mtx3303,mtx303,False,1,0.8571,0.452942,motorcycle
img_019575.jpg,oyg1553,oyg1553,True,0,1.0000,0.850835,motorcycle
img_019582.jpg,msb1362,8ws8388,False,6,0.1429,0.178920,motorcycle
img_019583.jpg,ppg5751,ppg551,False,1,0.8571,0.857169,motorcycle
img_019584.jpg,odp0125,ddp0255,False,3,0.5714,0.224381,motorcycle
img_019591.jpg,msx5054,msx554,False,1,0.8571,0.628464,motorcycle
img_019593.jpg,jsn0597,9sa577,False,4,0.4286,0.052334,motorcycle
img_019603.jpg,mtx7170,mfx7170,False,1,0.8571,0.505816,motorcycle
img_019605.jpg,mto5364,mj9534,False,3,0.5714,0.216574,motorcycle
img_019607.jpg,mtx3303,mtx3033,False,2,0.7143,0.834898,motorcycle
img_019612.jpg,msx2298,msy2289,False,3,0.5714,0.643888,motorcycle
img_019613.jpg,ovh6100,dyu1000,False,5,0.2857,0.086587,motorcycle
img_019616.jpg,odg5912,ddg5912,False,1,0.8571,0.443012,motorcycle
img_019618.jpg,mqg7841,wog248,False,5,0.2857,0.149777,motorcycle
img_019621.jpg,odi1734,opil738,False,3,0.5714,0.217093,motorcycle
img_019622.jpg,odg5912,ddg5912,False,1,0.8571,0.585012,motorcycle
img_019624.jpg,msx5054,msx504,False,1,0.8571,0.872831,motorcycle
img_019625.jpg,odl3800,o82380,False,3,0.5714,0.078429,motorcycle
img_019628.jpg,mqp5431,mop4431,False,2,0.7143,0.638153,motorcycle
img_019629.jpg,mqn4794,mox774,False,4,0.4286,0.062050,motorcycle
img_019630.jpg,ltk5452,lt54588,False,3,0.5714,0.131144,motorcycle
img_019632.jpg,ppg5798,ppg578,False,1,0.8571,0.960125,motorcycle
img_019633.jpg,ppr7688,ppr7688,True,0,1.0000,0.476390,motorcycle
img_019636.jpg,mtx3303,mtx303,False,1,0.8571,0.811363,motorcycle
img_019638.jpg,ppq2825,ppo2825,False,1,0.8571,0.713848,motorcycle
img_019639.jpg,mtz2261,bje3268,False,5,0.2857,0.383468,motorcycle
img_019642.jpg,ppf2079,ppe079,False,2,0.7143,0.438259,motorcycle
img_019649.jpg,odn6676,ddn6767,False,3,0.5714,0.412946,motorcycle
img_019651.jpg,mtq9627,mtg927,False,2,0.7143,0.862385,motorcycle
img_019652.jpg,ovj5300,ovj5300,True,0,1.0000,0.696712,motorcycle
img_019653.jpg,mtx3303,mtx303,False,1,0.8571,0.447719,motorcycle
img_019655.jpg,mty6860,mty6860,True,0,1.0000,0.160462,motorcycle
img_019663.jpg,mro6244,mro624,False,1,0.8571,0.846261,motorcycle
img_019671.jpg,mru1294,mrua186,False,4,0.4286,0.099232,motorcycle
img_019672.jpg,ocw7196,qcv7962,False,4,0.4286,0.205658,motorcycle
img_019678.jpg,odb8634,ddb168,False,4,0.4286,0.087414,motorcycle
img_019680.jpg,msx2298,mfy2289,False,4,0.4286,0.657278,motorcycle
img_019690.jpg,ppd2559,ppo2588,False,3,0.5714,0.177138,motorcycle
img_019694.jpg,oye3717,dye3717,False,1,0.8571,0.325812,motorcycle
img_019695.jpg,msp7266,msp226,False,2,0.7143,0.613989,motorcycle
img_019699.jpg,ppt5205,ppt5205,True,0,1.0000,0.378223,motorcycle
img_019700.jpg,mqj9617,mo9367,False,4,0.4286,0.056189,motorcycle
img_019701.jpg,qrd7251,qrp7251,False,1,0.8571,0.117336,motorcycle
img_019704.jpg,ppq1376,ppq1376,True,0,1.0000,0.596584,motorcycle
img_019706.jpg,ovi5924,pya2242,False,6,0.1429,0.688646,motorcycle
img_019707.jpg,odl8131,dp53388,False,6,0.1429,0.283937,motorcycle
img_019709.jpg,mrk2241,wrk2241,False,1,0.8571,0.288343,motorcycle
img_019710.jpg,msj4609,ms44692,False,3,0.5714,0.133232,motorcycle
img_019712.jpg,ppg5751,ppg7812,False,3,0.5714,0.250963,motorcycle
img_019715.jpg,mtv6080,bjv8080,False,3,0.5714,0.056163,motorcycle
img_019717.jpg,qrd7252,qrd7252,True,0,1.0000,0.283220,motorcycle
img_019723.jpg,odj5550,ppa550,False,4,0.4286,0.471046,motorcycle
img_019727.jpg,ppt2630,ppi2630,False,1,0.8571,0.567644,motorcycle
img_019731.jpg,ppr1686,ppr1686,True,0,1.0000,0.374678,motorcycle
img_019732.jpg,mtz5078,mtz5088,False,1,0.8571,0.627136,motorcycle
img_019733.jpg,odr2292,odr2292,True,0,1.0000,0.205121,motorcycle
img_019734.jpg,mtx3303,mtx303,False,1,0.8571,0.607746,motorcycle
img_019737.jpg,ppo2197,ppo2992,False,2,0.7143,0.314348,motorcycle
img_019739.jpg,ppe5980,ppe5990,False,1,0.8571,0.483431,motorcycle
img_019743.jpg,mtr0445,mtr0455,False,1,0.8571,0.950201,motorcycle
img_019744.jpg,ppu9971,ppu971,False,1,0.8571,0.971530,motorcycle
img_019745.jpg,odg5912,odg5912,True,0,1.0000,0.347858,motorcycle
img_019759.jpg,mtm5314,mtm348,False,3,0.5714,0.540621,motorcycle
img_019762.jpg,odl8131,bp53122,False,6,0.1429,0.037499,motorcycle
img_019764.jpg,mtz5078,wt5578,False,3,0.5714,0.419026,motorcycle
img_019768.jpg,ppb4172,ppb4122,False,1,0.8571,0.377817,motorcycle
img_019769.jpg,ods0897,ods8897,False,1,0.8571,0.637926,motorcycle
img_019774.jpg,ppq9375,ppq9375,True,0,1.0000,0.515469,motorcycle
img_019776.jpg,ovl3436,dvi3338,False,4,0.4286,0.199763,motorcycle
img_019778.jpg,oye6829,dye6829,False,1,0.8571,0.268229,motorcycle
img_019779.jpg,mtz5078,mtg508,False,2,0.7143,0.358012,motorcycle
img_019780.jpg,ocx7943,oca4943,False,2,0.7143,0.201655,motorcycle
img_019783.jpg,qrc0981,dbc9811,False,4,0.4286,0.072165,motorcycle
img_019784.jpg,mtx4192,wt33929,False,5,0.2857,0.189341,motorcycle
img_019788.jpg,odg5912,ddg5912,False,1,0.8571,0.509968,motorcycle
img_019790.jpg,ppg3571,ppg351,False,1,0.8571,0.832311,motorcycle
img_019792.jpg,ocw7196,ocw796,False,1,0.8571,0.135057,motorcycle
img_019794.jpg,odg5912,ddg5912,False,1,0.8571,0.507425,motorcycle
img_019795.jpg,ppo2191,bpo191,False,2,0.7143,0.825356,motorcycle
img_019796.jpg,odl8131,8d53388,False,6,0.1429,0.352607,motorcycle
img_019808.jpg,pps7270,bps2218,False,4,0.4286,0.114266,motorcycle
img_019809.jpg,ppg5713,ppi5738,False,3,0.5714,0.256727,motorcycle
img_019810.jpg,ods0897,ods897,False,1,0.8571,0.984442,motorcycle
img_019812.jpg,ppm4442,ppm4424,False,2,0.7143,0.311286,motorcycle
img_019817.jpg,msx5054,msa5054,False,1,0.8571,0.314371,motorcycle
img_019818.jpg,mts5164,mts1648,False,2,0.7143,0.162472,motorcycle
img_019819.jpg,mtz5078,etz5078,False,1,0.8571,0.090453,motorcycle
img_019821.jpg,mro6244,mro624,False,1,0.8571,0.893430,motorcycle
img_019824.jpg,ppq1376,ppo1376,False,1,0.8571,0.795185,motorcycle
img_019825.jpg,ppd2620,ppo262,False,2,0.7143,0.861725,motorcycle
img_019826.jpg,msb1362,8ws8388,False,6,0.1429,0.107821,motorcycle
img_019827.jpg,odn9515,odn555,False,2,0.7143,0.376013,motorcycle
img_019833.jpg,odb2698,qob2698,False,2,0.7143,0.283444,motorcycle
img_019834.jpg,mtz5078,mtz5078,True,0,1.0000,0.528875,motorcycle
img_019835.jpg,odc7430,oec430,False,2,0.7143,0.161137,motorcycle
img_019837.jpg,ppb0543,ppb543,False,1,0.8571,0.804293,motorcycle
img_019839.jpg,ppm5173,ppm5173,True,0,1.0000,0.626101,motorcycle
img_019840.jpg,msa8197,aj48197,False,3,0.5714,0.085393,motorcycle
img_019844.jpg,mtz5078,wt3578,False,3,0.5714,0.119929,motorcycle
img_019845.jpg,mtx3303,mtx303,False,1,0.8571,0.669660,motorcycle
img_019852.jpg,odn8534,opa8534,False,2,0.7143,0.677135,motorcycle
img_019856.jpg,mta5460,mta460,False,1,0.8571,0.946758,motorcycle
img_019857.jpg,odr4281,gdr4281,False,1,0.8571,0.388712,motorcycle
img_019858.jpg,oko9518,oko9588,False,1,0.8571,0.268462,motorcycle
img_019859.jpg,mrz4429,dpa4292,False,5,0.2857,0.347574,motorcycle
img_019869.jpg,ppy6961,ppy8961,False,1,0.8571,0.423743,motorcycle
img_019872.jpg,odt9878,oot8878,False,2,0.7143,0.298711,motorcycle
img_019873.jpg,ppu4392,ppu2922,False,3,0.5714,0.344213,motorcycle
img_019880.jpg,pps7339,pps339,False,1,0.8571,0.743630,motorcycle
img_019883.jpg,mtz0670,mtz867,False,2,0.7143,0.491642,motorcycle
img_019886.jpg,mth2379,mtp379,False,2,0.7143,0.860235,motorcycle
img_019890.jpg,mta6451,mta6451,True,0,1.0000,0.992477,motorcycle
img_019892.jpg,odb7075,9ob7079,False,3,0.5714,0.271381,motorcycle
img_019898.jpg,mro4578,mro4578,True,0,1.0000,0.855438,motorcycle
img_019901.jpg,mtq9210,mj9220,False,3,0.5714,0.833639,motorcycle
img_019903.jpg,mtx3303,mtx303,False,1,0.8571,0.149211,motorcycle
img_019905.jpg,ovl8579,dv88599,False,3,0.5714,0.243770,motorcycle
img_019909.jpg,msb1362,mms1368,False,3,0.5714,0.250827,motorcycle
img_019915.jpg,odg5912,ddg5912,False,1,0.8571,0.906143,motorcycle
img_019919.jpg,qrb8036,dreb066,False,4,0.4286,0.299471,motorcycle
img_019920.jpg,ppk8709,bpk799,False,3,0.5714,0.204458,motorcycle
img_019921.jpg,ppb4183,ppb4189,False,1,0.8571,0.692990,motorcycle
img_019926.jpg,odb4107,odb4107,True,0,1.0000,0.349378,motorcycle
img_019927.jpg,kpu6390,vpu6300,False,2,0.7143,0.379438,motorcycle
img_019929.jpg,mtz5078,mtz578,False,1,0.8571,0.397084,motorcycle
img_019931.jpg,hdy6316,woy6316,False,2,0.7143,0.335356,motorcycle
img_019932.jpg,mro6244,mro624,False,1,0.8571,0.801941,motorcycle
img_019935.jpg,mtv0352,mfy358,False,4,0.4286,0.115976,motorcycle
img_019938.jpg,odr4281,qqr4281,False,2,0.7143,0.347407,motorcycle
img_019941.jpg,ppb4231,ppb4231,True,0,1.0000,0.949865,motorcycle
img_019942.jpg,odj5604,dp95604,False,3,0.5714,0.420156,motorcycle
img_019943.jpg,odb7075,9881079,False,5,0.2857,0.401057,motorcycle
img_019944.jpg,msz1632,mb3688,False,5,0.2857,0.431703,motorcycle
img_019949.jpg,ppm9555,ppm555,False,1,0.8571,0.693103,motorcycle
img_019950.jpg,ppr7688,ppr1688,False,1,0.8571,0.186057,motorcycle
img_019951.jpg,msm6217,mms2217,False,3,0.5714,0.216605,motorcycle
img_019953.jpg,qrd7245,gro7255,False,3,0.5714,0.226526,motorcycle
img_019960.jpg,qrd0121,ord1212,False,3,0.5714,0.626829,motorcycle
img_019961.jpg,odb5237,ddb5237,False,1,0.8571,0.649083,motorcycle
img_019965.jpg,qnx3469,dny4469,False,3,0.5714,0.345718,motorcycle
img_019969.jpg,msb9683,8ms9683,False,2,0.7143,0.196104,motorcycle
img_019971.jpg,mtx4192,mt3492,False,2,0.7143,0.143047,motorcycle
img_019979.jpg,ppp3131,bpp3131,False,1,0.8571,0.320280,motorcycle
img_019982.jpg,odm4163,odm4153,False,1,0.8571,0.241187,motorcycle
img_019984.jpg,oyd1390,dxd1300,False,3,0.5714,0.480916,motorcycle
img_019985.jpg,mtz5078,mt8078,False,2,0.7143,0.762568,motorcycle
img_019986.jpg,ppn2582,ppn2529,False,2,0.7143,0.598568,motorcycle
img_019991.jpg,lkq0727,lko727,False,2,0.7143,0.196021,motorcycle
img_019992.jpg,mpe6919,bmi6919,False,3,0.5714,0.125458,motorcycle
img_019994.jpg,odj5604,pp25642,False,5,0.2857,0.451804,motorcycle
img_019996.jpg,mqs0401,moss011,False,4,0.4286,0.241099,motorcycle
img_019997.jpg,ppo2162,bpo268,False,3,0.5714,0.475291,motorcycle
img_020000.jpg,oyd2830,dyb2830,False,2,0.7143,0.509694,motorcycle
img_020007.jpg,mpk8317,mpk177,False,3,0.5714,0.907024,motorcycle
img_020012.jpg,ppz1463,pp31433,False,2,0.7143,0.134624,motorcycle
img_020013.jpg,msy3067,msy3067,True,0,1.0000,0.292056,motorcycle
img_020014.jpg,ppd2620,bp8688,False,5,0.2857,0.078499,motorcycle
img_020018.jpg,asy9044,asy944,False,1,0.8571,0.999123,motorcycle
img_020019.jpg,odm6783,paq678,False,4,0.4286,0.102612,motorcycle
img_020023.jpg,mtl2735,mtl273,False,1,0.8571,0.350688,motorcycle
img_020028.jpg,oyh0980,oyh980,False,1,0.8571,0.632889,motorcycle
img_020031.jpg,qrd7245,qro7255,False,2,0.7143,0.330035,motorcycle
img_020033.jpg,ocx7943,ocx1948,False,2,0.7143,0.052606,motorcycle
img_020036.jpg,msm6217,msm217,False,1,0.8571,0.916038,motorcycle
img_020039.jpg,odr2292,ddb2292,False,2,0.7143,0.231016,motorcycle
img_020041.jpg,msb1362,wasb368,False,4,0.4286,0.085137,motorcycle
img_020043.jpg,odl8131,dd55312,False,5,0.2857,0.170237,motorcycle
img_020044.jpg,mst6448,mst648,False,1,0.8571,0.197482,motorcycle
img_020047.jpg,ppu1462,ppu1889,False,3,0.5714,0.180423,motorcycle
img_020049.jpg,qrb8116,8rb1182,False,4,0.4286,0.135189,motorcycle
img_020054.jpg,ppb4183,ppb4189,False,1,0.8571,0.790521,motorcycle
img_020055.jpg,ods0897,ods7897,False,1,0.8571,0.128638,motorcycle
img_020061.jpg,mqj6527,moj677,False,3,0.5714,0.267257,motorcycle
img_020063.jpg,mtz2261,mj49261,False,3,0.5714,0.166467,motorcycle
img_020065.jpg,ppl7980,ppi990,False,3,0.5714,0.780119,motorcycle
img_020066.jpg,mqh2561,mow5588,False,5,0.2857,0.242949,motorcycle
img_020067.jpg,odi2928,odj2928,False,1,0.8571,0.573643,motorcycle
img_020070.jpg,odj2762,dq92752,False,4,0.4286,0.325388,motorcycle
img_020071.jpg,mta5424,mta5224,False,1,0.8571,0.556899,motorcycle
img_020073.jpg,odh7019,odm7092,False,3,0.5714,0.066994,motorcycle
img_020074.jpg,pps6244,pps247,False,2,0.7143,0.710240,motorcycle
img_020079.jpg,ppw3680,ppa3808,False,3,0.5714,0.159122,motorcycle
img_020081.jpg,mpe6919,bgi319,False,5,0.2857,0.086494,motorcycle
img_020086.jpg,mrv9051,mpy9051,False,2,0.7143,0.966808,motorcycle
img_020089.jpg,ppj3188,ppj3882,False,2,0.7143,0.234642,motorcycle
img_020092.jpg,odt6046,ddi6466,False,4,0.4286,0.231761,motorcycle
img_020093.jpg,msz1632,ms93632,False,2,0.7143,0.175144,motorcycle
img_020094.jpg,ppj2374,ppj2374,True,0,1.0000,0.920428,motorcycle
img_020098.jpg,mtz5078,mtz078,False,1,0.8571,0.252549,motorcycle
img_020104.jpg,mtz0748,m79749,False,4,0.4286,0.252014,motorcycle
img_020106.jpg,oyj4153,dv94133,False,4,0.4286,0.268656,motorcycle
img_020110.jpg,ocv8403,dcv4033,False,3,0.5714,0.967116,motorcycle
img_020113.jpg,ppg5713,ppe588,False,4,0.4286,0.112362,motorcycle
img_020117.jpg,qrd7245,qro7245,False,1,0.8571,0.322100,motorcycle
img_020118.jpg,oye8534,oye8594,False,1,0.8571,0.312199,motorcycle
img_020121.jpg,ppv9585,ppy5852,False,3,0.5714,0.695383,motorcycle
img_020123.jpg,oyj2555,oyj2555,True,0,1.0000,0.811584,motorcycle
img_020127.jpg,msb1362,8s8b388,False,5,0.2857,0.166406,motorcycle
img_020130.jpg,qrb8001,drb7001,False,2,0.7143,0.286762,motorcycle
img_020133.jpg,opz6615,dp2661,False,3,0.5714,0.427170,motorcycle
img_020134.jpg,ppk8700,bpk870,False,2,0.7143,0.476664,motorcycle
img_020135.jpg,odr4648,odr4648,True,0,1.0000,0.239990,motorcycle
img_020138.jpg,mtz5078,mtz078,False,1,0.8571,0.933620,motorcycle
img_020142.jpg,mru3095,bru3050,False,3,0.5714,0.285289,motorcycle
img_020144.jpg,ppj2374,ppj2374,True,0,1.0000,0.842313,motorcycle
img_020145.jpg,ppv5741,ppy5741,False,1,0.8571,0.974075,motorcycle
img_020146.jpg,mql2015,2m01015,False,4,0.4286,0.028526,motorcycle
img_020147.jpg,mqx2913,mox4238,False,5,0.2857,0.480998,motorcycle
img_020150.jpg,mph2341,mpr2111,False,3,0.5714,0.205390,motorcycle
img_020151.jpg,ppm2910,ppm2910,True,0,1.0000,0.954999,motorcycle
img_020153.jpg,mpe6919,bwi8919,False,4,0.4286,0.114100,motorcycle
img_020155.jpg,ppj3188,ppj3888,False,1,0.8571,0.572175,motorcycle
img_020157.jpg,odg5912,ddg5929,False,3,0.5714,0.175602,motorcycle
img_020158.jpg,odr4648,odb4648,False,1,0.8571,0.613537,motorcycle
img_020159.jpg,msh3522,msp3522,False,1,0.8571,0.832141,motorcycle
img_020165.jpg,odr2292,qdb2292,False,2,0.7143,0.188768,motorcycle
img_020166.jpg,msb1362,ms81668,False,3,0.5714,0.089096,motorcycle
img_020170.jpg,odt9878,odt9878,True,0,1.0000,0.479076,motorcycle
img_020172.jpg,odj5604,pe7564,False,4,0.4286,0.111418,motorcycle
img_020178.jpg,ppo2334,ppo2343,False,2,0.7143,0.686221,motorcycle
img_020179.jpg,ods0897,ods8897,False,1,0.8571,0.598059,motorcycle
img_020181.jpg,ppu6260,ppu260,False,1,0.8571,0.767589,motorcycle
img_020182.jpg,ppg0652,ppg2584,False,4,0.4286,0.381537,motorcycle
img_020183.jpg,ocx2033,bcya283,False,5,0.2857,0.353939,motorcycle
img_020184.jpg,mtx4192,wts4892,False,3,0.5714,0.157610,motorcycle
img_020185.jpg,odl3800,dqi380,False,4,0.4286,0.053310,motorcycle
img_020191.jpg,odi8520,odi350,False,2,0.7143,0.120866,motorcycle
img_020192.jpg,msh9204,ws92204,False,3,0.5714,0.307300,motorcycle
img_020193.jpg,ppm9557,ppm957,False,1,0.8571,0.830705,motorcycle
img_020194.jpg,ppv5741,ppy5741,False,1,0.8571,0.968791,motorcycle
img_020195.jpg,mtz5078,mt5078,False,1,0.8571,0.488545,motorcycle
img_020198.jpg,odf8751,ddf8711,False,2,0.7143,0.481756,motorcycle
img_020201.jpg,odr4648,odr4648,True,0,1.0000,0.691970,motorcycle
img_020202.jpg,mtx4192,wtx492,False,2,0.7143,0.207368,motorcycle
img_020203.jpg,msb1362,8wsb388,False,5,0.2857,0.084799,motorcycle
img_020205.jpg,qrd0121,drd1211,False,3,0.5714,0.471204,motorcycle
img_020210.jpg,ppk8700,ppa7078,False,4,0.4286,0.053428,motorcycle
img_020213.jpg,ppk8694,ppk864,False,1,0.8571,0.575594,motorcycle
img_020215.jpg,odr3327,ddr3327,False,1,0.8571,0.473212,motorcycle
img_020222.jpg,msz1632,mms3158,False,5,0.2857,0.089908,motorcycle
img_020223.jpg,odj5604,dp25604,False,3,0.5714,0.226959,motorcycle
img_020225.jpg,ppu1457,ppu147,False,1,0.8571,0.242087,motorcycle
img_020227.jpg,odm6707,q2m672,False,4,0.4286,0.195953,motorcycle
img_020228.jpg,odt1955,oqt1959,False,2,0.7143,0.387411,motorcycle
img_020233.jpg,ppm9537,pe95378,False,3,0.5714,0.438728,motorcycle
img_020239.jpg,ppc8676,ppc876,False,1,0.8571,0.870533,motorcycle
img_020244.jpg,ppv2570,ppy2570,False,1,0.8571,0.909674,motorcycle
img_020246.jpg,ppu4392,ppu4392,True,0,1.0000,0.330332,motorcycle
img_020260.jpg,odj2762,dp32288,False,6,0.1429,0.330467,motorcycle
img_020261.jpg,ppm9557,be4957,False,4,0.4286,0.508575,motorcycle
img_020262.jpg,mph2341,mph2414,False,2,0.7143,0.328054,motorcycle
img_020263.jpg,mpn7049,empn49,False,3,0.5714,0.726526,motorcycle
img_020264.jpg,mtx4192,wt4492,False,3,0.5714,0.283895,motorcycle
img_020270.jpg,qrd3816,drd3866,False,2,0.7143,0.411318,motorcycle
img_020271.jpg,mtx7170,mfx7170,False,1,0.8571,0.464969,motorcycle
img_020274.jpg,odp0225,odp7255,False,2,0.7143,0.259724,motorcycle
img_020275.jpg,msn5190,msw590,False,2,0.7143,0.487712,motorcycle
img_020281.jpg,mtt0512,mib3182,False,5,0.2857,0.075768,motorcycle
img_020283.jpg,msb1362,ms88368,False,3,0.5714,0.148643,motorcycle
img_020287.jpg,msz1632,mms3588,False,6,0.1429,0.115389,motorcycle
img_020292.jpg,mql2015,mo42155,False,4,0.4286,0.114184,motorcycle
img_020294.jpg,ppz9797,ppa979,False,2,0.7143,0.522393,motorcycle
img_020297.jpg,odk1170,ood1770,False,3,0.5714,0.266267,motorcycle
img_020301.jpg,mtz5078,mtz5088,False,1,0.8571,0.250037,motorcycle
img_020302.jpg,odr4648,odr4648,True,0,1.0000,0.967984,motorcycle
img_020306.jpg,odp0225,odp2252,False,2,0.7143,0.262032,motorcycle
img_020307.jpg,mtx4192,mts1829,False,4,0.4286,0.134134,motorcycle
img_020309.jpg,msb1362,8ws8388,False,6,0.1429,0.048736,motorcycle
img_020310.jpg,ppg5751,pp92384,False,5,0.2857,0.102481,motorcycle
img_020312.jpg,mqz6035,993035,False,4,0.4286,0.101072,motorcycle
img_020316.jpg,mqh2561,mom2561,False,2,0.7143,0.182672,motorcycle
img_020323.jpg,mpl7707,mp57707,False,1,0.8571,0.460194,motorcycle
img_020325.jpg,qrc1114,qrg184,False,3,0.5714,0.253071,motorcycle
img_020327.jpg,ppv9585,ppy585,False,2,0.7143,0.687122,motorcycle
img_020328.jpg,ppg9448,bpg948,False,2,0.7143,0.183075,motorcycle
img_020330.jpg,ppm4442,ppm4424,False,2,0.7143,0.564210,motorcycle
img_020331.jpg,mtt8621,mtt8621,True,0,1.0000,0.582515,motorcycle
img_020332.jpg,mtx4192,wi44192,False,3,0.5714,0.378558,motorcycle
img_020333.jpg,ovh6100,dvp610,False,3,0.5714,0.513827,motorcycle
img_020336.jpg,msa4370,msa4370,True,0,1.0000,0.514076,motorcycle
img_020337.jpg,msb9683,mm99683,False,2,0.7143,0.501811,motorcycle
img_020339.jpg,msb1362,8wsb388,False,5,0.2857,0.188650,motorcycle
img_020340.jpg,ppd2620,ppp2620,False,1,0.8571,0.168622,motorcycle
img_020345.jpg,mse7469,wiee249,False,5,0.2857,0.154640,motorcycle
img_020347.jpg,msz1632,mms3188,False,5,0.2857,0.026897,motorcycle
img_020351.jpg,ppb4172,ppb4182,False,1,0.8571,0.450846,motorcycle
img_020353.jpg,odb4115,ddb4152,False,3,0.5714,0.122754,motorcycle
img_020360.jpg,msx9147,c24418,False,6,0.1429,0.176051,motorcycle
img_020361.jpg,oye6856,aye8856,False,2,0.7143,0.601516,motorcycle
img_020363.jpg,mse7469,wse4469,False,2,0.7143,0.322947,motorcycle
img_020369.jpg,mtz5078,wtz5078,False,1,0.8571,0.557779,motorcycle
img_020370.jpg,mra3876,mra7876,False,1,0.8571,0.183084,motorcycle
img_020373.jpg,ppu4392,ppu4322,False,1,0.8571,0.428773,motorcycle
img_020378.jpg,ovl3436,by62588,False,7,0.0000,0.050364,motorcycle
img_020382.jpg,msx9147,cp4914,False,4,0.4286,0.110966,motorcycle
img_020383.jpg,mqx2913,mox2918,False,2,0.7143,0.891816,motorcycle
img_020385.jpg,mpn7049,emp409,False,4,0.4286,0.521331,motorcycle
img_020386.jpg,msb1362,shs1388,False,5,0.2857,0.133876,motorcycle
img_020387.jpg,qrb8001,dbb288,False,6,0.1429,0.166536,motorcycle
img_020392.jpg,mtx4192,mta492,False,2,0.7143,0.239229,motorcycle
img_020396.jpg,odr4648,odr4648,True,0,1.0000,0.523759,motorcycle
img_020400.jpg,mtd1829,mtp2292,False,4,0.4286,0.401459,motorcycle
img_020404.jpg,oyi2833,dvi2833,False,2,0.7143,0.294403,motorcycle
img_020405.jpg,qrd3846,drd3866,False,2,0.7143,0.956908,motorcycle
img_020408.jpg,ppo2162,bp53828,False,6,0.1429,0.106110,motorcycle
img_020410.jpg,ppj2374,ppu274,False,2,0.7143,0.586576,motorcycle
img_020419.jpg,ppa9547,ppa9574,False,2,0.7143,0.866736,motorcycle
img_020421.jpg,mtl2735,mtl275,False,1,0.8571,0.453372,motorcycle
img_020424.jpg,mtd1829,mto1829,False,1,0.8571,0.101699,motorcycle
img_020432.jpg,ovl3386,dyl3868,False,4,0.4286,0.531134,motorcycle
img_020436.jpg,ppz3755,ppa7755,False,2,0.7143,0.307539,motorcycle
img_020439.jpg,mtz5078,wtz5088,False,2,0.7143,0.265715,motorcycle
img_020440.jpg,msr1575,msp1575,False,1,0.8571,0.461314,motorcycle
img_020441.jpg,ppm2910,ppm2910,True,0,1.0000,0.973307,motorcycle
img_020442.jpg,ppv5741,ppy5741,False,1,0.8571,0.526303,motorcycle
img_020444.jpg,odr4648,odr4648,True,0,1.0000,0.402238,motorcycle
img_020445.jpg,mrf6286,mrf9286,False,1,0.8571,0.019910,motorcycle
img_020446.jpg,msb1362,8hsb388,False,5,0.2857,0.090482,motorcycle
img_020451.jpg,ocw9063,ocm9692,False,4,0.4286,0.031563,motorcycle
img_020464.jpg,mtw6413,mtw498,False,3,0.5714,0.224740,motorcycle
img_020467.jpg,mtx4192,mtx419,False,1,0.8571,0.257162,motorcycle
img_020468.jpg,odj5604,pp25604,False,3,0.5714,0.447183,motorcycle
img_020470.jpg,mtt1831,wts3318,False,5,0.2857,0.184301,motorcycle
img_020476.jpg,mtx7170,wts7170,False,2,0.7143,0.130121,motorcycle
img_020479.jpg,msa6798,msa6798,True,0,1.0000,0.988599,motorcycle
img_020480.jpg,ppp3359,ppp3595,False,2,0.7143,0.422089,motorcycle
img_020482.jpg,odr4648,odr4648,True,0,1.0000,0.692172,motorcycle
img_020484.jpg,qrd7245,qrq1255,False,3,0.5714,0.327896,motorcycle
img_020486.jpg,mrf8508,mpe5082,False,4,0.4286,0.456826,motorcycle
img_020488.jpg,mtx4192,mts4222,False,3,0.5714,0.220410,motorcycle
img_020491.jpg,mro6244,mro624,False,1,0.8571,0.800723,motorcycle
img_020496.jpg,msz1632,mms3588,False,6,0.1429,0.070015,motorcycle
img_020497.jpg,odm9555,odm955,False,1,0.8571,0.418301,motorcycle
img_020500.jpg,ppo2178,bpo2182,False,3,0.5714,0.404229,motorcycle
img_020505.jpg,ovi2792,dyb7982,False,5,0.2857,0.203579,motorcycle
img_020510.jpg,ppg5713,ppb789,False,4,0.4286,0.151695,motorcycle
img_020511.jpg,mtx4192,mtx492,False,1,0.8571,0.258133,motorcycle
img_020513.jpg,ppm1734,ppm174,False,1,0.8571,0.619354,motorcycle
img_020514.jpg,oyj2555,2y9255,False,3,0.5714,0.070411,motorcycle
img_020516.jpg,odh5452,ppp5422,False,4,0.4286,0.054489,motorcycle
img_020520.jpg,mtx7170,mtx7170,True,0,1.0000,0.502158,motorcycle
img_020521.jpg,ppt7234,ppy7234,False,1,0.8571,0.172837,motorcycle
img_020522.jpg,ppt9149,ppt4492,False,3,0.5714,0.290916,motorcycle
img_020523.jpg,ozk3386,dzk3668,False,4,0.4286,0.248824,motorcycle
img_020524.jpg,mqa5134,moa534,False,2,0.7143,0.505791,motorcycle
img_020525.jpg,ove0989,ove3892,False,3,0.5714,0.465580,motorcycle
img_020528.jpg,mqk5693,mok1693,False,2,0.7143,0.229849,motorcycle
img_020529.jpg,ovl3436,dvi3436,False,2,0.7143,0.335843,motorcycle
img_020530.jpg,odj5461,ppy4461,False,4,0.4286,0.473602,motorcycle
img_020540.jpg,ppt5209,ppi5209,False,1,0.8571,0.862980,motorcycle
img_020542.jpg,hlc2481,hig2481,False,2,0.7143,0.132289,motorcycle
img_020543.jpg,mpn7049,empn049,False,2,0.7143,0.299288,motorcycle
img_020548.jpg,mqi6783,rn9578,False,5,0.2857,0.069652,motorcycle
img_020549.jpg,hjo2485,bjo2485,False,1,0.8571,0.980415,motorcycle
img_020554.jpg,kxn2215,kxn2255,False,1,0.8571,0.441341,motorcycle
img_020564.jpg,msw4283,msi4289,False,2,0.7143,0.355616,motorcycle
img_020568.jpg,ppm1709,ppm179,False,1,0.8571,0.902930,motorcycle
img_020570.jpg,ppr5542,ppb789,False,5,0.2857,0.826849,motorcycle
img_020574.jpg,mpl7707,mp57772,False,3,0.5714,0.510117,motorcycle
img_020577.jpg,hlc2481,blc2481,False,1,0.8571,0.627326,motorcycle
img_020580.jpg,prf7007,pre7007,False,1,0.8571,0.505162,motorcycle
img_020583.jpg,ppw0768,ppm8828,False,4,0.4286,0.123670,motorcycle
img_020587.jpg,odj2879,ddj2879,False,1,0.8571,0.284756,motorcycle
img_020589.jpg,ppj7470,pps4478,False,3,0.5714,0.577408,motorcycle
img_020590.jpg,ppr1686,ppr1686,True,0,1.0000,0.858815,motorcycle
img_020597.jpg,qrd7892,qrd7892,True,0,1.0000,0.104496,motorcycle
img_020600.jpg,mqv9691,mov9319,False,4,0.4286,0.214603,motorcycle
img_020601.jpg,odj5604,pp74602,False,5,0.2857,0.059568,motorcycle
img_020602.jpg,msb9683,8ms9683,False,2,0.7143,0.465931,motorcycle
img_020604.jpg,odg5912,ddg5912,False,1,0.8571,0.752949,motorcycle
img_020609.jpg,odb2698,9db2692,False,2,0.7143,0.347025,motorcycle
img_020610.jpg,odg5912,ddg5929,False,3,0.5714,0.382817,motorcycle
img_020611.jpg,odr3327,odr3327,True,0,1.0000,0.564650,motorcycle
img_020612.jpg,mtx7170,mfx7170,False,1,0.8571,0.919955,motorcycle
img_020614.jpg,mtz5078,wt55088,False,3,0.5714,0.168502,motorcycle
img_020615.jpg,ppv9692,ppy2692,False,2,0.7143,0.380377,motorcycle
img_020618.jpg,odj0825,odj825,False,1,0.8571,0.809817,motorcycle
img_020622.jpg,ocx8244,dcx244,False,2,0.7143,0.385145,motorcycle
img_020623.jpg,ovj5300,dyj5300,False,2,0.7143,0.461910,motorcycle
img_020626.jpg,odr4648,odr4648,True,0,1.0000,0.307096,motorcycle
img_020627.jpg,mtx4192,mtx419,False,1,0.8571,0.333259,motorcycle
img_020630.jpg,odn8534,dpa254,False,5,0.2857,0.153530,motorcycle
img_020633.jpg,ocw7196,qci1968,False,4,0.4286,0.098861,motorcycle
img_020634.jpg,odg5912,ddg5912,False,1,0.8571,0.459258,motorcycle
img_020636.jpg,mtx9393,mtg3938,False,3,0.5714,0.272419,motorcycle
img_020638.jpg,odc7430,odc430,False,1,0.8571,0.824522,motorcycle
img_020642.jpg,odr5971,odr5997,False,2,0.7143,0.528163,motorcycle
img_020643.jpg,odr2292,ddb2289,False,4,0.4286,0.219732,motorcycle
img_020644.jpg,ppp3129,bpp3192,False,3,0.5714,0.407317,motorcycle
img_020645.jpg,mrf8508,mbe5888,False,5,0.2857,0.738185,motorcycle
img_020647.jpg,qrd7892,qrb7892,False,1,0.8571,0.070588,motorcycle
img_020649.jpg,qrc1114,grc118,False,3,0.5714,0.407105,motorcycle
img_020650.jpg,ppc8676,pp6586,False,4,0.4286,0.065398,motorcycle
img_020653.jpg,mqs0401,mo55488,False,5,0.2857,0.073521,motorcycle
img_020654.jpg,odr4648,odb4648,False,1,0.8571,0.276334,motorcycle
img_020658.jpg,ppo6851,pp96851,False,1,0.8571,0.587607,motorcycle
img_020659.jpg,mpv8198,mpv198,False,1,0.8571,0.902032,motorcycle
img_020661.jpg,ppz2838,ppz2838,True,0,1.0000,0.949829,motorcycle
img_020663.jpg,ppq3967,ppo367,False,2,0.7143,0.856676,motorcycle
img_020664.jpg,ppp2156,ppp2166,False,1,0.8571,0.751419,motorcycle
img_020666.jpg,mtg9119,mtg919,False,1,0.8571,0.907819,motorcycle
img_020668.jpg,mqy3046,mox306,False,3,0.5714,0.654059,motorcycle
img_020675.jpg,msz1632,m93538,False,5,0.2857,0.140054,motorcycle
img_020676.jpg,ove0989,bv21988,False,4,0.4286,0.021431,motorcycle
img_020683.jpg,mrd1456,wrp246,False,4,0.4286,0.112903,motorcycle
img_020687.jpg,mtx4192,wt44929,False,4,0.4286,0.189150,motorcycle
img_020689.jpg,ppy6645,ppy6452,False,2,0.7143,0.633036,motorcycle
img_020693.jpg,odi1734,opi1734,False,1,0.8571,0.153069,motorcycle
img_020695.jpg,qrc1723,drg1723,False,2,0.7143,0.266877,motorcycle
img_020696.jpg,ppv8000,ppy000,False,2,0.7143,0.978090,motorcycle
img_020699.jpg,ocx6654,dy4664,False,4,0.4286,0.136985,motorcycle
img_020702.jpg,mtz5078,wtz5078,False,1,0.8571,0.560630,motorcycle
img_020703.jpg,mss5191,mms591,False,2,0.7143,0.221813,motorcycle
img_020704.jpg,ppy6837,ppy877,False,2,0.7143,0.269045,motorcycle
img_020708.jpg,ppv8396,ppy396,False,2,0.7143,0.939137,motorcycle
img_020709.jpg,hcw3772,bc5727,False,5,0.2857,0.251994,motorcycle
img_020710.jpg,ods1031,bop5932,False,6,0.1429,0.056577,motorcycle
img_020711.jpg,kzi9639,kz1688,False,4,0.4286,0.162138,motorcycle
img_020712.jpg,ods0897,ods897,False,1,0.8571,0.684935,motorcycle
img_020713.jpg,ppo2344,ppo2347,False,1,0.8571,0.266681,motorcycle
img_020716.jpg,mtt1831,wtt831,False,2,0.7143,0.582806,motorcycle
img_020720.jpg,odt9878,oot8788,False,3,0.5714,0.416672,motorcycle
img_020721.jpg,odc7430,odc430,False,1,0.8571,0.822109,motorcycle
img_020724.jpg,mqk5693,mok763,False,3,0.5714,0.697842,motorcycle
img_020725.jpg,mqn4794,mon4748,False,3,0.5714,0.233456,motorcycle
img_020739.jpg,odk1170,odk177,False,2,0.7143,0.824053,motorcycle
img_020743.jpg,msr1575,mse1575,False,1,0.8571,0.663646,motorcycle
img_020744.jpg,ppe0073,ppe0882,False,3,0.5714,0.347120,motorcycle
img_020748.jpg,ppq7827,ppa7828,False,2,0.7143,0.157568,motorcycle
img_020749.jpg,msv4983,msv4933,False,1,0.8571,0.920425,motorcycle
img_020755.jpg,ppy6491,ppy491,False,1,0.8571,0.999474,motorcycle
img_020756.jpg,mtx7170,mtx7170,True,0,1.0000,0.462899,motorcycle
img_020758.jpg,mrd3742,mpo372,False,3,0.5714,0.245983,motorcycle
img_020761.jpg,mqk8759,bq35592,False,5,0.2857,0.121755,motorcycle
img_020765.jpg,mqa5134,foa5534,False,3,0.5714,0.054552,motorcycle
img_020771.jpg,odj5461,ppy7461,False,4,0.4286,0.084080,motorcycle
img_020775.jpg,msb9683,ms99683,False,1,0.8571,0.174614,motorcycle
img_020777.jpg,mrt3912,bpt391,False,3,0.5714,0.408600,motorcycle
img_020788.jpg,msk5541,msk5441,False,1,0.8571,0.596650,motorcycle
img_020789.jpg,ppi7591,pp17591,False,1,0.8571,0.410174,motorcycle
img_020793.jpg,msz1632,m99358,False,6,0.1429,0.357513,motorcycle
img_020798.jpg,ppb4172,ppb7182,False,2,0.7143,0.829578,motorcycle
img_020800.jpg,mst6448,bs1499,False,5,0.2857,0.156910,motorcycle
img_020803.jpg,mrf3594,mbf3594,False,1,0.8571,0.648209,motorcycle
img_020805.jpg,odr4648,opb4648,False,2,0.7143,0.620090,motorcycle
img_020806.jpg,oyg5604,dyg504,False,2,0.7143,0.068428,motorcycle
img_020807.jpg,qrd7245,qrq1245,False,2,0.7143,0.194587,motorcycle
img_020808.jpg,mtz5078,mtz508,False,1,0.8571,0.344075,motorcycle
img_020809.jpg,mtx4192,mtx492,False,1,0.8571,0.274755,motorcycle
img_020814.jpg,ppy6861,ppy8861,False,1,0.8571,0.836167,motorcycle
img_020818.jpg,msa5116,msa2168,False,3,0.5714,0.127539,motorcycle
img_020821.jpg,qld0106,di87068,False,6,0.1429,0.275429,motorcycle
img_020822.jpg,mtz5078,mtz778,False,2,0.7143,0.254690,motorcycle
img_020823.jpg,mtx4192,wta492,False,3,0.5714,0.215153,motorcycle
img_020824.jpg,ovj6272,dyg278,False,5,0.2857,0.421654,motorcycle
img_020826.jpg,ppy6861,ppy8861,False,1,0.8571,0.636133,motorcycle
img_020827.jpg,msb9683,8ws9683,False,3,0.5714,0.172272,motorcycle
img_020830.jpg,qrb8036,drb7036,False,2,0.7143,0.251634,motorcycle
img_020837.jpg,pwy5444,pmy5442,False,2,0.7143,0.495664,motorcycle
img_020839.jpg,msy7490,msy4902,False,2,0.7143,0.859904,motorcycle
img_020845.jpg,mrf3594,mrf3594,True,0,1.0000,0.802969,motorcycle
img_020847.jpg,ocw0270,ocm270,False,2,0.7143,0.386943,motorcycle
img_020850.jpg,odr5971,ddr5971,False,1,0.8571,0.478150,motorcycle
img_020851.jpg,mqf4431,mof4312,False,3,0.5714,0.397077,motorcycle
img_020852.jpg,odr0461,odr2614,False,3,0.5714,0.238900,motorcycle
img_020854.jpg,mtz5078,mtz578,False,1,0.8571,0.251918,motorcycle
img_020857.jpg,msb9683,ms99683,False,1,0.8571,0.795257,motorcycle
img_020863.jpg,msb9683,ms99683,False,1,0.8571,0.563205,motorcycle
img_020866.jpg,mss0438,ws84382,False,4,0.4286,0.264334,motorcycle
img_020870.jpg,qrc6942,bb6742,False,4,0.4286,0.263995,motorcycle
img_020895.jpg,ppz3755,ppa7555,False,3,0.5714,0.642571,motorcycle
img_020902.jpg,odr5971,ddr5971,False,1,0.8571,0.849813,motorcycle
img_020909.jpg,odr5971,odr5997,False,2,0.7143,0.470007,motorcycle
img_020915.jpg,qrc6942,qrc6929,False,2,0.7143,0.181388,motorcycle
img_020920.jpg,oda5163,dda5516,False,3,0.5714,0.145515,motorcycle
img_020921.jpg,mss0688,ws82888,False,4,0.4286,0.061351,motorcycle
img_020923.jpg,oda1825,oda1825,True,0,1.0000,0.954932,motorcycle
img_020926.jpg,msn5190,wia519,False,4,0.4286,0.080171,motorcycle
img_020928.jpg,msb1362,bssb388,False,5,0.2857,0.203827,motorcycle
img_020929.jpg,msy7490,msy4908,False,2,0.7143,0.436110,motorcycle
img_020930.jpg,qrd3816,bro3788,False,5,0.2857,0.042319,motorcycle
img_020932.jpg,msb9683,ms9968,False,2,0.7143,0.749666,motorcycle
img_020934.jpg,msz1632,mms3188,False,5,0.2857,0.088965,motorcycle
img_020936.jpg,mtw6355,mtw355,False,1,0.8571,0.673002,motorcycle
img_020939.jpg,ppj2374,ppy2372,False,2,0.7143,0.154660,motorcycle
img_020940.jpg,msy7374,msv328,False,4,0.4286,0.265348,motorcycle
img_020943.jpg,mtx3303,mt4303,False,2,0.7143,0.299225,motorcycle
img_020944.jpg,odr4648,odb4648,False,1,0.8571,0.259512,motorcycle
img_020949.jpg,msq7857,mso857,False,2,0.7143,0.591223,motorcycle
img_020950.jpg,msb1362,8ss8388,False,5,0.2857,0.067566,motorcycle
img_020954.jpg,ppk8700,bpr0002,False,5,0.2857,0.321273,motorcycle
img_020955.jpg,ove0989,dve9892,False,3,0.5714,0.813123,motorcycle
img_020959.jpg,oyk8491,dyk491,False,2,0.7143,0.890772,motorcycle
img_020961.jpg,mty0370,mix3702,False,4,0.4286,0.211642,motorcycle
img_020962.jpg,mss0528,ms85282,False,3,0.5714,0.233448,motorcycle
img_020963.jpg,oye7425,ove7288,False,4,0.4286,0.156590,motorcycle
img_020965.jpg,mtx3303,mt9303,False,2,0.7143,0.233034,motorcycle
img_020968.jpg,mst8655,mst665,False,2,0.7143,0.279197,motorcycle
img_020969.jpg,mss0688,ws88682,False,4,0.4286,0.293382,motorcycle
img_020970.jpg,ppj7558,ppj1558,False,1,0.8571,0.910992,motorcycle
img_020976.jpg,msb9683,mms9683,False,2,0.7143,0.154577,motorcycle
img_020979.jpg,hgq8971,bgq91,False,3,0.5714,0.213049,motorcycle
img_020980.jpg,ppf2079,ppe2079,False,1,0.8571,0.845673,motorcycle
img_020991.jpg,mqm7120,mom720,False,2,0.7143,0.362306,motorcycle
img_020992.jpg,ods0897,ods8977,False,2,0.7143,0.636303,motorcycle
img_020993.jpg,msm0075,msm0557,False,3,0.5714,0.396568,motorcycle
img_020994.jpg,odg0049,odg0492,False,2,0.7143,0.169148,motorcycle
img_020996.jpg,mtx3303,mt9303,False,2,0.7143,0.386155,motorcycle
img_020999.jpg,odr4648,odb4648,False,1,0.8571,0.404937,motorcycle
img_021000.jpg,mtx4192,mta492,False,2,0.7143,0.375693,motorcycle
img_021005.jpg,msb9683,8ms9683,False,2,0.7143,0.294086,motorcycle
img_021006.jpg,odg5912,ddg5922,False,2,0.7143,0.632748,motorcycle
img_021013.jpg,ppn3906,ppn366,False,2,0.7143,0.497937,motorcycle
img_021015.jpg,msd4007,asq2384,False,6,0.1429,0.040203,motorcycle
img_021016.jpg,mts6787,bm76787,False,3,0.5714,0.083274,motorcycle
img_021020.jpg,ppo2162,ppo262,False,1,0.8571,0.446437,motorcycle
img_021022.jpg,odg8591,ddg5912,False,3,0.5714,0.189533,motorcycle
img_021025.jpg,mtg1525,mtg525,False,1,0.8571,0.895227,motorcycle
img_021029.jpg,oye7425,oye7232,False,3,0.5714,0.039103,motorcycle
img_021032.jpg,mta7027,inj9927,False,5,0.2857,0.019194,motorcycle
img_021033.jpg,msm6217,msm217,False,1,0.8571,0.328189,motorcycle
img_021036.jpg,ocw9063,dcw9632,False,3,0.5714,0.156043,motorcycle
img_021037.jpg,ppg5798,ppg799,False,2,0.7143,0.397539,motorcycle
img_021042.jpg,mqk8749,bok4498,False,5,0.2857,0.413119,motorcycle
img_021047.jpg,mtw6413,mtm4184,False,4,0.4286,0.085381,motorcycle
img_021048.jpg,oyk5122,dyk2292,False,4,0.4286,0.051813,motorcycle
img_021052.jpg,msn5190,wsm590,False,3,0.5714,0.124312,motorcycle
img_021054.jpg,odr4648,odr4648,True,0,1.0000,0.902332,motorcycle
img_021057.jpg,ppi7591,ppi7591,True,0,1.0000,0.779580,motorcycle
img_021059.jpg,oyg9071,ove9071,False,2,0.7143,0.292293,motorcycle
img_021060.jpg,odm9555,opm555,False,2,0.7143,0.436364,motorcycle
img_021068.jpg,mtx3303,mtx303,False,1,0.8571,0.500408,motorcycle
img_021071.jpg,odr4648,odr4648,True,0,1.0000,0.352185,motorcycle
img_021072.jpg,msk4371,msk437,False,1,0.8571,0.837118,motorcycle
img_021075.jpg,mtx7170,mfx7170,False,1,0.8571,0.960863,motorcycle
img_021076.jpg,odq7718,qdq7782,False,3,0.5714,0.170884,motorcycle
img_021077.jpg,oyh9499,byx4993,False,4,0.4286,0.176819,motorcycle
img_021080.jpg,mta7423,mta4233,False,2,0.7143,0.478920,motorcycle
img_021086.jpg,odi8520,d48020,False,3,0.5714,0.188653,motorcycle
img_021087.jpg,odr4648,odb4648,False,1,0.8571,0.264894,motorcycle
img_021088.jpg,mqx7585,mox4358,False,4,0.4286,0.160413,motorcycle
img_021091.jpg,odr5971,ddr5997,False,3,0.5714,0.457607,motorcycle
img_021092.jpg,mtz5078,mt5578,False,2,0.7143,0.259726,motorcycle
img_021093.jpg,ppg5798,ppe7882,False,4,0.4286,0.471127,motorcycle
img_021094.jpg,ppw3684,ppw368,False,1,0.8571,0.691732,motorcycle
img_021096.jpg,ppx8483,bpy4892,False,5,0.2857,0.488664,motorcycle
img_021100.jpg,ods5406,pp24066,False,5,0.2857,0.046546,motorcycle
img_021101.jpg,odr4648,orb464,False,3,0.5714,0.457861,motorcycle
img_021103.jpg,ppq1376,ppo1376,False,1,0.8571,0.551200,motorcycle
img_021104.jpg,qrd7245,qrq1245,False,2,0.7143,0.293027,motorcycle
img_021108.jpg,ppt5927,ppt5927,True,0,1.0000,0.933793,motorcycle
img_021110.jpg,ppo2334,ppo2334,True,0,1.0000,0.710316,motorcycle
img_021111.jpg,mtw4082,iti5888,False,5,0.2857,0.020248,motorcycle
img_021113.jpg,mse2679,mse2267,False,2,0.7143,0.308534,motorcycle
img_021114.jpg,odj5550,pp35500,False,4,0.4286,0.149824,motorcycle
img_021119.jpg,msu3143,msu3434,False,2,0.7143,0.509332,motorcycle
img_021121.jpg,qrb7513,orb7553,False,2,0.7143,0.180770,motorcycle
img_021123.jpg,odm9555,2p4555,False,4,0.4286,0.106410,motorcycle
img_021124.jpg,mst6448,wst448,False,2,0.7143,0.159876,motorcycle
img_021127.jpg,mpx7232,mps1292,False,3,0.5714,0.169591,motorcycle
img_021130.jpg,odp7687,ode1887,False,3,0.5714,0.507973,motorcycle
img_021133.jpg,msx5054,ws4454,False,4,0.4286,0.597344,motorcycle
img_021134.jpg,mrs6505,mes738,False,5,0.2857,0.060028,motorcycle
img_021144.jpg,mqk2538,mok2532,False,2,0.7143,0.318762,motorcycle
img_021146.jpg,ppm5128,eri5188,False,4,0.4286,0.156617,motorcycle
img_021150.jpg,oyk5157,pyk5757,False,2,0.7143,0.256346,motorcycle
img_021152.jpg,msn5190,wa55902,False,5,0.2857,0.086513,motorcycle
img_021154.jpg,mtr4817,mtr4817,True,0,1.0000,0.950432,motorcycle
img_021156.jpg,ppu9960,ppu960,False,1,0.8571,0.955795,motorcycle
img_021159.jpg,ppp2231,ppp2231,True,0,1.0000,0.948032,motorcycle
img_021173.jpg,mtz5078,mtz5078,True,0,1.0000,0.546310,motorcycle
img_021174.jpg,mtx3303,mtx3033,False,2,0.7143,0.482147,motorcycle
img_021175.jpg,mqn6010,mon6010,False,1,0.8571,0.389675,motorcycle
img_021176.jpg,mqs0401,mos4012,False,3,0.5714,0.315659,motorcycle
img_021177.jpg,mtx7170,mtx7170,True,0,1.0000,0.777489,motorcycle
img_021178.jpg,odr4648,odr4648,True,0,1.0000,0.823382,motorcycle
img_021181.jpg,ode6539,qde6539,False,1,0.8571,0.297292,motorcycle
img_021190.jpg,msp0314,msp228,False,4,0.4286,0.239405,motorcycle
img_021193.jpg,msb9683,ms9683,False,1,0.8571,0.456740,motorcycle
img_021195.jpg,odk1170,pudk170,False,3,0.5714,0.224635,motorcycle
img_021196.jpg,mqa5134,woa534,False,3,0.5714,0.447152,motorcycle
img_021197.jpg,odj2785,dpi3228,False,6,0.1429,0.046103,motorcycle
img_021200.jpg,mtz0686,mizz686,False,2,0.7143,0.437517,motorcycle
img_021201.jpg,msm6217,msm218,False,2,0.7143,0.950741,motorcycle
img_021203.jpg,ppv5696,ppy5967,False,3,0.5714,0.690976,motorcycle
img_021206.jpg,ppg9448,ppg948,False,1,0.8571,0.530381,motorcycle
img_021207.jpg,hit8129,bld1298,False,5,0.2857,0.147285,motorcycle
img_021208.jpg,odi1734,opi1738,False,2,0.7143,0.271458,motorcycle
img_021209.jpg,ppi6013,ppi4613,False,2,0.7143,0.079501,motorcycle
img_021210.jpg,mtx7170,mfx7170,False,1,0.8571,0.656502,motorcycle
img_021212.jpg,msx5018,psa4288,False,5,0.2857,0.220772,motorcycle
img_021220.jpg,odq7860,fod8660,False,4,0.4286,0.258726,motorcycle
img_021223.jpg,qrb1552,drb1558,False,2,0.7143,0.381595,motorcycle
img_021235.jpg,mtu3874,mfu3848,False,3,0.5714,0.722195,motorcycle
img_021236.jpg,ocv1472,2ccy424,False,5,0.2857,0.112266,motorcycle
img_021238.jpg,ppi2601,bpi1288,False,5,0.2857,0.314862,motorcycle
img_021241.jpg,mti0948,mto948,False,2,0.7143,0.360007,motorcycle
img_021242.jpg,mqk5693,mok569,False,2,0.7143,0.444095,motorcycle
img_021246.jpg,ppb4172,ppb4189,False,2,0.7143,0.611299,motorcycle
img_021248.jpg,ppf4854,pre4868,False,4,0.4286,0.157991,motorcycle
img_021249.jpg,oyj4153,dy94151,False,3,0.5714,0.293918,motorcycle
img_021250.jpg,ppx9472,ppa7872,False,3,0.5714,0.509483,motorcycle
img_021254.jpg,odb4107,odb4107,True,0,1.0000,0.741843,motorcycle
img_021255.jpg,oyi8248,by22284,False,5,0.2857,0.243777,motorcycle
img_021259.jpg,mtq4574,mag4574,False,2,0.7143,0.085853,motorcycle
img_021260.jpg,pph9410,pph9410,True,0,1.0000,0.900099,motorcycle
img_021261.jpg,msk4371,msk4371,True,0,1.0000,0.872332,motorcycle
img_021263.jpg,msn6556,msa6556,False,1,0.8571,0.150884,motorcycle
img_021264.jpg,ppq2813,ppo8133,False,3,0.5714,0.558071,motorcycle
img_021266.jpg,qrd2890,qrd2890,True,0,1.0000,0.481673,motorcycle
img_021268.jpg,msz1632,m933538,False,5,0.2857,0.071993,motorcycle
img_021271.jpg,ppn3906,ppn3066,False,2,0.7143,0.600312,motorcycle
img_021274.jpg,qrb7513,opb7593,False,3,0.5714,0.230887,motorcycle
img_021276.jpg,ppr9707,ppr9707,True,0,1.0000,0.985336,motorcycle
img_021277.jpg,mqy0742,fm972,False,5,0.2857,0.310639,motorcycle
img_021284.jpg,ppc4324,ppc4342,False,2,0.7143,0.290818,motorcycle
img_021289.jpg,mtt1831,itf831,False,3,0.5714,0.240845,motorcycle
img_021291.jpg,mtb6695,mie6955,False,4,0.4286,0.137257,motorcycle
img_021296.jpg,mtb7542,myb7589,False,3,0.5714,0.852854,motorcycle
img_021297.jpg,mtz5078,mtz5078,True,0,1.0000,0.540774,motorcycle
img_021298.jpg,nsr9144,aer9442,False,4,0.4286,0.105831,motorcycle
img_021299.jpg,odr4648,odr4648,True,0,1.0000,0.619202,motorcycle
img_021307.jpg,oyi2833,dbi2838,False,3,0.5714,0.092611,motorcycle
img_021313.jpg,ppi2609,ppi2692,False,2,0.7143,0.570667,motorcycle
img_021323.jpg,odr5971,ddr5977,False,2,0.7143,0.606576,motorcycle
img_021324.jpg,ppb4271,ppb4288,False,2,0.7143,0.509715,motorcycle
img_021326.jpg,mst6448,bsf188,False,5,0.2857,0.026056,motorcycle
img_021327.jpg,odr4281,qdr4281,False,1,0.8571,0.537339,motorcycle
img_021330.jpg,msz1632,m93358,False,6,0.1429,0.403867,motorcycle
img_021331.jpg,msy7490,msy4902,False,2,0.7143,0.822889,motorcycle
img_021336.jpg,mqx7585,mox1585,False,2,0.7143,0.232966,motorcycle
img_021337.jpg,mtz5078,mf55088,False,3,0.5714,0.294196,motorcycle
img_021342.jpg,ppo6851,ppo681,False,1,0.8571,0.518945,motorcycle
img_021344.jpg,mqa5518,moa5518,False,1,0.8571,0.578838,motorcycle
img_021347.jpg,msz1632,dm93588,False,7,0.0000,0.078253,motorcycle
img_021349.jpg,msa8782,msa7898,False,3,0.5714,0.664159,motorcycle
img_021356.jpg,odk3177,ddk3177,False,1,0.8571,0.233014,motorcycle
img_021359.jpg,odr4648,odb4648,False,1,0.8571,0.659000,motorcycle
img_021367.jpg,mtx4192,mt38789,False,5,0.2857,0.056039,motorcycle
img_021370.jpg,mqt7091,mot7918,False,3,0.5714,0.084928,motorcycle
img_021374.jpg,odl8131,dd53318,False,5,0.2857,0.294736,motorcycle
img_021376.jpg,ppq2938,ppo2938,False,1,0.8571,0.936819,motorcycle
img_021385.jpg,mss0688,ms88682,False,3,0.5714,0.336774,motorcycle
img_021386.jpg,msm6217,msp2217,False,2,0.7143,0.061295,motorcycle
img_021388.jpg,odr4648,odr4648,True,0,1.0000,0.765530,motorcycle
img_021391.jpg,pwq6966,pwo266,False,3,0.5714,0.408807,motorcycle
img_021392.jpg,mqv3620,woy320,False,4,0.4286,0.336287,motorcycle
img_021395.jpg,odc1091,op57991,False,4,0.4286,0.142819,motorcycle
img_021396.jpg,qrd3846,qrd3466,False,2,0.7143,0.298136,motorcycle
img_021397.jpg,ppb4183,ppb7892,False,4,0.4286,0.527282,motorcycle
img_021399.jpg,pps7339,pps1393,False,3,0.5714,0.777714,motorcycle
img_021400.jpg,qrd3765,qpp3858,False,5,0.2857,0.024256,motorcycle
img_021401.jpg,msz1632,mms3588,False,6,0.1429,0.138801,motorcycle
img_021402.jpg,mts7826,mt8226,False,3,0.5714,0.641020,motorcycle
img_021407.jpg,ocw9063,968068,False,5,0.2857,0.076779,motorcycle
img_021408.jpg,mrm0231,mrm2331,False,2,0.7143,0.915219,motorcycle
img_021409.jpg,mrf3594,mbf3594,False,1,0.8571,0.530266,motorcycle
img_021413.jpg,mqk2538,mor2253,False,4,0.4286,0.162472,motorcycle
img_021415.jpg,ppu0054,kpu428,False,5,0.2857,0.064995,motorcycle
img_021416.jpg,odn9541,odn941,False,1,0.8571,0.549658,motorcycle
img_021417.jpg,ppe9082,bpe9082,False,1,0.8571,0.723827,motorcycle
img_021424.jpg,mtm4318,mtm3189,False,2,0.7143,0.397280,motorcycle
img_021425.jpg,msz1632,2m3358,False,7,0.0000,0.139412,motorcycle
img_021435.jpg,odr4281,qpr4281,False,2,0.7143,0.242648,motorcycle
img_021440.jpg,pph9410,ppi4410,False,2,0.7143,0.177728,motorcycle
img_021444.jpg,ppe5811,ppe5581,False,2,0.7143,0.696152,motorcycle
img_021446.jpg,mta5460,mta460,False,1,0.8571,0.985048,motorcycle
img_021451.jpg,ppm9537,ppm757,False,2,0.7143,0.676584,motorcycle
img_021453.jpg,oye8534,bye354,False,3,0.5714,0.191347,motorcycle
img_021455.jpg,ppr1624,ppr1622,False,1,0.8571,0.153711,motorcycle
img_021456.jpg,odg8560,pdg3602,False,4,0.4286,0.072283,motorcycle
img_021458.jpg,ppv4671,ppy487,False,3,0.5714,0.159271,motorcycle
img_021463.jpg,mru6781,mpu6781,False,1,0.8571,0.844420,motorcycle
img_021466.jpg,msy6012,msv3788,False,5,0.2857,0.375778,motorcycle
img_021467.jpg,odr4281,qpr4281,False,2,0.7143,0.718227,motorcycle
img_021468.jpg,odj2901,dq11928,False,6,0.1429,0.032848,motorcycle
img_021477.jpg,mrb5311,wrb5331,False,2,0.7143,0.504626,motorcycle
img_021478.jpg,oye8536,bye7822,False,5,0.2857,0.354190,motorcycle
img_021479.jpg,ocx6648,dc91682,False,5,0.2857,0.024993,motorcycle
img_021481.jpg,mto2737,mt82737,False,1,0.8571,0.138277,motorcycle
img_021484.jpg,msm6217,msm627,False,1,0.8571,0.783325,motorcycle
img_021485.jpg,mty1863,mty863,False,1,0.8571,0.776322,motorcycle
img_021486.jpg,ppi2601,bpi1602,False,3,0.5714,0.151001,motorcycle
img_021488.jpg,msy1536,dsi1133,False,4,0.4286,0.056724,motorcycle
img_021491.jpg,odt7622,odt762,False,1,0.8571,0.538610,motorcycle
img_021494.jpg,odr4281,qdr4281,False,1,0.8571,0.530382,motorcycle
img_021496.jpg,oyd2830,dyb2830,False,2,0.7143,0.127923,motorcycle
img_021498.jpg,pyo7556,pyoq566,False,2,0.7143,0.793671,motorcycle
img_021499.jpg,msz1632,mm93588,False,6,0.1429,0.204681,motorcycle
img_021501.jpg,ppo2334,ppo2344,False,1,0.8571,0.399037,motorcycle
img_021503.jpg,odr4648,odr4648,True,0,1.0000,0.430389,motorcycle
img_021505.jpg,ppo6851,ppo6851,True,0,1.0000,0.830016,motorcycle
img_021509.jpg,mty6860,mtx660,False,2,0.7143,0.352039,motorcycle
img_021514.jpg,ocw7196,qcw1962,False,3,0.5714,0.084185,motorcycle
img_021515.jpg,mrm4703,wrm4703,False,1,0.8571,0.309649,motorcycle
img_021517.jpg,msk1452,msk1432,False,1,0.8571,0.522961,motorcycle
img_021520.jpg,msz1632,ms33188,False,5,0.2857,0.428073,motorcycle
img_021523.jpg,mst0406,mst406,False,1,0.8571,0.427294,motorcycle
img_021524.jpg,odt1955,pdj9552,False,4,0.4286,0.134076,motorcycle
img_021525.jpg,mqi6783,fm95822,False,7,0.0000,0.213511,motorcycle
img_021529.jpg,ppu0071,ppu071,False,1,0.8571,0.452512,motorcycle
img_021531.jpg,mtg1525,mtg1525,True,0,1.0000,0.516978,motorcycle
img_021533.jpg,mtz5078,mtz5088,False,1,0.8571,0.570760,motorcycle
img_021534.jpg,ppb5824,ppb784,False,2,0.7143,0.750742,motorcycle
img_021538.jpg,oye8534,bve2882,False,6,0.1429,0.181661,motorcycle
img_021540.jpg,mtx3303,mtx303,False,1,0.8571,0.460217,motorcycle
img_021541.jpg,mtx7170,mfx7170,False,1,0.8571,0.951238,motorcycle
img_021542.jpg,odr2292,odb2989,False,4,0.4286,0.227849,motorcycle
img_021543.jpg,mqk5693,mok5993,False,2,0.7143,0.543790,motorcycle
img_021544.jpg,ppk8713,ppk8713,True,0,1.0000,0.301566,motorcycle
img_021545.jpg,msm6217,msp421,False,3,0.5714,0.065516,motorcycle
img_021553.jpg,odc3096,dp6968,False,5,0.2857,0.084325,motorcycle
img_021560.jpg,odc7430,odc7430,True,0,1.0000,0.280976,motorcycle
img_021564.jpg,mtx4192,mf3492,False,3,0.5714,0.203783,motorcycle
img_021565.jpg,ppt8243,bpi4432,False,5,0.2857,0.227675,motorcycle
img_021568.jpg,ppp2231,ppp228,False,2,0.7143,0.257524,motorcycle
img_021573.jpg,odg5912,odg5912,True,0,1.0000,0.569451,motorcycle
img_021574.jpg,mtx7170,mfx7170,False,1,0.8571,0.946734,motorcycle
img_021577.jpg,msz1632,ms5358,False,5,0.2857,0.183257,motorcycle
img_021579.jpg,odg5912,dd69129,False,4,0.4286,0.097559,motorcycle
img_021586.jpg,msm6217,msm217,False,1,0.8571,0.855651,motorcycle
img_021588.jpg,qrb7513,orbb588,False,4,0.4286,0.144927,motorcycle
img_021589.jpg,mpx7232,mps1289,False,4,0.4286,0.260347,motorcycle
img_021591.jpg,oyf9726,dyf9788,False,3,0.5714,0.234498,motorcycle
img_021595.jpg,ppp3129,ppp3292,False,2,0.7143,0.374310,motorcycle
img_021597.jpg,mpn7049,mpn749,False,1,0.8571,0.520151,motorcycle
img_021599.jpg,ocw7196,qca7968,False,4,0.4286,0.040471,motorcycle
img_021600.jpg,mtx3303,mt9303,False,2,0.7143,0.293506,motorcycle
img_021602.jpg,mtx4192,wts4892,False,3,0.5714,0.047424,motorcycle
img_021606.jpg,ppb4271,ppb4221,False,1,0.8571,0.279985,motorcycle
img_021607.jpg,mtx7170,mtx7170,True,0,1.0000,0.233602,motorcycle
img_021613.jpg,ods1031,pop572,False,7,0.0000,0.095894,motorcycle
img_021615.jpg,mtb2702,btb2702,False,1,0.8571,0.803986,motorcycle
img_021621.jpg,mqn6010,mon6010,False,1,0.8571,0.754838,motorcycle
img_021624.jpg,odk5928,ddp5928,False,2,0.7143,0.311106,motorcycle
img_021625.jpg,ppr1686,per6868,False,3,0.5714,0.332336,motorcycle
img_021626.jpg,oyd1821,oyp1821,False,1,0.8571,0.255782,motorcycle
img_021631.jpg,msv4983,wsv4989,False,2,0.7143,0.177716,motorcycle
img_021634.jpg,odt5939,9di5939,False,2,0.7143,0.151177,motorcycle
img_021635.jpg,ppd4749,ppd4749,True,0,1.0000,0.700819,motorcycle
img_021640.jpg,ppm2930,bpm330,False,3,0.5714,0.255979,motorcycle
img_021644.jpg,mtx3303,bj3303,False,3,0.5714,0.290751,motorcycle
img_021647.jpg,ppi2609,ppi2699,False,1,0.8571,0.895125,motorcycle
img_021649.jpg,oyj0303,oyd3032,False,3,0.5714,0.404821,motorcycle
img_021652.jpg,ppi1928,ppi1928,True,0,1.0000,0.972530,motorcycle
img_021655.jpg,mqh2561,mom2281,False,4,0.4286,0.076883,motorcycle
img_021657.jpg,odr4648,odr4648,True,0,1.0000,0.978674,motorcycle
img_021658.jpg,mtx3303,mtx303,False,1,0.8571,0.717517,motorcycle
img_021661.jpg,mto2737,mto2737,True,0,1.0000,0.602342,motorcycle
img_021662.jpg,mtx4192,wis4192,False,3,0.5714,0.078373,motorcycle
img_021672.jpg,hga4856,wga4856,False,1,0.8571,0.915043,motorcycle
img_021677.jpg,pyo7556,pyo7566,False,1,0.8571,0.606422,motorcycle
img_021681.jpg,msk4371,ws4237,False,4,0.4286,0.143222,motorcycle
img_021684.jpg,ods0652,od3578,False,5,0.2857,0.131705,motorcycle
img_021687.jpg,oyg8993,dye7822,False,6,0.1429,0.068142,motorcycle
img_021693.jpg,msz1632,ms51588,False,4,0.4286,0.296119,motorcycle
img_021697.jpg,mqk5693,mok563,False,2,0.7143,0.530665,motorcycle
img_021698.jpg,mst6448,msi4487,False,3,0.5714,0.375622,motorcycle
img_021700.jpg,mtx3303,bj3303,False,3,0.5714,0.091699,motorcycle
img_021707.jpg,mse7469,wiee246,False,5,0.2857,0.170148,motorcycle
img_021708.jpg,mss0438,ws84382,False,4,0.4286,0.487745,motorcycle
img_021710.jpg,qrb8036,drb786,False,4,0.4286,0.895670,motorcycle
img_021712.jpg,msk0637,mske21,False,4,0.4286,0.007808,motorcycle
img_021713.jpg,mtd6571,wed6671,False,3,0.5714,0.050890,motorcycle
img_021719.jpg,msw9842,ms9442,False,2,0.7143,0.490428,motorcycle
img_021720.jpg,odr2292,dpb288,False,5,0.2857,0.425456,motorcycle
img_021721.jpg,mtx4192,wt3492,False,3,0.5714,0.232230,motorcycle
img_021725.jpg,odr4281,ddr4281,False,1,0.8571,0.483427,motorcycle
img_021728.jpg,mqk5693,mok593,False,2,0.7143,0.625326,motorcycle
img_021730.jpg,oyg9071,oyg9071,True,0,1.0000,0.222580,motorcycle
img_021732.jpg,odr5971,odr5971,True,0,1.0000,0.546980,motorcycle
img_021734.jpg,prf7007,pp5907,False,4,0.4286,0.342432,motorcycle
img_021735.jpg,pyo7556,pyo7566,False,1,0.8571,0.515724,motorcycle
img_021737.jpg,mqk5693,mok563,False,2,0.7143,0.446727,motorcycle
img_021739.jpg,mtx3303,b33303,False,3,0.5714,0.032816,motorcycle
img_021740.jpg,mtz5078,mtz078,False,1,0.8571,0.463119,motorcycle
img_021744.jpg,ppm4442,ppm442,False,1,0.8571,0.899767,motorcycle
img_021746.jpg,ppl1634,ppl1634,True,0,1.0000,0.454738,motorcycle
img_021747.jpg,mtx4192,wia4192,False,3,0.5714,0.226577,motorcycle
img_021755.jpg,mtx7170,myx7170,False,1,0.8571,0.403130,motorcycle
img_021756.jpg,mqi4612,dmo4267,False,6,0.1429,0.014047,motorcycle
img_021757.jpg,mtr1107,mtr7107,False,1,0.8571,0.281779,motorcycle
img_021760.jpg,pyo7556,pyo7566,False,1,0.8571,0.470161,motorcycle
img_021774.jpg,ppr9691,ppr969,False,1,0.8571,0.818091,motorcycle
img_021778.jpg,mqk9103,mok938,False,4,0.4286,0.258437,motorcycle
img_021779.jpg,mtu3834,mfu3834,False,1,0.8571,0.829268,motorcycle
img_021782.jpg,odj5550,dp3550,False,3,0.5714,0.251505,motorcycle
img_021785.jpg,ppw0768,ppw768,False,1,0.8571,0.831597,motorcycle
img_021786.jpg,ovf6439,dve4392,False,4,0.4286,0.407456,motorcycle
img_021787.jpg,mtz8867,mt3867,False,2,0.7143,0.386591,motorcycle
img_021788.jpg,odg8591,ddg591,False,2,0.7143,0.875042,motorcycle
img_021792.jpg,msm6217,ms8627,False,2,0.7143,0.118675,motorcycle
img_021793.jpg,odr2292,odb2292,False,1,0.8571,0.181934,motorcycle
img_021798.jpg,mtx4192,mt3492,False,2,0.7143,0.285192,motorcycle
img_021801.jpg,ppl0587,ppi5578,False,4,0.4286,0.479021,motorcycle
img_021802.jpg,ppv8455,blv4555,False,4,0.4286,0.212657,motorcycle
img_021803.jpg,mtz0743,paj4333,False,6,0.1429,0.072071,motorcycle
img_021816.jpg,odr4648,odr4648,True,0,1.0000,0.972091,motorcycle
img_021817.jpg,ppi2601,pei1268,False,4,0.4286,0.297932,motorcycle
img_021821.jpg,mtx7170,mtx7170,True,0,1.0000,0.382353,motorcycle
img_021826.jpg,ntn0127,mt2277,False,5,0.2857,0.054677,motorcycle
img_021828.jpg,odb7075,9087075,False,3,0.5714,0.189092,motorcycle
img_021829.jpg,odr5971,pdr5971,False,1,0.8571,0.468552,motorcycle
img_021831.jpg,mrl6748,8re748,False,3,0.5714,0.085165,motorcycle
img_021833.jpg,mpl5792,mpg228,False,5,0.2857,0.073189,motorcycle
img_021835.jpg,ppb4172,ppb4179,False,1,0.8571,0.867630,motorcycle
img_021839.jpg,mrf3594,mpf3594,False,1,0.8571,0.498683,motorcycle
img_021841.jpg,odr2292,ddr2292,False,1,0.8571,0.635626,motorcycle
img_021846.jpg,mtx4192,wtx4199,False,2,0.7143,0.228740,motorcycle
img_021848.jpg,mtz5078,mtz5088,False,1,0.8571,0.373630,motorcycle
img_021851.jpg,ppo7552,ppo752,False,1,0.8571,0.795965,motorcycle
img_021854.jpg,odc1091,oec5991,False,3,0.5714,0.037020,motorcycle
img_021857.jpg,odr5971,ddr5971,False,1,0.8571,0.309898,motorcycle
img_021858.jpg,ppu6260,ppu260,False,1,0.8571,0.610250,motorcycle
img_021861.jpg,odr4648,odb4648,False,1,0.8571,0.773550,motorcycle
img_021862.jpg,mto2737,mt82122,False,4,0.4286,0.080326,motorcycle
img_021864.jpg,mtx4192,wtx4199,False,2,0.7143,0.136882,motorcycle
img_021865.jpg,mru5943,mru2748,False,3,0.5714,0.359723,motorcycle
img_021873.jpg,ppy6491,apy491,False,2,0.7143,0.999366,motorcycle
img_021876.jpg,mtq4613,bja4132,False,5,0.2857,0.171032,motorcycle
img_021879.jpg,mqk5693,mok5993,False,2,0.7143,0.283416,motorcycle
img_021888.jpg,msa2099,msaaa,False,4,0.4286,0.767800,motorcycle
img_021891.jpg,odl8131,8p5128,False,6,0.1429,0.083039,motorcycle
img_021893.jpg,msz1632,ms93588,False,5,0.2857,0.093193,motorcycle
img_021895.jpg,ppr5542,ppr7892,False,3,0.5714,0.411271,motorcycle
img_021898.jpg,mti0948,mf9948,False,3,0.5714,0.274266,motorcycle
img_021903.jpg,oyd1815,9y1889,False,4,0.4286,0.098098,motorcycle
img_021904.jpg,ppj5007,pp95022,False,3,0.5714,0.215438,motorcycle
img_021906.jpg,mtx3303,mt4303,False,2,0.7143,0.353542,motorcycle
img_021907.jpg,msb1362,8ws8389,False,6,0.1429,0.136979,motorcycle
img_021908.jpg,odr4648,odr4648,True,0,1.0000,0.469033,motorcycle
img_021910.jpg,mtv7260,mfv2260,False,2,0.7143,0.707078,motorcycle
img_021911.jpg,odc1091,ooc1091,False,1,0.8571,0.356741,motorcycle
img_021912.jpg,odr2292,odb2992,False,2,0.7143,0.344738,motorcycle
img_021913.jpg,msz1632,m893888,False,6,0.1429,0.147309,motorcycle
img_021915.jpg,odr4648,qpp464,False,4,0.4286,0.168598,motorcycle
img_021916.jpg,msb1362,sws8388,False,6,0.1429,0.058598,motorcycle
img_021917.jpg,mtx4192,mts4829,False,4,0.4286,0.113479,motorcycle
img_021919.jpg,msb9683,8ms9683,False,2,0.7143,0.171387,motorcycle
img_021927.jpg,mrb8847,bbb888,False,4,0.4286,0.494044,motorcycle
img_021928.jpg,oyd2826,dyb2866,False,3,0.5714,0.176463,motorcycle
img_021929.jpg,mtx4192,wty4992,False,3,0.5714,0.206065,motorcycle
img_021934.jpg,mty1911,wt79919,False,4,0.4286,0.126403,motorcycle
img_021936.jpg,odt6046,qdi6466,False,4,0.4286,0.237486,motorcycle
img_021937.jpg,msb1362,bmsb368,False,3,0.5714,0.081962,motorcycle
img_021942.jpg,msb1362,bssb388,False,5,0.2857,0.125916,motorcycle
img_021944.jpg,msb9683,ms9663,False,2,0.7143,0.848521,motorcycle
img_021946.jpg,odr2292,odb2992,False,2,0.7143,0.303562,motorcycle
img_021947.jpg,mtx4192,mts4189,False,3,0.5714,0.127464,motorcycle
img_021948.jpg,ppj2250,ppj2250,True,0,1.0000,0.604999,motorcycle
img_021949.jpg,msp0314,msp0314,True,0,1.0000,0.848080,motorcycle
img_021951.jpg,msb1362,8ssb388,False,5,0.2857,0.218165,motorcycle
img_021952.jpg,mtz0696,mtzz988,False,4,0.4286,0.133842,motorcycle
img_021953.jpg,ppn3906,ppn906,False,1,0.8571,0.597151,motorcycle
img_021954.jpg,ppb4231,ppb4231,True,0,1.0000,0.304490,motorcycle
img_021955.jpg,ppm1677,ppm177,False,1,0.8571,0.245948,motorcycle
img_021958.jpg,odr4648,opr4648,False,1,0.8571,0.268577,motorcycle
img_021959.jpg,mtx4192,mts4929,False,3,0.5714,0.053064,motorcycle
img_021961.jpg,ppt7234,ppt7242,False,2,0.7143,0.419848,motorcycle
img_021962.jpg,msz1632,mm93558,False,6,0.1429,0.085049,motorcycle
img_021970.jpg,ocx0555,oca5599,False,4,0.4286,0.076389,motorcycle
img_021972.jpg,ntn0127,eni1272,False,4,0.4286,0.422406,motorcycle
img_021976.jpg,mtx4192,mta492,False,2,0.7143,0.550841,motorcycle
img_021979.jpg,mtx3303,mj4410,False,5,0.2857,0.074760,motorcycle
img_021980.jpg,odr4648,odb4648,False,1,0.8571,0.485484,motorcycle
img_021981.jpg,ppm1709,ppm1799,False,1,0.8571,0.946427,motorcycle
img_021982.jpg,mtx4192,mta492,False,2,0.7143,0.259664,motorcycle
img_021983.jpg,msb9683,8ms9683,False,2,0.7143,0.205197,motorcycle
img_021992.jpg,mtx3303,bj3303,False,3,0.5714,0.311429,motorcycle
img_021993.jpg,odt6046,qdi6466,False,4,0.4286,0.240692,motorcycle
img_021994.jpg,mtx4192,mtx4929,False,2,0.7143,0.115137,motorcycle
img_021995.jpg,ppo7552,ppo152,False,2,0.7143,0.501041,motorcycle
img_021997.jpg,ppo2162,bpo268,False,3,0.5714,0.388602,motorcycle
img_021999.jpg,msn3644,msp348,False,3,0.5714,0.165472,motorcycle
img_022000.jpg,odr4648,odb4648,False,1,0.8571,0.449441,motorcycle
img_022001.jpg,mtz8867,bt3867,False,3,0.5714,0.409356,motorcycle
img_022002.jpg,ode2126,dpe2186,False,3,0.5714,0.139719,motorcycle
img_022004.jpg,odt6046,ddi6666,False,4,0.4286,0.078667,motorcycle
img_022005.jpg,msb1362,84sb388,False,5,0.2857,0.086690,motorcycle
img_022007.jpg,mtx7170,mfx7170,False,1,0.8571,0.604502,motorcycle
img_022013.jpg,mss0688,ms88882,False,4,0.4286,0.143352,motorcycle
img_022014.jpg,ocx1749,ocx1749,True,0,1.0000,0.405093,motorcycle
img_022016.jpg,ppo2925,ppo2925,True,0,1.0000,0.973506,motorcycle
img_022018.jpg,ods5968,dds568,False,2,0.7143,0.687735,motorcycle
img_022024.jpg,mtw4082,al34822,False,5,0.2857,0.070238,motorcycle
img_022026.jpg,mtx3303,mtg303,False,2,0.7143,0.113195,motorcycle
img_022030.jpg,mtx3303,393303,False,3,0.5714,0.086834,motorcycle
img_022031.jpg,ocx1775,oc4179,False,3,0.5714,0.059942,motorcycle
img_022032.jpg,odl5722,dp55722,False,3,0.5714,0.153800,motorcycle
img_022033.jpg,odr4648,odr4648,True,0,1.0000,0.958648,motorcycle
img_022034.jpg,ppx9459,ppx9499,False,1,0.8571,0.799046,motorcycle
img_022035.jpg,ppt7234,ppt2342,False,2,0.7143,0.574576,motorcycle
img_022040.jpg,ppe9043,ppe0432,False,2,0.7143,0.644001,motorcycle
img_022041.jpg,ppo2334,ppo2332,False,1,0.8571,0.464079,motorcycle
img_022045.jpg,ltk5452,lt3458,False,3,0.5714,0.088295,motorcycle
img_022046.jpg,ppg5798,ppe7882,False,4,0.4286,0.146634,motorcycle
img_022047.jpg,odr5971,odr5971,True,0,1.0000,0.540245,motorcycle
img_022048.jpg,odr4648,odb464,False,2,0.7143,0.676345,motorcycle
img_022049.jpg,msk4371,ws4333,False,4,0.4286,0.345556,motorcycle
img_022050.jpg,odf0749,odf079,False,1,0.8571,0.385382,motorcycle
img_022052.jpg,mtx4192,wt34989,False,5,0.2857,0.124109,motorcycle
img_022057.jpg,msm6217,msm2218,False,2,0.7143,0.209839,motorcycle
img_022058.jpg,odr5971,ddr5997,False,3,0.5714,0.573783,motorcycle
img_022059.jpg,msb1362,8ssb389,False,5,0.2857,0.117694,motorcycle
img_022060.jpg,odf0749,ope0749,False,2,0.7143,0.441131,motorcycle
img_022061.jpg,odj2901,dpj7908,False,4,0.4286,0.230164,motorcycle
img_022063.jpg,msb9683,mms9683,False,2,0.7143,0.229011,motorcycle
img_022065.jpg,msz1632,ms3158,False,4,0.4286,0.214551,motorcycle
img_022066.jpg,ppq9347,ppo337,False,3,0.5714,0.084394,motorcycle
img_022069.jpg,ppb4172,ppb788,False,4,0.4286,0.588851,motorcycle
img_022071.jpg,mrb5311,ps85932,False,6,0.1429,0.077098,motorcycle
img_022075.jpg,odt6046,ddi6466,False,4,0.4286,0.696940,motorcycle
img_022076.jpg,msb1362,bms8368,False,4,0.4286,0.026844,motorcycle
img_022079.jpg,odd7785,oqd2755,False,3,0.5714,0.041817,motorcycle
img_022080.jpg,odt6046,dpi0466,False,4,0.4286,0.219706,motorcycle
img_022081.jpg,ouz8101,du27801,False,4,0.4286,0.279706,motorcycle
img_022082.jpg,mtx4192,wt4499,False,4,0.4286,0.177982,motorcycle
img_022083.jpg,mtx3303,btt3303,False,2,0.7143,0.442500,motorcycle
img_022084.jpg,odr4648,opb4648,False,2,0.7143,0.366007,motorcycle
img_022086.jpg,odf8575,ode8575,False,1,0.8571,0.506056,motorcycle
img_022088.jpg,ppa9571,ppa957,False,1,0.8571,0.601675,motorcycle
img_022090.jpg,msz1632,ms8158,False,4,0.4286,0.267213,motorcycle
img_022094.jpg,oyd1821,oyd2821,False,1,0.8571,0.409773,motorcycle
img_022095.jpg,odf0749,odk0749,False,1,0.8571,0.211225,motorcycle
img_022102.jpg,odb2698,9db2698,False,1,0.8571,0.217344,motorcycle
img_022103.jpg,ppy6645,ppy2482,False,4,0.4286,0.201765,motorcycle
img_022104.jpg,odr2292,odb2989,False,4,0.4286,0.400330,motorcycle
img_022106.jpg,msk4371,wsk437,False,2,0.7143,0.510707,motorcycle
img_022108.jpg,nzp0747,azp477,False,3,0.5714,0.254591,motorcycle
img_022111.jpg,oyi7673,9x3573,False,5,0.2857,0.197980,motorcycle
img_022112.jpg,mtu3834,mfu383,False,2,0.7143,0.592332,motorcycle
img_022113.jpg,msz1632,mms3558,False,6,0.1429,0.078441,motorcycle
img_022115.jpg,pps7391,pps1319,False,3,0.5714,0.525870,motorcycle
img_022116.jpg,ppb0543,ppb0593,False,1,0.8571,0.455452,motorcycle
img_022117.jpg,msm6217,msm217,False,1,0.8571,0.582339,motorcycle
img_022118.jpg,mqx7585,moy4558,False,5,0.2857,0.089602,motorcycle
img_022120.jpg,odr4648,odr4648,True,0,1.0000,0.470861,motorcycle
img_022125.jpg,msm6217,msm617,False,1,0.8571,0.616292,motorcycle
img_022126.jpg,odr2292,ddb2289,False,4,0.4286,0.323511,motorcycle
img_022127.jpg,odr5971,ddr5997,False,3,0.5714,0.627107,motorcycle
img_022128.jpg,odt6727,ddi6727,False,2,0.7143,0.886558,motorcycle
img_022131.jpg,odh5452,ddb5452,False,2,0.7143,0.450348,motorcycle
img_022133.jpg,msz1632,ms9338,False,4,0.4286,0.221756,motorcycle
img_022134.jpg,mts7734,mja222,False,6,0.1429,0.372218,motorcycle
img_022141.jpg,mtx3303,mtx303,False,1,0.8571,0.288362,motorcycle
img_022143.jpg,odf2202,dpf2282,False,3,0.5714,0.231633,motorcycle
img_022144.jpg,mtx4192,wts4199,False,3,0.5714,0.071549,motorcycle
img_022145.jpg,mtz3460,bizz460,False,3,0.5714,0.232937,motorcycle
img_022148.jpg,odh5452,dor5422,False,4,0.4286,0.049365,motorcycle
img_022150.jpg,ppm5173,ppm5732,False,2,0.7143,0.428501,motorcycle
img_022151.jpg,odf0749,ope749,False,3,0.5714,0.180009,motorcycle
img_022152.jpg,mto6028,mtg2282,False,4,0.4286,0.222386,motorcycle
img_022153.jpg,ppz3765,pp3388,False,4,0.4286,0.244229,motorcycle
img_022154.jpg,msb1362,8wsb389,False,5,0.2857,0.461214,motorcycle
img_022155.jpg,odr4648,odr4648,True,0,1.0000,0.951938,motorcycle
img_022156.jpg,mtx4192,wt34929,False,4,0.4286,0.146113,motorcycle
img_022158.jpg,ppu8555,ppu5593,False,3,0.5714,0.300421,motorcycle
img_022163.jpg,msw0327,wsm378,False,5,0.2857,0.532592,motorcycle
img_022165.jpg,mqq7692,mo8162,False,4,0.4286,0.233412,motorcycle
img_022166.jpg,mtz3460,biz3600,False,4,0.4286,0.139378,motorcycle
img_022170.jpg,mpx7232,mpx1289,False,3,0.5714,0.767187,motorcycle
img_022178.jpg,mpv8198,mpy199,False,3,0.5714,0.833503,motorcycle
img_022179.jpg,odr4648,odp4648,False,1,0.8571,0.479455,motorcycle
img_022183.jpg,mtx3303,mts3393,False,2,0.7143,0.126469,motorcycle
img_022184.jpg,oyi9346,oyi9466,False,2,0.7143,0.668315,motorcycle
img_022188.jpg,ppl1354,ppl554,False,2,0.7143,0.702905,motorcycle
img_022189.jpg,mrc7008,mb67882,False,5,0.2857,0.080218,motorcycle
img_022191.jpg,odr2292,qqb2982,False,5,0.2857,0.089886,motorcycle
img_022194.jpg,odr4648,odb4648,False,1,0.8571,0.922053,motorcycle
img_022195.jpg,mtx4192,wty499,False,4,0.4286,0.158540,motorcycle
img_022197.jpg,odh5452,pq35422,False,4,0.4286,0.071714,motorcycle
img_022199.jpg,mtx3303,bj3303,False,3,0.5714,0.246099,motorcycle
img_022201.jpg,mtz0686,miz6686,False,2,0.7143,0.153556,motorcycle
img_022202.jpg,mso7465,msq4465,False,2,0.7143,0.492786,motorcycle
img_022204.jpg,msk0637,desk321,False,6,0.1429,0.112867,motorcycle
img_022206.jpg,mse2696,inse269,False,3,0.5714,0.225389,motorcycle
img_022208.jpg,odi6064,2po466,False,6,0.1429,0.053458,motorcycle
img_022211.jpg,msk0637,mb4281,False,6,0.1429,0.071972,motorcycle
img_022212.jpg,ppt7234,pa1288,False,5,0.2857,0.030620,motorcycle
img_022216.jpg,odr5971,ddr5971,False,1,0.8571,0.389151,motorcycle
img_022217.jpg,mst8655,msi6555,False,3,0.5714,0.062085,motorcycle
img_022218.jpg,jjm1920,ya1920,False,3,0.5714,0.224226,motorcycle
img_022219.jpg,jjc7757,w96757,False,4,0.4286,0.077824,motorcycle
img_022221.jpg,msb9683,8ms9683,False,2,0.7143,0.749395,motorcycle
img_022222.jpg,mtx4192,wts4922,False,4,0.4286,0.068038,motorcycle
img_022223.jpg,oyd1821,oyd281,False,2,0.7143,0.285163,motorcycle
img_022224.jpg,odh5452,ddr5422,False,3,0.5714,0.053098,motorcycle
img_022225.jpg,msz1632,ms3338,False,4,0.4286,0.219003,motorcycle
img_022228.jpg,ppb4172,ppb7182,False,2,0.7143,0.417191,motorcycle
img_022230.jpg,mty0370,mty370,False,1,0.8571,0.542477,motorcycle
img_022231.jpg,jjc7757,dj6728,False,5,0.2857,0.146478,motorcycle
img_022232.jpg,mtx4192,mts4929,False,3,0.5714,0.099144,motorcycle
img_022233.jpg,ovi1134,ovi1143,False,2,0.7143,0.226258,motorcycle
img_022234.jpg,msb1362,8658388,False,6,0.1429,0.021994,motorcycle
img_022235.jpg,mtx3303,mtg303,False,2,0.7143,0.247281,motorcycle
img_022239.jpg,mtv0352,mi9358,False,4,0.4286,0.053358,motorcycle
img_022244.jpg,ppf2131,ppf2311,False,2,0.7143,0.608124,motorcycle
img_022247.jpg,jko8991,jkq9912,False,3,0.5714,0.145952,motorcycle
img_022249.jpg,odm6783,do6678,False,4,0.4286,0.093686,motorcycle
img_022250.jpg,mrs0112,wr32122,False,4,0.4286,0.144205,motorcycle
img_022253.jpg,mqk5693,mok763,False,3,0.5714,0.735434,motorcycle
img_022256.jpg,ppl1634,ppi1642,False,3,0.5714,0.196047,motorcycle
img_022257.jpg,jko8991,jkq9192,False,4,0.4286,0.037620,motorcycle
img_022258.jpg,msb1362,8wsb388,False,5,0.2857,0.061741,motorcycle
img_022260.jpg,odt6046,ddi4468,False,5,0.2857,0.088371,motorcycle
img_022263.jpg,mtw4082,al3288,False,6,0.1429,0.089303,motorcycle
img_022267.jpg,ppg5798,ppe7882,False,4,0.4286,0.912165,motorcycle
img_022268.jpg,msz6980,ms8390,False,3,0.5714,0.147171,motorcycle
img_022269.jpg,jko8991,jkq9122,False,5,0.2857,0.200782,motorcycle
img_022270.jpg,jjm1920,jmm920,False,2,0.7143,0.196588,motorcycle
img_022272.jpg,mtx3303,mtg303,False,2,0.7143,0.236060,motorcycle
img_022274.jpg,msm6217,msm228,False,3,0.5714,0.493448,motorcycle
img_022278.jpg,mtx4192,wts4929,False,4,0.4286,0.117185,motorcycle
img_022282.jpg,msz1632,ms93538,False,4,0.4286,0.142670,motorcycle
img_022286.jpg,mtu9659,mtu3692,False,3,0.5714,0.057955,motorcycle
img_022288.jpg,msm6217,pmsm217,False,2,0.7143,0.126889,motorcycle
img_022290.jpg,mtx3303,bta3003,False,3,0.5714,0.135813,motorcycle
img_022292.jpg,mty1863,mty832,False,3,0.5714,0.059880,motorcycle
img_022298.jpg,mru1931,mru1931,True,0,1.0000,0.410643,motorcycle
img_022299.jpg,jjm1920,ym9920,False,3,0.5714,0.584873,motorcycle
img_022300.jpg,jjc7757,dj67722,False,4,0.4286,0.037299,motorcycle
img_022301.jpg,mpk8317,8pk178,False,4,0.4286,0.480754,motorcycle
img_022308.jpg,hfa8518,bfa8588,False,2,0.7143,0.429697,motorcycle
img_022310.jpg,mtx3303,ata3303,False,2,0.7143,0.236151,motorcycle
img_022311.jpg,odr4648,odb4648,False,1,0.8571,0.772961,motorcycle
img_022312.jpg,jko8991,jko991,False,1,0.8571,0.267652,motorcycle
img_022317.jpg,msz1632,ms83588,False,5,0.2857,0.191825,motorcycle
img_022323.jpg,ntn0127,patn272,False,5,0.2857,0.452637,motorcycle
img_022327.jpg,odr4648,odr4648,True,0,1.0000,0.513118,motorcycle
img_022330.jpg,mtx3303,btx3003,False,2,0.7143,0.238395,motorcycle
img_022331.jpg,msb9683,8cs9683,False,3,0.5714,0.309190,motorcycle
img_022332.jpg,mtt8621,btt8621,False,1,0.8571,0.614190,motorcycle
img_022336.jpg,jko8991,jko9192,False,3,0.5714,0.075824,motorcycle
img_022337.jpg,mst7836,mst836,False,1,0.8571,0.382925,motorcycle
img_022339.jpg,odh5452,ddb5422,False,3,0.5714,0.041049,motorcycle
img_022342.jpg,mrx6476,wra4778,False,5,0.2857,0.066100,motorcycle
img_022343.jpg,mtz5078,mtz078,False,1,0.8571,0.868354,motorcycle
img_022345.jpg,ocx7943,qc44943,False,3,0.5714,0.153053,motorcycle
img_022346.jpg,ppt6132,bpi8782,False,5,0.2857,0.054756,motorcycle
img_022347.jpg,msm6217,msm617,False,1,0.8571,0.094545,motorcycle
img_022348.jpg,mqx7585,ayy4858,False,6,0.1429,0.616305,motorcycle
img_022349.jpg,jko8991,avk9919,False,5,0.2857,0.678832,motorcycle
img_022350.jpg,odt5939,pq1993,False,5,0.2857,0.084098,motorcycle
img_022353.jpg,mrh7545,mr4755,False,2,0.7143,0.323627,motorcycle
img_022355.jpg,pps7270,pps1270,False,1,0.8571,0.380153,motorcycle
img_022357.jpg,ppq3952,ppo352,False,2,0.7143,0.747567,motorcycle
img_022358.jpg,ppk0137,ppk377,False,3,0.5714,0.330484,motorcycle
img_022359.jpg,ppb0543,ppb553,False,2,0.7143,0.397248,motorcycle
img_022362.jpg,mqx7585,m58155,False,4,0.4286,0.411934,motorcycle
img_022366.jpg,mtx4192,wty6999,False,5,0.2857,0.024237,motorcycle
img_022368.jpg,mtx3303,btx3003,False,2,0.7143,0.331228,motorcycle
img_022372.jpg,odh5452,ddb5452,False,2,0.7143,0.309457,motorcycle
img_022373.jpg,odb7075,9db7075,False,1,0.8571,0.343760,motorcycle
img_022374.jpg,msz1632,ms3158,False,4,0.4286,0.366343,motorcycle
img_022377.jpg,mtz0748,m78748,False,3,0.5714,0.188901,motorcycle
img_022381.jpg,mtx3303,mfx303,False,2,0.7143,0.301521,motorcycle
img_022383.jpg,djx8729,dja8729,False,1,0.8571,0.989311,motorcycle
img_022386.jpg,ppm9537,ppm758,False,3,0.5714,0.795669,motorcycle
img_022389.jpg,mtx3303,wt3303,False,2,0.7143,0.268116,motorcycle
img_022394.jpg,qrb1638,prb7387,False,4,0.4286,0.430026,motorcycle
img_022395.jpg,odh5452,pqb5452,False,3,0.5714,0.084615,motorcycle
img_022396.jpg,msz1632,me19938,False,5,0.2857,0.046468,motorcycle
img_022403.jpg,mqx7585,mo4782,False,4,0.4286,0.106839,motorcycle
img_022404.jpg,ppu9960,ppu960,False,1,0.8571,0.434573,motorcycle
img_022406.jpg,mto6028,mto2888,False,3,0.5714,0.693658,motorcycle
img_022407.jpg,mtz0696,mtz7962,False,3,0.5714,0.098067,motorcycle
img_022411.jpg,oye7983,oye783,False,1,0.8571,0.249311,motorcycle
img_022425.jpg,odr4648,qpr4648,False,2,0.7143,0.486379,motorcycle
img_022426.jpg,mqm8584,8w284,False,5,0.2857,0.376445,motorcycle
img_022430.jpg,odr5971,ddr5971,False,1,0.8571,0.289376,motorcycle
img_022431.jpg,mtz0652,wi33582,False,6,0.1429,0.120113,motorcycle
img_022432.jpg,odr4648,odb464,False,2,0.7143,0.774298,motorcycle
img_022434.jpg,msu3152,mt9388,False,5,0.2857,0.034839,motorcycle
img_022436.jpg,oyg0158,dye7589,False,5,0.2857,0.350546,motorcycle
img_022444.jpg,msk4371,msk437,False,1,0.8571,0.326829,motorcycle
img_022446.jpg,mtd7702,mtd7789,False,2,0.7143,0.631309,motorcycle
img_022449.jpg,mtv3898,mt9989,False,3,0.5714,0.403626,motorcycle
img_022452.jpg,odb4172,odb4172,True,0,1.0000,0.521343,motorcycle
img_022454.jpg,pvw2058,pv82058,False,1,0.8571,0.717329,motorcycle
img_022464.jpg,oda0294,dda2294,False,2,0.7143,0.848849,motorcycle
img_022469.jpg,ppi2689,pps2689,False,1,0.8571,0.164840,motorcycle
img_022476.jpg,ppr4626,ppr4666,False,1,0.8571,0.918992,motorcycle
img_022479.jpg,mse7534,mse7542,False,2,0.7143,0.357586,motorcycle
img_022480.jpg,mrn1317,mrn1317,True,0,1.0000,0.868739,motorcycle
img_022492.jpg,ppw7986,ppw986,False,1,0.8571,0.272773,motorcycle
img_022497.jpg,pps7741,pps141,False,2,0.7143,0.952407,motorcycle
img_022500.jpg,mqy3046,mov306,False,3,0.5714,0.930893,motorcycle
img_027502.jpg,qrg4j82,qrg7822,False,3,0.5714,0.322008,motorcycle
img_027506.jpg,mtv5g99,bsw682,False,7,0.0000,0.009297,motorcycle
img_027508.jpg,odr2i65,opr2165,False,2,0.7143,0.069309,motorcycle
img_027509.jpg,odt6a01,qp2a118,False,6,0.1429,0.118720,motorcycle
img_027510.jpg,msf3i23,msf1232,False,3,0.5714,0.368637,motorcycle
img_027511.jpg,qrf0e03,qffe089,False,4,0.4286,0.164253,motorcycle
img_027513.jpg,mrr2c85,bai2855,False,5,0.2857,0.109165,motorcycle
img_027515.jpg,ppr8e85,ppr5858,False,3,0.5714,0.093266,motorcycle
img_027519.jpg,qrh2d22,qr22022,False,2,0.7143,0.278083,motorcycle
img_027520.jpg,puo0e01,spoe111,False,5,0.2857,0.053063,motorcycle
img_027525.jpg,ovf5h08,oven088,False,4,0.4286,0.221542,motorcycle
img_027530.jpg,qre9g46,bbe666,False,5,0.2857,0.159016,motorcycle
img_027532.jpg,qrf9c92,bid2222,False,6,0.1429,0.018703,motorcycle
img_027536.jpg,qrf9c92,ske2222,False,6,0.1429,0.203459,motorcycle
img_027537.jpg,qrh2d22,sau2222,False,4,0.4286,0.219376,motorcycle
img_027542.jpg,ocz9e64,qc65648,False,5,0.2857,0.033745,motorcycle
img_027543.jpg,ppe5h61,ppe5661,False,1,0.8571,0.165772,motorcycle
img_027547.jpg,qrf1j03,9j1379,False,6,0.1429,0.022243,motorcycle
img_027551.jpg,qrf1j80,daf280,False,4,0.4286,0.039978,motorcycle
img_027552.jpg,qrf9c92,gefc922,False,4,0.4286,0.075294,motorcycle
img_027554.jpg,qrf9c92,dide222,False,6,0.1429,0.023668,motorcycle
img_027555.jpg,qre9g46,gee6466,False,5,0.2857,0.170416,motorcycle
img_027563.jpg,lqk6d23,ask2222,False,5,0.2857,0.145572,motorcycle
img_027566.jpg,qrf4i27,qre4227,False,2,0.7143,0.076624,motorcycle
img_027571.jpg,qre0c75,ki9775,False,5,0.2857,0.122081,motorcycle
img_027574.jpg,qre0d36,did9566,False,6,0.1429,0.026092,motorcycle
img_027575.jpg,qrf9c92,be2c222,False,6,0.1429,0.021687,motorcycle
img_027584.jpg,odr4d90,dvr9909,False,5,0.2857,0.172300,motorcycle
img_027585.jpg,qri7h26,qu87226,False,3,0.5714,0.092081,motorcycle
img_027589.jpg,odr4d90,ddr4990,False,2,0.7143,0.475486,motorcycle
img_027591.jpg,mtt0g70,ily0770,False,4,0.4286,0.076352,motorcycle
img_027594.jpg,pps2d40,br2450,False,5,0.2857,0.036872,motorcycle
img_027596.jpg,qrg2j03,qr22182,False,4,0.4286,0.052190,motorcycle
img_027602.jpg,lsv8i85,bju8185,False,4,0.4286,0.205040,motorcycle
img_027603.jpg,mtt0g70,mtt670,False,2,0.7143,0.718677,motorcycle
img_027605.jpg,mtt0g70,mts670,False,3,0.5714,0.270476,motorcycle
img_027614.jpg,qrg5b79,ebs8799,False,6,0.1429,0.199090,motorcycle
img_027616.jpg,qrj5d28,dri228,False,4,0.4286,0.143974,motorcycle
img_027619.jpg,qre5g20,qre3200,False,3,0.5714,0.370753,motorcycle
img_027620.jpg,msw0e74,slye744,False,4,0.4286,0.049551,motorcycle
img_027623.jpg,odb5d78,9db778,False,3,0.5714,0.389749,motorcycle
img_027630.jpg,ovf5h08,dvy5080,False,4,0.4286,0.134416,motorcycle
img_027631.jpg,mqp8i71,mop177,False,4,0.4286,0.479036,motorcycle
img_027632.jpg,qre3c98,qr35988,False,3,0.5714,0.010817,motorcycle
img_027634.jpg,qre9g46,qbe6666,False,4,0.4286,0.139815,motorcycle
img_027636.jpg,msy4d96,msy496,False,1,0.8571,0.467822,motorcycle
img_027641.jpg,qre6b81,qre6811,False,2,0.7143,0.160868,motorcycle
img_027642.jpg,qrf8f39,brf399,False,4,0.4286,0.726003,motorcycle
img_027652.jpg,qrj4a23,arj4223,False,2,0.7143,0.685318,motorcycle
img_027654.jpg,msx5a18,fax738,False,5,0.2857,0.280204,motorcycle
img_027655.jpg,qrh0f83,oeuf83,False,4,0.4286,0.098440,motorcycle
img_027659.jpg,qre1j20,qre1200,False,2,0.7143,0.426304,motorcycle
img_027665.jpg,qri5i88,dij1888,False,5,0.2857,0.118589,motorcycle
img_027674.jpg,mtt0g70,mtt670,False,2,0.7143,0.341908,motorcycle
img_027675.jpg,qrk5f43,org7392,False,6,0.1429,0.020543,motorcycle
img_027676.jpg,qri4d60,ori4060,False,2,0.7143,0.247029,motorcycle
img_027681.jpg,qre1h72,ore2172,False,3,0.5714,0.235087,motorcycle
img_027687.jpg,qre5g20,oee5200,False,4,0.4286,0.241584,motorcycle
img_027690.jpg,ppj7d86,ppy2886,False,3,0.5714,0.477159,motorcycle
img_027700.jpg,ppn9j74,ppn954,False,2,0.7143,0.186229,motorcycle
img_027701.jpg,ocy1g98,ocy2999,False,3,0.5714,0.238775,motorcycle
img_027704.jpg,ocz9e64,ocz664,False,2,0.7143,0.343565,motorcycle
img_027706.jpg,qrb1g37,qrb767,False,3,0.5714,0.228872,motorcycle
img_027709.jpg,msx5a18,msy1888,False,4,0.4286,0.641141,motorcycle
img_027711.jpg,gkh4c99,gkn4999,False,2,0.7143,0.309521,motorcycle
img_027712.jpg,qri2h49,gr22149,False,3,0.5714,0.073627,motorcycle
img_027716.jpg,qre5g20,ore820,False,3,0.5714,0.212441,motorcycle
img_027720.jpg,qrk9b28,qrk9828,False,1,0.8571,0.281770,motorcycle
img_027725.jpg,qrk9i41,ork9141,False,2,0.7143,0.423258,motorcycle
img_027730.jpg,fwx1e29,fwx229,False,2,0.7143,0.328071,motorcycle
img_027733.jpg,qre3c98,ski6888,False,6,0.1429,0.033233,motorcycle
img_027735.jpg,qrk5f43,siu543,False,4,0.4286,0.022878,motorcycle
img_027737.jpg,qrh2d22,gr22522,False,3,0.5714,0.034913,motorcycle
img_027740.jpg,qri2h49,gri459,False,4,0.4286,0.349713,motorcycle
img_027741.jpg,qrb1g37,orb167,False,3,0.5714,0.301086,motorcycle
img_027742.jpg,qre5g20,qre5220,False,1,0.8571,0.522022,motorcycle
img_027744.jpg,qrg5i84,sig3184,False,4,0.4286,0.361259,motorcycle
img_027751.jpg,qrg4j82,org3822,False,4,0.4286,0.138651,motorcycle
img_027754.jpg,mts6i12,mts6122,False,2,0.7143,0.183156,motorcycle
img_027755.jpg,qrk2h32,ork2222,False,3,0.5714,0.406533,motorcycle
img_027756.jpg,qrk2h46,ork2466,False,3,0.5714,0.327374,motorcycle
img_027757.jpg,qre5g20,ore5220,False,2,0.7143,0.456617,motorcycle
img_027762.jpg,qrg4j82,drg982,False,3,0.5714,0.111369,motorcycle
img_027765.jpg,odn8a70,qdm7702,False,5,0.2857,0.049393,motorcycle
img_027766.jpg,odt6a01,qu2801,False,5,0.2857,0.068873,motorcycle
img_027770.jpg,qrl0b55,orl8555,False,3,0.5714,0.243500,motorcycle
img_027772.jpg,qre5g20,qre620,False,2,0.7143,0.297529,motorcycle
img_027779.jpg,qrh7j75,orn3757,False,5,0.2857,0.305250,motorcycle
img_027782.jpg,ovj6e24,qvy1428,False,5,0.2857,0.006892,motorcycle
img_027785.jpg,odn8a70,odn8707,False,2,0.7143,0.087358,motorcycle
img_027786.jpg,ppv9c45,ppu945,False,2,0.7143,0.380269,motorcycle
img_027788.jpg,oda5c92,dpa9998,False,5,0.2857,0.092380,motorcycle
img_027789.jpg,qri2g10,bil5111,False,6,0.1429,0.022374,motorcycle
img_027793.jpg,mtv7c99,mtv6999,False,2,0.7143,0.184313,motorcycle
img_027794.jpg,qre5g64,qre5664,False,1,0.8571,0.196904,motorcycle
img_027798.jpg,ppy6c55,ppy555,False,2,0.7143,0.755215,motorcycle
img_027800.jpg,qrm6e95,orm6959,False,3,0.5714,0.392100,motorcycle
img_027801.jpg,qrb1g37,qrr1632,False,3,0.5714,0.041428,motorcycle
img_027802.jpg,ppe5h61,ppe5461,False,1,0.8571,0.686779,motorcycle
img_027809.jpg,qri4d60,qrid600,False,2,0.7143,0.289271,motorcycle
img_027817.jpg,ppy6e40,ppye400,False,2,0.7143,0.439175,motorcycle
img_027818.jpg,qrg5b79,grg579,False,2,0.7143,0.206912,motorcycle
img_027825.jpg,qre1j20,ore1220,False,2,0.7143,0.353288,motorcycle
img_027827.jpg,mtz8e66,mtz6668,False,3,0.5714,0.375824,motorcycle
img_027829.jpg,ovi2h93,dv22932,False,4,0.4286,0.187356,motorcycle
img_027836.jpg,qre4a41,qre4811,False,2,0.7143,0.104336,motorcycle
img_027838.jpg,qri4j59,orij559,False,3,0.5714,0.189044,motorcycle
img_027839.jpg,ovi2h93,ovi2933,False,2,0.7143,0.471725,motorcycle
img_027846.jpg,oda7g38,9da6382,False,4,0.4286,0.289374,motorcycle
img_027855.jpg,mts6i12,mts6122,False,2,0.7143,0.351494,motorcycle
img_027860.jpg,ovi2h93,8w2932,False,5,0.2857,0.108631,motorcycle
img_027863.jpg,qrh8a82,gr48222,False,4,0.4286,0.072158,motorcycle
img_027878.jpg,qrh8a82,qrh8222,False,2,0.7143,0.187421,motorcycle
img_027881.jpg,ovi6h87,qua8777,False,6,0.1429,0.059214,motorcycle
img_027885.jpg,qrg5g11,dr98611,False,4,0.4286,0.156419,motorcycle
img_027886.jpg,mtx4g86,mtx4686,False,1,0.8571,0.576503,motorcycle
img_027890.jpg,qrf4i27,qrf4272,False,2,0.7143,0.300727,motorcycle
img_027898.jpg,qrh8a82,qba822,False,4,0.4286,0.162942,motorcycle
img_027899.jpg,qrg1d29,org1299,False,3,0.5714,0.314888,motorcycle
img_027901.jpg,qre1h72,ore1172,False,2,0.7143,0.556969,motorcycle
img_027910.jpg,msp2a75,msp255,False,2,0.7143,0.361863,motorcycle
img_027913.jpg,ovi2h93,ov22932,False,3,0.5714,0.370692,motorcycle
img_027914.jpg,mse6d09,mse6999,False,2,0.7143,0.509395,motorcycle
img_027915.jpg,msw0e74,mswe74,False,1,0.8571,0.956332,motorcycle
img_027916.jpg,ovi2h93,ovi2933,False,2,0.7143,0.314797,motorcycle
img_027921.jpg,odg2h38,owg2388,False,3,0.5714,0.498424,motorcycle
img_027924.jpg,qrl7h97,oru7997,False,3,0.5714,0.792442,motorcycle
img_027925.jpg,mqq1e63,wno667,False,6,0.1429,0.008331,motorcycle
img_027931.jpg,ppm0g72,pc9622,False,5,0.2857,0.052093,motorcycle
img_027936.jpg,ppi6d91,ppi6911,False,2,0.7143,0.390297,motorcycle
img_027937.jpg,msw0e74,mswe74,False,1,0.8571,0.966511,motorcycle
img_027938.jpg,qrl1a42,qr14292,False,4,0.4286,0.224709,motorcycle
img_027940.jpg,msw0e74,msve747,False,3,0.5714,0.203683,motorcycle
img_027941.jpg,msp2a75,wsp255,False,3,0.5714,0.385624,motorcycle
img_027945.jpg,qrg6d57,dbr6977,False,5,0.2857,0.128323,motorcycle
img_027947.jpg,qrh6b28,dri6228,False,3,0.5714,0.049049,motorcycle
img_027948.jpg,qrg6d57,org6557,False,2,0.7143,0.180013,motorcycle
img_027949.jpg,qrf0h69,dwb040,False,6,0.1429,0.006706,motorcycle
img_027950.jpg,msm6c05,msm058,False,3,0.5714,0.272832,motorcycle
img_027951.jpg,qrf0h69,wathh09,False,5,0.2857,0.022827,motorcycle
img_027952.jpg,qrg6d57,drg677,False,3,0.5714,0.202287,motorcycle
img_027954.jpg,qrg6d57,dbb6757,False,4,0.4286,0.101543,motorcycle
img_027955.jpg,hbo6a52,bbo2884,False,5,0.2857,0.049113,motorcycle
img_027956.jpg,qrg6d57,bb8857,False,5,0.2857,0.076468,motorcycle
img_027958.jpg,qrf0h69,dw6869,False,5,0.2857,0.014343,motorcycle
img_027959.jpg,msm6c05,msm0588,False,4,0.4286,0.060439,motorcycle
img_027962.jpg,qrf0h69,dw26460,False,6,0.1429,0.005979,motorcycle
img_027964.jpg,qrh2j12,or22189,False,5,0.2857,0.113244,motorcycle
img_027965.jpg,qrg6d57,brrg378,False,6,0.1429,0.014925,motorcycle
img_027966.jpg,qrf0h69,dx46h09,False,5,0.2857,0.018307,motorcycle
img_027968.jpg,qrf0h69,qre6400,False,5,0.2857,0.005545,motorcycle
img_027969.jpg,msm6c05,msm4358,False,4,0.4286,0.208145,motorcycle
img_027971.jpg,qrg6d57,bru8288,False,6,0.1429,0.074299,motorcycle
img_027972.jpg,qrg6d57,bbu982,False,7,0.0000,0.022930,motorcycle
img_027973.jpg,qrf0h69,dfc0100,False,6,0.1429,0.005776,motorcycle
img_027974.jpg,qri8h59,bk43288,False,7,0.0000,0.019473,motorcycle
img_027980.jpg,qrg6d57,bitits,False,7,0.0000,0.021682,motorcycle
img_027982.jpg,oda7c99,qu99992,False,6,0.1429,0.030173,motorcycle
img_027984.jpg,oyk0j72,bit338,False,7,0.0000,0.052301,motorcycle
img_027989.jpg,ozw7a23,qzu238,False,5,0.2857,0.133165,motorcycle
img_028005.jpg,mpa3a92,bpa8288,False,5,0.2857,0.076807,motorcycle
img_028006.jpg,msx2b57,msx2575,False,2,0.7143,0.904815,motorcycle
img_028007.jpg,ozw7a23,oku223,False,4,0.4286,0.115787,motorcycle
img_028009.jpg,qrm9g80,qrw9680,False,2,0.7143,0.110011,motorcycle
img_028011.jpg,pph2h33,buj2238,False,5,0.2857,0.130099,motorcycle
img_028014.jpg,pph2h33,pph2338,False,2,0.7143,0.481140,motorcycle
img_028015.jpg,msf3i23,bi85128,False,6,0.1429,0.206517,motorcycle
img_028019.jpg,mqs8d89,80s0898,False,5,0.2857,0.156992,motorcycle
img_028021.jpg,ozw7a23,aca7228,False,5,0.2857,0.082568,motorcycle
img_028023.jpg,msw2i03,wsm2182,False,5,0.2857,0.112742,motorcycle
img_028024.jpg,qrk3d06,dw23668,False,6,0.1429,0.034277,motorcycle
img_028026.jpg,ppy6c55,ppv5558,False,4,0.4286,0.056735,motorcycle
img_028027.jpg,qrl5j85,oru358,False,5,0.2857,0.069952,motorcycle
img_028028.jpg,ppe9a12,ppe7828,False,4,0.4286,0.478042,motorcycle
img_028033.jpg,qrj8h83,8r38483,False,3,0.5714,0.095320,motorcycle
img_028041.jpg,mtv0h43,du24328,False,7,0.0000,0.065220,motorcycle
img_028047.jpg,msf3i23,mb328,False,4,0.4286,0.106968,motorcycle
img_028053.jpg,mtz1d24,miz1024,False,2,0.7143,0.452670,motorcycle
img_028055.jpg,ovi4d13,ova2818,False,4,0.4286,0.026590,motorcycle
img_028063.jpg,mqj0g55,moj665,False,4,0.4286,0.149104,motorcycle
img_028068.jpg,qrg6d57,drg675,False,3,0.5714,0.104599,motorcycle
img_028075.jpg,oyi4h49,qua338,False,7,0.0000,0.069901,motorcycle
img_028076.jpg,msf3i23,bit2389,False,7,0.0000,0.026488,motorcycle
img_028078.jpg,qrl2c69,dr22189,False,4,0.4286,0.110089,motorcycle
img_028087.jpg,msf3i23,fl83238,False,5,0.2857,0.076299,motorcycle
img_028090.jpg,mtz1d24,inj1022,False,5,0.2857,0.084302,motorcycle
img_028091.jpg,ovi4d13,ovi4133,False,2,0.7143,0.108024,motorcycle
img_028094.jpg,mpk7e29,iep0238,False,7,0.0000,0.022191,motorcycle
img_028096.jpg,mps6g32,mps6328,False,2,0.7143,0.199035,motorcycle
img_028097.jpg,msq9e72,ms97822,False,4,0.4286,0.096024,motorcycle
img_028098.jpg,ovi4d13,ova5818,False,4,0.4286,0.168754,motorcycle
img_028115.jpg,mtz1d24,ila4288,False,7,0.0000,0.051062,motorcycle
img_028122.jpg,qrj4c82,drj4829,False,3,0.5714,0.235286,motorcycle
img_028124.jpg,ocv8e03,bc65038,False,5,0.2857,0.051292,motorcycle
img_028125.jpg,ozw7a23,qk9288,False,7,0.0000,0.009099,motorcycle
img_028129.jpg,mtq4f75,waq4558,False,5,0.2857,0.053294,motorcycle
img_028140.jpg,moy4d15,mov4058,False,4,0.4286,0.184809,motorcycle
img_028142.jpg,pph2h33,dep2133,False,4,0.4286,0.067763,motorcycle
img_028147.jpg,msn4g35,isp4558,False,5,0.2857,0.136811,motorcycle
img_028149.jpg,qrf3c79,qre3799,False,3,0.5714,0.094267,motorcycle
img_028155.jpg,olz5g48,das6484,False,6,0.1429,0.043663,motorcycle
img_028161.jpg,qrg5g54,qr9588,False,4,0.4286,0.089747,motorcycle
img_028162.jpg,ocx2g95,qcx2699,False,3,0.5714,0.085098,motorcycle
img_028168.jpg,qrf0h69,dqk0h09,False,4,0.4286,0.009484,motorcycle
img_028172.jpg,pps7e09,pps092,False,3,0.5714,0.351523,motorcycle
img_028177.jpg,mtq4f75,mtg4798,False,4,0.4286,0.182929,motorcycle
img_028178.jpg,ppl8c51,bl23284,False,7,0.0000,0.054025,motorcycle
img_028179.jpg,oyf9h59,oyf7599,False,3,0.5714,0.288840,motorcycle
img_028183.jpg,qrj1a37,qbi2888,False,6,0.1429,0.040827,motorcycle
img_028184.jpg,ppr7g88,pe7688,False,3,0.5714,0.249181,motorcycle
img_028185.jpg,qri6c82,qh88222,False,5,0.2857,0.035984,motorcycle
img_028187.jpg,qre5g20,qre5860,False,2,0.7143,0.424815,motorcycle
img_028190.jpg,qrk3d06,bill128,False,7,0.0000,0.012256,motorcycle
img_028196.jpg,pph2h33,pp52388,False,4,0.4286,0.015890,motorcycle
img_028199.jpg,qrf0h69,dw80489,False,5,0.2857,0.006001,motorcycle
img_028215.jpg,qri2f05,qri2288,False,3,0.5714,0.032355,motorcycle
img_028220.jpg,qrh3h92,ehh2898,False,5,0.2857,0.057497,motorcycle
img_028221.jpg,duz7g68,dck1682,False,5,0.2857,0.171302,motorcycle
img_028230.jpg,odh6e75,qdi7758,False,5,0.2857,0.119719,motorcycle
img_028236.jpg,ocv8e03,ocv9338,False,4,0.4286,0.174397,motorcycle
img_028239.jpg,oyf5f69,dve388,False,7,0.0000,0.047870,motorcycle
img_028247.jpg,qrh2g55,qr22656,False,3,0.5714,0.061525,motorcycle
img_028248.jpg,mtc6d64,bt4248,False,6,0.1429,0.015671,motorcycle
img_028249.jpg,mtz1d24,iki1228,False,5,0.2857,0.122756,motorcycle
img_028253.jpg,pud5d18,pul8788,False,4,0.4286,0.093905,motorcycle
img_028257.jpg,ppm5a98,ppm8787,False,4,0.4286,0.062745,motorcycle
img_028262.jpg,mtz1d24,ika108,False,6,0.1429,0.236873,motorcycle
img_028264.jpg,qrh1b34,orb1448,False,5,0.2857,0.112011,motorcycle
img_028271.jpg,qrh5c50,9ri3308,False,6,0.1429,0.074651,motorcycle
img_028281.jpg,qre3c48,gre4488,False,4,0.4286,0.034787,motorcycle
img_028284.jpg,qrg1d29,qrg1099,False,2,0.7143,0.425719,motorcycle
img_028294.jpg,qrg5b41,org3411,False,4,0.4286,0.051528,motorcycle
img_028298.jpg,ppt2a23,pr72223,False,3,0.5714,0.252445,motorcycle
img_028304.jpg,puo0e01,puo5011,False,3,0.5714,0.309719,motorcycle
img_028305.jpg,qrg1d29,wau222,False,6,0.1429,0.071473,motorcycle
img_028307.jpg,qrf0d45,dre045,False,3,0.5714,0.381285,motorcycle
img_028308.jpg,msz6j86,bs2666,False,4,0.4286,0.209072,motorcycle
img_028314.jpg,lsv8i85,bsv1855,False,4,0.4286,0.600363,motorcycle
img_028318.jpg,mqr6b71,ma46871,False,3,0.5714,0.063037,motorcycle
img_028319.jpg,qrh5b63,qb55863,False,3,0.5714,0.090365,motorcycle
img_028320.jpg,qrh2d22,qr22022,False,2,0.7143,0.695497,motorcycle
img_028321.jpg,odm6h99,owm6799,False,2,0.7143,0.087217,motorcycle
img_028324.jpg,gva1i94,fxx194,False,4,0.4286,0.015467,motorcycle
img_028335.jpg,ods3f87,q283872,False,5,0.2857,0.137473,motorcycle
img_028342.jpg,odj5g59,l258692,False,6,0.1429,0.108079,motorcycle
img_028344.jpg,ppt5j40,bid4542,False,6,0.1429,0.002307,motorcycle
img_028345.jpg,ppl7b10,ppl7810,False,1,0.8571,0.412242,motorcycle
img_028347.jpg,qre3g47,qbe3682,False,4,0.4286,0.163503,motorcycle
img_028348.jpg,msv7i05,msm7052,False,3,0.5714,0.150409,motorcycle
img_028356.jpg,odr2i65,qde165,False,4,0.4286,0.430261,motorcycle
img_028357.jpg,odj5g59,l256928,False,7,0.0000,0.058432,motorcycle
img_028358.jpg,odt3g90,qp2360,False,5,0.2857,0.098754,motorcycle
img_028364.jpg,ppt5j40,pi45008,False,5,0.2857,0.044865,motorcycle
img_028365.jpg,ppo3j50,ppo350,False,1,0.8571,0.748143,motorcycle
img_028367.jpg,qrg2j03,qaq2203,False,3,0.5714,0.114850,motorcycle
img_028368.jpg,qre3c48,qre3488,False,2,0.7143,0.680705,motorcycle
img_028370.jpg,odt6a01,qp24012,False,6,0.1429,0.037416,motorcycle
img_028376.jpg,ppl0f98,pp99988,False,4,0.4286,0.278114,motorcycle
img_028378.jpg,qrh6b28,qbh688,False,3,0.5714,0.085170,motorcycle
img_028381.jpg,odf2d01,ddf9918,False,5,0.2857,0.027638,motorcycle
img_028384.jpg,oyk5j80,dy68808,False,5,0.2857,0.108310,motorcycle
img_028387.jpg,qrg5b79,qb93872,False,5,0.2857,0.181095,motorcycle
img_028394.jpg,qrg2c73,qp92133,False,4,0.4286,0.106553,motorcycle
img_028399.jpg,mpt7d28,fly2282,False,6,0.1429,0.089380,motorcycle
img_028401.jpg,kzz8f62,bk6628,False,6,0.1429,0.123051,motorcycle
img_028404.jpg,odg2h60,qu82188,False,6,0.1429,0.045004,motorcycle
img_028405.jpg,mqv9f73,mov2782,False,5,0.2857,0.234528,motorcycle
img_028406.jpg,mqv7e12,bby2222,False,6,0.1429,0.085207,motorcycle
img_028408.jpg,qrf1j80,qre1800,False,3,0.5714,0.477890,motorcycle
img_028410.jpg,odj2g92,qb2698,False,5,0.2857,0.194159,motorcycle
img_028414.jpg,qrg4j82,qag3822,False,4,0.4286,0.060694,motorcycle
img_028416.jpg,qre2g64,qre2264,False,1,0.8571,0.301204,motorcycle
img_028422.jpg,msp2a75,bs22782,False,5,0.2857,0.087954,motorcycle
img_028424.jpg,ovi7a98,dva878,False,5,0.2857,0.362843,motorcycle
img_028427.jpg,qrg5b79,qrg587,False,2,0.7143,0.521778,motorcycle
img_028432.jpg,odj5e46,opy6788,False,6,0.1429,0.220115,motorcycle
img_028436.jpg,oyk5j80,dy5800,False,4,0.4286,0.095503,motorcycle
img_028439.jpg,ozw7a23,dc4228,False,6,0.1429,0.132422,motorcycle
img_028444.jpg,ppe5h61,5pe361,False,3,0.5714,0.632133,motorcycle
img_028447.jpg,ppt2a23,pp13223,False,3,0.5714,0.067539,motorcycle
img_028455.jpg,qri1d52,you3323,False,7,0.0000,0.038305,motorcycle
img_028457.jpg,qrb8a37,dre8357,False,4,0.4286,0.014714,motorcycle
img_028459.jpg,qre0c75,qre5757,False,3,0.5714,0.257529,motorcycle
img_028467.jpg,odj2g92,qb2882,False,5,0.2857,0.051733,motorcycle
img_028468.jpg,ppn9j74,ppn974,False,1,0.8571,0.981594,motorcycle
img_028472.jpg,qrf4b90,qbf4890,False,2,0.7143,0.343494,motorcycle
img_028473.jpg,qrd8g66,8rpa268,False,5,0.2857,0.285989,motorcycle
img_028474.jpg,oyk9e73,bj8228,False,7,0.0000,0.126419,motorcycle
img_028475.jpg,qrh9e85,bl785,False,5,0.2857,0.248557,motorcycle
img_028480.jpg,pwu5j06,py86666,False,5,0.2857,0.043158,motorcycle
img_028486.jpg,qrc5d52,drc5022,False,3,0.5714,0.252715,motorcycle
img_028489.jpg,qrf8d14,8ff448,False,6,0.1429,0.268039,motorcycle
img_028492.jpg,pwu5j06,py56006,False,4,0.4286,0.048755,motorcycle
img_028496.jpg,qrf5a87,qre5878,False,3,0.5714,0.421969,motorcycle
img_028498.jpg,mqv9f73,geyf722,False,6,0.1429,0.071515,motorcycle
img_028499.jpg,msx4c00,ask4028,False,5,0.2857,0.097625,motorcycle
img_028507.jpg,qrg1e42,bba1292,False,5,0.2857,0.034935,motorcycle
img_028510.jpg,msf3g39,ws53678,False,5,0.2857,0.063419,motorcycle
img_028511.jpg,qrg4h59,are3288,False,6,0.1429,0.219046,motorcycle
img_028512.jpg,fbh4b10,fbi8810,False,3,0.5714,0.141681,motorcycle
img_028520.jpg,qre9g46,bbe3888,False,6,0.1429,0.048419,motorcycle
img_028521.jpg,ozw7a23,dky223,False,5,0.2857,0.112702,motorcycle
img_028531.jpg,ppt6c15,pli8218,False,5,0.2857,0.052201,motorcycle
img_028534.jpg,qrj4h09,pk2998,False,7,0.0000,0.040507,motorcycle
img_028538.jpg,odj0i46,opj8198,False,5,0.2857,0.009822,motorcycle
img_028539.jpg,qrl8a56,8rk688,False,6,0.1429,0.061891,motorcycle
img_028540.jpg,jsu8a56,bya2288,False,7,0.0000,0.183738,motorcycle
img_028541.jpg,ppr7g88,ppi7688,False,2,0.7143,0.392747,motorcycle
img_028542.jpg,kob6d80,kqb8880,False,3,0.5714,0.051355,motorcycle
img_028543.jpg,qrc5d52,9r55892,False,4,0.4286,0.081061,motorcycle
img_028545.jpg,qri7d06,9rj4008,False,5,0.2857,0.082817,motorcycle
img_028547.jpg,qri7h26,dr9726,False,3,0.5714,0.171565,motorcycle
img_028553.jpg,qrg5b79,qrg589,False,2,0.7143,0.436304,motorcycle
img_028554.jpg,pps0e72,bl9972,False,5,0.2857,0.137222,motorcycle
img_028555.jpg,qri4d60,qre0060,False,3,0.5714,0.263086,motorcycle
img_028556.jpg,qrg5b79,qr95879,False,2,0.7143,0.144290,motorcycle
img_028559.jpg,ppr7g88,bpi078,False,5,0.2857,0.049244,motorcycle
img_028564.jpg,odf2c66,qff2668,False,4,0.4286,0.334451,motorcycle
img_028567.jpg,qri3h51,9w3333,False,6,0.1429,0.078183,motorcycle
img_028568.jpg,msv7i05,ms4118,False,5,0.2857,0.071849,motorcycle
img_028578.jpg,odt3g50,983050,False,4,0.4286,0.021729,motorcycle
img_028583.jpg,pwu5j06,py66608,False,5,0.2857,0.049640,motorcycle
img_028584.jpg,qri2j52,bj22822,False,5,0.2857,0.054367,motorcycle
img_028590.jpg,gva1i94,gva194,False,1,0.8571,0.988162,motorcycle
img_028594.jpg,qri3c91,bariz22,False,6,0.1429,0.013437,motorcycle
img_028595.jpg,odf2c66,qp64668,False,6,0.1429,0.255407,motorcycle
img_028596.jpg,odf2c66,qpf2668,False,4,0.4286,0.132453,motorcycle
img_028597.jpg,odp9d77,qdp9077,False,2,0.7143,0.073289,motorcycle
img_028599.jpg,qrg2j03,qrg203,False,1,0.8571,0.121384,motorcycle
img_028612.jpg,pwu5j06,py8488,False,6,0.1429,0.069604,motorcycle
img_028614.jpg,ppg5h51,bigi28,False,6,0.1429,0.040879,motorcycle
img_028619.jpg,qrg0b96,qrg676,False,3,0.5714,0.203370,motorcycle
img_028620.jpg,ppy6c55,ppy5555,False,2,0.7143,0.603474,motorcycle
img_028621.jpg,ppo9c66,pp86668,False,4,0.4286,0.202473,motorcycle
img_028623.jpg,ppc6i18,pps8188,False,4,0.4286,0.373257,motorcycle
img_028627.jpg,mqv6a59,moua599,False,4,0.4286,0.140471,motorcycle
img_028629.jpg,qre5g20,bb5228,False,5,0.2857,0.059389,motorcycle
img_028630.jpg,qrf8d14,bbj192,False,7,0.0000,0.084006,motorcycle
img_028636.jpg,qrf1c30,qre1330,False,2,0.7143,0.280684,motorcycle
img_028642.jpg,ovf5h08,qv54082,False,4,0.4286,0.076218,motorcycle
img_028650.jpg,ppn1b25,pru1828,False,4,0.4286,0.209633,motorcycle
img_028655.jpg,odf2c66,qp62668,False,5,0.2857,0.257473,motorcycle
img_028657.jpg,qrg0b96,qrg676,False,3,0.5714,0.214742,motorcycle
img_028660.jpg,qrg4h59,qae7228,False,6,0.1429,0.069943,motorcycle
img_028667.jpg,ppq2f25,ppq225,False,1,0.8571,0.392329,motorcycle
img_028670.jpg,qrg7b26,qb9826,False,4,0.4286,0.196350,motorcycle
img_028672.jpg,qri2j52,bj42522,False,5,0.2857,0.141124,motorcycle
img_028679.jpg,ppc6i18,pp55188,False,4,0.4286,0.467242,motorcycle
img_028680.jpg,mqv7e12,mov1122,False,4,0.4286,0.369989,motorcycle
img_028687.jpg,ppg5h51,pgg519,False,4,0.4286,0.073245,motorcycle
img_028697.jpg,ovi4d13,ok43013,False,4,0.4286,0.102819,motorcycle
img_028705.jpg,oyk9e73,818228,False,7,0.0000,0.075315,motorcycle
img_028710.jpg,odl9b35,oej5282,False,6,0.1429,0.023631,motorcycle
img_028712.jpg,qrg0b96,qbq3968,False,5,0.2857,0.049087,motorcycle
img_028713.jpg,jso4d70,d990784,False,7,0.0000,0.059958,motorcycle
img_028717.jpg,qri5i04,qr15104,False,2,0.7143,0.149786,motorcycle
img_028732.jpg,qre6c98,qpfs787,False,6,0.1429,0.154076,motorcycle
img_028740.jpg,ppg5h51,big228,False,6,0.1429,0.210044,motorcycle
img_028744.jpg,qrg3g25,pag5288,False,6,0.1429,0.127904,motorcycle
img_028752.jpg,qrh8b53,qbi3858,False,5,0.2857,0.105272,motorcycle
img_028753.jpg,qrh6f77,bev678,False,5,0.2857,0.046011,motorcycle
img_028756.jpg,qrh4e29,qr9429,False,2,0.7143,0.055366,motorcycle
img_028760.jpg,aux9b64,aua484,False,4,0.4286,0.189567,motorcycle
img_028763.jpg,ppy6c55,ppy4752,False,3,0.5714,0.233983,motorcycle
img_028764.jpg,ppg5h51,bpg5118,False,4,0.4286,0.136043,motorcycle
img_028765.jpg,pps2d40,brs2440,False,3,0.5714,0.205784,motorcycle
img_028773.jpg,ppr7g88,ppi7688,False,2,0.7143,0.202393,motorcycle
img_028775.jpg,mtd2f50,wtp258,False,4,0.4286,0.093989,motorcycle
img_028779.jpg,qri3e18,qri3198,False,2,0.7143,0.178977,motorcycle
img_028781.jpg,ppy6c55,ppy5555,False,2,0.7143,0.252717,motorcycle
img_028782.jpg,mtx7c76,my46768,False,5,0.2857,0.185783,motorcycle
img_028783.jpg,oum1g39,oun0392,False,4,0.4286,0.034846,motorcycle
img_028787.jpg,ppb1h72,ble222,False,6,0.1429,0.366459,motorcycle
img_028790.jpg,msp8d62,bsp6222,False,4,0.4286,0.018612,motorcycle
img_028791.jpg,ppg5h51,br3228,False,7,0.0000,0.153977,motorcycle
img_028793.jpg,oum1g39,qk18288,False,7,0.0000,0.057433,motorcycle
img_028798.jpg,qrf3i26,qka3188,False,5,0.2857,0.048575,motorcycle
img_028800.jpg,mta2e89,mfa2892,False,3,0.5714,0.299763,motorcycle
img_028801.jpg,ppy6c55,ppy6552,False,2,0.7143,0.226227,motorcycle
img_028803.jpg,qrj1i69,qbj167,False,3,0.5714,0.139795,motorcycle
img_028806.jpg,msk2b04,bbia228,False,7,0.0000,0.154303,motorcycle
img_028808.jpg,qrj6d59,pea2932,False,7,0.0000,0.007013,motorcycle
img_028810.jpg,qrh5b66,bua238,False,7,0.0000,0.197512,motorcycle
img_028815.jpg,hjo9c32,pj93892,False,5,0.2857,0.328265,motorcycle
img_028822.jpg,qrb1f69,qr81288,False,4,0.4286,0.115621,motorcycle
img_028824.jpg,ppb1h72,ppb4788,False,4,0.4286,0.087766,motorcycle
img_028829.jpg,qrj5j61,qrj5561,False,1,0.8571,0.253927,motorcycle
img_028831.jpg,duz7g68,du67882,False,4,0.4286,0.394848,motorcycle
img_028835.jpg,qre6b81,qre3819,False,3,0.5714,0.108222,motorcycle
img_028836.jpg,ppy6c55,ppy555,False,2,0.7143,0.350100,motorcycle
img_028838.jpg,ocz3e21,q631298,False,6,0.1429,0.075760,motorcycle
img_028843.jpg,ppr7g88,bex288,False,5,0.2857,0.018275,motorcycle
img_028846.jpg,ppa7a55,bpk252,False,5,0.2857,0.066047,motorcycle
img_028847.jpg,qrf1j03,dil3282,False,7,0.0000,0.036813,motorcycle
img_028849.jpg,qrj8h83,8rd837,False,5,0.2857,0.455440,motorcycle
img_028850.jpg,qrj5c38,227422,False,7,0.0000,0.017751,motorcycle
img_028854.jpg,mtx1h46,btx4888,False,5,0.2857,0.086781,motorcycle
img_028856.jpg,qrh4e29,qrh4299,False,2,0.7143,0.521972,motorcycle
img_028859.jpg,qri7h26,blx428,False,6,0.1429,0.085851,motorcycle
img_028860.jpg,qrj4h09,qu94499,False,4,0.4286,0.014741,motorcycle
img_028863.jpg,mqr6b71,mor6871,False,2,0.7143,0.625652,motorcycle
img_028868.jpg,mtx7c76,mtx4688,False,4,0.4286,0.140545,motorcycle
img_028878.jpg,qrk9g40,qrk960,False,2,0.7143,0.775891,motorcycle
img_028879.jpg,ppg5h51,brg428,False,6,0.1429,0.022357,motorcycle
img_028884.jpg,msu3a87,bse378,False,4,0.4286,0.020690,motorcycle
img_028888.jpg,qrj1i69,qr1167,False,3,0.5714,0.070488,motorcycle
img_028889.jpg,msw0e74,edv424,False,6,0.1429,0.018180,motorcycle
img_028898.jpg,ppf2b19,pet4898,False,6,0.1429,0.058806,motorcycle
img_028900.jpg,prn1a91,prn1911,False,2,0.7143,0.430581,motorcycle
img_028903.jpg,odg5f18,dps8188,False,5,0.2857,0.026408,motorcycle
img_028906.jpg,oyf3b05,dx2305,False,4,0.4286,0.305501,motorcycle
img_028915.jpg,ppg5h51,spg3771,False,4,0.4286,0.182612,motorcycle
img_028920.jpg,odi5g99,db26992,False,5,0.2857,0.030498,motorcycle
img_028928.jpg,mrw2c03,mb42682,False,5,0.2857,0.069576,motorcycle
img_028931.jpg,pps2d40,bts200,False,4,0.4286,0.040845,motorcycle
img_028944.jpg,mso8d44,bsq4522,False,6,0.1429,0.165811,motorcycle
img_028945.jpg,ppe0a33,pre3882,False,5,0.2857,0.458359,motorcycle
img_028947.jpg,qrf3d72,dr75722,False,5,0.2857,0.040283,motorcycle
img_028951.jpg,qre1j20,q35170,False,4,0.4286,0.099399,motorcycle
img_028952.jpg,qri7e72,qra9772,False,3,0.5714,0.047076,motorcycle
img_028954.jpg,qrf6h73,gre3732,False,5,0.2857,0.190565,motorcycle
img_028973.jpg,ppu8b27,bry8238,False,6,0.1429,0.104217,motorcycle
img_028974.jpg,qre0c75,ore5732,False,5,0.2857,0.135322,motorcycle
img_028975.jpg,qrg5g11,or25611,False,3,0.5714,0.154085,motorcycle
img_028991.jpg,qrj4g88,qk9688,False,4,0.4286,0.070123,motorcycle
img_028993.jpg,qrg8f91,9aq3318,False,7,0.0000,0.080234,motorcycle
img_028996.jpg,mtp1e92,wjp5922,False,5,0.2857,0.173046,motorcycle
img_028999.jpg,odg5f18,9g8388,False,5,0.2857,0.020805,motorcycle
img_029000.jpg,ppy6c55,ppy5552,False,3,0.5714,0.259691,motorcycle
img_029007.jpg,jko1c51,jaq551,False,4,0.4286,0.253580,motorcycle
img_029010.jpg,mrl5f11,mr53112,False,3,0.5714,0.056278,motorcycle
img_029013.jpg,lmc6f52,le58298,False,6,0.1429,0.071451,motorcycle
img_029017.jpg,qrh3h92,qr93222,False,3,0.5714,0.138843,motorcycle
img_029018.jpg,qrk2h32,qrk2222,False,2,0.7143,0.346180,motorcycle
img_029025.jpg,mtm8j36,bj9388,False,7,0.0000,0.171531,motorcycle
img_029032.jpg,ppy6c55,ppy5752,False,3,0.5714,0.344883,motorcycle
img_029035.jpg,mtx7c76,max1078,False,4,0.4286,0.108329,motorcycle
img_029040.jpg,ppy6c55,ppy5752,False,3,0.5714,0.224467,motorcycle
img_029044.jpg,ppl1g49,ppl4199,False,3,0.5714,0.125825,motorcycle
img_029045.jpg,qrf5a87,qre5887,False,2,0.7143,0.363627,motorcycle
img_029048.jpg,qrb7j37,qre3387,False,4,0.4286,0.150098,motorcycle
img_029051.jpg,msa2d98,bsa2788,False,3,0.5714,0.353026,motorcycle
img_029054.jpg,odh5h74,9b2228,False,7,0.0000,0.047814,motorcycle
img_029059.jpg,fyw0e20,fvy0220,False,3,0.5714,0.403924,motorcycle
img_029063.jpg,msw0e74,blve782,False,6,0.1429,0.101897,motorcycle
img_029069.jpg,ppn1i54,pp92488,False,5,0.2857,0.135252,motorcycle
img_029072.jpg,qrg5b79,bba28,False,7,0.0000,0.667072,motorcycle
img_029075.jpg,odg7j05,opg705,False,2,0.7143,0.242751,motorcycle
img_029077.jpg,ppm6b36,ppm256,False,3,0.5714,0.141893,motorcycle
img_029085.jpg,ppe5h61,pue5819,False,4,0.4286,0.019848,motorcycle
img_029086.jpg,ppj7d86,b82780,False,5,0.2857,0.021834,motorcycle
img_029088.jpg,qrj4j25,qry323,False,4,0.4286,0.267415,motorcycle
img_029093.jpg,qrj4h09,pit4288,False,6,0.1429,0.118196,motorcycle
img_029103.jpg,gzv3j93,gz4y382,False,5,0.2857,0.008131,motorcycle
img_029110.jpg,ppy6c55,ppy5758,False,3,0.5714,0.170251,motorcycle
img_029111.jpg,qrk2h46,qb42250,False,5,0.2857,0.310150,motorcycle
img_029112.jpg,qre6b81,qre3887,False,3,0.5714,0.099445,motorcycle
img_029113.jpg,oyd0i44,oyd4144,False,2,0.7143,0.248003,motorcycle
img_029119.jpg,qrf9c92,qff3229,False,5,0.2857,0.146718,motorcycle
img_029124.jpg,hjo9c32,mj93892,False,5,0.2857,0.262862,motorcycle
img_029127.jpg,ppt5j40,ppy540,False,2,0.7143,0.911774,motorcycle
img_029128.jpg,qrg4i42,qbb522,False,5,0.2857,0.148976,motorcycle
img_029131.jpg,mtm5h09,btha922,False,6,0.1429,0.021111,motorcycle
img_029133.jpg,qrk8e50,qrk8502,False,2,0.7143,0.145505,motorcycle
img_029136.jpg,qrg4j82,drg322,False,4,0.4286,0.081353,motorcycle
img_029138.jpg,oda0e40,opa2282,False,5,0.2857,0.042527,motorcycle
img_029143.jpg,odr2i65,qpr2168,False,4,0.4286,0.167824,motorcycle
img_029144.jpg,gkh4c99,bazc999,False,5,0.2857,0.178670,motorcycle
img_029146.jpg,qri2j52,bjk522,False,6,0.1429,0.082275,motorcycle
img_029150.jpg,qrk5j15,qrk5151,False,2,0.7143,0.201695,motorcycle
img_029154.jpg,qre5g22,qre5222,False,1,0.8571,0.381849,motorcycle
img_029156.jpg,mrl5f11,mr43511,False,3,0.5714,0.044014,motorcycle
img_029165.jpg,qrj5d28,qry5288,False,3,0.5714,0.688708,motorcycle
img_029169.jpg,qri2h49,qr42499,False,3,0.5714,0.313251,motorcycle
img_029171.jpg,odo7h15,odq7152,False,3,0.5714,0.054275,motorcycle
img_029172.jpg,msy8a54,bsy494,False,4,0.4286,0.268741,motorcycle
img_029174.jpg,odc5d59,qb5888,False,6,0.1429,0.238058,motorcycle
img_029176.jpg,mpi9a64,bak4288,False,7,0.0000,0.013535,motorcycle
img_029177.jpg,mpi9a64,gle444,False,6,0.1429,0.107272,motorcycle
img_029178.jpg,qrh8b53,qrh3858,False,3,0.5714,0.041831,motorcycle
img_029181.jpg,msv3h69,bsk3288,False,5,0.2857,0.148686,motorcycle
img_029185.jpg,oyh6d96,qyp296,False,4,0.4286,0.023505,motorcycle
img_029187.jpg,mrs3j76,bbj6578,False,6,0.1429,0.048131,motorcycle
img_029198.jpg,odp8g56,opp6658,False,4,0.4286,0.135968,motorcycle
img_029199.jpg,qrk8i20,gr30120,False,4,0.4286,0.111104,motorcycle
img_029209.jpg,ppb4e77,ppb4772,False,2,0.7143,0.640731,motorcycle
img_029216.jpg,ppv9c45,ppy945,False,2,0.7143,0.481813,motorcycle
img_029224.jpg,qri2h49,qr42499,False,3,0.5714,0.113499,motorcycle
img_029228.jpg,mtz2i95,bl26199,False,6,0.1429,0.101603,motorcycle
img_029231.jpg,odt6a01,qpj4288,False,7,0.0000,0.069990,motorcycle
img_029233.jpg,mst5a03,mst4032,False,3,0.5714,0.186438,motorcycle
img_029236.jpg,qri2h49,qr42499,False,3,0.5714,0.596524,motorcycle
img_029238.jpg,mpt7d28,wpy7728,False,3,0.5714,0.048468,motorcycle
img_029244.jpg,qri4j59,dj59599,False,6,0.1429,0.218169,motorcycle
img_029248.jpg,ppy6c55,ppy5758,False,3,0.5714,0.437356,motorcycle
img_029256.jpg,qrf2i78,qre2177,False,3,0.5714,0.478746,motorcycle
img_029263.jpg,pph2b58,bbea858,False,5,0.2857,0.285255,motorcycle
img_029265.jpg,mtb8a07,btb278,False,5,0.2857,0.075541,motorcycle
img_029268.jpg,odl8c42,bpk4222,False,6,0.1429,0.035272,motorcycle
img_029269.jpg,qrf8d05,bais228,False,7,0.0000,0.126347,motorcycle
img_029270.jpg,ppy6c55,ppy5558,False,3,0.5714,0.173584,motorcycle
img_029276.jpg,ocw1a61,ocp1861,False,2,0.7143,0.031134,motorcycle
img_029279.jpg,qrf5a39,gj1228,False,7,0.0000,0.049261,motorcycle
img_029290.jpg,qrh5b66,9bp280,False,7,0.0000,0.170363,motorcycle
img_029291.jpg,ppy6c55,ppy5558,False,3,0.5714,0.424743,motorcycle
img_029295.jpg,qrj1i96,q11128,False,5,0.2857,0.027164,motorcycle
img_029302.jpg,qri5b63,pr45863,False,3,0.5714,0.532062,motorcycle
img_029305.jpg,ovi3e42,qv34222,False,5,0.2857,0.115384,motorcycle
img_029306.jpg,ppg0f71,pega782,False,5,0.2857,0.161433,motorcycle
img_029312.jpg,ppf9d45,ppt9432,False,4,0.4286,0.056907,motorcycle
img_029313.jpg,ocy0i57,ocy3778,False,4,0.4286,0.098149,motorcycle
img_029318.jpg,nyx4g84,aua2288,False,6,0.1429,0.105883,motorcycle
img_029320.jpg,qrj5b44,bb2282,False,7,0.0000,0.022575,motorcycle
img_029326.jpg,ppk4e09,ppk4099,False,2,0.7143,0.140043,motorcycle
img_029328.jpg,qrg0b96,abg896,False,4,0.4286,0.346210,motorcycle
img_029329.jpg,qri2h49,qr42199,False,3,0.5714,0.407415,motorcycle
img_029334.jpg,mtm0f89,mtm898,False,3,0.5714,0.228653,motorcycle
img_029344.jpg,ppe0a55,ap55388,False,6,0.1429,0.407357,motorcycle
img_029347.jpg,ovf5h30,bw3510,False,5,0.2857,0.070738,motorcycle
img_029348.jpg,mrw9h52,mb53892,False,5,0.2857,0.165351,motorcycle
img_029349.jpg,msp4b22,mpp8222,False,3,0.5714,0.037430,motorcycle
img_029350.jpg,ppv9c45,ppy5743,False,4,0.4286,0.701546,motorcycle
img_029351.jpg,qrb1g37,qrb1637,False,1,0.8571,0.525325,motorcycle
img_029353.jpg,msw0e74,bla4288,False,7,0.0000,0.051736,motorcycle
img_029354.jpg,ppy6c55,ppy6552,False,2,0.7143,0.178246,motorcycle
img_029366.jpg,odb4a87,opi8887,False,4,0.4286,0.029976,motorcycle
img_029372.jpg,llt9f03,de99633,False,5,0.2857,0.091202,motorcycle
img_029373.jpg,oyk5i74,pha5184,False,5,0.2857,0.018158,motorcycle
img_029376.jpg,mts9a68,ats8288,False,4,0.4286,0.429782,motorcycle
img_029380.jpg,qrg4j82,djg7892,False,5,0.2857,0.116697,motorcycle
img_029381.jpg,mqk4h98,mok1889,False,5,0.2857,0.122225,motorcycle
img_029387.jpg,qrg4d71,qrg428,False,3,0.5714,0.068870,motorcycle
img_029388.jpg,msw0e74,wda228,False,7,0.0000,0.243377,motorcycle
img_029392.jpg,qrk9b28,qrx9828,False,2,0.7143,0.129823,motorcycle
img_029402.jpg,mtm0f89,mtmf899,False,2,0.7143,0.430285,motorcycle
img_029403.jpg,qrk8j99,drk8999,False,2,0.7143,0.470517,motorcycle
img_029404.jpg,ovk7i14,qy47228,False,6,0.1429,0.030669,motorcycle
img_029411.jpg,oyk9b17,oyk9877,False,2,0.7143,0.232948,motorcycle
img_029412.jpg,qri7b05,qra7805,False,2,0.7143,0.085230,motorcycle
img_029414.jpg,ppo3d92,pp93922,False,3,0.5714,0.194095,motorcycle
img_029422.jpg,qrh8g78,ar2878,False,3,0.5714,0.111042,motorcycle
img_029423.jpg,odg8b88,888882,False,5,0.2857,0.418326,motorcycle
img_029425.jpg,ppm0g72,be28288,False,7,0.0000,0.151053,motorcycle
img_029427.jpg,mtz2i95,miz4193,False,4,0.4286,0.073752,motorcycle
img_029440.jpg,qrf2a37,br22378,False,4,0.4286,0.280634,motorcycle
img_029448.jpg,qrj6f21,bea221,False,5,0.2857,0.102649,motorcycle
img_029453.jpg,ppn1i54,ppe154,False,2,0.7143,0.867682,motorcycle
img_029454.jpg,msv4d70,msy0722,False,5,0.2857,0.045124,motorcycle
img_029455.jpg,ppk4i79,ppa1772,False,4,0.4286,0.221477,motorcycle
img_029456.jpg,ppo9c66,pp8668,False,4,0.4286,0.089983,motorcycle
img_029458.jpg,qrk2h37,qr2437,False,2,0.7143,0.303065,motorcycle
img_029459.jpg,odp0h11,odj2112,False,4,0.4286,0.059494,motorcycle
img_029478.jpg,ntp9j19,ntp2219,False,2,0.7143,0.073899,motorcycle
img_029485.jpg,mtw7c75,mty7752,False,3,0.5714,0.012837,motorcycle
img_029488.jpg,ppn9j76,ppag288,False,5,0.2857,0.193523,motorcycle
img_029506.jpg,ppr8e85,bp8858,False,4,0.4286,0.097923,motorcycle
img_029511.jpg,mtw8i15,mt81152,False,3,0.5714,0.027617,motorcycle
img_029513.jpg,qrf2i78,2r5878,False,4,0.4286,0.103176,motorcycle
img_029516.jpg,qrk2h37,qr22437,False,2,0.7143,0.300274,motorcycle
img_029526.jpg,qrf1j03,qje3032,False,5,0.2857,0.333804,motorcycle
img_029538.jpg,ovi4d13,ov44133,False,3,0.5714,0.325822,motorcycle
img_029546.jpg,msw0e74,ava2242,False,7,0.0000,0.063375,motorcycle
img_029547.jpg,qrj8d79,dry8779,False,3,0.5714,0.235377,motorcycle
img_029549.jpg,ovh4c13,dyi3238,False,7,0.0000,0.250342,motorcycle
img_029552.jpg,qrk2h46,qra2218,False,4,0.4286,0.133237,motorcycle
img_029553.jpg,opu1e74,qpy2238,False,6,0.1429,0.115398,motorcycle
img_029555.jpg,mtd8a61,baa2384,False,7,0.0000,0.844842,motorcycle
img_029557.jpg,qrh4a09,qra4a49,False,2,0.7143,0.109994,motorcycle
img_029562.jpg,ovi2h93,qu22288,False,6,0.1429,0.179837,motorcycle
img_029563.jpg,oda0e40,opa0408,False,3,0.5714,0.166611,motorcycle
img_029564.jpg,ppu9a13,ppy3782,False,5,0.2857,0.170269,motorcycle
img_029567.jpg,qrh8g78,dr9878,False,3,0.5714,0.155946,motorcycle
img_029574.jpg,mtd8a61,blq2612,False,6,0.1429,0.027599,motorcycle
img_029581.jpg,msw0e74,fba2384,False,6,0.1429,0.566906,motorcycle
img_029583.jpg,qrc7g00,bag6000,False,5,0.2857,0.204988,motorcycle
img_029588.jpg,qri2h49,qra2499,False,3,0.5714,0.233275,motorcycle
img_029591.jpg,qrj6g02,qrj6622,False,2,0.7143,0.654705,motorcycle
img_029592.jpg,odg8b88,8b8882,False,5,0.2857,0.759005,motorcycle
img_029593.jpg,oyd1d89,ixb289,False,5,0.2857,0.097163,motorcycle
img_029597.jpg,ppe5h61,ppey511,False,3,0.5714,0.157182,motorcycle
img_029601.jpg,mtv4h20,auy4220,False,4,0.4286,0.684469,motorcycle
img_029604.jpg,oyg3c30,px8020,False,6,0.1429,0.087791,motorcycle
img_029607.jpg,qrl6e98,qri8789,False,5,0.2857,0.058471,motorcycle
img_029613.jpg,hgu4b06,wg4808,False,4,0.4286,0.325842,motorcycle
img_029614.jpg,ppi6d68,ppa9788,False,4,0.4286,0.103317,motorcycle
img_029620.jpg,rba6b29,bba8299,False,4,0.4286,0.317504,motorcycle
img_029624.jpg,qrh8d56,qra2566,False,4,0.4286,0.065474,motorcycle
img_029626.jpg,qrh5b63,qbi5863,False,3,0.5714,0.263826,motorcycle
img_029629.jpg,qrh8g78,bc9878,False,4,0.4286,0.345774,motorcycle
img_029633.jpg,msw2i03,wsi3788,False,6,0.1429,0.023479,motorcycle
img_029636.jpg,qrh9b34,8bi222,False,7,0.0000,0.269934,motorcycle
img_029637.jpg,qrk2h37,qr22437,False,2,0.7143,0.259772,motorcycle
img_029640.jpg,qri5i04,qr2105,False,4,0.4286,0.117399,motorcycle
img_029642.jpg,qrk1j59,qbk198,False,4,0.4286,0.026319,motorcycle
img_029643.jpg,qrh4b72,drm9822,False,5,0.2857,0.052224,motorcycle
img_029647.jpg,jso4d70,ws9d288,False,6,0.1429,0.050277,motorcycle
img_029659.jpg,qrh2d22,qbi2282,False,4,0.4286,0.058613,motorcycle
img_029660.jpg,ocz2c56,qk36528,False,7,0.0000,0.133854,motorcycle
img_029661.jpg,qre0c75,orec732,False,4,0.4286,0.155053,motorcycle
img_029663.jpg,qrh2d22,drh2022,False,2,0.7143,0.136797,motorcycle
img_029665.jpg,qre3g47,2b367,False,5,0.2857,0.067474,motorcycle
img_029669.jpg,ppm6b36,ppm8368,False,3,0.5714,0.444167,motorcycle
img_029671.jpg,mtw7c75,gty5782,False,6,0.1429,0.022651,motorcycle
img_029673.jpg,odr2i65,ddr2165,False,2,0.7143,0.660804,motorcycle
img_029675.jpg,qrg1e42,ye1192,False,5,0.2857,0.031901,motorcycle
img_029676.jpg,qrg2j03,qr22032,False,3,0.5714,0.278511,motorcycle
img_029677.jpg,odr2i65,dpp2165,False,4,0.4286,0.139967,motorcycle
img_029678.jpg,qrg2j03,qr22032,False,3,0.5714,0.228885,motorcycle
img_029679.jpg,odg5f18,aeg1892,False,6,0.1429,0.084849,motorcycle
img_029688.jpg,qrd0c17,ordc117,False,3,0.5714,0.200148,motorcycle
img_029689.jpg,ovi2h93,qu22993,False,4,0.4286,0.109212,motorcycle
img_029694.jpg,qri7h40,qre7402,False,3,0.5714,0.067918,motorcycle
img_029699.jpg,mrf9j59,ble3592,False,6,0.1429,0.027777,motorcycle
img_029702.jpg,ppp0c22,ppp2242,False,3,0.5714,0.062974,motorcycle
img_029705.jpg,qrg5g11,sau8688,False,7,0.0000,0.082426,motorcycle
img_029708.jpg,qre0h80,qreh802,False,2,0.7143,0.438291,motorcycle
img_029709.jpg,qrg5g11,sk93618,False,6,0.1429,0.066420,motorcycle
img_029710.jpg,inm7c44,ani2338,False,6,0.1429,0.033018,motorcycle
img_029711.jpg,ppn6c13,ppu6138,False,3,0.5714,0.055866,motorcycle
img_029718.jpg,qri1g92,qra1684,False,4,0.4286,0.409626,motorcycle
img_029721.jpg,ovj0h50,bws3508,False,6,0.1429,0.056497,motorcycle
img_029723.jpg,qri6c82,ben628,False,5,0.2857,0.035137,motorcycle
img_029728.jpg,pph5b07,ppa8038,False,5,0.2857,0.290326,motorcycle
img_029731.jpg,qrh3d03,drr3088,False,5,0.2857,0.059839,motorcycle
img_029732.jpg,ppb2a47,ppe388,False,5,0.2857,0.302064,motorcycle
img_029733.jpg,odc4h91,owc5198,False,4,0.4286,0.012227,motorcycle
img_029738.jpg,qrb3a73,dbb3478,False,4,0.4286,0.256889,motorcycle
img_029741.jpg,lry7g97,yt96978,False,6,0.1429,0.086669,motorcycle
img_029742.jpg,msa8f37,bl4378,False,6,0.1429,0.250865,motorcycle
img_029744.jpg,qre0h80,gre288,False,4,0.4286,0.049442,motorcycle
img_029745.jpg,qrh2c14,dri2119,False,4,0.4286,0.034622,motorcycle
img_029746.jpg,oyg7f39,dej8384,False,7,0.0000,0.014523,motorcycle
img_029751.jpg,oyi8e42,bv28428,False,5,0.2857,0.151703,motorcycle
img_029753.jpg,qrg3f30,deg568,False,6,0.1429,0.053253,motorcycle
img_029755.jpg,msv7i05,wsu1058,False,5,0.2857,0.084987,motorcycle
img_029756.jpg,msr9b97,bbp9811,False,6,0.1429,0.057192,motorcycle
img_029757.jpg,lry7g97,iry257,False,4,0.4286,0.084861,motorcycle
img_029758.jpg,oyk0j72,dv2138,False,7,0.0000,0.059246,motorcycle
img_029760.jpg,oyg7f39,de30388,False,7,0.0000,0.085682,motorcycle
img_029761.jpg,qrk1d63,8881668,False,5,0.2857,0.031884,motorcycle
img_029762.jpg,qri6c82,kpp384,False,6,0.1429,0.037500,motorcycle
img_029763.jpg,mrz9a40,8r7408,False,5,0.2857,0.038670,motorcycle
img_029770.jpg,qod5a08,90d8888,False,5,0.2857,0.054204,motorcycle
img_029771.jpg,ppm1b13,ppu1813,False,2,0.7143,0.047738,motorcycle
img_029773.jpg,ppw7j99,dpp1928,False,6,0.1429,0.057910,motorcycle
img_029774.jpg,qrk2h37,qrk7277,False,3,0.5714,0.645136,motorcycle
img_029775.jpg,qrh8b53,br2885,False,4,0.4286,0.140625,motorcycle
img_029776.jpg,oyd5h74,dvp5498,False,6,0.1429,0.046582,motorcycle
img_029778.jpg,oyk0j72,ovg378,False,5,0.2857,0.229563,motorcycle
img_029779.jpg,ppi3e57,bp28578,False,5,0.2857,0.094825,motorcycle
img_029780.jpg,mrz9a40,br2900,False,4,0.4286,0.047190,motorcycle
img_029781.jpg,qrk1d63,bba288,False,7,0.0000,0.266185,motorcycle
img_029789.jpg,krm7e95,abid338,False,7,0.0000,0.010279,motorcycle
img_029790.jpg,odg8b88,ow88888,False,3,0.5714,0.130555,motorcycle
img_029791.jpg,ppu0b42,grp2388,False,7,0.0000,0.016243,motorcycle
img_029792.jpg,ppu6c58,be2384,False,7,0.0000,0.122831,motorcycle
img_029793.jpg,qrb3a73,gre288,False,6,0.1429,0.097929,motorcycle
img_029794.jpg,qrf4b12,dr64818,False,4,0.4286,0.268983,motorcycle
img_029796.jpg,oyk0j72,ov21388,False,6,0.1429,0.058459,motorcycle
img_029797.jpg,qrg2c72,qrg2182,False,2,0.7143,0.102118,motorcycle
img_029798.jpg,qre0h80,gwe8088,False,5,0.2857,0.014875,motorcycle
img_029800.jpg,mrz9a40,fr23084,False,6,0.1429,0.135084,motorcycle
img_029802.jpg,qrk3g62,str8688,False,7,0.0000,0.034523,motorcycle
img_029803.jpg,qri6g68,kidi888,False,6,0.1429,0.016019,motorcycle
img_029804.jpg,ppi3e57,ppu3578,False,3,0.5714,0.170579,motorcycle
img_029805.jpg,qrk1d63,iiin288,False,7,0.0000,0.004171,motorcycle
img_029807.jpg,ppj1f18,pp91688,False,3,0.5714,0.042649,motorcycle
img_029808.jpg,qrk3i24,bl88184,False,6,0.1429,0.113452,motorcycle
img_029810.jpg,qrd0c17,qrd4188,False,4,0.4286,0.058314,motorcycle
img_029811.jpg,qrj4j25,qrij288,False,4,0.4286,0.035398,motorcycle
img_029813.jpg,mta0b22,iaa2288,False,6,0.1429,0.024905,motorcycle
img_029814.jpg,oyg7i91,qvg1198,False,5,0.2857,0.109973,motorcycle
img_029815.jpg,qri2d95,or22995,False,3,0.5714,0.332823,motorcycle
img_029816.jpg,odg8b88,odg888,False,1,0.8571,0.298851,motorcycle
img_029818.jpg,qrg5f71,sk2238,False,7,0.0000,0.069281,motorcycle
img_029820.jpg,ppu6c58,ppu6588,False,2,0.7143,0.474880,motorcycle
img_029821.jpg,odf2h64,bw22668,False,5,0.2857,0.076546,motorcycle
img_029824.jpg,ppy6c26,ppy6268,False,2,0.7143,0.429318,motorcycle
img_029825.jpg,ppn7d89,ppn7892,False,2,0.7143,0.217412,motorcycle
img_029826.jpg,ppw7j99,pp2393,False,4,0.4286,0.066202,motorcycle
img_029827.jpg,msr9b97,msp281,False,5,0.2857,0.260824,motorcycle
img_029829.jpg,lry7g97,iry2978,False,4,0.4286,0.121030,motorcycle
img_029831.jpg,qrh2j12,qre2288,False,4,0.4286,0.027827,motorcycle
img_029832.jpg,ppr2d29,pps1288,False,5,0.2857,0.154789,motorcycle
img_029835.jpg,ppp5e34,ppp584,False,2,0.7143,0.529805,motorcycle
img_029836.jpg,qod5a08,9000888,False,6,0.1429,0.164420,motorcycle
img_029837.jpg,qrg4j82,pj33222,False,6,0.1429,0.009827,motorcycle
img_029843.jpg,ppj1f18,pp91888,False,3,0.5714,0.217029,motorcycle
img_029844.jpg,mtb6g74,kk2388,False,7,0.0000,0.035598,motorcycle
img_029853.jpg,qri6g68,bat328,False,6,0.1429,0.125748,motorcycle
img_029854.jpg,qrd0c17,drd4388,False,5,0.2857,0.101983,motorcycle
img_029855.jpg,krm7e95,kbu7e98,False,3,0.5714,0.131366,motorcycle
img_029866.jpg,ppq1j94,ppo1938,False,4,0.4286,0.150971,motorcycle
img_029867.jpg,ppq1j94,pro1988,False,5,0.2857,0.097768,motorcycle
img_029868.jpg,ppq1j94,ppo1988,False,4,0.4286,0.079053,motorcycle
img_029874.jpg,fgx5b14,fgy5819,False,3,0.5714,0.259202,motorcycle
img_029876.jpg,qrh3i68,drp3168,False,3,0.5714,0.095194,motorcycle
img_029878.jpg,qrj8d77,bt238,False,7,0.0000,0.105024,motorcycle
img_029879.jpg,oyj0d42,bst3384,False,7,0.0000,0.032134,motorcycle
img_029884.jpg,odj1a82,wb2488,False,6,0.1429,0.066871,motorcycle
img_029885.jpg,ppj7d82,pir2288,False,5,0.2857,0.087621,motorcycle
img_029893.jpg,ppn1b25,ppn8258,False,3,0.5714,0.104802,motorcycle
img_029894.jpg,ocv8d29,8b42298,False,6,0.1429,0.052643,motorcycle
img_029896.jpg,qrb3a73,grbu88,False,5,0.2857,0.055439,motorcycle
img_029897.jpg,qrf4b12,dbi8818,False,6,0.1429,0.059769,motorcycle
img_029898.jpg,ppt2j19,ppt2919,False,1,0.8571,0.063629,motorcycle
img_029899.jpg,mqm8d57,8088078,False,6,0.1429,0.072533,motorcycle
img_029900.jpg,ppy6c26,ppy6268,False,2,0.7143,0.556508,motorcycle
img_029901.jpg,ppn1a71,ppn1818,False,3,0.5714,0.071782,motorcycle
img_029902.jpg,oyg7f39,des9288,False,7,0.0000,0.006875,motorcycle
img_029903.jpg,qri6c82,bw2888,False,6,0.1429,0.038500,motorcycle
img_029904.jpg,mth4g39,wt46998,False,5,0.2857,0.148491,motorcycle
img_029906.jpg,lll4c56,ihe3288,False,7,0.0000,0.008019,motorcycle
img_029907.jpg,lll4c56,hth3884,False,7,0.0000,0.019168,motorcycle
img_029908.jpg,mrz9a40,dr2288,False,6,0.1429,0.053419,motorcycle
img_029909.jpg,qri7d06,qri7008,False,2,0.7143,0.241593,motorcycle
img_029910.jpg,qrg5g11,st99318,False,6,0.1429,0.160862,motorcycle
img_029912.jpg,oyg0a69,dve7888,False,7,0.0000,0.031675,motorcycle
img_029918.jpg,qrd0c17,dr9338,False,6,0.1429,0.061027,motorcycle
img_029919.jpg,krm7e95,kru1258,False,5,0.2857,0.014546,motorcycle
img_029920.jpg,odg8b88,qri6788,False,5,0.2857,0.048679,motorcycle
img_029921.jpg,mte6d68,6he3688,False,5,0.2857,0.035229,motorcycle
img_029922.jpg,ppp2d40,ppp2008,False,3,0.5714,0.865044,motorcycle
img_029923.jpg,ovk2c60,ov26608,False,3,0.5714,0.378261,motorcycle
img_029927.jpg,ppy6c26,ppy2868,False,4,0.4286,0.168794,motorcycle
img_029929.jpg,odc4h91,au49918,False,5,0.2857,0.090940,motorcycle
img_029930.jpg,mrz9a40,drz280,False,4,0.4286,0.141345,motorcycle
img_029931.jpg,qrk1f26,frkf268,False,3,0.5714,0.086233,motorcycle
img_029935.jpg,oyg0a69,avf7468,False,6,0.1429,0.113461,motorcycle
img_029936.jpg,oda5c01,spa2538,False,6,0.1429,0.022815,motorcycle
img_029937.jpg,qrg7f09,drg2384,False,5,0.2857,0.007569,motorcycle
img_029942.jpg,qri8i41,bil2138,False,7,0.0000,0.129527,motorcycle
img_029944.jpg,qri7d06,8i80088,False,6,0.1429,0.016964,motorcycle
img_029945.jpg,qrf4b12,dr66818,False,5,0.2857,0.073374,motorcycle
img_029948.jpg,ppw7j99,ppw3998,False,3,0.5714,0.057354,motorcycle
img_029949.jpg,qrg3f30,beg308,False,5,0.2857,0.026305,motorcycle
img_029950.jpg,ppy6c26,ppy6268,False,2,0.7143,0.597157,motorcycle
img_029951.jpg,msa8f37,baa2378,False,5,0.2857,0.233971,motorcycle
img_029952.jpg,oyg7i91,qv65918,False,6,0.1429,0.091513,motorcycle
img_029953.jpg,msr9b97,mb2887,False,5,0.2857,0.121048,motorcycle
img_029955.jpg,ppt2j19,ppt2998,False,3,0.5714,0.176962,motorcycle
img_029956.jpg,lry7g97,iby297,False,4,0.4286,0.230459,motorcycle
img_029958.jpg,qri6i06,qri1068,False,3,0.5714,0.191414,motorcycle
img_029959.jpg,oyk0j72,dvp1388,False,7,0.0000,0.074233,motorcycle
img_029960.jpg,qrh3i68,qrk3188,False,3,0.5714,0.072401,motorcycle
img_029961.jpg,ppi3e57,ppi5578,False,3,0.5714,0.126771,motorcycle
img_029963.jpg,mpp2g74,ipp2674,False,2,0.7143,0.290341,motorcycle
img_029965.jpg,qrj5e58,spu5888,False,5,0.2857,0.031810,motorcycle
img_029969.jpg,pph5b07,ppr3817,False,4,0.4286,0.242041,motorcycle
img_029972.jpg,msl7j36,ms8736,False,2,0.7143,0.229777,motorcycle
img_029973.jpg,odf2h64,w222684,False,5,0.2857,0.049057,motorcycle
img_029974.jpg,ppy6c26,ppy2268,False,3,0.5714,0.266407,motorcycle
img_029975.jpg,ppt2j19,ppt2198,False,2,0.7143,0.291920,motorcycle
img_029976.jpg,qri1d18,gr11018,False,3,0.5714,0.085664,motorcycle
img_029977.jpg,ppe6h42,ppe4428,False,3,0.5714,0.143944,motorcycle
img_029978.jpg,oyk0j72,ovg3388,False,6,0.1429,0.133931,motorcycle
img_029979.jpg,qri6i06,99r1668,False,6,0.1429,0.290826,motorcycle
img_029980.jpg,msu4g54,lku664,False,5,0.2857,0.086525,motorcycle
img_029983.jpg,oyg7f39,qv91599,False,6,0.1429,0.007612,motorcycle
img_029988.jpg,oyk9b17,ov48788,False,6,0.1429,0.054225,motorcycle
img_029989.jpg,odo7h15,qp9152,False,6,0.1429,0.060119,motorcycle
img_029990.jpg,qod5a08,90p4888,False,6,0.1429,0.080728,motorcycle
img_029992.jpg,qip2b63,ibb2868,False,5,0.2857,0.334918,motorcycle
img_029993.jpg,qrd0c17,qrd2588,False,4,0.4286,0.014083,motorcycle
img_029994.jpg,krm7e95,kri7995,False,2,0.7143,0.182733,motorcycle
img_029995.jpg,qrj4j25,dr4128,False,4,0.4286,0.018111,motorcycle
img_029996.jpg,msl7j36,bs2338,False,5,0.2857,0.046840,motorcycle
img_029997.jpg,odg8b88,ocg8882,False,3,0.5714,0.061478,motorcycle
img_029998.jpg,ppw7j99,ppu3998,False,4,0.4286,0.116748,motorcycle
img_030000.jpg,ppn7d89,ppn7892,False,2,0.7143,0.872130,motorcycle
img_030001.jpg,ppt2j19,ppt2119,False,1,0.8571,0.452472,motorcycle
img_030003.jpg,pxu7h47,fwi3388,False,7,0.0000,0.175310,motorcycle
img_030008.jpg,oyd8e20,dvd388,False,6,0.1429,0.075407,motorcycle
img_030009.jpg,qri6i06,qr16184,False,4,0.4286,0.102067,motorcycle
img_030012.jpg,qri7b05,bbr8818,False,7,0.0000,0.122540,motorcycle
img_030013.jpg,mpp2g74,ipp2678,False,3,0.5714,0.210763,motorcycle
img_030015.jpg,pjz8d82,br88222,False,5,0.2857,0.062050,motorcycle
img_030020.jpg,qnk8h24,blx2238,False,7,0.0000,0.074775,motorcycle
img_030021.jpg,oyg0a69,dvi3868,False,6,0.1429,0.046778,motorcycle
img_030022.jpg,qrj2c93,brp2688,False,5,0.2857,0.012542,motorcycle
img_030023.jpg,qrj2c93,qt82638,False,5,0.2857,0.020653,motorcycle
img_030024.jpg,qrj2c93,dr9268,False,5,0.2857,0.035898,motorcycle
img_030025.jpg,qrj2c93,qtr7093,False,4,0.4286,0.013137,motorcycle
img_030026.jpg,qrj2c93,qkr7088,False,6,0.1429,0.008955,motorcycle
img_030027.jpg,ppm7c49,ppo2388,False,5,0.2857,0.244281,motorcycle
img_030028.jpg,ppt2j19,ppt2119,False,1,0.8571,0.383312,motorcycle
img_030029.jpg,lqy7h23,isa2888,False,7,0.0000,0.009868,motorcycle
img_030030.jpg,lqy7h23,bs2238,False,6,0.1429,0.024858,motorcycle
img_030033.jpg,qrg7g51,qrg7618,False,3,0.5714,0.314213,motorcycle
img_030034.jpg,qrh0g84,gph8888,False,5,0.2857,0.007938,motorcycle
img_030037.jpg,krm7e95,kpi7598,False,4,0.4286,0.144724,motorcycle
img_030041.jpg,ovi2f50,dv22508,False,4,0.4286,0.369970,motorcycle
img_030047.jpg,qrf4b12,drr4818,False,4,0.4286,0.134625,motorcycle
img_030049.jpg,oyk0j72,ov2388,False,6,0.1429,0.144544,motorcycle
img_030056.jpg,qrg0j89,qrg389,False,2,0.7143,0.694557,motorcycle
img_030057.jpg,ppg6h84,ppg3898,False,4,0.4286,0.021576,motorcycle
img_030059.jpg,lmc6f52,lwd7284,False,6,0.1429,0.022661,motorcycle
img_030060.jpg,ppb2a47,ppb2482,False,3,0.5714,0.394752,motorcycle
img_030064.jpg,mrx4b05,pb48658,False,6,0.1429,0.069786,motorcycle
img_030066.jpg,evl6g60,bex668,False,5,0.2857,0.113454,motorcycle
img_030067.jpg,evl6g60,eep266,False,5,0.2857,0.030409,motorcycle
img_030071.jpg,qre7j97,bia2338,False,7,0.0000,0.052540,motorcycle
img_030076.jpg,qrc1h58,wr1288,False,4,0.4286,0.015268,motorcycle
img_030078.jpg,lrz6j19,ilk4338,False,7,0.0000,0.093386,motorcycle
img_030082.jpg,qrj6j27,dru6388,False,5,0.2857,0.040756,motorcycle
img_030085.jpg,qrf0g88,qbe6884,False,5,0.2857,0.059576,motorcycle
img_030087.jpg,qrh3i68,gpu8888,False,6,0.1429,0.030582,motorcycle
img_030088.jpg,oyg7f39,dve3993,False,7,0.0000,0.055282,motorcycle
img_030089.jpg,qrj6d99,899328,False,7,0.0000,0.059345,motorcycle
img_030090.jpg,qrk1d63,ibb728,False,7,0.0000,0.025798,motorcycle
img_030092.jpg,ppi3e57,ppi5577,False,3,0.5714,0.238180,motorcycle
img_030093.jpg,pps2f00,ppp2600,False,2,0.7143,0.544870,motorcycle
img_030094.jpg,mpp2g74,ppp2672,False,3,0.5714,0.097906,motorcycle
img_030096.jpg,qrj5e58,bil3284,False,7,0.0000,0.075386,motorcycle
img_030098.jpg,qrf8d05,biin388,False,7,0.0000,0.129733,motorcycle
img_030099.jpg,qrk3g62,sts6638,False,7,0.0000,0.034524,motorcycle
img_030101.jpg,oyg0a69,bli8388,False,7,0.0000,0.057308,motorcycle
img_030103.jpg,qrd0c17,ord0177,False,3,0.5714,0.045719,motorcycle
img_030105.jpg,odp7e69,drpp698,False,5,0.2857,0.036485,motorcycle
img_030107.jpg,qri7b05,bp2808,False,6,0.1429,0.114354,motorcycle
img_030108.jpg,krm7e95,kri2558,False,5,0.2857,0.258182,motorcycle
img_030109.jpg,qrg5g11,st99618,False,6,0.1429,0.045716,motorcycle
img_030114.jpg,msv8g97,bjy8692,False,5,0.2857,0.039117,motorcycle
img_030116.jpg,odf2h64,we2268,False,5,0.2857,0.019264,motorcycle
img_030121.jpg,qrg3f30,deb8180,False,6,0.1429,0.004617,motorcycle
img_030122.jpg,qrf4b12,dre4812,False,3,0.5714,0.476105,motorcycle
img_030123.jpg,oyg7i91,qvg1118,False,6,0.1429,0.037378,motorcycle
img_030124.jpg,msn4g28,ils2288,False,6,0.1429,0.010074,motorcycle
img_030127.jpg,lry7g97,itz438,False,7,0.0000,0.035409,motorcycle
img_030129.jpg,oyg7f39,uv61548,False,7,0.0000,0.005895,motorcycle
img_030132.jpg,odc4h91,aus4218,False,6,0.1429,0.017006,motorcycle
img_030136.jpg,krm7e95,kph7598,False,4,0.4286,0.183659,motorcycle
img_030142.jpg,mta0b22,paa2288,False,6,0.1429,0.168607,motorcycle
img_030143.jpg,msa8f37,baa2388,False,6,0.1429,0.466137,motorcycle
img_030145.jpg,qrf4b12,2br4818,False,5,0.2857,0.137896,motorcycle
img_030146.jpg,qrf0g88,qre6888,False,3,0.5714,0.157721,motorcycle
img_030147.jpg,oyk0j72,ovg3788,False,6,0.1429,0.139623,motorcycle
img_030148.jpg,qrj7b45,bbu8458,False,6,0.1429,0.215101,motorcycle
img_030150.jpg,qrf8d05,8it6657,False,7,0.0000,0.064362,motorcycle
img_030151.jpg,mpp2g74,mpp2747,False,2,0.7143,0.346473,motorcycle
img_030152.jpg,ppi3e57,ppi3578,False,2,0.7143,0.393060,motorcycle
img_030153.jpg,qri8i41,8pr8188,False,6,0.1429,0.097268,motorcycle
img_030155.jpg,qre5c34,ske1998,False,6,0.1429,0.021953,motorcycle
img_030158.jpg,qnk8h24,bly248,False,6,0.1429,0.047927,motorcycle
img_030159.jpg,ocv8d29,8698798,False,6,0.1429,0.109264,motorcycle
img_030160.jpg,qrj3d82,brj3082,False,2,0.7143,0.116255,motorcycle
img_030162.jpg,ppf6g42,btr8238,False,7,0.0000,0.049969,motorcycle
img_030163.jpg,qrd0c17,qro6778,False,5,0.2857,0.042279,motorcycle
img_030165.jpg,krm7e95,kbi5595,False,4,0.4286,0.066073,motorcycle
img_030166.jpg,qrg5g11,q245618,False,4,0.4286,0.053779,motorcycle
img_030169.jpg,odg8b88,8d8882,False,4,0.4286,0.442197,motorcycle
img_030170.jpg,ppq7j11,ppet238,False,5,0.2857,0.044202,motorcycle
img_030171.jpg,odf2h64,wp22688,False,6,0.1429,0.038290,motorcycle
img_030172.jpg,ppg6h84,ppe2888,False,4,0.4286,0.062558,motorcycle
img_030173.jpg,odc7e88,ded7888,False,4,0.4286,0.156271,motorcycle
img_030174.jpg,ppt2j19,ppt2198,False,2,0.7143,0.303683,motorcycle
img_030175.jpg,ocx8b18,8898182,False,5,0.2857,0.112552,motorcycle
img_030178.jpg,msr9b97,msp878,False,5,0.2857,0.354708,motorcycle
img_030179.jpg,oyk0j72,ovg3288,False,6,0.1429,0.119422,motorcycle
img_030180.jpg,ppe6h42,ppe7288,False,4,0.4286,0.226876,motorcycle
img_030181.jpg,ppp2d40,ppp2008,False,3,0.5714,0.235910,motorcycle
img_030182.jpg,ppi3e57,ppa3577,False,3,0.5714,0.507847,motorcycle
img_030184.jpg,qrk0i56,oi91888,False,7,0.0000,0.034038,motorcycle
img_030188.jpg,qrk3g62,ow8628,False,6,0.1429,0.064271,motorcycle
img_030191.jpg,qnk8h24,biz2384,False,6,0.1429,0.047201,motorcycle
img_030194.jpg,ppm5a98,itp2888,False,6,0.1429,0.095045,motorcycle
img_030196.jpg,ppb2a47,ppb748,False,3,0.5714,0.204576,motorcycle
img_030198.jpg,qrd0c17,qrd4638,False,4,0.4286,0.011998,motorcycle
img_030200.jpg,krm7e95,kbi1595,False,4,0.4286,0.072701,motorcycle
img_030201.jpg,jko1c51,q49258,False,6,0.1429,0.031713,motorcycle
img_030205.jpg,msl7j36,bst3368,False,5,0.2857,0.042742,motorcycle
img_030207.jpg,qrb3a73,dr8288,False,6,0.1429,0.078046,motorcycle
img_030209.jpg,ppn7d89,ppn7899,False,2,0.7143,0.804105,motorcycle
img_030210.jpg,oyd5h74,sw2798,False,7,0.0000,0.069058,motorcycle
img_030211.jpg,msn4g28,msw688,False,4,0.4286,0.036749,motorcycle
img_030213.jpg,qrf4b12,dbr4818,False,5,0.2857,0.046952,motorcycle
img_030214.jpg,qrf0g88,8b8688,False,5,0.2857,0.166852,motorcycle
img_030215.jpg,qrj5c38,drj5688,False,3,0.5714,0.527870,motorcycle
img_030216.jpg,msr9b97,brp377,False,5,0.2857,0.220623,motorcycle
img_030217.jpg,ppn1a71,ppn1878,False,2,0.7143,0.810906,motorcycle
img_030218.jpg,oyk0j72,ovg3388,False,6,0.1429,0.068569,motorcycle
img_030219.jpg,ppw6c70,ppu6778,False,3,0.5714,0.131220,motorcycle
img_030220.jpg,ppe6h42,ppe7588,False,4,0.4286,0.120281,motorcycle
img_030221.jpg,qri6h84,gw2428,False,6,0.1429,0.097218,motorcycle
img_030222.jpg,lmu8e22,be27888,False,7,0.0000,0.038272,motorcycle
img_030226.jpg,qnk8h24,bij2238,False,7,0.0000,0.021839,motorcycle
img_030228.jpg,ocv8d29,8892298,False,6,0.1429,0.046992,motorcycle
img_030229.jpg,ppp2d40,ppp2000,False,2,0.7143,0.556633,motorcycle
img_030230.jpg,mrt6g63,maz6684,False,5,0.2857,0.023116,motorcycle
img_030231.jpg,odg8b88,80d888,False,4,0.4286,0.376184,motorcycle
img_030239.jpg,msv7i05,msw185,False,4,0.4286,0.043475,motorcycle
img_030243.jpg,qrj7b45,br2848,False,5,0.2857,0.291257,motorcycle
img_030245.jpg,qrg5e53,orge888,False,5,0.2857,0.144761,motorcycle
img_030246.jpg,mrr2c85,dwi8555,False,6,0.1429,0.012561,motorcycle
img_030248.jpg,msz6j86,bst3888,False,5,0.2857,0.031628,motorcycle
img_030250.jpg,qrj8d77,brj8077,False,2,0.7143,0.152751,motorcycle
img_030251.jpg,odq4j10,bil2288,False,7,0.0000,0.032828,motorcycle
img_030255.jpg,ovl5g55,blt8388,False,7,0.0000,0.008197,motorcycle
img_030258.jpg,mqj5b04,ft3888,False,7,0.0000,0.081794,motorcycle
img_030264.jpg,ppp8h46,ppp8446,False,1,0.8571,0.351598,motorcycle
img_030265.jpg,qrf3j27,dre5118,False,6,0.1429,0.066145,motorcycle
img_030268.jpg,mrf3f99,fre2392,False,5,0.2857,0.144407,motorcycle
img_030269.jpg,ove8b94,bvv858,False,5,0.2857,0.082085,motorcycle
img_030270.jpg,qri4f41,qrif548,False,3,0.5714,0.022121,motorcycle
img_030274.jpg,mrt7c71,tbi2388,False,7,0.0000,0.012736,motorcycle
img_030278.jpg,qrj6j27,dr75387,False,5,0.2857,0.006201,motorcycle
img_030283.jpg,oyd5h74,oyn7448,False,5,0.2857,0.316506,motorcycle
img_030285.jpg,qrk2i01,drk2108,False,3,0.5714,0.532005,motorcycle
img_030286.jpg,mta0b22,bja8228,False,5,0.2857,0.042162,motorcycle
img_030291.jpg,ppn6c13,ppp0188,False,5,0.2857,0.206156,motorcycle
img_030292.jpg,ppn6c13,bh26188,False,6,0.1429,0.169595,motorcycle
img_030295.jpg,qrg5i84,disq388,False,6,0.1429,0.014242,motorcycle
img_030296.jpg,odh6e52,opp5588,False,6,0.1429,0.037503,motorcycle
img_030297.jpg,mqt5h23,stu2384,False,6,0.1429,0.027300,motorcycle
img_030301.jpg,ppi6d68,ppp2888,False,4,0.4286,0.069519,motorcycle
img_030303.jpg,kqt6a75,kot438,False,5,0.2857,0.103216,motorcycle
img_030304.jpg,qre9i84,qre1181,False,3,0.5714,0.135599,motorcycle
img_030305.jpg,mtw8h22,bld8288,False,6,0.1429,0.174753,motorcycle
img_030311.jpg,oyf9h45,dyf758,False,5,0.2857,0.110576,motorcycle
img_030312.jpg,qrh2c14,dem2644,False,5,0.2857,0.006918,motorcycle
img_030316.jpg,qrg5e53,orge572,False,4,0.4286,0.103318,motorcycle
img_030318.jpg,ppp5e34,pppe594,False,3,0.5714,0.357303,motorcycle
img_030321.jpg,mpp2g74,ipp2674,False,2,0.7143,0.304171,motorcycle
img_030324.jpg,qrj5e58,sile588,False,5,0.2857,0.106019,motorcycle
img_030325.jpg,qrg5g11,st96618,False,6,0.1429,0.030099,motorcycle
img_030327.jpg,ppl0f59,iti3338,False,7,0.0000,0.044480,motorcycle
img_030328.jpg,qnk8h24,blx2288,False,7,0.0000,0.057860,motorcycle
img_030330.jpg,qrd0c17,orp2388,False,6,0.1429,0.088397,motorcycle
img_030331.jpg,krm7e95,kpi7558,False,5,0.2857,0.027592,motorcycle
img_030332.jpg,qrk7c46,drk148,False,4,0.4286,0.055526,motorcycle
img_030333.jpg,qrg2c72,dts2192,False,5,0.2857,0.007573,motorcycle
img_030335.jpg,qrk1d45,qb11538,False,5,0.2857,0.042481,motorcycle
img_030338.jpg,ppy6c26,ppy6266,False,2,0.7143,0.617429,motorcycle
img_030340.jpg,qrf0g88,2b8688,False,5,0.2857,0.104732,motorcycle
img_030341.jpg,oyd5h74,dv93798,False,7,0.0000,0.075835,motorcycle
img_030343.jpg,qrj7b45,dr2858,False,6,0.1429,0.146218,motorcycle
img_030345.jpg,qri6h84,wr2644,False,4,0.4286,0.035296,motorcycle
img_030346.jpg,oyg7f39,dv67f38,False,4,0.4286,0.005546,motorcycle
img_030347.jpg,oyg4j99,qui4288,False,6,0.1429,0.042284,motorcycle
img_030349.jpg,qrj6d99,bbr9228,False,7,0.0000,0.019528,motorcycle
img_030352.jpg,ppb4e77,ppe1388,False,5,0.2857,0.152079,motorcycle
img_030353.jpg,oyd3c85,dxp3055,False,5,0.2857,0.024193,motorcycle
img_030354.jpg,ppi6d68,ppp388,False,4,0.4286,0.098217,motorcycle
img_030360.jpg,qrg3i72,bit8128,False,7,0.0000,0.009222,motorcycle
img_030361.jpg,msn4g28,isa4888,False,4,0.4286,0.133450,motorcycle
img_030363.jpg,mth4g39,its4698,False,5,0.2857,0.038476,motorcycle
img_030364.jpg,qrg5g11,sk48618,False,6,0.1429,0.009846,motorcycle
img_030365.jpg,pph5b07,ppr8872,False,5,0.2857,0.087249,motorcycle
img_030366.jpg,odf2h64,dup2218,False,6,0.1429,0.018114,motorcycle
img_030371.jpg,oyi8e42,bel2384,False,7,0.0000,0.297264,motorcycle
img_030372.jpg,qrf4b12,dre4812,False,3,0.5714,0.227326,motorcycle
img_030373.jpg,msv7i05,wsu1018,False,6,0.1429,0.008678,motorcycle
img_030374.jpg,qrj5c38,drj5388,False,3,0.5714,0.178539,motorcycle
img_030376.jpg,qrf6g77,dre6672,False,4,0.4286,0.145928,motorcycle
img_030381.jpg,qrg5g11,st96518,False,6,0.1429,0.059629,motorcycle
img_030382.jpg,ppf5f02,spp5788,False,5,0.2857,0.006799,motorcycle
img_030383.jpg,qnk8h24,bl24288,False,7,0.0000,0.013485,motorcycle
img_030386.jpg,qre7d40,dids828,False,7,0.0000,0.008726,motorcycle
img_030387.jpg,qrh8b53,bri8858,False,4,0.4286,0.174933,motorcycle
img_030392.jpg,qrd0c17,ord4377,False,4,0.4286,0.105220,motorcycle
img_030394.jpg,krm7e95,kpu7958,False,4,0.4286,0.036135,motorcycle
img_030397.jpg,qrj6a92,drj1222,False,4,0.4286,0.098324,motorcycle
img_030398.jpg,mqj0h69,w23692,False,6,0.1429,0.094687,motorcycle
img_030399.jpg,msu4g54,ltu4684,False,4,0.4286,0.166642,motorcycle
img_030400.jpg,ppi3e57,ppi5577,False,3,0.5714,0.068040,motorcycle
img_030401.jpg,lmu8e22,blu9238,False,6,0.1429,0.024314,motorcycle
img_030403.jpg,pps5j06,pps5068,False,2,0.7143,0.430433,motorcycle
img_030405.jpg,oyg7f39,dvi3288,False,7,0.0000,0.042238,motorcycle
img_030408.jpg,oyd1d60,bbr1068,False,5,0.2857,0.161306,motorcycle
img_030409.jpg,qnk8h24,ebs2384,False,6,0.1429,0.140160,motorcycle
img_030410.jpg,qrk3g62,819628,False,6,0.1429,0.045121,motorcycle
img_030412.jpg,oyg0a69,dvy6468,False,6,0.1429,0.008826,motorcycle
img_030413.jpg,qri6c82,br22888,False,5,0.2857,0.045372,motorcycle
img_030414.jpg,qrh2c14,dfa2518,False,5,0.2857,0.006491,motorcycle
img_030418.jpg,qrj9d60,gw2000,False,6,0.1429,0.032882,motorcycle
img_030419.jpg,odg8b88,dd88882,False,4,0.4286,0.198307,motorcycle
img_030421.jpg,ppp7f23,ppp7288,False,3,0.5714,0.179963,motorcycle
img_030423.jpg,odf2h64,dwf2564,False,3,0.5714,0.133304,motorcycle
img_030425.jpg,ppq7j11,ppp2384,False,5,0.2857,0.215639,motorcycle
img_030426.jpg,ppn7d89,ppn7899,False,2,0.7143,0.556375,motorcycle
img_030427.jpg,oyd5h74,dv21348,False,7,0.0000,0.004476,motorcycle
img_030428.jpg,oyg7i91,qv61118,False,7,0.0000,0.060921,motorcycle
img_030431.jpg,ppn1a71,ppn1811,False,2,0.7143,0.312930,motorcycle
img_030435.jpg,lry7g97,irv1698,False,5,0.2857,0.272051,motorcycle
img_030436.jpg,ppw6c70,ppr6788,False,4,0.4286,0.034128,motorcycle
img_030437.jpg,msu4g54,isq4642,False,5,0.2857,0.081797,motorcycle
img_030438.jpg,ppb2a47,ppb2474,False,2,0.7143,0.142859,motorcycle
img_030440.jpg,qrg5e53,stie838,False,6,0.1429,0.004973,motorcycle
img_030448.jpg,ppe0a55,ppe138,False,4,0.4286,0.075335,motorcycle
img_030449.jpg,qrk3g62,st86228,False,7,0.0000,0.051191,motorcycle
img_030451.jpg,mrq7d51,mr93581,False,4,0.4286,0.240430,motorcycle
img_030453.jpg,qnk8h24,bw8228,False,5,0.2857,0.220260,motorcycle
img_030454.jpg,qri7b05,bb28684,False,7,0.0000,0.030185,motorcycle
img_030455.jpg,ppc3d50,ppc3050,False,1,0.8571,0.392392,motorcycle
img_030457.jpg,ods3f87,v88f872,False,5,0.2857,0.043716,motorcycle
img_030459.jpg,odp8h17,80ph177,False,4,0.4286,0.064793,motorcycle
img_030461.jpg,ppp2d40,ppp2048,False,2,0.7143,0.594381,motorcycle
img_030464.jpg,qrg5g11,stg6611,False,4,0.4286,0.046935,motorcycle
img_030465.jpg,qrd0c17,qro1938,False,5,0.2857,0.024962,motorcycle
img_030466.jpg,krm7e95,krm795,False,1,0.8571,0.803998,motorcycle
img_030474.jpg,qrf4b12,dre4818,False,4,0.4286,0.424552,motorcycle
img_030478.jpg,qrh3d03,bit4588,False,7,0.0000,0.005141,motorcycle
img_030480.jpg,ppy6c55,ppy655,False,1,0.8571,0.780878,motorcycle
img_030486.jpg,mtx4g86,tt4686,False,3,0.5714,0.190086,motorcycle
img_030487.jpg,ovh0i30,ov91308,False,4,0.4286,0.109355,motorcycle
img_030492.jpg,ovl5g55,swy3584,False,7,0.0000,0.032896,motorcycle
img_030494.jpg,qrg5g11,st46518,False,6,0.1429,0.042447,motorcycle
img_030495.jpg,qnk8h24,bly2238,False,7,0.0000,0.065702,motorcycle
img_030498.jpg,ppe0a55,bitw,False,7,0.0000,0.113276,motorcycle
img_030500.jpg,oyg0a69,dvg3469,False,4,0.4286,0.026769,motorcycle
img_030501.jpg,ppj1f18,pis2388,False,5,0.2857,0.030876,motorcycle
img_030504.jpg,qri5i88,bil3388,False,5,0.2857,0.099555,motorcycle
img_030505.jpg,qri5i88,bil3384,False,6,0.1429,0.115989,motorcycle
img_030506.jpg,qrd0c17,ord4188,False,5,0.2857,0.038042,motorcycle
img_030509.jpg,ppn7d89,ppn7899,False,2,0.7143,0.476692,motorcycle
img_030510.jpg,ppc3d50,ppe3508,False,3,0.5714,0.033793,motorcycle
img_030511.jpg,qre5i79,27e1788,False,6,0.1429,0.036924,motorcycle
img_030513.jpg,qrh0g84,dpp3888,False,6,0.1429,0.036900,motorcycle
img_030522.jpg,qrk3g62,sts6828,False,7,0.0000,0.006732,motorcycle
img_030524.jpg,qrh2c14,dru218,False,4,0.4286,0.056946,motorcycle
img_030525.jpg,ppc3d50,pps2308,False,5,0.2857,0.062222,motorcycle
img_030531.jpg,odj9i87,bir3288,False,6,0.1429,0.141271,motorcycle
img_030532.jpg,ppd2f65,ppd2665,False,1,0.8571,0.192665,motorcycle
img_030534.jpg,qrf0g88,8b8688,False,5,0.2857,0.061216,motorcycle
img_030535.jpg,qri6i06,9r1166,False,5,0.2857,0.205890,motorcycle
img_030537.jpg,lry7g97,try1978,False,4,0.4286,0.057305,motorcycle
img_030541.jpg,odc4h91,qup5288,False,7,0.0000,0.009306,motorcycle
img_030543.jpg,ppi3e57,ppase57,False,2,0.7143,0.111833,motorcycle
img_030544.jpg,krm7e95,kpi7238,False,5,0.2857,0.017292,motorcycle
img_030547.jpg,qrg5g11,st46811,False,5,0.2857,0.068221,motorcycle
img_030549.jpg,odg8b88,dd88888,False,3,0.5714,0.229589,motorcycle
img_030552.jpg,ppg6h84,bri228,False,6,0.1429,0.033078,motorcycle
img_030554.jpg,ppu6c58,ppu8588,False,3,0.5714,0.103250,motorcycle
img_030555.jpg,ppm5a98,ipp3888,False,5,0.2857,0.029061,motorcycle
img_030556.jpg,oyi8e42,bvze422,False,5,0.2857,0.043439,motorcycle
img_030558.jpg,oyd5h74,dva5498,False,6,0.1429,0.015369,motorcycle
img_030559.jpg,qri6i06,99r1188,False,7,0.0000,0.010573,motorcycle
img_030562.jpg,odc4h91,2w48918,False,5,0.2857,0.055779,motorcycle
img_030564.jpg,ppc3d50,pps2584,False,5,0.2857,0.319635,motorcycle
img_030565.jpg,qnk8h24,bly8238,False,6,0.1429,0.162039,motorcycle
img_030566.jpg,lry7g97,itw338,False,7,0.0000,0.064502,motorcycle
img_030567.jpg,oyg0a69,dve7868,False,6,0.1429,0.062764,motorcycle
img_030568.jpg,odc1b90,b818938,False,6,0.1429,0.045855,motorcycle
img_030572.jpg,krm7e95,kpp7998,False,4,0.4286,0.043805,motorcycle
img_030573.jpg,ppy6c26,ppy226,False,2,0.7143,0.896459,motorcycle
img_030574.jpg,ppu6c58,ppu1238,False,3,0.5714,0.049908,motorcycle
img_030577.jpg,msl7j36,msd3684,False,5,0.2857,0.046890,motorcycle
img_030578.jpg,mqm8d57,bit8057,False,4,0.4286,0.047154,motorcycle
img_030579.jpg,qrg3f30,bit4388,False,7,0.0000,0.022886,motorcycle
img_030580.jpg,qrb3a73,gre788,False,6,0.1429,0.401297,motorcycle
img_030581.jpg,mst5a03,sau2038,False,5,0.2857,0.225926,motorcycle
img_030582.jpg,qrg7c99,qrg1998,False,3,0.5714,0.038192,motorcycle
img_030584.jpg,odk9c02,ow288,False,6,0.1429,0.039177,motorcycle
img_030585.jpg,qrf4b12,qre4818,False,3,0.5714,0.138656,motorcycle
img_030586.jpg,msv7i05,msu1058,False,4,0.4286,0.097573,motorcycle
img_030587.jpg,qrf0g88,8b8688,False,5,0.2857,0.160761,motorcycle
img_030588.jpg,qrj7b45,bru8458,False,5,0.2857,0.174056,motorcycle
img_030589.jpg,msr9b97,bsp3184,False,6,0.1429,0.183163,motorcycle
img_030593.jpg,lmu3c65,bci8688,False,7,0.0000,0.082386,motorcycle
img_030595.jpg,krm7e95,kph7558,False,5,0.2857,0.136502,motorcycle
img_030596.jpg,qrg5g11,st4g618,False,6,0.1429,0.068052,motorcycle
img_030597.jpg,ppp2d40,ppp2040,False,1,0.8571,0.456965,motorcycle
img_030598.jpg,msl7j36,ms8366,False,4,0.4286,0.163885,motorcycle
img_030599.jpg,odg8b88,8b88888,False,4,0.4286,0.135737,motorcycle
img_030602.jpg,qri1d18,ir21018,False,3,0.5714,0.093840,motorcycle
img_030603.jpg,ppq7j11,dj24238,False,7,0.0000,0.045699,motorcycle
img_030604.jpg,qrb3a73,drb7888,False,5,0.2857,0.062517,motorcycle
img_030605.jpg,qrf4b12,drf4818,False,3,0.5714,0.312197,motorcycle
img_030606.jpg,qrg7c99,qrg9998,False,3,0.5714,0.022634,motorcycle
img_030607.jpg,qrj7b45,bru855,False,5,0.2857,0.125036,motorcycle
img_030608.jpg,lry7g97,iry1977,False,4,0.4286,0.153749,motorcycle
img_030609.jpg,qri6i06,918166,False,6,0.1429,0.018802,motorcycle
img_030610.jpg,oyd5h74,dvp5448,False,6,0.1429,0.091961,motorcycle
img_030611.jpg,qrg5g11,sti6618,False,6,0.1429,0.110496,motorcycle
img_030612.jpg,qrj5e58,bit4888,False,6,0.1429,0.028567,motorcycle
img_030614.jpg,qnk8h24,bu8h24,False,3,0.5714,0.142893,motorcycle
img_030615.jpg,mta0b22,fla8738,False,6,0.1429,0.056507,motorcycle
img_030616.jpg,oku4e38,okn4898,False,3,0.5714,0.102252,motorcycle
img_030617.jpg,qrb3a73,btze228,False,7,0.0000,0.003988,motorcycle
img_030618.jpg,qrk8h41,brk488,False,5,0.2857,0.059440,motorcycle
img_030620.jpg,ppu6c58,ppu1688,False,3,0.5714,0.163275,motorcycle
img_030621.jpg,qrf4b12,dre4818,False,4,0.4286,0.415415,motorcycle
img_030623.jpg,qrg7c99,qt40998,False,5,0.2857,0.017106,motorcycle
img_030625.jpg,msv7i05,ms4185,False,4,0.4286,0.132958,motorcycle
img_030626.jpg,qrj5c38,spp5688,False,5,0.2857,0.023826,motorcycle
img_030628.jpg,ppw6c70,ppu6788,False,4,0.4286,0.117504,motorcycle
img_030630.jpg,oyh6d96,bv47888,False,7,0.0000,0.077123,motorcycle
img_030634.jpg,mqm8d57,bqu8057,False,3,0.5714,0.124896,motorcycle
img_030636.jpg,odf2h64,wp22688,False,6,0.1429,0.086912,motorcycle
img_030641.jpg,qip2b63,bbi2868,False,5,0.2857,0.394026,motorcycle
img_030642.jpg,qip2b63,bbj2668,False,5,0.2857,0.047547,motorcycle
img_030643.jpg,ppn1a71,ppn288,False,4,0.4286,0.161458,motorcycle
img_030645.jpg,msv7i05,mss2158,False,5,0.2857,0.030252,motorcycle
img_030646.jpg,ppn7d89,ppn7898,False,2,0.7143,0.435895,motorcycle
img_030649.jpg,qri4e87,8bl4887,False,4,0.4286,0.253134,motorcycle
img_030650.jpg,ppp8h46,ppp8446,False,1,0.8571,0.955524,motorcycle
img_030651.jpg,qrj7b45,bbi8458,False,6,0.1429,0.339785,motorcycle
img_030655.jpg,qrh2c14,dri2644,False,4,0.4286,0.032915,motorcycle
img_030656.jpg,ppb2a47,ppe288,False,4,0.4286,0.146794,motorcycle
img_030657.jpg,odc4h91,awc9918,False,5,0.2857,0.059714,motorcycle
img_030660.jpg,ovl5g55,sve5658,False,4,0.4286,0.082727,motorcycle
img_030661.jpg,odm9j19,dpp1998,False,6,0.1429,0.067241,motorcycle
img_030670.jpg,qnk8h24,bw2824,False,4,0.4286,0.410718,motorcycle
img_030671.jpg,qre0g07,ore6778,False,5,0.2857,0.205210,motorcycle
img_030673.jpg,oyg0a69,dix2238,False,7,0.0000,0.045435,motorcycle
img_030679.jpg,qrk8h41,brk848,False,3,0.5714,0.399948,motorcycle
img_030683.jpg,qre3a37,bre288,False,5,0.2857,0.172540,motorcycle
img_030685.jpg,oyf9h45,bw2338,False,7,0.0000,0.489576,motorcycle
img_030687.jpg,qrf4b12,drf4818,False,3,0.5714,0.372850,motorcycle
img_030689.jpg,qrg7c99,qk67998,False,4,0.4286,0.044685,motorcycle
img_030691.jpg,qrf0g88,own888,False,5,0.2857,0.028188,motorcycle
img_030693.jpg,qrk7c46,qri7468,False,3,0.5714,0.031936,motorcycle
img_030695.jpg,ovl5g55,blu3658,False,6,0.1429,0.049439,motorcycle
img_030698.jpg,kob6d80,bye210,False,6,0.1429,0.079228,motorcycle
img_030700.jpg,mtw7a10,til3104,False,5,0.2857,0.013923,motorcycle
img_030706.jpg,qri4d60,2r44068,False,4,0.4286,0.187553,motorcycle
img_030707.jpg,qre3a37,8re2822,False,5,0.2857,0.036921,motorcycle
img_030714.jpg,kqw4b34,bbi2818,False,7,0.0000,0.067315,motorcycle
img_030715.jpg,ppf6g42,ppe6668,False,4,0.4286,0.033968,motorcycle
img_030720.jpg,qrk3g62,dr33682,False,4,0.4286,0.035486,motorcycle
img_030721.jpg,ppd2f65,ppd2658,False,2,0.7143,0.472403,motorcycle
img_030722.jpg,mty3f94,sw2448,False,7,0.0000,0.024279,motorcycle
img_030724.jpg,qrj6g51,bt2651,False,4,0.4286,0.008769,motorcycle
img_030726.jpg,hfa9d65,gaz1654,False,5,0.2857,0.060886,motorcycle
img_030727.jpg,qrf8d14,8r28142,False,4,0.4286,0.040587,motorcycle
img_030729.jpg,qnk8h24,bl2828,False,5,0.2857,0.065510,motorcycle
img_030730.jpg,mtw7a10,tid3884,False,7,0.0000,0.013503,motorcycle
img_030731.jpg,ppn1b25,ppn1828,False,2,0.7143,0.265629,motorcycle
img_030733.jpg,ppi3e57,betw38,False,7,0.0000,0.014194,motorcycle
img_030734.jpg,hlz9e18,gl71828,False,5,0.2857,0.047024,motorcycle
img_030736.jpg,qrg6f51,dje5551,False,5,0.2857,0.026447,motorcycle
img_030737.jpg,odf2h64,ww2468,False,5,0.2857,0.244888,motorcycle
img_030738.jpg,oyk0j72,dv91388,False,7,0.0000,0.040528,motorcycle
img_030740.jpg,ppn7d89,ppn7089,False,1,0.8571,0.531841,motorcycle
img_030743.jpg,qrg7f50,qrg7f50,True,0,1.0000,0.083458,motorcycle
img_030745.jpg,qre1e56,dre1668,False,4,0.4286,0.165595,motorcycle
img_030746.jpg,qnk8h24,bu28248,False,5,0.2857,0.303297,motorcycle
img_030749.jpg,qrj7b45,br2858,False,6,0.1429,0.093182,motorcycle
img_030750.jpg,lry7g97,try277,False,4,0.4286,0.105033,motorcycle
img_030753.jpg,ppi3e57,pps5778,False,5,0.2857,0.101439,motorcycle
img_030754.jpg,qrh2e34,db28348,False,5,0.2857,0.065913,motorcycle
img_030755.jpg,kvm7j40,kl4238,False,6,0.1429,0.006083,motorcycle
img_030757.jpg,qrk8c15,brk6151,False,4,0.4286,0.135037,motorcycle
img_030758.jpg,qrk1d63,2881068,False,5,0.2857,0.088749,motorcycle
img_030759.jpg,hfa9d65,gfa0684,False,5,0.2857,0.100171,motorcycle
img_030760.jpg,qre5c34,sks4628,False,7,0.0000,0.006941,motorcycle
img_030761.jpg,qrg5g11,stg6618,False,5,0.2857,0.124034,motorcycle
img_030762.jpg,odj2i40,qp21108,False,6,0.1429,0.069276,motorcycle
img_030763.jpg,mtm8j36,bw2368,False,6,0.1429,0.266104,motorcycle
img_030765.jpg,qrh1d06,dri1188,False,5,0.2857,0.063758,motorcycle
img_030771.jpg,qrg5g11,stg6611,False,4,0.4286,0.119731,motorcycle
img_030774.jpg,qri7d24,dri7029,False,3,0.5714,0.049715,motorcycle
img_030776.jpg,qri1d18,dri1888,False,3,0.5714,0.143664,motorcycle
img_030778.jpg,oyg7i91,qvg1411,False,5,0.2857,0.066618,motorcycle
img_030779.jpg,ppn1a71,ppn1871,False,1,0.8571,0.305732,motorcycle
img_030782.jpg,odk9c02,qpk388,False,6,0.1429,0.049179,motorcycle
img_030783.jpg,msu6e57,fsu677,False,3,0.5714,0.167875,motorcycle
img_030784.jpg,qrj7b45,qr98458,False,4,0.4286,0.132832,motorcycle
img_030789.jpg,lry7g97,irv6578,False,6,0.1429,0.063025,motorcycle
img_030790.jpg,qri6h84,gw2488,False,6,0.1429,0.047239,motorcycle
img_030791.jpg,mtw7a10,aua3008,False,7,0.0000,0.059548,motorcycle
img_030792.jpg,ppp5e34,pppe554,False,3,0.5714,0.170006,motorcycle
img_030794.jpg,mpp2g74,ipp381,False,5,0.2857,0.039083,motorcycle
img_030795.jpg,oyk5i74,si40188,False,7,0.0000,0.016841,motorcycle
img_030796.jpg,qri6g68,bitz888,False,6,0.1429,0.011105,motorcycle
img_030797.jpg,qri1d18,dr19182,False,4,0.4286,0.139405,motorcycle
img_030801.jpg,qnk8h24,bwy228,False,6,0.1429,0.191294,motorcycle
img_030804.jpg,ocv8d29,8cv8298,False,3,0.5714,0.142931,motorcycle
img_030807.jpg,qrg2c72,bt22384,False,6,0.1429,0.038934,motorcycle
img_030808.jpg,krm7e95,krh2599,False,4,0.4286,0.053678,motorcycle
img_030810.jpg,ppn1a71,ppn1884,False,3,0.5714,0.218679,motorcycle
img_030813.jpg,odq0h16,bli8288,False,7,0.0000,0.027641,motorcycle
img_030815.jpg,qrk7i91,qra7191,False,2,0.7143,0.202433,motorcycle
img_030816.jpg,ovl5g55,sty6658,False,6,0.1429,0.057924,motorcycle
img_030818.jpg,odk9c02,qpk9228,False,5,0.2857,0.114273,motorcycle
img_030820.jpg,prn1a91,piz2388,False,6,0.1429,0.041084,motorcycle
img_030821.jpg,qrf0g88,8be6888,False,5,0.2857,0.183280,motorcycle
img_030822.jpg,msr9b97,msp897,False,3,0.5714,0.402925,motorcycle
img_030824.jpg,lry7g97,try1578,False,5,0.2857,0.138396,motorcycle
img_030825.jpg,qri6h84,8w2348,False,6,0.1429,0.115659,motorcycle
img_030826.jpg,qrj7b45,br1858,False,6,0.1429,0.073103,motorcycle
img_030827.jpg,ppe6h42,ppe3888,False,4,0.4286,0.153107,motorcycle
img_030828.jpg,ppg6h84,ppg3848,False,3,0.5714,0.039318,motorcycle
img_030832.jpg,kvm7j40,kvm7400,False,2,0.7143,0.533965,motorcycle
img_030833.jpg,qrf8f39,bbr3998,False,7,0.0000,0.367361,motorcycle
img_030836.jpg,qri6g68,itil888,False,5,0.2857,0.060586,motorcycle
img_030838.jpg,mqm8d57,mo80572,False,4,0.4286,0.147323,motorcycle
img_030839.jpg,qrg5g11,st46618,False,6,0.1429,0.042379,motorcycle
img_030840.jpg,krm7e95,krm7598,False,2,0.7143,0.055040,motorcycle
img_030841.jpg,oyj7g94,qv21998,False,6,0.1429,0.013962,motorcycle
img_030842.jpg,ppi2d67,ppa2068,False,3,0.5714,0.247166,motorcycle
img_030843.jpg,qrk7i91,yru1918,False,5,0.2857,0.155556,motorcycle
img_030844.jpg,qrf4b12,der128,False,6,0.1429,0.027649,motorcycle
img_030846.jpg,ppe6h42,ppe7888,False,4,0.4286,0.080111,motorcycle
img_030847.jpg,qrg2c72,qrg2138,False,3,0.5714,0.178264,motorcycle
img_030850.jpg,oyg7f39,deif228,False,7,0.0000,0.016162,motorcycle
img_030851.jpg,ppp5e34,pppe334,False,2,0.7143,0.227291,motorcycle
img_030853.jpg,kvm7j40,kv9300,False,4,0.4286,0.045444,motorcycle
img_030855.jpg,odj2i40,qp2190,False,5,0.2857,0.020759,motorcycle
img_030856.jpg,qrk9i28,819128,False,4,0.4286,0.125837,motorcycle
img_030860.jpg,qnk8h24,bl2223,False,6,0.1429,0.014539,motorcycle
img_030866.jpg,qrg3i72,bbs6188,False,7,0.0000,0.021085,motorcycle
img_030868.jpg,qrd0c17,orr0288,False,5,0.2857,0.022527,motorcycle
img_030869.jpg,mta0b22,paa2838,False,6,0.1429,0.310512,motorcycle
img_030870.jpg,qrg5g11,stig518,False,5,0.2857,0.063066,motorcycle
img_030872.jpg,qrj4j25,drj328,False,4,0.4286,0.035118,motorcycle
img_030873.jpg,qrg5j58,srg3888,False,4,0.4286,0.019197,motorcycle
img_030874.jpg,mqm8d57,bou8078,False,6,0.1429,0.077166,motorcycle
img_030875.jpg,mqj0h69,mwj869,False,3,0.5714,0.229040,motorcycle
img_030877.jpg,ppn7d89,ppw889,False,3,0.5714,0.127550,motorcycle
img_030878.jpg,qrg7c99,qf67992,False,4,0.4286,0.032010,motorcycle
img_030885.jpg,qrh0g84,qr2684,False,3,0.5714,0.145513,motorcycle
img_030886.jpg,qrh8b53,dri8858,False,4,0.4286,0.204042,motorcycle
img_030889.jpg,ppw6c70,ppu6888,False,4,0.4286,0.029782,motorcycle
img_030890.jpg,qrj5c38,spi5588,False,5,0.2857,0.027615,motorcycle
img_030891.jpg,qrh3i68,drp168,False,4,0.4286,0.181672,motorcycle
img_030892.jpg,msw9j22,bs2288,False,6,0.1429,0.018372,motorcycle
img_030893.jpg,odc7e88,qiit888,False,5,0.2857,0.012790,motorcycle
img_030894.jpg,mtv0h43,ptw338,False,6,0.1429,0.022140,motorcycle
img_030895.jpg,ppr2d29,ppr2099,False,2,0.7143,0.343848,motorcycle
img_030897.jpg,qrj2c93,drj2693,False,2,0.7143,0.156567,motorcycle
img_030898.jpg,qrj2c93,dri2088,False,5,0.2857,0.065414,motorcycle
img_030899.jpg,qrj2c93,qk7259,False,4,0.4286,0.026793,motorcycle
img_030900.jpg,qrj2c93,bt82188,False,6,0.1429,0.012734,motorcycle
img_030901.jpg,qrj2c93,der7299,False,5,0.2857,0.008597,motorcycle
img_030905.jpg,msr8d29,bb89292,False,5,0.2857,0.103050,motorcycle
img_030909.jpg,qrh0g84,dri1888,False,5,0.2857,0.029053,motorcycle
img_030911.jpg,ppp1f55,ppp7568,False,4,0.4286,0.272308,motorcycle
img_030913.jpg,pps2e38,pps2598,False,2,0.7143,0.116000,motorcycle
img_030914.jpg,qrf3d40,8br3000,False,5,0.2857,0.082327,motorcycle
img_030916.jpg,oxc2i37,daz2198,False,6,0.1429,0.020746,motorcycle
img_030917.jpg,qrj4j73,dri4388,False,5,0.2857,0.101728,motorcycle
img_030918.jpg,qrj4j73,dri4378,False,4,0.4286,0.032588,motorcycle
img_030920.jpg,ppq1j94,pro1998,False,4,0.4286,0.224474,motorcycle
img_030923.jpg,lsz4g57,lj9457,False,3,0.5714,0.028542,motorcycle
img_030926.jpg,msu6e57,msu6778,False,3,0.5714,0.105688,motorcycle
img_030927.jpg,lly3d58,bli8588,False,5,0.2857,0.025605,motorcycle
img_030928.jpg,qrf8d14,8br0288,False,7,0.0000,0.018243,motorcycle
img_030935.jpg,qrj6j27,dru6388,False,5,0.2857,0.034387,motorcycle
img_030942.jpg,ppn4j54,ppn258,False,3,0.5714,0.103514,motorcycle
img_030944.jpg,lph6h40,lpi8288,False,5,0.2857,0.050400,motorcycle
img_030948.jpg,qrg5g11,st44818,False,6,0.1429,0.062407,motorcycle
img_030949.jpg,qnk8h24,bly8288,False,6,0.1429,0.032797,motorcycle
img_030950.jpg,mtg7c88,wts4888,False,4,0.4286,0.031591,motorcycle
img_030951.jpg,oyg0a69,qv27488,False,7,0.0000,0.012168,motorcycle
img_030952.jpg,qrj9d60,gs23384,False,7,0.0000,0.014882,motorcycle
img_030955.jpg,krm7e95,aph7558,False,6,0.1429,0.228625,motorcycle
img_030956.jpg,qrf8d05,bre8058,False,4,0.4286,0.129796,motorcycle
img_030959.jpg,qrb3a73,8rb828,False,5,0.2857,0.055408,motorcycle
img_030960.jpg,qri1d18,dri1018,False,2,0.7143,0.302918,motorcycle
img_030961.jpg,odk9c02,qpa1538,False,7,0.0000,0.001454,motorcycle
img_030962.jpg,qrk8h41,bw28518,False,6,0.1429,0.072943,motorcycle
img_030963.jpg,ppn1a71,ppn488,False,4,0.4286,0.196045,motorcycle
img_030964.jpg,oyi8e42,bide422,False,4,0.4286,0.055167,motorcycle
img_030966.jpg,oyk0j72,ovg1388,False,6,0.1429,0.032798,motorcycle
img_030967.jpg,mqu3e04,tou8088,False,6,0.1429,0.001957,motorcycle
img_030970.jpg,pkc2h29,prc2229,False,2,0.7143,0.476024,motorcycle
img_030971.jpg,ppi3e57,ppa3577,False,3,0.5714,0.294540,motorcycle
img_030973.jpg,qrh2e34,qb22584,False,4,0.4286,0.218886,motorcycle
img_030978.jpg,qrg5g11,st49388,False,7,0.0000,0.082005,motorcycle
img_030980.jpg,qrh3d03,dri3068,False,5,0.2857,0.069239,motorcycle
img_030982.jpg,qrg5g11,st95618,False,5,0.2857,0.109424,motorcycle
img_030985.jpg,oyi8e42,by28488,False,5,0.2857,0.054296,motorcycle
img_030986.jpg,msu6e57,psu6578,False,3,0.5714,0.056211,motorcycle
img_030990.jpg,qrb3a73,gre238,False,6,0.1429,0.458394,motorcycle
img_030993.jpg,ppy6c26,ppy6268,False,2,0.7143,0.314881,motorcycle
img_030995.jpg,qrg3f30,bit4288,False,7,0.0000,0.008893,motorcycle
img_030996.jpg,qrf4b12,dre4818,False,4,0.4286,0.258074,motorcycle
img_031000.jpg,qrg5e53,dre1998,False,6,0.1429,0.024010,motorcycle
img_031001.jpg,oyg7f39,ove5398,False,5,0.2857,0.021280,motorcycle
img_031002.jpg,mty3f94,bryx448,False,6,0.1429,0.007947,motorcycle
img_031003.jpg,mrr7e95,pr21938,False,6,0.1429,0.009788,motorcycle
img_031006.jpg,mtd9c35,blo238,False,6,0.1429,0.027383,motorcycle
img_031010.jpg,qrg3i72,bit8818,False,7,0.0000,0.105445,motorcycle
img_031011.jpg,ovi6i29,qik4228,False,6,0.1429,0.013953,motorcycle
img_031012.jpg,ocv8d29,8cc9298,False,5,0.2857,0.045330,motorcycle
img_031013.jpg,qrg2c72,itw4358,False,7,0.0000,0.020129,motorcycle
img_031014.jpg,ode5h79,wde7988,False,5,0.2857,0.070714,motorcycle
img_031016.jpg,ppm5a98,epr3898,False,4,0.4286,0.141924,motorcycle
img_031018.jpg,qrf4b12,dr64818,False,4,0.4286,0.254893,motorcycle
img_031019.jpg,ppf2h27,ppe2827,False,2,0.7143,0.110930,motorcycle
img_031020.jpg,ppf2h27,ppe2427,False,2,0.7143,0.158713,motorcycle
img_031021.jpg,ppf2h27,ppe2477,False,3,0.5714,0.285511,motorcycle
img_031022.jpg,ppf2h27,dpe2188,False,5,0.2857,0.087995,motorcycle
img_031023.jpg,ppf2h27,ble2288,False,6,0.1429,0.299963,motorcycle
img_031024.jpg,ppf2h27,ppe2427,False,2,0.7143,0.444545,motorcycle
img_031025.jpg,ppf2h27,ppe2427,False,2,0.7143,0.484642,motorcycle
img_031026.jpg,ppf2h27,ppe2227,False,2,0.7143,0.154147,motorcycle
img_031030.jpg,qrj7b45,bru8458,False,5,0.2857,0.143401,motorcycle
img_031033.jpg,pkc2h29,phy8288,False,6,0.1429,0.022777,motorcycle
img_031034.jpg,ppi3e57,bed338,False,6,0.1429,0.033417,motorcycle
img_031035.jpg,qrh2e34,qr22182,False,4,0.4286,0.138227,motorcycle
img_031037.jpg,qre7b39,bli8883,False,7,0.0000,0.005299,motorcycle
img_031039.jpg,qre5c34,ske2838,False,5,0.2857,0.115756,motorcycle
img_031040.jpg,ppl0f59,ita3384,False,7,0.0000,0.144307,motorcycle
img_031042.jpg,qrg5g11,sti4868,False,7,0.0000,0.010855,motorcycle
img_031044.jpg,mtm8j36,bw2388,False,7,0.0000,0.242130,motorcycle
img_031045.jpg,mrn2c91,wr2591,False,3,0.5714,0.104175,motorcycle
img_031050.jpg,qre7b39,dre2898,False,5,0.2857,0.429956,motorcycle
img_031051.jpg,ppn1a71,itz4238,False,7,0.0000,0.006831,motorcycle
img_031053.jpg,ppf6g42,ppe8888,False,5,0.2857,0.166613,motorcycle
img_031054.jpg,qrk8h41,brk458,False,5,0.2857,0.129744,motorcycle
img_031055.jpg,qrb3a73,dbb3738,False,4,0.4286,0.142275,motorcycle
img_031056.jpg,ppn7d89,ppn9892,False,3,0.5714,0.476906,motorcycle
img_031057.jpg,oyd5h74,dv95474,False,4,0.4286,0.012185,motorcycle
img_031058.jpg,ppq7j11,pp93318,False,4,0.4286,0.220059,motorcycle
img_031059.jpg,qrf4b12,qqr4818,False,4,0.4286,0.089354,motorcycle
img_031060.jpg,qrf0g88,qbe688,False,4,0.4286,0.158938,motorcycle
img_031061.jpg,mps6c41,mps6699,False,3,0.5714,0.060288,motorcycle
img_031064.jpg,oyk0j72,ovg328,False,6,0.1429,0.084834,motorcycle
img_031065.jpg,qrj7b45,dil2838,False,7,0.0000,0.018811,motorcycle
img_031066.jpg,qrg2c72,drg2182,False,3,0.5714,0.301908,motorcycle
img_031070.jpg,mtv7c99,itzc992,False,4,0.4286,0.017527,motorcycle
img_031072.jpg,qrg5g11,ow93618,False,6,0.1429,0.011564,motorcycle
img_031075.jpg,qnk8h24,bw82298,False,6,0.1429,0.073759,motorcycle
img_031076.jpg,ocv8d29,8c99292,False,5,0.2857,0.064642,motorcycle
img_031078.jpg,odf9g70,qdf8708,False,4,0.4286,0.046554,motorcycle
img_031081.jpg,ppp2d40,ppp2048,False,2,0.7143,0.561521,motorcycle
img_031083.jpg,qrg5g11,d295618,False,5,0.2857,0.036893,motorcycle
img_031085.jpg,qrd0c17,qro1388,False,5,0.2857,0.043701,motorcycle
img_031088.jpg,ppq7j11,ppo4288,False,5,0.2857,0.051182,motorcycle
img_031095.jpg,qrj7b45,bru8458,False,5,0.2857,0.460275,motorcycle
img_031101.jpg,ppg6h84,ppg3842,False,3,0.5714,0.093482,motorcycle
img_031102.jpg,qrf8d14,br80182,False,5,0.2857,0.049977,motorcycle
img_031103.jpg,qrk3g62,owk328,False,5,0.2857,0.023078,motorcycle
img_031104.jpg,qrk1d63,gb21068,False,5,0.2857,0.020699,motorcycle
img_031108.jpg,qre4d57,iilu388,False,7,0.0000,0.024501,motorcycle
img_031111.jpg,qrk9i28,9191288,False,5,0.2857,0.096993,motorcycle
img_031112.jpg,qrg5g11,stg6618,False,5,0.2857,0.049608,motorcycle
img_031116.jpg,qrj4h75,bi3324,False,7,0.0000,0.026369,motorcycle
img_031117.jpg,qnk8h24,bu22248,False,6,0.1429,0.078144,motorcycle
img_031123.jpg,oyg0a69,dv21388,False,7,0.0000,0.018071,motorcycle
img_031125.jpg,ppo2j11,ppo2288,False,3,0.5714,0.143911,motorcycle
img_031127.jpg,ppn1a71,ppn1811,False,2,0.7143,0.239978,motorcycle
img_031128.jpg,qrj0c65,qr96657,False,4,0.4286,0.118163,motorcycle
img_031129.jpg,qrj0c65,qr96651,False,4,0.4286,0.124345,motorcycle
img_031130.jpg,qrj6f36,bri2386,False,5,0.2857,0.024040,motorcycle
img_031131.jpg,ppg5h25,ppg3258,False,3,0.5714,0.225748,motorcycle
img_031132.jpg,ops9d87,opp9877,False,3,0.5714,0.100369,motorcycle
img_031133.jpg,frt1a83,ipp4888,False,6,0.1429,0.059560,motorcycle
img_031134.jpg,qrh7f48,qrif588,False,4,0.4286,0.030325,motorcycle
img_031138.jpg,qre1a74,qre1828,False,3,0.5714,0.035186,motorcycle
img_031139.jpg,msw0e21,fbj321,False,5,0.2857,0.042803,motorcycle
img_031140.jpg,oyk0j72,dv2338,False,7,0.0000,0.056958,motorcycle
img_031141.jpg,ppg6h84,ppg8848,False,3,0.5714,0.208643,motorcycle
img_031144.jpg,qrh1d06,qqr1068,False,4,0.4286,0.057490,motorcycle
img_031148.jpg,odc7e88,dpc1888,False,4,0.4286,0.024950,motorcycle
img_031152.jpg,mrt0j40,pte2108,False,6,0.1429,0.008345,motorcycle
img_031153.jpg,mrt0j40,fr2238,False,6,0.1429,0.049039,motorcycle
img_031154.jpg,ppn6c13,ppp6188,False,4,0.4286,0.255022,motorcycle
img_031155.jpg,ppn6c13,ppu6188,False,4,0.4286,0.099869,motorcycle
img_031157.jpg,mtx4g86,ctu6668,False,6,0.1429,0.039125,motorcycle
img_031158.jpg,odm6g18,ddr6188,False,4,0.4286,0.034043,motorcycle
img_031159.jpg,adk8i08,ala1088,False,5,0.2857,0.151490,motorcycle
img_031160.jpg,adk8i08,ibr2888,False,6,0.1429,0.046842,motorcycle
img_031162.jpg,bav7i02,bau2188,False,5,0.2857,0.710898,motorcycle
img_031167.jpg,mpa3a92,gpa7888,False,5,0.2857,0.167598,motorcycle
img_031169.jpg,ocz2d23,dtz2128,False,4,0.4286,0.207099,motorcycle
img_031170.jpg,ocz2d23,btz2384,False,5,0.2857,0.052248,motorcycle
img_031172.jpg,qri6h84,gr28482,False,5,0.2857,0.001775,motorcycle
img_031175.jpg,qrk3g62,brr3688,False,5,0.2857,0.339572,motorcycle
img_031176.jpg,oyi8e42,qv98428,False,5,0.2857,0.076283,motorcycle
img_031179.jpg,lmu8e22,bl8828,False,5,0.2857,0.052345,motorcycle
img_031181.jpg,mtv3h81,bw3818,False,5,0.2857,0.328418,motorcycle
img_031185.jpg,qrg5e53,drg953,False,3,0.5714,0.270468,motorcycle
img_031187.jpg,qre4i82,dre1188,False,4,0.4286,0.096330,motorcycle
img_031191.jpg,oyg0a69,dwi2898,False,7,0.0000,0.007564,motorcycle
img_031192.jpg,qri1d52,qr11058,False,3,0.5714,0.180419,motorcycle
img_031193.jpg,krm7e95,kri7758,False,4,0.4286,0.022923,motorcycle
img_031194.jpg,odp7e69,qdp569,False,3,0.5714,0.124146,motorcycle
img_031196.jpg,qre3a37,bre238,False,4,0.4286,0.223377,motorcycle
img_031198.jpg,ppl5g40,ppu560,False,3,0.5714,0.425263,motorcycle
img_031199.jpg,mqm8d57,8qm8057,False,2,0.7143,0.197087,motorcycle
img_031201.jpg,qrk8h41,bwr3588,False,7,0.0000,0.053651,motorcycle
img_031202.jpg,ovj8c54,dv26448,False,6,0.1429,0.246905,motorcycle
img_031204.jpg,ppd2f65,ppo266,False,3,0.5714,0.385208,motorcycle
img_031205.jpg,qrf4b12,dre4812,False,3,0.5714,0.523234,motorcycle
img_031206.jpg,kwz7d77,avz1977,False,4,0.4286,0.051072,motorcycle
img_031207.jpg,msg0b91,msg8918,False,3,0.5714,0.619369,motorcycle
img_031208.jpg,qrh2e34,dei2238,False,5,0.2857,0.081631,motorcycle
img_031209.jpg,qrk1d63,bb2268,False,6,0.1429,0.046920,motorcycle
img_031211.jpg,qrg5g11,dr95618,False,4,0.4286,0.050401,motorcycle
img_031212.jpg,msu6e57,msu1778,False,4,0.4286,0.223779,motorcycle
img_031213.jpg,ppu6c58,ppu6688,False,2,0.7143,0.367304,motorcycle
img_031214.jpg,pps0e98,pps5388,False,3,0.5714,0.120082,motorcycle
img_031215.jpg,qri6h84,gr2934,False,5,0.2857,0.015854,motorcycle
img_031216.jpg,oyd5h74,ovy2448,False,6,0.1429,0.051075,motorcycle
img_031217.jpg,lry7g97,iry4919,False,5,0.2857,0.101440,motorcycle
img_031218.jpg,qrj7b45,bru848,False,5,0.2857,0.139607,motorcycle
img_031219.jpg,qri6i06,qr16106,False,2,0.7143,0.157039,motorcycle
img_031221.jpg,oyg7f39,ove5799,False,5,0.2857,0.136545,motorcycle
img_031222.jpg,oyk0j72,ov4328,False,6,0.1429,0.103868,motorcycle
img_031223.jpg,oyg7f39,qvi8238,False,6,0.1429,0.187930,motorcycle
img_031225.jpg,qrg5g11,dt40618,False,6,0.1429,0.028900,motorcycle
img_031226.jpg,lll1e15,ill1e15,False,1,0.8571,0.294632,motorcycle
img_031228.jpg,qrg5g11,birq288,False,7,0.0000,0.015148,motorcycle
img_031229.jpg,krm7e95,ari2558,False,6,0.1429,0.162449,motorcycle
img_031231.jpg,msa8f37,baa8387,False,4,0.4286,0.654088,motorcycle
img_031232.jpg,ppt2j19,ppt2119,False,1,0.8571,0.932277,motorcycle
img_031233.jpg,ppn7d89,ppn7089,False,1,0.8571,0.634074,motorcycle
img_031234.jpg,msr9b97,mb9897,False,3,0.5714,0.674475,motorcycle
img_031236.jpg,qnk8h24,bw8228,False,5,0.2857,0.264738,motorcycle
img_031239.jpg,ppy6c26,ppyc266,False,2,0.7143,0.518905,motorcycle
img_031240.jpg,qrj7b45,dil8858,False,7,0.0000,0.034492,motorcycle
img_031242.jpg,pps5j06,pps5068,False,2,0.7143,0.364779,motorcycle
img_031243.jpg,qrg5g11,st99318,False,6,0.1429,0.019887,motorcycle
img_031244.jpg,qnk8h24,8w9228,False,6,0.1429,0.043196,motorcycle
img_031245.jpg,odt3g50,dwp360,False,5,0.2857,0.013285,motorcycle
img_031246.jpg,ocv8d29,ocs8298,False,3,0.5714,0.153453,motorcycle
img_031248.jpg,oyd5h74,s,False,7,0.0000,0.664475,motorcycle
img_031249.jpg,qrk8h41,qrx4598,False,5,0.2857,0.014669,motorcycle
img_031250.jpg,oda8e46,bpa2338,False,6,0.1429,0.020131,motorcycle
img_031251.jpg,ppn7d89,ppn7899,False,2,0.7143,0.360297,motorcycle
img_031254.jpg,qri7f71,qri2681,False,3,0.5714,0.155378,motorcycle
img_031259.jpg,ppc3d50,ppc3308,False,3,0.5714,0.173970,motorcycle
img_031266.jpg,mtj6a61,flu6861,False,4,0.4286,0.212056,motorcycle
img_031268.jpg,ppn1b25,ppn1828,False,2,0.7143,0.346393,motorcycle
img_031269.jpg,ocv8d29,ocy9299,False,4,0.4286,0.158345,motorcycle
img_031270.jpg,ppp2d40,ppp2000,False,2,0.7143,0.580251,motorcycle
img_031271.jpg,qrg5g11,deg5610,False,4,0.4286,0.036028,motorcycle
img_031272.jpg,oyk0j72,dva3788,False,7,0.0000,0.034854,motorcycle
img_031273.jpg,ppt2j19,ppt2198,False,2,0.7143,0.515125,motorcycle
img_031274.jpg,qrf4b12,dre4888,False,5,0.2857,0.133379,motorcycle
img_031275.jpg,qrb3a73,9rb3433,False,3,0.5714,0.203893,motorcycle
img_031276.jpg,qri7f71,qri1581,False,3,0.5714,0.105201,motorcycle
img_031277.jpg,qri6h84,br29384,False,4,0.4286,0.008446,motorcycle
img_031278.jpg,oyg7f39,dve1393,False,6,0.1429,0.026297,motorcycle
img_031279.jpg,qrj5e58,dej3884,False,6,0.1429,0.070820,motorcycle
img_031280.jpg,qnk8h24,bw28298,False,6,0.1429,0.143565,motorcycle
img_031281.jpg,qrj9h92,bw2828,False,7,0.0000,0.133777,motorcycle
img_031283.jpg,qrk1d63,ibbu868,False,6,0.1429,0.095039,motorcycle
img_031285.jpg,qri6h84,8w2848,False,6,0.1429,0.094670,motorcycle
img_031286.jpg,qrb3a73,gre738,False,5,0.2857,0.113147,motorcycle
img_031287.jpg,qrf4b12,dre4818,False,4,0.4286,0.283551,motorcycle
img_031289.jpg,ppn1a71,ppn1884,False,3,0.5714,0.101318,motorcycle
img_031290.jpg,kyq1g04,xv21548,False,6,0.1429,0.019344,motorcycle
img_031293.jpg,oyg7f39,qve6599,False,6,0.1429,0.022235,motorcycle
img_031294.jpg,qrg5g11,drg5618,False,3,0.5714,0.059825,motorcycle
img_031295.jpg,qnk8h24,bly8238,False,6,0.1429,0.134729,motorcycle
img_031296.jpg,ppi2d67,ppp2078,False,4,0.4286,0.802466,motorcycle
img_031297.jpg,qrf4b12,dbr8818,False,6,0.1429,0.151947,motorcycle
img_031298.jpg,qrh8b53,dr28858,False,4,0.4286,0.113198,motorcycle
img_031299.jpg,oyg7f39,dv26799,False,6,0.1429,0.056480,motorcycle
img_031303.jpg,mtw7a10,aua3004,False,7,0.0000,0.017265,motorcycle
img_031304.jpg,qri6h84,bw2888,False,6,0.1429,0.127145,motorcycle
img_031305.jpg,qrk3g62,dr33628,False,4,0.4286,0.216870,motorcycle
img_031306.jpg,qri6i06,qr16186,False,3,0.5714,0.363135,motorcycle
img_031308.jpg,qrg5e53,orb5555,False,4,0.4286,0.120389,motorcycle
img_031309.jpg,qrg5g11,skig318,False,6,0.1429,0.089404,motorcycle
img_031310.jpg,pph5b07,pph8678,False,4,0.4286,0.134452,motorcycle
img_031312.jpg,ocv8d29,occv298,False,4,0.4286,0.199961,motorcycle
img_031313.jpg,mrl6j44,dr27119,False,6,0.1429,0.011013,motorcycle
img_031317.jpg,ppq7j11,ppo7238,False,4,0.4286,0.054441,motorcycle
img_031320.jpg,qrk8h41,brx8288,False,5,0.2857,0.147632,motorcycle
img_031321.jpg,ppy6c26,ppy2668,False,4,0.4286,0.377551,motorcycle
img_031322.jpg,oyk0j72,dwa3884,False,7,0.0000,0.097476,motorcycle
img_031324.jpg,lry7g97,try257,False,4,0.4286,0.472977,motorcycle
img_031325.jpg,ppl7j55,ppl7558,False,2,0.7143,0.386054,motorcycle
img_031327.jpg,ppr0d29,ppr3882,False,4,0.4286,0.041613,motorcycle
img_031328.jpg,kyr9d53,bl4538,False,6,0.1429,0.012735,motorcycle
img_031330.jpg,ppw3g67,ppw367,False,1,0.8571,0.209106,motorcycle
img_031331.jpg,ppn1a71,ppn338,False,4,0.4286,0.139316,motorcycle
img_031332.jpg,ppn7d89,ppn7899,False,2,0.7143,0.695227,motorcycle
img_031333.jpg,ppt2j19,ppt2199,False,2,0.7143,0.300630,motorcycle
img_031334.jpg,oye9b10,ovy8808,False,6,0.1429,0.078188,motorcycle
img_031336.jpg,oyd5h74,dva5798,False,6,0.1429,0.058439,motorcycle
img_031337.jpg,ppg6h84,ppg7848,False,3,0.5714,0.064722,motorcycle
img_031339.jpg,ppr0d29,ppr7299,False,3,0.5714,0.276748,motorcycle
img_031340.jpg,mtw4i60,mt4160,False,2,0.7143,0.188539,motorcycle
img_031344.jpg,msr9b97,bsp3878,False,6,0.1429,0.183412,motorcycle
img_031346.jpg,lry7g97,irv158,False,6,0.1429,0.024262,motorcycle
img_031347.jpg,ppg6h84,bpg8384,False,3,0.5714,0.094459,motorcycle
img_031349.jpg,msy1h23,fsp2293,False,5,0.2857,0.041701,motorcycle
img_031351.jpg,pps5j06,pps3068,False,3,0.5714,0.103991,motorcycle
img_031352.jpg,pph5b07,ppus878,False,5,0.2857,0.064097,motorcycle
img_031353.jpg,qre3f28,9be288,False,5,0.2857,0.313475,motorcycle
img_031354.jpg,ppt6c15,ppt6358,False,3,0.5714,0.086145,motorcycle
img_031355.jpg,oyg0a69,dvg7468,False,5,0.2857,0.245136,motorcycle
img_031357.jpg,qrg5g11,stig388,False,7,0.0000,0.034928,motorcycle
img_031360.jpg,qrk8h41,brk8584,False,4,0.4286,0.132290,motorcycle
img_031361.jpg,mqm8d57,bwa8578,False,5,0.2857,0.024329,motorcycle
img_031362.jpg,ovh6b79,ov9879,False,3,0.5714,0.119560,motorcycle
img_031363.jpg,ppn7d89,ppw769,False,3,0.5714,0.376591,motorcycle
img_031364.jpg,ppn1a71,ppn1988,False,3,0.5714,0.224569,motorcycle
img_031367.jpg,pph5b07,fpp5818,False,5,0.2857,0.329092,motorcycle
img_031369.jpg,msv7i05,msu765,False,3,0.5714,0.020674,motorcycle
img_031370.jpg,oyk0j72,dv9388,False,7,0.0000,0.063568,motorcycle
img_031371.jpg,kyq1g04,m201684,False,5,0.2857,0.097728,motorcycle
img_031372.jpg,ppy6c26,ppy2868,False,4,0.4286,0.178272,motorcycle
img_031373.jpg,lry7g97,try258,False,5,0.2857,0.289404,motorcycle
img_031375.jpg,ppg6h84,fpg3848,False,4,0.4286,0.046447,motorcycle
img_031379.jpg,mqm8d57,boe8938,False,6,0.1429,0.018017,motorcycle
img_031380.jpg,ppt2j19,ppt2119,False,1,0.8571,0.629764,motorcycle
img_031382.jpg,qrb3a73,dre238,False,6,0.1429,0.160950,motorcycle
img_031383.jpg,ppw6c70,ppu6788,False,4,0.4286,0.132727,motorcycle
img_031386.jpg,ppg6h84,ppg5848,False,3,0.5714,0.409263,motorcycle
img_031388.jpg,mtx4g86,paz5384,False,6,0.1429,0.035405,motorcycle
img_031389.jpg,qrg5g11,skg8688,False,6,0.1429,0.042161,motorcycle
img_031390.jpg,ppc3d50,ppc3050,False,1,0.8571,0.343248,motorcycle
img_031391.jpg,oyh8f44,dy28688,False,5,0.2857,0.188028,motorcycle
img_031392.jpg,ppt6c15,ppl6155,False,3,0.5714,0.068557,motorcycle
img_031394.jpg,qrk1d63,bbi2888,False,7,0.0000,0.083392,motorcycle
img_031396.jpg,oyg0a69,dvi7788,False,7,0.0000,0.042831,motorcycle
img_031397.jpg,pzq4g21,paq4818,False,4,0.4286,0.020406,motorcycle
img_031398.jpg,pzq4g21,paq4619,False,4,0.4286,0.023740,motorcycle
img_031399.jpg,qrk8h41,brx238,False,6,0.1429,0.142985,motorcycle
img_031400.jpg,ocv8d29,8c65298,False,5,0.2857,0.072383,motorcycle
img_031405.jpg,oda5b02,squ8838,False,7,0.0000,0.085441,motorcycle
img_031406.jpg,ppn7d89,ppn7692,False,3,0.5714,0.275298,motorcycle
img_031407.jpg,qri7f71,qbi188,False,5,0.2857,0.013649,motorcycle
img_031408.jpg,ppc3d50,ppe3000,False,3,0.5714,0.199501,motorcycle
img_031411.jpg,qrh0f83,drid388,False,5,0.2857,0.051569,motorcycle
img_031413.jpg,qri6h84,bb2238,False,6,0.1429,0.044453,motorcycle
img_031415.jpg,lry7g97,irv268,False,6,0.1429,0.046807,motorcycle
img_031416.jpg,msr9b97,msp9878,False,4,0.4286,0.194136,motorcycle
img_031417.jpg,qrg5e53,org5533,False,3,0.5714,0.339099,motorcycle
img_031419.jpg,qre5c34,str8238,False,6,0.1429,0.013777,motorcycle
img_031423.jpg,pxz4g96,pxz4666,False,2,0.7143,0.406409,motorcycle
img_031425.jpg,mrl6j44,fil7188,False,6,0.1429,0.066228,motorcycle
img_031431.jpg,ppn6b97,ppn3818,False,4,0.4286,0.116080,motorcycle
img_031432.jpg,qrk8h41,brk2584,False,5,0.2857,0.289015,motorcycle
img_031433.jpg,ppn7d89,ppp2888,False,4,0.4286,0.079927,motorcycle
img_031436.jpg,oyg7f39,dvi5793,False,6,0.1429,0.040508,motorcycle
img_031440.jpg,msy1h23,ina3389,False,7,0.0000,0.002373,motorcycle
img_031442.jpg,qrg5g11,sk4g318,False,6,0.1429,0.036573,motorcycle
img_031444.jpg,ppr0d29,ppr2382,False,4,0.4286,0.076278,motorcycle
img_031445.jpg,kyr9d53,avr9058,False,4,0.4286,0.114212,motorcycle
img_031449.jpg,ppw3g67,ppu3678,False,3,0.5714,0.319199,motorcycle
img_031451.jpg,qrd0c17,qrd4177,False,3,0.5714,0.033799,motorcycle
img_031454.jpg,msl7j36,bs2238,False,5,0.2857,0.250043,motorcycle
img_031455.jpg,qre7b39,dre7858,False,4,0.4286,0.153191,motorcycle
img_031460.jpg,qri1d18,qri1838,False,2,0.7143,0.095411,motorcycle
img_031461.jpg,ppi3e80,ppt3680,False,2,0.7143,0.135407,motorcycle
img_031462.jpg,qrj7j46,qfi2288,False,6,0.1429,0.024944,motorcycle
img_031463.jpg,qrh8b53,drp8858,False,4,0.4286,0.038483,motorcycle
img_031464.jpg,ppu6c58,ppu6588,False,2,0.7143,0.320838,motorcycle
img_031465.jpg,ppw6c70,ppu6888,False,4,0.4286,0.024802,motorcycle
img_031467.jpg,ocx2g40,qc42638,False,5,0.2857,0.128238,motorcycle
img_031468.jpg,oyi8e42,dv93488,False,7,0.0000,0.031400,motorcycle
img_031469.jpg,oyk0j72,dw22384,False,7,0.0000,0.153978,motorcycle
img_031470.jpg,ppg6h84,ppex868,False,5,0.2857,0.061526,motorcycle
img_031473.jpg,oyg7f39,dr24398,False,6,0.1429,0.024716,motorcycle
img_031474.jpg,qri7d06,dr27068,False,4,0.4286,0.100424,motorcycle
img_031475.jpg,qrg3i72,gre5388,False,6,0.1429,0.016313,motorcycle
img_031476.jpg,ovh6b79,ovg879,False,3,0.5714,0.273956,motorcycle
img_031477.jpg,kyr9d53,ilu2558,False,6,0.1429,0.006340,motorcycle
img_031478.jpg,eqe8g79,boe879,False,3,0.5714,0.265569,motorcycle
img_031481.jpg,qri1d18,qri1888,False,2,0.7143,0.133296,motorcycle
img_031483.jpg,qrg2c72,qte2388,False,5,0.2857,0.113695,motorcycle
img_031486.jpg,msu6e57,rsu677,False,3,0.5714,0.703827,motorcycle
img_031488.jpg,oye9b10,ov98810,False,4,0.4286,0.219008,motorcycle
img_031490.jpg,oyg7f39,qj61398,False,6,0.1429,0.003573,motorcycle
img_031492.jpg,qrk0i56,dra1588,False,6,0.1429,0.115966,motorcycle
img_031494.jpg,mth4g39,mt46393,False,3,0.5714,0.054226,motorcycle
img_031496.jpg,ppr0d29,pprd288,False,3,0.5714,0.289401,motorcycle
img_031497.jpg,oda5c01,sta4338,False,6,0.1429,0.126133,motorcycle
img_031498.jpg,ppw3g67,ppu267,False,3,0.5714,0.536004,motorcycle
img_031499.jpg,kyr9d53,ive2588,False,7,0.0000,0.048370,motorcycle
img_031500.jpg,qrj3d82,gr3888,False,4,0.4286,0.028918,motorcycle
img_031504.jpg,qrg0j89,qrg7898,False,3,0.5714,0.196766,motorcycle
img_031506.jpg,ovi7b50,8w43384,False,7,0.0000,0.023030,motorcycle
img_031507.jpg,lry7g97,ara2334,False,6,0.1429,0.038083,motorcycle
img_031509.jpg,msg0b91,bsg8918,False,4,0.4286,0.124865,motorcycle
img_031512.jpg,qrk8c68,bri8688,False,4,0.4286,0.191378,motorcycle
img_031515.jpg,ppr0d29,ppr9299,False,3,0.5714,0.300125,motorcycle
img_031517.jpg,kyr9d53,kv8758,False,5,0.2857,0.125450,motorcycle
img_031518.jpg,ppw3g67,ppw367,False,1,0.8571,0.644299,motorcycle
img_031522.jpg,qri6h84,bw2238,False,6,0.1429,0.339702,motorcycle
img_031523.jpg,qrg5g11,kk9338,False,7,0.0000,0.010701,motorcycle
img_031524.jpg,qrj4j25,drj4255,False,3,0.5714,0.142894,motorcycle
img_031525.jpg,msl7j36,bst238,False,5,0.2857,0.253192,motorcycle
img_031526.jpg,mqm8d57,str8057,False,4,0.4286,0.032148,motorcycle
img_031527.jpg,grm5a80,ebr5880,False,4,0.4286,0.024417,motorcycle
img_031528.jpg,mqx5a93,for293,False,5,0.2857,0.035507,motorcycle
img_031530.jpg,qrh8b53,bra8852,False,4,0.4286,0.063521,motorcycle
img_031531.jpg,gyp5f52,dvp7388,False,6,0.1429,0.229479,motorcycle
img_031536.jpg,qrg5g11,dkg338,False,6,0.1429,0.243349,motorcycle
img_031539.jpg,ppr0d29,ppr7288,False,4,0.4286,0.313550,motorcycle
img_031542.jpg,qre3f28,bbe288,False,5,0.2857,0.062753,motorcycle
img_031544.jpg,odn3f45,dpa1888,False,7,0.0000,0.068326,motorcycle
img_031546.jpg,ocv8d29,ocgv298,False,4,0.4286,0.173981,motorcycle
img_031547.jpg,ppy6c26,ppy6268,False,2,0.7143,0.336904,motorcycle
img_031548.jpg,kyr9d53,ker2584,False,5,0.2857,0.039397,motorcycle
img_031550.jpg,qrj2c93,drj2689,False,4,0.4286,0.077181,motorcycle
img_031551.jpg,qrj2c93,dri2083,False,4,0.4286,0.062994,motorcycle
img_031554.jpg,ppm5a98,ppu5998,False,2,0.7143,0.066857,motorcycle
img_031556.jpg,ppy8a72,ppy8488,False,3,0.5714,0.048358,motorcycle
img_031557.jpg,qrk6d29,ejp6298,False,5,0.2857,0.007622,motorcycle
img_031558.jpg,qri7d06,qr27088,False,4,0.4286,0.020640,motorcycle
img_031560.jpg,mrt0j40,frt220,False,4,0.4286,0.098937,motorcycle
img_031561.jpg,mrt0j40,wr4220,False,5,0.2857,0.045089,motorcycle
img_031562.jpg,mrt0j40,pr72308,False,6,0.1429,0.028432,motorcycle
img_031563.jpg,mrt0j40,brt990,False,4,0.4286,0.093880,motorcycle
img_031567.jpg,qri6h84,br26388,False,4,0.4286,0.017702,motorcycle
img_031568.jpg,ppu5f03,pru5388,False,4,0.4286,0.304583,motorcycle
img_031571.jpg,qrf1f85,qbf1851,False,3,0.5714,0.216384,motorcycle
img_031572.jpg,oyk0j72,dw4338,False,7,0.0000,0.060807,motorcycle
img_031573.jpg,lry7g97,iry2379,False,5,0.2857,0.121963,motorcycle
img_031574.jpg,qri7i48,qr27188,False,3,0.5714,0.119876,motorcycle
img_031575.jpg,ppg5h25,ppg5288,False,3,0.5714,0.202605,motorcycle
img_031576.jpg,ppg6h84,ppg7848,False,3,0.5714,0.297201,motorcycle
img_031579.jpg,ode1d75,ode1888,False,3,0.5714,0.056437,motorcycle
img_031580.jpg,ocx2g40,dex2588,False,5,0.2857,0.098968,motorcycle
img_031581.jpg,ppe0g58,ppe6588,False,3,0.5714,0.463590,motorcycle
img_031582.jpg,ppn1b25,pbu182,False,4,0.4286,0.087667,motorcycle
img_031583.jpg,mtv0h43,fru238,False,7,0.0000,0.046283,motorcycle
img_031584.jpg,kyr9d53,kn89584,False,5,0.2857,0.036083,motorcycle
img_031585.jpg,qrj4a23,qri4788,False,4,0.4286,0.152806,motorcycle
img_031591.jpg,mtd2f50,btf2500,False,4,0.4286,0.101188,motorcycle
img_031594.jpg,qre3f47,qre8582,False,4,0.4286,0.021302,motorcycle
img_031595.jpg,msh8c13,bs88938,False,5,0.2857,0.039255,motorcycle
img_031596.jpg,lry7g97,try257,False,4,0.4286,0.385676,motorcycle
img_031599.jpg,ppu2e59,ppu2599,False,2,0.7143,0.873991,motorcycle
img_031603.jpg,ovh6b79,ovg879,False,3,0.5714,0.266505,motorcycle
img_031608.jpg,qrk8h41,brk438,False,5,0.2857,0.147456,motorcycle
img_031609.jpg,ppk8i62,ppa7822,False,4,0.4286,0.246350,motorcycle
img_031611.jpg,ppy6c26,ppy2868,False,4,0.4286,0.309461,motorcycle
img_031612.jpg,qrh8b53,bri8858,False,4,0.4286,0.369832,motorcycle
img_031616.jpg,qrj6g51,qp26518,False,4,0.4286,0.040137,motorcycle
img_031619.jpg,ppt6c15,ppt6558,False,3,0.5714,0.057714,motorcycle
img_031621.jpg,qrg3i72,gtz6788,False,7,0.0000,0.014698,motorcycle
img_031623.jpg,ppw3g67,ppu268,False,4,0.4286,0.083908,motorcycle
img_031624.jpg,oyh8f44,dyp2588,False,6,0.1429,0.024096,motorcycle
img_031625.jpg,qrf4b12,dre4818,False,4,0.4286,0.448738,motorcycle
img_031629.jpg,ppu6c58,ppu5888,False,3,0.5714,0.276438,motorcycle
img_031631.jpg,ppm5a98,epp2888,False,5,0.2857,0.365165,motorcycle
img_031634.jpg,ppe3h79,ppe3888,False,3,0.5714,0.235497,motorcycle
img_031635.jpg,lry7g97,try1697,False,3,0.5714,0.321635,motorcycle
img_031638.jpg,qod5a08,90p2888,False,6,0.1429,0.010628,motorcycle
img_031642.jpg,mqz0g16,2996188,False,7,0.0000,0.113833,motorcycle
img_031644.jpg,qrf8d14,8by6938,False,7,0.0000,0.012852,motorcycle
img_031645.jpg,kyr9d53,kv93588,False,5,0.2857,0.030094,motorcycle
img_031646.jpg,msb5i34,k88388,False,7,0.0000,0.071026,motorcycle
img_031648.jpg,qrk2j55,drk258,False,3,0.5714,0.475823,motorcycle
img_031649.jpg,qre4i82,qbe1828,False,4,0.4286,0.214650,motorcycle
img_031650.jpg,qrf4b12,dre4812,False,3,0.5714,0.061029,motorcycle
img_031655.jpg,mqm8d57,sqm8057,False,2,0.7143,0.206987,motorcycle
img_031659.jpg,ppe6h42,ppe338,False,4,0.4286,0.277678,motorcycle
img_031660.jpg,ppl2i00,ppu2000,False,2,0.7143,0.322861,motorcycle
img_031662.jpg,ppm5a98,ppp5488,False,3,0.5714,0.261283,motorcycle
img_031663.jpg,msu6e57,fsu6778,False,4,0.4286,0.566015,motorcycle
img_031666.jpg,mpp2g74,ipp2672,False,3,0.5714,0.269527,motorcycle
img_031669.jpg,qrk8c68,brn6888,False,5,0.2857,0.086140,motorcycle
img_031670.jpg,odh9h88,owp888,False,4,0.4286,0.075803,motorcycle
img_031672.jpg,kyr9d53,arb258,False,5,0.2857,0.076714,motorcycle
img_031674.jpg,ppm5a98,epp5888,False,4,0.4286,0.102918,motorcycle
img_031675.jpg,ppn7d89,ppa8892,False,4,0.4286,0.161821,motorcycle
img_031676.jpg,msn1c75,ita3384,False,7,0.0000,0.102290,motorcycle
img_031677.jpg,ppy6c26,ppy6268,False,2,0.7143,0.755201,motorcycle
img_031680.jpg,msv7b98,bsw8928,False,5,0.2857,0.196133,motorcycle
img_031681.jpg,odl8j75,pbu7384,False,7,0.0000,0.048860,motorcycle
img_031683.jpg,lry7g97,iry4378,False,5,0.2857,0.095284,motorcycle
img_031686.jpg,mtw4i60,wy42604,False,5,0.2857,0.008810,motorcycle
img_031688.jpg,mqf6i83,blif288,False,6,0.1429,0.031774,motorcycle
img_031689.jpg,qrk8c68,drn6688,False,5,0.2857,0.234047,motorcycle
img_031690.jpg,ppn1a71,ppw384,False,5,0.2857,0.219770,motorcycle
img_031691.jpg,oda9j27,qaa9378,False,5,0.2857,0.292015,motorcycle
img_031694.jpg,qrd0c17,qrd4637,False,3,0.5714,0.090758,motorcycle
img_031698.jpg,qrf4b12,qre4818,False,3,0.5714,0.032104,motorcycle
img_031699.jpg,qrj6j27,pr84388,False,6,0.1429,0.029260,motorcycle
img_031702.jpg,ode8b11,8q46811,False,5,0.2857,0.058197,motorcycle
img_031705.jpg,gyp5f52,gyp738,False,4,0.4286,0.269453,motorcycle
img_031706.jpg,ows6g04,defs638,False,6,0.1429,0.057631,motorcycle
img_031711.jpg,qre7b39,dre7898,False,4,0.4286,0.291793,motorcycle
img_031712.jpg,pps2e38,pe2238,False,3,0.5714,0.069842,motorcycle
img_031714.jpg,qrj5c38,swe3888,False,6,0.1429,0.041015,motorcycle
img_031716.jpg,ppn1a71,pps3884,False,5,0.2857,0.050849,motorcycle
img_031717.jpg,kyr9d53,kvr9538,False,3,0.5714,0.029384,motorcycle
img_031724.jpg,ppn7d89,ppn2898,False,3,0.5714,0.244523,motorcycle
img_031728.jpg,ppo2j11,ppo2388,False,3,0.5714,0.531911,motorcycle
img_031729.jpg,mqr4j53,bjr7338,False,6,0.1429,0.088586,motorcycle
img_031731.jpg,pjx3f88,ppi3888,False,3,0.5714,0.152831,motorcycle
img_031738.jpg,qrl3g77,brc8677,False,4,0.4286,0.125735,motorcycle
img_031740.jpg,mrx1b30,wry1830,False,3,0.5714,0.172049,motorcycle
img_031741.jpg,knw2h83,bw2384,False,4,0.4286,0.256657,motorcycle
img_031745.jpg,qrg7f50,qrg1550,False,2,0.7143,0.215014,motorcycle
img_031747.jpg,kyn5j13,awa333,False,6,0.1429,0.123255,motorcycle
img_031749.jpg,qrj5c38,prj5688,False,3,0.5714,0.250278,motorcycle
img_031752.jpg,oda5c01,st44708,False,6,0.1429,0.070418,motorcycle
img_031760.jpg,ppt2j19,ppt2119,False,1,0.8571,0.226673,motorcycle
img_031761.jpg,qrh3d03,drp3038,False,4,0.4286,0.172870,motorcycle
img_031766.jpg,ppm5a98,ppp5488,False,3,0.5714,0.156615,motorcycle
img_031768.jpg,qrk1a20,qr41228,False,3,0.5714,0.031552,motorcycle
img_031769.jpg,lry7g97,try251,False,5,0.2857,0.315961,motorcycle
img_031770.jpg,oyk0j72,dvg338,False,7,0.0000,0.105381,motorcycle
img_031774.jpg,odn3f45,dpp3388,False,6,0.1429,0.050131,motorcycle
img_031776.jpg,qri2d95,drl2999,False,4,0.4286,0.263588,motorcycle
img_031780.jpg,ppu6c58,ppu8588,False,3,0.5714,0.023811,motorcycle
img_031782.jpg,msr9b97,bb2338,False,7,0.0000,0.424324,motorcycle
img_031783.jpg,qrh8b53,dpp858,False,5,0.2857,0.093925,motorcycle
img_031785.jpg,ppj7f37,pry2318,False,6,0.1429,0.032868,motorcycle
img_031786.jpg,qri7i48,qrd7188,False,3,0.5714,0.054335,motorcycle
img_031791.jpg,kyr9d53,kv8358,False,5,0.2857,0.038645,motorcycle
img_031793.jpg,mrz1h74,frz2384,False,4,0.4286,0.046557,motorcycle
img_031794.jpg,qrm0i27,orm1772,False,5,0.2857,0.246151,motorcycle
img_031795.jpg,oye9b10,dv42384,False,7,0.0000,0.285917,motorcycle
img_031796.jpg,qrk3g62,dw8628,False,6,0.1429,0.109765,motorcycle
img_031801.jpg,ovl3i74,dw4328,False,6,0.1429,0.006349,motorcycle
img_031804.jpg,ocv8d29,8ccv293,False,5,0.2857,0.271730,motorcycle
img_031805.jpg,kyr9d53,avb7588,False,7,0.0000,0.078288,motorcycle
img_031807.jpg,qrf4b12,dbe4818,False,5,0.2857,0.105559,motorcycle
img_031811.jpg,odl5h42,sp4788,False,7,0.0000,0.105915,motorcycle
img_031813.jpg,qrh0g84,qri684,False,3,0.5714,0.111399,motorcycle
img_031814.jpg,ppu6c58,ppu1588,False,3,0.5714,0.224207,motorcycle
img_031817.jpg,mss0h30,wss380,False,4,0.4286,0.153657,motorcycle
img_031818.jpg,odl5h44,dp25188,False,6,0.1429,0.027061,motorcycle
img_031821.jpg,pjx3f88,pju3688,False,2,0.7143,0.284470,motorcycle
img_031823.jpg,qnk8h24,blx2238,False,7,0.0000,0.104417,motorcycle
img_031824.jpg,kyr9d53,ki99058,False,4,0.4286,0.083342,motorcycle
img_031826.jpg,odl8j75,dbp2382,False,7,0.0000,0.016626,motorcycle
img_031832.jpg,qrl3g77,drl268,False,5,0.2857,0.069912,motorcycle
img_031834.jpg,lry7g97,irv1697,False,4,0.4286,0.098124,motorcycle
img_031835.jpg,ppf2h27,ppe2487,False,3,0.5714,0.273089,motorcycle
img_031836.jpg,ppf2h27,pw22278,False,4,0.4286,0.123671,motorcycle
img_031837.jpg,gyp5f52,gyp2388,False,4,0.4286,0.503225,motorcycle
img_031838.jpg,ppj5i28,ppp1188,False,4,0.4286,0.075793,motorcycle
img_031839.jpg,ocv8d29,occ0298,False,4,0.4286,0.054028,motorcycle
img_031841.jpg,qre3f28,dbe2288,False,5,0.2857,0.071007,motorcycle
img_031848.jpg,ppb9c89,ppb4889,False,2,0.7143,0.387676,motorcycle
img_031851.jpg,oyk0j72,ovg3788,False,6,0.1429,0.217008,motorcycle
img_031855.jpg,lry7g97,iry4378,False,5,0.2857,0.304967,motorcycle
img_031859.jpg,msr8d29,bbr3884,False,6,0.1429,0.197411,motorcycle
img_031868.jpg,mrt1c57,gri1578,False,4,0.4286,0.182836,motorcycle
img_031870.jpg,kyr9d53,kv9358,False,4,0.4286,0.074777,motorcycle
img_031873.jpg,qrk3g62,drr3688,False,5,0.2857,0.066884,motorcycle
img_031877.jpg,kyn5j13,a44238,False,7,0.0000,0.445372,motorcycle
img_031879.jpg,qrl4i86,dr2186,False,4,0.4286,0.181983,motorcycle
img_031880.jpg,pps5j06,pps5068,False,2,0.7143,0.273595,motorcycle
img_031884.jpg,pph5b07,ppp2878,False,5,0.2857,0.142526,motorcycle
img_031885.jpg,msy1h23,ws2384,False,6,0.1429,0.177683,motorcycle
img_031886.jpg,hgy0f48,gcv4888,False,6,0.1429,0.031338,motorcycle
img_031887.jpg,ppn1b25,ppn1828,False,2,0.7143,0.675478,motorcycle
img_031888.jpg,ppc6h94,ppp238,False,5,0.2857,0.162973,motorcycle
img_031889.jpg,ppc6h94,ppp4488,False,5,0.2857,0.111946,motorcycle
img_031891.jpg,ppr5j25,pre238,False,5,0.2857,0.233316,motorcycle
img_031899.jpg,ppr0d29,ppr0299,False,2,0.7143,0.445593,motorcycle
img_031903.jpg,ecf8f62,itf6768,False,5,0.2857,0.023335,motorcycle
img_031904.jpg,kyr9d53,kyr9953,False,1,0.8571,0.432290,motorcycle
img_031905.jpg,ppj5i28,fr25884,False,6,0.1429,0.021648,motorcycle
img_031911.jpg,odl8j75,jb2784,False,7,0.0000,0.055799,motorcycle
img_031913.jpg,qrj8d77,brj8377,False,2,0.7143,0.102266,motorcycle
img_031914.jpg,ppm5a98,fpp5488,False,4,0.4286,0.141156,motorcycle
img_031915.jpg,msb5i87,fs82384,False,5,0.2857,0.099790,motorcycle
img_031917.jpg,odg8e93,ddg5938,False,4,0.4286,0.138536,motorcycle
img_031921.jpg,ppg8b33,bted288,False,7,0.0000,0.008531,motorcycle
img_031922.jpg,oyd7h98,dv27988,False,5,0.2857,0.047027,motorcycle
img_031924.jpg,ppg6h84,fpg3488,False,4,0.4286,0.042003,motorcycle
img_031926.jpg,okv9e79,dk91798,False,4,0.4286,0.013692,motorcycle
img_031927.jpg,mrm7c18,pr91384,False,6,0.1429,0.025918,motorcycle
img_031928.jpg,mte9i16,bili118,False,6,0.1429,0.069225,motorcycle
img_031930.jpg,ppn9j76,ppn3768,False,3,0.5714,0.055030,motorcycle
img_031934.jpg,qrh3d03,dr33088,False,5,0.2857,0.117592,motorcycle
img_031935.jpg,ppc3d50,ppc3080,False,2,0.7143,0.252117,motorcycle
img_031937.jpg,qhz2h65,8w22558,False,6,0.1429,0.203332,motorcycle
img_031938.jpg,ppe3h79,ppe3888,False,3,0.5714,0.151506,motorcycle
img_031939.jpg,ppr0d29,ppr0288,False,3,0.5714,0.124979,motorcycle
img_031940.jpg,msx3d02,isp3028,False,4,0.4286,0.025562,motorcycle
img_031945.jpg,ppp2d40,ppp2000,False,2,0.7143,0.335505,motorcycle
img_031948.jpg,kyr9d53,kw89584,False,5,0.2857,0.036244,motorcycle
img_031949.jpg,msu6e57,fsu6572,False,3,0.5714,0.272348,motorcycle
img_031950.jpg,ppy6c26,ppy6868,False,3,0.5714,0.208036,motorcycle
img_031951.jpg,pjz8d82,pl8822,False,4,0.4286,0.095195,motorcycle
img_031959.jpg,qrg9h72,qk92384,False,6,0.1429,0.064825,motorcycle
img_031960.jpg,qrh0h10,qr44100,False,4,0.4286,0.028488,motorcycle
img_031961.jpg,oyi2i87,wa21878,False,5,0.2857,0.092066,motorcycle
img_031962.jpg,ppw7j99,pp23998,False,4,0.4286,0.204135,motorcycle
img_031963.jpg,msy1h23,ijv1238,False,5,0.2857,0.004362,motorcycle
img_031964.jpg,qrh2c14,qr22144,False,3,0.5714,0.374133,motorcycle
img_031969.jpg,qri2d95,qrl2099,False,3,0.5714,0.226487,motorcycle
img_031970.jpg,ppy6c26,ppy6268,False,2,0.7143,0.320234,motorcycle
img_031975.jpg,ppp4d76,ppp7988,False,4,0.4286,0.118953,motorcycle
img_031976.jpg,msr9b97,msp377,False,4,0.4286,0.491841,motorcycle
img_031977.jpg,qrf9b57,drf8588,False,5,0.2857,0.059328,motorcycle
img_031979.jpg,lry7g97,irvy197,False,4,0.4286,0.164877,motorcycle
img_031981.jpg,msg0b91,bsg8988,False,5,0.2857,0.085141,motorcycle
img_031982.jpg,msv3h69,isp2388,False,6,0.1429,0.155288,motorcycle
img_031983.jpg,msu6e57,msu377,False,3,0.5714,0.268324,motorcycle
img_031984.jpg,ppp5e34,ppp5848,False,3,0.5714,0.393360,motorcycle
img_031985.jpg,ppr0d29,ppr9388,False,4,0.4286,0.135592,motorcycle
img_031987.jpg,mrx7j70,prx7370,False,2,0.7143,0.139825,motorcycle
img_031990.jpg,odl8j75,ljp7238,False,7,0.0000,0.049144,motorcycle
img_031991.jpg,ppl2i00,ppu7088,False,5,0.2857,0.106660,motorcycle
img_031992.jpg,ovh3a27,dv23478,False,5,0.2857,0.075621,motorcycle
img_031996.jpg,ppp5e34,ppp5694,False,2,0.7143,0.237505,motorcycle
img_031998.jpg,ocv8d29,8cu2938,False,6,0.1429,0.135717,motorcycle
img_032005.jpg,qrd0c17,qud3388,False,5,0.2857,0.020647,motorcycle
img_032010.jpg,odl5h42,dp57228,False,5,0.2857,0.196082,motorcycle
img_032011.jpg,mta0b22,fja7288,False,6,0.1429,0.148746,motorcycle
img_032012.jpg,oda9j22,qja2388,False,6,0.1429,0.130935,motorcycle
img_032013.jpg,oyk0j72,dv2338,False,7,0.0000,0.127665,motorcycle
img_032015.jpg,qrh3d03,dpr3688,False,6,0.1429,0.034686,motorcycle
img_032016.jpg,mtw4i60,wn41604,False,5,0.2857,0.039286,motorcycle
img_032018.jpg,ppo2j11,ppo2388,False,3,0.5714,0.307181,motorcycle
img_032019.jpg,qrk8h41,bw2238,False,7,0.0000,0.039977,motorcycle
img_032023.jpg,oyi8e42,qv41438,False,7,0.0000,0.033485,motorcycle
img_032025.jpg,oyk0j72,ov23384,False,6,0.1429,0.072397,motorcycle
img_032030.jpg,ppz1d87,ppp1878,False,3,0.5714,0.132677,motorcycle
img_032035.jpg,odf9g70,qd69608,False,5,0.2857,0.181165,motorcycle
img_032040.jpg,qrj7i24,qr22484,False,4,0.4286,0.111014,motorcycle
img_032043.jpg,ppl2i00,ppu2008,False,3,0.5714,0.338392,motorcycle
img_032045.jpg,oyk0j72,dv23384,False,7,0.0000,0.024401,motorcycle
img_032046.jpg,lry7g97,iry4318,False,5,0.2857,0.038038,motorcycle
img_032050.jpg,ppm6b38,pps8388,False,4,0.4286,0.141963,motorcycle
img_032052.jpg,ppt9b63,ppu8658,False,5,0.2857,0.151312,motorcycle
img_032053.jpg,ocv8d29,occ0299,False,4,0.4286,0.035751,motorcycle
img_032055.jpg,odn2j97,qpn2588,False,5,0.2857,0.055017,motorcycle
img_032057.jpg,qrk8h41,brk8481,False,3,0.5714,0.585653,motorcycle
img_032059.jpg,ppt2i88,ppt2188,False,1,0.8571,0.891173,motorcycle
img_032061.jpg,qre0g07,qre6608,False,3,0.5714,0.483485,motorcycle
img_032063.jpg,pps0e98,pps7889,False,4,0.4286,0.212430,motorcycle
img_032065.jpg,mtu4j76,mt4368,False,4,0.4286,0.132883,motorcycle
img_032069.jpg,oyk0j72,ovg338,False,6,0.1429,0.284561,motorcycle
img_032073.jpg,ppp0c22,ppp7888,False,4,0.4286,0.468472,motorcycle
img_032075.jpg,oku4e38,ok48388,False,3,0.5714,0.041289,motorcycle
img_032082.jpg,msx3d02,bs20228,False,6,0.1429,0.063079,motorcycle
img_032089.jpg,qrk7i91,qrx7191,False,2,0.7143,0.119536,motorcycle
img_032091.jpg,lry7g97,iry267,False,4,0.4286,0.487582,motorcycle
img_032092.jpg,pps2f00,ppp2600,False,2,0.7143,0.373221,motorcycle
img_032095.jpg,kpw5j42,kpu388,False,5,0.2857,0.273869,motorcycle
img_032096.jpg,qrf4b12,qre8818,False,4,0.4286,0.107536,motorcycle
img_032097.jpg,ppu6c58,ppu1588,False,3,0.5714,0.155463,motorcycle
img_032098.jpg,odk9c02,qpa3888,False,7,0.0000,0.027640,motorcycle
img_032099.jpg,msr9b97,bsp3877,False,5,0.2857,0.323296,motorcycle
img_032100.jpg,qrg3c18,dw81888,False,6,0.1429,0.030002,motorcycle
img_032105.jpg,mtx4g86,itu2688,False,5,0.2857,0.159615,motorcycle
img_032107.jpg,ode8b11,8846118,False,6,0.1429,0.127463,motorcycle
img_032108.jpg,qrm2d38,dr22088,False,4,0.4286,0.158339,motorcycle
img_032116.jpg,qrl3f45,dr2738,False,6,0.1429,0.134803,motorcycle
img_032118.jpg,ovh6b79,ovg879,False,3,0.5714,0.486220,motorcycle
img_032120.jpg,oyi8e42,qv41488,False,7,0.0000,0.011228,motorcycle
img_032121.jpg,oyk0j72,dv23384,False,7,0.0000,0.049043,motorcycle
img_032122.jpg,lry7g97,try1578,False,5,0.2857,0.144942,motorcycle
img_032124.jpg,pjs0h50,pws1508,False,4,0.4286,0.154525,motorcycle
img_032126.jpg,mst5a03,wst368,False,5,0.2857,0.016763,motorcycle
img_032127.jpg,ppr0d29,ppr9288,False,4,0.4286,0.330608,motorcycle
img_032128.jpg,krm7e95,arm7595,False,2,0.7143,0.240770,motorcycle
img_032132.jpg,qrk8h41,brk8481,False,3,0.5714,0.156674,motorcycle
img_032135.jpg,odk9c02,qpk238,False,6,0.1429,0.045031,motorcycle
img_032136.jpg,mst5a03,esp3338,False,6,0.1429,0.046620,motorcycle
img_032139.jpg,mtw4i60,wi41604,False,5,0.2857,0.157028,motorcycle
img_032141.jpg,qrk8c68,br86682,False,4,0.4286,0.075956,motorcycle
img_032142.jpg,qrj3d82,brj8884,False,4,0.4286,0.142681,motorcycle
img_032145.jpg,ovh6b79,dv8879,False,4,0.4286,0.222349,motorcycle
img_032146.jpg,msu6e57,rju6578,False,4,0.4286,0.044581,motorcycle
img_032147.jpg,ppo3j63,ppp9388,False,5,0.2857,0.714537,motorcycle
img_032148.jpg,odk9c02,qpk268,False,6,0.1429,0.054737,motorcycle
img_032153.jpg,oyi8e42,dv21488,False,7,0.0000,0.021039,motorcycle
img_032155.jpg,ovh6b79,ov2838,False,5,0.2857,0.103431,motorcycle
img_032157.jpg,qri6h84,brl2384,False,4,0.4286,0.149267,motorcycle
img_032160.jpg,qrk5e44,dbm5484,False,5,0.2857,0.051679,motorcycle
img_032166.jpg,odk9c02,ops5388,False,6,0.1429,0.001922,motorcycle
img_032169.jpg,ode8b11,dd68111,False,3,0.5714,0.294348,motorcycle
img_032171.jpg,qrg2c72,drg2138,False,4,0.4286,0.194724,motorcycle
img_032172.jpg,msu6e57,iju6877,False,4,0.4286,0.075681,motorcycle
img_032173.jpg,oyg7f39,dvg1393,False,5,0.2857,0.022043,motorcycle
img_032175.jpg,odk9c02,qpk368,False,6,0.1429,0.059794,motorcycle
img_032176.jpg,ppm5a98,ppp5988,False,3,0.5714,0.117205,motorcycle
img_032178.jpg,mtw4i60,mt41604,False,3,0.5714,0.064540,motorcycle
img_032180.jpg,ode8b11,bq46388,False,7,0.0000,0.012841,motorcycle
img_032182.jpg,ovh6b79,ovy879,False,3,0.5714,0.025395,motorcycle
img_032185.jpg,krm7e95,ari1455,False,5,0.2857,0.065857,motorcycle
img_032187.jpg,mta0b22,paa2388,False,6,0.1429,0.393153,motorcycle
img_032190.jpg,qrb3a73,dk9338,False,6,0.1429,0.016558,motorcycle
img_032192.jpg,ode8b11,dde8818,False,3,0.5714,0.264457,motorcycle
img_032194.jpg,qrh8b53,dra8688,False,5,0.2857,0.101457,motorcycle
img_032195.jpg,ntu3d84,ne33048,False,5,0.2857,0.044967,motorcycle
img_032196.jpg,ovi7b50,dva3308,False,6,0.1429,0.079151,motorcycle
img_032197.jpg,ppu5f46,ppu5688,False,3,0.5714,0.271462,motorcycle
img_032200.jpg,ppy6c26,ppy6266,False,2,0.7143,0.596387,motorcycle
img_032201.jpg,ovh6b79,ovg879,False,3,0.5714,0.492503,motorcycle
img_032203.jpg,hlz9e18,bl24181,False,5,0.2857,0.027203,motorcycle
img_032204.jpg,krm7e95,api7938,False,6,0.1429,0.075612,motorcycle
img_032210.jpg,ppu5f46,pputz88,False,4,0.4286,0.124089,motorcycle
img_032213.jpg,qhz2h65,dw22667,False,5,0.2857,0.131572,motorcycle
img_032215.jpg,oyk0j72,ovg3788,False,6,0.1429,0.048754,motorcycle
img_032216.jpg,qrm8c16,bwr8166,False,5,0.2857,0.076353,motorcycle
img_032217.jpg,qrm8c16,drr8166,False,4,0.4286,0.255931,motorcycle
img_032219.jpg,ntu3d84,bl3384,False,4,0.4286,0.309470,motorcycle
img_032221.jpg,qrm0i27,qri4388,False,5,0.2857,0.054241,motorcycle
img_032224.jpg,oyg7f39,dw23998,False,7,0.0000,0.022654,motorcycle
img_032226.jpg,ppp5e34,ppp5894,False,2,0.7143,0.378832,motorcycle
img_032227.jpg,pps5j06,ppp5068,False,3,0.5714,0.527445,motorcycle
img_032228.jpg,mpp2g74,ipp4388,False,5,0.2857,0.160081,motorcycle
img_032230.jpg,mtx4g86,itw2666,False,5,0.2857,0.030063,motorcycle
img_032234.jpg,qrk8h41,brab388,False,6,0.1429,0.151022,motorcycle
img_032235.jpg,qrg7c99,qte4793,False,5,0.2857,0.002838,motorcycle
img_032243.jpg,qrj8h66,8w8366,False,4,0.4286,0.267366,motorcycle
img_032244.jpg,ppu6c58,ppu6882,False,3,0.5714,0.279300,motorcycle
img_032246.jpg,mps6c41,pps6641,False,2,0.7143,0.176558,motorcycle
img_032247.jpg,odk9c02,qpk2884,False,6,0.1429,0.064287,motorcycle
img_032249.jpg,ppc3d50,ppe5508,False,4,0.4286,0.140754,motorcycle
img_032256.jpg,qrf4b12,dre8818,False,5,0.2857,0.318192,motorcycle
img_032257.jpg,oyk0j72,dv93384,False,7,0.0000,0.207909,motorcycle
img_032259.jpg,qre7b39,dre7859,False,3,0.5714,0.189547,motorcycle
img_032263.jpg,ppu5f46,ppu3868,False,4,0.4286,0.227202,motorcycle
img_032264.jpg,oyk0j72,dv2338,False,7,0.0000,0.183729,motorcycle
img_032265.jpg,qrj7j46,dj2198,False,6,0.1429,0.028048,motorcycle
img_032269.jpg,ppk5d62,spr3688,False,6,0.1429,0.400968,motorcycle
img_032274.jpg,odj6h20,db7380,False,5,0.2857,0.042035,motorcycle
img_032276.jpg,ppt2j19,ppt2198,False,2,0.7143,0.549843,motorcycle
img_032277.jpg,qri7g82,qbp7682,False,3,0.5714,0.199415,motorcycle
img_032280.jpg,ppn7d89,ppn7899,False,2,0.7143,0.276837,motorcycle
img_032282.jpg,qrm3b94,dri4818,False,6,0.1429,0.068439,motorcycle
img_032286.jpg,pkc2h29,puc2329,False,2,0.7143,0.044105,motorcycle
img_032290.jpg,krm7e95,api3558,False,7,0.0000,0.068640,motorcycle
img_032294.jpg,qrg2j03,drg2038,False,3,0.5714,0.209860,motorcycle
img_032296.jpg,qrf4b12,dre4818,False,4,0.4286,0.544664,motorcycle
img_032300.jpg,oyd5h74,dv25488,False,6,0.1429,0.085905,motorcycle
img_032303.jpg,qrf0g88,dw8688,False,5,0.2857,0.093968,motorcycle
img_032304.jpg,ovh6b79,ovg879,False,3,0.5714,0.438480,motorcycle
img_032305.jpg,msr9b97,msp2878,False,5,0.2857,0.212975,motorcycle
img_032306.jpg,oyk0j72,dv43388,False,7,0.0000,0.047996,motorcycle
img_032309.jpg,lry7g97,irv458,False,6,0.1429,0.160554,motorcycle
img_032310.jpg,qri6i06,qri6368,False,3,0.5714,0.129330,motorcycle
img_032311.jpg,qrf9c93,qke7328,False,6,0.1429,0.099795,motorcycle
img_032317.jpg,ppj7f37,ppj3374,False,3,0.5714,0.032666,motorcycle
img_032318.jpg,qrd0c17,qrd4388,False,4,0.4286,0.024367,motorcycle
img_032320.jpg,krm7e95,api2558,False,7,0.0000,0.061890,motorcycle
img_032321.jpg,msl7j36,bs22384,False,6,0.1429,0.027242,motorcycle
img_032322.jpg,hfv6g69,kf72384,False,6,0.1429,0.100667,motorcycle
img_032327.jpg,qrk9i28,9b84288,False,6,0.1429,0.104959,motorcycle
img_032328.jpg,ove0j86,ove3868,False,3,0.5714,0.205929,motorcycle
img_032329.jpg,ppu6c58,ppp5688,False,4,0.4286,0.188565,motorcycle
img_032330.jpg,qrb3a73,dk9338,False,6,0.1429,0.056667,motorcycle
img_032334.jpg,qri6h84,br26384,False,3,0.5714,0.048090,motorcycle
img_032335.jpg,pph5b07,pph8678,False,4,0.4286,0.354056,motorcycle
img_032337.jpg,ode8b11,8q48118,False,5,0.2857,0.025465,motorcycle
img_032339.jpg,oyk0j72,ov9338,False,6,0.1429,0.110962,motorcycle
img_032340.jpg,qrh8b53,drn8858,False,4,0.4286,0.213116,motorcycle
img_032341.jpg,kyn5j13,kw2338,False,6,0.1429,0.217601,motorcycle
img_032347.jpg,mst5a03,ad2301,False,6,0.1429,0.011490,motorcycle
img_032348.jpg,krm7e95,arue538,False,6,0.1429,0.013520,motorcycle
img_032349.jpg,kyr9d53,ke5958,False,4,0.4286,0.040856,motorcycle
img_032350.jpg,ppl2b61,ppp2868,False,3,0.5714,0.277036,motorcycle
img_032354.jpg,pxz4g96,px4466,False,3,0.5714,0.131162,motorcycle
img_032357.jpg,ovi7b50,dw28508,False,6,0.1429,0.110197,motorcycle
img_032358.jpg,oyk0j72,dv42384,False,7,0.0000,0.144266,motorcycle
img_032359.jpg,ppg6h84,ppg4848,False,3,0.5714,0.111827,motorcycle
img_032364.jpg,krm7e95,apu2558,False,7,0.0000,0.044380,motorcycle
img_032366.jpg,qrk8h41,drk8489,False,4,0.4286,0.254849,motorcycle
img_032368.jpg,odk9c02,qpk9688,False,5,0.2857,0.141767,motorcycle
img_032371.jpg,lry7g97,try297,False,3,0.5714,0.176133,motorcycle
img_032372.jpg,oyk0j72,dv4338,False,7,0.0000,0.187103,motorcycle
img_032373.jpg,qri6h84,wr2288,False,5,0.2857,0.010566,motorcycle
img_032374.jpg,oyk0j72,dv4338,False,7,0.0000,0.191627,motorcycle
img_032380.jpg,mtx4g86,tt4686,False,3,0.5714,0.401596,motorcycle
img_032386.jpg,grm5a80,irp388,False,5,0.2857,0.110678,motorcycle
img_032387.jpg,mrx6d91,irq3884,False,6,0.1429,0.039156,motorcycle
img_032388.jpg,ppg3g33,pps4388,False,5,0.2857,0.058225,motorcycle
img_032389.jpg,ppt2j19,ppt2199,False,2,0.7143,0.183182,motorcycle
img_032395.jpg,mtv0h12,bla2288,False,7,0.0000,0.030426,motorcycle
img_032396.jpg,oyk0j72,ovg338,False,6,0.1429,0.089556,motorcycle
img_032400.jpg,ovi1e95,qti2238,False,6,0.1429,0.019891,motorcycle
img_032401.jpg,qrj8j70,qr7870,False,2,0.7143,0.077833,motorcycle
img_032402.jpg,qrm4j35,drm435,False,2,0.7143,0.120408,motorcycle
img_032403.jpg,ovl5g55,dv93584,False,6,0.1429,0.076734,motorcycle
img_032407.jpg,mpk7e29,abx1998,False,7,0.0000,0.036983,motorcycle
img_032411.jpg,ppc3d50,ppc3508,False,2,0.7143,0.271667,motorcycle
img_032412.jpg,mto7c11,thq1181,False,5,0.2857,0.012934,motorcycle
img_032413.jpg,ppo2j11,ppo2388,False,3,0.5714,0.645187,motorcycle
img_032419.jpg,oyi8g44,bvx1388,False,7,0.0000,0.047194,motorcycle
img_032420.jpg,qrm2d38,br22588,False,4,0.4286,0.226809,motorcycle
img_032421.jpg,oyg7f39,dyf7398,False,4,0.4286,0.147812,motorcycle
img_032423.jpg,qrk8c68,brk868,False,2,0.7143,0.363897,motorcycle
img_032426.jpg,qrd0c17,qro1388,False,5,0.2857,0.013659,motorcycle
img_032427.jpg,ove8b94,bvv888,False,5,0.2857,0.043658,motorcycle
img_032428.jpg,msl7j36,msp236,False,3,0.5714,0.052871,motorcycle
img_032430.jpg,ppl5f92,ppu3922,False,4,0.4286,0.134560,motorcycle
img_032431.jpg,qrf4b12,dre4818,False,4,0.4286,0.168547,motorcycle
img_032432.jpg,ppw7j79,ppu288,False,5,0.2857,0.227787,motorcycle
img_032436.jpg,odk9c02,qwa7538,False,7,0.0000,0.015357,motorcycle
img_032437.jpg,msr9b97,bsp9878,False,5,0.2857,0.323419,motorcycle
img_032439.jpg,qre5c34,dbe3858,False,6,0.1429,0.010382,motorcycle
img_032443.jpg,krm7e95,arp2558,False,6,0.1429,0.026023,motorcycle
img_032445.jpg,ppu5f46,ppu5688,False,3,0.5714,0.450037,motorcycle
img_032446.jpg,qri7f71,qr24388,False,5,0.2857,0.076794,motorcycle
img_032447.jpg,ppw7j79,ppw380,False,4,0.4286,0.105481,motorcycle
img_032448.jpg,ode8b11,dd48111,False,3,0.5714,0.380526,motorcycle
img_032449.jpg,qrg2c72,qrg2384,False,3,0.5714,0.092154,motorcycle
img_032451.jpg,odj3h43,bpj3438,False,4,0.4286,0.058608,motorcycle
img_032453.jpg,ppm5a98,fpp5488,False,4,0.4286,0.059636,motorcycle
img_032456.jpg,odg8b88,ob88884,False,4,0.4286,0.059813,motorcycle
img_032458.jpg,pph5b07,ppr8878,False,5,0.2857,0.056170,motorcycle
img_032460.jpg,ppt2j19,ppt2398,False,3,0.5714,0.193071,motorcycle
img_032462.jpg,ppn7d89,ppn7892,False,2,0.7143,0.279873,motorcycle
img_032465.jpg,odj3h43,we3343,False,4,0.4286,0.058681,motorcycle
img_032466.jpg,lmu3c65,jps6688,False,7,0.0000,0.012437,motorcycle
img_032470.jpg,ppt2j19,pj12219,False,3,0.5714,0.207965,motorcycle
img_032471.jpg,ppt2j19,pj72119,False,3,0.5714,0.156260,motorcycle
img_032473.jpg,ppm5a98,bdi998,False,5,0.2857,0.283987,motorcycle
img_032478.jpg,qrg5g11,qc95111,False,3,0.5714,0.065118,motorcycle
img_032480.jpg,ppj1f18,pp16182,False,3,0.5714,0.225786,motorcycle
img_032481.jpg,qnk8h24,onk2442,False,5,0.2857,0.070164,motorcycle
img_032485.jpg,krm7e95,krm9988,False,4,0.4286,0.067368,motorcycle
img_032486.jpg,oda5c01,opa0018,False,4,0.4286,0.061365,motorcycle
img_032487.jpg,qrj7j46,qr2146,False,3,0.5714,0.033250,motorcycle
img_032489.jpg,ppw7j99,ppw799,False,1,0.8571,0.380553,motorcycle
img_032490.jpg,oyd5h74,oyd7498,False,4,0.4286,0.085677,motorcycle
img_032497.jpg,qre4i82,qre1822,False,3,0.5714,0.898970,motorcycle
img_032498.jpg,lry7g97,arv9672,False,6,0.1429,0.127192,motorcycle
