img,label,pred,correct,edit_dist,norm_ed,confidence,vehicle_type
img_000002.jpg,ppc5431,ppc5431,True,0,1.0000,0.985285,car
img_000004.jpg,ovk7900,ovk900,False,1,0.8571,0.636069,car
img_000010.jpg,oye3384,oye3384,True,0,1.0000,0.986936,car
img_000020.jpg,lse1695,lse1695,True,0,1.0000,0.977192,car
img_000044.jpg,jsv4493,jsv4493,True,0,1.0000,0.986281,car
img_000050.jpg,ppk6012,ppk6012,True,0,1.0000,0.999278,car
img_000051.jpg,ppn1470,ppn1470,True,0,1.0000,0.908257,car
img_000071.jpg,ppz3525,ppz3525,True,0,1.0000,0.952770,car
img_000073.jpg,qrd8410,ord8410,False,1,0.8571,0.473026,car
img_000076.jpg,mrz7550,mrz7550,True,0,1.0000,0.887237,car
img_000078.jpg,eyo3502,evo3502,False,1,0.8571,0.469658,car
img_000084.jpg,msf1046,msf1046,True,0,1.0000,0.819719,car
img_000085.jpg,oyh9528,oyh9528,True,0,1.0000,0.727622,car
img_000092.jpg,ppu0879,ppu0879,True,0,1.0000,0.950156,car
img_000095.jpg,mrp2989,mrp2989,True,0,1.0000,0.913753,car
img_000105.jpg,ovf4168,ovfa168,False,1,0.8571,0.336120,car
img_000107.jpg,mtp5026,mtp5026,True,0,1.0000,0.999077,car
img_000111.jpg,mtj5833,mtj5833,True,0,1.0000,0.912377,car
img_000112.jpg,ppw4661,ppw4661,True,0,1.0000,0.999696,car
img_000113.jpg,gmf8421,gmf8421,True,0,1.0000,0.824203,car
img_000114.jpg,ppw1889,ppw1889,True,0,1.0000,0.990440,car
img_000116.jpg,ppp4907,ppp4907,True,0,1.0000,0.998781,car
img_000117.jpg,ods3662,ods3662,True,0,1.0000,0.987565,car
img_000121.jpg,odt9984,odt9984,True,0,1.0000,0.999070,car
img_000122.jpg,msa3310,msa3310,True,0,1.0000,0.981474,car
img_000128.jpg,odo9891,od09891,False,1,0.8571,0.511846,car
img_000130.jpg,msr1353,msr1353,True,0,1.0000,0.928425,car
img_000131.jpg,odg5904,odg5904,True,0,1.0000,0.998425,car
img_000133.jpg,mtz3256,miz3286,False,2,0.7143,0.355375,car
img_000134.jpg,mst8531,mst8531,True,0,1.0000,0.969558,car
img_000137.jpg,ppw4661,ppw4661,True,0,1.0000,0.999587,car
img_000141.jpg,ppx4854,ppx4854,True,0,1.0000,0.980633,car
img_000145.jpg,ovf6363,ov6363,False,1,0.8571,0.982935,car
img_000146.jpg,odr3127,odr3127,True,0,1.0000,0.913470,car
img_000149.jpg,kzg4329,ycg4329,False,2,0.7143,0.353831,car
img_000153.jpg,ppw4661,ppw4661,True,0,1.0000,0.999763,car
img_000156.jpg,odf5623,odf5623,True,0,1.0000,0.996515,car
img_000157.jpg,odt6208,odt6208,True,0,1.0000,0.998770,car
img_000158.jpg,ods2590,ods2590,True,0,1.0000,0.998495,car
img_000159.jpg,ods3662,ods3662,True,0,1.0000,0.994203,car
img_000161.jpg,odg3176,odg3176,True,0,1.0000,0.994928,car
img_000164.jpg,msb4766,msbw766,False,1,0.8571,0.886147,car
img_000167.jpg,odt6181,odt6181,True,0,1.0000,0.998504,car
img_000168.jpg,mry7465,mrv4665,False,3,0.5714,0.226018,car
img_000169.jpg,odr3127,odr3127,True,0,1.0000,0.867140,car
img_000170.jpg,ode6371,ode6371,True,0,1.0000,0.997139,car
img_000171.jpg,ppp7674,ppp7674,True,0,1.0000,0.999368,car
img_000173.jpg,mtc0626,mtc0626,True,0,1.0000,0.658748,car
img_000176.jpg,ppx0155,ppx0155,True,0,1.0000,0.966224,car
img_000178.jpg,qrd3012,ord3012,False,1,0.8571,0.607195,car
img_000179.jpg,ppv2861,ppv2861,True,0,1.0000,0.999553,car
img_000182.jpg,mts7362,mts7362,True,0,1.0000,0.847667,car
img_000184.jpg,ppw4661,ppw4661,True,0,1.0000,0.999810,car
img_000185.jpg,ods2590,ods2590,True,0,1.0000,0.998105,car
img_000186.jpg,mtj5833,mtj5833,True,0,1.0000,0.568334,car
img_000187.jpg,ppw0076,ppw0076,True,0,1.0000,0.963924,car
img_000188.jpg,odg4873,odg4873,True,0,1.0000,0.999566,car
img_000189.jpg,odg3176,odg3176,True,0,1.0000,0.540025,car
img_000190.jpg,fda4010,fda4010,True,0,1.0000,0.994346,car
img_000191.jpg,msb4766,msb4766,True,0,1.0000,0.915047,car
img_000192.jpg,odt6092,odt6092,True,0,1.0000,0.997200,car
img_000193.jpg,odr3127,oor3127,False,1,0.8571,0.505911,car
img_000195.jpg,mtx0171,mtx0171,True,0,1.0000,0.997436,car
img_000198.jpg,mtz3256,mtz3256,True,0,1.0000,0.495069,car
img_000199.jpg,qrc6770,orc6770,False,1,0.8571,0.905293,car
img_000201.jpg,odr3984,odr3984,True,0,1.0000,0.958801,car
img_000202.jpg,odt6140,odt6140,True,0,1.0000,0.989849,car
img_000210.jpg,ppw0076,ppw0076,True,0,1.0000,0.687653,car
img_000212.jpg,odg6312,odg6312,True,0,1.0000,0.980657,car
img_000214.jpg,msf9531,msf9531,True,0,1.0000,0.943819,car
img_000215.jpg,msk5187,msk5187,True,0,1.0000,0.998667,car
img_000219.jpg,odm9447,odm9447,True,0,1.0000,0.925063,car
img_000220.jpg,ppb0869,ppb0869,True,0,1.0000,0.924969,car
img_000222.jpg,ovf6363,ov6363,False,1,0.8571,0.976149,car
img_000225.jpg,ppw0076,ppw0076,True,0,1.0000,0.987984,car
img_000228.jpg,ovf6363,ov6363,False,1,0.8571,0.735721,car
img_000231.jpg,ppa7949,ppa7949,True,0,1.0000,0.988049,car
img_000233.jpg,msm2996,msm2996,True,0,1.0000,0.951605,car
img_000234.jpg,ppp7010,ppp7010,True,0,1.0000,0.999349,car
img_000235.jpg,ppx4854,ppx4854,True,0,1.0000,0.765156,car
img_000236.jpg,mqw8039,mow8039,False,1,0.8571,0.954793,car
img_000239.jpg,odo0659,odo0659,True,0,1.0000,0.845093,car
img_000240.jpg,odg6312,odg6312,True,0,1.0000,0.963700,car
img_000242.jpg,odr3127,odr3127,True,0,1.0000,0.774483,car
img_000245.jpg,ovf6363,ov6363,False,1,0.8571,0.965420,car
img_000246.jpg,ppp6749,ppp6749,True,0,1.0000,0.770242,car
img_000247.jpg,odr4149,odr4149,True,0,1.0000,0.861042,car
img_000248.jpg,ods6243,ods6243,True,0,1.0000,0.996051,car
img_000249.jpg,ppw4661,ppw4661,True,0,1.0000,0.999846,car
img_000250.jpg,odi1892,odi1189,False,2,0.7143,0.965196,car
img_000252.jpg,odg5904,odg5904,True,0,1.0000,0.997904,car
img_000255.jpg,mtn9522,mtn9522,True,0,1.0000,0.999238,car
img_000256.jpg,ppx4854,ppx4054,False,1,0.8571,0.540059,car
img_000257.jpg,ppc9486,ppc9486,True,0,1.0000,0.842884,car
img_000258.jpg,ovf6363,ov6363,False,1,0.8571,0.743685,car
img_000259.jpg,msf9531,msf9531,True,0,1.0000,0.913238,car
img_000261.jpg,odr4042,odr4042,True,0,1.0000,0.955192,car
img_000264.jpg,ppw0032,ppw0032,True,0,1.0000,0.985490,car
img_000265.jpg,ppp6110,ppp6110,True,0,1.0000,0.998859,car
img_000266.jpg,gmf8421,gmf0421,False,1,0.8571,0.971002,car
img_000268.jpg,ods6243,ods6243,True,0,1.0000,0.997936,car
img_000270.jpg,ppx9984,ppx9984,True,0,1.0000,0.806631,car
img_000271.jpg,qnr5824,onr5824,False,1,0.8571,0.717425,car
img_000274.jpg,ppp4907,ppp4907,True,0,1.0000,0.981353,car
img_000279.jpg,oko0458,oko0458,True,0,1.0000,0.989780,car
img_000280.jpg,mtp5026,mtp5026,True,0,1.0000,0.998338,car
img_000283.jpg,ppp7519,ppp7519,True,0,1.0000,0.999662,car
img_000286.jpg,ods6243,ods6243,True,0,1.0000,0.995046,car
img_000293.jpg,ppw4661,ppw4661,True,0,1.0000,0.999447,car
img_000294.jpg,mtj5833,mtj5833,True,0,1.0000,0.978182,car
img_000295.jpg,msd0247,msd0247,True,0,1.0000,0.899125,car
img_000296.jpg,msk5187,msk5187,True,0,1.0000,0.998143,car
img_000297.jpg,mtz3256,mtz3256,True,0,1.0000,0.903896,car
img_000298.jpg,ods6243,ods6243,True,0,1.0000,0.991482,car
img_000300.jpg,qrd5027,ord5027,False,1,0.8571,0.902541,car
img_000301.jpg,ppw4039,ppw4039,True,0,1.0000,0.962670,car
img_000302.jpg,ppp7010,ppp7010,True,0,1.0000,0.999226,car
img_000304.jpg,ppp3628,ppp3628,True,0,1.0000,0.999066,car
img_000305.jpg,qrb5219,arb5219,False,1,0.8571,0.684161,car
img_000306.jpg,ppw0076,ppw0076,True,0,1.0000,0.987703,car
img_000307.jpg,mka7333,mka7333,True,0,1.0000,0.999404,car
img_000309.jpg,qrc6790,qrc6790,True,0,1.0000,0.988534,car
img_000310.jpg,odt6251,odt6251,True,0,1.0000,0.998305,car
img_000311.jpg,ppx0155,ppx0155,True,0,1.0000,0.992812,car
img_000317.jpg,ppp6749,ppp6749,True,0,1.0000,0.988070,car
img_000320.jpg,odr3127,odr3127,True,0,1.0000,0.799680,car
img_000322.jpg,odt6173,odt6173,True,0,1.0000,0.963093,car
img_000323.jpg,odh1374,oom1374,False,2,0.7143,0.859178,car
img_000324.jpg,odg3176,obg3176,False,1,0.8571,0.825481,car
img_000325.jpg,mst4686,mst4686,True,0,1.0000,0.893771,car
img_000328.jpg,odg3967,odg3967,True,0,1.0000,0.909808,car
img_000330.jpg,mtz3549,mtz3549,True,0,1.0000,0.543453,car
img_000331.jpg,odt9984,odt9984,True,0,1.0000,0.986990,car
img_000334.jpg,ppe0807,ppe0807,True,0,1.0000,0.890744,car
img_000337.jpg,ppx0700,ppx0700,True,0,1.0000,0.919037,car
img_000339.jpg,odo9891,od09891,False,1,0.8571,0.644002,car
img_000340.jpg,mqk4229,mok4229,False,1,0.8571,0.679780,car
img_000341.jpg,ods4852,ods4052,False,1,0.8571,0.808383,car
img_000342.jpg,ppp3628,ppp3628,True,0,1.0000,0.998602,car
img_000345.jpg,ode6371,ode6371,True,0,1.0000,0.986946,car
img_000346.jpg,mts7362,mts7362,True,0,1.0000,0.850025,car
img_000347.jpg,odr3127,odr3127,True,0,1.0000,0.979827,car
img_000348.jpg,ppc5281,ppc5281,True,0,1.0000,0.998601,car
img_000354.jpg,fsh5743,fsh5743,True,0,1.0000,0.961398,car
img_000356.jpg,ppl5787,ppl5787,True,0,1.0000,0.998988,car
img_000357.jpg,qrc0461,orc0461,False,1,0.8571,0.530866,car
img_000358.jpg,odr1528,odr1528,True,0,1.0000,0.425560,car
img_000361.jpg,ppx9986,ppx9886,False,1,0.8571,0.892778,car
img_000362.jpg,ovf6363,ov6363,False,1,0.8571,0.940667,car
img_000364.jpg,msi3690,msi3690,True,0,1.0000,0.747479,car
img_000366.jpg,ods2624,ods2624,True,0,1.0000,0.503468,car
img_000367.jpg,odg3967,odg3967,True,0,1.0000,0.996511,car
img_000368.jpg,ppx4010,ppx4010,True,0,1.0000,0.952925,car
img_000369.jpg,odf5623,odf5623,True,0,1.0000,0.973882,car
img_000370.jpg,mtz3549,miz3549,False,1,0.8571,0.377359,car
img_000371.jpg,odi1892,odi1189,False,2,0.7143,0.983375,car
img_000374.jpg,odt6092,odt6092,True,0,1.0000,0.996087,car
img_000375.jpg,odt6064,odt6064,True,0,1.0000,0.993029,car
img_000378.jpg,mtz3256,mtz3256,True,0,1.0000,0.753071,car
img_000381.jpg,ppw4039,ppw4039,True,0,1.0000,0.896119,car
img_000384.jpg,odg6312,oog6312,False,1,0.8571,0.579286,car
img_000389.jpg,ppw4661,ppw4661,True,0,1.0000,0.999748,car
img_000391.jpg,msd0247,msd0247,True,0,1.0000,0.915239,car
img_000392.jpg,msa1557,msa1557,True,0,1.0000,0.993443,car
img_000393.jpg,odg3967,odg3967,True,0,1.0000,0.958607,car
img_000394.jpg,odg3176,odg3176,True,0,1.0000,0.995376,car
img_000395.jpg,odi1892,odi1189,False,2,0.7143,0.709862,car
img_000396.jpg,msb4766,msb4766,True,0,1.0000,0.884037,car
img_000397.jpg,ppx0700,ppx0700,True,0,1.0000,0.974898,car
img_000398.jpg,odt6462,odt6462,True,0,1.0000,0.998701,car
img_000400.jpg,nzf9172,nzf9172,True,0,1.0000,0.987591,car
img_000403.jpg,odo9891,od09891,False,1,0.8571,0.697399,car
img_000404.jpg,odt6251,odt6251,True,0,1.0000,0.998630,car
img_000405.jpg,odt6482,odt6482,True,0,1.0000,0.943572,car
img_000408.jpg,mts7362,mts7362,True,0,1.0000,0.950404,car
img_000410.jpg,odr3127,odr3127,True,0,1.0000,0.768300,car
img_000411.jpg,ppx4010,ppy4010,False,1,0.8571,0.884819,car
img_000414.jpg,odf4543,odf4543,True,0,1.0000,0.926072,car
img_000415.jpg,msk7666,msk7666,True,0,1.0000,0.999656,car
img_000419.jpg,ppp3410,ppp3410,True,0,1.0000,0.998298,car
img_000420.jpg,mpi7944,mpi7947,False,1,0.8571,0.257333,car
img_000422.jpg,ppw2922,ppw2922,True,0,1.0000,0.987917,car
img_000426.jpg,oyk4286,oyk4286,True,0,1.0000,0.996974,car
img_000430.jpg,odg3967,odg3967,True,0,1.0000,0.872872,car
img_000432.jpg,qrd5027,qrd5027,True,0,1.0000,0.379840,car
img_000433.jpg,odg3176,odg3176,True,0,1.0000,0.985774,car
img_000434.jpg,ppw4039,ppw4039,True,0,1.0000,0.998085,car
img_000436.jpg,odr3127,odr3127,True,0,1.0000,0.520845,car
img_000439.jpg,mts7362,mts7362,True,0,1.0000,0.644371,car
img_000441.jpg,ods4852,ods4052,False,1,0.8571,0.845517,car
img_000445.jpg,ppv2861,ppv2861,True,0,1.0000,0.939378,car
img_000456.jpg,odr4149,odr4149,True,0,1.0000,0.828542,car
img_000459.jpg,ppx4024,ppy4024,False,1,0.8571,0.750244,car
img_000460.jpg,ppw2480,ppw2480,True,0,1.0000,0.888671,car
img_000468.jpg,odq9369,00q9369,False,2,0.7143,0.491713,car
img_000469.jpg,odr3706,oor3706,False,1,0.8571,0.646981,car
img_000470.jpg,odg9132,oqg9132,False,1,0.8571,0.747339,car
img_000471.jpg,odf4543,oof4543,False,1,0.8571,0.510846,car
img_000472.jpg,ppp7505,ppp7505,True,0,1.0000,0.997861,car
img_000474.jpg,ppx0700,ppx0700,True,0,1.0000,0.986865,car
img_000475.jpg,msa1557,msa1557,True,0,1.0000,0.996774,car
img_000476.jpg,qrc6770,orc6770,False,1,0.8571,0.803065,car
img_000477.jpg,mtz9247,atz9247,False,1,0.8571,0.479419,car
img_000478.jpg,msa8486,msa8486,True,0,1.0000,0.847668,car
img_000484.jpg,ppx0155,ppx0155,True,0,1.0000,0.991329,car
img_000485.jpg,mtt0954,mtt0954,True,0,1.0000,0.776613,car
img_000486.jpg,msa7262,msa7262,True,0,1.0000,0.998159,car
img_000489.jpg,odr3127,odr3127,True,0,1.0000,0.919080,car
img_000490.jpg,mts7362,mts7362,True,0,1.0000,0.954108,car
img_000491.jpg,odr5917,odr5917,True,0,1.0000,0.978558,car
img_000495.jpg,msa1557,msa1557,True,0,1.0000,0.991080,car
img_000498.jpg,ovl4669,ovl4669,True,0,1.0000,0.978995,car
img_000501.jpg,mqv6554,mov6554,False,1,0.8571,0.653948,car
img_000502.jpg,qol8801,ool6801,False,2,0.7143,0.751304,car
img_000505.jpg,odg1753,odg1753,True,0,1.0000,0.962015,car
img_000507.jpg,ppx4854,ppy4854,False,1,0.8571,0.509008,car
img_000509.jpg,odi1892,odi1189,False,2,0.7143,0.977337,car
img_000512.jpg,odr3127,odr3127,True,0,1.0000,0.624179,car
img_000516.jpg,oda4892,oda4892,True,0,1.0000,0.982517,car
img_000517.jpg,mtz3549,mtz3549,True,0,1.0000,0.980273,car
img_000519.jpg,mtg5739,mtg5737,False,1,0.8571,0.315009,car
img_000520.jpg,odt6181,odt6181,True,0,1.0000,0.998288,car
img_000521.jpg,odo9891,od09891,False,1,0.8571,0.561228,car
img_000522.jpg,msd0247,msd0247,True,0,1.0000,0.977098,car
img_000523.jpg,msa1557,msa1557,True,0,1.0000,0.992096,car
img_000524.jpg,ppw0076,ppw0076,True,0,1.0000,0.972043,car
img_000525.jpg,ods2015,ods2015,True,0,1.0000,0.993062,car
img_000526.jpg,mrg6866,mrg6866,True,0,1.0000,0.997027,car
img_000527.jpg,odr3127,oor3127,False,1,0.8571,0.805238,car
img_000528.jpg,qrc6770,orc6770,False,1,0.8571,0.967435,car
img_000529.jpg,mql2952,mal2952,False,1,0.8571,0.926987,car
img_000530.jpg,mte5140,mte5140,True,0,1.0000,0.997734,car
img_000535.jpg,odi1892,odi1189,False,2,0.7143,0.892079,car
img_000536.jpg,odt6482,odt6482,True,0,1.0000,0.994676,car
img_000537.jpg,ppx4040,ppy4040,False,1,0.8571,0.961628,car
img_000542.jpg,odr3984,odr3984,True,0,1.0000,0.965992,car
img_000544.jpg,msn8551,msn8551,True,0,1.0000,0.640105,car
img_000545.jpg,ppw4039,ppw4039,True,0,1.0000,0.996315,car
img_000547.jpg,ovf6363,ov6363,False,1,0.8571,0.995316,car
img_000548.jpg,odg3176,odg3176,True,0,1.0000,0.914157,car
img_000549.jpg,ppp9250,ppp9250,True,0,1.0000,0.606579,car
img_000550.jpg,ods2861,ods2861,True,0,1.0000,0.988525,car
img_000552.jpg,mtg5739,mtg5732,False,1,0.8571,0.483851,car
img_000555.jpg,ppx0696,ppx0696,True,0,1.0000,0.987580,car
img_000557.jpg,ppg3724,ppg3724,True,0,1.0000,0.999716,car
img_000561.jpg,odr3127,odr3127,True,0,1.0000,0.691459,car
img_000562.jpg,mtz3549,mtz3549,True,0,1.0000,0.930870,car
img_000563.jpg,qrc6770,orc6770,False,1,0.8571,0.757476,car
img_000565.jpg,fda4010,fda4010,True,0,1.0000,0.989655,car
img_000568.jpg,qnr5824,onr5824,False,1,0.8571,0.569579,car
img_000571.jpg,qrb9955,orb9955,False,1,0.8571,0.923597,car
img_000572.jpg,odo0659,odo0659,True,0,1.0000,0.970128,car
img_000575.jpg,ppx4024,ppy4024,False,1,0.8571,0.750675,car
img_000576.jpg,mts7362,mts7362,True,0,1.0000,0.880320,car
img_000577.jpg,odr3127,odr3127,True,0,1.0000,0.929775,car
img_000579.jpg,mtt0954,mtt0954,True,0,1.0000,0.509850,car
img_000580.jpg,odo1303,od01303,False,1,0.8571,0.485780,car
img_000582.jpg,odg3967,odg3967,True,0,1.0000,0.993360,car
img_000583.jpg,odt6140,odt6140,True,0,1.0000,0.998961,car
img_000584.jpg,ovf6315,oy63115,False,3,0.5714,0.739987,car
img_000587.jpg,qqg7579,qog7579,False,1,0.8571,0.386038,car
img_000589.jpg,ppp6853,ppp6853,True,0,1.0000,0.996777,car
img_000591.jpg,dqf5959,dof5959,False,1,0.8571,0.921626,car
img_000592.jpg,odg1753,odg1753,True,0,1.0000,0.470155,car
img_000601.jpg,pph7923,pph7923,True,0,1.0000,0.989469,car
img_000607.jpg,odb9073,odb9073,True,0,1.0000,0.844475,car
img_000609.jpg,ods2861,ods2861,True,0,1.0000,0.992325,car
img_000615.jpg,odf1587,odf1587,True,0,1.0000,0.856387,car
img_000616.jpg,odp0519,oop0519,False,1,0.8571,0.895726,car
img_000617.jpg,ppw0076,ppw0076,True,0,1.0000,0.995879,car
img_000618.jpg,mtx0171,mtx0171,True,0,1.0000,0.988855,car
img_000619.jpg,odg3176,odg3176,True,0,1.0000,0.998333,car
img_000623.jpg,qrc6770,orc6770,False,1,0.8571,0.953130,car
img_000625.jpg,odr3706,oor3706,False,1,0.8571,0.977759,car
img_000627.jpg,ppw9332,ppw9332,True,0,1.0000,0.999417,car
img_000631.jpg,mtx0171,mtx0171,True,0,1.0000,0.997334,car
img_000632.jpg,odr3127,odr3127,True,0,1.0000,0.990329,car
img_000633.jpg,ppw4039,ppw4039,True,0,1.0000,0.998639,car
img_000636.jpg,msa1557,msa1557,True,0,1.0000,0.994706,car
img_000641.jpg,ocz6223,ocz6223,True,0,1.0000,0.993734,car
img_000646.jpg,ppx4854,ppx4854,True,0,1.0000,0.731856,car
img_000649.jpg,odr3127,odr3127,True,0,1.0000,0.971133,car
img_000650.jpg,odm6350,odm6350,True,0,1.0000,0.996645,car
img_000656.jpg,msd0247,msd0247,True,0,1.0000,0.961879,car
img_000657.jpg,msa1557,msa1557,True,0,1.0000,0.990094,car
img_000660.jpg,ppw1889,ppw1889,True,0,1.0000,0.991701,car
img_000661.jpg,mst8531,mst8531,True,0,1.0000,0.925915,car
img_000663.jpg,odi1892,odi1189,False,2,0.7143,0.807117,car
img_000664.jpg,msa7262,msa7262,True,0,1.0000,0.997507,car
img_000668.jpg,ocv7476,ocv7476,True,0,1.0000,0.997248,car
img_000669.jpg,ovk3888,ovk3888,True,0,1.0000,0.997186,car
img_000673.jpg,msf9531,msf9531,True,0,1.0000,0.934012,car
img_000678.jpg,qqr8453,qqr8453,True,0,1.0000,0.619389,car
img_000679.jpg,ppp9250,ppp3250,False,1,0.8571,0.928078,car
img_000680.jpg,ocv2491,olv2491,False,1,0.8571,0.520416,car
img_000682.jpg,mrq2842,mro2842,False,1,0.8571,0.560139,car
img_000684.jpg,euv4667,euv4667,True,0,1.0000,0.997726,car
img_000686.jpg,oye0941,oye0944,False,1,0.8571,0.579623,car
img_000689.jpg,qrc6770,orc6770,False,1,0.8571,0.848634,car
img_000692.jpg,odg3176,odg3176,True,0,1.0000,0.996805,car
img_000693.jpg,mtk8020,mtk8020,True,0,1.0000,0.982420,car
img_000696.jpg,nzt9498,nzt9498,True,0,1.0000,0.764855,car
img_000697.jpg,nzt9498,nz79498,False,1,0.8571,0.587660,car
img_000699.jpg,ppw4661,ppw4661,True,0,1.0000,0.566019,car
img_000700.jpg,odt6061,odt6061,True,0,1.0000,0.994014,car
img_000701.jpg,msa1557,msa1557,True,0,1.0000,0.994508,car
img_000702.jpg,odt6208,odt6208,True,0,1.0000,0.996134,car
img_000705.jpg,msa7262,msa7262,True,0,1.0000,0.991118,car
img_000706.jpg,ppw9332,ppw933,False,1,0.8571,0.882606,car
img_000707.jpg,odr3127,odr3127,True,0,1.0000,0.981955,car
img_000709.jpg,qrc9801,orc9801,False,1,0.8571,0.993226,car
img_000711.jpg,odr3127,odr3127,True,0,1.0000,0.984568,car
img_000712.jpg,msa1557,msa1557,True,0,1.0000,0.989989,car
img_000716.jpg,ppv7264,ppv764,False,1,0.8571,0.987382,car
img_000719.jpg,ppp7674,ppp7674,True,0,1.0000,0.995744,car
img_000722.jpg,odm8060,oom8060,False,1,0.8571,0.994491,car
img_000726.jpg,msm2979,msm2979,True,0,1.0000,0.999004,car
img_000727.jpg,ppp6853,ppp6853,True,0,1.0000,0.995143,car
img_000728.jpg,qjk6374,ojk6374,False,1,0.8571,0.960942,car
img_000729.jpg,msa1557,msa1557,True,0,1.0000,0.997517,car
img_000730.jpg,ods3662,ods3662,True,0,1.0000,0.994877,car
img_000731.jpg,odp0519,oop0519,False,1,0.8571,0.526066,car
img_000732.jpg,odg3176,odg3176,True,0,1.0000,0.974071,car
img_000733.jpg,ods2590,ods2590,True,0,1.0000,0.998475,car
img_000736.jpg,odr5274,odr5274,True,0,1.0000,0.830773,car
img_000746.jpg,msg7196,msg7196,True,0,1.0000,0.996728,car
img_000761.jpg,ods9896,ods9896,True,0,1.0000,0.981828,car
img_000771.jpg,mtb6923,mib6923,False,1,0.8571,0.801476,car
img_000776.jpg,mpj4391,mpj4391,True,0,1.0000,0.977754,car
img_000780.jpg,qny4536,ony4536,False,1,0.8571,0.999588,car
img_000786.jpg,ppq7354,ppo7354,False,1,0.8571,0.428045,car
img_000789.jpg,jqj0456,joj0456,False,1,0.8571,0.979040,car
img_000794.jpg,dam5437,dam5437,True,0,1.0000,0.358786,car
img_000795.jpg,msr4057,msr4057,True,0,1.0000,0.324717,car
img_000798.jpg,odf8178,ode8178,False,1,0.8571,0.926209,car
img_000810.jpg,mtw3110,mtw3110,True,0,1.0000,0.975982,car
img_000824.jpg,ovf0629,ovf0629,True,0,1.0000,0.562887,car
img_000825.jpg,aud9870,aun9870,False,1,0.8571,0.511160,car
img_000831.jpg,msy5362,msy5362,True,0,1.0000,0.994268,car
img_000832.jpg,mss6605,mss6605,True,0,1.0000,0.956161,car
img_000836.jpg,msa2212,msa2212,True,0,1.0000,0.995246,car
img_000840.jpg,oyk7891,oyk7891,True,0,1.0000,0.998317,car
img_000841.jpg,ppm2757,ppm2757,True,0,1.0000,0.999690,car
img_000844.jpg,flu3653,flu3653,True,0,1.0000,0.997694,car
img_000854.jpg,mts0837,mts0837,True,0,1.0000,0.962148,car
img_000857.jpg,mtq6935,mtq6935,True,0,1.0000,0.422215,car
img_000859.jpg,ove2395,ove3395,False,1,0.8571,0.613978,car
img_000863.jpg,msy0949,msy0949,True,0,1.0000,0.998348,car
img_000867.jpg,ppu0714,ppu0714,True,0,1.0000,0.848574,car
img_000872.jpg,ppv8752,ppv8752,True,0,1.0000,0.996311,car
img_000873.jpg,hmi7411,hm17411,False,1,0.8571,0.876244,car
img_000877.jpg,eeo7107,eeo7107,True,0,1.0000,0.776661,car
img_000880.jpg,mss2913,mss2913,True,0,1.0000,0.994736,car
img_000881.jpg,qrb2043,orb2043,False,1,0.8571,0.720095,car
img_000892.jpg,mqp6736,mqp6736,True,0,1.0000,0.629931,car
img_000893.jpg,odb9830,odb9830,True,0,1.0000,0.992015,car
img_000898.jpg,ppx0617,ppx0617,True,0,1.0000,0.979524,car
img_000911.jpg,ppz2798,ppz2798,True,0,1.0000,0.794356,car
img_000926.jpg,odn5493,oon5493,False,1,0.8571,0.992895,car
img_000935.jpg,ppo4393,ppo4393,True,0,1.0000,0.973512,car
img_000938.jpg,kpw4529,kpw4529,True,0,1.0000,0.999070,car
img_000939.jpg,hcq3053,mcd3053,False,2,0.7143,0.368064,car
img_000945.jpg,ppe5615,ppe5615,True,0,1.0000,0.999166,car
img_000953.jpg,pvd3867,pyd3867,False,1,0.8571,0.965480,car
img_000954.jpg,ppb0307,ppb0307,True,0,1.0000,0.989596,car
img_000967.jpg,mrd0953,mrd0953,True,0,1.0000,0.835610,car
img_000971.jpg,msj7415,msj7415,True,0,1.0000,0.870715,car
img_000974.jpg,euv4667,euv4667,True,0,1.0000,0.998365,car
img_000978.jpg,gzv6241,gzv6241,True,0,1.0000,0.999034,car
img_000980.jpg,msr4148,msr4148,True,0,1.0000,0.925512,car
img_000994.jpg,odq7295,odq7295,True,0,1.0000,0.449751,car
img_000998.jpg,mqv6554,mov6554,False,1,0.8571,0.990480,car
img_001028.jpg,lqk5610,lok5610,False,1,0.8571,0.994404,car
img_001033.jpg,ppm2725,ppm2725,True,0,1.0000,0.999710,car
img_001037.jpg,ode3578,ooe3578,False,1,0.8571,0.489591,car
img_001041.jpg,odc0482,odc0082,False,1,0.8571,0.901005,car
img_001050.jpg,ovj6155,ovj6155,True,0,1.0000,0.965280,car
img_001061.jpg,pjv8445,piv8445,False,1,0.8571,0.771665,car
img_001065.jpg,qrb8380,orb8380,False,1,0.8571,0.980566,car
img_001069.jpg,ppx4940,ppx4940,True,0,1.0000,0.972259,car
img_001076.jpg,ppx5303,ppy5303,False,1,0.8571,0.749388,car
img_001081.jpg,mtf1704,mtf1704,True,0,1.0000,0.838764,car
img_001084.jpg,ppw9117,ppw9117,True,0,1.0000,0.975020,car
img_001087.jpg,pxd9590,pan9590,False,2,0.7143,0.936945,car
img_001090.jpg,owp0505,owp0505,True,0,1.0000,0.994390,car
img_001092.jpg,jiy2883,jiy2883,True,0,1.0000,0.881593,car
img_001095.jpg,ppc7990,ppc7990,True,0,1.0000,0.930671,car
img_001109.jpg,mts5428,mts5428,True,0,1.0000,0.952528,car
img_001110.jpg,odq9418,odq9418,True,0,1.0000,0.948663,car
img_001122.jpg,ocz0909,olz0909,False,1,0.8571,0.721795,car
img_001124.jpg,ppu4196,ppu4196,True,0,1.0000,0.983371,car
img_001127.jpg,ods7161,ods7161,True,0,1.0000,0.932374,car
img_001141.jpg,msb1993,msb1993,True,0,1.0000,0.716020,car
img_001142.jpg,odc7593,obc7593,False,1,0.8571,0.544639,car
img_001145.jpg,odi4526,odi4526,True,0,1.0000,0.998179,car
img_001146.jpg,ppu1195,ppu1195,True,0,1.0000,0.948674,car
img_001152.jpg,mox4428,mox4428,True,0,1.0000,0.980305,car
img_001154.jpg,ppv2253,ppv2253,True,0,1.0000,0.863254,car
img_001156.jpg,ppo6642,ppo6642,True,0,1.0000,0.910700,car
img_001159.jpg,qpk3360,opk360,False,2,0.7143,0.996878,car
img_001160.jpg,ppw2400,ppw2400,True,0,1.0000,0.993098,car
img_001163.jpg,mqj5849,moj5899,False,2,0.7143,0.678886,car
img_001164.jpg,msx8326,msx8326,True,0,1.0000,0.987757,car
img_001165.jpg,msq4244,msd4244,False,1,0.8571,0.985517,car
img_001166.jpg,mtc5704,mtc5704,True,0,1.0000,0.997562,car
img_001167.jpg,ove1875,ove1875,True,0,1.0000,0.979001,car
img_001177.jpg,ppk8945,ppk8945,True,0,1.0000,0.998766,car
img_001182.jpg,mss2308,mss2308,True,0,1.0000,0.366694,car
img_001185.jpg,odr7608,odr7608,True,0,1.0000,0.979858,car
img_001189.jpg,odf4825,odf4825,True,0,1.0000,0.992593,car
img_001190.jpg,odc0569,obc0569,False,1,0.8571,0.967849,car
img_001191.jpg,ppx5172,ppy5172,False,1,0.8571,0.934904,car
img_001192.jpg,odg6312,odg6312,True,0,1.0000,0.995676,car
img_001194.jpg,mtd3867,mtd3867,True,0,1.0000,0.358508,car
img_001198.jpg,odt6112,odt6112,True,0,1.0000,0.993838,car
img_001199.jpg,mqo6017,mo06017,False,2,0.7143,0.673710,car
img_001200.jpg,odt6061,odt6061,True,0,1.0000,0.995822,car
img_001201.jpg,mtj5833,mtj5833,True,0,1.0000,0.981905,car
img_001204.jpg,odg3176,odg3176,True,0,1.0000,0.996149,car
img_001205.jpg,mtx0171,mtx0171,True,0,1.0000,0.996866,car
img_001206.jpg,qrc6770,orc6770,False,1,0.8571,0.970129,car
img_001208.jpg,odi1892,odi1189,False,2,0.7143,0.884300,car
img_001211.jpg,ppx4854,ppy4854,False,1,0.8571,0.784190,car
img_001212.jpg,mtz9247,mtz9247,True,0,1.0000,0.758428,car
img_001213.jpg,mka7333,mka7333,True,0,1.0000,0.999724,car
img_001214.jpg,odt6162,odt6162,True,0,1.0000,0.995874,car
img_001216.jpg,odr3706,oor3706,False,1,0.8571,0.781236,car
img_001217.jpg,odt6092,odt6092,True,0,1.0000,0.995860,car
img_001219.jpg,oye0941,oye0944,False,1,0.8571,0.501621,car
img_001220.jpg,odr5548,odr5548,True,0,1.0000,0.957461,car
img_001221.jpg,odr3127,odr3127,True,0,1.0000,0.838537,car
img_001223.jpg,qrc9801,orc9801,False,1,0.8571,0.884588,car
img_001226.jpg,odr3984,odr3984,True,0,1.0000,0.983187,car
img_001228.jpg,oye0941,oye0944,False,1,0.8571,0.968315,car
img_001229.jpg,ppx4854,ppx4854,True,0,1.0000,0.946434,car
img_001231.jpg,qrb1720,orb1720,False,1,0.8571,0.512319,car
img_001232.jpg,ovf6363,ov6363,False,1,0.8571,0.980855,car
img_001233.jpg,qrc0461,qrc0461,True,0,1.0000,0.563558,car
img_001235.jpg,msr2924,msr2924,True,0,1.0000,0.709481,car
img_001236.jpg,ods2861,ods2861,True,0,1.0000,0.902556,car
img_001238.jpg,ppx6781,ppx6781,True,0,1.0000,0.909318,car
img_001240.jpg,msa1557,msa1557,True,0,1.0000,0.989838,car
img_001241.jpg,mtz8488,ciz8488,False,2,0.7143,0.240495,car
img_001242.jpg,msm2979,msm2979,True,0,1.0000,0.999676,car
img_001243.jpg,odo9891,odq9891,False,1,0.8571,0.503191,car
img_001244.jpg,odp0519,oop0519,False,1,0.8571,0.660479,car
img_001245.jpg,odg3176,odg3176,True,0,1.0000,0.998536,car
img_001247.jpg,mty0063,mty0063,True,0,1.0000,0.985661,car
img_001248.jpg,ocz6223,ocz6223,True,0,1.0000,0.994734,car
img_001250.jpg,odt6162,odt6162,True,0,1.0000,0.997474,car
img_001253.jpg,ppx4010,ppx4010,True,0,1.0000,0.892393,car
img_001254.jpg,ppp6398,ppp6398,True,0,1.0000,0.990301,car
img_001255.jpg,odr3127,odr3127,True,0,1.0000,0.983700,car
img_001256.jpg,odo9891,od09891,False,1,0.8571,0.880686,car
img_001258.jpg,ppp7519,ppp7519,True,0,1.0000,0.999473,car
img_001259.jpg,ppz5238,ppz5238,True,0,1.0000,0.897310,car
img_001260.jpg,msi3655,ms13655,False,1,0.8571,0.852539,car
img_001264.jpg,mtn9522,mtn9522,True,0,1.0000,0.999483,car
img_001265.jpg,ppx0696,ppx0696,True,0,1.0000,0.957286,car
img_001266.jpg,odr3127,odr3127,True,0,1.0000,0.975218,car
img_001267.jpg,odg3176,odg3176,True,0,1.0000,0.998821,car
img_001269.jpg,odo9891,od09891,False,1,0.8571,0.732197,car
img_001271.jpg,ppx4854,ppx4854,True,0,1.0000,0.984400,car
img_001272.jpg,odi1892,odi1189,False,2,0.7143,0.951806,car
img_001276.jpg,qrc6790,orc6790,False,1,0.8571,0.955372,car
img_001278.jpg,odr2139,odr2139,True,0,1.0000,0.984696,car
img_001280.jpg,byq3760,byo3760,False,1,0.8571,0.809911,car
img_001281.jpg,mrq2842,mrq2842,True,0,1.0000,0.867764,car
img_001283.jpg,odp0519,odp0519,True,0,1.0000,0.644218,car
img_001284.jpg,qrd1477,qrd1477,True,0,1.0000,0.525375,car
img_001286.jpg,ods5913,ods5913,True,0,1.0000,0.947720,car
img_001287.jpg,msk5187,msk5187,True,0,1.0000,0.996808,car
img_001289.jpg,byq3760,byo3760,False,1,0.8571,0.596908,car
img_001290.jpg,mqx3427,mox3427,False,1,0.8571,0.888235,car
img_001295.jpg,bqs6540,bos6540,False,1,0.8571,0.814112,car
img_001296.jpg,odt3275,oot3275,False,1,0.8571,0.852120,car
img_001297.jpg,odt6142,odt6142,True,0,1.0000,0.999510,car
img_001309.jpg,ocz2846,ocz2846,True,0,1.0000,0.288409,car
img_001310.jpg,byq3760,byo3760,False,1,0.8571,0.998164,car
img_001312.jpg,ocx7051,ocx7051,True,0,1.0000,0.997078,car
img_001314.jpg,odg3176,odg3176,True,0,1.0000,0.799793,car
img_001316.jpg,odt6061,odt6061,True,0,1.0000,0.995864,car
img_001318.jpg,ovk9607,oyk9607,False,1,0.8571,0.919096,car
img_001319.jpg,odg3176,odg3176,True,0,1.0000,0.990495,car
img_001320.jpg,qjk6374,ojk6374,False,1,0.8571,0.967984,car
img_001321.jpg,odt6129,odt6129,True,0,1.0000,0.998718,car
img_001322.jpg,odf5623,oof5623,False,1,0.8571,0.993177,car
img_001324.jpg,odt6064,odt6064,True,0,1.0000,0.997388,car
img_001326.jpg,ppw4039,ppw4039,True,0,1.0000,0.872306,car
img_001327.jpg,odr5274,odr5274,True,0,1.0000,0.980574,car
img_001328.jpg,ppp3628,ppp3628,True,0,1.0000,0.999499,car
img_001331.jpg,ppw0076,ppw0076,True,0,1.0000,0.979873,car
img_001332.jpg,ppx4024,ppy4024,False,1,0.8571,0.754084,car
img_001333.jpg,odr3127,odr3127,True,0,1.0000,0.967011,car
img_001334.jpg,mtx0171,mtx0171,True,0,1.0000,0.997127,car
img_001336.jpg,msr1117,msr1117,True,0,1.0000,0.437061,car
img_001337.jpg,mtz3256,mtz3256,True,0,1.0000,0.666828,car
img_001340.jpg,odg1753,odg1753,True,0,1.0000,0.850805,car
img_001343.jpg,odg6312,oqg6312,False,1,0.8571,0.429847,car
img_001344.jpg,msf9531,msf3551,False,2,0.7143,0.362482,car
img_001348.jpg,odt6482,odt6482,True,0,1.0000,0.993233,car
img_001349.jpg,mtz3256,mtz3256,True,0,1.0000,0.509551,car
img_001350.jpg,ppw0076,ppw0076,True,0,1.0000,0.980173,car
img_001352.jpg,qrc6770,qrc6770,True,0,1.0000,0.467235,car
img_001353.jpg,ods3662,ods3662,True,0,1.0000,0.995521,car
img_001354.jpg,ppn7838,ppn7838,True,0,1.0000,0.998345,car
img_001356.jpg,odp0519,oop0519,False,1,0.8571,0.649584,car
img_001357.jpg,loy5808,loy5808,True,0,1.0000,0.992060,car
img_001358.jpg,msa7262,msa7262,True,0,1.0000,0.996177,car
img_001361.jpg,odr3127,odr3127,True,0,1.0000,0.922065,car
img_001364.jpg,odo9891,od09891,False,1,0.8571,0.770516,car
img_001367.jpg,odf2786,od2786,False,1,0.8571,0.888412,car
img_001371.jpg,mrx3194,mrx3194,True,0,1.0000,0.950339,car
img_001372.jpg,odg1893,odg1893,True,0,1.0000,0.531536,car
img_001373.jpg,odk8117,odk8117,True,0,1.0000,0.456072,car
img_001374.jpg,ovf6363,ov6363,False,1,0.8571,0.958562,car
img_001376.jpg,odp0519,odp0519,True,0,1.0000,0.502151,car
img_001377.jpg,ppx0155,ppx0155,True,0,1.0000,0.991571,car
img_001380.jpg,mpe2451,mpe2451,True,0,1.0000,0.987598,car
img_001384.jpg,ods2861,oos2861,False,1,0.8571,0.901295,car
img_001386.jpg,byq3760,byo3760,False,1,0.8571,0.517222,car
img_001388.jpg,byq3760,byo3760,False,1,0.8571,0.956332,car
img_001389.jpg,ppv2861,ppv2861,True,0,1.0000,0.996241,car
img_001391.jpg,oye0941,oye0944,False,1,0.8571,0.995276,car
img_001392.jpg,odt6208,odt6208,True,0,1.0000,0.924229,car
img_001393.jpg,odg3967,odg3967,True,0,1.0000,0.991703,car
img_001395.jpg,ppx5163,ppx5163,True,0,1.0000,0.963237,car
img_001396.jpg,mtz3549,mtz3749,False,1,0.8571,0.641115,car
img_001397.jpg,odp0519,oop0519,False,1,0.8571,0.708419,car
img_001398.jpg,qrc6770,qrc6770,True,0,1.0000,0.695254,car
img_001399.jpg,ods3398,ods398,False,1,0.8571,0.939264,car
img_001400.jpg,fda4010,fda4010,True,0,1.0000,0.959347,car
img_001401.jpg,odo9891,od09891,False,1,0.8571,0.567335,car
img_001404.jpg,ppw0076,ppw0076,True,0,1.0000,0.992598,car
img_001406.jpg,ods6881,ods6888,False,1,0.8571,0.997907,car
img_001407.jpg,odr3127,odr3127,True,0,1.0000,0.840093,car
img_001408.jpg,odf4543,odf4543,True,0,1.0000,0.948214,car
img_001409.jpg,msc9128,msc9128,True,0,1.0000,0.996481,car
img_001410.jpg,ppt9994,ppt9994,True,0,1.0000,0.971766,car
img_001416.jpg,odp0519,odpo519,False,1,0.8571,0.471900,car
img_001417.jpg,odg6312,odg6312,True,0,1.0000,0.991215,car
img_001418.jpg,hai9942,hal9942,False,1,0.8571,0.661651,car
img_001419.jpg,ocv6153,ocv6153,True,0,1.0000,0.998680,car
img_001424.jpg,ppp7505,ppp7505,True,0,1.0000,0.998406,car
img_001427.jpg,mqn5440,mon5400,False,2,0.7143,0.695274,car
img_001430.jpg,ovi1629,ovi1629,True,0,1.0000,0.569072,car
img_001432.jpg,ppp4341,ppp4341,True,0,1.0000,0.998826,car
img_001434.jpg,mtz3549,mtz3549,True,0,1.0000,0.692966,car
img_001436.jpg,ppp7519,ppp7519,True,0,1.0000,0.999714,car
img_001446.jpg,oqi5224,oqi5224,True,0,1.0000,0.648166,car
img_001453.jpg,byq3760,byo3760,False,1,0.8571,0.891484,car
img_001455.jpg,mtx0171,mtx0171,True,0,1.0000,0.995856,car
img_001456.jpg,odt6063,odt6063,True,0,1.0000,0.997049,car
img_001461.jpg,mrl3604,mrl3604,True,0,1.0000,0.937885,car
img_001462.jpg,odr4149,odr4149,True,0,1.0000,0.979904,car
img_001463.jpg,mtz3549,mtz3549,True,0,1.0000,0.841306,car
img_001464.jpg,odt7199,odt7199,True,0,1.0000,0.981461,car
img_001465.jpg,mtz3256,mtz3256,True,0,1.0000,0.842322,car
img_001469.jpg,msa7262,msa7262,True,0,1.0000,0.997551,car
img_001472.jpg,odt7297,odt7297,True,0,1.0000,0.994814,car
img_001475.jpg,ods2015,ods2015,True,0,1.0000,0.986941,car
img_001476.jpg,odo9891,odo9891,True,0,1.0000,0.524146,car
img_001477.jpg,pps5495,pps5495,True,0,1.0000,0.968535,car
img_001478.jpg,msa1557,msa1557,True,0,1.0000,0.989618,car
img_001481.jpg,odp0519,odp0519,True,0,1.0000,0.514992,car
img_001482.jpg,mry9914,mry9914,True,0,1.0000,0.945846,car
img_001484.jpg,ovf6363,ov6363,False,1,0.8571,0.988068,car
img_001488.jpg,odr3127,oor3127,False,1,0.8571,0.668509,car
img_001492.jpg,mpw8555,mpw8555,True,0,1.0000,0.994704,car
img_001494.jpg,mtn9522,mtn9522,True,0,1.0000,0.997455,car
img_001495.jpg,odr3127,dor3127,False,2,0.7143,0.574433,car
img_001497.jpg,iwd5655,iwd5655,True,0,1.0000,0.786552,car
img_001498.jpg,ppx4048,ppx4048,True,0,1.0000,0.847470,car
img_001499.jpg,odg3967,odg3967,True,0,1.0000,0.757601,car
img_001500.jpg,ppx7377,ppx7377,True,0,1.0000,0.934073,car
img_001501.jpg,ppx5165,ppx5165,True,0,1.0000,0.700468,car
img_001504.jpg,ppv2861,ppv2861,True,0,1.0000,0.972500,car
img_001505.jpg,mtz3256,mtz3256,True,0,1.0000,0.541169,car
img_001507.jpg,msb4766,msb4766,True,0,1.0000,0.791615,car
img_001508.jpg,ppp6853,ppp6853,True,0,1.0000,0.993583,car
img_001509.jpg,ppp3628,ppp3628,True,0,1.0000,0.999403,car
img_001511.jpg,msb8136,msb8136,True,0,1.0000,0.943218,car
img_001514.jpg,ods2015,ods2015,True,0,1.0000,0.990975,car
img_001516.jpg,ods6119,ods6119,True,0,1.0000,0.997029,car
img_001517.jpg,msa1557,msa1557,True,0,1.0000,0.988979,car
img_001520.jpg,msk2049,msk2049,True,0,1.0000,0.995904,car
img_001521.jpg,ovf6363,ov6363,False,1,0.8571,0.980778,car
img_001522.jpg,mrx3194,mrx3194,True,0,1.0000,0.965920,car
img_001524.jpg,mrx3194,mrx3194,True,0,1.0000,0.994448,car
img_001526.jpg,mry9914,mry9914,True,0,1.0000,0.977198,car
img_001527.jpg,odg6312,oog6312,False,1,0.8571,0.678448,car
img_001528.jpg,ppv2861,ppv2861,True,0,1.0000,0.565140,car
img_001534.jpg,odt6162,odt6162,True,0,1.0000,0.969075,car
img_001535.jpg,qrc6770,qrc6770,True,0,1.0000,0.743011,car
img_001536.jpg,ppx5165,ppx5165,True,0,1.0000,0.800791,car
img_001537.jpg,ppx0691,ppx0691,True,0,1.0000,0.975277,car
img_001540.jpg,ppx5163,ppx5163,True,0,1.0000,0.778271,car
img_001541.jpg,mtk9460,mtk9460,True,0,1.0000,0.810713,car
img_001542.jpg,odr3127,odr3127,True,0,1.0000,0.987531,car
img_001544.jpg,pyd9944,pyd9944,True,0,1.0000,0.993894,car
img_001545.jpg,ods2590,ods2590,True,0,1.0000,0.992304,car
img_001549.jpg,mts7362,mts7362,True,0,1.0000,0.759347,car
img_001551.jpg,odf3904,odf3904,True,0,1.0000,0.996182,car
img_001552.jpg,odi4526,odi4526,True,0,1.0000,0.997688,car
img_001554.jpg,ppp7010,ppp7010,True,0,1.0000,0.997480,car
img_001556.jpg,mpj4590,mpj4590,True,0,1.0000,0.997391,car
img_001557.jpg,qrd3004,qrd3004,True,0,1.0000,0.782156,car
img_001565.jpg,ppw0076,ppw0076,True,0,1.0000,0.902225,car
img_001566.jpg,byq3760,byq3760,True,0,1.0000,0.380570,car
img_001567.jpg,odh0279,odh0279,True,0,1.0000,0.742754,car
img_001569.jpg,msb4766,msb4766,True,0,1.0000,0.997722,car
img_001570.jpg,odr4149,odr4149,True,0,1.0000,0.939594,car
img_001573.jpg,ppx0696,ppx0696,True,0,1.0000,0.665433,car
img_001574.jpg,ocx3790,ocx3790,True,0,1.0000,0.998238,car
img_001575.jpg,mtn9622,mtn9622,True,0,1.0000,0.997797,car
img_001576.jpg,msa7262,msa7262,True,0,1.0000,0.986752,car
img_001578.jpg,odr3127,odr3127,True,0,1.0000,0.988567,car
img_001580.jpg,ppx4040,ppx4040,True,0,1.0000,0.608863,car
img_001581.jpg,gvp0415,gvp0415,True,0,1.0000,0.992133,car
img_001584.jpg,ppp6398,ppp6398,True,0,1.0000,0.993425,car
img_001585.jpg,odg5904,odg5904,True,0,1.0000,0.999207,car
img_001588.jpg,odg3176,oog3176,False,1,0.8571,0.781771,car
img_001589.jpg,ppo7252,ppo7252,True,0,1.0000,0.877256,car
img_001597.jpg,odg1753,odg1753,True,0,1.0000,0.863028,car
img_001601.jpg,odr3127,odr3127,True,0,1.0000,0.899043,car
img_001606.jpg,odc6531,odc6531,True,0,1.0000,0.994399,car
img_001607.jpg,mte5192,mte5192,True,0,1.0000,0.990163,car
img_001608.jpg,ods3662,ods3662,True,0,1.0000,0.973052,car
img_001609.jpg,ppo4419,ppo4419,True,0,1.0000,0.693006,car
img_001610.jpg,odt6129,odt6129,True,0,1.0000,0.996940,car
img_001612.jpg,qjk6374,ojk6374,False,1,0.8571,0.967388,car
img_001613.jpg,ppx0160,ppx0160,True,0,1.0000,0.981899,car
img_001614.jpg,msb4766,msbw766,False,1,0.8571,0.778189,car
img_001616.jpg,odt6092,odt6092,True,0,1.0000,0.998297,car
img_001622.jpg,ods2624,ods2624,True,0,1.0000,0.982264,car
img_001626.jpg,ppp2796,ppp2796,True,0,1.0000,0.998174,car
img_001627.jpg,odf2786,odf786,False,1,0.8571,0.901446,car
img_001628.jpg,oyj3918,oyj3918,True,0,1.0000,0.361578,car
img_001629.jpg,ppz9135,pp29135,False,1,0.8571,0.634721,car
img_001630.jpg,odg3967,odg3967,True,0,1.0000,0.992347,car
img_001631.jpg,ppx0155,ppx0155,True,0,1.0000,0.985278,car
img_001633.jpg,odt6112,oot6112,False,1,0.8571,0.941872,car
img_001634.jpg,mrx7902,mbx7902,False,1,0.8571,0.568889,car
img_001637.jpg,mts7362,mi57362,False,2,0.7143,0.572769,car
img_001640.jpg,mtz3549,mtz3549,True,0,1.0000,0.666665,car
img_001643.jpg,odf7548,oof7548,False,1,0.8571,0.688538,car
img_001645.jpg,ppp9250,ppp9250,True,0,1.0000,0.999069,car
img_001646.jpg,odr3127,odr3127,True,0,1.0000,0.982678,car
img_001647.jpg,msk5187,msk5187,True,0,1.0000,0.994505,car
img_001651.jpg,qrc6770,orc6770,False,1,0.8571,0.996173,car
img_001653.jpg,ppp6749,ppp6749,True,0,1.0000,0.997246,car
img_001658.jpg,ppb5250,ppb5250,True,0,1.0000,0.407669,car
img_001660.jpg,evz7529,ev27529,False,1,0.8571,0.943336,car
img_001661.jpg,ppx4024,ppx4024,True,0,1.0000,0.884509,car
img_001664.jpg,ppp9250,ppp9250,True,0,1.0000,0.999083,car
img_001667.jpg,ppw0032,ppw0032,True,0,1.0000,0.991851,car
img_001669.jpg,ppx9984,vf12524,False,6,0.1429,0.042171,car
img_001671.jpg,odt6142,odt6142,True,0,1.0000,0.999145,car
img_001672.jpg,odt6129,odt6129,True,0,1.0000,0.998738,car
img_001674.jpg,ovf6363,ov6363,False,1,0.8571,0.936495,car
img_001676.jpg,odr3694,odr3694,True,0,1.0000,0.988392,car
img_001677.jpg,mtx0171,mtx0171,True,0,1.0000,0.938989,car
img_001678.jpg,qrc6770,orc6770,False,1,0.8571,0.792499,car
img_001679.jpg,odo9891,odo9891,True,0,1.0000,0.412134,car
img_001680.jpg,mtz9247,atz9247,False,1,0.8571,0.408720,car
img_001682.jpg,ppw0076,ppw0076,True,0,1.0000,0.987894,car
img_001685.jpg,msa7262,msa7262,True,0,1.0000,0.988745,car
img_001687.jpg,qnr5824,onr5824,False,1,0.8571,0.897764,car
img_001688.jpg,ppl5787,ppl5787,True,0,1.0000,0.997643,car
img_001692.jpg,mtx0171,mtx0171,True,0,1.0000,0.995875,car
img_001693.jpg,odr3127,oor3127,False,1,0.8571,0.854392,car
img_001696.jpg,mts7362,mys7362,False,1,0.8571,0.598102,car
img_001698.jpg,ppj4189,ppj4189,True,0,1.0000,0.999210,car
img_001700.jpg,ovk3888,oyk3888,False,1,0.8571,0.517280,car
img_001705.jpg,odr3127,odr3127,True,0,1.0000,0.642549,car
img_001708.jpg,ovk3888,ovk3888,True,0,1.0000,0.663107,car
img_001710.jpg,odg4873,odg4873,True,0,1.0000,0.998408,car
img_001712.jpg,qrc6770,qrc6770,True,0,1.0000,0.511969,car
img_001713.jpg,mtz4291,ht7291,False,3,0.5714,0.140518,car
img_001714.jpg,ppp6853,ppp6853,True,0,1.0000,0.996131,car
img_001716.jpg,odt6092,odt6092,True,0,1.0000,0.991540,car
img_001717.jpg,ppw9332,ppw9332,True,0,1.0000,0.997635,car
img_001719.jpg,ods6881,ods6888,False,1,0.8571,0.946399,car
img_001722.jpg,ppu6390,ppu6390,True,0,1.0000,0.974058,car
img_001723.jpg,odr3127,odr3127,True,0,1.0000,0.691148,car
img_001726.jpg,ppz5238,pp75238,False,1,0.8571,0.681182,car
img_001727.jpg,ppp9250,ppp9250,True,0,1.0000,0.998199,car
img_001728.jpg,odt6129,odt6129,True,0,1.0000,0.999247,car
img_001737.jpg,odt6061,odt6061,True,0,1.0000,0.995760,car
img_001738.jpg,ppx0696,ppx0696,True,0,1.0000,0.983952,car
img_001740.jpg,qjk6374,ouk6374,False,2,0.7143,0.751462,car
img_001742.jpg,mtz3256,mtz2256,False,1,0.8571,0.122624,car
img_001744.jpg,ovk5846,ovk5846,True,0,1.0000,0.951485,car
img_001746.jpg,ppx5170,ppy5170,False,1,0.8571,0.580796,car
img_001747.jpg,odt6482,odt6482,True,0,1.0000,0.987101,car
img_001748.jpg,mtz9247,mtz9257,False,1,0.8571,0.381010,car
img_001749.jpg,ppw0076,ppw0076,True,0,1.0000,0.981042,car
img_001750.jpg,qjk6374,ojk6374,False,1,0.8571,0.798483,car
img_001751.jpg,msk5187,msk5187,True,0,1.0000,0.999130,car
img_001752.jpg,odt6092,odt6092,True,0,1.0000,0.997385,car
img_001754.jpg,odi1892,odi1189,False,2,0.7143,0.961430,car
img_001755.jpg,mts7362,mts7362,True,0,1.0000,0.846516,car
img_001756.jpg,odr3127,odr3127,True,0,1.0000,0.981941,car
img_001757.jpg,qrd2970,qro2970,False,1,0.8571,0.456401,car
img_001759.jpg,mst8531,mst8531,True,0,1.0000,0.982507,car
img_001760.jpg,odm0438,odm0438,True,0,1.0000,0.987895,car
img_001763.jpg,olq5547,old5547,False,1,0.8571,0.403306,car
img_001767.jpg,ppx0700,ppx0700,True,0,1.0000,0.984491,car
img_001770.jpg,mst4686,mst4686,True,0,1.0000,0.829512,car
img_001771.jpg,odh0279,odh0279,True,0,1.0000,0.826072,car
img_001772.jpg,odt6142,odt6142,True,0,1.0000,0.996623,car
img_001774.jpg,mts7362,mt5762,False,2,0.7143,0.523553,car
img_001775.jpg,mst8531,mst8531,True,0,1.0000,0.984845,car
img_001776.jpg,mpu1861,mpu1861,True,0,1.0000,0.929861,car
img_001778.jpg,mtg5739,mtg5732,False,1,0.8571,0.291097,car
img_001782.jpg,odt6112,odt6112,True,0,1.0000,0.996492,car
img_001783.jpg,ppx0696,ppx0696,True,0,1.0000,0.900679,car
img_001784.jpg,ppx4048,ppx4048,True,0,1.0000,0.933432,car
img_001785.jpg,odt6208,odt6208,True,0,1.0000,0.992850,car
img_001787.jpg,mtx0171,mtx0171,True,0,1.0000,0.990232,car
img_001788.jpg,mty6370,mty6370,True,0,1.0000,0.997941,car
img_001789.jpg,ovf6363,ov6363,False,1,0.8571,0.988996,car
img_001790.jpg,msb4766,msb4766,True,0,1.0000,0.776865,car
img_001792.jpg,byq3760,byo3760,False,1,0.8571,0.972164,car
img_001793.jpg,odo1303,odo1303,True,0,1.0000,0.762171,car
img_001794.jpg,msa7262,msa7262,True,0,1.0000,0.998725,car
img_001797.jpg,odr3127,odr3127,True,0,1.0000,0.944983,car
img_001798.jpg,ppv7264,ppv7264,True,0,1.0000,0.985928,car
img_001800.jpg,qrc6742,qrc6742,True,0,1.0000,0.860246,car
img_001802.jpg,ods3398,ods398,False,1,0.8571,0.978716,car
img_001803.jpg,ode6371,ode6371,True,0,1.0000,0.993707,car
img_001804.jpg,odr4042,odr4042,True,0,1.0000,0.971845,car
img_001805.jpg,ppz2988,ppz2988,True,0,1.0000,0.734629,car
img_001806.jpg,odr3127,odr3127,True,0,1.0000,0.993398,car
img_001807.jpg,ppz5238,ppz5238,True,0,1.0000,0.802511,car
img_001808.jpg,ods6119,ods6119,True,0,1.0000,0.998476,car
img_001811.jpg,ppw3952,ppw3952,True,0,1.0000,0.985720,car
img_001813.jpg,odi1892,odi1189,False,2,0.7143,0.837814,car
img_001819.jpg,odr3127,odr3127,True,0,1.0000,0.839363,car
img_001823.jpg,mtn9522,mtn9522,True,0,1.0000,0.999061,car
img_001825.jpg,odt6061,odt6061,True,0,1.0000,0.997947,car
img_001826.jpg,qwt4740,owt4740,False,1,0.8571,0.196254,car
img_001828.jpg,odt6112,odt6112,True,0,1.0000,0.995806,car
img_001829.jpg,msk5187,msk5187,True,0,1.0000,0.998115,car
img_001830.jpg,ppi8255,ppi8225,False,1,0.8571,0.853072,car
img_001831.jpg,mqq9045,m009045,False,2,0.7143,0.536082,car
img_001832.jpg,ods3662,ods3662,True,0,1.0000,0.997590,car
img_001835.jpg,qrc6770,qrc6770,True,0,1.0000,0.730473,car
img_001838.jpg,mtz9247,atz9257,False,2,0.7143,0.442835,car
img_001839.jpg,odr3127,odr3127,True,0,1.0000,0.992879,car
img_001840.jpg,odt6251,odt6251,True,0,1.0000,0.999017,car
img_001841.jpg,msb4766,msb4766,True,0,1.0000,0.922211,car
img_001843.jpg,msa7262,msa7262,True,0,1.0000,0.978633,car
img_001844.jpg,ovk5846,ovk5846,True,0,1.0000,0.975563,car
img_001850.jpg,gwq6575,gwo6575,False,1,0.8571,0.930325,car
img_001856.jpg,mqv6554,mov6554,False,1,0.8571,0.994570,car
img_001857.jpg,odf2786,oof2786,False,1,0.8571,0.472895,car
img_001858.jpg,odg3967,odg3967,True,0,1.0000,0.945144,car
img_001859.jpg,ppp2796,ppp2796,True,0,1.0000,0.994460,car
img_001860.jpg,odg6312,odg6312,True,0,1.0000,0.700273,car
img_001861.jpg,ocx7051,ocx7051,True,0,1.0000,0.998465,car
img_001862.jpg,ppw4661,ppw4661,True,0,1.0000,0.994484,car
img_001863.jpg,qrb1690,qrbi690,False,1,0.8571,0.266421,car
img_001866.jpg,mtz8488,ctz8488,False,1,0.8571,0.206921,car
img_001870.jpg,odt6061,odt6061,True,0,1.0000,0.992261,car
img_001871.jpg,qhl7752,oh47752,False,2,0.7143,0.228011,car
img_001873.jpg,odr0379,qdr0379,False,1,0.8571,0.809095,car
img_001874.jpg,odr3127,oor3127,False,1,0.8571,0.750792,car
img_001876.jpg,byq3760,byo3760,False,1,0.8571,0.925983,car
img_001882.jpg,ppx7377,ppx7371,False,1,0.8571,0.879135,car
img_001885.jpg,ppx0700,ppx0700,True,0,1.0000,0.991504,car
img_001886.jpg,odf7548,odf7548,True,0,1.0000,0.681324,car
img_001887.jpg,ovf7961,ovf7961,True,0,1.0000,0.976645,car
img_001888.jpg,odt6112,odt6112,True,0,1.0000,0.971039,car
img_001889.jpg,odg3967,odg3967,True,0,1.0000,0.906239,car
img_001890.jpg,qjk6374,ojk6374,False,1,0.8571,0.993446,car
img_001891.jpg,ppx4024,ppy4024,False,1,0.8571,0.800051,car
img_001892.jpg,ods3662,ods3662,True,0,1.0000,0.990403,car
img_001893.jpg,mtz3256,miz3256,False,1,0.8571,0.909411,car
img_001895.jpg,qrc6770,orc6770,False,1,0.8571,0.968773,car
img_001896.jpg,odt6169,odt6169,True,0,1.0000,0.998537,car
img_001897.jpg,mqm4704,mom4704,False,1,0.8571,0.935463,car
img_001898.jpg,mts7362,mts7362,True,0,1.0000,0.465764,car
img_001899.jpg,ppp3628,ppp3628,True,0,1.0000,0.999124,car
img_001900.jpg,odr3694,odr3694,True,0,1.0000,0.994421,car
img_001901.jpg,ppp2796,ppp2796,True,0,1.0000,0.997920,car
img_001902.jpg,mtz9247,atz9247,False,1,0.8571,0.827984,car
img_001905.jpg,odr3706,oor3706,False,1,0.8571,0.940760,car
img_001906.jpg,msa7262,msa7262,True,0,1.0000,0.996127,car
img_001907.jpg,mka7333,mka7333,True,0,1.0000,0.999699,car
img_001908.jpg,ods3004,ods3004,True,0,1.0000,0.998137,car
img_001909.jpg,ods2590,ods2590,True,0,1.0000,0.998955,car
img_001911.jpg,mtz3256,mtz3256,True,0,1.0000,0.654073,car
img_001912.jpg,odr4042,odr4042,True,0,1.0000,0.858277,car
img_001914.jpg,qrb1720,orb1720,False,1,0.8571,0.923096,car
img_001917.jpg,ppv0918,ppv0918,True,0,1.0000,0.966463,car
img_001918.jpg,mry9914,mry9914,True,0,1.0000,0.657580,car
img_001919.jpg,ods3861,ods3861,True,0,1.0000,0.994021,car
img_001924.jpg,qrc6790,orc6790,False,1,0.8571,0.959642,car
img_001926.jpg,ppz2988,ppz2988,True,0,1.0000,0.625262,car
img_001928.jpg,mpu1861,mpu1861,True,0,1.0000,0.997351,car
img_001929.jpg,odi5590,odi5590,True,0,1.0000,0.974661,car
img_001930.jpg,odt6061,odt6061,True,0,1.0000,0.996662,car
img_001932.jpg,odr4149,odr4149,True,0,1.0000,0.779165,car
img_001933.jpg,mtz3256,mt73256,False,1,0.8571,0.499440,car
img_001935.jpg,qjk6374,ojk6374,False,1,0.8571,0.985561,car
img_001936.jpg,qrc6770,qrc6770,True,0,1.0000,0.843654,car
img_001937.jpg,odr3127,odr3127,True,0,1.0000,0.511928,car
img_001938.jpg,ppx4048,ppx4048,True,0,1.0000,0.936767,car
img_001940.jpg,ppx4024,ppx4024,True,0,1.0000,0.512492,car
img_001941.jpg,mtz4291,m72711,False,5,0.2857,0.055370,car
img_001942.jpg,mty0063,mty0063,True,0,1.0000,0.808387,car
img_001943.jpg,odt6064,odt6064,True,0,1.0000,0.994188,car
img_001945.jpg,ppx4034,ppx4034,True,0,1.0000,0.654635,car
img_001946.jpg,ods3398,ods398,False,1,0.8571,0.998019,car
img_001947.jpg,ovf6320,ov6320,False,1,0.8571,0.929628,car
img_001951.jpg,odr3127,odr3127,True,0,1.0000,0.556147,car
img_001953.jpg,mtx0171,mtx0171,True,0,1.0000,0.997612,car
img_001954.jpg,mts7362,mts7362,True,0,1.0000,0.771337,car
img_001957.jpg,odt6064,odt6064,True,0,1.0000,0.987326,car
img_001958.jpg,mka7333,mka7333,True,0,1.0000,0.556550,car
img_001960.jpg,odp0519,oop0519,False,1,0.8571,0.299747,car
img_001964.jpg,ppz5238,ppz5238,True,0,1.0000,0.753337,car
img_001965.jpg,ppp5321,ppp5321,True,0,1.0000,0.986630,car
img_001969.jpg,ppx0700,ppx0700,True,0,1.0000,0.980370,car
img_001970.jpg,odi5590,odi5590,True,0,1.0000,0.981124,car
img_001971.jpg,ods4776,ods475,False,2,0.7143,0.682880,car
img_001972.jpg,odp0519,oop0519,False,1,0.8571,0.444488,car
img_001973.jpg,mtz8488,miz8488,False,1,0.8571,0.257201,car
img_001974.jpg,mtz9247,mtz9247,True,0,1.0000,0.344327,car
img_001975.jpg,ppx5165,ppx5165,True,0,1.0000,0.908168,car
img_001976.jpg,odr3127,odr3127,True,0,1.0000,0.757226,car
img_001977.jpg,odh1374,odh1374,True,0,1.0000,0.904524,car
img_001978.jpg,odt6162,odt6162,True,0,1.0000,0.998551,car
img_001979.jpg,ppl5787,ppl5787,True,0,1.0000,0.997441,car
img_001981.jpg,ocz6223,ocz6223,True,0,1.0000,0.994379,car
img_001982.jpg,mtx0171,mtx0171,True,0,1.0000,0.996228,car
img_001983.jpg,mtz3256,mtz3256,True,0,1.0000,0.837293,car
img_001984.jpg,ods4776,ods4776,True,0,1.0000,0.962840,car
img_001985.jpg,ppw9578,ppw9578,True,0,1.0000,0.999124,car
img_001987.jpg,odf2786,odf2766,False,1,0.8571,0.473182,car
img_001990.jpg,ppw0162,ppw0162,True,0,1.0000,0.927360,car
img_001993.jpg,ppx0696,ppx0696,True,0,1.0000,0.809144,car
img_001997.jpg,ppx0691,ppx0691,True,0,1.0000,0.974074,car
img_001998.jpg,ods3662,ods3662,True,0,1.0000,0.998135,car
img_001999.jpg,odr3694,odr3694,True,0,1.0000,0.931749,car
img_002000.jpg,odt6482,odt6482,True,0,1.0000,0.990736,car
img_002001.jpg,ppw0076,ppw0076,True,0,1.0000,0.989218,car
img_002003.jpg,odr3127,odr3127,True,0,1.0000,0.966782,car
img_002005.jpg,mry9914,mry9914,True,0,1.0000,0.990912,car
img_002007.jpg,ppx6781,ppx6781,True,0,1.0000,0.957664,car
img_002008.jpg,msb4766,msb4766,True,0,1.0000,0.750962,car
img_002010.jpg,odt6112,odt6112,True,0,1.0000,0.997781,car
img_002012.jpg,ods3398,ods3398,True,0,1.0000,0.432611,car
img_002015.jpg,odt6142,odt6142,True,0,1.0000,0.998460,car
img_002016.jpg,ovf6363,oy6363,False,2,0.7143,0.666367,car
img_002020.jpg,odt6129,odt6129,True,0,1.0000,0.997431,car
img_002021.jpg,ppx0696,ppx0696,True,0,1.0000,0.848070,car
img_002022.jpg,odt6112,odt6112,True,0,1.0000,0.977665,car
img_002026.jpg,odp0519,oop0519,False,1,0.8571,0.495733,car
img_002027.jpg,ods3662,ods3662,True,0,1.0000,0.986531,car
img_002028.jpg,odr3127,odr3127,True,0,1.0000,0.990320,car
img_002029.jpg,odt6162,odt6162,True,0,1.0000,0.996324,car
img_002030.jpg,byq3760,byo3760,False,1,0.8571,0.965184,car
img_002031.jpg,ppp7010,ppp7010,True,0,1.0000,0.998984,car
img_002035.jpg,ppw0076,ppw0076,True,0,1.0000,0.987921,car
img_002037.jpg,msa7262,msa7262,True,0,1.0000,0.995431,car
img_002038.jpg,ppx0155,ppx0155,True,0,1.0000,0.982682,car
img_002041.jpg,odf4543,odf4543,True,0,1.0000,0.850961,car
img_002042.jpg,odg9132,odg9132,True,0,1.0000,0.991064,car
img_002043.jpg,mtx0171,mtx0171,True,0,1.0000,0.998092,car
img_002044.jpg,mtz3256,mtz3256,True,0,1.0000,0.533809,car
img_002045.jpg,odg1753,odg1753,True,0,1.0000,0.854957,car
img_002049.jpg,ppx5172,ppy5172,False,1,0.8571,0.937119,car
img_002051.jpg,qrc6742,orc8742,False,2,0.7143,0.661621,car
img_002057.jpg,ppp7674,ppp3674,False,1,0.8571,0.623735,car
img_002058.jpg,ppv9053,ppv9053,True,0,1.0000,0.986988,car
img_002060.jpg,ppp2796,ppp2796,True,0,1.0000,0.999421,car
img_002062.jpg,ppp7519,ppp7519,True,0,1.0000,0.999059,car
img_002064.jpg,ods4776,ods4776,True,0,1.0000,0.998169,car
img_002067.jpg,odr4149,odr4149,True,0,1.0000,0.903127,car
img_002071.jpg,ppl5787,ppl5787,True,0,1.0000,0.900582,car
img_002075.jpg,mtg5739,mtg573d,False,1,0.8571,0.753340,car
img_002076.jpg,ppi2549,ppi2549,True,0,1.0000,0.998355,car
img_002079.jpg,odg3990,odg3990,True,0,1.0000,0.894342,car
img_002080.jpg,odt6061,odt6061,True,0,1.0000,0.999098,car
img_002083.jpg,ppw1889,ppw1889,True,0,1.0000,0.813848,car
img_002084.jpg,odt6112,odt6112,True,0,1.0000,0.991874,car
img_002085.jpg,ppx0700,ppx0700,True,0,1.0000,0.945708,car
img_002086.jpg,odp0519,oop0519,False,1,0.8571,0.269365,car
img_002087.jpg,ods3662,ods3662,True,0,1.0000,0.983471,car
img_002088.jpg,ppw0076,ppw0076,True,0,1.0000,0.968933,car
img_002089.jpg,odr3127,odr3127,True,0,1.0000,0.982460,car
img_002090.jpg,odg9132,odg9132,True,0,1.0000,0.998294,car
img_002091.jpg,odo0659,odo0659,True,0,1.0000,0.930484,car
img_002092.jpg,mtz3256,miz2256,False,2,0.7143,0.448420,car
img_002094.jpg,msb4766,msb4766,True,0,1.0000,0.567420,car
img_002095.jpg,mtx0171,mtx0171,True,0,1.0000,0.993873,car
img_002096.jpg,ovl4093,ovl4093,True,0,1.0000,0.996341,car
img_002097.jpg,ppp5321,ppp5321,True,0,1.0000,0.997503,car
img_002098.jpg,mry9914,mpy9914,False,1,0.8571,0.560294,car
img_002101.jpg,ods2861,ods2861,True,0,1.0000,0.988179,car
img_002106.jpg,odr3127,dor3127,False,2,0.7143,0.935335,car
img_002107.jpg,ppw9332,pp49332,False,1,0.8571,0.395195,car
img_002110.jpg,ppp6110,ppp8110,False,1,0.8571,0.334874,car
img_002113.jpg,qrc0461,qrc0461,True,0,1.0000,0.766674,car
img_002119.jpg,mtz3256,mtz3256,True,0,1.0000,0.265149,car
img_002120.jpg,ppx4048,ppx4048,True,0,1.0000,0.960626,car
img_002121.jpg,ovf6363,ov6363,False,1,0.8571,0.505184,car
img_002122.jpg,mtx0171,mtx0171,True,0,1.0000,0.997997,car
img_002123.jpg,odt6061,odt6061,True,0,1.0000,0.997022,car
img_002125.jpg,odr3127,odr3127,True,0,1.0000,0.984554,car
img_002126.jpg,ods3662,ods3662,True,0,1.0000,0.995705,car
img_002128.jpg,mka7333,mka7333,True,0,1.0000,0.999118,car
img_002129.jpg,msb4766,msbw766,False,1,0.8571,0.674712,car
img_002130.jpg,odh4584,ooh4584,False,1,0.8571,0.473426,car
img_002133.jpg,mtz3256,miz3256,False,1,0.8571,0.515784,car
img_002135.jpg,mst8531,mst8531,True,0,1.0000,0.967219,car
img_002137.jpg,ppp7010,ppp7010,True,0,1.0000,0.999366,car
img_002141.jpg,odr4042,ddr4042,False,1,0.8571,0.365118,car
img_002145.jpg,jju1909,jju1909,True,0,1.0000,0.986175,car
img_002146.jpg,odr4149,odr4149,True,0,1.0000,0.554376,car
img_002147.jpg,mtg5739,mtg5737,False,1,0.8571,0.461391,car
img_002149.jpg,faz6945,faz6945,True,0,1.0000,0.984321,car
img_002150.jpg,odt6112,odt6112,True,0,1.0000,0.986201,car
img_002151.jpg,ppp5346,ppp5346,True,0,1.0000,0.999123,car
img_002152.jpg,ppx4025,ppx4025,True,0,1.0000,0.997513,car
img_002153.jpg,mqv6554,mov6554,False,1,0.8571,0.991941,car
img_002154.jpg,ods2590,ods2590,True,0,1.0000,0.997750,car
img_002155.jpg,ods3398,ods3398,True,0,1.0000,0.728102,car
img_002156.jpg,mtz3256,mtz3256,True,0,1.0000,0.591344,car
img_002157.jpg,odp0519,odp0519,True,0,1.0000,0.839319,car
img_002158.jpg,ocv6153,ocv6153,True,0,1.0000,0.994689,car
img_002159.jpg,mtx0171,mtx0171,True,0,1.0000,0.997873,car
img_002160.jpg,mro1902,mr01902,False,1,0.8571,0.634380,car
img_002163.jpg,mst4686,mst4686,True,0,1.0000,0.930206,car
img_002164.jpg,ppp3628,ppp3628,True,0,1.0000,0.999546,car
img_002166.jpg,msa7262,msa7262,True,0,1.0000,0.997813,car
img_002167.jpg,odt6482,odt6482,True,0,1.0000,0.991515,car
img_002170.jpg,mtx0171,mtx0171,True,0,1.0000,0.991933,car
img_002171.jpg,odr3127,odr3127,True,0,1.0000,0.987441,car
img_002172.jpg,odh4584,ooh4584,False,1,0.8571,0.685629,car
img_002173.jpg,ppx0682,ppx0682,True,0,1.0000,0.909803,car
img_002174.jpg,ppx5165,ppx5165,True,0,1.0000,0.644797,car
img_002175.jpg,odt6064,odt6064,True,0,1.0000,0.978980,car
img_002176.jpg,odt6482,odt6482,True,0,1.0000,0.992696,car
img_002177.jpg,ppp3628,ppp3628,True,0,1.0000,0.999562,car
img_002181.jpg,ppx0700,ppx0700,True,0,1.0000,0.765760,car
img_002183.jpg,odp0519,odp0519,True,0,1.0000,0.498763,car
img_002186.jpg,ovf6363,oyf3363,False,2,0.7143,0.573912,car
img_002195.jpg,odr3694,odr3694,True,0,1.0000,0.970945,car
img_002196.jpg,ods2624,ods2624,True,0,1.0000,0.990703,car
img_002197.jpg,mtz3256,mtz326,False,1,0.8571,0.507511,car
img_002199.jpg,mql2952,mol2952,False,1,0.8571,0.585816,car
img_002200.jpg,ods3662,ods3662,True,0,1.0000,0.987580,car
img_002202.jpg,ovh8488,ovh8488,True,0,1.0000,0.803659,car
img_002204.jpg,odo0659,odo0659,True,0,1.0000,0.934098,car
img_002205.jpg,odr4042,ddr4042,False,1,0.8571,0.323669,car
img_002207.jpg,ppw9332,ppw9332,True,0,1.0000,0.932278,car
img_002208.jpg,msb4766,msbw766,False,1,0.8571,0.569024,car
img_002209.jpg,mtx0171,mtx0171,True,0,1.0000,0.986097,car
img_002210.jpg,mtz3256,mtz3256,True,0,1.0000,0.453317,car
img_002211.jpg,ppp3628,ppp3628,True,0,1.0000,0.999166,car
img_002214.jpg,odt6064,odt6064,True,0,1.0000,0.998037,car
img_002215.jpg,mtn9652,mtn9652,True,0,1.0000,0.999433,car
img_002216.jpg,msk7666,msk7666,True,0,1.0000,0.999641,car
img_002217.jpg,ppx0155,ppx0155,True,0,1.0000,0.973311,car
img_002218.jpg,odp0519,oop0519,False,1,0.8571,0.413516,car
img_002222.jpg,ppz2695,ppz2695,True,0,1.0000,0.972458,car
img_002223.jpg,odh4216,ooh4216,False,1,0.8571,0.728580,car
img_002227.jpg,ovf6363,ovf6363,True,0,1.0000,0.970444,car
img_002234.jpg,odg3967,odg3967,True,0,1.0000,0.992089,car
img_002235.jpg,ppx0696,ppx0696,True,0,1.0000,0.902838,car
img_002236.jpg,ods3398,ods3398,True,0,1.0000,0.989246,car
img_002237.jpg,odr4149,odr4149,True,0,1.0000,0.565641,car
img_002239.jpg,mtj5833,mtj5833,True,0,1.0000,0.993019,car
img_002240.jpg,odf5714,odf5714,True,0,1.0000,0.994367,car
img_002241.jpg,ppp3628,ppp3628,True,0,1.0000,0.999556,car
img_002242.jpg,ppx0700,ppx0700,True,0,1.0000,0.962701,car
img_002244.jpg,ovl6090,ov6090,False,1,0.8571,0.842971,car
img_002245.jpg,odf4543,odf4543,True,0,1.0000,0.965488,car
img_002247.jpg,ppx5165,ppx5165,True,0,1.0000,0.594673,car
img_002249.jpg,ppx5163,ppy5163,False,1,0.8571,0.516910,car
img_002250.jpg,odt6129,odt6129,True,0,1.0000,0.997603,car
img_002251.jpg,mqv6554,mov6554,False,1,0.8571,0.997881,car
img_002252.jpg,ppw9332,ppw9332,True,0,1.0000,0.719002,car
img_002253.jpg,msa7262,msa7262,True,0,1.0000,0.997565,car
img_002254.jpg,ppp2796,ppp2796,True,0,1.0000,0.999030,car
img_002256.jpg,mtn9652,mtn9652,True,0,1.0000,0.998879,car
img_002257.jpg,mtz3256,mtz3256,True,0,1.0000,0.817074,car
img_002258.jpg,ppx0691,ppx0691,True,0,1.0000,0.889694,car
img_002259.jpg,odr3127,odr3127,True,0,1.0000,0.981410,car
img_002260.jpg,ppx4048,ppx4048,True,0,1.0000,0.847831,car
img_002262.jpg,cvt3644,cvt3644,True,0,1.0000,0.872137,car
img_002267.jpg,pki3355,pki3355,True,0,1.0000,0.888133,car
img_002268.jpg,odr3127,odr3127,True,0,1.0000,0.990424,car
img_002270.jpg,owv9793,owv9793,True,0,1.0000,0.880442,car
img_002272.jpg,pph5379,prk5379,False,2,0.7143,0.367507,car
img_002274.jpg,ppw2922,ppy2922,False,1,0.8571,0.586287,car
img_002275.jpg,ppx0700,ppx0700,True,0,1.0000,0.997781,car
img_002276.jpg,mtz3256,mtz3256,True,0,1.0000,0.536316,car
img_002277.jpg,ppx0700,ppx0700,True,0,1.0000,0.976586,car
img_002286.jpg,lcl4337,lcl4337,True,0,1.0000,0.785442,car
img_002287.jpg,mtz8488,cz8488,False,2,0.7143,0.285560,car
img_002288.jpg,mtz3256,mtz325,False,1,0.8571,0.701706,car
img_002291.jpg,odt6181,odt6181,True,0,1.0000,0.995969,car
img_002292.jpg,mtx0269,mtx0269,True,0,1.0000,0.989940,car
img_002294.jpg,dml6340,dml6340,True,0,1.0000,0.944945,car
img_002295.jpg,ppz7593,ppz7593,True,0,1.0000,0.778574,car
img_002296.jpg,mqh6337,moh6337,False,1,0.8571,0.788164,car
img_002297.jpg,mtz3549,mtz3549,True,0,1.0000,0.701515,car
img_002300.jpg,ppp4907,ppp4907,True,0,1.0000,0.995429,car
img_002302.jpg,ppp6110,ppp6110,True,0,1.0000,0.998260,car
img_002305.jpg,byq3760,byo3760,False,1,0.8571,0.683125,car
img_002307.jpg,mtj5833,mtj5833,True,0,1.0000,0.966162,car
img_002308.jpg,msd0247,msd0247,True,0,1.0000,0.972130,car
img_002309.jpg,odf5623,odf5623,True,0,1.0000,0.975097,car
img_002311.jpg,ppp7519,ppp7519,True,0,1.0000,0.998687,car
img_002312.jpg,odr5274,odr5274,True,0,1.0000,0.986868,car
img_002314.jpg,mtz3549,mtz3549,True,0,1.0000,0.793962,car
img_002315.jpg,ppw0076,ppw0076,True,0,1.0000,0.959117,car
img_002316.jpg,ods3662,ods3662,True,0,1.0000,0.803420,car
img_002318.jpg,ppw9332,ppw9332,True,0,1.0000,0.996843,car
img_002320.jpg,odh0228,ooh0228,False,1,0.8571,0.778298,car
img_002321.jpg,ods2624,ods2624,True,0,1.0000,0.992067,car
img_002329.jpg,ppw4661,ppw4661,True,0,1.0000,0.999715,car
img_002332.jpg,odg3176,odg3176,True,0,1.0000,0.994288,car
img_002335.jpg,odh1374,odh1374,True,0,1.0000,0.713213,car
img_002336.jpg,qrd3021,ord3021,False,1,0.8571,0.598823,car
img_002338.jpg,ppw1889,ppw1889,True,0,1.0000,0.805880,car
img_002340.jpg,odt6092,odt6092,True,0,1.0000,0.997991,car
img_002341.jpg,ppp3628,ppp3628,True,0,1.0000,0.998931,car
img_002343.jpg,ods3398,ods398,False,1,0.8571,0.982418,car
img_002344.jpg,msx9073,msx9073,True,0,1.0000,0.985619,car
img_002347.jpg,mts7362,mts7362,True,0,1.0000,0.468612,car
img_002348.jpg,qjk6374,ojk6374,False,1,0.8571,0.983205,car
img_002351.jpg,odo1303,odo1303,True,0,1.0000,0.773412,car
img_002352.jpg,ppe8144,ppe8144,True,0,1.0000,0.994617,car
img_002360.jpg,mqs2638,mqs2638,True,0,1.0000,0.740458,car
img_002361.jpg,koo9144,koo9144,True,0,1.0000,0.239245,car
img_002362.jpg,ppp7519,ppp7519,True,0,1.0000,0.999553,car
img_002364.jpg,qjk6374,ojk6374,False,1,0.8571,0.777775,car
img_002365.jpg,qrd3021,cro3021,False,2,0.7143,0.417586,car
img_002369.jpg,odr5274,odr5274,True,0,1.0000,0.993148,car
img_002370.jpg,ods3662,ods3662,True,0,1.0000,0.991441,car
img_002371.jpg,ods3398,ods3398,True,0,1.0000,0.976665,car
img_002372.jpg,lpf4692,lpf4692,True,0,1.0000,0.988039,car
img_002375.jpg,odg3065,odg3065,True,0,1.0000,0.994600,car
img_002376.jpg,odt6064,odt6064,True,0,1.0000,0.989556,car
img_002377.jpg,mtx0269,mtx0269,True,0,1.0000,0.991387,car
img_002378.jpg,ppw0076,ppw0076,True,0,1.0000,0.996117,car
img_002380.jpg,mtg5739,mtg5739,True,0,1.0000,0.628891,car
img_002381.jpg,ppm1763,ppm1763,True,0,1.0000,0.997285,car
img_002383.jpg,odg4873,oog4873,False,1,0.8571,0.980092,car
img_002388.jpg,ppz2988,ppz2988,True,0,1.0000,0.671574,car
img_002390.jpg,odf2786,od2786,False,1,0.8571,0.389780,car
img_002391.jpg,ppw4661,ppw4661,True,0,1.0000,0.999785,car
img_002392.jpg,odt6251,odt6251,True,0,1.0000,0.997290,car
img_002393.jpg,ppx5163,ppx5163,True,0,1.0000,0.585636,car
img_002395.jpg,msa1557,msa1557,True,0,1.0000,0.993165,car
img_002396.jpg,ppw1889,ppw1889,True,0,1.0000,0.876877,car
img_002398.jpg,ods3398,ods398,False,1,0.8571,0.997434,car
img_002399.jpg,ppp3628,ppp3628,True,0,1.0000,0.999558,car
img_002401.jpg,ods3662,ods3662,True,0,1.0000,0.993083,car
img_002404.jpg,msd0247,msd0247,True,0,1.0000,0.953756,car
img_002407.jpg,odh0228,ooh0228,False,1,0.8571,0.274637,car
img_002410.jpg,odg1753,odg1753,True,0,1.0000,0.913822,car
img_002412.jpg,mtm4102,mtm4102,True,0,1.0000,0.998940,car
img_002413.jpg,odp0519,opp0519,False,1,0.8571,0.289975,car
img_002414.jpg,ppx5167,ppy5167,False,1,0.8571,0.801248,car
img_002416.jpg,qjk6374,ojk6374,False,1,0.8571,0.948391,car
img_002417.jpg,odg4873,odg4873,True,0,1.0000,0.985998,car
img_002418.jpg,mtz8488,czz8488,False,2,0.7143,0.121991,car
img_002419.jpg,odp0519,oop0519,False,1,0.8571,0.522111,car
img_002420.jpg,mqn3600,mon3600,False,1,0.8571,0.997896,car
img_002421.jpg,mtx0171,mtx0171,True,0,1.0000,0.996191,car
img_002423.jpg,qrc6770,orc6770,False,1,0.8571,0.982073,car
img_002424.jpg,ppp7519,ppp7519,True,0,1.0000,0.999503,car
img_002425.jpg,odt6092,odt6092,True,0,1.0000,0.995949,car
img_002426.jpg,ppi4116,ppi4116,True,0,1.0000,0.902748,car
img_002430.jpg,odf4825,odf4825,True,0,1.0000,0.957045,car
img_002431.jpg,ovf6363,ov6363,False,1,0.8571,0.566476,car
img_002432.jpg,odt6061,odt6061,True,0,1.0000,0.986342,car
img_002437.jpg,ovf6363,ov6363,False,1,0.8571,0.990649,car
img_002439.jpg,ppp7519,ppp7519,True,0,1.0000,0.999369,car
img_002444.jpg,qrc0464,orc0464,False,1,0.8571,0.634324,car
img_002446.jpg,mtz3549,mtz3549,True,0,1.0000,0.532801,car
img_002448.jpg,mqu5385,moi5385,False,2,0.7143,0.446614,car
img_002450.jpg,mtg5739,mtg5737,False,1,0.8571,0.535854,car
img_002451.jpg,odf7548,oof7548,False,1,0.8571,0.556067,car
img_002453.jpg,ods6881,ods6881,True,0,1.0000,0.994432,car
img_002455.jpg,ovh0550,ovh0550,True,0,1.0000,0.904273,car
img_002456.jpg,mtg5739,mtg5734,False,1,0.8571,0.577750,car
img_002457.jpg,odf7548,oof7548,False,1,0.8571,0.977548,car
img_002458.jpg,odt6061,odt6061,True,0,1.0000,0.994209,car
img_002459.jpg,odh0102,odh0102,True,0,1.0000,0.952730,car
img_002460.jpg,ppp3628,ppp3628,True,0,1.0000,0.989484,car
img_002461.jpg,ppt9994,ppt9994,True,0,1.0000,0.978631,car
img_002462.jpg,ppw0076,ppw0076,True,0,1.0000,0.990220,car
img_002463.jpg,ppw1889,ppw1889,True,0,1.0000,0.671907,car
img_002464.jpg,ppp6190,ppp6190,True,0,1.0000,0.983838,car
img_002465.jpg,odr3127,odr3127,True,0,1.0000,0.936128,car
img_002466.jpg,odm3563,oom3563,False,1,0.8571,0.997571,car
img_002468.jpg,mtx0171,mtx0171,True,0,1.0000,0.991909,car
img_002469.jpg,odr3694,odr3694,True,0,1.0000,0.962887,car
img_002470.jpg,odr5274,oor5274,False,1,0.8571,0.603585,car
img_002471.jpg,ppp7519,ppp7519,True,0,1.0000,0.998354,car
img_002472.jpg,mka7333,mka7333,True,0,1.0000,0.999410,car
img_002476.jpg,msd0247,msd0247,True,0,1.0000,0.991598,car
img_002478.jpg,ods3398,ods398,False,1,0.8571,0.961433,car
img_002482.jpg,odr3127,odr3127,True,0,1.0000,0.990955,car
img_002483.jpg,mts7362,mts7362,True,0,1.0000,0.774913,car
img_002488.jpg,ppv2861,ppv2861,True,0,1.0000,0.999340,car
img_002489.jpg,mry6685,mry6685,True,0,1.0000,0.983612,car
img_002491.jpg,odg3967,odg3967,True,0,1.0000,0.880782,car
img_002493.jpg,mrx7902,mrx7902,True,0,1.0000,0.995267,car
img_002496.jpg,odr4149,odr4149,True,0,1.0000,0.845515,car
img_002497.jpg,odt6061,odt6061,True,0,1.0000,0.998232,car
img_002499.jpg,odt6251,odt6251,True,0,1.0000,0.998161,car
img_002500.jpg,qpz8234,qpz8234,True,0,1.0000,0.612209,car
img_002502.jpg,odp0519,odp0519,True,0,1.0000,0.498994,car
img_002503.jpg,ppx0682,ppx0682,True,0,1.0000,0.975585,car
img_002507.jpg,ppe5416,ppe5416,True,0,1.0000,0.954307,car
img_002508.jpg,odh1374,odh1374,True,0,1.0000,0.916641,car
img_002509.jpg,ppp4907,ppp4907,True,0,1.0000,0.961642,car
img_002511.jpg,ods3398,ods398,False,1,0.8571,0.921252,car
img_002512.jpg,mst4686,mst4686,True,0,1.0000,0.812048,car
img_002518.jpg,odp0519,oop0519,False,1,0.8571,0.560257,car
img_002519.jpg,ove9712,ove8712,False,1,0.8571,0.998522,car
img_002523.jpg,ods6881,ods6888,False,1,0.8571,0.987686,car
img_002526.jpg,odf7548,odf7548,True,0,1.0000,0.995125,car
img_002529.jpg,odp0519,odp0519,True,0,1.0000,0.535969,car
img_002531.jpg,ods2590,ods2590,True,0,1.0000,0.997397,car
img_002532.jpg,odr5274,odr5274,True,0,1.0000,0.981178,car
img_002534.jpg,mtj5833,mtj5833,True,0,1.0000,0.968651,car
img_002535.jpg,ppp8410,ppp8410,True,0,1.0000,0.993216,car
img_002536.jpg,ods2590,ods2590,True,0,1.0000,0.998727,car
img_002538.jpg,ppw1889,ppw1889,True,0,1.0000,0.998089,car
img_002539.jpg,odg1893,odg1893,True,0,1.0000,0.894436,car
img_002542.jpg,ppx5172,ppx5172,True,0,1.0000,0.877614,car
img_002547.jpg,byq3760,by03760,False,1,0.8571,0.508594,car
img_002548.jpg,ppl5787,ppl5787,True,0,1.0000,0.989762,car
img_002549.jpg,mqj7289,mos7289,False,2,0.7143,0.836289,car
img_002553.jpg,mte5192,mte5192,True,0,1.0000,0.941268,car
img_002555.jpg,msx8597,msx8597,True,0,1.0000,0.983593,car
img_002557.jpg,ods2590,ods2590,True,0,1.0000,0.998237,car
img_002558.jpg,ppp5346,ppp5346,True,0,1.0000,0.998796,car
img_002559.jpg,ppw3952,ppw3952,True,0,1.0000,0.994126,car
img_002561.jpg,qrc0723,orc0723,False,1,0.8571,0.934727,car
img_002562.jpg,mtx0171,mtx0171,True,0,1.0000,0.993263,car
img_002564.jpg,ods3398,ods398,False,1,0.8571,0.983881,car
img_002565.jpg,odg1753,oog1753,False,1,0.8571,0.876204,car
img_002566.jpg,odr5548,odr5548,True,0,1.0000,0.986970,car
img_002567.jpg,msa1557,msa1557,True,0,1.0000,0.903501,car
img_002568.jpg,ppx5167,ppy5167,False,1,0.8571,0.821259,car
img_002570.jpg,mtz8488,fiz8488,False,2,0.7143,0.339120,car
img_002573.jpg,ppp3628,ppp3628,True,0,1.0000,0.999242,car
img_002580.jpg,mts0261,mis0261,False,1,0.8571,0.511544,car
img_002581.jpg,oyg6189,oyg6189,True,0,1.0000,0.998580,car
img_002582.jpg,odf1587,odf1587,True,0,1.0000,0.671159,car
img_002584.jpg,ppp5346,ppp5346,True,0,1.0000,0.998389,car
img_002585.jpg,odg3967,odg3967,True,0,1.0000,0.903278,car
img_002586.jpg,qjk6374,ojk6374,False,1,0.8571,0.932598,car
img_002587.jpg,mtz3256,mtz3256,True,0,1.0000,0.372734,car
img_002589.jpg,ppp7519,ppp7519,True,0,1.0000,0.999236,car
img_002590.jpg,odr5274,odr5274,True,0,1.0000,0.937672,car
img_002591.jpg,ppw1889,ppw189,False,1,0.8571,0.738175,car
img_002592.jpg,ppp7010,ppp7010,True,0,1.0000,0.998478,car
img_002593.jpg,ppp6398,ppp6398,True,0,1.0000,0.993624,car
img_002596.jpg,ppk2695,ppk2695,True,0,1.0000,0.998061,car
img_002598.jpg,odr3694,odr3694,True,0,1.0000,0.941043,car
img_002599.jpg,ppw1889,ppw1889,True,0,1.0000,0.824710,car
img_002600.jpg,odg3176,odg3176,True,0,1.0000,0.997759,car
img_002601.jpg,odg4873,odg4873,True,0,1.0000,0.998370,car
img_002602.jpg,odh3455,odh3455,True,0,1.0000,0.988654,car
img_002603.jpg,qjk6374,ojk6374,False,1,0.8571,0.835326,car
img_002604.jpg,odt6064,odt6064,True,0,1.0000,0.996877,car
img_002605.jpg,ppw0076,ppw0076,True,0,1.0000,0.737572,car
img_002606.jpg,odr3706,oo3706,False,2,0.7143,0.904960,car
img_002607.jpg,msb4766,msp4766,False,1,0.8571,0.235246,car
img_002609.jpg,qhl7752,om47752,False,3,0.5714,0.647173,car
img_002611.jpg,odt6064,odt6064,True,0,1.0000,0.998982,car
img_002612.jpg,odg3065,odg3065,True,0,1.0000,0.993150,car
img_002615.jpg,qrd3012,ord3012,False,1,0.8571,0.464102,car
img_002616.jpg,odm6350,odm6350,True,0,1.0000,0.428035,car
img_002618.jpg,ppp7010,ppp7010,True,0,1.0000,0.998567,car
img_002620.jpg,qrd3045,ord3045,False,1,0.8571,0.936825,car
img_002627.jpg,ppp8356,ppp8356,True,0,1.0000,0.996227,car
img_002628.jpg,ppx0696,ppx0696,True,0,1.0000,0.992382,car
img_002630.jpg,ppx0682,ppx0682,True,0,1.0000,0.909289,car
img_002631.jpg,ppx5165,ppx5165,True,0,1.0000,0.952959,car
img_002632.jpg,ppx5163,ppx5163,True,0,1.0000,0.754767,car
img_002633.jpg,ppw1889,ppw1989,False,1,0.8571,0.650330,car
img_002634.jpg,mtz3549,mtz3449,False,1,0.8571,0.679299,car
img_002635.jpg,ppp6764,ppp6764,True,0,1.0000,0.999593,car
img_002636.jpg,ods3398,ods3398,True,0,1.0000,0.951319,car
img_002639.jpg,msk5187,msk5187,True,0,1.0000,0.999091,car
img_002640.jpg,odr3706,oo33706,False,2,0.7143,0.586809,car
img_002641.jpg,ppw4039,ppw4039,True,0,1.0000,0.862108,car
img_002642.jpg,odr0379,oor0379,False,1,0.8571,0.494456,car
img_002643.jpg,ppx4025,ppx4025,True,0,1.0000,0.996869,car
img_002647.jpg,mts7362,mts7362,True,0,1.0000,0.942816,car
img_002650.jpg,ppp6764,ppp6764,True,0,1.0000,0.998320,car
img_002651.jpg,ppp8356,ppp8356,True,0,1.0000,0.993995,car
img_002652.jpg,ppx0160,ppx0160,True,0,1.0000,0.943762,car
img_002653.jpg,ppx0682,ppx0682,True,0,1.0000,0.995307,car
img_002654.jpg,ods3398,ods3398,True,0,1.0000,0.994989,car
img_002657.jpg,odr5274,odr5274,True,0,1.0000,0.969644,car
img_002659.jpg,ppw0076,ppw0076,True,0,1.0000,0.963105,car
img_002660.jpg,ods4852,ods4052,False,1,0.8571,0.830019,car
img_002669.jpg,mtz8488,miz8488,False,1,0.8571,0.582304,car
img_002672.jpg,ppx4024,ppy4024,False,1,0.8571,0.873527,car
img_002673.jpg,odk9040,odk9040,True,0,1.0000,0.959389,car
img_002674.jpg,ppp6853,ppp6853,True,0,1.0000,0.993121,car
img_002675.jpg,ppv3922,ppy3922,False,1,0.8571,0.526592,car
img_002676.jpg,odr4149,odr4149,True,0,1.0000,0.973660,car
img_002677.jpg,odt6181,odt6181,True,0,1.0000,0.998881,car
img_002679.jpg,odt6169,odt6169,True,0,1.0000,0.998525,car
img_002681.jpg,mtz3549,mtz3549,True,0,1.0000,0.910472,car
img_002682.jpg,odg1791,odg1791,True,0,1.0000,0.927138,car
img_002683.jpg,ppp7010,ppp7010,True,0,1.0000,0.999200,car
img_002684.jpg,mtx0171,mtx0171,True,0,1.0000,0.994882,car
img_002685.jpg,odr5274,odr5274,True,0,1.0000,0.968710,car
img_002686.jpg,ppp6764,ppp6764,True,0,1.0000,0.998890,car
img_002687.jpg,ppp7519,ppp7519,True,0,1.0000,0.999430,car
img_002689.jpg,odt6092,odt6092,True,0,1.0000,0.998706,car
img_002690.jpg,ods3398,ods398,False,1,0.8571,0.997097,car
img_002691.jpg,ppw0076,ppw0076,True,0,1.0000,0.939637,car
img_002693.jpg,mts7362,mts7362,True,0,1.0000,0.823871,car
img_002695.jpg,odt6140,odt6140,True,0,1.0000,0.999082,car
img_002696.jpg,ods6119,ods6119,True,0,1.0000,0.997082,car
img_002699.jpg,oyf4944,oyf4944,True,0,1.0000,0.902392,car
img_002702.jpg,mqc1355,moc1355,False,1,0.8571,0.997802,car
img_002703.jpg,qjk6374,ojk6374,False,1,0.8571,0.988072,car
img_002704.jpg,ppw1889,ppw1889,True,0,1.0000,0.979639,car
img_002706.jpg,odt6092,odt6092,True,0,1.0000,0.998390,car
img_002707.jpg,ppw0076,ppw0076,True,0,1.0000,0.872976,car
img_002708.jpg,ppp6398,ppp6398,True,0,1.0000,0.998728,car
img_002709.jpg,mts7362,mts7362,True,0,1.0000,0.881124,car
img_002710.jpg,ppm1763,ppm1763,True,0,1.0000,0.994798,car
img_002711.jpg,odr0379,odr0379,True,0,1.0000,0.961317,car
img_002713.jpg,odh1374,odh1374,True,0,1.0000,0.992932,car
img_002714.jpg,odt6129,odt6129,True,0,1.0000,0.998068,car
img_002715.jpg,odg3176,odg3176,True,0,1.0000,0.993884,car
img_002716.jpg,ppp6764,ppp6764,True,0,1.0000,0.999653,car
img_002718.jpg,mtz3549,mtz3549,True,0,1.0000,0.672379,car
img_002719.jpg,odh4216,ooh4216,False,1,0.8571,0.940543,car
img_002720.jpg,ppp7519,ppp7519,True,0,1.0000,0.999142,car
img_002721.jpg,odr5274,odr5274,True,0,1.0000,0.988682,car
img_002726.jpg,ppx4034,ppx4034,True,0,1.0000,0.958309,car
img_002729.jpg,ocz6223,ocz6223,True,0,1.0000,0.985896,car
img_002731.jpg,pph4925,pph4925,True,0,1.0000,0.999096,car
img_002732.jpg,mst4686,mst4686,True,0,1.0000,0.984048,car
img_002733.jpg,ppl5787,ppl5787,True,0,1.0000,0.997503,car
img_002735.jpg,ppr3512,ppr3512,True,0,1.0000,0.999638,car
img_002738.jpg,odf3904,odf3904,True,0,1.0000,0.986048,car
img_002739.jpg,odh4216,ooh4216,False,1,0.8571,0.967722,car
img_002741.jpg,oyk7770,oyk7770,True,0,1.0000,0.996110,car
img_002743.jpg,ppk0655,ppk0655,True,0,1.0000,0.972019,car
img_002744.jpg,mqc1355,moc1355,False,1,0.8571,0.980356,car
img_002745.jpg,ppp8356,ppp8356,True,0,1.0000,0.975413,car
img_002747.jpg,odi1892,odi1889,False,2,0.7143,0.330424,car
img_002749.jpg,odg3176,odg3176,True,0,1.0000,0.993282,car
img_002750.jpg,mtz3549,mtz3749,False,1,0.8571,0.707109,car
img_002751.jpg,ppw3176,ppy3176,False,1,0.8571,0.615635,car
img_002752.jpg,ppw0076,ppw0076,True,0,1.0000,0.919785,car
img_002754.jpg,odr5274,odr5274,True,0,1.0000,0.932823,car
img_002755.jpg,ppp7519,ppp7519,True,0,1.0000,0.999183,car
img_002756.jpg,ods3398,ods398,False,1,0.8571,0.855067,car
img_002757.jpg,ppl5787,ppl5787,True,0,1.0000,0.998325,car
img_002758.jpg,mti4774,mti4774,True,0,1.0000,0.989510,car
img_002759.jpg,odr3127,odr3127,True,0,1.0000,0.812803,car
img_002760.jpg,mts7362,mts7362,True,0,1.0000,0.970219,car
img_002762.jpg,ppx0155,ppx0155,True,0,1.0000,0.996963,car
img_002763.jpg,mtx0171,mtx0171,True,0,1.0000,0.991771,car
img_002765.jpg,ppx4048,ppy4048,False,1,0.8571,0.712758,car
img_002767.jpg,mst8531,mst8531,True,0,1.0000,0.923700,car
img_002768.jpg,ppm1763,ppm1763,True,0,1.0000,0.999380,car
img_002769.jpg,odo9891,od09891,False,1,0.8571,0.622832,car
img_002770.jpg,odg3176,odg3176,True,0,1.0000,0.987923,car
img_002773.jpg,ppp7519,ppp7519,True,0,1.0000,0.999242,car
img_002778.jpg,ppx9984,ppx9984,True,0,1.0000,0.413839,car
img_002779.jpg,mtg8276,mtg8276,True,0,1.0000,0.977693,car
img_002781.jpg,ppp7010,ppp7010,True,0,1.0000,0.999223,car
img_002784.jpg,msd0247,msd0247,True,0,1.0000,0.955933,car
img_002785.jpg,ppp2796,ppp2796,True,0,1.0000,0.998537,car
img_002789.jpg,mtw7816,mtw7816,True,0,1.0000,0.983770,car
img_002791.jpg,ovh1838,ovh1838,True,0,1.0000,0.975639,car
img_002792.jpg,ppz7593,ppz7593,True,0,1.0000,0.837845,car
img_002793.jpg,mtz6794,av26194,False,4,0.4286,0.055535,car
img_002795.jpg,mqc1355,moc1355,False,1,0.8571,0.789864,car
img_002796.jpg,ppp8761,ppp8761,True,0,1.0000,0.998667,car
img_002797.jpg,qjk6374,ojk6374,False,1,0.8571,0.972320,car
img_002798.jpg,odh4216,odh4216,True,0,1.0000,0.832275,car
img_002803.jpg,odr3127,oor3127,False,1,0.8571,0.838393,car
img_002804.jpg,mtx0171,mtx0171,True,0,1.0000,0.993529,car
img_002805.jpg,mts0261,mis0261,False,1,0.8571,0.638660,car
img_002806.jpg,odr2162,odr2162,True,0,1.0000,0.987948,car
img_002809.jpg,ppt9994,ppt9934,False,1,0.8571,0.772535,car
img_002810.jpg,ppw3952,ppw3952,True,0,1.0000,0.992382,car
img_002811.jpg,qrc6770,orc6770,False,1,0.8571,0.822787,car
img_002813.jpg,odt6129,odt6129,True,0,1.0000,0.998364,car
img_002814.jpg,qjk6374,ojk6374,False,1,0.8571,0.962885,car
img_002815.jpg,ods4776,oos4776,False,1,0.8571,0.572386,car
img_002816.jpg,mtz8488,czz8488,False,2,0.7143,0.427676,car
img_002817.jpg,odf5623,odf5623,True,0,1.0000,0.987988,car
img_002818.jpg,msa1557,msa1557,True,0,1.0000,0.993564,car
img_002820.jpg,odh4216,odh4216,True,0,1.0000,0.901075,car
img_002821.jpg,ppw3952,ppw3952,True,0,1.0000,0.994660,car
img_002822.jpg,ppw0076,ppw0076,True,0,1.0000,0.982728,car
img_002824.jpg,odh1374,odh1374,True,0,1.0000,0.992845,car
img_002825.jpg,ods3398,ods3398,True,0,1.0000,0.949015,car
img_002826.jpg,ppw9332,ppw9332,True,0,1.0000,0.954596,car
img_002828.jpg,ods3662,od53662,False,1,0.8571,0.425634,car
img_002832.jpg,odt6064,odt6064,True,0,1.0000,0.995629,car
img_002834.jpg,odo0659,odo0659,True,0,1.0000,0.946591,car
img_002835.jpg,odf4543,odf4543,True,0,1.0000,0.960795,car
img_002836.jpg,ppz5238,ppz5238,True,0,1.0000,0.480104,car
img_002837.jpg,ppw4039,ppw4039,True,0,1.0000,0.995379,car
img_002838.jpg,mqf7485,mqf7485,True,0,1.0000,0.509141,car
img_002839.jpg,ove8718,ove8718,True,0,1.0000,0.991181,car
img_002841.jpg,qjk6374,ojk6374,False,1,0.8571,0.971079,car
img_002844.jpg,odh4216,odh4216,True,0,1.0000,0.684615,car
img_002845.jpg,ppz5238,ppz5238,True,0,1.0000,0.611281,car
img_002846.jpg,odf1587,odf1587,True,0,1.0000,0.705382,car
img_002847.jpg,ppp7010,ppp7010,True,0,1.0000,0.998758,car
img_002848.jpg,msk2049,msk2049,True,0,1.0000,0.997917,car
img_002849.jpg,mts7362,mts7362,True,0,1.0000,0.833357,car
img_002850.jpg,ppz5238,ppz5238,True,0,1.0000,0.689214,car
img_002851.jpg,mtx0171,mtx0171,True,0,1.0000,0.994436,car
img_002856.jpg,ods6175,ods6175,True,0,1.0000,0.999640,car
img_002857.jpg,ppx0696,ppx0696,True,0,1.0000,0.691004,car
img_002858.jpg,mts7362,mts7362,True,0,1.0000,0.480600,car
img_002859.jpg,ppp6764,ppp6764,True,0,1.0000,0.999601,car
img_002861.jpg,ppp7519,ppp7519,True,0,1.0000,0.999323,car
img_002868.jpg,odg3176,odg3176,True,0,1.0000,0.997617,car
img_002869.jpg,ppw0076,ppw0076,True,0,1.0000,0.957848,car
img_002871.jpg,qrc6742,qrc6742,True,0,1.0000,0.559148,car
img_002873.jpg,odr1805,odr1805,True,0,1.0000,0.865100,car
img_002874.jpg,odg3176,odg3176,True,0,1.0000,0.996076,car
img_002875.jpg,mts7362,mts7362,True,0,1.0000,0.661352,car
img_002878.jpg,ppl5787,ppl5787,True,0,1.0000,0.994925,car
img_002879.jpg,odg3176,odg3176,True,0,1.0000,0.969893,car
img_002881.jpg,odr4042,odr4042,True,0,1.0000,0.582116,car
img_002883.jpg,ocx7051,ocx7051,True,0,1.0000,0.980637,car
img_002886.jpg,mtz6794,mic794,False,3,0.5714,0.262466,car
img_002887.jpg,odg3967,odg3967,True,0,1.0000,0.996395,car
img_002888.jpg,mtz6860,mtz6860,True,0,1.0000,0.967777,car
img_002889.jpg,mtj5833,mtj5833,True,0,1.0000,0.916134,car
img_002891.jpg,ods2590,ods2590,True,0,1.0000,0.993481,car
img_002892.jpg,odf5623,odf5623,True,0,1.0000,0.950501,car
img_002896.jpg,ppp4197,ppp4197,True,0,1.0000,0.999295,car
img_002897.jpg,ppp6764,ppp6764,True,0,1.0000,0.999156,car
img_002898.jpg,ppp7519,ppp7519,True,0,1.0000,0.999474,car
img_002901.jpg,ppp4197,ppp4197,True,0,1.0000,0.995197,car
img_002902.jpg,ppi4116,ppi4116,True,0,1.0000,0.780099,car
img_002903.jpg,ods3662,ods3662,True,0,1.0000,0.998110,car
img_002904.jpg,odh1374,odh1374,True,0,1.0000,0.994387,car
img_002905.jpg,ppw4039,ppw4039,True,0,1.0000,0.988865,car
img_002907.jpg,ppw9332,ppw9332,True,0,1.0000,0.999280,car
img_002908.jpg,ppp2796,ppp2796,True,0,1.0000,0.999025,car
img_002910.jpg,ppl5787,ppl5787,True,0,1.0000,0.995543,car
img_002911.jpg,odg3065,odg3065,True,0,1.0000,0.997137,car
img_002913.jpg,mts7362,mts7362,True,0,1.0000,0.952933,car
img_002914.jpg,mtz6860,mtz6860,True,0,1.0000,0.906869,car
img_002917.jpg,mrx3194,mrx3194,True,0,1.0000,0.875287,car
img_002918.jpg,odt6129,odt6129,True,0,1.0000,0.885208,car
img_002924.jpg,mtz6860,mtz6860,True,0,1.0000,0.918419,car
img_002925.jpg,odg3967,odg3967,True,0,1.0000,0.996812,car
img_002926.jpg,odg3176,odg3176,True,0,1.0000,0.998986,car
img_002927.jpg,msd0247,msd0247,True,0,1.0000,0.940147,car
img_002928.jpg,qjk6374,ojk6374,False,1,0.8571,0.988346,car
img_002929.jpg,qrc6742,orc6742,False,1,0.8571,0.552113,car
img_002930.jpg,ppw1889,ppw1889,True,0,1.0000,0.973001,car
img_002931.jpg,orb3168,orb3168,True,0,1.0000,0.996121,car
img_002932.jpg,odo9889,odq9889,False,1,0.8571,0.500153,car
img_002933.jpg,odf5623,odf5623,True,0,1.0000,0.913038,car
img_002935.jpg,msk2049,msk2049,True,0,1.0000,0.993086,car
img_002936.jpg,ods3398,ods3988,False,2,0.7143,0.541087,car
img_002940.jpg,odr3127,oor3127,False,1,0.8571,0.812115,car
img_002943.jpg,puk3709,puk3709,True,0,1.0000,0.999586,car
img_002947.jpg,odg4873,odg4873,True,0,1.0000,0.999665,car
img_002948.jpg,qjk6374,ojk6374,False,1,0.8571,0.959481,car
img_002949.jpg,odg3967,odg3967,True,0,1.0000,0.990966,car
img_002950.jpg,ppp9789,ppp9789,True,0,1.0000,0.987477,car
img_002951.jpg,ppw9578,ppw9578,True,0,1.0000,0.993459,car
img_002952.jpg,qrc6742,qrc6742,True,0,1.0000,0.778761,car
img_002953.jpg,ppw1889,ppw1989,False,1,0.8571,0.891254,car
img_002955.jpg,ppx5163,ppx5163,True,0,1.0000,0.940717,car
img_002956.jpg,oyd0023,oyd0023,True,0,1.0000,0.994914,car
img_002957.jpg,ppx5172,ppx5172,True,0,1.0000,0.892544,car
img_002960.jpg,odf1587,odf1587,True,0,1.0000,0.949482,car
img_002961.jpg,ppp7519,ppp7519,True,0,1.0000,0.999003,car
img_002962.jpg,pps4432,pps4432,True,0,1.0000,0.773650,car
img_002963.jpg,ppp6764,ppp6764,True,0,1.0000,0.999472,car
img_002964.jpg,odr3127,odr3127,True,0,1.0000,0.980224,car
img_002967.jpg,ods2590,ods2590,True,0,1.0000,0.996420,car
img_002970.jpg,mtn9522,mtn9522,True,0,1.0000,0.996286,car
img_002972.jpg,ppw9578,ppw9578,True,0,1.0000,0.996722,car
img_002974.jpg,mtj5833,mtj5833,True,0,1.0000,0.970596,car
img_002975.jpg,qjk6374,ojk6374,False,1,0.8571,0.901532,car
img_002976.jpg,msd0247,msd0247,True,0,1.0000,0.904684,car
img_002977.jpg,ods2590,ods2590,True,0,1.0000,0.995905,car
img_002978.jpg,mtz3549,mtz3549,True,0,1.0000,0.686206,car
img_002980.jpg,ppw1889,ppw1889,True,0,1.0000,0.985628,car
img_002981.jpg,ppv0918,ppv0918,True,0,1.0000,0.875598,car
img_002984.jpg,odg1893,odg1893,True,0,1.0000,0.988927,car
img_002985.jpg,ppp6764,ppp6764,True,0,1.0000,0.997446,car
img_002986.jpg,ppw3952,ppw3952,True,0,1.0000,0.994485,car
img_002987.jpg,odf1587,odf1587,True,0,1.0000,0.668808,car
img_002988.jpg,ods3398,ods3398,True,0,1.0000,0.904538,car
img_002990.jpg,odi1892,odi1892,True,0,1.0000,0.622467,car
img_002991.jpg,odo1303,odo1303,True,0,1.0000,0.696562,car
img_002992.jpg,odr3127,oor3127,False,1,0.8571,0.952759,car
img_002995.jpg,ods2624,ods2624,True,0,1.0000,0.968297,car
img_002996.jpg,ods2167,ods2167,True,0,1.0000,0.998641,car
img_002997.jpg,odg1753,odg1753,True,0,1.0000,0.985575,car
img_003000.jpg,ppo0839,ppo6839,False,1,0.8571,0.953972,car
img_003001.jpg,odt6140,odt6140,True,0,1.0000,0.998992,car
img_003002.jpg,mts7362,mts7362,True,0,1.0000,0.475695,car
img_003003.jpg,epk6958,epk6958,True,0,1.0000,0.939246,car
img_003004.jpg,odg4873,odg4873,True,0,1.0000,0.999175,car
img_003006.jpg,ppw1889,ppw1889,True,0,1.0000,0.983409,car
img_003013.jpg,ods3398,ods399,False,2,0.7143,0.841631,car
img_003018.jpg,odg3967,odg3967,True,0,1.0000,0.983494,car
img_003020.jpg,mtz6860,mtz6860,True,0,1.0000,0.954727,car
img_003023.jpg,mts7362,mts7362,True,0,1.0000,0.961662,car
img_003024.jpg,odi1892,odi1189,False,2,0.7143,0.916734,car
img_003029.jpg,odr4042,qdr4042,False,1,0.8571,0.329826,car
img_003031.jpg,okl2076,okl2076,True,0,1.0000,0.999276,car
img_003032.jpg,odr4042,odr4042,True,0,1.0000,0.767895,car
img_003035.jpg,ppl5787,ppl5787,True,0,1.0000,0.998353,car
img_003040.jpg,mtz6794,ntp5744,False,4,0.4286,0.063113,car
img_003041.jpg,ppx2707,ppx2707,True,0,1.0000,0.999199,car
img_003043.jpg,qhl7752,ohu7752,False,2,0.7143,0.282327,car
img_003044.jpg,mtz3256,miz3256,False,1,0.8571,0.766961,car
img_003045.jpg,ppp8761,ppp8761,True,0,1.0000,0.998182,car
img_003046.jpg,msd0247,msd0247,True,0,1.0000,0.918981,car
img_003047.jpg,odg4873,odg4873,True,0,1.0000,0.999027,car
img_003048.jpg,ppw9578,ppw9578,True,0,1.0000,0.996647,car
img_003049.jpg,ppw1889,ppw188,False,1,0.8571,0.593107,car
img_003050.jpg,odr5274,odr5274,True,0,1.0000,0.991201,car
img_003051.jpg,ppp6764,ppp6764,True,0,1.0000,0.998580,car
img_003053.jpg,ods3398,ods3398,True,0,1.0000,0.939235,car
img_003055.jpg,odt6162,odt6162,True,0,1.0000,0.996707,car
img_003058.jpg,mtz6860,mtz6860,True,0,1.0000,0.972641,car
img_003059.jpg,odr3127,oor3127,False,1,0.8571,0.795685,car
img_003060.jpg,mtz3256,miz3256,False,1,0.8571,0.522190,car
img_003061.jpg,ppg5552,ppg5552,True,0,1.0000,0.993491,car
img_003062.jpg,odr4042,odr4042,True,0,1.0000,0.811900,car
img_003065.jpg,mtj5833,mtj5833,True,0,1.0000,0.961204,car
img_003066.jpg,mst8531,mst8531,True,0,1.0000,0.899573,car
img_003067.jpg,odg4873,odg4873,True,0,1.0000,0.999035,car
img_003068.jpg,msd0247,msd0247,True,0,1.0000,0.968796,car
img_003071.jpg,ppr3512,ppr3512,True,0,1.0000,0.999606,car
img_003072.jpg,ods3398,ods398,False,1,0.8571,0.989816,car
img_003073.jpg,ppp6764,ppp6764,True,0,1.0000,0.999435,car
img_003075.jpg,ppp7519,ppp7519,True,0,1.0000,0.999322,car
img_003077.jpg,ppw1889,ppw1899,False,1,0.8571,0.566195,car
img_003078.jpg,qrc6742,qrc6742,True,0,1.0000,0.839014,car
img_003079.jpg,odr5274,odr5274,True,0,1.0000,0.955415,car
img_003080.jpg,odp0519,oop0519,False,1,0.8571,0.831886,car
img_003081.jpg,odo9891,od09891,False,1,0.8571,0.720217,car
img_003083.jpg,odt6162,odt6162,True,0,1.0000,0.997052,car
img_003085.jpg,odf1587,odf1587,True,0,1.0000,0.826347,car
img_003088.jpg,mts7362,mts7362,True,0,1.0000,0.545353,car
img_003090.jpg,ppn9005,ppn9005,True,0,1.0000,0.960656,car
img_003092.jpg,ppx6781,ppy6781,False,1,0.8571,0.784416,car
img_003095.jpg,odp0519,odp0519,True,0,1.0000,0.798068,car
img_003096.jpg,ppp9789,ppp9789,True,0,1.0000,0.999050,car
img_003097.jpg,qrc6742,qrc6742,True,0,1.0000,0.969985,car
img_003098.jpg,mtz6860,mtz6860,True,0,1.0000,0.979457,car
img_003099.jpg,odg3176,odg3176,True,0,1.0000,0.994539,car
img_003102.jpg,ppp5346,ppp5346,True,0,1.0000,0.999038,car
img_003103.jpg,mtn9701,mtn9701,True,0,1.0000,0.998813,car
img_003105.jpg,mtz8488,viz8489,False,3,0.5714,0.288558,car
img_003106.jpg,odr5274,odr5274,True,0,1.0000,0.984616,car
img_003108.jpg,ppp6764,ppp6764,True,0,1.0000,0.999521,car
img_003109.jpg,qhl7752,ohl7752,False,1,0.8571,0.769974,car
img_003113.jpg,ods3398,ods3398,True,0,1.0000,0.980233,car
img_003115.jpg,ppw4039,pph4039,False,1,0.8571,0.781091,car
img_003116.jpg,odt6162,odt6162,True,0,1.0000,0.997448,car
img_003117.jpg,oyd0023,oyd0023,True,0,1.0000,0.996204,car
img_003119.jpg,msa5334,msa5324,False,1,0.8571,0.848509,car
img_003120.jpg,odt6064,odt6064,True,0,1.0000,0.998979,car
img_003122.jpg,ppz5238,ppz5238,True,0,1.0000,0.581576,car
img_003127.jpg,odt6217,odt6217,True,0,1.0000,0.997339,car
img_003128.jpg,qrc0461,qrc0461,True,0,1.0000,0.669799,car
img_003130.jpg,msm2996,msm2996,True,0,1.0000,0.958404,car
img_003131.jpg,dru0900,dru0900,True,0,1.0000,0.914468,car
img_003133.jpg,mtn9522,mtn9522,True,0,1.0000,0.999094,car
img_003134.jpg,mtz6860,mtz6860,True,0,1.0000,0.953608,car
img_003136.jpg,odt6129,odt6129,True,0,1.0000,0.999042,car
img_003138.jpg,ppw9578,ppw9578,True,0,1.0000,0.996571,car
img_003140.jpg,mtn9701,mtn9761,False,1,0.8571,0.983358,car
img_003143.jpg,ppp6764,ppp6764,True,0,1.0000,0.999721,car
img_003144.jpg,ppp4197,ppp4197,True,0,1.0000,0.999061,car
img_003146.jpg,ppw0076,ppw0076,True,0,1.0000,0.982802,car
img_003147.jpg,ods3398,ods3398,True,0,1.0000,0.959258,car
img_003148.jpg,odf1587,odf1587,True,0,1.0000,0.834512,car
img_003150.jpg,ppp7519,ppp7519,True,0,1.0000,0.999666,car
img_003152.jpg,lre2424,lre2424,True,0,1.0000,0.990191,car
img_003155.jpg,ppp6764,ppp6764,True,0,1.0000,0.996313,car
img_003156.jpg,msi3655,ms13655,False,1,0.8571,0.605862,car
img_003157.jpg,ppp6398,ppp6398,True,0,1.0000,0.991155,car
img_003158.jpg,ppa0934,ppa0934,True,0,1.0000,0.993247,car
img_003161.jpg,odt6181,odt6181,True,0,1.0000,0.998040,car
img_003162.jpg,msd0247,msd0247,True,0,1.0000,0.967899,car
img_003163.jpg,odg3967,odg3967,True,0,1.0000,0.996863,car
img_003165.jpg,odp0519,oopo519,False,2,0.7143,0.506242,car
img_003166.jpg,ppx6781,ppy6781,False,1,0.8571,0.588783,car
img_003167.jpg,odt6162,odt6162,True,0,1.0000,0.997382,car
img_003170.jpg,ppp9789,ppp9789,True,0,1.0000,0.998922,car
img_003172.jpg,qrd3044,qrd3044,True,0,1.0000,0.694543,car
img_003173.jpg,qrb2775,orb2775,False,1,0.8571,0.763785,car
img_003176.jpg,odg1791,odg1791,True,0,1.0000,0.946560,car
img_003177.jpg,ppe5416,ppe5416,True,0,1.0000,0.980620,car
img_003179.jpg,ocz9247,ocz9247,True,0,1.0000,0.864903,car
img_003181.jpg,odg3176,odg3176,True,0,1.0000,0.953757,car
img_003182.jpg,ppz5238,pp75238,False,1,0.8571,0.588909,car
img_003183.jpg,ppz7593,ppz7593,True,0,1.0000,0.932355,car
img_003186.jpg,mts7362,mts7362,True,0,1.0000,0.817288,car
img_003187.jpg,ppa9043,ppa9043,True,0,1.0000,0.999568,car
img_003190.jpg,ppw0076,ppw0076,True,0,1.0000,0.982070,car
img_003193.jpg,ppw0162,ppw0162,True,0,1.0000,0.957689,car
img_003195.jpg,odt6129,odt6129,True,0,1.0000,0.997917,car
img_003196.jpg,mtn9522,mtn9522,True,0,1.0000,0.998392,car
img_003197.jpg,ppp8761,ppp8761,True,0,1.0000,0.997037,car
img_003198.jpg,ppw0076,ppw0076,True,0,1.0000,0.974799,car
img_003199.jpg,odg4873,odg4873,True,0,1.0000,0.999096,car
img_003200.jpg,msz7325,ms27325,False,1,0.8571,0.929830,car
img_003201.jpg,ods2590,ods2590,True,0,1.0000,0.997856,car
img_003202.jpg,odt6162,odt6162,True,0,1.0000,0.998328,car
img_003204.jpg,odf5623,odf562,False,1,0.8571,0.780105,car
img_003206.jpg,qrc6742,qrc6742,True,0,1.0000,0.759002,car
img_003207.jpg,ppw3952,ppw3952,True,0,1.0000,0.998088,car
img_003208.jpg,odp0519,oop0519,False,1,0.8571,0.413712,car
img_003209.jpg,ppp8761,ppp8761,True,0,1.0000,0.997669,car
img_003211.jpg,odr1805,odr1805,True,0,1.0000,0.504592,car
img_003215.jpg,odf4543,ode4543,False,1,0.8571,0.676373,car
img_003217.jpg,ppw4039,ppw4039,True,0,1.0000,0.996081,car
img_003219.jpg,ppp6853,ppp6853,True,0,1.0000,0.991055,car
img_003220.jpg,ovf6363,ovf6363,True,0,1.0000,0.568168,car
img_003221.jpg,ppw0076,ppw0076,True,0,1.0000,0.979676,car
img_003227.jpg,odt6129,odt6123,False,1,0.8571,0.763601,car
img_003228.jpg,qrc0727,qrc0727,True,0,1.0000,0.520876,car
img_003229.jpg,msa1557,msa1557,True,0,1.0000,0.921408,car
img_003230.jpg,odt6181,odt6181,True,0,1.0000,0.984373,car
img_003231.jpg,msd0247,msd0247,True,0,1.0000,0.951195,car
img_003232.jpg,ovf6363,ov6363,False,1,0.8571,0.531214,car
img_003233.jpg,odg3176,odg3176,True,0,1.0000,0.996518,car
img_003234.jpg,oyk7514,oyk7514,True,0,1.0000,0.998404,car
img_003235.jpg,oyd0023,oyd0023,True,0,1.0000,0.994987,car
img_003236.jpg,odt6061,odt6061,True,0,1.0000,0.999523,car
img_003239.jpg,odp0519,oop0519,False,1,0.8571,0.760657,car
img_003240.jpg,qrc6742,orc6742,False,1,0.8571,0.609575,car
img_003241.jpg,ods6953,ods6953,True,0,1.0000,0.969877,car
img_003243.jpg,ods3398,ods398,False,1,0.8571,0.995243,car
img_003244.jpg,odr4042,odr4042,True,0,1.0000,0.764895,car
img_003245.jpg,mry6685,mry6685,True,0,1.0000,0.958420,car
img_003247.jpg,ppw9332,ppw9332,True,0,1.0000,0.992943,car
img_003248.jpg,ppw4039,ppw4039,True,0,1.0000,0.998842,car
img_003249.jpg,pph7380,pph7380,True,0,1.0000,0.982596,car
img_003255.jpg,odr3694,odr3694,True,0,1.0000,0.945866,car
img_003257.jpg,mtz3549,miz3599,False,2,0.7143,0.593715,car
img_003258.jpg,ppp8761,ppp8761,True,0,1.0000,0.998503,car
img_003259.jpg,odg3967,odg3967,True,0,1.0000,0.997392,car
img_003260.jpg,oyd0023,oyd0023,True,0,1.0000,0.993802,car
img_003261.jpg,odg3176,odg3176,True,0,1.0000,0.810679,car
img_003262.jpg,ods2590,ods2590,True,0,1.0000,0.997999,car
img_003264.jpg,ppw3952,ppw3952,True,0,1.0000,0.997864,car
img_003265.jpg,qrc6742,qrc6742,True,0,1.0000,0.978040,car
img_003266.jpg,odg1893,odg1893,True,0,1.0000,0.937478,car
img_003267.jpg,ppp7519,ppp7519,True,0,1.0000,0.999133,car
img_003268.jpg,ppp6853,ppp6853,True,0,1.0000,0.989994,car
img_003271.jpg,ods3398,ods3398,True,0,1.0000,0.994618,car
img_003272.jpg,qrb5219,orb5219,False,1,0.8571,0.789768,car
img_003273.jpg,ppw9332,ppw9332,True,0,1.0000,0.999628,car
img_003274.jpg,ods6881,ods6881,True,0,1.0000,0.983146,car
img_003276.jpg,mts7362,mts7362,True,0,1.0000,0.669911,car
img_003277.jpg,ppw3952,ppw3952,True,0,1.0000,0.996260,car
img_003279.jpg,msa1557,msa1557,True,0,1.0000,0.978653,car
img_003282.jpg,ods2624,ods2624,True,0,1.0000,0.978289,car
img_003284.jpg,ove8718,ove8718,True,0,1.0000,0.998890,car
img_003290.jpg,ppe4457,ppe4445,False,2,0.7143,0.405868,car
img_003291.jpg,msa1557,msa1557,True,0,1.0000,0.956834,car
img_003292.jpg,odh1374,odh1374,True,0,1.0000,0.989683,car
img_003295.jpg,odg3967,odg3967,True,0,1.0000,0.997089,car
img_003296.jpg,odg4873,odg4873,True,0,1.0000,0.999153,car
img_003297.jpg,ppw9578,ppw9578,True,0,1.0000,0.996746,car
img_003298.jpg,ppx0682,ppx0682,True,0,1.0000,0.564729,car
img_003299.jpg,oyd0023,oyd0023,True,0,1.0000,0.996686,car
img_003300.jpg,odg3176,odg3176,True,0,1.0000,0.987953,car
img_003301.jpg,ppw1889,ppw1899,False,1,0.8571,0.676676,car
img_003302.jpg,ods3398,ods3398,True,0,1.0000,0.979293,car
img_003305.jpg,qjk6374,ajks374,False,2,0.7143,0.190952,car
img_003306.jpg,mtz3549,miz3549,False,1,0.8571,0.528545,car
img_003307.jpg,qrc6742,qrc6742,True,0,1.0000,0.515665,car
img_003309.jpg,ppp4197,ppp4197,True,0,1.0000,0.996114,car
img_003313.jpg,odr4042,odr4042,True,0,1.0000,0.399301,car
img_003314.jpg,odt6173,odt6173,True,0,1.0000,0.993152,car
img_003316.jpg,mts7362,mts7362,True,0,1.0000,0.786698,car
img_003317.jpg,ods2624,ods2624,True,0,1.0000,0.944593,car
img_003318.jpg,ppp6398,ppp6398,True,0,1.0000,0.998695,car
img_003319.jpg,odr4042,odr4042,True,0,1.0000,0.722037,car
img_003322.jpg,odq9368,0009368,False,3,0.5714,0.562038,car
img_003324.jpg,mtz3256,miz3256,False,1,0.8571,0.619861,car
img_003326.jpg,mtz6860,mtz6860,True,0,1.0000,0.967006,car
img_003329.jpg,ppx0682,ppx0682,True,0,1.0000,0.890372,car
img_003332.jpg,oyk4283,oyk4283,True,0,1.0000,0.856501,car
img_003333.jpg,ppw0076,ppw0076,True,0,1.0000,0.984053,car
img_003334.jpg,ods6881,ods6888,False,1,0.8571,0.896643,car
img_003335.jpg,ppp7519,ppp7519,True,0,1.0000,0.999256,car
img_003337.jpg,odr3127,odr3127,True,0,1.0000,0.984004,car
img_003338.jpg,mtx0171,mtx0171,True,0,1.0000,0.992150,car
img_003339.jpg,ppw0076,ppw0076,True,0,1.0000,0.863132,car
img_003340.jpg,ppi4116,ppi4116,True,0,1.0000,0.979947,car
img_003344.jpg,mpb0290,mpb0230,False,1,0.8571,0.536071,car
img_003345.jpg,odp0519,odp0519,True,0,1.0000,0.296188,car
img_003346.jpg,ppp7010,ppp7010,True,0,1.0000,0.999242,car
img_003347.jpg,ppx0682,ppx0682,True,0,1.0000,0.911659,car
img_003348.jpg,mtz3549,miz3549,False,1,0.8571,0.776129,car
img_003349.jpg,mhn2867,mhn2867,True,0,1.0000,0.928904,car
img_003354.jpg,mqu4192,mau4192,False,1,0.8571,0.805121,car
img_003355.jpg,ppl5787,ppl5787,True,0,1.0000,0.995048,car
img_003356.jpg,ove9965,ove9865,False,1,0.8571,0.222108,car
img_003358.jpg,ppu6390,ppu6390,True,0,1.0000,0.983827,car
img_003359.jpg,mtz3549,miz3549,False,1,0.8571,0.618230,car
img_003365.jpg,ppp7505,ppp7505,True,0,1.0000,0.989849,car
img_003366.jpg,mty1273,mty1273,True,0,1.0000,0.735753,car
img_003368.jpg,ppp8761,ppp8761,True,0,1.0000,0.997826,car
img_003369.jpg,mtz6860,mtz6860,True,0,1.0000,0.953478,car
img_003370.jpg,mtz3549,miz3549,False,1,0.8571,0.925824,car
img_003371.jpg,odp0519,oop0519,False,1,0.8571,0.604071,car
img_003372.jpg,odt6169,odt6169,True,0,1.0000,0.999123,car
img_003373.jpg,ove8718,ove8718,True,0,1.0000,0.996899,car
img_003375.jpg,ppp2841,ppp2841,True,0,1.0000,0.976955,car
img_003376.jpg,odg6312,odg6312,True,0,1.0000,0.979575,car
img_003377.jpg,odt6061,odt6061,True,0,1.0000,0.998243,car
img_003381.jpg,odo1303,0001303,False,3,0.5714,0.467973,car
img_003387.jpg,eyo3502,ey03502,False,1,0.8571,0.788111,car
img_003394.jpg,mqm4744,moma744,False,2,0.7143,0.419380,car
img_003398.jpg,ppk1316,ppk1316,True,0,1.0000,0.957238,car
img_003401.jpg,mts7362,mys7362,False,1,0.8571,0.550585,car
img_003406.jpg,mts7362,mts762,False,1,0.8571,0.777550,car
img_003407.jpg,odt6061,odt6061,True,0,1.0000,0.999046,car
img_003410.jpg,mss7380,mss7380,True,0,1.0000,0.658157,car
img_003413.jpg,ppp5321,ppp5327,False,1,0.8571,0.917545,car
img_003414.jpg,odg1791,odg1791,True,0,1.0000,0.672191,car
img_003415.jpg,mtz6860,mtz6860,True,0,1.0000,0.967387,car
img_003417.jpg,ppx0682,ppx0682,True,0,1.0000,0.975195,car
img_003420.jpg,mtz3549,mtz3549,True,0,1.0000,0.589502,car
img_003421.jpg,odo2523,odo2523,True,0,1.0000,0.984173,car
img_003422.jpg,ppw3952,ppw3952,True,0,1.0000,0.995849,car
img_003423.jpg,ppp4197,ppp4197,True,0,1.0000,0.991411,car
img_003424.jpg,odg3176,odg3176,True,0,1.0000,0.950457,car
img_003425.jpg,odg1893,odg1893,True,0,1.0000,0.991229,car
img_003426.jpg,ppw9332,ppw9332,True,0,1.0000,0.996922,car
img_003429.jpg,ppz2988,ppz2988,True,0,1.0000,0.901045,car
img_003431.jpg,ods6881,ods6888,False,1,0.8571,0.998246,car
img_003432.jpg,ppc9436,ppc9436,True,0,1.0000,0.992122,car
img_003433.jpg,mtz3256,miz3256,False,1,0.8571,0.257204,car
img_003434.jpg,msp6328,msp6328,True,0,1.0000,0.999332,car
img_003435.jpg,mst8531,mst8531,True,0,1.0000,0.942882,car
img_003436.jpg,odo2523,odo2523,True,0,1.0000,0.948128,car
img_003442.jpg,ppl5787,ppl5787,True,0,1.0000,0.991394,car
img_003444.jpg,odg3176,odg3176,True,0,1.0000,0.979918,car
img_003446.jpg,odt6129,odt6129,True,0,1.0000,0.997874,car
img_003462.jpg,ods9679,ods9679,True,0,1.0000,0.732043,car
img_003468.jpg,oda9324,oda9324,True,0,1.0000,0.995561,car
img_003470.jpg,mrd3230,mrd3230,True,0,1.0000,0.588838,car
img_003472.jpg,oyg3795,oyg3795,True,0,1.0000,0.995844,car
img_003476.jpg,jpe2677,jp2677,False,1,0.8571,0.984096,car
img_003477.jpg,ppi2537,ppi2537,True,0,1.0000,0.995959,car
img_003478.jpg,mrz0866,mrz0866,True,0,1.0000,0.954976,car
img_003482.jpg,mst3381,mst3381,True,0,1.0000,0.809133,car
img_003484.jpg,mpk0306,mpk0306,True,0,1.0000,0.999396,car
img_003491.jpg,qrb7717,orb7717,False,1,0.8571,0.986330,car
img_003493.jpg,oyh3829,oyh3829,True,0,1.0000,0.813382,car
img_003497.jpg,mrd2754,mrd2754,True,0,1.0000,0.987948,car
img_003500.jpg,ppl5835,ppl5835,True,0,1.0000,0.998826,car
img_003519.jpg,mts0601,mts0601,True,0,1.0000,0.766992,car
img_003522.jpg,ppy0074,ppy0074,True,0,1.0000,0.597292,car
img_003529.jpg,mtq5314,mtq5314,True,0,1.0000,0.495859,car
img_003530.jpg,mpj6102,mpj6102,True,0,1.0000,0.994291,car
img_003536.jpg,mrz1196,mrz1196,True,0,1.0000,0.730516,car
img_003544.jpg,odf2508,odf2508,True,0,1.0000,0.995293,car
img_003555.jpg,ppz2695,ppz2695,True,0,1.0000,0.856942,car
img_003556.jpg,odk9096,ook9096,False,1,0.8571,0.873865,car
img_003559.jpg,mjd4789,mjd4789,True,0,1.0000,0.948119,car
img_003562.jpg,amy4727,amy4727,True,0,1.0000,0.994605,car
img_003564.jpg,krx4720,krx4720,True,0,1.0000,0.607232,car
img_003566.jpg,mhg7583,mhg7583,True,0,1.0000,0.659027,car
img_003568.jpg,kye4676,kye4676,True,0,1.0000,0.999211,car
img_003569.jpg,mor2356,mor2356,True,0,1.0000,0.993283,car
img_003579.jpg,eqt0490,eqt0490,True,0,1.0000,0.980482,car
img_003582.jpg,ppp0105,ppp0105,True,0,1.0000,0.928449,car
img_003585.jpg,odm3765,oom3765,False,1,0.8571,0.802781,car
img_003593.jpg,ppy8837,ppy8837,True,0,1.0000,0.999190,car
img_003594.jpg,loo2541,lod2541,False,1,0.8571,0.542221,car
img_003596.jpg,mqm0465,mom0465,False,1,0.8571,0.983674,car
img_003598.jpg,lpd1908,lpd1908,True,0,1.0000,0.909929,car
img_003599.jpg,mtc2892,mtc2892,True,0,1.0000,0.984665,car
img_003601.jpg,jig2094,jig2094,True,0,1.0000,0.993375,car
img_003602.jpg,jht7994,iht7994,False,1,0.8571,0.125554,car
img_003610.jpg,mqq7117,mqd7177,False,2,0.7143,0.201071,car
img_003611.jpg,dga9115,oga9115,False,1,0.8571,0.975661,car
img_003618.jpg,ouv7590,ouv7590,True,0,1.0000,0.997175,car
img_003619.jpg,qrd6529,oro6529,False,2,0.7143,0.364898,car
img_003628.jpg,ppg6826,ppg6826,True,0,1.0000,0.999169,car
img_003630.jpg,oyg3856,oyg3856,True,0,1.0000,0.981494,car
img_003644.jpg,pph0682,pph0682,True,0,1.0000,0.958899,car
img_003653.jpg,jhc0151,jnc0151,False,1,0.8571,0.713507,car
img_003668.jpg,kxs4485,kx54485,False,1,0.8571,0.914522,car
img_003674.jpg,mqo1197,mb04199,False,4,0.4286,0.429723,car
img_003682.jpg,ppd6888,ppd6888,True,0,1.0000,0.953520,car
img_003684.jpg,ppv5029,ppv5029,True,0,1.0000,0.950043,car
img_003687.jpg,ovh9811,ovh9811,True,0,1.0000,0.966930,car
img_003690.jpg,ppl4836,ppl4836,True,0,1.0000,0.999596,car
img_003694.jpg,pxd5882,pxo5882,False,1,0.8571,0.842010,car
img_003711.jpg,ppp8104,ppp8104,True,0,1.0000,0.987545,car
img_003714.jpg,mtb6924,etp6924,False,2,0.7143,0.522813,car
img_003722.jpg,ode3260,ode3260,True,0,1.0000,0.960145,car
img_003723.jpg,pec1230,pec1230,True,0,1.0000,0.967789,car
img_003735.jpg,hmt9147,mn19147,False,3,0.5714,0.369486,car
img_003736.jpg,ppp0105,ppp0105,True,0,1.0000,0.992877,car
img_003739.jpg,ppj1029,ppj1029,True,0,1.0000,0.998487,car
img_003740.jpg,ppp1881,ppp1881,True,0,1.0000,0.995512,car
img_003741.jpg,ppm6755,ppm6755,True,0,1.0000,0.996418,car
img_003746.jpg,fda4010,fda4010,True,0,1.0000,0.948395,car
img_003752.jpg,msy6522,msy6522,True,0,1.0000,0.975868,car
img_003753.jpg,ppk5450,ppk5450,True,0,1.0000,0.999321,car
img_003754.jpg,mtv8795,mtv8795,True,0,1.0000,0.977436,car
img_003757.jpg,msl0095,msl0095,True,0,1.0000,0.659737,car
img_003759.jpg,qqy3281,dav3281,False,3,0.5714,0.714938,car
img_003762.jpg,oqt1172,oot1172,False,1,0.8571,0.737261,car
img_003768.jpg,evg8074,evg8074,True,0,1.0000,0.981088,car
img_003778.jpg,lqh9876,loh9876,False,1,0.8571,0.520603,car
img_003783.jpg,ppp3628,ppp3628,True,0,1.0000,0.997116,car
img_003786.jpg,ovk1635,ovk635,False,1,0.8571,0.967135,car
img_003789.jpg,anj1023,anj1023,True,0,1.0000,0.998679,car
img_003792.jpg,mrk8744,mrk8744,True,0,1.0000,0.997673,car
img_003794.jpg,mtt1750,mt71750,False,1,0.8571,0.507702,car
img_003797.jpg,nzs9628,nz59628,False,1,0.8571,0.941227,car
img_003801.jpg,mrp4490,mrp4430,False,1,0.8571,0.497430,car
img_003803.jpg,knq0954,kno0954,False,1,0.8571,0.964724,car
img_003805.jpg,pwa6022,pwa6022,True,0,1.0000,0.994366,car
img_003814.jpg,ocz2157,ocz2157,True,0,1.0000,0.835790,car
img_003823.jpg,pxu7775,pxu7775,True,0,1.0000,0.993655,car
img_003826.jpg,pph0682,pph0682,True,0,1.0000,0.973048,car
img_003827.jpg,odp9719,odp9719,True,0,1.0000,0.926436,car
img_003829.jpg,msx0755,msx0755,True,0,1.0000,0.921257,car
img_003831.jpg,mth2345,mth2345,True,0,1.0000,0.717670,car
img_003839.jpg,odp6379,odp6379,True,0,1.0000,0.852906,car
img_003840.jpg,ppo7765,ppo7765,True,0,1.0000,0.982021,car
img_003844.jpg,msi3444,ms13444,False,1,0.8571,0.932795,car
img_003856.jpg,ppw9332,pph9332,False,1,0.8571,0.545563,car
img_003861.jpg,odg6256,odg6256,True,0,1.0000,0.991193,car
img_003865.jpg,mss7130,mss7130,True,0,1.0000,0.586283,car
img_003868.jpg,mrj3434,mrj2434,False,1,0.8571,0.738975,car
img_003872.jpg,msz2300,ms22300,False,1,0.8571,0.912788,car
img_003880.jpg,mqg0481,mog0481,False,1,0.8571,0.984156,car
img_003882.jpg,ppx9714,ppx9714,True,0,1.0000,0.996246,car
img_003885.jpg,ppj6139,ppj6139,True,0,1.0000,0.970955,car
img_003887.jpg,ppd0706,ppd0706,True,0,1.0000,0.470315,car
img_003889.jpg,mqo1197,mo01197,False,2,0.7143,0.375062,car
img_003892.jpg,ode8151,ode8151,True,0,1.0000,0.967089,car
img_003893.jpg,msd0588,msd0588,True,0,1.0000,0.997788,car
img_003898.jpg,kvs9534,mys9534,False,2,0.7143,0.301139,car
img_003900.jpg,ovj1856,ovj1856,True,0,1.0000,0.971775,car
img_003903.jpg,odm5316,odm5316,True,0,1.0000,0.929396,car
img_003906.jpg,jhc0151,jnc0151,False,1,0.8571,0.571670,car
img_003910.jpg,ppn5445,ppn5445,True,0,1.0000,0.989598,car
img_003911.jpg,ocw1462,ocw1462,True,0,1.0000,0.771479,car
img_003918.jpg,qqs1833,oos1833,False,2,0.7143,0.636891,car
img_003932.jpg,qpw7955,qpw7955,True,0,1.0000,0.558623,car
img_003933.jpg,ppw2262,pp42262,False,1,0.8571,0.373176,car
img_003934.jpg,nys3671,nys8671,False,1,0.8571,0.127882,car
img_003938.jpg,ipr2535,ppr2535,False,1,0.8571,0.863305,car
img_003941.jpg,qnv9350,onv9350,False,1,0.8571,0.999655,car
img_003945.jpg,mki9203,mki9203,True,0,1.0000,0.874124,car
img_003956.jpg,mcm0133,mcm0133,True,0,1.0000,0.997084,car
img_003958.jpg,odh7694,odh7694,True,0,1.0000,0.996450,car
img_003959.jpg,qrb2791,orb2791,False,1,0.8571,0.808411,car
img_003967.jpg,ovl9107,ovl9107,True,0,1.0000,0.995169,car
img_003972.jpg,ods3923,ods3923,True,0,1.0000,0.945401,car
img_003977.jpg,mti4428,mti4428,True,0,1.0000,0.981554,car
img_003978.jpg,mqm4704,mom4706,False,2,0.7143,0.739920,car
img_003989.jpg,mqv8494,mov8494,False,1,0.8571,0.919405,car
img_003997.jpg,kvi4844,kvl4844,False,1,0.8571,0.935649,car
img_003998.jpg,mql4969,mol4969,False,1,0.8571,0.993992,car
img_004021.jpg,lkw3018,lkw3018,True,0,1.0000,0.995654,car
img_004031.jpg,okd8127,okd8127,True,0,1.0000,0.998687,car
img_004040.jpg,ppn9051,ppn9051,True,0,1.0000,0.878506,car
img_004047.jpg,odt1522,odt1522,True,0,1.0000,0.804457,car
img_004048.jpg,oyh0131,oyh0131,True,0,1.0000,0.868134,car
img_004050.jpg,mqn9353,mon9353,False,1,0.8571,0.997051,car
img_004064.jpg,jov9159,jov9159,True,0,1.0000,0.949307,car
img_004069.jpg,ppk5450,ppk5450,True,0,1.0000,0.998369,car
img_004070.jpg,ppf8791,ppf8791,True,0,1.0000,0.993571,car
img_004077.jpg,odc9587,odc9587,True,0,1.0000,0.995640,car
img_004078.jpg,odb1956,odb1956,True,0,1.0000,0.892156,car
img_004087.jpg,ovl9154,ovl9154,True,0,1.0000,0.991056,car
img_004089.jpg,dqo0483,dq00483,False,1,0.8571,0.850612,car
img_004092.jpg,oqt1172,oot1172,False,1,0.8571,0.682529,car
img_004094.jpg,mpw5596,mpw5596,True,0,1.0000,0.999202,car
img_004101.jpg,pzl5312,pzl5312,True,0,1.0000,0.986932,car
img_004102.jpg,mqg0481,mog0481,False,1,0.8571,0.974304,car
img_004103.jpg,ppw2533,ppw2533,True,0,1.0000,0.773492,car
img_004111.jpg,mtp3636,mtp3636,True,0,1.0000,0.999106,car
img_004113.jpg,hdr2378,hor2378,False,1,0.8571,0.641643,car
img_004140.jpg,ppz2988,ppz2988,True,0,1.0000,0.559376,car
img_004147.jpg,kvs9534,kis9534,False,1,0.8571,0.700410,car
img_004155.jpg,mtl0940,mtl0940,True,0,1.0000,0.988757,car
img_004171.jpg,odt3275,odt3275,True,0,1.0000,0.944158,car
img_004174.jpg,ppg6004,ppg6004,True,0,1.0000,0.999701,car
img_004175.jpg,dne4018,one4018,False,1,0.8571,0.985084,car
img_004178.jpg,oda0782,oda0787,False,1,0.8571,0.681201,car
img_004180.jpg,mtb4601,mtb4601,True,0,1.0000,0.942128,car
img_004181.jpg,eex3746,eex3746,True,0,1.0000,0.733898,car
img_004182.jpg,ppn5781,ppn5781,True,0,1.0000,0.994066,car
img_004199.jpg,mqr8242,mor8242,False,1,0.8571,0.973663,car
img_004202.jpg,ppo9492,ppo9492,True,0,1.0000,0.962664,car
img_004207.jpg,ppz2988,ppz2988,True,0,1.0000,0.937888,car
img_004208.jpg,qrb3288,qrb3288,True,0,1.0000,0.649709,car
img_004214.jpg,odg3184,odg3184,True,0,1.0000,0.999220,car
img_004218.jpg,odg6256,odg6256,True,0,1.0000,0.973834,car
img_004221.jpg,msr6079,msr6079,True,0,1.0000,0.993370,car
img_004222.jpg,oqr1982,oqr1982,True,0,1.0000,0.936902,car
img_004225.jpg,msi4228,msi4228,True,0,1.0000,0.643389,car
img_004226.jpg,hlp4594,hlp4594,True,0,1.0000,0.568504,car
img_004228.jpg,msz5769,ms25769,False,1,0.8571,0.877514,car
img_004234.jpg,eex3746,eex346,False,1,0.8571,0.919047,car
img_004238.jpg,qqy3281,day3281,False,2,0.7143,0.208397,car
img_004240.jpg,hll2570,hll2570,True,0,1.0000,0.993587,car
img_004247.jpg,odl3330,odl3330,True,0,1.0000,0.842156,car
img_004253.jpg,ntg9212,ntg9212,True,0,1.0000,0.994584,car
img_004254.jpg,msc3276,msc3276,True,0,1.0000,0.998425,car
img_004259.jpg,abh2224,abm2224,False,1,0.8571,0.700350,car
img_004263.jpg,odf4930,odf4930,True,0,1.0000,0.996121,car
img_004267.jpg,gxu7640,gyu7640,False,1,0.8571,0.974478,car
img_004273.jpg,kvs9534,kys9634,False,2,0.7143,0.452245,car
img_004275.jpg,mrs9832,mr59832,False,1,0.8571,0.679622,car
img_004283.jpg,qrb7802,orb7802,False,1,0.8571,0.986685,car
img_004286.jpg,ppa3996,ppa3996,True,0,1.0000,0.995013,car
img_004288.jpg,ppx9714,ppx9714,True,0,1.0000,0.984545,car
img_004294.jpg,msc3276,msc3276,True,0,1.0000,0.998525,car
img_004297.jpg,ocv8772,ocv8772,True,0,1.0000,0.987628,car
img_004298.jpg,lpd1908,lpd1908,True,0,1.0000,0.985420,car
img_004303.jpg,odq0904,od00904,False,1,0.8571,0.388800,car
img_004306.jpg,mro8294,mro8294,True,0,1.0000,0.781003,car
img_004310.jpg,qow7372,qom7372,False,1,0.8571,0.759352,car
img_004313.jpg,ppi9341,pp19341,False,1,0.8571,0.394568,car
img_004326.jpg,ppw2254,ppy2254,False,1,0.8571,0.534980,car
img_004328.jpg,msl0095,msl0095,True,0,1.0000,0.995266,car
img_004329.jpg,ppg6826,ppg6826,True,0,1.0000,0.811665,car
img_004330.jpg,kox5667,kox5667,True,0,1.0000,0.998437,car
img_004333.jpg,fpq0829,fpo0829,False,1,0.8571,0.595491,car
img_004335.jpg,ppw9916,ppw9916,True,0,1.0000,0.998706,car
img_004340.jpg,nqp2386,nop2386,False,1,0.8571,0.990872,car
img_004348.jpg,lse4561,lse4561,True,0,1.0000,0.538855,car
img_004353.jpg,lqq9882,lq99882,False,1,0.8571,0.380471,car
img_004359.jpg,ods4263,ods4263,True,0,1.0000,0.735922,car
img_004368.jpg,kvs9534,m199534,False,3,0.5714,0.138223,car
img_004369.jpg,haq9821,maq9821,False,1,0.8571,0.810215,car
img_004375.jpg,mte5192,mte6192,False,1,0.8571,0.933335,car
img_004380.jpg,mql2242,mol2242,False,1,0.8571,0.845029,car
img_004382.jpg,mqm4704,mom4704,False,1,0.8571,0.777207,car
img_004383.jpg,ppw2332,ppw2332,True,0,1.0000,0.999651,car
img_004384.jpg,qnl5207,onl5207,False,1,0.8571,0.994520,car
img_004386.jpg,dqs5659,dos569,False,2,0.7143,0.876608,car
img_004393.jpg,mqi4385,mqi4385,True,0,1.0000,0.483834,car
img_004394.jpg,lvc9418,lvc9418,True,0,1.0000,0.990878,car
img_004395.jpg,oyk1804,oyk1804,True,0,1.0000,0.985136,car
img_004397.jpg,mtt3179,mtt3179,True,0,1.0000,0.682353,car
img_004411.jpg,dwk3417,ow3417,False,2,0.7143,0.914037,car
img_004415.jpg,mtv9714,mtv9714,True,0,1.0000,0.991925,car
img_004419.jpg,mtb6924,wtp6927,False,3,0.5714,0.240263,car
img_004423.jpg,krf8880,krf8880,True,0,1.0000,0.986325,car
img_004427.jpg,qui3394,qui3394,True,0,1.0000,0.676401,car
img_004429.jpg,qoc6984,ooc6984,False,1,0.8571,0.939165,car
img_004443.jpg,ocz2526,ocz2526,True,0,1.0000,0.984308,car
img_004445.jpg,mtb4490,mtb4490,True,0,1.0000,0.833517,car
img_004447.jpg,ppo5037,ppo5037,True,0,1.0000,0.988211,car
img_004451.jpg,qrc7572,orc7572,False,1,0.8571,0.995881,car
img_004455.jpg,oyj8962,oyj8962,True,0,1.0000,0.669500,car
img_004459.jpg,ppx9714,ppx9714,True,0,1.0000,0.980307,car
img_004461.jpg,ppm6755,ppm6755,True,0,1.0000,0.960625,car
img_004462.jpg,odi4208,odi4208,True,0,1.0000,0.991336,car
img_004465.jpg,eqo6813,eq06813,False,1,0.8571,0.807909,car
img_004485.jpg,mrf3420,mrf3420,True,0,1.0000,0.985671,car
img_004486.jpg,gmk5871,gmx5071,False,2,0.7143,0.155036,car
img_004494.jpg,kph5146,kph5146,True,0,1.0000,0.994617,car
img_004502.jpg,qpq7623,qpd7623,False,1,0.8571,0.247327,car
img_004506.jpg,mty8669,mty8669,True,0,1.0000,0.638034,car
img_004509.jpg,jhc0151,uhc0151,False,1,0.8571,0.404553,car
img_004510.jpg,kya2043,kya2043,True,0,1.0000,0.997761,car
img_004511.jpg,msx0755,msx0755,True,0,1.0000,0.998462,car
img_004517.jpg,mse5564,mse5564,True,0,1.0000,0.917057,car
img_004527.jpg,ovl5815,ovl5815,True,0,1.0000,0.547399,car
img_004529.jpg,ppn4120,ppn4120,True,0,1.0000,0.997836,car
img_004530.jpg,odc0749,odc0749,True,0,1.0000,0.989045,car
img_004534.jpg,mtw3833,mtw3833,True,0,1.0000,0.728973,car
img_004537.jpg,ppx0709,ppx0709,True,0,1.0000,0.990076,car
img_004538.jpg,neh2104,neh2104,True,0,1.0000,0.960003,car
img_004544.jpg,oyh6794,oyh6794,True,0,1.0000,0.703758,car
img_004551.jpg,odg6256,odg6256,True,0,1.0000,0.957960,car
img_004555.jpg,mti4428,mti4428,True,0,1.0000,0.992223,car
img_004558.jpg,qrb0987,orb0987,False,1,0.8571,0.938288,car
img_004561.jpg,ppq2622,ppu2622,False,1,0.8571,0.662049,car
img_004562.jpg,ppt0211,ppt0211,True,0,1.0000,0.895193,car
img_004569.jpg,pyr2725,pyr2725,True,0,1.0000,0.999323,car
img_004573.jpg,mtt3179,mtt3179,True,0,1.0000,0.347128,car
img_004578.jpg,msm5854,nsm5854,False,1,0.8571,0.330064,car
img_004579.jpg,oyd8993,dyu8993,False,2,0.7143,0.243998,car
img_004581.jpg,oyd0023,oyd0023,True,0,1.0000,0.945437,car
img_004582.jpg,oyd0384,oyd0384,True,0,1.0000,0.921456,car
img_004588.jpg,ppu4426,ppu4426,True,0,1.0000,0.961785,car
img_004593.jpg,msx0755,msx0755,True,0,1.0000,0.987717,car
img_004600.jpg,mqo1197,mo04197,False,3,0.5714,0.794621,car
img_004603.jpg,ods3923,ods3923,True,0,1.0000,0.652161,car
img_004604.jpg,nzj1306,nzj1306,True,0,1.0000,0.824438,car
img_004606.jpg,ppp0105,ppp0105,True,0,1.0000,0.996852,car
img_004607.jpg,ppt2998,ppt2998,True,0,1.0000,0.980917,car
img_004612.jpg,ocy4344,ocy4341,False,1,0.8571,0.507857,car
img_004627.jpg,qqq1958,qq01958,False,1,0.8571,0.882636,car
img_004636.jpg,mtp3636,mtp3636,True,0,1.0000,0.997321,car
img_004639.jpg,pph6494,pph6494,True,0,1.0000,0.988824,car
img_004643.jpg,mqf1825,mqf1825,True,0,1.0000,0.957052,car
img_004646.jpg,mtn7357,mtn7357,True,0,1.0000,0.998966,car
img_004651.jpg,mst3293,mst3293,True,0,1.0000,0.893665,car
img_004664.jpg,mrg0195,mrg0195,True,0,1.0000,0.974096,car
img_004669.jpg,odt6208,odt6208,True,0,1.0000,0.982223,car
img_004670.jpg,quk6465,quk6465,True,0,1.0000,0.917272,car
img_004680.jpg,mrs7313,mrs7313,True,0,1.0000,0.989416,car
img_004687.jpg,oql2352,oal2352,False,1,0.8571,0.857416,car
img_004696.jpg,oyd9025,oyd9025,True,0,1.0000,0.990027,car
img_004697.jpg,qqt8226,oot8226,False,2,0.7143,0.822779,car
img_004719.jpg,ove9064,ove9064,True,0,1.0000,0.617715,car
img_004738.jpg,ppj8278,ppj8278,True,0,1.0000,0.977092,car
img_004741.jpg,hoi3150,no13150,False,2,0.7143,0.530469,car
img_004742.jpg,opa3094,opa3094,True,0,1.0000,0.978514,car
img_004743.jpg,qux7702,qux7702,True,0,1.0000,0.986327,car
img_004744.jpg,ppb7779,ppb7779,True,0,1.0000,0.994552,car
img_004746.jpg,cma9593,cma7693,False,2,0.7143,0.198591,car
img_004749.jpg,ods2861,ods2861,True,0,1.0000,0.954909,car
img_004751.jpg,oyi6048,ovi6048,False,1,0.8571,0.972535,car
img_004754.jpg,msm5854,msm5854,True,0,1.0000,0.988968,car
img_004755.jpg,mqg0481,mog0481,False,1,0.8571,0.986579,car
img_004774.jpg,odq0904,od00904,False,1,0.8571,0.437417,car
img_004788.jpg,koa8428,koa8428,True,0,1.0000,0.987163,car
img_004790.jpg,mrv1063,mrv1067,False,1,0.8571,0.740193,car
img_004795.jpg,ovl5815,dvl5815,False,1,0.8571,0.258116,car
img_004796.jpg,ppo8840,ppo8840,True,0,1.0000,0.960087,car
img_004800.jpg,mrp6098,mrp8078,False,2,0.7143,0.469336,car
img_004804.jpg,mqo8460,mo08460,False,2,0.7143,0.750396,car
img_004805.jpg,mru1092,mru1092,True,0,1.0000,0.998473,car
img_004826.jpg,egk9741,egk9741,True,0,1.0000,0.615249,car
img_004827.jpg,nja5615,nja5615,True,0,1.0000,0.999308,car
img_004845.jpg,qpl9796,opl9796,False,1,0.8571,0.733949,car
img_004849.jpg,qqw6897,oow6997,False,3,0.5714,0.740311,car
img_004850.jpg,ipr2535,ppr2535,False,1,0.8571,0.528525,car
img_004853.jpg,ppz2450,ppz2450,True,0,1.0000,0.992107,car
img_004857.jpg,kwk6703,kwk6703,True,0,1.0000,0.987851,car
img_004858.jpg,mso4987,ms04987,False,1,0.8571,0.994715,car
img_004860.jpg,odh7986,odh7988,False,1,0.8571,0.545857,car
img_004866.jpg,oql2352,ool2352,False,1,0.8571,0.881946,car
img_004868.jpg,ove4468,ove4468,True,0,1.0000,0.995978,car
img_004874.jpg,jvt2910,jvt2910,True,0,1.0000,0.435520,car
img_004875.jpg,ppw6134,ppw6134,True,0,1.0000,0.999208,car
img_004876.jpg,pxn6234,pyn6234,False,1,0.8571,0.998834,car
img_004879.jpg,ppu3886,ppu3886,True,0,1.0000,0.999658,car
img_004884.jpg,oyg3845,oyg3845,True,0,1.0000,0.895457,car
img_004885.jpg,ppu9850,ppu9850,True,0,1.0000,0.988549,car
img_004892.jpg,par2765,par2765,True,0,1.0000,0.997314,car
img_004893.jpg,qos4398,oos4398,False,1,0.8571,0.937271,car
img_004894.jpg,odt1522,odt1522,True,0,1.0000,0.939631,car
img_004901.jpg,dlr1298,dlr1298,True,0,1.0000,0.941111,car
img_004906.jpg,ppz4128,ppz4128,True,0,1.0000,0.766706,car
img_004908.jpg,ppu9756,ppu975,False,1,0.8571,0.937572,car
img_004913.jpg,kvv4055,kvv4055,True,0,1.0000,0.995732,car
img_004914.jpg,ajs8928,aus8928,False,1,0.8571,0.242851,car
img_004915.jpg,ppo6441,ppo6441,True,0,1.0000,0.991838,car
img_004924.jpg,bao4362,bao4362,True,0,1.0000,0.949600,car
img_004936.jpg,pph0712,pph0712,True,0,1.0000,0.601979,car
img_004938.jpg,odg6256,odg6256,True,0,1.0000,0.962447,car
img_004942.jpg,odk1696,odki696,False,1,0.8571,0.907944,car
img_004943.jpg,qww1321,own1321,False,2,0.7143,0.205840,car
img_004947.jpg,loy6261,loy6261,True,0,1.0000,0.986345,car
img_004951.jpg,pwj6866,pwj6866,True,0,1.0000,0.994123,car
img_004952.jpg,mqf8976,mof8976,False,1,0.8571,0.842437,car
img_004957.jpg,msg6735,msg6735,True,0,1.0000,0.814211,car
img_004963.jpg,pps0435,pps0435,True,0,1.0000,0.844440,car
img_004970.jpg,hay5895,hay5895,True,0,1.0000,0.982584,car
img_004973.jpg,ppt6997,ppt6997,True,0,1.0000,0.760237,car
img_004975.jpg,qov4888,oov4888,False,1,0.8571,0.745541,car
img_004976.jpg,mqy8942,mqv8942,False,1,0.8571,0.641675,car
img_004979.jpg,mtu2844,mtu2844,True,0,1.0000,0.988423,car
img_004990.jpg,ovk2611,ovk2611,True,0,1.0000,0.963306,car
img_004991.jpg,mtp8313,mtp8313,True,0,1.0000,0.993904,car
img_004996.jpg,mpk8098,mpk8098,True,0,1.0000,0.887644,car
img_010003.jpg,kxg9j64,kxg9364,False,1,0.8571,0.412854,car
img_010010.jpg,qre4e43,orege43,False,2,0.7143,0.575416,car
img_010016.jpg,qrf7b72,orc7872,False,3,0.5714,0.525878,car
img_010018.jpg,qre4f49,ore4f49,False,1,0.8571,0.876058,car
img_010020.jpg,fyo2e04,fyo2604,False,1,0.8571,0.650130,car
img_010021.jpg,mtc2e14,mic2e14,False,1,0.8571,0.630457,car
img_010024.jpg,qre8i54,qre8154,False,1,0.8571,0.741168,car
img_010026.jpg,qre1i11,ore9117,False,4,0.4286,0.219893,car
img_010027.jpg,qre4e99,qre4e92,False,1,0.8571,0.228459,car
img_010036.jpg,mrx0d58,mnx0058,False,2,0.7143,0.639922,car
img_010039.jpg,qre3f49,qre3649,False,1,0.8571,0.258179,car
img_010045.jpg,qre5h65,ore5465,False,2,0.7143,0.740917,car
img_010048.jpg,ppa7i61,ppa7161,False,1,0.8571,0.852803,car
img_010049.jpg,fou3i88,fou3188,False,1,0.8571,0.964279,car
img_010052.jpg,qre1i46,ore3146,False,3,0.5714,0.615068,car
img_010054.jpg,qre1i11,ore3137,False,5,0.2857,0.364283,car
img_010055.jpg,qrf8f46,orf8f40,False,2,0.7143,0.525791,car
img_010056.jpg,fou3i88,fou3188,False,1,0.8571,0.977032,car
img_010057.jpg,qre4e43,ore4e43,False,1,0.8571,0.339324,car
img_010060.jpg,ovl0i25,ovl0125,False,1,0.8571,0.787352,car
img_010061.jpg,qre4e99,dreg690,False,4,0.4286,0.551314,car
img_010063.jpg,qre1i46,ore9146,False,3,0.5714,0.318090,car
img_010064.jpg,fou3i88,fou3188,False,1,0.8571,0.941007,car
img_010065.jpg,fyo2e04,fvo2604,False,2,0.7143,0.388822,car
img_010066.jpg,qrf1h46,qrf3446,False,2,0.7143,0.653283,car
img_010069.jpg,oyh9f44,ovu7f44,False,3,0.5714,0.112356,car
img_010071.jpg,qre4f45,qre4444,False,2,0.7143,0.321068,car
img_010072.jpg,qre4e99,dreg690,False,4,0.4286,0.065793,car
img_010073.jpg,qre1i46,ore9146,False,3,0.5714,0.180467,car
img_010076.jpg,qre1i11,ore1131,False,3,0.5714,0.161477,car
img_010077.jpg,qre4e43,orege43,False,2,0.7143,0.715344,car
img_010079.jpg,qrf6i33,qr66133,False,2,0.7143,0.428118,car
img_010080.jpg,qre1i46,ore1146,False,2,0.7143,0.390154,car
img_010083.jpg,qre1i46,ore3146,False,3,0.5714,0.600720,car
img_010084.jpg,qrf8g17,qrc8617,False,2,0.7143,0.847362,car
img_010085.jpg,qre4e43,orege43,False,2,0.7143,0.613877,car
img_010086.jpg,fag3b35,fag3835,False,1,0.8571,0.656806,car
img_010088.jpg,nlh7e39,nlu7e39,False,1,0.8571,0.628431,car
img_010089.jpg,qre1i11,ore1111,False,2,0.7143,0.135437,car
img_010091.jpg,qre4f49,ore4f49,False,1,0.8571,0.463360,car
img_010092.jpg,qre8e70,qre8670,False,1,0.8571,0.840916,car
img_010093.jpg,qre4f49,ore4f49,False,1,0.8571,0.599577,car
img_010095.jpg,qre1i46,dre1146,False,2,0.7143,0.314969,car
img_010098.jpg,mtd8d09,mtd8009,False,1,0.8571,0.303963,car
img_010099.jpg,qre4e99,qre4699,False,1,0.8571,0.251940,car
img_010101.jpg,qrf8f40,qrt8f40,False,1,0.8571,0.227557,car
img_010102.jpg,qre0f26,oreof26,False,2,0.7143,0.428279,car
img_010104.jpg,qrf8f09,qrc8609,False,2,0.7143,0.229630,car
img_010108.jpg,qre4e43,qre4643,False,1,0.8571,0.345882,car
img_010109.jpg,ovk6e51,ovk6651,False,1,0.8571,0.941027,car
img_010110.jpg,qrg4b68,qrg4868,False,1,0.8571,0.940671,car
img_010112.jpg,qre1i43,ore3143,False,3,0.5714,0.756623,car
img_010113.jpg,qre4e99,qre4600,False,3,0.5714,0.191717,car
img_010115.jpg,fyo2e04,fyo2604,False,1,0.8571,0.566739,car
img_010117.jpg,qre1i11,ore3137,False,5,0.2857,0.512429,car
img_010118.jpg,qre4e99,qreg609,False,3,0.5714,0.228502,car
img_010119.jpg,qrf8f14,qrc8f14,False,1,0.8571,0.223086,car
img_010121.jpg,qre4f49,qre4f40,False,1,0.8571,0.771375,car
img_010122.jpg,ppc2i82,ppc2182,False,1,0.8571,0.881304,car
img_010123.jpg,qrf4e70,orf4e70,False,1,0.8571,0.937498,car
img_010125.jpg,qre1i38,ore3138,False,3,0.5714,0.899035,car
img_010127.jpg,qrf7b75,qrc7675,False,2,0.7143,0.529635,car
img_010128.jpg,qre4e43,orege43,False,2,0.7143,0.299350,car
img_010129.jpg,oyf0a79,oyf0a79,True,0,1.0000,0.210209,car
img_010132.jpg,kyd5g31,kyd5631,False,1,0.8571,0.894863,car
img_010138.jpg,oda8i94,oda8194,False,1,0.8571,0.756219,car
img_010154.jpg,ocv5g06,ocv5600,False,2,0.7143,0.781813,car
img_010155.jpg,odt7i53,od17153,False,2,0.7143,0.399984,car
img_010156.jpg,ppa3e45,ppaze45,False,1,0.8571,0.725856,car
img_010163.jpg,ppw9b82,ppu9b82,False,1,0.8571,0.600469,car
img_010165.jpg,ocw3f41,ocu3441,False,2,0.7143,0.389170,car
img_010170.jpg,kza6b06,nza6806,False,2,0.7143,0.717943,car
img_010172.jpg,ppp4b24,ppp4824,False,1,0.8571,0.444661,car
img_010173.jpg,ppw6b71,ppu6b74,False,2,0.7143,0.476113,car
img_010175.jpg,msq2c44,ms02644,False,2,0.7143,0.812678,car
img_010177.jpg,ocv6j28,ocv6j28,True,0,1.0000,0.585681,car
img_010184.jpg,qre9i25,qre9125,False,1,0.8571,0.584557,car
img_010189.jpg,oyg8c87,ovg8687,False,2,0.7143,0.842707,car
img_010192.jpg,dhx8i38,oky8138,False,4,0.4286,0.317538,car
img_010202.jpg,odr0d28,odrod28,False,1,0.8571,0.983412,car
img_010205.jpg,pzh2j55,pz42355,False,2,0.7143,0.273809,car
img_010206.jpg,qre6f98,ore6698,False,2,0.7143,0.391134,car
img_010208.jpg,ppa8c34,ppa8634,False,1,0.8571,0.994621,car
img_010209.jpg,kqk7h61,kok7h67,False,2,0.7143,0.448968,car
img_010210.jpg,ppe2a41,ppe2443,False,2,0.7143,0.701556,car
img_010211.jpg,mte5e16,mte5e16,True,0,1.0000,0.591632,car
img_010212.jpg,mrx0d58,mrx0058,False,1,0.8571,0.434574,car
img_010216.jpg,ooj1a21,ooj1427,False,2,0.7143,0.302146,car
img_010217.jpg,odb2b71,qub2874,False,4,0.4286,0.203805,car
img_010219.jpg,kdl5g01,kdl5607,False,2,0.7143,0.826199,car
img_010220.jpg,pym8d73,pym8073,False,1,0.8571,0.884044,car
img_010224.jpg,pxe3f60,pye5101,False,5,0.2857,0.196439,car
img_010225.jpg,qre1i43,ore3143,False,3,0.5714,0.754660,car
img_010227.jpg,qre4e99,qre4600,False,3,0.5714,0.328234,car
img_010231.jpg,pqx6c83,pov6683,False,3,0.5714,0.502049,car
img_010232.jpg,qrf8g17,qrf8617,False,1,0.8571,0.762647,car
img_010233.jpg,qre4f49,qre4649,False,1,0.8571,0.269319,car
img_010234.jpg,qre1i11,qre3137,False,4,0.4286,0.199875,car
img_010237.jpg,qre4e43,qre4f43,False,1,0.8571,0.671998,car
img_010238.jpg,qre1i46,ore3146,False,3,0.5714,0.595022,car
img_010239.jpg,ffb3e26,frb3e26,False,1,0.8571,0.705460,car
img_010240.jpg,qrh3b66,orh3866,False,2,0.7143,0.725456,car
img_010243.jpg,mpj4j34,mpj4534,False,1,0.8571,0.624865,car
img_010244.jpg,qrf8g17,qrc8617,False,2,0.7143,0.874039,car
img_010245.jpg,qre7d75,qre7075,False,1,0.8571,0.820936,car
img_010250.jpg,qre4e43,qre4f43,False,1,0.8571,0.433117,car
img_010257.jpg,qre4f49,oregf49,False,2,0.7143,0.239903,car
img_010259.jpg,gfl2a37,gfl2a37,True,0,1.0000,0.915935,car
img_010260.jpg,qrf6j36,qrf6536,False,1,0.8571,0.784742,car
img_010263.jpg,mst1h25,mst7425,False,2,0.7143,0.304813,car
img_010265.jpg,qre2d66,qre2066,False,1,0.8571,0.960187,car
img_010268.jpg,ppl1h66,ppl3m66,False,2,0.7143,0.289452,car
img_010269.jpg,qrf8f09,orf8609,False,2,0.7143,0.374615,car
img_010271.jpg,qre4e99,ore4e90,False,2,0.7143,0.762608,car
img_010276.jpg,qrf8f14,orf8f14,False,1,0.8571,0.207249,car
img_010279.jpg,qre4e99,qre4699,False,1,0.8571,0.308420,car
img_010281.jpg,ppl4c38,ppl4638,False,1,0.8571,0.982321,car
img_010284.jpg,mtw3g74,mtu3674,False,2,0.7143,0.695837,car
img_010285.jpg,qre4e43,qregf43,False,2,0.7143,0.241808,car
img_010286.jpg,qre4e99,orege99,False,2,0.7143,0.202880,car
img_010287.jpg,qrg2h80,qrg2480,False,1,0.8571,0.630659,car
img_010289.jpg,qre1i11,ore3157,False,5,0.2857,0.355134,car
img_010292.jpg,qrh1h27,orh7427,False,3,0.5714,0.237136,car
img_010296.jpg,qre1i11,ore1111,False,2,0.7143,0.721643,car
img_010298.jpg,qrf8f87,qre8687,False,2,0.7143,0.344540,car
img_010299.jpg,qrf6j36,qrf6736,False,1,0.8571,0.470270,car
img_010300.jpg,qre9e92,qre9692,False,1,0.8571,0.685927,car
img_010302.jpg,qrf6i81,orf6181,False,2,0.7143,0.410246,car
img_010306.jpg,qre1i11,ore1117,False,3,0.5714,0.479790,car
img_010307.jpg,qre1i59,ore3159,False,3,0.5714,0.902371,car
img_010310.jpg,qre1i46,ore3146,False,3,0.5714,0.833327,car
img_010311.jpg,qrf8g17,orc8617,False,3,0.5714,0.851721,car
img_010312.jpg,qre4e43,ore4e43,False,1,0.8571,0.315909,car
img_010313.jpg,qre1i11,ore3134,False,5,0.2857,0.280675,car
img_010314.jpg,fou3i88,fou3188,False,1,0.8571,0.912748,car
img_010319.jpg,qre4e99,gregf09,False,4,0.4286,0.087147,car
img_010320.jpg,qrg2i08,qrg2108,False,1,0.8571,0.742730,car
img_010322.jpg,kpr0c73,kproc73,False,1,0.8571,0.983304,car
img_010324.jpg,qre1i11,ore1111,False,2,0.7143,0.229780,car
img_010325.jpg,qrg2h80,qrg2480,False,1,0.8571,0.674904,car
img_010327.jpg,qrg2h19,qrg2419,False,1,0.8571,0.256259,car
img_010329.jpg,mrg2a66,mrg2466,False,1,0.8571,0.971898,car
img_010333.jpg,odn4i05,oon4105,False,2,0.7143,0.938672,car
img_010334.jpg,odf8j74,odr8j74,False,1,0.8571,0.324956,car
img_010335.jpg,qre1i59,ore3159,False,3,0.5714,0.565992,car
img_010336.jpg,qrg2i08,org2108,False,2,0.7143,0.795511,car
img_010338.jpg,qrf8g17,orc8617,False,3,0.5714,0.815371,car
img_010339.jpg,qrf6i33,qrc6133,False,2,0.7143,0.550122,car
img_010342.jpg,qre4e99,qrege9q,False,2,0.7143,0.109872,car
img_010346.jpg,qre1i42,ore3142,False,3,0.5714,0.723225,car
img_010349.jpg,qre4e99,qreg690,False,3,0.5714,0.126073,car
img_010351.jpg,pph2g21,pph2625,False,2,0.7143,0.877513,car
img_010353.jpg,qre8e70,qre8670,False,1,0.8571,0.896727,car
img_010355.jpg,eiy8i27,eiv8127,False,2,0.7143,0.874491,car
img_010356.jpg,qrh1h27,qrn3427,False,3,0.5714,0.195591,car
img_010357.jpg,ean2g57,ean2657,False,1,0.8571,0.766197,car
img_010358.jpg,qrh1h27,qrm3427,False,3,0.5714,0.202982,car
img_010359.jpg,qrh7c82,qru7682,False,2,0.7143,0.270005,car
img_010360.jpg,qre1i11,ore3114,False,4,0.4286,0.055294,car
img_010362.jpg,qre1i43,qre3143,False,2,0.7143,0.540489,car
img_010363.jpg,qre1i11,qre1111,False,1,0.8571,0.490474,car
img_010365.jpg,qre1i11,ore3177,False,5,0.2857,0.220811,car
img_010367.jpg,qrf8f09,qrr8609,False,2,0.7143,0.173539,car
img_010370.jpg,qre1i43,qre3143,False,2,0.7143,0.349834,car
img_010371.jpg,qre1i11,qre3177,False,4,0.4286,0.179428,car
img_010372.jpg,qrg4e18,org4e18,False,1,0.8571,0.419965,car
img_010375.jpg,fur9c33,fur9633,False,1,0.8571,0.411918,car
img_010376.jpg,qre7d75,qre7075,False,1,0.8571,0.459202,car
img_010377.jpg,qre0f27,qre0f27,True,0,1.0000,0.691710,car
img_010380.jpg,gfl2a37,gfl2437,False,1,0.8571,0.696719,car
img_010381.jpg,ppl9g80,ppl7680,False,2,0.7143,0.549076,car
img_010385.jpg,qre4e99,qre4699,False,1,0.8571,0.139088,car
img_010388.jpg,qre1i38,ore3138,False,3,0.5714,0.608661,car
img_010389.jpg,qrh7d34,orh7034,False,2,0.7143,0.701839,car
img_010390.jpg,qre7d75,qre7075,False,1,0.8571,0.535116,car
img_010391.jpg,ovl9h03,ovl9403,False,1,0.8571,0.928756,car
img_010394.jpg,qre5d80,dre5080,False,2,0.7143,0.975629,car
img_010395.jpg,qre4e99,qreg690,False,3,0.5714,0.141004,car
img_010396.jpg,qrh7c82,oru7682,False,3,0.5714,0.584116,car
img_010397.jpg,ppp9c33,ppp9633,False,1,0.8571,0.456186,car
img_010399.jpg,qre1i46,ore3146,False,3,0.5714,0.106639,car
img_010403.jpg,qre7d75,gre7075,False,2,0.7143,0.316423,car
img_010404.jpg,qre0f27,qre0122,False,2,0.7143,0.265816,car
img_010406.jpg,qre1h96,ore3499,False,4,0.4286,0.581780,car
img_010408.jpg,qrg5b59,org5859,False,2,0.7143,0.292774,car
img_010409.jpg,odk5h01,codk540,False,3,0.5714,0.647548,car
img_010410.jpg,qrh1h27,orh1427,False,2,0.7143,0.450532,car
img_010413.jpg,qrf8f09,qrf8609,False,1,0.8571,0.389723,car
img_010414.jpg,fag3b35,fa63835,False,2,0.7143,0.603251,car
img_010415.jpg,fyo2e04,fyo2604,False,1,0.8571,0.628253,car
img_010416.jpg,qre4e99,bore429,False,4,0.4286,0.063542,car
img_010418.jpg,qrf8f09,orf8607,False,3,0.5714,0.479190,car
img_010420.jpg,qre4e99,qre4699,False,1,0.8571,0.189566,car
img_010422.jpg,qrg4e18,org4e18,False,1,0.8571,0.458471,car
img_010423.jpg,qrf8f09,qrc8609,False,2,0.7143,0.590587,car
img_010425.jpg,qrf8g17,qrc8617,False,2,0.7143,0.689116,car
img_010426.jpg,qrf7b69,qrf7669,False,1,0.8571,0.409561,car
img_010428.jpg,qrf8g60,qrf8660,False,1,0.8571,0.843437,car
img_010429.jpg,qre4e43,orege43,False,2,0.7143,0.501401,car
img_010430.jpg,qrf6j21,qrc6725,False,3,0.5714,0.162801,car
img_010431.jpg,qre1i11,ore3177,False,5,0.2857,0.202275,car
img_010432.jpg,qrh2c89,qrm2689,False,2,0.7143,0.593808,car
img_010434.jpg,fag3b35,fag3b35,True,0,1.0000,0.523724,car
img_010435.jpg,ppm1h66,ppm1466,False,1,0.8571,0.414617,car
img_010436.jpg,qrf8g17,qrc8617,False,2,0.7143,0.743435,car
img_010437.jpg,qre1i11,ore1111,False,2,0.7143,0.232260,car
img_010438.jpg,qre4e99,qreg699,False,2,0.7143,0.125171,car
img_010440.jpg,fyo2e04,fyo2604,False,1,0.8571,0.453364,car
img_010441.jpg,qre1i46,ore3146,False,3,0.5714,0.443852,car
img_010442.jpg,qre5d80,qre5080,False,1,0.8571,0.616509,car
img_010443.jpg,ocz2j46,ocz2j46,True,0,1.0000,0.379831,car
img_010445.jpg,qrf8g17,qrc8617,False,2,0.7143,0.818414,car
img_010447.jpg,qre4e99,qreg600,False,4,0.4286,0.314685,car
img_010448.jpg,qre1i59,ore1159,False,2,0.7143,0.635841,car
img_010449.jpg,qre4e43,ore4e43,False,1,0.8571,0.438529,car
img_010450.jpg,qre4e99,ore4690,False,3,0.5714,0.328702,car
img_010451.jpg,fou3i88,fou3188,False,1,0.8571,0.967756,car
img_010452.jpg,qrf6j36,qrf6j36,True,0,1.0000,0.347114,car
img_010453.jpg,qre1i46,ore3146,False,3,0.5714,0.709936,car
img_010454.jpg,qri0e80,qri0e80,True,0,1.0000,0.438467,car
img_010455.jpg,qre4e99,qre4690,False,2,0.7143,0.099457,car
img_010457.jpg,qrf8f14,qrc8f74,False,2,0.7143,0.757138,car
img_010459.jpg,qre1i46,ore1146,False,2,0.7143,0.258253,car
img_010460.jpg,qre4f49,ore4f49,False,1,0.8571,0.286150,car
img_010461.jpg,qre4e99,oreg690,False,4,0.4286,0.094449,car
img_010462.jpg,qrf6j36,qrf6j36,True,0,1.0000,0.242610,car
img_010464.jpg,fyo2e04,fyo2604,False,1,0.8571,0.656173,car
img_010468.jpg,qrh1h69,orm2462,False,5,0.2857,0.155405,car
img_010470.jpg,qrf8g50,qrf8650,False,1,0.8571,0.523091,car
img_010473.jpg,ppl1h66,ppl3460,False,3,0.5714,0.487940,car
img_010476.jpg,qre1i11,ore3117,False,4,0.4286,0.269930,car
img_010479.jpg,qre4e99,dreg699,False,3,0.5714,0.365477,car
img_010480.jpg,fyo2e04,fyo2e04,True,0,1.0000,0.609150,car
img_010481.jpg,qre4e99,qre4699,False,1,0.8571,0.223629,car
img_010482.jpg,odk9d38,odk9038,False,1,0.8571,0.526514,car
img_010484.jpg,qre1h96,ore3496,False,3,0.5714,0.581332,car
img_010485.jpg,qri5h50,ori5150,False,2,0.7143,0.429238,car
img_010487.jpg,qre1i11,ore3155,False,5,0.2857,0.284684,car
img_010488.jpg,qrf8g17,qrc8617,False,2,0.7143,0.537733,car
img_010489.jpg,qrf8f96,qre8696,False,2,0.7143,0.489567,car
img_010490.jpg,qri0e12,orioe72,False,3,0.5714,0.496944,car
img_010491.jpg,qrj3d66,qrj3066,False,1,0.8571,0.302754,car
img_010492.jpg,qre4e43,ore4e43,False,1,0.8571,0.862571,car
img_010493.jpg,qre8f57,ore8f57,False,1,0.8571,0.542347,car
img_010494.jpg,qre2a11,qre2414,False,2,0.7143,0.524894,car
img_010495.jpg,fyo2e04,fyo2e04,True,0,1.0000,0.518093,car
img_010497.jpg,qrf6j33,qrf0j33,False,1,0.8571,0.223126,car
img_010498.jpg,qre1i11,ore1111,False,2,0.7143,0.806183,car
img_010499.jpg,qre4e99,gre4690,False,3,0.5714,0.136295,car
img_010500.jpg,qri0e12,orl0612,False,3,0.5714,0.363828,car
img_010501.jpg,qre1i59,ore1157,False,3,0.5714,0.757472,car
img_010502.jpg,qre4d82,ore4082,False,2,0.7143,0.611207,car
img_010503.jpg,ppt0c87,ppto687,False,2,0.7143,0.412628,car
img_010506.jpg,qrh1h27,orm3427,False,4,0.4286,0.483578,car
img_010508.jpg,qri0e12,ori0112,False,2,0.7143,0.373374,car
img_010510.jpg,qre1i38,ore3138,False,3,0.5714,0.431792,car
img_010512.jpg,qrf8f09,qri8f07,False,2,0.7143,0.099362,car
img_010514.jpg,qre1i11,ore1117,False,3,0.5714,0.482815,car
img_010516.jpg,gfl2a37,gfl2a37,True,0,1.0000,0.803702,car
img_010517.jpg,qre1i43,ore3143,False,3,0.5714,0.606042,car
img_010518.jpg,qrf8g17,qrc8617,False,2,0.7143,0.470706,car
img_010519.jpg,qrf8f96,qrf8696,False,1,0.8571,0.208370,car
img_010520.jpg,qre1i11,ore3117,False,4,0.4286,0.206417,car
img_010524.jpg,qre1i43,ore3145,False,4,0.4286,0.416432,car
img_010525.jpg,qre1i46,orej140,False,4,0.4286,0.095593,car
img_010526.jpg,qre4e43,orege43,False,2,0.7143,0.728173,car
img_010527.jpg,fur9c33,fur9633,False,1,0.8571,0.367444,car
img_010529.jpg,qrf8f96,qrf8696,False,1,0.8571,0.166680,car
img_010530.jpg,qre6h61,ore6m65,False,3,0.5714,0.482560,car
img_010531.jpg,qrf7b71,orc7875,False,4,0.4286,0.156855,car
img_010532.jpg,qre4e43,ore4e43,False,1,0.8571,0.413236,car
img_010533.jpg,qrf6j36,qrf6336,False,1,0.8571,0.300693,car
img_010537.jpg,ppm0b05,ppm0805,False,1,0.8571,0.680762,car
img_010539.jpg,qre1i11,ore1111,False,2,0.7143,0.148344,car
img_010540.jpg,qrf8g17,qrf8617,False,1,0.8571,0.353535,car
img_010541.jpg,qre4e99,orege00,False,4,0.4286,0.468434,car
img_010542.jpg,qrf8f09,qre8609,False,2,0.7143,0.138539,car
img_010544.jpg,fyo2e04,fyo2604,False,1,0.8571,0.353140,car
img_010545.jpg,qrg0d06,org0d06,False,1,0.8571,0.551168,car
img_010546.jpg,qrg0d06,org0006,False,2,0.7143,0.601928,car
img_010547.jpg,qrf8g17,mnog178,False,5,0.2857,0.040593,car
img_010548.jpg,qre1i46,ore1166,False,3,0.5714,0.158400,car
img_010549.jpg,qrf8f40,orf8f40,False,1,0.8571,0.234132,car
img_010550.jpg,qre4e99,orege99,False,2,0.7143,0.407506,car
img_010551.jpg,qrg2h80,qrg2480,False,1,0.8571,0.731253,car
img_010553.jpg,qrg4e18,org4e18,False,1,0.8571,0.719232,car
img_010554.jpg,qre1i43,dre1143,False,2,0.7143,0.382568,car
img_010556.jpg,qre1i46,ore3146,False,3,0.5714,0.748485,car
img_010559.jpg,qre1i41,ore1147,False,3,0.5714,0.394273,car
img_010560.jpg,qrg1i51,org1157,False,3,0.5714,0.461358,car
img_010563.jpg,qre6h61,qre0461,False,2,0.7143,0.060563,car
img_010566.jpg,puy0f60,puy0600,False,2,0.7143,0.297984,car
img_010570.jpg,qre7b35,ab17834,False,5,0.2857,0.009346,car
img_010571.jpg,qre4e99,ore4e99,False,1,0.8571,0.256870,car
img_010572.jpg,qrf8f96,qre8696,False,2,0.7143,0.216556,car
img_010574.jpg,ean2g57,leam255,False,4,0.4286,0.383644,car
img_010575.jpg,qrh1h63,orm1463,False,3,0.5714,0.171443,car
img_010580.jpg,qrg0d06,qrg0006,False,1,0.8571,0.287323,car
img_010582.jpg,qre1i46,orej146,False,3,0.5714,0.538270,car
img_010584.jpg,qre1i59,ore1159,False,2,0.7143,0.376726,car
img_010585.jpg,qre4f36,oreaf36,False,2,0.7143,0.352388,car
img_010586.jpg,qre4e99,qre4699,False,1,0.8571,0.416316,car
img_010587.jpg,qrf8f09,brr8609,False,3,0.5714,0.332644,car
img_010591.jpg,puv5e07,puv5607,False,1,0.8571,0.176068,car
img_010593.jpg,qrf8g17,qrf8617,False,1,0.8571,0.647958,car
img_010594.jpg,qre1i46,dre3146,False,3,0.5714,0.386766,car
img_010595.jpg,qre4e43,orege43,False,2,0.7143,0.975185,car
img_010597.jpg,qrf8g16,qrf8616,False,1,0.8571,0.612342,car
img_010598.jpg,qre4f49,qre4f49,True,0,1.0000,0.197848,car
img_010600.jpg,odt7c71,ad17675,False,4,0.4286,0.076590,car
img_010601.jpg,qre1i46,orej146,False,3,0.5714,0.525274,car
img_010602.jpg,qrf8g17,qreg617,False,3,0.5714,0.105508,car
img_010603.jpg,qre1i43,ore1143,False,2,0.7143,0.821114,car
img_010604.jpg,fag3b35,fac3835,False,2,0.7143,0.442951,car
img_010605.jpg,fag3b35,fa63835,False,2,0.7143,0.868510,car
img_010606.jpg,qre4e99,orego92,False,4,0.4286,0.099725,car
img_010607.jpg,qre2d66,gre2066,False,2,0.7143,0.877006,car
img_010609.jpg,qrg0i76,org0176,False,2,0.7143,0.589323,car
img_010611.jpg,fur9c33,fur9c33,True,0,1.0000,0.502945,car
img_010622.jpg,qre4e62,oreje62,False,2,0.7143,0.156351,car
img_010623.jpg,qre4e43,orege88,False,4,0.4286,0.064165,car
img_010625.jpg,qre4e62,qre4662,False,1,0.8571,0.674623,car
img_010627.jpg,ppm1h66,pph1m66,False,2,0.7143,0.412624,car
img_010628.jpg,qre4e62,ore4e62,False,1,0.8571,0.219934,car
img_010631.jpg,qrh7c82,orn7682,False,3,0.5714,0.820865,car
img_010632.jpg,qre7c42,pre7c47,False,2,0.7143,0.009146,car
img_010634.jpg,fyo2e04,fyoz604,False,2,0.7143,0.342040,car
img_010639.jpg,ppd9a96,pp07476,False,4,0.4286,0.238093,car
img_010640.jpg,oyg2i19,otg2110,False,3,0.5714,0.119555,car
img_010645.jpg,qrh1h27,orn1m27,False,3,0.5714,0.547328,car
img_010647.jpg,qre1i46,ore3146,False,3,0.5714,0.426147,car
img_010648.jpg,qrf8f40,orf8f40,False,1,0.8571,0.152721,car
img_010649.jpg,qre4e62,ore4662,False,2,0.7143,0.357480,car
img_010650.jpg,qre8f57,qre8f57,True,0,1.0000,0.454366,car
img_010651.jpg,qre4e62,qre4662,False,1,0.8571,0.239444,car
img_010653.jpg,qre4e62,orege62,False,2,0.7143,0.693542,car
img_010657.jpg,odq9g65,0009605,False,5,0.2857,0.224155,car
img_010658.jpg,qre4e43,orege43,False,2,0.7143,0.922240,car
img_010659.jpg,qre0f26,qreof26,False,1,0.8571,0.264640,car
img_010660.jpg,kyc7h34,kyc7434,False,1,0.8571,0.381762,car
img_010664.jpg,qrf8f96,obe899,False,5,0.2857,0.347291,car
img_010665.jpg,qrf6i13,orfg135,False,4,0.4286,0.221317,car
img_010666.jpg,qre4d82,ore4082,False,2,0.7143,0.628754,car
img_010667.jpg,qre4f49,oregf09,False,3,0.5714,0.255209,car
img_010668.jpg,qrf6i81,orf6187,False,3,0.5714,0.547888,car
img_010670.jpg,qrf7b71,orc7873,False,4,0.4286,0.108340,car
img_010671.jpg,qre4e62,ore4662,False,2,0.7143,0.502100,car
img_010672.jpg,qrh1h27,orn3427,False,4,0.4286,0.431778,car
img_010673.jpg,qre4e62,ore4f62,False,2,0.7143,0.440780,car
img_010674.jpg,qrf8e39,qrc8639,False,2,0.7143,0.411704,car
img_010677.jpg,ppk1e94,ppk1e94,True,0,1.0000,0.930572,car
img_010681.jpg,qrg1i51,org1157,False,3,0.5714,0.705207,car
img_010682.jpg,qre4e48,orege48,False,2,0.7143,0.288146,car
img_010683.jpg,qrf8g56,qre8656,False,2,0.7143,0.881367,car
img_010685.jpg,qrh7c82,orn7c82,False,2,0.7143,0.448252,car
img_010686.jpg,qrh7c54,orm7654,False,3,0.5714,0.643131,car
img_010689.jpg,qrf8g56,qrc8656,False,2,0.7143,0.156011,car
img_010690.jpg,qre4e99,qre4600,False,3,0.5714,0.128924,car
img_010692.jpg,qrh1h63,orh1m63,False,2,0.7143,0.589669,car
img_010693.jpg,qre1i46,ore3146,False,3,0.5714,0.790924,car
img_010695.jpg,fag3b35,fag3835,False,1,0.8571,0.694901,car
img_010696.jpg,qre5h99,ore5100,False,4,0.4286,0.476368,car
img_010698.jpg,qrk2i33,ork2133,False,2,0.7143,0.887428,car
img_010699.jpg,pxq7g07,pxq7607,False,1,0.8571,0.812553,car
img_010700.jpg,qre4e43,orege43,False,2,0.7143,0.594717,car
img_010701.jpg,dml7h99,oml7499,False,2,0.7143,0.307126,car
img_010705.jpg,qrg4c51,ob61651,False,5,0.2857,0.131459,car
img_010706.jpg,qre4e99,qrege99,False,1,0.8571,0.159546,car
img_010707.jpg,qrf6i13,orc6113,False,3,0.5714,0.486278,car
img_010708.jpg,fou3i88,fou3188,False,1,0.8571,0.916964,car
img_010713.jpg,mrx0e84,mrx0684,False,1,0.8571,0.742326,car
img_010714.jpg,qrh1h27,orm1427,False,3,0.5714,0.838023,car
img_010715.jpg,qrj6j85,orj6785,False,2,0.7143,0.347444,car
img_010716.jpg,qre1i43,ore3143,False,3,0.5714,0.669157,car
img_010717.jpg,qrf8f40,ore8660,False,4,0.4286,0.263357,car
img_010718.jpg,odg1i10,oog1110,False,2,0.7143,0.453835,car
img_010720.jpg,qrh1h27,orm3427,False,4,0.4286,0.369291,car
img_010721.jpg,qrf8f96,brf8006,False,3,0.5714,0.071294,car
img_010723.jpg,qrg4c51,qrc4651,False,2,0.7143,0.576870,car
img_010724.jpg,qre1i17,qre3117,False,2,0.7143,0.517145,car
img_010726.jpg,fag3b35,fag3835,False,1,0.8571,0.899579,car
img_010728.jpg,qre4e62,qrege62,False,1,0.8571,0.499922,car
img_010729.jpg,qre1i22,dre3122,False,3,0.5714,0.307943,car
img_010730.jpg,qre1i46,ore1146,False,2,0.7143,0.426843,car
img_010733.jpg,qre6b82,ore6882,False,2,0.7143,0.539100,car
img_010734.jpg,qrf8g16,qrc8616,False,2,0.7143,0.853995,car
img_010737.jpg,qre1i17,ore1117,False,2,0.7143,0.822088,car
img_010741.jpg,qrf8f09,qrc8109,False,2,0.7143,0.371001,car
img_010742.jpg,qrk3j82,ork3182,False,2,0.7143,0.823009,car
img_010743.jpg,qre6h51,qre6n57,False,2,0.7143,0.177846,car
img_010744.jpg,qre4e99,qreg699,False,2,0.7143,0.110987,car
img_010748.jpg,msl0j08,msl0j08,True,0,1.0000,0.875669,car
img_010749.jpg,mtq7c43,ht07643,False,3,0.5714,0.439714,car
img_010751.jpg,qrj7j93,orj7593,False,2,0.7143,0.253944,car
img_010752.jpg,qre4e62,ore4662,False,2,0.7143,0.289520,car
img_010754.jpg,qre1i46,dre1166,False,3,0.5714,0.242589,car
img_010757.jpg,qre1h96,ore349,False,4,0.4286,0.315950,car
img_010758.jpg,qrj8d08,qrj8008,False,1,0.8571,0.481749,car
img_010761.jpg,qrf7b75,qrc7675,False,2,0.7143,0.534182,car
img_010767.jpg,qre4f51,ore4f57,False,2,0.7143,0.491070,car
img_010768.jpg,ppn6e20,ppn6e20,True,0,1.0000,0.899398,car
img_010772.jpg,qrh1h27,orn1427,False,3,0.5714,0.443433,car
img_010773.jpg,qrg1i51,org1157,False,3,0.5714,0.851604,car
img_010774.jpg,qre4e99,ore4e99,False,1,0.8571,0.723143,car
img_010775.jpg,qre4e62,orege67,False,3,0.5714,0.376105,car
img_010777.jpg,qrh1h27,orm1427,False,3,0.5714,0.379114,car
img_010779.jpg,qrk1b36,ork1836,False,2,0.7143,0.942540,car
img_010780.jpg,qrf8f96,qrf8696,False,1,0.8571,0.190577,car
img_010781.jpg,qrh1h27,orm1m27,False,3,0.5714,0.774930,car
img_010791.jpg,qrk4h78,ork4478,False,2,0.7143,0.499010,car
img_010792.jpg,gup7i58,gup7158,False,1,0.8571,0.995456,car
img_010798.jpg,qre1i17,qre1117,False,1,0.8571,0.671079,car
img_010799.jpg,mta6c01,mta6601,False,1,0.8571,0.515471,car
img_010802.jpg,qre1i46,orett66,False,4,0.4286,0.228756,car
img_010804.jpg,qrk3j82,ork382,False,2,0.7143,0.970672,car
img_010807.jpg,ppl1i61,dp1567,False,4,0.4286,0.118474,car
img_010809.jpg,qre4e99,ore4f99,False,2,0.7143,0.208293,car
img_010810.jpg,fyo2e04,fyo2604,False,1,0.8571,0.532481,car
img_010811.jpg,fag3b35,fag3835,False,1,0.8571,0.916249,car
img_010812.jpg,qrf8f09,obegg2,False,7,0.0000,0.092001,car
img_010813.jpg,qrk3j82,ork382,False,2,0.7143,0.969396,car
img_010814.jpg,ppb8h62,ppb8h62,True,0,1.0000,0.419501,car
img_010816.jpg,qrj8d70,orj8670,False,2,0.7143,0.593633,car
img_010826.jpg,qrk2d57,ork2057,False,2,0.7143,0.924609,car
img_010838.jpg,ppb0e63,ppb0663,False,1,0.8571,0.915079,car
img_010839.jpg,qrg4f05,org4605,False,2,0.7143,0.708011,car
img_010842.jpg,ovf3j74,ov6374,False,2,0.7143,0.316130,car
img_010852.jpg,ppm2a38,ppm2478,False,2,0.7143,0.742684,car
img_010854.jpg,fgn1g71,fgn1671,False,1,0.8571,0.406781,car
img_010861.jpg,drq0j22,drq0722,False,1,0.8571,0.565192,car
img_010873.jpg,mqo5d53,mo05053,False,3,0.5714,0.658186,car
img_010885.jpg,ocy7g84,ocy7684,False,1,0.8571,0.983317,car
img_010892.jpg,odi4f77,od14677,False,2,0.7143,0.282953,car
img_010893.jpg,ovi0h54,ovi0m54,False,1,0.8571,0.887004,car
img_010904.jpg,ovk3h81,ovk3481,False,1,0.8571,0.547069,car
img_010906.jpg,pxe9d61,pye9067,False,3,0.5714,0.720603,car
img_010910.jpg,qri3f41,ori3f45,False,2,0.7143,0.305188,car
img_010911.jpg,oda8i69,oda8169,False,1,0.8571,0.783333,car
img_010919.jpg,qrf0e74,orfoe74,False,2,0.7143,0.881716,car
img_010921.jpg,mtm7d42,htm7042,False,2,0.7143,0.548594,car
img_010922.jpg,qoo9b08,q009808,False,3,0.5714,0.603294,car
img_010923.jpg,eqv6h43,eov6n43,False,2,0.7143,0.590014,car
img_010931.jpg,kxo2g72,kx02672,False,2,0.7143,0.773927,car
img_010937.jpg,mtx9d59,mtx9059,False,1,0.8571,0.476137,car
img_010940.jpg,qrd8e38,ord8638,False,2,0.7143,0.931471,car
img_010942.jpg,msd4g97,msd4697,False,1,0.8571,0.989416,car
img_010946.jpg,aue1b95,aue1805,False,2,0.7143,0.608840,car
img_010948.jpg,oda0b36,oda0836,False,1,0.8571,0.754825,car
img_010952.jpg,fag3b35,fa63835,False,2,0.7143,0.407370,car
img_010958.jpg,qrf8f96,qrc8696,False,2,0.7143,0.488825,car
img_010959.jpg,qri0e80,orige80,False,2,0.7143,0.526370,car
img_010960.jpg,qre1i59,ore1159,False,2,0.7143,0.900131,car
img_010961.jpg,qre1i46,ore7746,False,3,0.5714,0.395136,car
img_010962.jpg,fag3b35,fa63835,False,2,0.7143,0.331543,car
img_010963.jpg,qre1i46,ore3146,False,3,0.5714,0.275419,car
img_010968.jpg,ppl1h66,ppl3m66,False,2,0.7143,0.951706,car
img_010974.jpg,odg8b30,odg8830,False,1,0.8571,0.545278,car
img_010975.jpg,qre2d62,qre2062,False,1,0.8571,0.562033,car
img_010976.jpg,qrg2h80,qr62480,False,2,0.7143,0.408700,car
img_010977.jpg,qrg4c51,orc4651,False,3,0.5714,0.215333,car
img_010978.jpg,qrk3j82,ork3322,False,3,0.5714,0.397773,car
img_010979.jpg,qrh1h63,qem1663,False,3,0.5714,0.044731,car
img_010980.jpg,qrh6c25,qrm6625,False,2,0.7143,0.705672,car
img_010982.jpg,mqd8h53,mod8h75,False,3,0.5714,0.442012,car
img_010990.jpg,qre7b35,ore7835,False,2,0.7143,0.631769,car
img_010991.jpg,odc8b66,odc8866,False,1,0.8571,0.983987,car
img_010993.jpg,fgj5j09,fgj5309,False,1,0.8571,0.612275,car
img_010995.jpg,ode2e62,ode2662,False,1,0.8571,0.702329,car
img_010997.jpg,qre4e62,qre4662,False,1,0.8571,0.201569,car
img_011000.jpg,ppl1h66,ppl7466,False,2,0.7143,0.280030,car
img_011002.jpg,ppo8g33,ppo8633,False,1,0.8571,0.748155,car
img_011006.jpg,jik9g12,jik9612,False,1,0.8571,0.551194,car
img_011010.jpg,ovh0c16,ovu0616,False,2,0.7143,0.234410,car
img_011015.jpg,qrf8f96,qrc8696,False,2,0.7143,0.455883,car
img_011016.jpg,qre4e99,qre4692,False,2,0.7143,0.077414,car
img_011018.jpg,qre8f57,qre8f57,True,0,1.0000,0.527720,car
img_011019.jpg,mpj4i75,mpj4175,False,1,0.8571,0.990061,car
img_011023.jpg,qre2d62,qre2067,False,2,0.7143,0.392302,car
img_011024.jpg,pvz3j33,py23333,False,3,0.5714,0.762446,car
img_011025.jpg,dml7h99,dml7402,False,3,0.5714,0.290225,car
img_011027.jpg,qre4e62,qre4662,False,1,0.8571,0.357707,car
img_011029.jpg,qre6f01,qre6601,False,1,0.8571,0.441335,car
img_011030.jpg,ppr4f54,ppryf94,False,2,0.7143,0.147090,car
img_011031.jpg,qrf8f96,qri8696,False,2,0.7143,0.198502,car
img_011032.jpg,qrf8g56,qrr8656,False,2,0.7143,0.356102,car
img_011033.jpg,qrk6a67,ork6467,False,2,0.7143,0.869458,car
img_011036.jpg,odq3g38,odo3638,False,2,0.7143,0.845290,car
img_011037.jpg,oye4a60,ovega60,False,2,0.7143,0.970925,car
img_011040.jpg,qrf8f96,qrc8696,False,2,0.7143,0.244381,car
img_011041.jpg,qre3c07,ore3c07,False,1,0.8571,0.488743,car
img_011043.jpg,mtt9f90,mt79696,False,3,0.5714,0.140437,car
img_011045.jpg,qrh7c82,orm7c82,False,2,0.7143,0.741650,car
img_011046.jpg,qre1g39,ore1639,False,2,0.7143,0.637651,car
img_011050.jpg,ovj5h32,ovj5432,False,1,0.8571,0.507724,car
img_011051.jpg,qre1i43,ore3143,False,3,0.5714,0.544960,car
img_011053.jpg,qre1i17,ore3117,False,3,0.5714,0.701191,car
img_011054.jpg,qrf8f96,qrc8696,False,2,0.7143,0.513850,car
img_011056.jpg,aze3g20,aze3620,False,1,0.8571,0.998809,car
img_011059.jpg,qrf8f14,qri8f14,False,1,0.8571,0.323851,car
img_011060.jpg,iwi5a82,avi5a82,False,2,0.7143,0.655087,car
img_011062.jpg,kfr4f88,kfr4688,False,1,0.8571,0.509452,car
img_011063.jpg,mpj4j19,mpj4719,False,1,0.8571,0.321643,car
img_011066.jpg,mpj4i75,mpj4175,False,1,0.8571,0.747909,car
img_011068.jpg,qrf8f96,qrc8696,False,2,0.7143,0.558033,car
img_011069.jpg,qre4e99,qre4799,False,1,0.8571,0.135795,car
img_011072.jpg,qre4e62,orege62,False,2,0.7143,0.832327,car
img_011075.jpg,ppo3h68,ppo3n68,False,1,0.8571,0.497373,car
img_011079.jpg,qre1i46,ore3146,False,3,0.5714,0.281590,car
img_011080.jpg,qre4e99,qreg699,False,2,0.7143,0.115877,car
img_011081.jpg,qrf8f96,qre8f96,False,1,0.8571,0.218609,car
img_011082.jpg,mpj4i75,emj4175,False,3,0.5714,0.338997,car
img_011085.jpg,qrj6j94,orj6j74,False,2,0.7143,0.409633,car
img_011090.jpg,nxp3d79,nx33079,False,2,0.7143,0.215250,car
img_011092.jpg,pqx6c83,pox6683,False,2,0.7143,0.977492,car
img_011101.jpg,ppx8j70,ppx8370,False,1,0.8571,0.623573,car
img_011103.jpg,ppp9c33,ppp9633,False,1,0.8571,0.474554,car
img_011104.jpg,qrk4c74,ork4674,False,2,0.7143,0.722147,car
img_011106.jpg,qrg5c94,org5694,False,2,0.7143,0.547487,car
img_011107.jpg,mqd8h53,mod8h53,False,1,0.8571,0.974494,car
img_011108.jpg,qre5g52,ore5652,False,2,0.7143,0.990856,car
img_011110.jpg,qrj6j85,qrj6j85,True,0,1.0000,0.490220,car
img_011112.jpg,ovk2i46,ovy2146,False,2,0.7143,0.227210,car
img_011114.jpg,ppu5e18,ppu5e18,True,0,1.0000,0.929323,car
img_011121.jpg,kyg3e11,kyg3611,False,1,0.8571,0.308731,car
img_011128.jpg,qrf8g56,qrc8656,False,2,0.7143,0.772938,car
img_011129.jpg,qrf8f96,qrc8696,False,2,0.7143,0.304674,car
img_011130.jpg,ppl1h66,ppl7466,False,2,0.7143,0.157861,car
img_011131.jpg,ppo3h68,ppo3n68,False,1,0.8571,0.571386,car
img_011137.jpg,qrf8g68,qrc8668,False,2,0.7143,0.304478,car
img_011141.jpg,pqk6i84,pok6184,False,2,0.7143,0.532285,car
img_011143.jpg,qre4e99,qre4e92,False,1,0.8571,0.172131,car
img_011144.jpg,qrf7b72,qrf7872,False,1,0.8571,0.659890,car
img_011153.jpg,qre1i59,obet180,False,6,0.1429,0.077413,car
img_011157.jpg,olq5f47,polo5f4,False,3,0.5714,0.250460,car
img_011159.jpg,mpj4j19,empj4j1,False,2,0.7143,0.291359,car
img_011161.jpg,cub6d65,cub6065,False,1,0.8571,0.857955,car
img_011162.jpg,lli6i01,lli6101,False,1,0.8571,0.301086,car
img_011163.jpg,qrf8g17,qr68617,False,2,0.7143,0.310740,car
img_011169.jpg,mqg8a95,mog8405,False,3,0.5714,0.080331,car
img_011171.jpg,odl2f09,odl2609,False,1,0.8571,0.692632,car
img_011174.jpg,qrj1i60,qri1160,False,2,0.7143,0.390062,car
img_011175.jpg,iwi5a82,aiui5a8,False,3,0.5714,0.464365,car
img_011180.jpg,qre2d62,qre2002,False,2,0.7143,0.444939,car
img_011185.jpg,odi2i59,odi2159,False,1,0.8571,0.980977,car
img_011187.jpg,qrj6j94,ori6174,False,4,0.4286,0.670808,car
img_011188.jpg,qre4e62,qre4662,False,1,0.8571,0.206115,car
img_011189.jpg,qre4e43,oregea7,False,4,0.4286,0.317419,car
img_011199.jpg,qre4e62,orege62,False,2,0.7143,0.762060,car
img_011200.jpg,qre4f51,qregf57,False,2,0.7143,0.362165,car
img_011205.jpg,qre5d80,ores80,False,3,0.5714,0.307980,car
img_011206.jpg,qba2a72,oba2a72,False,1,0.8571,0.545310,car
img_011207.jpg,qrh1h69,orh1067,False,3,0.5714,0.222183,car
img_011211.jpg,dqz3i17,doz3117,False,2,0.7143,0.347755,car
img_011214.jpg,qrh1h27,orkin77,False,5,0.2857,0.231965,car
img_011218.jpg,ohf7d03,ohf7003,False,1,0.8571,0.492865,car
img_011220.jpg,ayb1c25,aybi625,False,2,0.7143,0.853490,car
img_011225.jpg,qri3a81,ori3487,False,3,0.5714,0.807423,car
img_011228.jpg,odr0d77,odr0077,False,1,0.8571,0.516063,car
img_011233.jpg,ody9a33,ody9453,False,2,0.7143,0.540492,car
img_011234.jpg,qrf8a50,orf8a50,False,1,0.8571,0.357789,car
img_011235.jpg,qrf8f09,qre8609,False,2,0.7143,0.204075,car
img_011240.jpg,qrh2f15,orm2615,False,3,0.5714,0.532796,car
img_011244.jpg,lli6i01,lli6101,False,1,0.8571,0.372013,car
img_011245.jpg,qrf8f96,qr88696,False,2,0.7143,0.453457,car
img_011246.jpg,oyj1j24,ovi1724,False,3,0.5714,0.653540,car
img_011247.jpg,qrh1h27,ornin77,False,5,0.2857,0.342474,car
img_011248.jpg,nmp7j20,enmp712,False,3,0.5714,0.099801,car
img_011251.jpg,qri3a81,ori3487,False,3,0.5714,0.460655,car
img_011253.jpg,odc7i79,odc7179,False,1,0.8571,0.726850,car
img_011260.jpg,dml7h99,dml7499,False,1,0.8571,0.348524,car
img_011261.jpg,qrf8g17,qrc8617,False,2,0.7143,0.692159,car
img_011263.jpg,qrk0c33,orkoc33,False,2,0.7143,0.453722,car
img_011273.jpg,qrl1j87,qri1387,False,2,0.7143,0.145887,car
img_011277.jpg,ocx2i38,ocx2138,False,1,0.8571,0.868769,car
img_011283.jpg,qrj2c09,qrj2607,False,2,0.7143,0.335733,car
img_011285.jpg,msq0h81,ms00m81,False,2,0.7143,0.421523,car
img_011297.jpg,qrf8f96,qrf8696,False,1,0.8571,0.318700,car
img_011301.jpg,ppv6g66,ppv6666,False,1,0.8571,0.852783,car
img_011303.jpg,dml7h99,dml7492,False,2,0.7143,0.792513,car
img_011304.jpg,qrj6j94,orj6j74,False,2,0.7143,0.432081,car
img_011310.jpg,gpp5a39,gpd5a39,False,1,0.8571,0.859438,car
img_011315.jpg,qrk6a67,ork6467,False,2,0.7143,0.442083,car
img_011316.jpg,qrg3d23,qng5077,False,5,0.2857,0.023003,car
img_011317.jpg,qre1i17,ore1117,False,2,0.7143,0.711626,car
img_011321.jpg,ppq0i63,ppo0163,False,2,0.7143,0.817490,car
img_011324.jpg,mpj4j19,mp5319,False,3,0.5714,0.297004,car
img_011325.jpg,qrj1i60,corj116,False,4,0.4286,0.541968,car
img_011326.jpg,dqz3i17,doz3117,False,2,0.7143,0.275575,car
img_011328.jpg,ocz3d22,ocz3027,False,2,0.7143,0.867327,car
img_011331.jpg,ppq0i63,ppo0163,False,2,0.7143,0.606216,car
img_011332.jpg,oye3h99,ov3509,False,4,0.4286,0.342301,car
img_011335.jpg,mty6c21,enty662,False,4,0.4286,0.623836,car
img_011339.jpg,ode2e62,ode2462,False,1,0.8571,0.341837,car
img_011341.jpg,qrc6h39,orc6h39,False,1,0.8571,0.349019,car
img_011344.jpg,pqk6i84,pok6184,False,2,0.7143,0.949122,car
img_011352.jpg,qre4f45,qre4f45,True,0,1.0000,0.595828,car
img_011353.jpg,eyw5f60,evu5660,False,3,0.5714,0.718974,car
img_011354.jpg,ppl1h66,ppl3m66,False,2,0.7143,0.715204,car
img_011356.jpg,qrj1i60,orj1160,False,2,0.7143,0.939410,car
img_011361.jpg,ppn6e20,ppnge20,False,1,0.8571,0.551242,car
img_011362.jpg,oda8i83,oda8183,False,1,0.8571,0.984907,car
img_011364.jpg,qrf8g09,qrc8609,False,2,0.7143,0.934732,car
img_011365.jpg,ohf7d03,ohf7003,False,1,0.8571,0.389154,car
img_011378.jpg,pjj8g19,pjj8619,False,1,0.8571,0.799568,car
img_011380.jpg,qrh1i40,obk126,False,6,0.1429,0.042231,car
img_011384.jpg,pqx6c83,pox6883,False,2,0.7143,0.609060,car
img_011385.jpg,qrl6g07,orl6607,False,2,0.7143,0.554295,car
img_011387.jpg,dml7h99,dml7492,False,2,0.7143,0.656648,car
img_011388.jpg,ppl7f22,ppl7f22,True,0,1.0000,0.662892,car
img_011389.jpg,qre8f57,qre8f57,True,0,1.0000,0.631633,car
img_011391.jpg,qre4f49,qre4f49,True,0,1.0000,0.183720,car
img_011392.jpg,qre4d82,ore4082,False,2,0.7143,0.825309,car
img_011395.jpg,ppq9c30,ppovc30,False,2,0.7143,0.713427,car
img_011396.jpg,qrf6j36,orf6j86,False,2,0.7143,0.250906,car
img_011398.jpg,qre4e62,orege22,False,3,0.5714,0.162272,car
img_011401.jpg,qre4e43,qre4643,False,1,0.8571,0.170664,car
img_011406.jpg,ppt1g04,ppt1604,False,1,0.8571,0.314707,car
img_011407.jpg,pjj8g19,pjj8619,False,1,0.8571,0.925749,car
img_011408.jpg,mtd8d09,mt08009,False,2,0.7143,0.537210,car
img_011409.jpg,dml7h99,om17492,False,4,0.4286,0.421287,car
img_011410.jpg,qqu1h68,qqu1m68,False,1,0.8571,0.532522,car
img_011411.jpg,qrf8f09,qri8609,False,2,0.7143,0.285235,car
img_011415.jpg,ppn6e20,ppn6e20,True,0,1.0000,0.872241,car
img_011421.jpg,etf8c86,etf8c88,False,1,0.8571,0.387341,car
img_011422.jpg,hmb3b00,hmb3800,False,1,0.8571,0.582300,car
img_011429.jpg,ohf7d03,our7003,False,3,0.5714,0.256825,car
img_011435.jpg,hgi5h67,ngi5067,False,2,0.7143,0.200782,car
img_011436.jpg,kyc9b10,kyc9b10,True,0,1.0000,0.625995,car
img_011437.jpg,odd6e85,odd6685,False,1,0.8571,0.786969,car
img_011439.jpg,qrg4f05,qrg4605,False,1,0.8571,0.846215,car
img_011442.jpg,oda2e64,oda2e64,True,0,1.0000,0.737842,car
img_011444.jpg,hjj3b83,mj13883,False,3,0.5714,0.357253,car
img_011445.jpg,mra1f21,mrajf21,False,1,0.8571,0.647864,car
img_011447.jpg,ppe9j10,ppe9j10,True,0,1.0000,0.586342,car
img_011451.jpg,qre5h99,crr5498,False,4,0.4286,0.126176,car
img_011452.jpg,qpf8i80,qpr8180,False,2,0.7143,0.291401,car
img_011453.jpg,ohf7d03,ohc7003,False,2,0.7143,0.840051,car
img_011456.jpg,qrk0c33,orkoc33,False,2,0.7143,0.356672,car
img_011457.jpg,qrj2c09,orj2607,False,3,0.5714,0.414201,car
img_011465.jpg,qre4e62,orege62,False,2,0.7143,0.647707,car
img_011466.jpg,qtu8i45,otu8145,False,2,0.7143,0.509534,car
img_011467.jpg,ppu7h07,ppu7407,False,1,0.8571,0.474031,car
img_011468.jpg,qre6h51,ore6h53,False,2,0.7143,0.288241,car
img_011470.jpg,qrj6j85,orja167,False,5,0.2857,0.188403,car
img_011471.jpg,ppv3i89,ppv389,False,1,0.8571,0.882847,car
img_011473.jpg,eyw5f60,evw5600,False,3,0.5714,0.353190,car
img_011478.jpg,ppl1h66,ppl1m66,False,1,0.8571,0.374204,car
img_011486.jpg,oyj1j24,ovj124,False,2,0.7143,0.710033,car
img_011489.jpg,ppm5d93,ppm5093,False,1,0.8571,0.975320,car
img_011496.jpg,ppz9c36,pp29636,False,2,0.7143,0.609231,car
img_011503.jpg,pqk6i84,pok6184,False,2,0.7143,0.958331,car
img_011504.jpg,dml7h99,dml7492,False,2,0.7143,0.156416,car
img_011509.jpg,ppq0i63,ppo0163,False,2,0.7143,0.688659,car
img_011510.jpg,pqx6c83,pox6c44,False,3,0.5714,0.185335,car
img_011512.jpg,mpj4i75,mpj4175,False,1,0.8571,0.930734,car
img_011514.jpg,dml7h99,dml7402,False,3,0.5714,0.226590,car
img_011515.jpg,qrh7c06,orn7c08,False,3,0.5714,0.660745,car
img_011518.jpg,ocv8i88,ocv8188,False,1,0.8571,0.571479,car
img_011523.jpg,qrj6i87,orj6187,False,2,0.7143,0.714336,car
img_011525.jpg,mra1f21,mra1f21,True,0,1.0000,0.515754,car
img_011526.jpg,qre1i40,orej140,False,3,0.5714,0.506785,car
img_011532.jpg,qrf6h99,qrc6192,False,3,0.5714,0.226180,car
img_011536.jpg,qre4f51,ore4f57,False,2,0.7143,0.724190,car
img_011540.jpg,qrk7h94,ork7494,False,2,0.7143,0.463677,car
img_011541.jpg,qrg5c94,org5694,False,2,0.7143,0.771119,car
img_011544.jpg,ppq3c10,ppo3c30,False,2,0.7143,0.184707,car
img_011548.jpg,qrg4f05,org4f05,False,1,0.8571,0.583032,car
img_011553.jpg,oyi3j77,ovi3377,False,2,0.7143,0.930617,car
img_011560.jpg,qrl8e61,qrl8667,False,2,0.7143,0.525334,car
img_011562.jpg,qre1i40,orej140,False,3,0.5714,0.497644,car
img_011564.jpg,ppo3h68,ppo3n68,False,1,0.8571,0.633992,car
img_011566.jpg,mpj4i75,mpj4175,False,1,0.8571,0.909144,car
img_011567.jpg,ppq0i81,ppo0187,False,3,0.5714,0.358367,car
img_011572.jpg,mtd8d09,mtb8002,False,3,0.5714,0.207296,car
img_011573.jpg,qrg4e18,orgle18,False,2,0.7143,0.897568,car
img_011574.jpg,qrj6j94,ou1048,False,7,0.0000,0.081705,car
img_011577.jpg,qrm0j47,qrm0747,False,1,0.8571,0.320122,car
img_011578.jpg,qre4f51,gre4f51,False,1,0.8571,0.438590,car
img_011579.jpg,qri3a81,qri3487,False,2,0.7143,0.875600,car
img_011581.jpg,ppl1h66,ppl3m66,False,2,0.7143,0.831002,car
img_011583.jpg,qrl6g07,qrl6607,False,1,0.8571,0.441412,car
img_011584.jpg,qre1i40,qrej140,False,2,0.7143,0.347755,car
img_011585.jpg,qre4d82,qre4082,False,1,0.8571,0.841313,car
img_011586.jpg,iun1a41,iunja65,False,3,0.5714,0.771845,car
img_011589.jpg,qrl0g01,orlo607,False,4,0.4286,0.636737,car
img_011591.jpg,qre1i40,qrej140,False,2,0.7143,0.257089,car
img_011598.jpg,dml7h99,dml7409,False,2,0.7143,0.360201,car
img_011600.jpg,qrj1i60,prr3116,False,5,0.2857,0.065779,car
img_011603.jpg,qrf8f96,qrc8696,False,2,0.7143,0.296281,car
img_011604.jpg,qre4f51,qre4551,False,1,0.8571,0.320518,car
img_011606.jpg,pkf0a92,pkt0a92,False,1,0.8571,0.202625,car
img_011610.jpg,qrf5j08,orf5108,False,2,0.7143,0.514928,car
img_011612.jpg,ppo2f94,ppo2f94,True,0,1.0000,0.479763,car
img_011613.jpg,ocx2i38,ocx2138,False,1,0.8571,0.859725,car
img_011614.jpg,dml7h99,oml2492,False,4,0.4286,0.467306,car
img_011619.jpg,qrb3b21,qrb3821,False,1,0.8571,0.248157,car
img_011620.jpg,dqz3i17,doz3117,False,2,0.7143,0.606575,car
img_011626.jpg,qrj1h35,orj1435,False,2,0.7143,0.143960,car
img_011627.jpg,qoh5h70,don5470,False,3,0.5714,0.594169,car
img_011631.jpg,jux5d87,jux5087,False,1,0.8571,0.995221,car
img_011641.jpg,kql5f86,kol5686,False,2,0.7143,0.499555,car
img_011643.jpg,pkf0a92,pke0492,False,2,0.7143,0.455832,car
img_011646.jpg,ppj6j99,ppj6309,False,2,0.7143,0.171914,car
img_011647.jpg,qri1a81,orija87,False,3,0.5714,0.212822,car
img_011648.jpg,mqg8a95,mog8a95,False,1,0.8571,0.624649,car
img_011651.jpg,pzz4c98,pzz4698,False,1,0.8571,0.597463,car
img_011654.jpg,qrf6j36,qrf6136,False,1,0.8571,0.172968,car
img_011660.jpg,mtu2f92,mtu2702,False,2,0.7143,0.421093,car
img_011666.jpg,qrk4c74,ork4674,False,2,0.7143,0.889632,car
img_011667.jpg,qrj1i60,boj3116,False,5,0.2857,0.015461,car
img_011668.jpg,qrh1h27,orn1427,False,3,0.5714,0.545177,car
img_011669.jpg,mtx2e16,mmtx261,False,3,0.5714,0.334600,car
img_011677.jpg,odp5e57,odp5657,False,1,0.8571,0.593719,car
img_011681.jpg,msd0c50,msd0c50,True,0,1.0000,0.423574,car
img_011682.jpg,ppe9j10,ppe9310,False,1,0.8571,0.716427,car
img_011689.jpg,qrf8f96,qrc8696,False,2,0.7143,0.338989,car
img_011690.jpg,qre2i26,qre2126,False,1,0.8571,0.761887,car
img_011692.jpg,qre8f57,greff7,False,3,0.5714,0.509843,car
img_011694.jpg,qrg5c94,qrg5194,False,1,0.8571,0.149291,car
img_011698.jpg,mtu2f92,mtu2692,False,1,0.8571,0.641457,car
img_011700.jpg,qrg5c94,qr6504,False,3,0.5714,0.296751,car
img_011703.jpg,pqx6c83,pox683,False,2,0.7143,0.973708,car
img_011708.jpg,mtv1e84,htv1684,False,2,0.7143,0.384561,car
img_011710.jpg,mdo6e68,mdo6688,False,2,0.7143,0.671790,car
img_011715.jpg,qrk7h94,ork7494,False,2,0.7143,0.759095,car
img_011716.jpg,qre8f57,ore8657,False,2,0.7143,0.313016,car
img_011719.jpg,mtu2f92,mtu2f92,True,0,1.0000,0.543017,car
img_011720.jpg,ppz9c36,ppz9636,False,1,0.8571,0.426280,car
img_011724.jpg,lsu5a61,lsu5a65,False,1,0.8571,0.294389,car
img_011725.jpg,mpj4i75,mpj4175,False,1,0.8571,0.997821,car
img_011728.jpg,qre1i54,gre1154,False,2,0.7143,0.441500,car
img_011731.jpg,kdl5g01,kdl5601,False,1,0.8571,0.596179,car
img_011734.jpg,qrg0d06,org0d06,False,1,0.8571,0.432129,car
img_011736.jpg,jik9g12,jik9612,False,1,0.8571,0.879864,car
img_011737.jpg,ppf9a33,ppc9433,False,2,0.7143,0.526928,car
img_011740.jpg,ppl2j70,ppl2370,False,1,0.8571,0.849227,car
img_011744.jpg,qrk3c30,ork3630,False,2,0.7143,0.492375,car
img_011749.jpg,qrf7b75,qrc7675,False,2,0.7143,0.893899,car
img_011751.jpg,qri3g65,ori3665,False,2,0.7143,0.792286,car
img_011753.jpg,qrh7c06,orm7c06,False,2,0.7143,0.530910,car
img_011755.jpg,pqk6i84,pok6184,False,2,0.7143,0.788635,car
img_011765.jpg,qrj1i60,orj1160,False,2,0.7143,0.716930,car
img_011766.jpg,qre5g52,ore5652,False,2,0.7143,0.888720,car
img_011767.jpg,qre4e48,orege48,False,2,0.7143,0.848029,car
img_011772.jpg,qrf8g16,orf8616,False,2,0.7143,0.313991,car
img_011773.jpg,qre1i59,ore3159,False,3,0.5714,0.603791,car
img_011777.jpg,ppp9c33,ppp9633,False,1,0.8571,0.931610,car
img_011781.jpg,qrl6g07,orl0607,False,3,0.5714,0.419820,car
img_011787.jpg,odt2d32,odt2032,False,1,0.8571,0.982186,car
img_011796.jpg,oyf0a79,oye0a79,False,1,0.8571,0.532977,car
img_011797.jpg,ppp7h63,ppp7667,False,2,0.7143,0.345766,car
img_011799.jpg,ppe9j10,ppe9370,False,2,0.7143,0.919554,car
img_011801.jpg,qrk4c74,ork4674,False,2,0.7143,0.854027,car
img_011803.jpg,qrj1i60,or31160,False,3,0.5714,0.801391,car
img_011805.jpg,dml7h99,dml7402,False,3,0.5714,0.330316,car
img_011806.jpg,ppb5h53,ppb5453,False,1,0.8571,0.739041,car
img_011808.jpg,ppv3i89,ppv3189,False,1,0.8571,0.922021,car
img_011814.jpg,qrh7c06,orh7608,False,3,0.5714,0.236232,car
img_011815.jpg,qrj1i60,orj1160,False,2,0.7143,0.919287,car
img_011818.jpg,qbn4e00,obnle00,False,2,0.7143,0.455966,car
img_011820.jpg,qrl8h45,orl8445,False,2,0.7143,0.307573,car
img_011822.jpg,pvl0g62,pvl0662,False,1,0.8571,0.530164,car
img_011825.jpg,krf5g00,krrj600,False,3,0.5714,0.263628,car
img_011837.jpg,mrl0b65,mrl0865,False,1,0.8571,0.450494,car
img_011838.jpg,qri9d23,ori9023,False,2,0.7143,0.519101,car
img_011840.jpg,odp5e57,odp5e57,True,0,1.0000,0.653171,car
img_011843.jpg,qre4f49,qregf60,False,3,0.5714,0.167781,car
img_011849.jpg,qre4e99,orege99,False,2,0.7143,0.435782,car
img_011851.jpg,ocx2i38,ock2158,False,3,0.5714,0.378205,car
img_011854.jpg,mpj4j19,mpj4319,False,1,0.8571,0.580566,car
img_011855.jpg,qev1b59,qev1859,False,1,0.8571,0.754512,car
img_011860.jpg,qre5g52,ore5652,False,2,0.7143,0.672415,car
img_011861.jpg,qre1i40,orej140,False,3,0.5714,0.257974,car
img_011863.jpg,mst7g12,ms77612,False,2,0.7143,0.615447,car
img_011864.jpg,qrj6j94,orj6j74,False,2,0.7143,0.551211,car
img_011866.jpg,odp9j48,odp9348,False,1,0.8571,0.524254,car
img_011867.jpg,qre4f51,qre4f51,True,0,1.0000,0.500618,car
img_011868.jpg,odn5e19,oon5e19,False,1,0.8571,0.747986,car
img_011869.jpg,qre4f49,ore4f49,False,1,0.8571,0.278676,car
img_011871.jpg,qrf7d69,qrf7069,False,1,0.8571,0.360817,car
img_011872.jpg,qrf7h85,drf2005,False,4,0.4286,0.406042,car
img_011876.jpg,qrf8f09,qrc8609,False,2,0.7143,0.754265,car
img_011879.jpg,ovi1i13,ovi7193,False,3,0.5714,0.330158,car
img_011880.jpg,qre1i40,ore1140,False,2,0.7143,0.440680,car
img_011881.jpg,qrk0c33,ork0033,False,2,0.7143,0.551265,car
img_011882.jpg,mss4b21,mss827,False,3,0.5714,0.285544,car
img_011884.jpg,qre4e48,orege48,False,2,0.7143,0.325366,car
img_011886.jpg,ppj6j99,ppj6j99,True,0,1.0000,0.394603,car
img_011889.jpg,gfl2a37,gfl2a37,True,0,1.0000,0.765478,car
img_011895.jpg,dqz3i17,ioz3117,False,3,0.5714,0.239293,car
img_011897.jpg,pqx6c83,pox6833,False,3,0.5714,0.959719,car
img_011900.jpg,mrp3b59,mrp3b59,True,0,1.0000,0.554409,car
img_011904.jpg,qre4f49,oregf49,False,2,0.7143,0.259341,car
img_011905.jpg,ocx2i38,ocx2138,False,1,0.8571,0.924306,car
img_011907.jpg,mtd5b22,mto5b22,False,1,0.8571,0.274828,car
img_011910.jpg,qrf7b75,orc7675,False,3,0.5714,0.782734,car
img_011911.jpg,mtu2f92,mtu2692,False,1,0.8571,0.962577,car
img_011916.jpg,ovj5h32,ovj5432,False,1,0.8571,0.371206,car
img_011917.jpg,qre1i17,qre1117,False,1,0.8571,0.519675,car
img_011920.jpg,qre4e43,orege43,False,2,0.7143,0.669090,car
img_011921.jpg,dml7h99,dml7492,False,2,0.7143,0.264870,car
img_011927.jpg,oyg7f49,ovg7r49,False,2,0.7143,0.265190,car
img_011930.jpg,qrf8f09,qrc8609,False,2,0.7143,0.542114,car
img_011931.jpg,mtl6e22,mt66622,False,2,0.7143,0.223526,car
img_011936.jpg,qrh1h27,orm3427,False,4,0.4286,0.255706,car
img_011942.jpg,qrj7b99,ori7899,False,3,0.5714,0.255815,car
img_011943.jpg,eyw5f60,evu5600,False,4,0.4286,0.579696,car
img_011944.jpg,qrh3b66,orh3866,False,2,0.7143,0.319713,car
img_011948.jpg,qrl2h06,qrl2h06,True,0,1.0000,0.280945,car
img_011949.jpg,qna7b16,qna7bj6,False,1,0.8571,0.225744,car
img_011957.jpg,mtx3c51,mtx3657,False,2,0.7143,0.717599,car
img_011960.jpg,edz5f72,edz5672,False,1,0.8571,0.670134,car
img_011962.jpg,mqi1c02,mq11602,False,2,0.7143,0.395659,car
img_011965.jpg,ppu7h07,ppu7407,False,1,0.8571,0.432525,car
img_011967.jpg,oye0b98,ove0898,False,2,0.7143,0.681591,car
img_011974.jpg,odc3c52,odc3652,False,1,0.8571,0.575730,car
img_011979.jpg,oye0b98,oye0898,False,1,0.8571,0.865370,car
img_011981.jpg,qre1i40,orej140,False,3,0.5714,0.511744,car
img_011985.jpg,hzo9c38,mz09c38,False,2,0.7143,0.643634,car
img_011992.jpg,qrf1a66,qrfia66,False,1,0.8571,0.373271,car
img_011993.jpg,qre1i40,ore3140,False,3,0.5714,0.415022,car
img_011999.jpg,hjo1j00,nj01j00,False,2,0.7143,0.561130,car
img_012006.jpg,qre4f36,qre4536,False,1,0.8571,0.377245,car
img_012007.jpg,qre5g52,ore5652,False,2,0.7143,0.918591,car
img_012009.jpg,qrm4a16,qrm4476,False,2,0.7143,0.235187,car
img_012010.jpg,cub6d65,cub6d65,True,0,1.0000,0.874568,car
img_012013.jpg,qre1i40,ore3140,False,3,0.5714,0.708532,car
img_012014.jpg,qrf8f96,qrf8696,False,1,0.8571,0.306839,car
img_012016.jpg,mss5h50,mss5450,False,1,0.8571,0.705404,car
img_012017.jpg,odn5e19,odn5e19,True,0,1.0000,0.792730,car
img_012018.jpg,qbn4e00,obnge00,False,2,0.7143,0.888332,car
img_012021.jpg,mtv1e84,mtv1684,False,1,0.8571,0.539596,car
img_012026.jpg,oyd7g50,ovd7650,False,2,0.7143,0.779632,car
img_012027.jpg,lqc0j14,loc0374,False,3,0.5714,0.319106,car
img_012028.jpg,qbn4e00,obn4e00,False,1,0.8571,0.694210,car
img_012030.jpg,ppq9b16,pp09816,False,2,0.7143,0.421897,car
img_012031.jpg,qre4b42,qre9b42,False,1,0.8571,0.312935,car
img_012035.jpg,pqx6c83,pox6833,False,3,0.5714,0.915964,car
img_012037.jpg,qre1i40,orej140,False,3,0.5714,0.510244,car
img_012040.jpg,mpj4i75,mpj4175,False,1,0.8571,0.983612,car
img_012041.jpg,qrj5d10,orj5010,False,2,0.7143,0.913622,car
img_012043.jpg,qrf8g50,orc8650,False,3,0.5714,0.933118,car
img_012045.jpg,qrg4f05,org4605,False,2,0.7143,0.700093,car
img_012049.jpg,lup7d43,lup7043,False,1,0.8571,0.994012,car
img_012053.jpg,odt2d32,odt2032,False,1,0.8571,0.991382,car
img_012054.jpg,ohf7d03,omf703,False,2,0.7143,0.660991,car
img_012055.jpg,odf1h05,odfim05,False,2,0.7143,0.402461,car
img_012058.jpg,qre1i40,orej140,False,3,0.5714,0.269282,car
img_012059.jpg,qre5g52,ore5652,False,2,0.7143,0.461318,car
img_012060.jpg,qre4e99,ore4e92,False,2,0.7143,0.224917,car
img_012062.jpg,ppt1g04,pptig04,False,1,0.8571,0.553521,car
img_012063.jpg,qrj6j94,orj6j74,False,2,0.7143,0.321933,car
img_012070.jpg,qre8f57,geef57,False,3,0.5714,0.399861,car
img_012078.jpg,hbl8b72,hbl8872,False,1,0.8571,0.421954,car
img_012082.jpg,eew8h94,eev8094,False,2,0.7143,0.201625,car
img_012084.jpg,qrh1h27,ormin27,False,4,0.4286,0.121971,car
img_012092.jpg,ove9j90,ove9390,False,1,0.8571,0.499180,car
img_012093.jpg,qri3a81,ori3a87,False,2,0.7143,0.366874,car
img_012094.jpg,qrl5g63,orl5663,False,2,0.7143,0.905908,car
img_012095.jpg,ocx2i38,ocx2138,False,1,0.8571,0.929972,car
img_012097.jpg,qrh1h27,orh1427,False,2,0.7143,0.474562,car
img_012114.jpg,mph9b72,emp4987,False,4,0.4286,0.623468,car
img_012115.jpg,msv3c83,msv383,False,1,0.8571,0.397960,car
img_012116.jpg,qrl2i49,orl2149,False,2,0.7143,0.724878,car
img_012119.jpg,qre1i40,ore3140,False,3,0.5714,0.792748,car
img_012121.jpg,qre4e62,qre4662,False,1,0.8571,0.318869,car
img_012122.jpg,qre6j26,ore6j26,False,1,0.8571,0.483028,car
img_012126.jpg,qre4d82,qre4082,False,1,0.8571,0.862172,car
img_012129.jpg,qre5h99,ore5199,False,2,0.7143,0.188544,car
img_012130.jpg,qre4e77,orege77,False,2,0.7143,0.916791,car
img_012131.jpg,ppp4c37,ppp637,False,2,0.7143,0.433634,car
img_012133.jpg,ocx2i38,ocx2138,False,1,0.8571,0.652856,car
img_012136.jpg,qrh1h63,orh1m63,False,2,0.7143,0.209238,car
img_012137.jpg,qre6f01,ore6607,False,3,0.5714,0.464905,car
img_012139.jpg,ppn6e20,ppn6e20,True,0,1.0000,0.797074,car
img_012142.jpg,ppp9c33,ppp9633,False,1,0.8571,0.639707,car
img_012145.jpg,qrg4f05,qrg4605,False,1,0.8571,0.778046,car
img_012146.jpg,qre4d82,qre4082,False,1,0.8571,0.558248,car
img_012149.jpg,ppl5h51,ppl5n51,False,1,0.8571,0.562235,car
img_012150.jpg,qrg5c25,org5625,False,2,0.7143,0.558941,car
img_012151.jpg,qrj6j94,orj6j94,False,1,0.8571,0.196613,car
img_012162.jpg,qrf6j36,qre6786,False,3,0.5714,0.134733,car
img_012168.jpg,qrl5d88,orl5088,False,2,0.7143,0.708497,car
img_012170.jpg,qri3a81,qri3487,False,2,0.7143,0.344174,car
img_012175.jpg,ppp4c37,ppp4637,False,1,0.8571,0.905803,car
img_012176.jpg,oyg3j10,ovg3310,False,2,0.7143,0.537463,car
img_012177.jpg,qre4d82,gre4082,False,2,0.7143,0.422957,car
img_012183.jpg,mss5a48,mss1488,False,3,0.5714,0.203957,car
img_012186.jpg,ovk8i54,ovk8154,False,1,0.8571,0.955778,car
img_012187.jpg,qre4e99,ore4099,False,2,0.7143,0.480423,car
img_012188.jpg,qre1i41,orej145,False,4,0.4286,0.260300,car
img_012190.jpg,qrf8g17,qrf8617,False,1,0.8571,0.658000,car
img_012191.jpg,mpz2a30,mp22430,False,2,0.7143,0.533814,car
img_012193.jpg,mpz2a30,mpz2430,False,1,0.8571,0.808923,car
img_012194.jpg,qrf8g17,qrc8617,False,2,0.7143,0.922278,car
img_012197.jpg,qre4e99,qre4699,False,1,0.8571,0.632726,car
img_012198.jpg,mpy5a63,mpy3463,False,2,0.7143,0.247550,car
img_012203.jpg,qrf8g17,qrf8617,False,1,0.8571,0.717555,car
img_012205.jpg,qre4f45,qre4f45,True,0,1.0000,0.636200,car
img_012206.jpg,ppo9e79,ppo9679,False,1,0.8571,0.639911,car
img_012207.jpg,qre1i46,orej146,False,3,0.5714,0.388178,car
img_012208.jpg,gfl2a37,gfl2437,False,1,0.8571,0.699832,car
img_012209.jpg,fqg0a45,rog0445,False,3,0.5714,0.455273,car
img_012210.jpg,pzl2c24,pzl2624,False,1,0.8571,0.997444,car
img_012214.jpg,qre4f45,ore4f45,False,1,0.8571,0.352199,car
img_012216.jpg,qrf8g17,qrc8617,False,2,0.7143,0.473804,car
img_012217.jpg,qre2d62,qre2062,False,1,0.8571,0.463634,car
img_012218.jpg,odm2g44,odm2644,False,1,0.8571,0.926619,car
img_012220.jpg,qrf8g17,qrc8617,False,2,0.7143,0.895868,car
img_012221.jpg,qre4e99,ore4609,False,3,0.5714,0.262106,car
img_012223.jpg,qre4f49,ore4f49,False,1,0.8571,0.770207,car
img_012224.jpg,mpz2a30,mpz2a30,True,0,1.0000,0.500095,car
img_012225.jpg,qrf8f09,qrc8609,False,2,0.7143,0.463529,car
img_012227.jpg,qrf8g17,qrc8617,False,2,0.7143,0.807705,car
img_012228.jpg,qre1i41,ore1147,False,3,0.5714,0.760414,car
img_012230.jpg,hmf0g82,enhr068,False,6,0.1429,0.150720,car
img_012232.jpg,qrf6j21,qrf0j27,False,2,0.7143,0.150284,car
img_012233.jpg,qrf0f90,qrf0690,False,1,0.8571,0.335755,car
img_012234.jpg,mpz2a30,mp22430,False,2,0.7143,0.450078,car
img_012235.jpg,fyo2e04,fyo2604,False,1,0.8571,0.683606,car
img_012236.jpg,qre0f27,qre0f27,True,0,1.0000,0.627958,car
img_012240.jpg,qre0e61,qreo667,False,3,0.5714,0.222497,car
img_012241.jpg,qrf8g17,qrc8617,False,2,0.7143,0.910898,car
img_012242.jpg,qre4e99,ore4699,False,2,0.7143,0.498998,car
img_012243.jpg,fyo2e04,fyo2604,False,1,0.8571,0.398434,car
img_012244.jpg,qre0f26,ore0f20,False,2,0.7143,0.212912,car
img_012246.jpg,ppa9a31,aq27454,False,7,0.0000,0.010904,car
img_012248.jpg,qre1i41,dre1145,False,3,0.5714,0.067334,car
img_012249.jpg,qre4d82,qre4082,False,1,0.8571,0.693135,car
img_012254.jpg,gfl2a37,gfl2437,False,1,0.8571,0.481537,car
img_012255.jpg,qrf8g17,qrc8617,False,2,0.7143,0.571715,car
img_012256.jpg,ppi7a68,ppi7a68,True,0,1.0000,0.890130,car
img_012258.jpg,qrf8g17,qr68617,False,2,0.7143,0.446554,car
img_012259.jpg,qre1i41,dre3145,False,4,0.4286,0.310685,car
img_012261.jpg,qre0f27,ore0f27,False,1,0.8571,0.618017,car
img_012262.jpg,gfl2a37,gfl2437,False,1,0.8571,0.726364,car
img_012263.jpg,qrf6j17,qrc6317,False,2,0.7143,0.428452,car
img_012264.jpg,qrf8f40,qrf8f40,True,0,1.0000,0.634702,car
img_012267.jpg,ppm1h66,ppm1466,False,1,0.8571,0.640593,car
img_012268.jpg,qrf8f09,qrc8609,False,2,0.7143,0.307262,car
img_012269.jpg,mqz0j93,mq20193,False,2,0.7143,0.195803,car
img_012274.jpg,qrf8g17,qrc8617,False,2,0.7143,0.877413,car
img_012275.jpg,qre1i46,qre3146,False,2,0.7143,0.522730,car
img_012276.jpg,qre1i43,ore3143,False,3,0.5714,0.743837,car
img_012277.jpg,qre7d75,qre7d75,True,0,1.0000,0.434716,car
img_012278.jpg,mst1h25,mst7m25,False,2,0.7143,0.325139,car
img_012279.jpg,qrf6i07,wrr6107,False,3,0.5714,0.171205,car
img_012280.jpg,qre8e70,ore8670,False,2,0.7143,0.602353,car
img_012281.jpg,qrf8g17,orc8617,False,3,0.5714,0.695388,car
img_012282.jpg,mrl9c91,mrl9199,False,2,0.7143,0.123024,car
img_012283.jpg,qrf8f87,qrc8687,False,2,0.7143,0.668327,car
img_012284.jpg,qrf6j33,qr66333,False,2,0.7143,0.400941,car
img_012285.jpg,qrf8f14,qrf8f74,False,1,0.8571,0.223284,car
img_012287.jpg,qrf8g17,qrc8617,False,2,0.7143,0.839719,car
img_012288.jpg,qre4e43,qre4643,False,1,0.8571,0.493529,car
img_012290.jpg,qre1i43,orc3143,False,4,0.4286,0.474608,car
img_012295.jpg,fag3b35,fag3b35,True,0,1.0000,0.457652,car
img_012297.jpg,qre1i46,ore3146,False,3,0.5714,0.299665,car
img_012298.jpg,qre1i43,ore3143,False,3,0.5714,0.610938,car
img_012300.jpg,qre8e70,qre8670,False,1,0.8571,0.582567,car
img_012301.jpg,qre1i46,ore3146,False,3,0.5714,0.488742,car
img_012303.jpg,qrf6i37,orc6157,False,4,0.4286,0.355517,car
img_012305.jpg,qre1i11,qre1131,False,2,0.7143,0.338915,car
img_012306.jpg,qre4e43,ore4443,False,2,0.7143,0.545341,car
img_012309.jpg,gfl2a37,grl2437,False,2,0.7143,0.163517,car
img_012310.jpg,qrf6j33,qrf6j33,True,0,1.0000,0.138064,car
img_012311.jpg,qre4e99,ore4699,False,2,0.7143,0.259086,car
img_012312.jpg,fyo2e04,fyo2604,False,1,0.8571,0.261737,car
img_012314.jpg,odn2e68,odn2668,False,1,0.8571,0.905497,car
img_012316.jpg,ppl1h66,ppl3460,False,3,0.5714,0.644304,car
img_012317.jpg,ppm0f57,ppmo657,False,2,0.7143,0.230633,car
img_012318.jpg,qre4e43,ore4f43,False,2,0.7143,0.621460,car
img_012319.jpg,qre1i46,qre3146,False,2,0.7143,0.378380,car
img_012321.jpg,qrf8g17,qrf8617,False,1,0.8571,0.672960,car
img_012323.jpg,qre4e43,qre4e43,True,0,1.0000,0.293848,car
img_012324.jpg,qre4e99,ore4690,False,3,0.5714,0.179286,car
img_012326.jpg,qre1i11,ore3171,False,4,0.4286,0.288428,car
img_012327.jpg,qre1i46,qre3146,False,2,0.7143,0.553679,car
img_012328.jpg,qrf8g17,qrc8617,False,2,0.7143,0.824443,car
img_012330.jpg,qre4e43,qre4f43,False,1,0.8571,0.417069,car
img_012331.jpg,qrf8g50,qrf8650,False,1,0.8571,0.879166,car
img_012332.jpg,qrf8f34,qrc8634,False,2,0.7143,0.336907,car
img_012333.jpg,qrf8g17,qrc8617,False,2,0.7143,0.827509,car
img_012334.jpg,qre4e99,drege9q,False,3,0.5714,0.071931,car
img_012335.jpg,qrf6j24,qrc6j24,False,1,0.8571,0.253031,car
img_012336.jpg,qrg2i08,qrg2108,False,1,0.8571,0.544082,car
img_012337.jpg,qrf6i07,qrc6107,False,2,0.7143,0.903122,car
img_012338.jpg,ove3f52,ove3f52,True,0,1.0000,0.370641,car
img_012339.jpg,qrf8g17,qrc8637,False,3,0.5714,0.545441,car
img_012340.jpg,qre1i43,qre3143,False,2,0.7143,0.618931,car
img_012341.jpg,qre1i42,qre3142,False,2,0.7143,0.591452,car
img_012342.jpg,mpz2a30,mpz2450,False,2,0.7143,0.461105,car
img_012344.jpg,mtt8f14,mt8614,False,2,0.7143,0.469958,car
img_012345.jpg,qrh1h27,ork1427,False,3,0.5714,0.269647,car
img_012346.jpg,ppk0g10,ppk0610,False,1,0.8571,0.938566,car
img_012348.jpg,qre4e99,dre4699,False,2,0.7143,0.245155,car
img_012350.jpg,qrf8f09,qrc8609,False,2,0.7143,0.254678,car
img_012351.jpg,qrh7c82,qrh7682,False,1,0.8571,0.451094,car
img_012353.jpg,qrf8g17,qrc8617,False,2,0.7143,0.569992,car
img_012354.jpg,qre4e43,drege43,False,2,0.7143,0.294961,car
img_012355.jpg,qrf8g17,qrc8617,False,2,0.7143,0.668919,car
img_012356.jpg,ppl1h66,ppl3m60,False,3,0.5714,0.450907,car
img_012358.jpg,qrf8f09,qrc8609,False,2,0.7143,0.355165,car
img_012359.jpg,qrf8g17,qrf8617,False,1,0.8571,0.906801,car
img_012361.jpg,qrf8g17,qrc8617,False,2,0.7143,0.500059,car
img_012362.jpg,mtv1e84,mtv7684,False,2,0.7143,0.137355,car
img_012363.jpg,qrg2i08,qrg2108,False,1,0.8571,0.722603,car
img_012365.jpg,fag3b35,fau3835,False,2,0.7143,0.769528,car
img_012366.jpg,qre1i43,qre3143,False,2,0.7143,0.681573,car
img_012368.jpg,qrf8g17,qrc8617,False,2,0.7143,0.716018,car
img_012369.jpg,qrh1h27,ork1427,False,3,0.5714,0.317873,car
img_012370.jpg,qre4e43,qre4643,False,1,0.8571,0.352437,car
img_012373.jpg,qre4e43,ore4f43,False,2,0.7143,0.314302,car
img_012374.jpg,fyo2e04,fvo2e04,False,1,0.8571,0.563280,car
img_012376.jpg,pxa4h05,pxa4505,False,1,0.8571,0.471158,car
img_012377.jpg,qrg2i08,qr62108,False,2,0.7143,0.782869,car
img_012382.jpg,mtt8f14,mt8f14,False,1,0.8571,0.532833,car
img_012383.jpg,qrf8f09,qrc8609,False,2,0.7143,0.453729,car
img_012385.jpg,fag3b35,fa63835,False,2,0.7143,0.589029,car
img_012386.jpg,qrf8g17,qrc8617,False,2,0.7143,0.838593,car
img_012387.jpg,qrf6j17,qrc6j17,False,1,0.8571,0.220826,car
img_012388.jpg,qre4e43,ore4f43,False,2,0.7143,0.277000,car
img_012389.jpg,qrg2h19,qrg2419,False,1,0.8571,0.884565,car
img_012390.jpg,ppl1h66,ppl3m66,False,2,0.7143,0.626793,car
img_012391.jpg,qrf8g17,qrc8617,False,2,0.7143,0.760666,car
img_012392.jpg,qrf8f09,qrc8609,False,2,0.7143,0.497018,car
img_012393.jpg,qrf8g17,qrc8617,False,2,0.7143,0.428328,car
img_012395.jpg,qre4e43,qre4643,False,1,0.8571,0.316564,car
img_012396.jpg,qrf8f87,qrc8687,False,2,0.7143,0.484904,car
img_012398.jpg,qre1i41,ore3147,False,4,0.4286,0.178845,car
img_012399.jpg,qrf8g17,qrc8617,False,2,0.7143,0.906827,car
img_012400.jpg,ppl1h66,ppl3466,False,2,0.7143,0.734529,car
img_012402.jpg,qre1i11,qre3131,False,3,0.5714,0.252722,car
img_012403.jpg,qrf8g68,qrf8668,False,1,0.8571,0.898194,car
img_012404.jpg,qre0f27,ore0f27,False,1,0.8571,0.431572,car
img_012405.jpg,mpz2a30,mpz2430,False,1,0.8571,0.465942,car
img_012406.jpg,qrg2h19,qrg2419,False,1,0.8571,0.437935,car
img_012408.jpg,qrf8g17,qrc8617,False,2,0.7143,0.837057,car
img_012411.jpg,qrg6b53,qrg6655,False,2,0.7143,0.104698,car
img_012417.jpg,qrf8f09,qrc8609,False,2,0.7143,0.398561,car
img_012418.jpg,ppl1h66,ppl3466,False,2,0.7143,0.416198,car
img_012419.jpg,qrh7g54,orh7654,False,2,0.7143,0.655405,car
img_012420.jpg,qre4e43,qre4f43,False,1,0.8571,0.330903,car
img_012421.jpg,qre4f49,qre4649,False,1,0.8571,0.478899,car
img_012422.jpg,ppl1h66,pd45m60,False,5,0.2857,0.245489,car
img_012423.jpg,qre0f27,gre0f27,False,1,0.8571,0.507921,car
img_012424.jpg,qre8e54,qre8654,False,1,0.8571,0.776298,car
img_012425.jpg,qre4d82,qre4082,False,1,0.8571,0.437947,car
img_012426.jpg,qre1i43,qre3143,False,2,0.7143,0.229393,car
img_012427.jpg,ean2g57,fan2652,False,3,0.5714,0.488794,car
img_012431.jpg,qrh7c82,qru7682,False,2,0.7143,0.372925,car
img_012432.jpg,qrf8g09,qrc8609,False,2,0.7143,0.965086,car
img_012433.jpg,qrf8f09,qrc8609,False,2,0.7143,0.672741,car
img_012435.jpg,qre1i43,ore3143,False,3,0.5714,0.643060,car
img_012436.jpg,qre1i46,qre3146,False,2,0.7143,0.687792,car
img_012437.jpg,qrh1h27,orm3427,False,4,0.4286,0.407477,car
img_012438.jpg,qrg4f09,org4609,False,2,0.7143,0.407606,car
img_012441.jpg,qrg4f02,br66602,False,4,0.4286,0.072338,car
img_012442.jpg,qrh7c54,qru7654,False,2,0.7143,0.337284,car
img_012446.jpg,qrf8g17,qrc8617,False,2,0.7143,0.916435,car
img_012448.jpg,qrf7b75,qrc7675,False,2,0.7143,0.829801,car
img_012449.jpg,fyo2e04,fyo2604,False,1,0.8571,0.465140,car
img_012450.jpg,qrf8g17,qrc8617,False,2,0.7143,0.552873,car
img_012451.jpg,qre4e99,qre9299,False,2,0.7143,0.245474,car
img_012452.jpg,qrf6i07,qrc6107,False,2,0.7143,0.377708,car
img_012453.jpg,qrg2h80,qrg2480,False,1,0.8571,0.893336,car
img_012455.jpg,qrf8g17,qrc8617,False,2,0.7143,0.797140,car
img_012457.jpg,qre4e99,qre4699,False,1,0.8571,0.298773,car
img_012458.jpg,qrh1h27,orm1427,False,3,0.5714,0.514117,car
img_012460.jpg,qrf8g17,qrc8617,False,2,0.7143,0.903712,car
img_012461.jpg,qre4e99,qre4699,False,1,0.8571,0.391129,car
img_012465.jpg,ouw8f56,ouum865,False,4,0.4286,0.150702,car
img_012466.jpg,qre6a18,qreg418,False,2,0.7143,0.446769,car
img_012469.jpg,qrg4f02,org4f02,False,1,0.8571,0.774522,car
img_012472.jpg,qre4e99,qre4690,False,2,0.7143,0.203589,car
img_012473.jpg,qrf6j36,qrf6j36,True,0,1.0000,0.406670,car
img_012474.jpg,fyo2e04,fyo2604,False,1,0.8571,0.526507,car
img_012475.jpg,fhn6i20,fun6120,False,2,0.7143,0.497754,car
img_012476.jpg,pys5h96,pys5496,False,1,0.8571,0.732656,car
img_012478.jpg,qre1i43,qre3143,False,2,0.7143,0.335679,car
img_012480.jpg,qrf8g17,qrc8617,False,2,0.7143,0.743348,car
img_012481.jpg,fou3i88,fou3188,False,1,0.8571,0.981579,car
img_012482.jpg,qre4e99,dre4690,False,3,0.5714,0.092434,car
img_012484.jpg,ppl1h66,ppl3460,False,3,0.5714,0.725973,car
img_012485.jpg,qrf6j32,drc6337,False,4,0.4286,0.631727,car
img_012486.jpg,qre1i46,dre1146,False,2,0.7143,0.748605,car
img_012487.jpg,fag3b35,fa63835,False,2,0.7143,0.547244,car
img_012489.jpg,qre1i46,qre1146,False,1,0.8571,0.288551,car
img_012490.jpg,qrf8g17,qrc8617,False,2,0.7143,0.822944,car
img_012491.jpg,qre4e99,qre4699,False,1,0.8571,0.140406,car
img_012493.jpg,ean2g57,ean2657,False,1,0.8571,0.927643,car
img_012494.jpg,qrf0f90,qrf0690,False,1,0.8571,0.297553,car
img_012495.jpg,qrf8g17,qrc8617,False,2,0.7143,0.832548,car
img_012497.jpg,qre4e99,qre4699,False,1,0.8571,0.162531,car
img_012498.jpg,fag3b35,fag3835,False,1,0.8571,0.880949,car
img_012499.jpg,qre4e43,qre4f43,False,1,0.8571,0.355093,car
img_012500.jpg,qre1i41,drej147,False,4,0.4286,0.113055,car
img_012502.jpg,ppl1i54,ppl3154,False,2,0.7143,0.985351,car
img_012506.jpg,qrg2h19,qrg2419,False,1,0.8571,0.705782,car
img_012508.jpg,puv5e07,puv5607,False,1,0.8571,0.860336,car
img_012509.jpg,qre1i43,ore3143,False,3,0.5714,0.558982,car
img_012510.jpg,qrf8f96,qrf8696,False,1,0.8571,0.634776,car
img_012514.jpg,qri0e80,qri0e80,True,0,1.0000,0.605825,car
img_012515.jpg,qrf8g17,qrc8617,False,2,0.7143,0.453313,car
img_012516.jpg,qre4e99,dregf09,False,4,0.4286,0.174037,car
img_012517.jpg,qre1i43,ore3143,False,3,0.5714,0.275572,car
img_012518.jpg,qre7c42,qre7642,False,1,0.8571,0.638731,car
img_012519.jpg,fur9c33,fur9c33,True,0,1.0000,0.334747,car
img_012520.jpg,qre4e43,qregf43,False,2,0.7143,0.380563,car
img_012521.jpg,fou3i88,fou3188,False,1,0.8571,0.722051,car
img_012524.jpg,qrf8g17,qrf8617,False,1,0.8571,0.287943,car
img_012526.jpg,qre4e43,qre4f43,False,1,0.8571,0.472516,car
img_012527.jpg,qrf8f09,qrc8609,False,2,0.7143,0.501836,car
img_012528.jpg,mtc6h43,mm760m4,False,5,0.2857,0.212126,car
img_012529.jpg,fyo2e04,fyo2604,False,1,0.8571,0.796684,car
img_012530.jpg,qrf8f96,qrf8696,False,1,0.8571,0.366451,car
img_012531.jpg,qrh1h27,ork1427,False,3,0.5714,0.341747,car
img_012532.jpg,qre1h96,ore3496,False,3,0.5714,0.273154,car
img_012533.jpg,qre4e48,qre4648,False,1,0.8571,0.145309,car
img_012534.jpg,qre1i59,ore3159,False,3,0.5714,0.466017,car
img_012535.jpg,fyo2e04,fyo2e04,True,0,1.0000,0.414129,car
img_012536.jpg,qrg0d06,org0d06,False,1,0.8571,0.486651,car
img_012539.jpg,qre1i43,ore3143,False,3,0.5714,0.633708,car
img_012540.jpg,qrf8f09,qrc8f09,False,1,0.8571,0.186946,car
img_012541.jpg,fag3b35,fac3835,False,2,0.7143,0.245779,car
img_012543.jpg,qrf8g05,orc8605,False,3,0.5714,0.500630,car
img_012545.jpg,qrf8g17,qrc8617,False,2,0.7143,0.572355,car
img_012546.jpg,qri0e12,ori0e12,False,1,0.8571,0.311173,car
img_012547.jpg,qre1i46,qre9146,False,2,0.7143,0.287186,car
img_012548.jpg,qrh1h63,qr41463,False,2,0.7143,0.097807,car
img_012549.jpg,qrf4e89,qrf4689,False,1,0.8571,0.352869,car
img_012551.jpg,qrf8g17,orc8617,False,3,0.5714,0.719447,car
img_012552.jpg,qre1i46,dre1146,False,2,0.7143,0.193533,car
img_012553.jpg,qrf8f96,qrc8696,False,2,0.7143,0.838496,car
img_012555.jpg,ppl1h66,ppl3m66,False,2,0.7143,0.811880,car
img_012557.jpg,fag3b35,tac3835,False,3,0.5714,0.305953,car
img_012558.jpg,qrf8g17,qrf8617,False,1,0.8571,0.495568,car
img_012559.jpg,qre4e99,dre4699,False,2,0.7143,0.439822,car
img_012560.jpg,qrf8f09,orc8f09,False,2,0.7143,0.248144,car
img_012561.jpg,qrf5j08,qrf5108,False,1,0.8571,0.356392,car
img_012563.jpg,qrf5b41,qrf5841,False,1,0.8571,0.349184,car
img_012564.jpg,heq4e66,meq4666,False,2,0.7143,0.786733,car
img_012565.jpg,qrf7b72,qrc7872,False,2,0.7143,0.733085,car
img_012566.jpg,qrf8g17,qrc8637,False,3,0.5714,0.538688,car
img_012567.jpg,qre0f26,oreof26,False,2,0.7143,0.274191,car
img_012569.jpg,qrh1h27,qr41427,False,2,0.7143,0.202781,car
img_012570.jpg,ppm5d93,ppm5093,False,1,0.8571,0.839776,car
img_012571.jpg,qrf0f90,okro191,False,6,0.1429,0.019972,car
img_012575.jpg,qre1i41,ore3145,False,4,0.4286,0.425556,car
img_012576.jpg,qri4f70,qri4670,False,1,0.8571,0.849088,car
img_012577.jpg,qrh7c82,orn7682,False,3,0.5714,0.440065,car
img_012578.jpg,qrf8f09,qrc8609,False,2,0.7143,0.293114,car
img_012581.jpg,ppl1h66,pp48468,False,4,0.4286,0.083866,car
img_012582.jpg,qre2i77,ore2177,False,2,0.7143,0.894587,car
img_012583.jpg,qrf6i81,qrc0181,False,3,0.5714,0.302724,car
img_012584.jpg,qrf8g17,qrc8617,False,2,0.7143,0.665126,car
img_012585.jpg,qrf8f96,qrf8696,False,1,0.8571,0.585039,car
img_012589.jpg,qre4e48,ore4448,False,2,0.7143,0.495760,car
img_012590.jpg,qrf8f96,qrf8696,False,1,0.8571,0.588416,car
img_012591.jpg,qrf8g68,qrc8668,False,2,0.7143,0.406513,car
img_012592.jpg,qre1i46,dre1140,False,3,0.5714,0.725526,car
img_012594.jpg,qre1h96,gre3496,False,3,0.5714,0.213973,car
img_012595.jpg,qrf8g17,orc8617,False,3,0.5714,0.592997,car
img_012596.jpg,qrf8f96,qrf8696,False,1,0.8571,0.573454,car
img_012597.jpg,qre4e99,qre4699,False,1,0.8571,0.492340,car
img_012598.jpg,fag3b35,fag3835,False,1,0.8571,0.691892,car
img_012603.jpg,qre4d82,ore4082,False,2,0.7143,0.467827,car
img_012604.jpg,qre4e43,orege43,False,2,0.7143,0.304681,car
img_012605.jpg,qre1i11,qre3157,False,4,0.4286,0.292114,car
img_012606.jpg,qre0f27,qre0f27,True,0,1.0000,0.631098,car
img_012607.jpg,qre4e43,qre4e43,True,0,1.0000,0.371689,car
img_012608.jpg,qrh1h27,qrm3m27,False,3,0.5714,0.262500,car
img_012609.jpg,ppp9h02,ppp9402,False,1,0.8571,0.384164,car
img_012611.jpg,qri3f41,qri3647,False,2,0.7143,0.197199,car
img_012612.jpg,kxw1b41,kyn1847,False,4,0.4286,0.679145,car
img_012614.jpg,qrf8g17,orr8617,False,3,0.5714,0.291718,car
img_012616.jpg,ocy5b52,ocy5852,False,1,0.8571,0.640617,car
img_012617.jpg,qre4f49,gre4f49,False,1,0.8571,0.283043,car
img_012620.jpg,qrf6j36,qrf6736,False,1,0.8571,0.721246,car
img_012623.jpg,qre1i46,ore1146,False,2,0.7143,0.232523,car
img_012624.jpg,mqa3d68,mqa3008,False,2,0.7143,0.288657,car
img_012625.jpg,qre4e43,qregf43,False,2,0.7143,0.290084,car
img_012626.jpg,qre4f45,ore9f45,False,2,0.7143,0.231185,car
img_012627.jpg,qrf8f96,qri8696,False,2,0.7143,0.135070,car
img_012628.jpg,qrf8g17,qrc8617,False,2,0.7143,0.757525,car
img_012633.jpg,qre1i41,qre3147,False,3,0.5714,0.355255,car
img_012637.jpg,qrg4f03,qu64703,False,3,0.5714,0.157052,car
img_012638.jpg,qrf8g17,orc8617,False,3,0.5714,0.648019,car
img_012639.jpg,qrf8f96,qrf8696,False,1,0.8571,0.422601,car
img_012640.jpg,qrf6j24,qrf0j24,False,1,0.8571,0.459948,car
img_012641.jpg,gsa4h53,gsa4555,False,2,0.7143,0.649462,car
img_012642.jpg,qre4e43,ore4443,False,2,0.7143,0.252263,car
img_012644.jpg,qrf8f96,qrf8696,False,1,0.8571,0.558048,car
img_012645.jpg,qrf8f09,qrf8609,False,1,0.8571,0.655708,car
img_012648.jpg,qre1i41,dre3145,False,4,0.4286,0.264735,car
img_012650.jpg,qrj0e37,orj0e37,False,1,0.8571,0.247283,car
img_012652.jpg,ean2g57,ean2657,False,1,0.8571,0.948475,car
img_012653.jpg,qrf8f87,qrf8687,False,1,0.8571,0.526422,car
img_012657.jpg,fag3b35,fag3835,False,1,0.8571,0.622187,car
img_012658.jpg,qre1i46,gre1146,False,2,0.7143,0.242747,car
img_012660.jpg,qre4e43,qre4e43,True,0,1.0000,0.420549,car
img_012665.jpg,qrf8g17,qrf8637,False,2,0.7143,0.218917,car
img_012666.jpg,qrg2h80,qrg2480,False,1,0.8571,0.576256,car
img_012668.jpg,qrf6j33,qr66533,False,2,0.7143,0.156958,car
img_012669.jpg,qrg2h80,drg2460,False,3,0.5714,0.572567,car
img_012671.jpg,qrg4b68,qrc4868,False,2,0.7143,0.845111,car
img_012672.jpg,qrj3e15,qr34419,False,4,0.4286,0.004290,car
img_012675.jpg,qre7c42,qre7642,False,1,0.8571,0.270999,car
img_012676.jpg,qrf8g17,orc8617,False,3,0.5714,0.390839,car
img_012677.jpg,qrf6j17,qrf6j17,True,0,1.0000,0.350127,car
img_012679.jpg,qrf8g09,qrc8609,False,2,0.7143,0.839591,car
img_012680.jpg,qrh1h27,orn1427,False,3,0.5714,0.462370,car
img_012684.jpg,qre4d82,ore4082,False,2,0.7143,0.944520,car
img_012687.jpg,qre1i59,qre1159,False,1,0.8571,0.563293,car
img_012688.jpg,qrg2h80,org2480,False,2,0.7143,0.463849,car
img_012689.jpg,qrg2h80,org2480,False,2,0.7143,0.587072,car
img_012692.jpg,qrf6i07,qrc6107,False,2,0.7143,0.773701,car
img_012693.jpg,qrg2h80,qrg2480,False,1,0.8571,0.651599,car
img_012694.jpg,qre1i46,drej146,False,3,0.5714,0.324627,car
img_012695.jpg,qre1i43,ore3143,False,3,0.5714,0.531061,car
img_012696.jpg,qrf8g17,drc8617,False,3,0.5714,0.512245,car
img_012697.jpg,ppl1h66,ppl3400,False,4,0.4286,0.362605,car
img_012698.jpg,qre4f45,qre4f45,True,0,1.0000,0.528042,car
img_012700.jpg,qre4e43,qre4e43,True,0,1.0000,0.249806,car
img_012704.jpg,lsq9a21,lsq9427,False,2,0.7143,0.381243,car
img_012706.jpg,oyf4i12,ovf4112,False,2,0.7143,0.788249,car
img_012708.jpg,qre4e99,dregf09,False,4,0.4286,0.137339,car
img_012709.jpg,qre4f49,qre4f40,False,1,0.8571,0.544842,car
img_012710.jpg,qre1i46,dre1146,False,2,0.7143,0.330277,car
img_012711.jpg,qre1i46,ore1146,False,2,0.7143,0.232706,car
img_012712.jpg,qnk9f41,on79147,False,4,0.4286,0.209038,car
img_012716.jpg,qrg2h80,qrg2480,False,1,0.8571,0.809752,car
img_012717.jpg,ode2e62,ode2662,False,1,0.8571,0.891062,car
img_012720.jpg,qrg2h80,qrg2480,False,1,0.8571,0.430120,car
img_012721.jpg,qrh1h27,orn1127,False,3,0.5714,0.096419,car
img_012724.jpg,qrh1h27,dbh1477,False,4,0.4286,0.050555,car
img_012726.jpg,qrf6j36,qrf6j36,True,0,1.0000,0.441571,car
img_012727.jpg,ppp4b24,pdd4824,False,3,0.5714,0.322566,car
img_012728.jpg,qrh1h27,qrm3427,False,3,0.5714,0.265150,car
img_012730.jpg,pxr6a39,pyr6a39,False,1,0.8571,0.810194,car
img_012731.jpg,gfl2a37,gfl2a37,True,0,1.0000,0.472269,car
img_012732.jpg,qre4e43,orege43,False,2,0.7143,0.724842,car
img_012733.jpg,qrf8f40,qrf8f40,True,0,1.0000,0.488590,car
img_012734.jpg,qre1i46,ore1146,False,2,0.7143,0.728715,car
img_012735.jpg,ppl1h66,ppl3466,False,2,0.7143,0.939229,car
img_012736.jpg,qre1i41,ore9145,False,4,0.4286,0.229869,car
img_012737.jpg,qre4e62,qrege62,False,1,0.8571,0.330466,car
img_012738.jpg,qre1i38,qre3138,False,2,0.7143,0.893550,car
img_012740.jpg,qre4e62,qre4f62,False,1,0.8571,0.655912,car
img_012742.jpg,qrg2h19,crg2477,False,4,0.4286,0.105870,car
img_012743.jpg,ppl1h66,ppl3m60,False,3,0.5714,0.680426,car
img_012745.jpg,qre4e99,cre4690,False,3,0.5714,0.140262,car
img_012747.jpg,fag3b35,fag3835,False,1,0.8571,0.798153,car
img_012750.jpg,qrf8f87,qre8687,False,2,0.7143,0.532654,car
img_012751.jpg,qre4f49,qre4f49,True,0,1.0000,0.191951,car
img_012753.jpg,qre4e62,qre4f62,False,1,0.8571,0.481068,car
img_012754.jpg,mtd9e10,mtd9610,False,1,0.8571,0.698747,car
img_012757.jpg,qrf8f09,orf8609,False,2,0.7143,0.196793,car
img_012758.jpg,qrf8g09,qrc8609,False,2,0.7143,0.514079,car
img_012759.jpg,odc4h37,odc4437,False,1,0.8571,0.722032,car
img_012763.jpg,fag3b35,fag3835,False,1,0.8571,0.343263,car
img_012767.jpg,qre4e99,dre4690,False,3,0.5714,0.171533,car
img_012772.jpg,qrf6i13,qrc6133,False,3,0.5714,0.602153,car
img_012774.jpg,qnj5b81,onj5888,False,3,0.5714,0.576043,car
img_012776.jpg,odq9d63,0dq9063,False,2,0.7143,0.366245,car
img_012779.jpg,qre4e43,orege43,False,2,0.7143,0.334793,car
img_012780.jpg,qre1i59,ore1159,False,2,0.7143,0.476613,car
img_012781.jpg,qrg2h80,qrg2480,False,1,0.8571,0.791295,car
img_012782.jpg,msv3c83,msv3c83,True,0,1.0000,0.395823,car
img_012783.jpg,ogb1h02,ogbim02,False,2,0.7143,0.503548,car
img_012784.jpg,qre4e43,qregf45,False,3,0.5714,0.151148,car
img_012785.jpg,qre4e62,qre4f62,False,1,0.8571,0.220089,car
img_012787.jpg,qrf8f09,qrc8109,False,2,0.7143,0.609814,car
img_012788.jpg,qre1i41,drej145,False,4,0.4286,0.267456,car
img_012790.jpg,qre4e43,oiege43,False,3,0.5714,0.327942,car
img_012792.jpg,ppl1h66,ppl8h60,False,2,0.7143,0.067942,car
img_012793.jpg,qre1i43,qre3143,False,2,0.7143,0.422169,car
img_012794.jpg,qre4e62,qregf02,False,3,0.5714,0.159113,car
img_012795.jpg,qrg2h80,wrg2486,False,3,0.5714,0.166049,car
img_012796.jpg,qrf8f96,qre8696,False,2,0.7143,0.763180,car
img_012797.jpg,qre4e99,qre4690,False,2,0.7143,0.274516,car
img_012800.jpg,qre1i46,dre3146,False,3,0.5714,0.519567,car
img_012802.jpg,qre4e62,qreg602,False,3,0.5714,0.144462,car
img_012805.jpg,qre1i41,ore3145,False,4,0.4286,0.546350,car
img_012806.jpg,qrf6i37,qrf6137,False,1,0.8571,0.416642,car
img_012808.jpg,qrd7h42,qrd7442,False,1,0.8571,0.632740,car
img_012810.jpg,qre7d75,qre7075,False,1,0.8571,0.402209,car
img_012812.jpg,odq9d63,odq9063,False,1,0.8571,0.426967,car
img_012813.jpg,qre1i43,dre3143,False,3,0.5714,0.297645,car
img_012814.jpg,qre4e62,qre4f66,False,2,0.7143,0.374443,car
img_012816.jpg,qre1h96,gre340,False,5,0.2857,0.360840,car
img_012819.jpg,msm1i02,msm3102,False,2,0.7143,0.359224,car
img_012822.jpg,qrh1h27,orm1427,False,3,0.5714,0.863839,car
img_012824.jpg,qre4e99,dre4699,False,2,0.7143,0.370182,car
img_012825.jpg,odq9d63,0000065,False,6,0.1429,0.130683,car
img_012826.jpg,qre1i46,dre1146,False,2,0.7143,0.341865,car
img_012828.jpg,qrj7e75,qrj7e75,True,0,1.0000,0.334315,car
img_012829.jpg,odq9d63,odq9063,False,1,0.8571,0.402076,car
img_012832.jpg,qre4e99,dre4690,False,3,0.5714,0.126071,car
img_012833.jpg,qre1i43,dre1143,False,2,0.7143,0.178546,car
img_012838.jpg,fag3b35,fag3835,False,1,0.8571,0.655680,car
img_012839.jpg,qrf8g09,qrf8609,False,1,0.8571,0.533763,car
img_012840.jpg,fag3b35,fag3835,False,1,0.8571,0.302879,car
img_012841.jpg,qrj6j85,orj6385,False,2,0.7143,0.790128,car
img_012842.jpg,qre1i43,ore1143,False,2,0.7143,0.378017,car
img_012844.jpg,qre0e61,oreg647,False,5,0.2857,0.436046,car
img_012847.jpg,qre6f01,qre6f01,True,0,1.0000,0.769683,car
img_012849.jpg,qre4i08,qre4108,False,1,0.8571,0.842265,car
img_012851.jpg,odq9d63,odq9063,False,1,0.8571,0.493032,car
img_012852.jpg,qre4e62,qre4f62,False,1,0.8571,0.266827,car
img_012855.jpg,qre4e62,orege62,False,2,0.7143,0.198420,car
img_012856.jpg,fyo2e04,fyo2e04,True,0,1.0000,0.427416,car
img_012858.jpg,qrf8f96,qrc8696,False,2,0.7143,0.461032,car
img_012859.jpg,qre4e43,qre4f43,False,1,0.8571,0.432772,car
img_012860.jpg,oyi4d94,qvia874,False,5,0.2857,0.137912,car
img_012862.jpg,qrh1h63,orh1n63,False,2,0.7143,0.233050,car
img_012864.jpg,qre4e99,qre4690,False,2,0.7143,0.197430,car
img_012865.jpg,qrf8f96,qrc8696,False,2,0.7143,0.428845,car
img_012866.jpg,qre4e43,orege43,False,2,0.7143,0.395272,car
img_012867.jpg,qrg2h19,org2417,False,3,0.5714,0.507303,car
img_012869.jpg,fag3b35,fac3835,False,2,0.7143,0.623347,car
img_012871.jpg,qri0e80,orioe80,False,2,0.7143,0.557815,car
img_012873.jpg,kfr4f88,kfr4688,False,1,0.8571,0.733747,car
img_012874.jpg,qrf8f96,qrc8696,False,2,0.7143,0.518369,car
img_012875.jpg,qre4e62,qre4f62,False,1,0.8571,0.453565,car
img_012876.jpg,qre1i43,orej145,False,4,0.4286,0.461693,car
img_012878.jpg,qre1i41,ore9145,False,4,0.4286,0.205592,car
img_012879.jpg,qrf8f96,qrf8696,False,1,0.8571,0.578393,car
img_012881.jpg,qrf8f96,orc8696,False,3,0.5714,0.208856,car
img_012883.jpg,gfl2a37,gel2437,False,2,0.7143,0.359857,car
img_012886.jpg,qrh1h27,qrm1427,False,2,0.7143,0.102459,car
img_012890.jpg,fag3b35,fac3835,False,2,0.7143,0.569147,car
img_012891.jpg,qre7c42,qre7c42,True,0,1.0000,0.897509,car
img_012892.jpg,qrf8f96,qrf8606,False,2,0.7143,0.700896,car
img_012893.jpg,qrh1h27,ork7422,False,5,0.2857,0.461283,car
img_012897.jpg,qrf8g68,qrf8668,False,1,0.8571,0.507282,car
img_012898.jpg,qre4e99,qre9699,False,2,0.7143,0.156111,car
img_012899.jpg,fyo2e04,fyo2604,False,1,0.8571,0.683775,car
img_012901.jpg,qrf6i13,qrc0113,False,3,0.5714,0.483895,car
img_012903.jpg,qre7d75,qre7075,False,1,0.8571,0.205702,car
img_012904.jpg,qre4e62,qre9f62,False,2,0.7143,0.332475,car
img_012905.jpg,ppl1h66,ppl3466,False,2,0.7143,0.510108,car
img_012906.jpg,qrf8f09,qrc8f09,False,1,0.8571,0.226941,car
img_012907.jpg,qrf8g17,qrc8617,False,2,0.7143,0.546187,car
img_012908.jpg,qre1i43,dre3143,False,3,0.5714,0.421417,car
img_012909.jpg,qrf8f96,qrf8696,False,1,0.8571,0.550003,car
img_012911.jpg,qrg2h80,qrg2480,False,1,0.8571,0.493361,car
img_012915.jpg,qrf8g17,obf8617,False,3,0.5714,0.278520,car
img_012917.jpg,qrf8f96,qrf8696,False,1,0.8571,0.646779,car
img_012918.jpg,qre4e43,dre4f43,False,2,0.7143,0.191350,car
img_012920.jpg,qre4f45,qre4f45,True,0,1.0000,0.349063,car
img_012921.jpg,qrj6j85,grj6385,False,2,0.7143,0.310887,car
img_012922.jpg,qrf8g17,bar8617,False,4,0.4286,0.347967,car
img_012923.jpg,qre4f51,ore4f51,False,1,0.8571,0.416834,car
img_012924.jpg,qrf8f96,qrf8696,False,1,0.8571,0.464921,car
img_012926.jpg,qre4e43,orege43,False,2,0.7143,0.228746,car
img_012927.jpg,ppl1h66,ppl3466,False,2,0.7143,0.822583,car
img_012928.jpg,qre1i60,qre3160,False,2,0.7143,0.855747,car
img_012929.jpg,qre4e62,qre4f62,False,1,0.8571,0.696956,car
img_012940.jpg,qrf4b71,qrc4874,False,3,0.5714,0.117687,car
img_012941.jpg,lts8j63,lts8763,False,1,0.8571,0.487713,car
img_012943.jpg,qrf8g17,okc8637,False,5,0.2857,0.486322,car
img_012944.jpg,qre7i36,qre7136,False,1,0.8571,0.783187,car
img_012946.jpg,ppl1h66,ppl3n06,False,3,0.5714,0.077171,car
img_012949.jpg,qrf8g17,brc8617,False,3,0.5714,0.697089,car
img_012950.jpg,qrk3j82,ork3787,False,3,0.5714,0.468977,car
img_012951.jpg,qre1i41,ore3145,False,4,0.4286,0.364039,car
img_012952.jpg,aue1b95,aue1805,False,2,0.7143,0.824415,car
img_012955.jpg,qre4e43,qre4643,False,1,0.8571,0.339905,car
img_012956.jpg,qre4e62,dre4f02,False,3,0.5714,0.124592,car
img_012957.jpg,qre1i60,ore3160,False,3,0.5714,0.692231,car
img_012960.jpg,qrf8f09,qre8609,False,2,0.7143,0.132406,car
img_012968.jpg,msq5f92,ms0519,False,3,0.5714,0.184512,car
img_012970.jpg,nyf0h73,anf0077,False,4,0.4286,0.142045,car
img_012971.jpg,nyf0h73,nyf0673,False,1,0.8571,0.284542,car
img_012982.jpg,qre8i54,qre8154,False,1,0.8571,0.960805,car
img_012983.jpg,old2j80,old2380,False,1,0.8571,0.431610,car
img_012986.jpg,old2j80,old2380,False,1,0.8571,0.273010,car
img_012988.jpg,ora9g08,ora9608,False,1,0.8571,0.884690,car
img_012989.jpg,oda0i25,obau125,False,3,0.5714,0.342091,car
img_012992.jpg,ocw2a98,ac92498,False,3,0.5714,0.146001,car
img_013001.jpg,lll5h22,mbl5422,False,3,0.5714,0.370055,car
img_013003.jpg,msb9b52,msb9852,False,1,0.8571,0.923182,car
img_013011.jpg,qrk4i40,ork4140,False,2,0.7143,0.713994,car
img_013013.jpg,qre1i46,qre3146,False,2,0.7143,0.233076,car
img_013016.jpg,hdh0h56,mdm0156,False,3,0.5714,0.197830,car
img_013017.jpg,ppo8g15,pdo8615,False,2,0.7143,0.539409,car
img_013021.jpg,odo8b63,od08863,False,2,0.7143,0.661617,car
img_013022.jpg,mte4e11,myc4637,False,5,0.2857,0.313446,car
img_013028.jpg,mrx7i46,mrx7146,False,1,0.8571,0.680470,car
img_013029.jpg,ppe8f16,ppe8f36,False,1,0.8571,0.706073,car
img_013033.jpg,qri4j71,qri4374,False,2,0.7143,0.301100,car
img_013041.jpg,ovk5j61,ovk5541,False,2,0.7143,0.542865,car
img_013042.jpg,qrg5b59,org5857,False,3,0.5714,0.320330,car
img_013047.jpg,odk6h14,odk6h74,False,1,0.8571,0.288374,car
img_013062.jpg,qrb8j99,qr88399,False,2,0.7143,0.452728,car
img_013066.jpg,qrk3f95,ork3695,False,2,0.7143,0.766127,car
img_013073.jpg,qre9d62,qre9062,False,1,0.8571,0.465193,car
img_013075.jpg,mtq7c43,mt07643,False,2,0.7143,0.332911,car
img_013078.jpg,ppw3j64,ppu3j64,False,1,0.8571,0.409625,car
img_013082.jpg,lqa4d90,loa4070,False,3,0.5714,0.375576,car
img_013100.jpg,qri2d78,orl2078,False,3,0.5714,0.382312,car
img_013102.jpg,qrj3j18,orq5118,False,4,0.4286,0.453914,car
img_013103.jpg,qri9c51,qri9651,False,1,0.8571,0.443746,car
img_013106.jpg,msi8c39,ms18632,False,3,0.5714,0.590585,car
img_013108.jpg,qrf0f90,qrf0690,False,1,0.8571,0.314488,car
img_013112.jpg,qrf8f96,qrc8696,False,2,0.7143,0.490406,car
img_013113.jpg,qrk6j14,qrk6j14,True,0,1.0000,0.532749,car
img_013126.jpg,ppp1b04,ppp1804,False,1,0.8571,0.608232,car
img_013134.jpg,flx7f62,flx7662,False,1,0.8571,0.880469,car
img_013143.jpg,qre4e43,orege43,False,2,0.7143,0.324230,car
img_013144.jpg,mtx9c25,mtx9625,False,1,0.8571,0.807726,car
img_013146.jpg,ocw3f50,ocu3650,False,2,0.7143,0.697982,car
img_013147.jpg,qrk2i33,ork2133,False,2,0.7143,0.990003,car
img_013148.jpg,qre6f98,qregr08,False,3,0.5714,0.275481,car
img_013150.jpg,mtx8b86,mtx8886,False,1,0.8571,0.991906,car
img_013153.jpg,qre9a37,qre9a37,True,0,1.0000,0.687185,car
img_013156.jpg,mta4h86,mma4h86,False,1,0.8571,0.539856,car
img_013157.jpg,odm0j99,odm0199,False,1,0.8571,0.437940,car
img_013168.jpg,odi2d62,odi2062,False,1,0.8571,0.862151,car
img_013178.jpg,epl2j77,epl2377,False,1,0.8571,0.761038,car
img_013180.jpg,odk6f46,odk6f46,True,0,1.0000,0.305896,car
img_013182.jpg,ovj9b59,ovi9859,False,2,0.7143,0.453698,car
img_013183.jpg,qrf8f96,qrc8696,False,2,0.7143,0.599730,car
img_013193.jpg,mpj4j34,mpj4574,False,2,0.7143,0.814325,car
img_013199.jpg,dml7h99,dml7400,False,3,0.5714,0.730770,car
img_013209.jpg,ppn2c23,ppm2623,False,2,0.7143,0.547944,car
img_013219.jpg,knw6e36,knu6636,False,2,0.7143,0.219741,car
img_013221.jpg,pps7g04,pps7604,False,1,0.8571,0.942934,car
img_013228.jpg,qrj5g92,orj5692,False,2,0.7143,0.719719,car
img_013229.jpg,ppq8e42,ppq8642,False,1,0.8571,0.727325,car
img_013244.jpg,pkd6f49,pkd6r49,False,1,0.8571,0.733505,car
img_013246.jpg,kza3i08,kza3108,False,1,0.8571,0.983884,car
img_013255.jpg,mqy1f17,mov1617,False,3,0.5714,0.501168,car
img_013257.jpg,msb7j14,mmb7j44,False,2,0.7143,0.377011,car
img_013263.jpg,mqh4j22,mom4522,False,3,0.5714,0.357221,car
img_013265.jpg,ppf2a27,fpf2427,False,2,0.7143,0.375394,car
img_013270.jpg,qnj5b81,onj5887,False,3,0.5714,0.945086,car
img_013272.jpg,mtz7h33,mt27433,False,2,0.7143,0.436649,car
img_013279.jpg,qrf8g17,qrc8617,False,2,0.7143,0.801880,car
img_013281.jpg,qre4e43,dre4643,False,2,0.7143,0.199738,car
img_013282.jpg,qrg4e18,drg4e18,False,1,0.8571,0.692237,car
img_013285.jpg,ocx4f43,ocx4f43,True,0,1.0000,0.669643,car
img_013286.jpg,qrf8f09,qregr09,False,3,0.5714,0.198348,car
img_013287.jpg,qre7c42,fre7442,False,2,0.7143,0.446114,car
img_013288.jpg,mqa3d68,moa3068,False,2,0.7143,0.588572,car
img_013289.jpg,aue1b95,aue1805,False,2,0.7143,0.880841,car
img_013290.jpg,qrf8g17,qrc8617,False,2,0.7143,0.539982,car
img_013291.jpg,qrf8f96,qrf8696,False,1,0.8571,0.393055,car
img_013294.jpg,qrh1h27,qrh1427,False,1,0.8571,0.252088,car
img_013299.jpg,qrf8g17,drc8612,False,4,0.4286,0.210732,car
img_013301.jpg,qre4e62,ore4662,False,2,0.7143,0.301300,car
img_013302.jpg,qrf8f96,qrc8696,False,2,0.7143,0.447950,car
img_013303.jpg,qre4e62,ore4f62,False,2,0.7143,0.414645,car
img_013304.jpg,fag3b35,fag3835,False,1,0.8571,0.977956,car
img_013305.jpg,qrf8f96,qri8696,False,2,0.7143,0.450001,car
img_013306.jpg,qrg2h80,qrg2480,False,1,0.8571,0.580474,car
img_013308.jpg,qrf8g17,qrc8617,False,2,0.7143,0.456672,car
img_013310.jpg,qrf8g17,qrc8617,False,2,0.7143,0.520003,car
img_013311.jpg,qre1i46,qre3146,False,2,0.7143,0.552246,car
img_013312.jpg,qre1i46,qre3146,False,2,0.7143,0.729825,car
img_013314.jpg,qre4e62,qre4f62,False,1,0.8571,0.503906,car
img_013315.jpg,qrf7b72,qr72874,False,4,0.4286,0.009840,car
img_013318.jpg,qrk1b36,ork1836,False,2,0.7143,0.646362,car
img_013319.jpg,ppl1h66,ppl3466,False,2,0.7143,0.819309,car
img_013320.jpg,qre4e43,qre4f43,False,1,0.8571,0.477935,car
img_013323.jpg,qrf8f96,qrf8696,False,1,0.8571,0.356171,car
img_013325.jpg,aue1b95,aue1895,False,1,0.8571,0.384422,car
img_013327.jpg,qrf8g68,qrc8668,False,2,0.7143,0.535687,car
img_013328.jpg,qre2d62,qre2062,False,1,0.8571,0.933128,car
img_013329.jpg,qrg6d48,qrg6048,False,1,0.8571,0.776964,car
img_013330.jpg,qre6h49,qrc6m47,False,3,0.5714,0.235002,car
img_013331.jpg,qrf8g17,qrc8617,False,2,0.7143,0.969631,car
img_013332.jpg,qrf8g17,qhf8617,False,2,0.7143,0.435482,car
img_013333.jpg,qre1i43,bre3143,False,3,0.5714,0.271282,car
img_013334.jpg,qre1i46,qre1146,False,1,0.8571,0.192236,car
img_013335.jpg,aue1b95,aue3805,False,3,0.5714,0.205271,car
img_013337.jpg,qre4e99,dreg699,False,3,0.5714,0.215873,car
img_013338.jpg,qre3h89,qre3489,False,1,0.8571,0.180279,car
img_013343.jpg,qre1i43,ore3143,False,3,0.5714,0.586454,car
img_013346.jpg,qre8f57,qre8657,False,1,0.8571,0.693206,car
img_013347.jpg,qrf8f96,qrf8696,False,1,0.8571,0.553716,car
img_013348.jpg,qre1i40,ore3140,False,3,0.5714,0.477928,car
img_013349.jpg,qre4e43,orege43,False,2,0.7143,0.615543,car
img_013350.jpg,qre4e62,qre4662,False,1,0.8571,0.370590,car
img_013351.jpg,qre1i46,ore1146,False,2,0.7143,0.352777,car
img_013352.jpg,qre4e62,qre4687,False,3,0.5714,0.410242,car
img_013353.jpg,qrk3j82,ork3382,False,2,0.7143,0.495809,car
img_013357.jpg,qrf8g17,qrc8617,False,2,0.7143,0.587159,car
img_013360.jpg,mte0d29,mte0d29,True,0,1.0000,0.813646,car
img_013361.jpg,qre7c37,qre7637,False,1,0.8571,0.560778,car
img_013363.jpg,qre4e62,qre4662,False,1,0.8571,0.368707,car
img_013365.jpg,ocv5g06,ocv5606,False,1,0.8571,0.994119,car
img_013369.jpg,qrf8f87,qrf8687,False,1,0.8571,0.675078,car
img_013371.jpg,qre2d62,qre2062,False,1,0.8571,0.957994,car
img_013376.jpg,aue1b95,aue3805,False,3,0.5714,0.505349,car
img_013377.jpg,oyg9e60,ovg7660,False,3,0.5714,0.478722,car
img_013378.jpg,qrg2i01,qrg2101,False,1,0.8571,0.919832,car
img_013379.jpg,qrg2h80,bbg2460,False,4,0.4286,0.344648,car
img_013380.jpg,qrf8g17,qrc8637,False,3,0.5714,0.374730,car
img_013381.jpg,qre4e62,qregf62,False,2,0.7143,0.252925,car
img_013382.jpg,qre1i43,ore1143,False,2,0.7143,0.142247,car
img_013383.jpg,qrf8g17,orc8617,False,3,0.5714,0.552110,car
img_013385.jpg,qrj7j93,orj7303,False,3,0.5714,0.352051,car
img_013386.jpg,qre4e62,qre4f62,False,1,0.8571,0.232258,car
img_013387.jpg,fyo2e04,fyo2604,False,1,0.8571,0.657758,car
img_013388.jpg,qre7d72,dre7072,False,2,0.7143,0.346356,car
img_013389.jpg,aue1b95,aue1875,False,2,0.7143,0.543373,car
img_013390.jpg,qrg1i51,org1151,False,2,0.7143,0.198431,car
img_013392.jpg,qrg2h80,qrg2480,False,1,0.8571,0.915196,car
img_013394.jpg,qrf8g17,orc8617,False,3,0.5714,0.365941,car
img_013395.jpg,qrf8f96,qrf8696,False,1,0.8571,0.352384,car
img_013396.jpg,qrh1h27,orn3427,False,4,0.4286,0.174911,car
img_013397.jpg,qre4e99,qre4690,False,2,0.7143,0.145143,car
img_013398.jpg,qrf6j17,qrc6517,False,2,0.7143,0.240353,car
img_013402.jpg,qrf8f96,qrc8696,False,2,0.7143,0.460903,car
img_013403.jpg,qrh1h27,orh1427,False,2,0.7143,0.731854,car
img_013407.jpg,dhx8i38,dhy8138,False,2,0.7143,0.439404,car
img_013408.jpg,qrg2h80,arg2n80,False,2,0.7143,0.315923,car
img_013409.jpg,qrf8g17,qrf8637,False,2,0.7143,0.380566,car
img_013410.jpg,qrf8f96,qhf8696,False,2,0.7143,0.305306,car
img_013411.jpg,ive0i07,ive0107,False,1,0.8571,0.979226,car
img_013412.jpg,qre4e62,qre4e62,True,0,1.0000,0.588293,car
img_013413.jpg,qrf6i13,qrc6173,False,3,0.5714,0.338013,car
img_013414.jpg,qre8f57,ore8657,False,2,0.7143,0.157948,car
img_013415.jpg,qrg2h80,qrg2480,False,1,0.8571,0.954619,car
img_013419.jpg,qrf8g17,qrc8617,False,2,0.7143,0.877782,car
img_013420.jpg,qrf8f96,qrf8696,False,1,0.8571,0.738245,car
img_013421.jpg,qre4e43,qre4f43,False,1,0.8571,0.467637,car
img_013423.jpg,qre8f57,qre8657,False,1,0.8571,0.713655,car
img_013424.jpg,ppl1h66,ppl3466,False,2,0.7143,0.597001,car
img_013425.jpg,qre4e62,qrege62,False,1,0.8571,0.444364,car
img_013426.jpg,qrh7c54,orm7c54,False,2,0.7143,0.820669,car
img_013428.jpg,jik9g12,jik9612,False,1,0.8571,0.477078,car
img_013429.jpg,jop4i88,jop4188,False,1,0.8571,0.991702,car
img_013431.jpg,qre4e62,qre9f62,False,2,0.7143,0.293739,car
img_013433.jpg,qrf8g17,qrc8617,False,2,0.7143,0.389856,car
img_013434.jpg,ppo2h44,ppo2h44,True,0,1.0000,0.245235,car
img_013435.jpg,qre4f49,qregf49,False,1,0.8571,0.422677,car
img_013436.jpg,qrk3j82,ork3822,False,3,0.5714,0.739590,car
img_013437.jpg,qre1i41,dre3145,False,4,0.4286,0.654778,car
img_013439.jpg,qrf8g17,qrf8617,False,1,0.8571,0.324112,car
img_013441.jpg,qrf8g17,qrc8637,False,3,0.5714,0.451418,car
img_013443.jpg,qre4e99,dreg600,False,5,0.2857,0.226131,car
img_013449.jpg,qrf8g17,qrc8617,False,2,0.7143,0.603094,car
img_013450.jpg,qre1i40,qre9140,False,2,0.7143,0.204026,car
img_013451.jpg,ppl1h66,ppl3460,False,3,0.5714,0.582765,car
img_013452.jpg,qre1i40,ore1140,False,2,0.7143,0.308758,car
img_013457.jpg,qrf8g17,drc8617,False,3,0.5714,0.515955,car
img_013458.jpg,qre1i40,dre3140,False,3,0.5714,0.297242,car
img_013459.jpg,qrk3j82,ork3382,False,2,0.7143,0.479485,car
img_013460.jpg,qre4e43,qre4f43,False,1,0.8571,0.489719,car
img_013464.jpg,qre5h99,gre5v00,False,4,0.4286,0.189568,car
img_013465.jpg,oyf7j88,ovt7388,False,3,0.5714,0.400648,car
img_013466.jpg,qrh1h27,qrm1427,False,2,0.7143,0.888243,car
img_013467.jpg,ppj8f18,ppj8618,False,1,0.8571,0.474936,car
img_013469.jpg,qrf8g17,qrc8617,False,2,0.7143,0.306057,car
img_013472.jpg,qrf6j36,qrf0336,False,2,0.7143,0.295139,car
img_013473.jpg,qrf8g17,qrc8617,False,2,0.7143,0.556845,car
img_013474.jpg,qre1i40,qrej140,False,2,0.7143,0.485324,car
img_013476.jpg,qre2d66,gre2066,False,2,0.7143,0.391698,car
img_013477.jpg,odh0e48,odm0448,False,2,0.7143,0.498340,car
img_013480.jpg,qrf8f09,qrc8609,False,2,0.7143,0.579304,car
img_013481.jpg,qrf8g17,qrc8617,False,2,0.7143,0.344357,car
img_013482.jpg,qre1i40,ore3140,False,3,0.5714,0.554446,car
img_013483.jpg,qrf8f96,qrr8696,False,2,0.7143,0.292188,car
img_013485.jpg,qre4e48,ore4448,False,2,0.7143,0.250994,car
img_013486.jpg,qre8f57,qre8c57,False,1,0.8571,0.442350,car
img_013488.jpg,qre1i43,qre3143,False,2,0.7143,0.343123,car
img_013490.jpg,qrf8f09,qrc8609,False,2,0.7143,0.509415,car
img_013491.jpg,qre1i40,qre3140,False,2,0.7143,0.456639,car
img_013492.jpg,ppl1h66,ppl3466,False,2,0.7143,0.540956,car
img_013494.jpg,qre1i40,ore3140,False,3,0.5714,0.692813,car
img_013496.jpg,fur9c33,fun7c33,False,2,0.7143,0.522644,car
img_013499.jpg,qre1i41,bre3145,False,4,0.4286,0.284759,car
img_013503.jpg,qre1i38,qre3138,False,2,0.7143,0.689921,car
img_013504.jpg,qrf8f09,qrf8609,False,1,0.8571,0.233458,car
img_013506.jpg,qre4e43,gre4e43,False,1,0.8571,0.394944,car
img_013507.jpg,qre4i08,qre4108,False,1,0.8571,0.781255,car
img_013508.jpg,ppl1h66,ppl3466,False,2,0.7143,0.731902,car
img_013509.jpg,qrf8f87,qrc8687,False,2,0.7143,0.588970,car
img_013510.jpg,qre4e99,qre4699,False,1,0.8571,0.152535,car
img_013511.jpg,qrf8f09,qrc8609,False,2,0.7143,0.685601,car
img_013512.jpg,qre4e62,qregf62,False,2,0.7143,0.552450,car
img_013513.jpg,qrk4c44,ork4444,False,2,0.7143,0.608134,car
img_013514.jpg,mtb7h83,mmb7483,False,2,0.7143,0.681629,car
img_013516.jpg,oyh8a35,oyh8a35,True,0,1.0000,0.561626,car
img_013518.jpg,ppt9e93,ppt9e93,True,0,1.0000,0.759083,car
img_013519.jpg,qrk3j82,ork382,False,2,0.7143,0.664422,car
img_013520.jpg,qrg2h80,qrg2480,False,1,0.8571,0.385179,car
img_013524.jpg,qrh1h27,qrm1m27,False,2,0.7143,0.405519,car
img_013532.jpg,qrk1b04,qrk1804,False,1,0.8571,0.495730,car
img_013533.jpg,qre1i43,ore3143,False,3,0.5714,0.740176,car
img_013535.jpg,qre7d75,gre7d77,False,2,0.7143,0.663803,car
img_013536.jpg,qrf8g68,qrf8668,False,1,0.8571,0.751250,car
img_013537.jpg,qrf8f09,qrc8609,False,2,0.7143,0.515510,car
img_013539.jpg,qre4e48,qre4f48,False,1,0.8571,0.528844,car
img_013542.jpg,qre1i40,ore9140,False,3,0.5714,0.251309,car
img_013543.jpg,qre7i36,qre7136,False,1,0.8571,0.682322,car
img_013544.jpg,qrf8f96,qrf8696,False,1,0.8571,0.597967,car
img_013545.jpg,qrf6i13,qrc6133,False,3,0.5714,0.158571,car
img_013546.jpg,qrg0d06,qrgod06,False,1,0.8571,0.314620,car
img_013547.jpg,qre0f26,oreof26,False,2,0.7143,0.845104,car
img_013549.jpg,qre4e43,qre4f43,False,1,0.8571,0.308527,car
img_013550.jpg,qre4e62,qre4f62,False,1,0.8571,0.453406,car
img_013552.jpg,qrk8e32,qrk8632,False,1,0.8571,0.913369,car
img_013553.jpg,pps6d77,pps0077,False,2,0.7143,0.546293,car
img_013555.jpg,qre4f51,qre4f57,False,1,0.8571,0.282400,car
img_013556.jpg,qrh1h27,orm3427,False,4,0.4286,0.432607,car
img_013557.jpg,mtt8f14,mt8f14,False,1,0.8571,0.722845,car
img_013558.jpg,qrh1h27,qr41427,False,2,0.7143,0.266716,car
img_013561.jpg,qrf8f96,qrr8696,False,2,0.7143,0.307757,car
img_013564.jpg,qrf8g09,qrc8609,False,2,0.7143,0.474018,car
img_013565.jpg,nya7a87,nya7a87,True,0,1.0000,0.838779,car
img_013567.jpg,qrf8f14,qrc8f44,False,2,0.7143,0.374519,car
img_013568.jpg,qre4e62,qre4f62,False,1,0.8571,0.429879,car
img_013569.jpg,qre7c42,qre7c42,True,0,1.0000,0.529809,car
img_013571.jpg,qre6f01,qre6601,False,1,0.8571,0.152855,car
img_013573.jpg,fag3b35,fag3835,False,1,0.8571,0.712843,car
img_013575.jpg,qrj1h35,orj7h35,False,2,0.7143,0.266314,car
img_013578.jpg,ppl1h66,ppl3466,False,2,0.7143,0.781173,car
img_013580.jpg,qre6f01,qreg601,False,2,0.7143,0.358345,car
img_013581.jpg,qre1i40,qrej140,False,2,0.7143,0.299034,car
img_013584.jpg,qre7d75,gre7d75,False,1,0.8571,0.326418,car
img_013587.jpg,qre1i40,ore1140,False,2,0.7143,0.433991,car
img_013588.jpg,qre4f51,qre4f51,True,0,1.0000,0.236432,car
img_013590.jpg,qre4e62,qre4662,False,1,0.8571,0.146374,car
img_013591.jpg,qrh1h27,orn1m27,False,3,0.5714,0.796499,car
img_013593.jpg,qre4e62,qre4662,False,1,0.8571,0.278126,car
img_013594.jpg,qrj1h35,orj1m35,False,2,0.7143,0.514351,car
img_013598.jpg,qrh1h27,orh1427,False,2,0.7143,0.318027,car
img_013599.jpg,qre3d06,dre3d06,False,1,0.8571,0.143140,car
img_013601.jpg,qre4e62,qre4662,False,1,0.8571,0.332088,car
img_013603.jpg,qre4f51,qre4f51,True,0,1.0000,0.367293,car
img_013604.jpg,ppl1h66,ppl3466,False,2,0.7143,0.829669,car
img_013605.jpg,qre1i22,dre3122,False,3,0.5714,0.586389,car
img_013606.jpg,qrj1h35,orj1h35,False,1,0.8571,0.185030,car
img_013610.jpg,fjp1a52,tjp7452,False,3,0.5714,0.613266,car
img_013611.jpg,qre7d75,gre7d75,False,1,0.8571,0.541629,car
img_013614.jpg,oda2c25,oda2625,False,1,0.8571,0.551559,car
img_013617.jpg,ovl7h12,covl741,False,3,0.5714,0.109464,car
img_013620.jpg,qre7c37,qre7c37,True,0,1.0000,0.377954,car
img_013622.jpg,qrf8g60,qrf8660,False,1,0.8571,0.642565,car
img_013623.jpg,qre1i40,qre9440,False,2,0.7143,0.222597,car
img_013627.jpg,qrf8f96,qrf8696,False,1,0.8571,0.557886,car
img_013628.jpg,ppl1h66,ppl3n66,False,2,0.7143,0.703695,car
img_013630.jpg,qre4d82,gre4082,False,2,0.7143,0.775100,car
img_013631.jpg,qri0e80,qri0e80,True,0,1.0000,0.403860,car
img_013634.jpg,qrh1h69,dr41167,False,4,0.4286,0.066628,car
img_013642.jpg,qre4f51,ore4651,False,2,0.7143,0.405392,car
img_013645.jpg,qre4e62,qre4f62,False,1,0.8571,0.756522,car
img_013648.jpg,qre1i40,qre3140,False,2,0.7143,0.634852,car
img_013649.jpg,qrk8e32,qrk8632,False,1,0.8571,0.920391,car
img_013651.jpg,qrf7b75,qrc7675,False,2,0.7143,0.466676,car
img_013653.jpg,qrf8f96,qrc8696,False,2,0.7143,0.298992,car
img_013655.jpg,qrh7c06,qrn7600,False,3,0.5714,0.571132,car
img_013657.jpg,ppr4f54,ppr4f54,True,0,1.0000,0.750345,car
img_013658.jpg,ppl1h66,ppl3466,False,2,0.7143,0.612798,car
img_013660.jpg,ppl1h66,ppl3466,False,2,0.7143,0.775770,car
img_013661.jpg,qre4f51,qre4651,False,1,0.8571,0.800322,car
img_013662.jpg,ppl1h66,ppl3n66,False,2,0.7143,0.794056,car
img_013666.jpg,qre7d75,gre7075,False,2,0.7143,0.705736,car
img_013670.jpg,qre4f51,qre4651,False,1,0.8571,0.431802,car
img_013675.jpg,qre4e77,qre4e77,True,0,1.0000,0.130173,car
img_013676.jpg,qre2a11,gre2417,False,3,0.5714,0.498707,car
img_013681.jpg,qrf8f96,qre8696,False,2,0.7143,0.180393,car
img_013684.jpg,qre4f51,ore4f51,False,1,0.8571,0.249160,car
img_013685.jpg,qre8f57,qre8657,False,1,0.8571,0.643953,car
img_013686.jpg,ppl1h66,ppl3466,False,2,0.7143,0.506117,car
img_013687.jpg,ppl1h66,ppl3466,False,2,0.7143,0.620013,car
img_013688.jpg,ppl1h66,ppl3n66,False,2,0.7143,0.326928,car
img_013689.jpg,ppl1h66,ppl3466,False,2,0.7143,0.539506,car
img_013690.jpg,qrg2h80,qrg2480,False,1,0.8571,0.776841,car
img_013691.jpg,qrh7c82,qr47682,False,2,0.7143,0.465897,car
img_013694.jpg,qrf8f96,qrf8696,False,1,0.8571,0.266620,car
img_013695.jpg,qre4f51,qre4655,False,2,0.7143,0.479504,car
img_013700.jpg,qre8f57,qre8657,False,1,0.8571,0.622547,car
img_013701.jpg,odg8d31,od68037,False,3,0.5714,0.522939,car
img_013702.jpg,ppl1h66,ppl3466,False,2,0.7143,0.717897,car
img_013707.jpg,qrg2h80,qrg2480,False,1,0.8571,0.856287,car
img_013709.jpg,qrh7c54,orh7c54,False,1,0.8571,0.460617,car
img_013710.jpg,mtk0c61,mtk0661,False,1,0.8571,0.587591,car
img_013711.jpg,ppl1h66,ppl3n66,False,2,0.7143,0.730736,car
img_013712.jpg,ppl1h66,ppl3466,False,2,0.7143,0.530294,car
img_013714.jpg,ppl1h66,ppl3n66,False,2,0.7143,0.850971,car
img_013715.jpg,qrh7c06,qrn7c06,False,1,0.8571,0.809124,car
img_013716.jpg,qrg2h80,qrg2480,False,1,0.8571,0.494491,car
img_013717.jpg,ppl1h66,ppl3n66,False,2,0.7143,0.724099,car
img_013718.jpg,msv6c10,msv6c10,True,0,1.0000,0.385839,car
img_013725.jpg,qre4d82,ore4082,False,2,0.7143,0.496994,car
img_013726.jpg,qre1i40,dre1140,False,2,0.7143,0.264299,car
img_013727.jpg,qrm4i57,orm4157,False,2,0.7143,0.516092,car
img_013728.jpg,rba6d37,rba6d37,True,0,1.0000,0.587293,car
img_013729.jpg,qrh1h27,grn1m27,False,3,0.5714,0.084278,car
img_013730.jpg,qre1i40,ore3140,False,3,0.5714,0.569883,car
img_013731.jpg,qre1i38,ore3138,False,3,0.5714,0.451157,car
img_013734.jpg,msc4g65,bit4889,False,6,0.1429,0.005000,car
img_013736.jpg,msy3j35,msv3335,False,2,0.7143,0.791845,car
img_013737.jpg,qrk3j82,ork382,False,2,0.7143,0.805260,car
img_013738.jpg,qrf8f87,qrf8687,False,1,0.8571,0.484043,car
img_013740.jpg,qre1i38,dre3138,False,3,0.5714,0.577956,car
img_013741.jpg,qrm4i57,orm4157,False,2,0.7143,0.638731,car
img_013743.jpg,pal9f76,pal9676,False,1,0.8571,0.424665,car
img_013745.jpg,qrh2f51,qrh2651,False,1,0.8571,0.174946,car
img_013746.jpg,fyo2e04,fyo2604,False,1,0.8571,0.688561,car
img_013750.jpg,mtq7c43,mtq7c43,True,0,1.0000,0.234641,car
img_013751.jpg,rba6d37,rba6d37,True,0,1.0000,0.818467,car
img_013752.jpg,rba6c23,rba6c22,False,1,0.8571,0.531846,car
img_013753.jpg,rba5h41,kba5447,False,3,0.5714,0.189241,car
img_013760.jpg,fou3i88,fou3188,False,1,0.8571,0.941294,car
img_013764.jpg,qrh1h27,orm1427,False,3,0.5714,0.247127,car
img_013766.jpg,jnz2e59,jrz2659,False,2,0.7143,0.410957,car
img_013767.jpg,qrg2h80,qrg2480,False,1,0.8571,0.805611,car
img_013768.jpg,qrm4i57,orm4157,False,2,0.7143,0.775147,car
img_013769.jpg,rba6d37,rba6037,False,1,0.8571,0.817342,car
img_013771.jpg,rba6c23,rba6623,False,1,0.8571,0.891029,car
img_013774.jpg,rba5a58,rbaja58,False,1,0.8571,0.944970,car
img_013775.jpg,rba5d40,rba5d40,True,0,1.0000,0.837427,car
img_013776.jpg,qrf8f87,qrf8687,False,1,0.8571,0.543583,car
img_013777.jpg,qrm2a66,orm2666,False,2,0.7143,0.630716,car
img_013780.jpg,qre4d82,qre4082,False,1,0.8571,0.483272,car
img_013782.jpg,qrh2f51,orh2651,False,2,0.7143,0.154545,car
img_013783.jpg,qrm4i57,qrm4157,False,1,0.8571,0.466777,car
img_013784.jpg,oyg9e60,oyg9660,False,1,0.8571,0.507828,car
img_013785.jpg,mpz2a30,mp22430,False,2,0.7143,0.547643,car
img_013788.jpg,mtd0j22,mmt0032,False,4,0.4286,0.090949,car
img_013791.jpg,qre4d82,ore4082,False,2,0.7143,0.642640,car
img_013792.jpg,qrm4i57,orm4157,False,2,0.7143,0.591288,car
img_013793.jpg,rba6d37,rba6d37,True,0,1.0000,0.674875,car
img_013796.jpg,ppy2c39,ppy2639,False,1,0.8571,0.947506,car
img_013798.jpg,qrf8f46,qrc8f46,False,1,0.8571,0.681963,car
img_013799.jpg,qre4f49,qre4f49,True,0,1.0000,0.525353,car
img_013800.jpg,qre1i41,dre1140,False,3,0.5714,0.135090,car
img_013803.jpg,qrk3j82,qrk382,False,1,0.8571,0.663990,car
img_013805.jpg,qre1i40,ore1140,False,2,0.7143,0.672137,car
img_013806.jpg,qrm4i57,orm4157,False,2,0.7143,0.983666,car
img_013807.jpg,rba6d37,rba6d37,True,0,1.0000,0.632714,car
img_013809.jpg,qre7i36,gre7136,False,2,0.7143,0.574819,car
img_013810.jpg,rba5h21,rba5124,False,2,0.7143,0.217422,car
img_013811.jpg,qre1i41,dre3145,False,4,0.4286,0.287671,car
img_013812.jpg,qrg4e18,qrg4e18,True,0,1.0000,0.351473,car
img_013818.jpg,qrm4i57,orm4157,False,2,0.7143,0.604521,car
img_013820.jpg,rba6d37,rba6d37,True,0,1.0000,0.790619,car
img_013825.jpg,oye8i28,oye8128,False,1,0.8571,0.761705,car
img_013827.jpg,qre2a11,ore2417,False,3,0.5714,0.374137,car
img_013828.jpg,qre2a11,gre2413,False,3,0.5714,0.187940,car
img_013829.jpg,qre8e70,qre8670,False,1,0.8571,0.914805,car
img_013833.jpg,qre0e61,ore9667,False,4,0.4286,0.604997,car
img_013834.jpg,qre7b35,ore7b35,False,1,0.8571,0.341348,car
img_013835.jpg,qre2a11,qre2417,False,2,0.7143,0.513158,car
img_013837.jpg,ppm7g93,epp2769,False,4,0.4286,0.160939,car
img_013838.jpg,qre6b82,qre6888,False,2,0.7143,0.444025,car
img_013839.jpg,ppm7g93,ppm7693,False,1,0.8571,0.824717,car
img_013841.jpg,fou3i88,fou3188,False,1,0.8571,0.783976,car
img_013842.jpg,qrf8f09,qrc8609,False,2,0.7143,0.782932,car
img_013844.jpg,fyo2e04,fvo2e04,False,1,0.8571,0.523676,car
img_013845.jpg,ppm7g93,ppm7693,False,1,0.8571,0.812404,car
img_013846.jpg,ppm7g93,epm7693,False,2,0.7143,0.582103,car
img_013848.jpg,ppm7g93,epp7769,False,4,0.4286,0.114961,car
img_013850.jpg,oyj7i19,ov3719,False,3,0.5714,0.411009,car
img_013852.jpg,qrj7e99,orj7e97,False,2,0.7143,0.289251,car
img_013854.jpg,qrf3d01,qrc3007,False,3,0.5714,0.319460,car
img_013855.jpg,odk8e12,odk8612,False,1,0.8571,0.471487,car
img_013858.jpg,odq6d04,od06004,False,2,0.7143,0.272543,car
img_013859.jpg,ppo8f18,ppo8f18,True,0,1.0000,0.340627,car
img_013860.jpg,aze3g20,aze3620,False,1,0.8571,0.998366,car
img_013861.jpg,ppe8j60,ppe8j60,True,0,1.0000,0.982350,car
img_013862.jpg,qrh2i50,orm2150,False,3,0.5714,0.890149,car
img_013866.jpg,msw0i16,emsw015,False,3,0.5714,0.213274,car
img_013870.jpg,ovf4g35,ovf4335,False,1,0.8571,0.390605,car
img_013873.jpg,qrj1h35,orj1m35,False,2,0.7143,0.852621,car
img_013875.jpg,qns7e99,ons7699,False,2,0.7143,0.703299,car
img_013879.jpg,msw7i95,msu7195,False,2,0.7143,0.610457,car
img_013882.jpg,msh1i00,msh1100,False,1,0.8571,0.448153,car
img_013887.jpg,onb1g02,onbi602,False,2,0.7143,0.892237,car
img_013890.jpg,ppa1c19,ppa1619,False,1,0.8571,0.870829,car
img_013894.jpg,ppu0g82,ppu0682,False,1,0.8571,0.617576,car
img_013899.jpg,kvg4j02,kvg4302,False,1,0.8571,0.938134,car
img_013910.jpg,qri3f46,ori3746,False,2,0.7143,0.351510,car
img_013918.jpg,odc8h88,odc8488,False,1,0.8571,0.883339,car
img_013920.jpg,odf4a46,odf4446,False,1,0.8571,0.873605,car
img_013921.jpg,ocv5c77,ocv5c77,True,0,1.0000,0.522262,car
img_013938.jpg,lrp7d62,lrp7062,False,1,0.8571,0.950767,car
img_013940.jpg,mrn3a72,mrn3a72,True,0,1.0000,0.565080,car
img_013941.jpg,plp6b74,plp6b74,True,0,1.0000,0.561989,car
img_013942.jpg,omb7a18,omb7418,False,1,0.8571,0.785813,car
img_013945.jpg,qrf7j44,orf7j44,False,1,0.8571,0.273514,car
img_013949.jpg,qrg5b76,qrg5876,False,1,0.8571,0.729073,car
img_013950.jpg,ppw3f03,ppw3603,False,1,0.8571,0.772341,car
img_013954.jpg,qrf4g15,qrf4615,False,1,0.8571,0.584502,car
img_013958.jpg,mrs1a56,mrs1456,False,1,0.8571,0.525247,car
img_013960.jpg,kac6b94,kac6b74,False,1,0.8571,0.631139,car
img_013967.jpg,qrl4g82,orl4682,False,2,0.7143,0.502685,car
img_013980.jpg,oyh5h63,ovh5n63,False,2,0.7143,0.698525,car
img_013991.jpg,ppm0e23,ppm0e23,True,0,1.0000,0.687140,car
img_013992.jpg,qrd5a25,ordja25,False,2,0.7143,0.454070,car
img_013993.jpg,ohq4f16,ou04f16,False,2,0.7143,0.104681,car
img_014003.jpg,qrj8d68,qrj8d68,True,0,1.0000,0.460609,car
img_014004.jpg,qrl2j59,qpl2759,False,2,0.7143,0.248749,car
img_014008.jpg,pph7b56,pph7b56,True,0,1.0000,0.464082,car
img_014013.jpg,qrj1h35,orj1m35,False,2,0.7143,0.151831,car
img_014014.jpg,lmo8a28,lmo8428,False,1,0.8571,0.353131,car
img_014028.jpg,ovh6j60,ovm6j60,False,1,0.8571,0.596581,car
img_014031.jpg,qrj8d08,qrj8d08,True,0,1.0000,0.648950,car
img_014033.jpg,lrs5f30,lrs560,False,2,0.7143,0.300325,car
img_014039.jpg,oyf8c78,oyf8678,False,1,0.8571,0.483363,car
img_014050.jpg,qrk0h34,ork0n34,False,2,0.7143,0.415541,car
img_014058.jpg,ppk7j67,ppk7367,False,1,0.8571,0.932106,car
img_014070.jpg,ovl9g16,ovl9616,False,1,0.8571,0.509533,car
img_014072.jpg,qrf3d01,orc3d07,False,3,0.5714,0.377437,car
img_014076.jpg,lmr2i16,lmr2176,False,2,0.7143,0.687866,car
img_014078.jpg,pxc8e44,pxc8f44,False,1,0.8571,0.469422,car
img_014080.jpg,mtb0c04,mtb0604,False,1,0.8571,0.179099,car
img_014087.jpg,mqx6a27,mox6a27,False,1,0.8571,0.471113,car
img_014089.jpg,mts2c82,mmts268,False,3,0.5714,0.586900,car
img_014098.jpg,mtm8c60,mtm8660,False,1,0.8571,0.857386,car
img_014099.jpg,mty2g82,mty2682,False,1,0.8571,0.965167,car
img_014102.jpg,mrd8c79,mr08679,False,2,0.7143,0.302334,car
img_014103.jpg,qok1c00,ooki600,False,3,0.5714,0.439419,car
img_014104.jpg,msh1i00,msh1100,False,1,0.8571,0.424649,car
img_014108.jpg,qrk3f76,ork3676,False,2,0.7143,0.498465,car
img_014117.jpg,qre9g67,qre9667,False,1,0.8571,0.598923,car
img_014124.jpg,qrg2b77,qrg2877,False,1,0.8571,0.892702,car
img_014126.jpg,gye6h00,gye6h00,True,0,1.0000,0.443981,car
img_014129.jpg,odp6a33,odp6a33,True,0,1.0000,0.695312,car
img_014134.jpg,qns7e99,ons7e97,False,2,0.7143,0.734324,car
img_014152.jpg,ppr5h48,ppr5h48,True,0,1.0000,0.615078,car
img_014164.jpg,msw0i16,mmsw017,False,3,0.5714,0.556794,car
img_014175.jpg,ppc8f63,ppc8f63,True,0,1.0000,0.549814,car
img_014177.jpg,qov5a73,oov5573,False,2,0.7143,0.974532,car
img_014184.jpg,qrk9f12,qrk9f32,False,1,0.8571,0.384892,car
img_014188.jpg,qrk8e84,ork8684,False,2,0.7143,0.688629,car
img_014192.jpg,qrk1h98,ork3498,False,3,0.5714,0.810593,car
img_014194.jpg,mra8f55,mra8f55,True,0,1.0000,0.549770,car
img_014196.jpg,kny7j93,kny7393,False,1,0.8571,0.297713,car
img_014205.jpg,mqw7e76,mow776,False,2,0.7143,0.585687,car
img_014212.jpg,mta6c01,mta6603,False,2,0.7143,0.517307,car
img_014214.jpg,qrg4c05,qrg4605,False,1,0.8571,0.555270,car
img_014215.jpg,qrj9d48,gr39048,False,3,0.5714,0.275043,car
img_014225.jpg,rio1j55,ri01355,False,2,0.7143,0.713739,car
img_014226.jpg,avy0i24,avy0124,False,1,0.8571,0.925000,car
img_014227.jpg,msv3g83,msv363,False,2,0.7143,0.963477,car
img_014228.jpg,lud6g99,lud6699,False,1,0.8571,0.960927,car
img_014250.jpg,daj2g64,daj2664,False,1,0.8571,0.999336,car
img_014251.jpg,mtt3d76,mt73d76,False,1,0.8571,0.535862,car
img_014255.jpg,mtm0b01,mtm0807,False,2,0.7143,0.245128,car
img_014262.jpg,qre9a37,gre9a37,False,1,0.8571,0.620017,car
img_014277.jpg,odf1j83,odf1583,False,1,0.8571,0.331110,car
img_014279.jpg,baz2e27,baz2e27,True,0,1.0000,0.566557,car
img_014280.jpg,qok1c00,ookic00,False,2,0.7143,0.843450,car
img_014281.jpg,ppw7d46,ppu7046,False,2,0.7143,0.709011,car
img_014283.jpg,qrk7i04,ork7104,False,2,0.7143,0.944250,car
img_014284.jpg,lnx6c16,lnx6156,False,2,0.7143,0.137199,car
img_014285.jpg,qre9g67,qre9667,False,1,0.8571,0.707618,car
img_014288.jpg,qrf7e70,orf7e70,False,1,0.8571,0.738642,car
img_014289.jpg,lrz4c98,lr24698,False,2,0.7143,0.531592,car
img_014290.jpg,awh4f80,awh4880,False,1,0.8571,0.349179,car
img_014303.jpg,odf3j43,odf3743,False,1,0.8571,0.487223,car
img_014304.jpg,qri3f73,ori3f73,False,1,0.8571,0.481612,car
img_014305.jpg,npk0a72,npk0a72,True,0,1.0000,0.668409,car
img_014316.jpg,qri7c39,qri7c39,True,0,1.0000,0.203876,car
img_014321.jpg,hdv3h51,andv355,False,4,0.4286,0.203253,car
img_014326.jpg,odc1h18,odc3m18,False,2,0.7143,0.527392,car
img_014327.jpg,mqt5d07,mot5007,False,2,0.7143,0.676775,car
img_014329.jpg,ppf9b73,ppf9873,False,1,0.8571,0.614678,car
img_014334.jpg,mpb3f79,mpb3679,False,1,0.8571,0.891156,car
img_014337.jpg,qri3f46,ori3f40,False,2,0.7143,0.453135,car
img_014338.jpg,qog0b71,qo60871,False,2,0.7143,0.170245,car
img_014341.jpg,oyd2d20,oyd2020,False,1,0.8571,0.965077,car
img_014346.jpg,ovj2h68,ovj2468,False,1,0.8571,0.693761,car
img_014351.jpg,odi4i78,odi4178,False,1,0.8571,0.930602,car
img_014352.jpg,lll5h22,lll5422,False,1,0.8571,0.356910,car
img_014353.jpg,ppl7a05,ppl7a05,True,0,1.0000,0.827194,car
img_014356.jpg,ppj6h93,ppj6m93,False,1,0.8571,0.516341,car
img_014364.jpg,mtw5b82,mmh5882,False,3,0.5714,0.515504,car
img_014365.jpg,mrs2h47,mrs2447,False,1,0.8571,0.840731,car
img_014371.jpg,ppo0h05,ppo0m05,False,1,0.8571,0.922035,car
img_014372.jpg,ppu7e16,ppu7e16,True,0,1.0000,0.960523,car
img_014389.jpg,oxk5j38,oxk5338,False,1,0.8571,0.960934,car
img_014401.jpg,ezm5j88,ezm5388,False,1,0.8571,0.767789,car
img_014403.jpg,ppy2f07,ppy2607,False,1,0.8571,0.944686,car
img_014405.jpg,mqf0f99,moe0f90,False,3,0.5714,0.334176,car
img_014407.jpg,qrk9j23,ork9323,False,2,0.7143,0.317467,car
img_014408.jpg,qre0i30,qre0130,False,1,0.8571,0.643297,car
img_014418.jpg,ovl9b72,ovl9872,False,1,0.8571,0.938460,car
img_014424.jpg,ouj1d89,ouj1089,False,1,0.8571,0.673968,car
img_014429.jpg,olv4c31,olv4637,False,2,0.7143,0.736254,car
img_014437.jpg,qre7b35,ore7835,False,2,0.7143,0.609075,car
img_014438.jpg,qrl7e25,orl7e25,False,1,0.8571,0.824555,car
img_014450.jpg,msw0i16,mm50116,False,3,0.5714,0.169219,car
img_014456.jpg,mtp1c03,mtpc03,False,1,0.8571,0.259529,car
img_014459.jpg,oyi3a75,ovi3a75,False,1,0.8571,0.685437,car
img_014464.jpg,ppe6e95,ppe6695,False,1,0.8571,0.315854,car
img_014467.jpg,mtd7a37,mmd7237,False,2,0.7143,0.391838,car
img_014468.jpg,mtm3j73,mmm373,False,2,0.7143,0.206139,car
img_014471.jpg,qrl4i35,orl4135,False,2,0.7143,0.986438,car
img_014476.jpg,mqf9a53,moc9453,False,3,0.5714,0.563595,car
img_014479.jpg,ppj6h93,ppj6m93,False,1,0.8571,0.540243,car
img_014481.jpg,oyf7e10,ovi7761,False,5,0.2857,0.128873,car
img_014488.jpg,kpz1e13,kpz1e13,True,0,1.0000,0.573357,car
img_014492.jpg,qri3d47,ori3047,False,2,0.7143,0.438254,car
img_014499.jpg,aam4a05,aam4a05,True,0,1.0000,0.786197,car
img_014503.jpg,hmv1d80,hmv1080,False,1,0.8571,0.657685,car
img_014519.jpg,ppa1c19,ppa1639,False,2,0.7143,0.518870,car
img_014520.jpg,msy5g35,msv5633,False,3,0.5714,0.803694,car
img_014521.jpg,gqh4c51,gq44657,False,3,0.5714,0.296549,car
img_014522.jpg,qrf5i00,drc5100,False,3,0.5714,0.415099,car
img_014528.jpg,mqf1c61,mor3664,False,5,0.2857,0.474427,car
img_014532.jpg,nvi0i99,nvi0199,False,1,0.8571,0.439716,car
img_014536.jpg,dmq1g17,dm01617,False,2,0.7143,0.360888,car
img_014542.jpg,qrg5i88,org5188,False,2,0.7143,0.982292,car
img_014547.jpg,lcs6f35,lcs6335,False,1,0.8571,0.363603,car
img_014548.jpg,eto5b55,eto5855,False,1,0.8571,0.744155,car
img_014573.jpg,olf2g88,olf2688,False,1,0.8571,0.992676,car
img_014577.jpg,ovi8g89,ovi8689,False,1,0.8571,0.690276,car
img_014585.jpg,qrb2c68,qrb2668,False,1,0.8571,0.972510,car
img_014594.jpg,qrl6i99,qrl6199,False,1,0.8571,0.545568,car
img_014597.jpg,ovl9b72,ovl9872,False,1,0.8571,0.973806,car
img_014603.jpg,ppr6f73,ppr6673,False,1,0.8571,0.466409,car
img_014606.jpg,odc8h88,odc8488,False,1,0.8571,0.761880,car
img_014607.jpg,qns4h47,ons4447,False,2,0.7143,0.951377,car
img_014608.jpg,opt4d26,opt4026,False,1,0.8571,0.520224,car
img_014611.jpg,ppj6c44,ppj6444,False,1,0.8571,0.526203,car
img_014614.jpg,qri2a85,qri2a85,True,0,1.0000,0.557106,car
img_014619.jpg,ppo4b00,pp04800,False,2,0.7143,0.648142,car
img_014621.jpg,qrg9d56,org9056,False,2,0.7143,0.730709,car
img_014623.jpg,qrf4h05,qrc4005,False,2,0.7143,0.328615,car
img_014624.jpg,gks7d42,gks7042,False,1,0.8571,0.973053,car
img_014628.jpg,msy7c03,msv7603,False,2,0.7143,0.965497,car
img_014631.jpg,qrk7b48,ork7848,False,2,0.7143,0.772236,car
img_014634.jpg,qrf5d92,qrf5092,False,1,0.8571,0.393200,car
img_014636.jpg,ocy4g48,ocy4648,False,1,0.8571,0.870691,car
img_014638.jpg,lmr0d66,lmr0066,False,1,0.8571,0.963621,car
img_014654.jpg,lls8a92,als8492,False,2,0.7143,0.759193,car
img_014656.jpg,mqg7i26,mog7126,False,2,0.7143,0.704936,car
img_014668.jpg,mtd4j94,mmd4794,False,2,0.7143,0.320855,car
img_014670.jpg,mtx9c25,mtx9622,False,2,0.7143,0.265154,car
img_014671.jpg,mrr5d60,mrr5060,False,1,0.8571,0.583114,car
img_014674.jpg,mtt3g89,mt73687,False,3,0.5714,0.455249,car
img_014684.jpg,qrl4i57,orl4157,False,2,0.7143,0.977012,car
img_014687.jpg,odp6j15,odp6j15,True,0,1.0000,0.414850,car
img_014697.jpg,odj0h28,odj0m28,False,1,0.8571,0.838896,car
img_014703.jpg,ppp4c93,ppp4693,False,1,0.8571,0.957232,car
img_014717.jpg,pph2a51,pph2451,False,1,0.8571,0.453049,car
img_014721.jpg,mss0a46,mss0446,False,1,0.8571,0.602689,car
img_014723.jpg,pps8g99,pps8999,False,1,0.8571,0.662856,car
img_014724.jpg,qrk1i61,ork3161,False,3,0.5714,0.796981,car
img_014738.jpg,aoh6i15,aom6175,False,3,0.5714,0.482439,car
img_014748.jpg,mrs1a15,mrs1415,False,1,0.8571,0.581141,car
img_014751.jpg,msd7g13,msd7613,False,1,0.8571,0.616975,car
img_014754.jpg,ppq8i78,pp08178,False,2,0.7143,0.575507,car
img_014757.jpg,oyg5f74,ovg5r74,False,2,0.7143,0.545145,car
img_014760.jpg,ppq1h11,ppo1m17,False,3,0.5714,0.598344,car
img_014761.jpg,qns7e99,ons7e99,False,1,0.8571,0.615672,car
img_014763.jpg,eet3e28,eet3e28,True,0,1.0000,0.764203,car
img_014770.jpg,oyi3d08,ovi3008,False,2,0.7143,0.410305,car
img_014776.jpg,odk3c29,odk3629,False,1,0.8571,0.958538,car
img_014779.jpg,ppv3i96,ppv3196,False,1,0.8571,0.931651,car
img_014781.jpg,epn6e03,epn6603,False,1,0.8571,0.767390,car
img_014785.jpg,qnh6j59,onm6j59,False,2,0.7143,0.246178,car
img_014786.jpg,ppi7a68,ppi7a68,True,0,1.0000,0.751873,car
img_014787.jpg,mqv6b38,mqv6838,False,1,0.8571,0.602369,car
img_014790.jpg,mtc8c45,mtc8c45,True,0,1.0000,0.700169,car
img_014794.jpg,kxt8h52,kxt8452,False,1,0.8571,0.799505,car
img_014796.jpg,mlf1h71,mlc3474,False,4,0.4286,0.103593,car
img_014797.jpg,ppt6d95,ppt6d99,False,1,0.8571,0.698290,car
img_014832.jpg,kzt5d91,kzt5091,False,1,0.8571,0.320980,car
img_014833.jpg,mrk7a18,mmk7418,False,2,0.7143,0.651894,car
img_014840.jpg,mpt3e27,mpt3e27,True,0,1.0000,0.882844,car
img_014845.jpg,qrf7f78,qrc7f78,False,1,0.8571,0.701239,car
img_014847.jpg,qdm1a62,odmia62,False,2,0.7143,0.572202,car
img_014850.jpg,kyi8i45,kyi8145,False,1,0.8571,0.581031,car
img_014855.jpg,ppc2h15,ppg2515,False,2,0.7143,0.235062,car
img_014856.jpg,ppf9b73,ppf9873,False,1,0.8571,0.298747,car
img_014861.jpg,ppo3h68,ppo3m68,False,1,0.8571,0.436929,car
img_014865.jpg,oye1c51,oye9c51,False,1,0.8571,0.316348,car
img_014873.jpg,ppl1j32,ppl3532,False,2,0.7143,0.275368,car
img_014874.jpg,qrf7b72,qrf7872,False,1,0.8571,0.829818,car
img_014889.jpg,odh3f45,odm3645,False,2,0.7143,0.718747,car
img_014895.jpg,qre7i24,qre7124,False,1,0.8571,0.684092,car
img_014896.jpg,ppi4i74,ppl4174,False,2,0.7143,0.507944,car
img_014900.jpg,qrj4b19,qrj4817,False,2,0.7143,0.494163,car
img_014905.jpg,ppg4c22,ppg4622,False,1,0.8571,0.996555,car
img_014908.jpg,mtd9d50,mtd9050,False,1,0.8571,0.815858,car
img_014910.jpg,qri8f81,qri8f81,True,0,1.0000,0.426017,car
img_014913.jpg,odt7c71,odt7c74,False,1,0.8571,0.501196,car
img_014915.jpg,ppo1i14,ppo1174,False,2,0.7143,0.533768,car
img_014916.jpg,oyi4a06,ovi4a06,False,1,0.8571,0.738124,car
img_014918.jpg,oyj3f00,ovj3600,False,2,0.7143,0.565448,car
img_014926.jpg,lmu4b44,lmu4844,False,1,0.8571,0.526013,car
img_014935.jpg,qrg1f29,orgif29,False,2,0.7143,0.140513,car
img_014944.jpg,msl6i37,ns66137,False,3,0.5714,0.344229,car
img_014959.jpg,qri1a08,orija08,False,2,0.7143,0.665260,car
img_014965.jpg,gjw5a90,gjw5a0,False,1,0.8571,0.557332,car
img_014972.jpg,qri0e55,orioe55,False,2,0.7143,0.502270,car
img_014973.jpg,qok1c00,ooki600,False,3,0.5714,0.849416,car
img_014985.jpg,qrf2a03,qrf2403,False,1,0.8571,0.738204,car
img_014993.jpg,lml5e98,lm15698,False,2,0.7143,0.404850,car
img_014999.jpg,odp3d20,odp3020,False,1,0.8571,0.720455,car
img_017501.jpg,mrh7545,mri5789,False,5,0.2857,0.074080,motorcycle
img_017504.jpg,msa2398,emsa482,False,5,0.2857,0.252729,motorcycle
img_017508.jpg,mtu3834,iji1478,False,7,0.0000,0.016374,motorcycle
img_017509.jpg,gzz8751,gz57484,False,5,0.2857,0.385767,motorcycle
img_017519.jpg,hnf9415,hnf2880,False,4,0.4286,0.192761,motorcycle
img_017520.jpg,qrd7252,qrd7880,False,3,0.5714,0.180157,motorcycle
img_017524.jpg,ppy0590,ppy7880,False,3,0.5714,0.295863,motorcycle
img_017525.jpg,ppq1985,pp97880,False,4,0.4286,0.087845,motorcycle
img_017529.jpg,pps7339,pps8894,False,4,0.4286,0.324811,motorcycle
img_017530.jpg,msg7336,ms64727,False,5,0.2857,0.083411,motorcycle
img_017531.jpg,mtx3656,mixx251,False,4,0.4286,0.257227,motorcycle
img_017535.jpg,mtt3957,edt7534,False,6,0.1429,0.023716,motorcycle
img_017537.jpg,ppz2842,ebp2851,False,5,0.2857,0.101827,motorcycle
img_017541.jpg,msb1362,emsb289,False,5,0.2857,0.081402,motorcycle
img_017544.jpg,ocy3804,dcy8554,False,4,0.4286,0.101243,motorcycle
img_017547.jpg,mtt3985,mij7894,False,6,0.1429,0.092247,motorcycle
img_017549.jpg,odp0225,odp2517,False,4,0.4286,0.080468,motorcycle
img_017550.jpg,odp0125,odp4241,False,4,0.4286,0.348501,motorcycle
img_017552.jpg,mry4953,ary5429,False,5,0.2857,0.114392,motorcycle
img_017553.jpg,mtx7170,mixx814,False,5,0.2857,0.028277,motorcycle
img_017554.jpg,mrk8390,aby4241,False,7,0.0000,0.214202,motorcycle
img_017556.jpg,oyg8958,qy67480,False,6,0.1429,0.106397,motorcycle
img_017558.jpg,msb9683,mmsb584,False,4,0.4286,0.086961,motorcycle
img_017565.jpg,mrz3515,mr77982,False,5,0.2857,0.328955,motorcycle
img_017566.jpg,oye7983,dy67894,False,5,0.2857,0.313844,motorcycle
img_017567.jpg,mtx3303,mj9378,False,5,0.2857,0.214851,motorcycle
img_017568.jpg,msb1362,ensb288,False,6,0.1429,0.058662,motorcycle
img_017569.jpg,ppn3443,bpy4480,False,5,0.2857,0.364135,motorcycle
img_017571.jpg,msb9683,mh5b584,False,5,0.2857,0.072119,motorcycle
img_017577.jpg,msz1632,ms7534,False,4,0.4286,0.231600,motorcycle
img_017578.jpg,odr5971,odr477,False,3,0.5714,0.597518,motorcycle
img_017585.jpg,odc1091,iooc534,False,6,0.1429,0.425815,motorcycle
img_017586.jpg,hnf9415,hnf7894,False,4,0.4286,0.369192,motorcycle
img_017587.jpg,mqx7889,mo9884,False,4,0.4286,0.160971,motorcycle
img_017593.jpg,mty6860,my02880,False,4,0.4286,0.225184,motorcycle
img_017594.jpg,odq4607,qp97789,False,7,0.0000,0.145204,motorcycle
img_017595.jpg,ppk8709,ppk8514,False,3,0.5714,0.126372,motorcycle
img_017602.jpg,ppl9553,pp57882,False,5,0.2857,0.304387,motorcycle
img_017610.jpg,mtz5078,eot2584,False,6,0.1429,0.124911,motorcycle
img_017614.jpg,odt6046,gd18898,False,6,0.1429,0.100285,motorcycle
img_017615.jpg,qrb1638,ibb8899,False,6,0.1429,0.380566,motorcycle
img_017616.jpg,ppn9404,pp04724,False,4,0.4286,0.054982,motorcycle
img_017620.jpg,ppo2171,bpo2882,False,4,0.4286,0.208443,motorcycle
img_017621.jpg,oye6829,by68892,False,4,0.4286,0.056565,motorcycle
img_017622.jpg,mrf8508,mbf7889,False,5,0.2857,0.152703,motorcycle
img_017625.jpg,msa2398,esa488,False,4,0.4286,0.141429,motorcycle
img_017629.jpg,ppy0590,psy0892,False,3,0.5714,0.273246,motorcycle
img_017630.jpg,mtx7170,mix0830,False,4,0.4286,0.031963,motorcycle
img_017637.jpg,odr2292,ddr4291,False,3,0.5714,0.365985,motorcycle
img_017640.jpg,msa4370,fs10781,False,6,0.1429,0.035881,motorcycle
img_017642.jpg,odq4607,qp08824,False,7,0.0000,0.016689,motorcycle
img_017643.jpg,ocx6648,bcy7994,False,6,0.1429,0.052702,motorcycle
img_017646.jpg,pym6235,byy4484,False,6,0.1429,0.066249,motorcycle
img_017656.jpg,mtn5516,gs11720,False,7,0.0000,0.028029,motorcycle
img_017658.jpg,odc7498,qdc5844,False,5,0.2857,0.277008,motorcycle
img_017663.jpg,mst8716,byi4788,False,6,0.1429,0.261020,motorcycle
img_017664.jpg,mqy9394,moy4547,False,5,0.2857,0.007572,motorcycle
img_017666.jpg,oye3717,gye2594,False,5,0.2857,0.086702,motorcycle
img_017668.jpg,mtx7170,wix0570,False,4,0.4286,0.010370,motorcycle
img_017669.jpg,opz6615,pp77788,False,6,0.1429,0.245546,motorcycle
img_017672.jpg,mtz2306,mj25780,False,6,0.1429,0.042388,motorcycle
img_017674.jpg,msz1632,ms25344,False,5,0.2857,0.251341,motorcycle
img_017676.jpg,mru5943,mru7892,False,4,0.4286,0.372036,motorcycle
img_017678.jpg,odr2292,ddr470,False,5,0.2857,0.550024,motorcycle
img_017679.jpg,mtx3303,mjx729,False,5,0.2857,0.147077,motorcycle
img_017682.jpg,ovh6100,evo7480,False,5,0.2857,0.183948,motorcycle
img_017685.jpg,odl8131,bdi7790,False,6,0.1429,0.030819,motorcycle
img_017686.jpg,oyk5858,dvk7890,False,5,0.2857,0.064697,motorcycle
img_017688.jpg,ovk7691,dvk2380,False,5,0.2857,0.208836,motorcycle
img_017690.jpg,mtx7170,mixx881,False,5,0.2857,0.018737,motorcycle
img_017693.jpg,qrb1638,ibb8788,False,5,0.2857,0.474295,motorcycle
img_017695.jpg,odr4281,ddr5241,False,3,0.5714,0.076876,motorcycle
img_017697.jpg,msz1632,ms25344,False,5,0.2857,0.212887,motorcycle
img_017699.jpg,oyh0980,oy67717,False,5,0.2857,0.082184,motorcycle
img_017701.jpg,ppm4442,ppm8514,False,4,0.4286,0.052226,motorcycle
img_017702.jpg,mtt3957,ed17534,False,7,0.0000,0.021592,motorcycle
img_017703.jpg,ppj1736,ppi8884,False,5,0.2857,0.099754,motorcycle
img_017704.jpg,pps1116,pps8992,False,4,0.4286,0.081416,motorcycle
img_017706.jpg,qrd7892,grd8894,False,3,0.5714,0.123358,motorcycle
img_017707.jpg,ppm2910,epi0892,False,6,0.1429,0.213778,motorcycle
img_017708.jpg,ppg9448,gpg7794,False,5,0.2857,0.142031,motorcycle
img_017711.jpg,odr4648,qpp7780,False,7,0.0000,0.113205,motorcycle
img_017716.jpg,mtx3303,mjx329,False,4,0.4286,0.162709,motorcycle
img_017718.jpg,mtx7170,aitx881,False,6,0.1429,0.048695,motorcycle
img_017720.jpg,ppx1216,ppx831,False,3,0.5714,0.312832,motorcycle
img_017722.jpg,ppt6106,ppi7594,False,5,0.2857,0.092748,motorcycle
img_017724.jpg,qrb1638,irb8859,False,5,0.2857,0.126240,motorcycle
img_017726.jpg,mtn5516,mj1534,False,5,0.2857,0.060427,motorcycle
img_017728.jpg,ocy2738,dcy8799,False,4,0.4286,0.137235,motorcycle
img_017732.jpg,ppq1376,pp08814,False,5,0.2857,0.075378,motorcycle
img_017735.jpg,odc7498,qdc5844,False,5,0.2857,0.102844,motorcycle
img_017738.jpg,odg5912,gdq4789,False,6,0.1429,0.162935,motorcycle
img_017739.jpg,ppg9448,gpp8714,False,5,0.2857,0.045066,motorcycle
img_017740.jpg,ppy0590,psy0899,False,3,0.5714,0.194223,motorcycle
img_017742.jpg,msb1362,ams8229,False,6,0.1429,0.023030,motorcycle
img_017743.jpg,mtx7170,myx8514,False,5,0.2857,0.173675,motorcycle
img_017745.jpg,ocz6425,gex3248,False,7,0.0000,0.036478,motorcycle
img_017747.jpg,mtx3656,mtx790,False,4,0.4286,0.272600,motorcycle
img_017755.jpg,ppf9618,ppif788,False,4,0.4286,0.687264,motorcycle
img_017756.jpg,oye7983,dy68894,False,6,0.1429,0.153113,motorcycle
img_017758.jpg,odt7616,od7572,False,4,0.4286,0.097605,motorcycle
img_017759.jpg,odg5912,od9524,False,4,0.4286,0.092649,motorcycle
img_017760.jpg,ppb4183,ppb7890,False,4,0.4286,0.543818,motorcycle
img_017763.jpg,ppn9404,pp04794,False,4,0.4286,0.047591,motorcycle
img_017764.jpg,odl8131,ddj8384,False,5,0.2857,0.037639,motorcycle
img_017765.jpg,odg5912,gd08810,False,5,0.2857,0.036887,motorcycle
img_017768.jpg,odr3327,ddr424,False,4,0.4286,0.205466,motorcycle
img_017769.jpg,mtx7170,iitx851,False,6,0.1429,0.068632,motorcycle
img_017771.jpg,mtj5196,mi77859,False,6,0.1429,0.036530,motorcycle
img_017773.jpg,oyi7673,gy17574,False,4,0.4286,0.092994,motorcycle
img_017775.jpg,odg5912,ddg8347,False,5,0.2857,0.044802,motorcycle
img_017777.jpg,mrh6221,brr4429,False,5,0.2857,0.210276,motorcycle
img_017778.jpg,mtx7170,mixx851,False,5,0.2857,0.182218,motorcycle
img_017780.jpg,ppv2708,ppy841,False,5,0.2857,0.372120,motorcycle
img_017781.jpg,ppv2570,ppy8714,False,5,0.2857,0.072841,motorcycle
img_017783.jpg,odj5604,yd48594,False,5,0.2857,0.140131,motorcycle
img_017787.jpg,odr2292,ddr4291,False,3,0.5714,0.365579,motorcycle
img_017791.jpg,mry4953,aivy529,False,7,0.0000,0.021226,motorcycle
img_017792.jpg,ovi2792,dvi8880,False,5,0.2857,0.041083,motorcycle
img_017793.jpg,mtz5078,mo25844,False,5,0.2857,0.262036,motorcycle
img_017796.jpg,oye8534,dye7894,False,4,0.4286,0.534777,motorcycle
img_017799.jpg,qrd0208,qrd8834,False,4,0.4286,0.062460,motorcycle
img_017802.jpg,mtx3303,bjx3849,False,5,0.2857,0.007553,motorcycle
img_017803.jpg,mtz5078,mo25524,False,5,0.2857,0.065742,motorcycle
img_017804.jpg,qrc1114,drc5894,False,4,0.4286,0.135575,motorcycle
img_017805.jpg,mqy9394,mox5514,False,5,0.2857,0.267465,motorcycle
img_017806.jpg,dth7551,assh471,False,6,0.1429,0.298488,motorcycle
img_017809.jpg,mtx7170,mixx381,False,5,0.2857,0.009714,motorcycle
img_017810.jpg,odj9689,qd57779,False,5,0.2857,0.047913,motorcycle
img_017814.jpg,odl8131,bri7792,False,7,0.0000,0.238134,motorcycle
img_017818.jpg,mtx7170,ajxx851,False,6,0.1429,0.055927,motorcycle
img_017821.jpg,oyd2830,dyp7788,False,6,0.1429,0.072840,motorcycle
img_017822.jpg,oyk5157,gyk8994,False,5,0.2857,0.236388,motorcycle
img_017823.jpg,mtx3303,mj9329,False,5,0.2857,0.330899,motorcycle
img_017824.jpg,oye8534,dye8854,False,3,0.5714,0.310159,motorcycle
img_017827.jpg,oyk5157,pyk4514,False,4,0.4286,0.344630,motorcycle
img_017828.jpg,msb1362,aasb431,False,5,0.2857,0.260081,motorcycle
img_017829.jpg,oyk5858,dy68384,False,5,0.2857,0.075583,motorcycle
img_017830.jpg,mtx7170,aixx814,False,6,0.1429,0.084313,motorcycle
img_017832.jpg,ppe0196,pig8714,False,6,0.1429,0.046182,motorcycle
img_017833.jpg,mtz0696,mj66788,False,6,0.1429,0.023342,motorcycle
img_017834.jpg,msz1632,ms25344,False,5,0.2857,0.214367,motorcycle
img_017835.jpg,mte0974,aj15788,False,7,0.0000,0.015380,motorcycle
img_017839.jpg,mtx3656,mtx881,False,4,0.4286,0.214686,motorcycle
img_017843.jpg,mtx7170,aixx851,False,6,0.1429,0.126317,motorcycle
img_017845.jpg,odj9689,oby5739,False,5,0.2857,0.144216,motorcycle
img_017848.jpg,mtt3957,edy7231,False,7,0.0000,0.044515,motorcycle
img_017850.jpg,pps1116,pps8584,False,4,0.4286,0.213279,motorcycle
img_017851.jpg,ppc6761,ppc8544,False,4,0.4286,0.479741,motorcycle
img_017852.jpg,oye7983,gy68514,False,6,0.1429,0.288372,motorcycle
img_017857.jpg,ppq1985,pp9779,False,5,0.2857,0.093437,motorcycle
img_017858.jpg,odg5912,gdq4840,False,6,0.1429,0.026762,motorcycle
img_017859.jpg,oyk5157,gyk4914,False,5,0.2857,0.506187,motorcycle
img_017863.jpg,qrd7252,qrd4814,False,4,0.4286,0.245018,motorcycle
img_017864.jpg,msz1632,mbj5314,False,6,0.1429,0.024659,motorcycle
img_017866.jpg,odr2292,ddr8394,False,4,0.4286,0.215484,motorcycle
img_017868.jpg,odl8131,bdj7514,False,6,0.1429,0.263732,motorcycle
img_017869.jpg,mtz0696,mj47880,False,6,0.1429,0.049859,motorcycle
img_017870.jpg,mtx3303,mjx324,False,4,0.4286,0.060992,motorcycle
img_017871.jpg,oyg8958,dy67817,False,6,0.1429,0.086027,motorcycle
img_017878.jpg,odr2292,ddr4291,False,3,0.5714,0.492042,motorcycle
img_017879.jpg,ppp6812,gpp2480,False,5,0.2857,0.073378,motorcycle
img_017880.jpg,ppj7558,psy1884,False,6,0.1429,0.190783,motorcycle
img_017881.jpg,odq4607,qb08834,False,7,0.0000,0.147530,motorcycle
img_017883.jpg,mtx7170,ajxx851,False,6,0.1429,0.127178,motorcycle
img_017885.jpg,mti0948,mi1884,False,5,0.2857,0.111286,motorcycle
img_017886.jpg,mti0948,mi75349,False,5,0.2857,0.191325,motorcycle
img_017887.jpg,mtn5516,mi15514,False,3,0.5714,0.174970,motorcycle
img_017888.jpg,odg5912,od9334,False,5,0.2857,0.039199,motorcycle
img_017889.jpg,odt7616,od677,False,4,0.4286,0.285631,motorcycle
img_017890.jpg,mtx7170,ait0851,False,7,0.0000,0.216561,motorcycle
img_017891.jpg,odg5912,gdq8859,False,6,0.1429,0.086881,motorcycle
img_017892.jpg,ppo2191,epo7884,False,5,0.2857,0.158615,motorcycle
img_017893.jpg,odr2292,ddr4291,False,3,0.5714,0.518718,motorcycle
img_017896.jpg,ppq1973,pp08810,False,5,0.2857,0.263373,motorcycle
img_017898.jpg,msa2099,msa7,False,4,0.4286,0.495999,motorcycle
img_017899.jpg,ods0897,obs5288,False,5,0.2857,0.144815,motorcycle
img_017900.jpg,odg5912,ddg5347,False,4,0.4286,0.057447,motorcycle
img_017901.jpg,mty6860,ebc0291,False,7,0.0000,0.015632,motorcycle
img_017902.jpg,msb1362,mj88429,False,6,0.1429,0.081839,motorcycle
img_017904.jpg,mtx7170,ai20851,False,7,0.0000,0.017491,motorcycle
img_017905.jpg,oye8534,dye8894,False,3,0.5714,0.260754,motorcycle
img_017906.jpg,mtz5078,so72580,False,7,0.0000,0.066985,motorcycle
img_017907.jpg,oyf5493,dy67894,False,5,0.2857,0.133710,motorcycle
img_017908.jpg,oyh0980,oyh8744,False,4,0.4286,0.016972,motorcycle
img_017912.jpg,mqs6436,go58249,False,7,0.0000,0.244127,motorcycle
img_017916.jpg,mtz5078,moz5544,False,4,0.4286,0.099188,motorcycle
img_017922.jpg,ppe5980,eppe788,False,4,0.4286,0.136548,motorcycle
img_017924.jpg,odn9541,odn5894,False,4,0.4286,0.135209,motorcycle
img_017927.jpg,mrz3515,mr78514,False,3,0.5714,0.129015,motorcycle
img_017928.jpg,odr5971,ddr8214,False,5,0.2857,0.405965,motorcycle
img_017931.jpg,odt7616,id1777,False,5,0.2857,0.160241,motorcycle
img_017932.jpg,mtz5078,st78529,False,6,0.1429,0.231545,motorcycle
img_017933.jpg,mtx7170,aitx288,False,6,0.1429,0.005656,motorcycle
img_017937.jpg,pps1706,ppo8840,False,5,0.2857,0.123079,motorcycle
img_017941.jpg,ppj2374,pp48714,False,4,0.4286,0.159582,motorcycle
img_017943.jpg,mtx4192,miz2484,False,6,0.1429,0.140226,motorcycle
img_017944.jpg,msb1362,emsb481,False,5,0.2857,0.488613,motorcycle
img_017945.jpg,odp0125,odp4741,False,4,0.4286,0.280273,motorcycle
img_017946.jpg,odr3327,ddr4314,False,4,0.4286,0.285110,motorcycle
img_017950.jpg,odl8131,bp17584,False,7,0.0000,0.043935,motorcycle
img_017952.jpg,odr5971,ddr8344,False,5,0.2857,0.301674,motorcycle
img_017955.jpg,mtz5078,mo25344,False,5,0.2857,0.247025,motorcycle
img_017957.jpg,mtx4192,mixx891,False,4,0.4286,0.205603,motorcycle
img_017960.jpg,mtx7170,vit0851,False,7,0.0000,0.191084,motorcycle
img_017961.jpg,oyk6072,gox4854,False,7,0.0000,0.104337,motorcycle
img_017963.jpg,mtn5516,ssin331,False,6,0.1429,0.017242,motorcycle
img_017965.jpg,ppo2334,pp08514,False,4,0.4286,0.632496,motorcycle
img_017966.jpg,mtx4192,mixx811,False,5,0.2857,0.150512,motorcycle
img_017967.jpg,mti0948,mif8884,False,5,0.2857,0.024231,motorcycle
img_017969.jpg,mtx7170,zi70870,False,5,0.2857,0.011124,motorcycle
img_017970.jpg,msb9683,mmsp529,False,6,0.1429,0.247254,motorcycle
img_017971.jpg,msz1632,ms7534,False,4,0.4286,0.158320,motorcycle
img_017972.jpg,ovi2792,dyl2384,False,6,0.1429,0.117313,motorcycle
img_017974.jpg,mrf8508,mre7884,False,5,0.2857,0.276729,motorcycle
img_017975.jpg,msb9683,msp5829,False,5,0.2857,0.075627,motorcycle
img_017976.jpg,odp0225,odp2544,False,4,0.4286,0.066674,motorcycle
img_017977.jpg,odp0125,ods4417,False,5,0.2857,0.180534,motorcycle
img_017982.jpg,odt6046,gd18849,False,5,0.2857,0.077511,motorcycle
img_017986.jpg,mtz5078,eo7e524,False,7,0.0000,0.074816,motorcycle
img_017987.jpg,ppj7558,ps97797,False,5,0.2857,0.056795,motorcycle
img_017988.jpg,oye8534,dye8894,False,3,0.5714,0.078208,motorcycle
img_017990.jpg,mtx7170,mi08310,False,5,0.2857,0.091466,motorcycle
img_017991.jpg,mry4953,airy429,False,5,0.2857,0.195527,motorcycle
img_017994.jpg,ppe6007,pppe851,False,5,0.2857,0.712547,motorcycle
img_018000.jpg,odr5971,ddr471,False,3,0.5714,0.309651,motorcycle
img_018002.jpg,odt7618,gdt7884,False,4,0.4286,0.073079,motorcycle
img_018004.jpg,mtx7170,itt6851,False,6,0.1429,0.144211,motorcycle
img_018005.jpg,mrh6221,brr4424,False,5,0.2857,0.209518,motorcycle
img_018007.jpg,mti0948,mi17934,False,5,0.2857,0.046786,motorcycle
img_018009.jpg,oyh0980,uyc0851,False,5,0.2857,0.048809,motorcycle
img_018010.jpg,odt6686,gdt7584,False,4,0.4286,0.146314,motorcycle
img_018014.jpg,ppx9459,ppy271,False,5,0.2857,0.158986,motorcycle
img_018015.jpg,mty1911,hj17534,False,7,0.0000,0.022601,motorcycle
img_018017.jpg,mtx7170,mit8831,False,6,0.1429,0.082780,motorcycle
img_018018.jpg,ppc9946,epc8490,False,5,0.2857,0.119145,motorcycle
img_018020.jpg,mtz5078,moz8524,False,5,0.2857,0.120497,motorcycle
img_018021.jpg,mtx4192,mix4811,False,4,0.4286,0.141028,motorcycle
img_018022.jpg,msb1362,nasb420,False,6,0.1429,0.120376,motorcycle
img_018023.jpg,mtx7170,mix8851,False,5,0.2857,0.148117,motorcycle
img_018026.jpg,pps1706,ppo5881,False,5,0.2857,0.168868,motorcycle
img_018030.jpg,ovk7691,dvk4514,False,5,0.2857,0.153707,motorcycle
img_018031.jpg,oyk5157,dyk4514,False,4,0.4286,0.127683,motorcycle
img_018037.jpg,pps1116,pps8984,False,4,0.4286,0.157912,motorcycle
img_018040.jpg,qrb7981,grb2894,False,5,0.2857,0.386367,motorcycle
img_018041.jpg,mtx7170,iit0851,False,7,0.0000,0.073775,motorcycle
img_018042.jpg,ppb0543,qsp8841,False,6,0.1429,0.205751,motorcycle
img_018044.jpg,mrf8508,bref788,False,5,0.2857,0.122037,motorcycle
img_018048.jpg,mts5164,mi55880,False,5,0.2857,0.063617,motorcycle
img_018050.jpg,odc7498,odc574,False,3,0.5714,0.351019,motorcycle
img_018052.jpg,ppm1734,pp5440,False,5,0.2857,0.071328,motorcycle
img_018053.jpg,mtx7170,iito881,False,7,0.0000,0.020678,motorcycle
img_018054.jpg,mqk5693,mdi2894,False,5,0.2857,0.087055,motorcycle
img_018055.jpg,ppn7788,ppa771,False,3,0.5714,0.255619,motorcycle
img_018056.jpg,mso0446,ms08894,False,5,0.2857,0.262599,motorcycle
img_018057.jpg,ovi1549,oyg5594,False,5,0.2857,0.121577,motorcycle
img_018059.jpg,mth2690,zm75527,False,7,0.0000,0.023917,motorcycle
img_018060.jpg,msb1362,mys8481,False,6,0.1429,0.006378,motorcycle
img_018061.jpg,oyf5493,dy62484,False,5,0.2857,0.148841,motorcycle
img_018064.jpg,msz1632,mbz534,False,4,0.4286,0.147080,motorcycle
img_018067.jpg,ppm2930,ppm851,False,4,0.4286,0.336617,motorcycle
img_018074.jpg,mtx7170,mtx871,False,3,0.5714,0.118114,motorcycle
img_018075.jpg,odn9515,dd48347,False,6,0.1429,0.037701,motorcycle
img_018076.jpg,ppr1686,ipe8851,False,6,0.1429,0.080231,motorcycle
img_018078.jpg,qrd7252,qrd2894,False,4,0.4286,0.150480,motorcycle
img_018080.jpg,odl8131,edi7892,False,6,0.1429,0.317919,motorcycle
img_018082.jpg,mtc2212,myc8519,False,4,0.4286,0.144670,motorcycle
img_018083.jpg,ppv4189,bpa5420,False,6,0.1429,0.383723,motorcycle
img_018086.jpg,mty1911,ij11824,False,6,0.1429,0.028253,motorcycle
img_018089.jpg,odj5604,pd07898,False,6,0.1429,0.019843,motorcycle
img_018090.jpg,odr3327,ddr8514,False,5,0.2857,0.444642,motorcycle
img_018091.jpg,qrd7251,qrd2851,False,2,0.7143,0.107150,motorcycle
img_018092.jpg,oyk5157,ay54992,False,6,0.1429,0.068603,motorcycle
img_018097.jpg,mtz5078,so78589,False,7,0.0000,0.104995,motorcycle
img_018098.jpg,odr4648,qdr8229,False,5,0.2857,0.039130,motorcycle
img_018102.jpg,mtx7170,ittx874,False,5,0.2857,0.118569,motorcycle
img_018104.jpg,ocy0644,ocyx341,False,3,0.5714,0.068754,motorcycle
img_018112.jpg,mtx4192,aitx591,False,5,0.2857,0.049347,motorcycle
img_018114.jpg,ppk8700,ppo2893,False,5,0.2857,0.012544,motorcycle
img_018118.jpg,msz1632,ms7534,False,4,0.4286,0.249767,motorcycle
img_018120.jpg,oyd2826,dyp7891,False,5,0.2857,0.099961,motorcycle
img_018121.jpg,odr2292,ddr4211,False,4,0.4286,0.127069,motorcycle
img_018122.jpg,msk5076,fos6749,False,7,0.0000,0.030013,motorcycle
img_018123.jpg,mtx7170,ittx871,False,5,0.2857,0.138491,motorcycle
img_018125.jpg,mtx7170,mixx551,False,5,0.2857,0.024092,motorcycle
img_018127.jpg,msz1632,ms2534,False,4,0.4286,0.328859,motorcycle
img_018128.jpg,odj5604,gdy8584,False,5,0.2857,0.207201,motorcycle
img_018129.jpg,mru5943,mru7892,False,4,0.4286,0.349353,motorcycle
img_018132.jpg,ppm5173,epi4798,False,6,0.1429,0.178461,motorcycle
img_018134.jpg,ppp3359,ppg8514,False,5,0.2857,0.094616,motorcycle
img_018136.jpg,mqh2561,esg1489,False,7,0.0000,0.028169,motorcycle
img_018137.jpg,odt3835,bbi7714,False,7,0.0000,0.073988,motorcycle
img_018139.jpg,ppq1985,ip98514,False,5,0.2857,0.054269,motorcycle
img_018140.jpg,pps9620,pp52380,False,4,0.4286,0.088500,motorcycle
img_018141.jpg,mtx7170,itxx841,False,5,0.2857,0.023492,motorcycle
img_018143.jpg,odl8131,bdi7714,False,6,0.1429,0.094569,motorcycle
img_018144.jpg,ppm5173,epm891,False,5,0.2857,0.243145,motorcycle
img_018147.jpg,mrh6221,mpw4299,False,5,0.2857,0.090756,motorcycle
img_018148.jpg,ppi2609,zep9881,False,7,0.0000,0.147371,motorcycle
img_018151.jpg,msb9683,mb88229,False,6,0.1429,0.034994,motorcycle
img_018152.jpg,mpv8198,mpv8349,False,3,0.5714,0.389655,motorcycle
img_018158.jpg,mtx7170,aty8510,False,5,0.2857,0.009220,motorcycle
img_018159.jpg,ppn7788,ppn7880,False,2,0.7143,0.209663,motorcycle
img_018161.jpg,odt6046,gq18899,False,7,0.0000,0.127036,motorcycle
img_018163.jpg,mtx3303,mjx329,False,4,0.4286,0.105179,motorcycle
img_018164.jpg,odr4648,odr8289,False,4,0.4286,0.065148,motorcycle
img_018166.jpg,msb9683,mb85334,False,5,0.2857,0.096094,motorcycle
img_018168.jpg,pwy5444,cwy854,False,4,0.4286,0.137540,motorcycle
img_018169.jpg,ppy6301,gpy8984,False,5,0.2857,0.532822,motorcycle
img_018170.jpg,msk5541,f558244,False,6,0.1429,0.035461,motorcycle
img_018171.jpg,oyh6993,dyh7892,False,4,0.4286,0.028917,motorcycle
img_018172.jpg,ode2129,qd97840,False,6,0.1429,0.039870,motorcycle
img_018173.jpg,mtx3303,mj9322,False,5,0.2857,0.149255,motorcycle
img_018174.jpg,ppi2601,pp17890,False,5,0.2857,0.081712,motorcycle
img_018178.jpg,oyj2555,dy18914,False,6,0.1429,0.069389,motorcycle
img_018179.jpg,msb9683,mmsp584,False,5,0.2857,0.065782,motorcycle
img_018181.jpg,ppx1197,ppy494,False,4,0.4286,0.341323,motorcycle
img_018182.jpg,msb1362,mmsb429,False,5,0.2857,0.383088,motorcycle
img_018183.jpg,pps9620,pps2980,False,3,0.5714,0.199758,motorcycle
img_018185.jpg,mqq4694,moi1859,False,6,0.1429,0.111768,motorcycle
img_018186.jpg,odr5971,ddr8314,False,5,0.2857,0.546419,motorcycle
img_018188.jpg,mtx3303,mt9384,False,4,0.4286,0.097930,motorcycle
img_018190.jpg,mtx7170,myx831,False,5,0.2857,0.018635,motorcycle
img_018192.jpg,ppy6491,gepy851,False,5,0.2857,0.087846,motorcycle
img_018193.jpg,ovk7691,dv65514,False,6,0.1429,0.180528,motorcycle
img_018195.jpg,mrd1456,mrd5770,False,4,0.4286,0.123571,motorcycle
img_018196.jpg,odr4648,qd15529,False,6,0.1429,0.040563,motorcycle
img_018197.jpg,qrd2937,drd2892,False,4,0.4286,0.214339,motorcycle
img_018198.jpg,mtx4192,midx521,False,6,0.1429,0.014451,motorcycle
img_018199.jpg,ppy6861,gpy8514,False,4,0.4286,0.720951,motorcycle
img_018200.jpg,mtx7170,mt25347,False,5,0.2857,0.106323,motorcycle
img_018202.jpg,mru6781,mru8814,False,3,0.5714,0.343687,motorcycle
img_018203.jpg,odt6046,got7848,False,5,0.2857,0.079619,motorcycle
img_018206.jpg,odr5971,ddr4319,False,5,0.2857,0.030032,motorcycle
img_018207.jpg,odr4648,qd68544,False,5,0.2857,0.046299,motorcycle
img_018209.jpg,mrk8390,arw5349,False,5,0.2857,0.080908,motorcycle
img_018210.jpg,msb9683,mhs8534,False,6,0.1429,0.050503,motorcycle
img_018211.jpg,odt5939,od9824,False,5,0.2857,0.152523,motorcycle
img_018212.jpg,ppv2708,ppy841,False,5,0.2857,0.124339,motorcycle
img_018213.jpg,ovi0710,dyo4884,False,7,0.0000,0.106227,motorcycle
img_018214.jpg,ppl9553,py57894,False,6,0.1429,0.168333,motorcycle
img_018216.jpg,mte0987,mic4381,False,5,0.2857,0.022225,motorcycle
img_018217.jpg,ppv5188,ppy2884,False,4,0.4286,0.170131,motorcycle
img_018218.jpg,mtx7170,mt25344,False,5,0.2857,0.069593,motorcycle
img_018221.jpg,mtx4192,mijx899,False,5,0.2857,0.033881,motorcycle
img_018222.jpg,mtx7170,myx851,False,5,0.2857,0.221041,motorcycle
img_018223.jpg,odl0291,od95894,False,4,0.4286,0.081242,motorcycle
img_018225.jpg,mtx7170,ato8514,False,6,0.1429,0.475988,motorcycle
img_018228.jpg,mtz5078,sot2584,False,6,0.1429,0.078837,motorcycle
img_018229.jpg,msb9683,msp5249,False,5,0.2857,0.265903,motorcycle
img_018230.jpg,mtx7170,ivix831,False,7,0.0000,0.010531,motorcycle
img_018232.jpg,mtx4192,midx524,False,6,0.1429,0.036299,motorcycle
img_018234.jpg,ppk8700,byp0881,False,6,0.1429,0.206987,motorcycle
img_018240.jpg,odt3706,dio6882,False,7,0.0000,0.124200,motorcycle
img_018242.jpg,ppi2609,pp97791,False,5,0.2857,0.030747,motorcycle
img_018243.jpg,mtx7170,ittx831,False,6,0.1429,0.074697,motorcycle
img_018244.jpg,ods5968,pd88224,False,6,0.1429,0.043100,motorcycle
img_018245.jpg,ods5406,dds8344,False,5,0.2857,0.044878,motorcycle
img_018247.jpg,mtx3303,mj93729,False,5,0.2857,0.199788,motorcycle
img_018248.jpg,mrz9228,mrz7880,False,4,0.4286,0.272268,motorcycle
img_018249.jpg,mtx7170,zio5314,False,7,0.0000,0.020901,motorcycle
img_018250.jpg,odr5971,ddr8214,False,5,0.2857,0.158332,motorcycle
img_018253.jpg,mtx3303,mj9329,False,5,0.2857,0.425352,motorcycle
img_018258.jpg,mtw4082,cibi278,False,7,0.0000,0.092906,motorcycle
img_018260.jpg,ovi2796,zy64514,False,7,0.0000,0.093781,motorcycle
img_018262.jpg,mtx7170,mix0514,False,5,0.2857,0.010909,motorcycle
img_018263.jpg,msz1632,ms25314,False,5,0.2857,0.272611,motorcycle
img_018264.jpg,ppk8700,byo6859,False,7,0.0000,0.020997,motorcycle
img_018267.jpg,mtx7170,itt6831,False,6,0.1429,0.020120,motorcycle
img_018270.jpg,mtz0696,mj77894,False,5,0.2857,0.049923,motorcycle
img_018271.jpg,odj2901,q901871,False,6,0.1429,0.092559,motorcycle
img_018272.jpg,mtz5078,mote534,False,5,0.2857,0.204527,motorcycle
img_018273.jpg,ppq9375,ppy888,False,5,0.2857,0.256322,motorcycle
img_018276.jpg,ppe5980,epe8714,False,5,0.2857,0.169636,motorcycle
img_018278.jpg,odr4648,qd15779,False,6,0.1429,0.060553,motorcycle
img_018279.jpg,odr3327,ddr4344,False,4,0.4286,0.229504,motorcycle
img_018281.jpg,ppb4183,ppb7794,False,4,0.4286,0.283560,motorcycle
img_018282.jpg,ocx2147,dc54344,False,5,0.2857,0.150622,motorcycle
img_018283.jpg,odr5971,ddr4317,False,5,0.2857,0.096095,motorcycle
img_018285.jpg,ppx9459,ppy4914,False,5,0.2857,0.433838,motorcycle
img_018286.jpg,ppi6013,gop1789,False,7,0.0000,0.052968,motorcycle
img_018289.jpg,msz1632,ms2534,False,4,0.4286,0.221866,motorcycle
img_018290.jpg,ppl2161,epl7984,False,5,0.2857,0.021188,motorcycle
img_018295.jpg,odr4648,qd15244,False,5,0.2857,0.030075,motorcycle
img_018296.jpg,mtx7170,zio5514,False,7,0.0000,0.059561,motorcycle
img_018297.jpg,ppl0616,ppi6794,False,5,0.2857,0.226884,motorcycle
img_018298.jpg,mtz5078,eot2524,False,6,0.1429,0.077135,motorcycle
img_018300.jpg,odr5971,ddr4214,False,5,0.2857,0.449257,motorcycle
img_018301.jpg,odr4648,od14789,False,4,0.4286,0.067727,motorcycle
img_018305.jpg,odc7498,qdc584,False,5,0.2857,0.758241,motorcycle
img_018307.jpg,mtx3303,mj53729,False,5,0.2857,0.125355,motorcycle
img_018310.jpg,ppb4271,ppp7871,False,3,0.5714,0.073938,motorcycle
img_018311.jpg,mtx7170,mix8310,False,4,0.4286,0.025858,motorcycle
img_018315.jpg,oye8534,dye7894,False,4,0.4286,0.163552,motorcycle
img_018318.jpg,mro1108,mbo2882,False,5,0.2857,0.183419,motorcycle
img_018319.jpg,mtx7170,zix0831,False,6,0.1429,0.067202,motorcycle
img_018323.jpg,qrd7251,prij880,False,6,0.1429,0.010247,motorcycle
img_018326.jpg,mtx7170,mix0531,False,5,0.2857,0.045161,motorcycle
img_018327.jpg,ovi6547,gs14851,False,7,0.0000,0.114764,motorcycle
img_018330.jpg,qrb8036,bdb7870,False,6,0.1429,0.176891,motorcycle
img_018331.jpg,ntn0127,oit2783,False,7,0.0000,0.144404,motorcycle
img_018332.jpg,ppl2161,epp4594,False,6,0.1429,0.156032,motorcycle
img_018335.jpg,mrh7545,mb48894,False,6,0.1429,0.052850,motorcycle
img_018337.jpg,mtx7170,zio5334,False,7,0.0000,0.151738,motorcycle
img_018338.jpg,ppo2191,ppo8714,False,4,0.4286,0.216934,motorcycle
img_018341.jpg,oyf5493,dyf2894,False,4,0.4286,0.335126,motorcycle
img_018345.jpg,mtx3303,mj9729,False,6,0.1429,0.195893,motorcycle
img_018346.jpg,ods5406,qd08774,False,6,0.1429,0.045842,motorcycle
img_018347.jpg,odg5912,ddg8810,False,4,0.4286,0.056778,motorcycle
img_018348.jpg,mtx7170,mio5321,False,6,0.1429,0.012855,motorcycle
img_018351.jpg,ppm5173,ppm894,False,4,0.4286,0.222877,motorcycle
img_018355.jpg,ppc6761,bpc7892,False,5,0.2857,0.122817,motorcycle
img_018356.jpg,odr4648,qdr8244,False,4,0.4286,0.084840,motorcycle
img_018359.jpg,mtx7170,iit0533,False,7,0.0000,0.020386,motorcycle
img_018360.jpg,odr4648,odr8281,False,4,0.4286,0.044893,motorcycle
img_018363.jpg,mtx7170,iito551,False,7,0.0000,0.044928,motorcycle
img_018366.jpg,mtx3303,mj93229,False,5,0.2857,0.068152,motorcycle
img_018367.jpg,mtx7170,myc870,False,4,0.4286,0.173236,motorcycle
img_018369.jpg,ppl2161,pp18514,False,5,0.2857,0.161627,motorcycle
img_018371.jpg,qrb7981,grb8894,False,5,0.2857,0.282519,motorcycle
img_018372.jpg,mqu8788,bou882,False,4,0.4286,0.085232,motorcycle
img_018373.jpg,ppx1197,ppy8914,False,5,0.2857,0.376657,motorcycle
img_018374.jpg,odt7618,od18899,False,5,0.2857,0.267225,motorcycle
img_018375.jpg,odr2292,ddd4290,False,4,0.4286,0.061924,motorcycle
img_018377.jpg,odg5912,odg5349,False,3,0.5714,0.260269,motorcycle
img_018378.jpg,mqh2561,ms11888,False,6,0.1429,0.079323,motorcycle
img_018381.jpg,ppu0071,ppu1894,False,4,0.4286,0.197564,motorcycle
img_018382.jpg,odt6046,go11858,False,7,0.0000,0.135553,motorcycle
img_018383.jpg,odr2292,ddr8344,False,5,0.2857,0.219206,motorcycle
img_018385.jpg,odg5912,gdq8344,False,6,0.1429,0.016605,motorcycle
img_018389.jpg,mtz5078,mo78524,False,6,0.1429,0.163853,motorcycle
img_018390.jpg,odg5912,gd95344,False,5,0.2857,0.026633,motorcycle
img_018391.jpg,mtx7170,zit0534,False,7,0.0000,0.024977,motorcycle
img_018392.jpg,mtx7170,ityx831,False,6,0.1429,0.040940,motorcycle
img_018393.jpg,oyi8637,dv72517,False,6,0.1429,0.083131,motorcycle
img_018395.jpg,odr2292,ddr4291,False,3,0.5714,0.262584,motorcycle
img_018396.jpg,qrd3839,pr92488,False,6,0.1429,0.084653,motorcycle
img_018398.jpg,msz1632,ms25344,False,5,0.2857,0.058355,motorcycle
img_018399.jpg,odr4281,ddr4291,False,2,0.7143,0.478927,motorcycle
img_018400.jpg,odr4648,qdr8229,False,5,0.2857,0.020915,motorcycle
img_018404.jpg,odr5971,ddr4241,False,4,0.4286,0.076487,motorcycle
img_018410.jpg,mtz5078,eote534,False,6,0.1429,0.095431,motorcycle
img_018414.jpg,mtz0696,mj27384,False,6,0.1429,0.067022,motorcycle
img_018415.jpg,odl8131,bp17794,False,7,0.0000,0.036687,motorcycle
img_018416.jpg,odr5971,ddr4291,False,4,0.4286,0.324993,motorcycle
img_018417.jpg,mtx4192,mix4884,False,4,0.4286,0.187073,motorcycle
img_018418.jpg,mtz0696,mj77894,False,5,0.2857,0.492647,motorcycle
img_018419.jpg,mtx7170,iitx578,False,5,0.2857,0.061181,motorcycle
img_018421.jpg,kzi9639,vz99894,False,5,0.2857,0.176909,motorcycle
img_018422.jpg,mtx4192,midx891,False,5,0.2857,0.094072,motorcycle
img_018423.jpg,mtx7170,mt25349,False,5,0.2857,0.034755,motorcycle
img_018428.jpg,mtx7170,mix8344,False,5,0.2857,0.044528,motorcycle
img_018429.jpg,msz1632,ms25349,False,5,0.2857,0.295107,motorcycle
img_018432.jpg,odr4648,odr4229,False,3,0.5714,0.097327,motorcycle
img_018435.jpg,msz1632,mms7534,False,5,0.2857,0.063975,motorcycle
img_018436.jpg,mtz5078,so73584,False,7,0.0000,0.036999,motorcycle
img_018437.jpg,mtx3303,mt9329,False,4,0.4286,0.248682,motorcycle
img_018440.jpg,odr5971,ddr424,False,5,0.2857,0.381602,motorcycle
img_018441.jpg,msb9683,mmsp529,False,6,0.1429,0.133878,motorcycle
img_018444.jpg,mtz5078,eote784,False,6,0.1429,0.067948,motorcycle
img_018449.jpg,mtx7170,mt2554,False,5,0.2857,0.063480,motorcycle
img_018451.jpg,ppq7171,ppo8714,False,4,0.4286,0.356875,motorcycle
img_018453.jpg,mtx3303,mt3329,False,3,0.5714,0.435255,motorcycle
img_018457.jpg,odt7618,odj7859,False,4,0.4286,0.500033,motorcycle
img_018459.jpg,mrk2241,mr55544,False,4,0.4286,0.595925,motorcycle
img_018461.jpg,odr4281,apr5229,False,5,0.2857,0.084212,motorcycle
img_018462.jpg,odr5971,ddr8244,False,5,0.2857,0.079961,motorcycle
img_018464.jpg,odt7622,od7774,False,4,0.4286,0.253511,motorcycle
img_018467.jpg,mtx7170,mtx8514,False,4,0.4286,0.292845,motorcycle
img_018468.jpg,odr4281,ddr4299,False,3,0.5714,0.548930,motorcycle
img_018470.jpg,ppv2597,ppy8514,False,4,0.4286,0.130015,motorcycle
img_018473.jpg,oyk5858,dy68514,False,5,0.2857,0.109606,motorcycle
img_018478.jpg,ppy0590,psy4892,False,4,0.4286,0.188136,motorcycle
img_018479.jpg,mtx7170,mic8314,False,6,0.1429,0.041574,motorcycle
img_018481.jpg,gzz8751,gz57514,False,3,0.5714,0.233038,motorcycle
img_018482.jpg,odr5971,ddr4291,False,4,0.4286,0.295703,motorcycle
img_018486.jpg,ode2129,qde5729,False,3,0.5714,0.076896,motorcycle
img_018487.jpg,ppc6761,bpc5594,False,5,0.2857,0.166158,motorcycle
img_018488.jpg,odr5971,ddr4291,False,4,0.4286,0.485177,motorcycle
img_018489.jpg,odm6783,od95747,False,4,0.4286,0.076057,motorcycle
img_018490.jpg,odt6046,qdi8898,False,6,0.1429,0.050091,motorcycle
img_018491.jpg,odq3758,od88889,False,5,0.2857,0.035425,motorcycle
img_018493.jpg,ppn7788,pp0241,False,5,0.2857,0.060462,motorcycle
img_018496.jpg,ppc8676,ppc4747,False,4,0.4286,0.203440,motorcycle
img_018497.jpg,odt7622,od74479,False,5,0.2857,0.056119,motorcycle
img_018500.jpg,mtx4192,mixx814,False,5,0.2857,0.040273,motorcycle
img_018501.jpg,oyd3422,byp2798,False,6,0.1429,0.065458,motorcycle
img_018504.jpg,ppk8607,ppv8584,False,4,0.4286,0.411538,motorcycle
img_018505.jpg,ppr1686,ippr851,False,5,0.2857,0.280938,motorcycle
img_018506.jpg,odt6046,got7892,False,6,0.1429,0.166080,motorcycle
img_018509.jpg,msz1632,ms25349,False,5,0.2857,0.410476,motorcycle
img_018511.jpg,msb1362,emsb484,False,5,0.2857,0.152938,motorcycle
img_018512.jpg,odt6046,qdi7838,False,6,0.1429,0.021302,motorcycle
img_018513.jpg,msb1362,msp4899,False,5,0.2857,0.238784,motorcycle
img_018516.jpg,odt6046,go18759,False,7,0.0000,0.057432,motorcycle
img_018518.jpg,msb1362,mas2288,False,6,0.1429,0.060530,motorcycle
img_018521.jpg,odt6046,go17899,False,7,0.0000,0.099129,motorcycle
img_018523.jpg,odr5971,ddr8214,False,5,0.2857,0.200725,motorcycle
img_018524.jpg,msb1362,masb481,False,5,0.2857,0.145925,motorcycle
img_018525.jpg,odr4648,odr4789,False,3,0.5714,0.275008,motorcycle
img_018526.jpg,mtx7170,mixx314,False,5,0.2857,0.078271,motorcycle
img_018530.jpg,ppq9375,ppi8890,False,5,0.2857,0.196197,motorcycle
img_018531.jpg,mqh2561,mo17884,False,6,0.1429,0.151904,motorcycle
img_018532.jpg,ppv2570,pso0851,False,6,0.1429,0.077666,motorcycle
img_018534.jpg,msb1362,mas8228,False,6,0.1429,0.168774,motorcycle
img_018535.jpg,odk0046,od68899,False,5,0.2857,0.210050,motorcycle
img_018537.jpg,mtx3303,mt3779,False,4,0.4286,0.215714,motorcycle
img_018538.jpg,ovj2513,dy37599,False,6,0.1429,0.044362,motorcycle
img_018540.jpg,qrd3846,brd2514,False,5,0.2857,0.250625,motorcycle
img_018541.jpg,msz1632,ms2534,False,4,0.4286,0.609898,motorcycle
img_018544.jpg,odr2292,ddr4291,False,3,0.5714,0.358062,motorcycle
img_018545.jpg,mtx7170,zix0314,False,6,0.1429,0.007378,motorcycle
img_018547.jpg,qrb1638,vrb7889,False,5,0.2857,0.048891,motorcycle
img_018548.jpg,ovj2513,dy37892,False,7,0.0000,0.075222,motorcycle
img_018549.jpg,msz1632,msz3344,False,4,0.4286,0.193497,motorcycle
img_018551.jpg,odf0749,odf5249,False,2,0.7143,0.509547,motorcycle
img_018552.jpg,ppw3684,ppw8944,False,3,0.5714,0.578560,motorcycle
img_018553.jpg,mtx3303,mt9329,False,4,0.4286,0.563408,motorcycle
img_018554.jpg,odt6046,gd18898,False,6,0.1429,0.035696,motorcycle
img_018556.jpg,ovj2513,dy35590,False,6,0.1429,0.084253,motorcycle
img_018557.jpg,msz1632,ms25344,False,5,0.2857,0.450194,motorcycle
img_018559.jpg,ppj9355,apy2884,False,6,0.1429,0.064255,motorcycle
img_018560.jpg,ovj2513,dy37792,False,7,0.0000,0.095982,motorcycle
img_018562.jpg,mrd1456,nrd4771,False,5,0.2857,0.143221,motorcycle
img_018563.jpg,msb1362,emsb488,False,5,0.2857,0.213386,motorcycle
img_018564.jpg,ppj5012,poi2759,False,6,0.1429,0.234941,motorcycle
img_018565.jpg,mqd3519,mo18544,False,5,0.2857,0.214950,motorcycle
img_018568.jpg,qrb1638,iri1789,False,5,0.2857,0.118461,motorcycle
img_018569.jpg,msp2087,eosp422,False,6,0.1429,0.065813,motorcycle
img_018570.jpg,odr5971,ddr4291,False,4,0.4286,0.636580,motorcycle
img_018573.jpg,ppw3684,pg91854,False,5,0.2857,0.072417,motorcycle
img_018574.jpg,ppn7788,ppa777,False,3,0.5714,0.146389,motorcycle
img_018575.jpg,msp2087,zysp222,False,5,0.2857,0.021843,motorcycle
img_018576.jpg,mtx3303,bj3329,False,5,0.2857,0.130363,motorcycle
img_018577.jpg,mtx4192,witx484,False,5,0.2857,0.104075,motorcycle
img_018579.jpg,odr5971,ddr4214,False,5,0.2857,0.374893,motorcycle
img_018581.jpg,odl8131,ori1792,False,6,0.1429,0.045241,motorcycle
img_018582.jpg,odr2292,ddd4291,False,4,0.4286,0.159577,motorcycle
img_018585.jpg,ppo2334,pp08514,False,4,0.4286,0.696438,motorcycle
img_018587.jpg,msp2087,eosp288,False,4,0.4286,0.093125,motorcycle
img_018588.jpg,odr4648,odr8781,False,4,0.4286,0.100932,motorcycle
img_018590.jpg,odf0749,odc5349,False,3,0.5714,0.167691,motorcycle
img_018591.jpg,odt6727,opt7890,False,5,0.2857,0.065749,motorcycle
img_018592.jpg,odf0749,odc5349,False,3,0.5714,0.340295,motorcycle
img_018593.jpg,odr2292,ddr4291,False,3,0.5714,0.416142,motorcycle
img_018594.jpg,msp2087,mop7799,False,5,0.2857,0.057145,motorcycle
img_018599.jpg,odh5452,dd24744,False,6,0.1429,0.101829,motorcycle
img_018600.jpg,msz1632,mm32530,False,5,0.2857,0.013875,motorcycle
img_018601.jpg,mta5460,mta8984,False,4,0.4286,0.366188,motorcycle
img_018604.jpg,odt6046,gd18898,False,6,0.1429,0.098550,motorcycle
img_018607.jpg,mrx1438,ixpy488,False,5,0.2857,0.047883,motorcycle
img_018608.jpg,odr5971,ddr4214,False,5,0.2857,0.396626,motorcycle
img_018609.jpg,ppm4442,pp98514,False,5,0.2857,0.227397,motorcycle
img_018615.jpg,ppq1450,ppo8874,False,5,0.2857,0.142651,motorcycle
img_018618.jpg,ppl7860,pp1870,False,3,0.5714,0.115672,motorcycle
img_018619.jpg,qrd7245,qrd7892,False,3,0.5714,0.232174,motorcycle
img_018620.jpg,odr4648,qd1779,False,6,0.1429,0.118547,motorcycle
img_018621.jpg,odk0046,odk7859,False,4,0.4286,0.104434,motorcycle
img_018624.jpg,odh5452,qd18744,False,6,0.1429,0.012088,motorcycle
img_018625.jpg,oyk5858,dv6851,False,5,0.2857,0.276187,motorcycle
img_018627.jpg,mts7249,mz58480,False,6,0.1429,0.107724,motorcycle
img_018628.jpg,msb9683,mbsb581,False,4,0.4286,0.110818,motorcycle
img_018629.jpg,odi6064,go15429,False,7,0.0000,0.070281,motorcycle
img_018630.jpg,ocy7077,qcy4554,False,5,0.2857,0.098134,motorcycle
img_018631.jpg,odr5971,ddr4291,False,4,0.4286,0.247855,motorcycle
img_018633.jpg,jjc7757,ij57859,False,4,0.4286,0.098188,motorcycle
img_018634.jpg,jjm1920,ij10871,False,6,0.1429,0.142065,motorcycle
img_018635.jpg,odi6064,goo1434,False,6,0.1429,0.287248,motorcycle
img_018636.jpg,ppm2930,pp02880,False,3,0.5714,0.197527,motorcycle
img_018637.jpg,odr4648,qd15729,False,6,0.1429,0.074881,motorcycle
img_018638.jpg,mtp4022,mt24429,False,3,0.5714,0.042470,motorcycle
img_018639.jpg,pyo7556,pyo8894,False,4,0.4286,0.383147,motorcycle
img_018640.jpg,odr5971,gdr8314,False,5,0.2857,0.198155,motorcycle
img_018641.jpg,mtx3303,mj9324,False,5,0.2857,0.093146,motorcycle
img_018646.jpg,mtq4574,mmi4488,False,5,0.2857,0.105360,motorcycle
img_018647.jpg,odr4648,qdr8779,False,5,0.2857,0.031956,motorcycle
img_018649.jpg,ppo2162,bp97892,False,5,0.2857,0.048214,motorcycle
img_018652.jpg,odr5971,gdr4249,False,5,0.2857,0.065076,motorcycle
img_018653.jpg,msb9683,msp5249,False,5,0.2857,0.433493,motorcycle
img_018655.jpg,jjc7757,ij57892,False,5,0.2857,0.297365,motorcycle
img_018658.jpg,jjm1920,ij00788,False,6,0.1429,0.332589,motorcycle
img_018659.jpg,jjc7757,ii56489,False,7,0.0000,0.061444,motorcycle
img_018660.jpg,ovj2515,dy18514,False,5,0.2857,0.189734,motorcycle
img_018661.jpg,qrb1638,trp8789,False,6,0.1429,0.120356,motorcycle
img_018662.jpg,mrk2241,mr45344,False,4,0.4286,0.082052,motorcycle
img_018663.jpg,jjm1920,ijp0851,False,6,0.1429,0.139129,motorcycle
img_018666.jpg,ltk5452,etk4994,False,5,0.2857,0.265204,motorcycle
img_018667.jpg,odr5971,ddr4241,False,4,0.4286,0.078123,motorcycle
img_018668.jpg,odh5452,gd55749,False,5,0.2857,0.103802,motorcycle
img_018671.jpg,msb1362,masb429,False,5,0.2857,0.242160,motorcycle
img_018676.jpg,ppx9459,ppy2249,False,4,0.4286,0.079396,motorcycle
img_018677.jpg,mtx3303,mi33389,False,4,0.4286,0.049498,motorcycle
img_018679.jpg,ovl6577,dv1471,False,5,0.2857,0.263126,motorcycle
img_018680.jpg,msz1632,ms2424,False,5,0.2857,0.350657,motorcycle
img_018682.jpg,ppj7558,ps11789,False,6,0.1429,0.012901,motorcycle
img_018684.jpg,ppv2708,ppo7840,False,5,0.2857,0.281782,motorcycle
img_018685.jpg,qrd7251,drd2880,False,5,0.2857,0.145052,motorcycle
img_018689.jpg,mtv0751,ct55421,False,5,0.2857,0.046798,motorcycle
img_018694.jpg,lql2753,loi7884,False,6,0.1429,0.047205,motorcycle
img_018696.jpg,odt9878,qbit788,False,5,0.2857,0.225344,motorcycle
img_018699.jpg,ppx9463,ppy8984,False,5,0.2857,0.567264,motorcycle
img_018700.jpg,ppt5189,pp77792,False,5,0.2857,0.181490,motorcycle
img_018704.jpg,msb1362,aisb288,False,6,0.1429,0.063946,motorcycle
img_018705.jpg,ppx8483,ppy5880,False,4,0.4286,0.182967,motorcycle
img_018706.jpg,odg0036,oog7892,False,5,0.2857,0.245486,motorcycle
img_018709.jpg,odi2928,co11878,False,6,0.1429,0.060888,motorcycle
img_018714.jpg,mtg9119,gif5349,False,6,0.1429,0.350831,motorcycle
img_018716.jpg,msr6872,bby2480,False,7,0.0000,0.139407,motorcycle
img_018718.jpg,ppk0137,pps7471,False,5,0.2857,0.243891,motorcycle
img_018721.jpg,odt9878,od18594,False,5,0.2857,0.038547,motorcycle
img_018724.jpg,oyk9477,oyk8389,False,4,0.4286,0.069301,motorcycle
img_018733.jpg,msb1362,aas8248,False,7,0.0000,0.081645,motorcycle
img_018734.jpg,mqv2901,mov4247,False,5,0.2857,0.185496,motorcycle
img_018738.jpg,msb9683,ghsb583,False,4,0.4286,0.126917,motorcycle
img_018742.jpg,mrh7545,mr45880,False,5,0.2857,0.221051,motorcycle
img_018743.jpg,mtz2261,bz77482,False,7,0.0000,0.141228,motorcycle
img_018744.jpg,mtz2261,bj62838,False,6,0.1429,0.226878,motorcycle
img_018749.jpg,mtz2261,bji7838,False,7,0.0000,0.027242,motorcycle
img_018750.jpg,ppv4218,apiv888,False,5,0.2857,0.093397,motorcycle
img_018751.jpg,mtz2261,mj47884,False,6,0.1429,0.030300,motorcycle
img_018753.jpg,msj3646,ms48892,False,5,0.2857,0.096651,motorcycle
img_018757.jpg,ppv8421,ppy2884,False,5,0.2857,0.198388,motorcycle
img_018760.jpg,ppj2374,bb24930,False,7,0.0000,0.085668,motorcycle
img_018764.jpg,pph0362,pph7880,False,4,0.4286,0.051432,motorcycle
img_018767.jpg,mtz2261,mi65380,False,6,0.1429,0.063881,motorcycle
img_018769.jpg,odr5971,gdr4899,False,5,0.2857,0.162551,motorcycle
img_018774.jpg,qrd0144,ord4841,False,4,0.4286,0.547655,motorcycle
img_018776.jpg,mqj9617,moi7788,False,6,0.1429,0.203369,motorcycle
img_018777.jpg,mtz2261,mz67384,False,6,0.1429,0.172278,motorcycle
img_018781.jpg,msl9949,ms15529,False,4,0.4286,0.104828,motorcycle
img_018787.jpg,ppx9463,pp35880,False,5,0.2857,0.265881,motorcycle
img_018789.jpg,ppl0556,ppi7384,False,5,0.2857,0.247237,motorcycle
img_018790.jpg,mqx3311,mox2850,False,5,0.2857,0.095271,motorcycle
img_018792.jpg,msb9683,mb59582,False,4,0.4286,0.021877,motorcycle
img_018793.jpg,odh6465,gd65778,False,6,0.1429,0.604745,motorcycle
img_018796.jpg,odq2180,qd02721,False,5,0.2857,0.084954,motorcycle
img_018798.jpg,mqi9518,gs19772,False,6,0.1429,0.080352,motorcycle
img_018800.jpg,ppx9463,ppy8514,False,5,0.2857,0.344989,motorcycle
img_018802.jpg,oyk9561,dy62384,False,6,0.1429,0.196811,motorcycle
img_018805.jpg,pps8803,bpp8788,False,5,0.2857,0.215687,motorcycle
img_018807.jpg,ppx9463,ppy2884,False,5,0.2857,0.256993,motorcycle
img_018808.jpg,mtb7542,mj28891,False,6,0.1429,0.023460,motorcycle
img_018811.jpg,mtz2261,bz67738,False,7,0.0000,0.281998,motorcycle
img_018826.jpg,odi2919,zd18999,False,4,0.4286,0.060017,motorcycle
img_018828.jpg,mtz2261,bz67488,False,7,0.0000,0.207956,motorcycle
img_018829.jpg,mtz2261,mz77880,False,6,0.1429,0.152498,motorcycle
img_018830.jpg,odh6465,od65799,False,5,0.2857,0.354523,motorcycle
img_018832.jpg,odc1543,odc7838,False,4,0.4286,0.316539,motorcycle
img_018833.jpg,mtj4096,aqu1879,False,7,0.0000,0.031135,motorcycle
img_018837.jpg,odh6465,gd67779,False,6,0.1429,0.417225,motorcycle
img_018838.jpg,odg0036,oog4898,False,5,0.2857,0.178444,motorcycle
img_018839.jpg,odi2919,dij2384,False,5,0.2857,0.190121,motorcycle
img_018840.jpg,odr2292,ddj4390,False,5,0.2857,0.073688,motorcycle
img_018843.jpg,mtx4192,mix8840,False,5,0.2857,0.287229,motorcycle
img_018844.jpg,mtz2261,mz77880,False,6,0.1429,0.054900,motorcycle
img_018849.jpg,mrh7545,mr47880,False,4,0.4286,0.170456,motorcycle
img_018852.jpg,msj3646,fs48899,False,6,0.1429,0.019012,motorcycle
img_018855.jpg,mtz2261,mz77884,False,6,0.1429,0.076154,motorcycle
img_018860.jpg,qrd0144,drd2890,False,5,0.2857,0.117040,motorcycle
img_018861.jpg,ppl0556,ppiz788,False,5,0.2857,0.364338,motorcycle
img_018865.jpg,mtz2261,mtz7884,False,4,0.4286,0.107759,motorcycle
img_018868.jpg,mtv3334,mt7889,False,5,0.2857,0.051967,motorcycle
img_018870.jpg,odi5475,pdi5788,False,4,0.4286,0.463121,motorcycle
img_018871.jpg,mtx3303,ktyx789,False,6,0.1429,0.011450,motorcycle
img_018876.jpg,mtz2261,mzz7884,False,5,0.2857,0.184124,motorcycle
img_018877.jpg,mtz2261,mz77882,False,6,0.1429,0.171160,motorcycle
img_018879.jpg,odi2919,dd98584,False,6,0.1429,0.200876,motorcycle
img_018880.jpg,odr2292,ddr4291,False,3,0.5714,0.140455,motorcycle
img_018881.jpg,qrd0144,drd5840,False,4,0.4286,0.082822,motorcycle
img_018883.jpg,ppx9463,ppx8994,False,4,0.4286,0.345948,motorcycle
img_018887.jpg,ppl0556,ps15739,False,6,0.1429,0.062390,motorcycle
img_018888.jpg,ocx1773,oc2x892,False,5,0.2857,0.044345,motorcycle
img_018893.jpg,mtz2261,bzz7882,False,6,0.1429,0.251975,motorcycle
img_018894.jpg,mts0215,ozi5588,False,7,0.0000,0.355478,motorcycle
img_018895.jpg,msj3646,msd1888,False,5,0.2857,0.200872,motorcycle
img_018896.jpg,odt2461,qdt7884,False,5,0.2857,0.376707,motorcycle
img_018901.jpg,ocx1773,qcy3534,False,6,0.1429,0.016545,motorcycle
img_018902.jpg,gyy1218,gy18859,False,5,0.2857,0.057788,motorcycle
img_018904.jpg,msj3646,ms47894,False,5,0.2857,0.101084,motorcycle
img_018908.jpg,ocy9325,ocy5498,False,4,0.4286,0.222904,motorcycle
img_018909.jpg,msj3646,ms61798,False,5,0.2857,0.033253,motorcycle
img_018912.jpg,mtz2261,mi77482,False,6,0.1429,0.047881,motorcycle
img_018913.jpg,mtz2261,mt75824,False,5,0.2857,0.047801,motorcycle
img_018914.jpg,gtu6908,gju1280,False,5,0.2857,0.051640,motorcycle
img_018917.jpg,ppg6782,pp85324,False,5,0.2857,0.075919,motorcycle
img_018920.jpg,msb9683,ghsb782,False,5,0.2857,0.033400,motorcycle
img_018922.jpg,odh6465,gd6777,False,5,0.2857,0.372283,motorcycle
img_018925.jpg,msb1362,amsb429,False,5,0.2857,0.207675,motorcycle
img_018928.jpg,qrd0144,drd4894,False,4,0.4286,0.247922,motorcycle
img_018932.jpg,gyy1218,gzi8788,False,5,0.2857,0.207725,motorcycle
img_018934.jpg,msj3646,msd1888,False,5,0.2857,0.229210,motorcycle
img_018937.jpg,mtz2261,mtz2380,False,3,0.5714,0.080696,motorcycle
img_018940.jpg,mtv9187,mt77882,False,4,0.4286,0.178293,motorcycle
img_018943.jpg,msb9683,hwsb383,False,4,0.4286,0.057742,motorcycle
img_018947.jpg,ocx1773,oc93814,False,5,0.2857,0.018633,motorcycle
img_018948.jpg,msj3646,ags7788,False,7,0.0000,0.037920,motorcycle
img_018949.jpg,odf0749,odc5349,False,3,0.5714,0.246305,motorcycle
img_018950.jpg,mtx7519,teg8892,False,6,0.1429,0.073448,motorcycle
img_018954.jpg,oyg9033,dd99788,False,6,0.1429,0.121146,motorcycle
img_018955.jpg,mtz2261,mz77880,False,6,0.1429,0.148334,motorcycle
img_018956.jpg,mtz2261,mz57882,False,6,0.1429,0.063455,motorcycle
img_018958.jpg,mtz2261,b277748,False,7,0.0000,0.118757,motorcycle
img_018962.jpg,mtz2261,mz77848,False,6,0.1429,0.047442,motorcycle
img_018963.jpg,msb9683,hw89389,False,5,0.2857,0.055811,motorcycle
img_018966.jpg,mrb2971,erb7821,False,4,0.4286,0.108208,motorcycle
img_018971.jpg,ovh9424,avi8484,False,4,0.4286,0.015706,motorcycle
img_018972.jpg,mtz2261,mtz7884,False,4,0.4286,0.111844,motorcycle
img_018973.jpg,msb9683,glsb789,False,5,0.2857,0.336727,motorcycle
img_018977.jpg,oyk5885,dyk8382,False,4,0.4286,0.234783,motorcycle
img_018983.jpg,qrd0144,ord4892,False,5,0.2857,0.243908,motorcycle
img_018986.jpg,dlz4730,at32788,False,6,0.1429,0.069986,motorcycle
img_018987.jpg,odr2292,ddr4399,False,4,0.4286,0.404202,motorcycle
img_018988.jpg,ppl0556,opi6889,False,6,0.1429,0.151532,motorcycle
img_018989.jpg,oyi4822,dv27980,False,7,0.0000,0.172072,motorcycle
img_018990.jpg,mtz2261,mz77480,False,6,0.1429,0.236055,motorcycle
img_018991.jpg,ppx9463,ppx8384,False,4,0.4286,0.298964,motorcycle
img_018992.jpg,msj3646,msd7884,False,5,0.2857,0.258548,motorcycle
img_018993.jpg,qrd0144,ord4838,False,5,0.2857,0.155293,motorcycle
img_018994.jpg,mtz2261,mj72584,False,5,0.2857,0.032444,motorcycle
img_018998.jpg,mtb7542,vi48488,False,7,0.0000,0.005401,motorcycle
img_018999.jpg,mqx7557,mox7882,False,4,0.4286,0.252935,motorcycle
img_019000.jpg,msj3646,msd7899,False,5,0.2857,0.182151,motorcycle
img_019003.jpg,msb9683,mbsb789,False,4,0.4286,0.047278,motorcycle
img_019008.jpg,ppl0556,ppi6788,False,5,0.2857,0.313358,motorcycle
img_019009.jpg,ppv8421,bpy8994,False,5,0.2857,0.217229,motorcycle
img_019012.jpg,odh6465,gd65779,False,6,0.1429,0.404538,motorcycle
img_019014.jpg,mtz2261,mzz2880,False,4,0.4286,0.086216,motorcycle
img_019016.jpg,mtz2261,bz22488,False,5,0.2857,0.145808,motorcycle
img_019017.jpg,mtz2261,ezzz888,False,6,0.1429,0.141983,motorcycle
img_019019.jpg,mtz2261,mi77888,False,6,0.1429,0.026523,motorcycle
img_019023.jpg,pph2254,bpi4788,False,6,0.1429,0.532219,motorcycle
img_019030.jpg,qrc0981,dbc7892,False,6,0.1429,0.298399,motorcycle
img_019036.jpg,ppc3296,bp67788,False,6,0.1429,0.078454,motorcycle
img_019037.jpg,ppc9946,ppc5788,False,4,0.4286,0.123744,motorcycle
img_019038.jpg,ppf2079,ppy6188,False,5,0.2857,0.068652,motorcycle
img_019044.jpg,ppv9692,ppy7882,False,4,0.4286,0.540231,motorcycle
img_019045.jpg,mrk8393,apry728,False,7,0.0000,0.015591,motorcycle
img_019046.jpg,hhk0213,ozik778,False,7,0.0000,0.217838,motorcycle
img_019050.jpg,ppr7688,pp87788,False,2,0.7143,0.334377,motorcycle
img_019053.jpg,mrm0231,dz55228,False,6,0.1429,0.042812,motorcycle
img_019054.jpg,ocw0270,ocw5728,False,4,0.4286,0.074343,motorcycle
img_019060.jpg,mtq4574,axp4288,False,6,0.1429,0.159053,motorcycle
img_019061.jpg,qrb7513,qsb4880,False,5,0.2857,0.258894,motorcycle
img_019065.jpg,mqx2913,egyx788,False,7,0.0000,0.122454,motorcycle
img_019066.jpg,msx9147,gi44788,False,7,0.0000,0.029695,motorcycle
img_019068.jpg,mql5285,mo15839,False,5,0.2857,0.100573,motorcycle
img_019073.jpg,pps2359,fis5488,False,6,0.1429,0.107045,motorcycle
img_019074.jpg,ppm4442,ppm7480,False,3,0.5714,0.294018,motorcycle
img_019076.jpg,mqy9394,mby4830,False,5,0.2857,0.049992,motorcycle
img_019077.jpg,odc1091,ooc6543,False,5,0.2857,0.040121,motorcycle
img_019082.jpg,oyd3422,dyp8831,False,6,0.1429,0.113519,motorcycle
img_019084.jpg,mta5625,k625348,False,6,0.1429,0.032814,motorcycle
img_019086.jpg,oyk2653,by55480,False,6,0.1429,0.454240,motorcycle
img_019089.jpg,ppe9043,ppe7840,False,3,0.5714,0.593734,motorcycle
img_019090.jpg,oyk6072,bon2748,False,7,0.0000,0.370499,motorcycle
img_019097.jpg,ppj1736,ppa7884,False,5,0.2857,0.243802,motorcycle
img_019099.jpg,ppz1466,pq68788,False,6,0.1429,0.106711,motorcycle
img_019100.jpg,msb9683,disb172,False,6,0.1429,0.039014,motorcycle
img_019101.jpg,ppo2191,bpo721,False,4,0.4286,0.062856,motorcycle
img_019103.jpg,oye8534,dva7880,False,7,0.0000,0.158705,motorcycle
img_019104.jpg,mtx3303,mt93229,False,4,0.4286,0.141867,motorcycle
img_019110.jpg,ppm4442,cqm8890,False,6,0.1429,0.171898,motorcycle
img_019113.jpg,oye8534,ove888,False,4,0.4286,0.212864,motorcycle
img_019115.jpg,qrc1114,arc5880,False,5,0.2857,0.121870,motorcycle
img_019117.jpg,mph2341,ap44717,False,6,0.1429,0.258880,motorcycle
img_019120.jpg,odr2842,qdr5349,False,4,0.4286,0.097404,motorcycle
img_019123.jpg,ods8124,bds524,False,3,0.5714,0.076025,motorcycle
img_019128.jpg,msv4500,asdv859,False,5,0.2857,0.307165,motorcycle
img_019129.jpg,mqk8749,bok5399,False,5,0.2857,0.088149,motorcycle
img_019133.jpg,mtx3303,bj79529,False,7,0.0000,0.100897,motorcycle
img_019139.jpg,ppp2231,ppp4880,False,4,0.4286,0.288679,motorcycle
img_019143.jpg,ovl3386,dv6788,False,5,0.2857,0.247984,motorcycle
img_019144.jpg,ppq9347,ppo7820,False,5,0.2857,0.046751,motorcycle
img_019148.jpg,mri9044,mbi1890,False,5,0.2857,0.055412,motorcycle
img_019153.jpg,mpp4106,app5789,False,5,0.2857,0.026977,motorcycle
img_019155.jpg,oyk9375,ovi5788,False,6,0.1429,0.604699,motorcycle
img_019156.jpg,qrb1638,irbb788,False,4,0.4286,0.154730,motorcycle
img_019162.jpg,oyg8941,byc7892,False,5,0.2857,0.105120,motorcycle
img_019164.jpg,msw0327,m827898,False,6,0.1429,0.184319,motorcycle
img_019165.jpg,owv9543,owy5892,False,5,0.2857,0.221459,motorcycle
img_019174.jpg,odp0225,odp5749,False,4,0.4286,0.146945,motorcycle
img_019177.jpg,odl8131,odi7892,False,5,0.2857,0.385583,motorcycle
img_019182.jpg,mrl8861,mbi778,False,6,0.1429,0.132733,motorcycle
img_019193.jpg,ppb0543,ppp7890,False,5,0.2857,0.058311,motorcycle
img_019195.jpg,ods0897,obs7899,False,3,0.5714,0.532652,motorcycle
img_019199.jpg,mqx7585,mox7892,False,4,0.4286,0.298213,motorcycle
img_019206.jpg,mtx4192,ai22780,False,7,0.0000,0.054037,motorcycle
img_019207.jpg,ppb4231,app4881,False,4,0.4286,0.259939,motorcycle
img_019214.jpg,lkp8909,aspp788,False,6,0.1429,0.076557,motorcycle
img_019227.jpg,ove5684,dve780,False,4,0.4286,0.086643,motorcycle
img_019229.jpg,qrb8117,orb7884,False,5,0.2857,0.175895,motorcycle
img_019230.jpg,msb1362,amsb734,False,4,0.4286,0.018700,motorcycle
img_019231.jpg,mtz5078,mtz7789,False,3,0.5714,0.118661,motorcycle
img_019238.jpg,odj0825,oby5859,False,5,0.2857,0.566611,motorcycle
img_019240.jpg,qrb1552,drb7892,False,4,0.4286,0.647447,motorcycle
img_019243.jpg,mtz5078,ct75329,False,5,0.2857,0.057018,motorcycle
img_019244.jpg,odr5971,qdr429,False,5,0.2857,0.300213,motorcycle
img_019247.jpg,oye8534,dye7882,False,5,0.2857,0.044698,motorcycle
img_019249.jpg,mtb1146,nx84781,False,7,0.0000,0.191531,motorcycle
img_019250.jpg,mtx3303,bj93729,False,6,0.1429,0.189646,motorcycle
img_019255.jpg,oda8470,gda5779,False,4,0.4286,0.104252,motorcycle
img_019256.jpg,odb4115,qdb7889,False,5,0.2857,0.389388,motorcycle
img_019257.jpg,mtx4192,aif2782,False,6,0.1429,0.187715,motorcycle
img_019261.jpg,oyd1815,iyv9788,False,6,0.1429,0.113301,motorcycle
img_019263.jpg,mte0987,mi65899,False,6,0.1429,0.058955,motorcycle
img_019268.jpg,mtz0696,mtz7852,False,4,0.4286,0.109724,motorcycle
img_019284.jpg,mtx3303,bj79729,False,7,0.0000,0.167155,motorcycle
img_019286.jpg,mrz6467,ebb7238,False,7,0.0000,0.118078,motorcycle
img_019287.jpg,msb9683,msp5829,False,5,0.2857,0.114379,motorcycle
img_019291.jpg,qrb1638,idr8888,False,6,0.1429,0.008596,motorcycle
img_019294.jpg,ppb4172,lpb7880,False,5,0.2857,0.165533,motorcycle
img_019296.jpg,mss0528,oss8788,False,4,0.4286,0.284532,motorcycle
img_019298.jpg,mrb5311,ajv1888,False,7,0.0000,0.026130,motorcycle
img_019302.jpg,oye3717,bye7834,False,5,0.2857,0.178362,motorcycle
img_019307.jpg,qrb1638,irb8888,False,4,0.4286,0.058796,motorcycle
img_019309.jpg,mst8655,mst7792,False,4,0.4286,0.043825,motorcycle
img_019311.jpg,mtt1831,mbj7481,False,5,0.2857,0.127303,motorcycle
img_019313.jpg,ovi3592,bv91731,False,6,0.1429,0.047930,motorcycle
img_019323.jpg,mrn6830,eb50238,False,6,0.1429,0.021070,motorcycle
img_019324.jpg,qrd2834,qbi8880,False,5,0.2857,0.081244,motorcycle
img_019326.jpg,mrf3594,mr42884,False,4,0.4286,0.097340,motorcycle
img_019329.jpg,ppm9557,ppm471,False,4,0.4286,0.459451,motorcycle
img_019330.jpg,ppr7688,ppb8781,False,4,0.4286,0.046315,motorcycle
img_019331.jpg,hyo1025,idv0889,False,7,0.0000,0.139745,motorcycle
img_019332.jpg,qrb7513,orb7891,False,4,0.4286,0.208912,motorcycle
img_019337.jpg,mtz5078,mo27782,False,5,0.2857,0.023565,motorcycle
img_019338.jpg,ppt5205,ppo1589,False,5,0.2857,0.286475,motorcycle
img_019341.jpg,oda8470,gda729,False,5,0.2857,0.484990,motorcycle
img_019342.jpg,mtx4192,aif2780,False,7,0.0000,0.075256,motorcycle
img_019343.jpg,ppw3680,ppw4780,False,2,0.7143,0.133866,motorcycle
img_019344.jpg,ocx1649,ocy7890,False,5,0.2857,0.705164,motorcycle
img_019345.jpg,mtx3303,bit3529,False,6,0.1429,0.037012,motorcycle
img_019346.jpg,mtm2326,emtm678,False,5,0.2857,0.106928,motorcycle
img_019347.jpg,mtc8669,atc5534,False,5,0.2857,0.135559,motorcycle
img_019348.jpg,oyk5122,dik4349,False,6,0.1429,0.013987,motorcycle
img_019349.jpg,mte1748,mte8810,False,4,0.4286,0.152697,motorcycle
img_019352.jpg,msh4661,as64299,False,5,0.2857,0.260935,motorcycle
img_019353.jpg,odp0225,odp5744,False,4,0.4286,0.097424,motorcycle
img_019354.jpg,ppi8650,bpo2488,False,6,0.1429,0.268040,motorcycle
img_019357.jpg,oyd2830,dvo7789,False,7,0.0000,0.251859,motorcycle
img_019362.jpg,ocx8008,bcc3339,False,6,0.1429,0.014886,motorcycle
img_019368.jpg,odc3096,doc5788,False,6,0.1429,0.026689,motorcycle
img_019369.jpg,msz1632,ms82781,False,5,0.2857,0.062414,motorcycle
img_019370.jpg,mqj6527,ma77850,False,6,0.1429,0.120186,motorcycle
img_019376.jpg,mru6781,mru1810,False,3,0.5714,0.333175,motorcycle
img_019377.jpg,mqa5194,mo44778,False,6,0.1429,0.061474,motorcycle
img_019381.jpg,mrq3407,mro8882,False,5,0.2857,0.323760,motorcycle
img_019386.jpg,mro6244,bru478,False,6,0.1429,0.104124,motorcycle
img_019389.jpg,ovj8219,by97892,False,7,0.0000,0.437706,motorcycle
img_019392.jpg,ppg1086,ppg7727,False,4,0.4286,0.175946,motorcycle
img_019393.jpg,mtz0696,oz77788,False,7,0.0000,0.058945,motorcycle
img_019399.jpg,gzz8751,gz57880,False,5,0.2857,0.238952,motorcycle
img_019407.jpg,mtt1831,mh12282,False,6,0.1429,0.097462,motorcycle
img_019409.jpg,mtx3656,mi58538,False,6,0.1429,0.009874,motorcycle
img_019415.jpg,msj3155,msg7788,False,5,0.2857,0.069274,motorcycle
img_019419.jpg,mtx3303,byt9778,False,7,0.0000,0.052850,motorcycle
img_019420.jpg,mrm4703,azp3888,False,7,0.0000,0.048840,motorcycle
img_019424.jpg,odg5912,gd27842,False,5,0.2857,0.087568,motorcycle
img_019425.jpg,odq7894,ib87838,False,5,0.2857,0.078291,motorcycle
img_019428.jpg,opz6615,opi7789,False,5,0.2857,0.127574,motorcycle
img_019430.jpg,msz1632,ms27899,False,5,0.2857,0.198445,motorcycle
img_019431.jpg,odg5912,odg5344,False,3,0.5714,0.198326,motorcycle
img_019432.jpg,mrs5261,fr35429,False,5,0.2857,0.041393,motorcycle
img_019433.jpg,odr4281,qdr4779,False,4,0.4286,0.180337,motorcycle
img_019434.jpg,ppj7398,vp96789,False,5,0.2857,0.066199,motorcycle
img_019444.jpg,msa8197,big4772,False,7,0.0000,0.120430,motorcycle
img_019447.jpg,ocx8244,bcc4534,False,5,0.2857,0.018724,motorcycle
img_019448.jpg,mrz3515,brz7882,False,5,0.2857,0.061577,motorcycle
img_019451.jpg,hit8129,bix9788,False,6,0.1429,0.142672,motorcycle
img_019453.jpg,odg5912,odc7840,False,5,0.2857,0.054290,motorcycle
img_019455.jpg,odr2292,qdi7780,False,6,0.1429,0.078212,motorcycle
img_019458.jpg,oyd1815,ov17788,False,6,0.1429,0.055003,motorcycle
img_019460.jpg,odn8534,opf4880,False,6,0.1429,0.273630,motorcycle
img_019466.jpg,ppi7591,pe91888,False,6,0.1429,0.067227,motorcycle
img_019468.jpg,mtm0994,ata2788,False,6,0.1429,0.142242,motorcycle
img_019469.jpg,ppo6851,ppo7892,False,3,0.5714,0.162423,motorcycle
img_019472.jpg,odf3477,qdi7778,False,5,0.2857,0.228161,motorcycle
img_019473.jpg,pps7339,pps9788,False,4,0.4286,0.494169,motorcycle
img_019476.jpg,mrr0434,arr4288,False,5,0.2857,0.121009,motorcycle
img_019478.jpg,mru5943,wru7838,False,5,0.2857,0.336786,motorcycle
img_019481.jpg,odt5939,oby4840,False,6,0.1429,0.058080,motorcycle
img_019482.jpg,mqx2913,mox7788,False,5,0.2857,0.280110,motorcycle
img_019483.jpg,msm0075,emsp528,False,6,0.1429,0.052868,motorcycle
img_019485.jpg,odg5912,cd67840,False,6,0.1429,0.115846,motorcycle
img_019486.jpg,mpn7049,mpp9729,False,4,0.4286,0.105230,motorcycle
img_019489.jpg,ovh6100,gvo7788,False,6,0.1429,0.077603,motorcycle
img_019492.jpg,ppu0251,pps1288,False,4,0.4286,0.133661,motorcycle
img_019497.jpg,mro4578,mso7381,False,5,0.2857,0.018894,motorcycle
img_019502.jpg,mqq7389,vgo4782,False,6,0.1429,0.117024,motorcycle
img_019512.jpg,ppy6833,ppy7892,False,3,0.5714,0.408819,motorcycle
img_019513.jpg,ovf4815,oy65880,False,5,0.2857,0.050656,motorcycle
img_019516.jpg,mrb5311,grw8880,False,6,0.1429,0.038916,motorcycle
img_019519.jpg,ppd2620,pp28329,False,4,0.4286,0.088479,motorcycle
img_019521.jpg,pps1706,pp87754,False,4,0.4286,0.050886,motorcycle
img_019525.jpg,mtx4192,mi22780,False,6,0.1429,0.114478,motorcycle
img_019530.jpg,pxl7388,pyl7892,False,4,0.4286,0.366567,motorcycle
img_019535.jpg,odt1955,odi5799,False,5,0.2857,0.027216,motorcycle
img_019538.jpg,ppz3755,pp35892,False,5,0.2857,0.336722,motorcycle
img_019540.jpg,mqx7585,mox7894,False,4,0.4286,0.154693,motorcycle
img_019541.jpg,ocv3282,bz82179,False,7,0.0000,0.107006,motorcycle
img_019542.jpg,ppo2197,ppo7838,False,4,0.4286,0.148622,motorcycle
img_019544.jpg,mtx3303,mt9729,False,5,0.2857,0.228396,motorcycle
img_019546.jpg,ppm1709,ppm770,False,2,0.7143,0.634038,motorcycle
img_019547.jpg,msa2398,mmsa178,False,4,0.4286,0.066014,motorcycle
img_019553.jpg,msz1922,ms27230,False,5,0.2857,0.080020,motorcycle
img_019556.jpg,qrb1638,irb7889,False,5,0.2857,0.076263,motorcycle
img_019557.jpg,oyh4070,dv67772,False,6,0.1429,0.062836,motorcycle
img_019559.jpg,mtt8743,bu12380,False,7,0.0000,0.278688,motorcycle
img_019561.jpg,mra3876,mra288,False,3,0.5714,0.238252,motorcycle
img_019565.jpg,msx5054,eosx428,False,6,0.1429,0.141837,motorcycle
img_019567.jpg,oyi2813,oy15344,False,5,0.2857,0.146203,motorcycle
img_019568.jpg,mpk8317,bpi4788,False,6,0.1429,0.420867,motorcycle
img_019573.jpg,msa2398,ijia478,False,6,0.1429,0.059862,motorcycle
img_019574.jpg,mtx3303,mt9578,False,5,0.2857,0.256619,motorcycle
img_019575.jpg,oyg1553,oyg5880,False,4,0.4286,0.119046,motorcycle
img_019582.jpg,msb1362,chsb788,False,6,0.1429,0.110096,motorcycle
img_019583.jpg,ppg5751,ppg7798,False,3,0.5714,0.366043,motorcycle
img_019584.jpg,odp0125,odp5729,False,3,0.5714,0.343159,motorcycle
img_019591.jpg,msx5054,msx4729,False,4,0.4286,0.239333,motorcycle
img_019593.jpg,jsn0597,osd7789,False,6,0.1429,0.217185,motorcycle
img_019603.jpg,mtx7170,mt25349,False,5,0.2857,0.199629,motorcycle
img_019605.jpg,mto5364,m308889,False,6,0.1429,0.006829,motorcycle
img_019607.jpg,mtx3303,mt9529,False,5,0.2857,0.506902,motorcycle
img_019612.jpg,msx2298,esi2238,False,3,0.5714,0.071751,motorcycle
img_019613.jpg,ovh6100,qvo7830,False,5,0.2857,0.027741,motorcycle
img_019616.jpg,odg5912,od9334,False,5,0.2857,0.142835,motorcycle
img_019618.jpg,mqg7841,tocf482,False,7,0.0000,0.055746,motorcycle
img_019621.jpg,odi1734,opi4788,False,4,0.4286,0.195606,motorcycle
img_019622.jpg,odg5912,odg5721,False,3,0.5714,0.030798,motorcycle
img_019624.jpg,msx5054,mosx429,False,5,0.2857,0.062128,motorcycle
img_019625.jpg,odl3800,bbo0777,False,7,0.0000,0.100147,motorcycle
img_019628.jpg,mqp5431,nop4780,False,6,0.1429,0.101680,motorcycle
img_019629.jpg,mqn4794,mo44848,False,5,0.2857,0.090407,motorcycle
img_019630.jpg,ltk5452,lak7848,False,5,0.2857,0.072600,motorcycle
img_019632.jpg,ppg5798,ppg4880,False,4,0.4286,0.311980,motorcycle
img_019633.jpg,ppr7688,ppb7789,False,3,0.5714,0.137408,motorcycle
img_019636.jpg,mtx3303,mt9729,False,5,0.2857,0.238529,motorcycle
img_019638.jpg,ppq2825,pp99788,False,5,0.2857,0.261436,motorcycle
img_019639.jpg,mtz2261,bzz7238,False,5,0.2857,0.152958,motorcycle
img_019642.jpg,ppf2079,ppf5881,False,4,0.4286,0.101957,motorcycle
img_019649.jpg,odn6676,odj4788,False,5,0.2857,0.058303,motorcycle
img_019651.jpg,mtq9627,mtg9882,False,4,0.4286,0.121458,motorcycle
img_019652.jpg,ovj5300,dv07771,False,6,0.1429,0.042494,motorcycle
img_019653.jpg,mtx3303,btx529,False,5,0.2857,0.452794,motorcycle
img_019655.jpg,mty6860,mty8880,False,2,0.7143,0.132687,motorcycle
img_019663.jpg,mro6244,bro4880,False,5,0.2857,0.042122,motorcycle
img_019671.jpg,mru1294,miru128,False,3,0.5714,0.062281,motorcycle
img_019672.jpg,ocw7196,qc94882,False,6,0.1429,0.060025,motorcycle
img_019678.jpg,odb8634,obb7898,False,5,0.2857,0.187766,motorcycle
img_019680.jpg,msx2298,mz97788,False,5,0.2857,0.389554,motorcycle
img_019690.jpg,ppd2559,fpd2884,False,4,0.4286,0.191715,motorcycle
img_019694.jpg,oye3717,oye4294,False,4,0.4286,0.063968,motorcycle
img_019695.jpg,msp7266,rmsp578,False,5,0.2857,0.089971,motorcycle
img_019699.jpg,ppt5205,ppo7788,False,5,0.2857,0.664112,motorcycle
img_019700.jpg,mqj9617,map7888,False,6,0.1429,0.138032,motorcycle
img_019701.jpg,qrd7251,qrp2788,False,5,0.2857,0.170642,motorcycle
img_019704.jpg,ppq1376,pp05721,False,5,0.2857,0.110514,motorcycle
img_019706.jpg,ovi5924,cy44738,False,7,0.0000,0.079355,motorcycle
img_019707.jpg,odl8131,obi7238,False,5,0.2857,0.121541,motorcycle
img_019709.jpg,mrk2241,brk774,False,4,0.4286,0.084859,motorcycle
img_019710.jpg,msj4609,ago9788,False,7,0.0000,0.083017,motorcycle
img_019712.jpg,ppg5751,ppg1788,False,3,0.5714,0.489987,motorcycle
img_019715.jpg,mtv6080,gos9488,False,6,0.1429,0.189505,motorcycle
img_019717.jpg,qrd7252,qrd2880,False,4,0.4286,0.120794,motorcycle
img_019723.jpg,odj5550,pp50788,False,7,0.0000,0.614368,motorcycle
img_019727.jpg,ppt2630,pp11880,False,4,0.4286,0.012821,motorcycle
img_019731.jpg,ppr1686,lpe8728,False,6,0.1429,0.013253,motorcycle
img_019732.jpg,mtz5078,mo75529,False,5,0.2857,0.093126,motorcycle
img_019733.jpg,odr2292,qdr7240,False,4,0.4286,0.064788,motorcycle
img_019734.jpg,mtx3303,bt79529,False,6,0.1429,0.158161,motorcycle
img_019737.jpg,ppo2197,ppo2838,False,3,0.5714,0.299020,motorcycle
img_019739.jpg,ppe5980,ppe7817,False,4,0.4286,0.051789,motorcycle
img_019743.jpg,mtr0445,ctr5881,False,5,0.2857,0.061687,motorcycle
img_019744.jpg,ppu9971,ppu1890,False,4,0.4286,0.218845,motorcycle
img_019745.jpg,odg5912,odg7840,False,4,0.4286,0.075370,motorcycle
img_019759.jpg,mtm5314,mym2488,False,5,0.2857,0.118206,motorcycle
img_019762.jpg,odl8131,ppi7880,False,7,0.0000,0.090280,motorcycle
img_019764.jpg,mtz5078,bo72479,False,6,0.1429,0.138165,motorcycle
img_019768.jpg,ppb4172,cpp7892,False,5,0.2857,0.506811,motorcycle
img_019769.jpg,ods0897,obs7892,False,3,0.5714,0.280981,motorcycle
img_019774.jpg,ppq9375,ppq9729,False,3,0.5714,0.124545,motorcycle
img_019776.jpg,ovl3436,gvi8788,False,6,0.1429,0.333114,motorcycle
img_019778.jpg,oye6829,obe9780,False,5,0.2857,0.089760,motorcycle
img_019779.jpg,mtz5078,coz2480,False,6,0.1429,0.135339,motorcycle
img_019780.jpg,ocx7943,ocy7844,False,3,0.5714,0.065957,motorcycle
img_019783.jpg,qrc0981,orc7870,False,5,0.2857,0.169595,motorcycle
img_019784.jpg,mtx4192,aif2780,False,7,0.0000,0.138255,motorcycle
img_019788.jpg,odg5912,odg5840,False,3,0.5714,0.106179,motorcycle
img_019790.jpg,ppg3571,ppg4781,False,3,0.5714,0.302395,motorcycle
img_019792.jpg,ocw7196,qcy4788,False,6,0.1429,0.051231,motorcycle
img_019794.jpg,odg5912,odg7840,False,4,0.4286,0.238292,motorcycle
img_019795.jpg,ppo2191,bpo2880,False,4,0.4286,0.157526,motorcycle
img_019796.jpg,odl8131,opj7884,False,6,0.1429,0.081974,motorcycle
img_019808.jpg,pps7270,bpia238,False,5,0.2857,0.087293,motorcycle
img_019809.jpg,ppg5713,bpig788,False,5,0.2857,0.136215,motorcycle
img_019810.jpg,ods0897,obs7880,False,4,0.4286,0.076892,motorcycle
img_019812.jpg,ppm4442,cpa7748,False,5,0.2857,0.308321,motorcycle
img_019817.jpg,msx5054,cosk428,False,7,0.0000,0.115410,motorcycle
img_019818.jpg,mts5164,ki68443,False,7,0.0000,0.012029,motorcycle
img_019819.jpg,mtz5078,ko72789,False,6,0.1429,0.058258,motorcycle
img_019821.jpg,mro6244,bro4880,False,5,0.2857,0.069646,motorcycle
img_019824.jpg,ppq1376,pp05781,False,5,0.2857,0.170618,motorcycle
img_019825.jpg,ppd2620,bpp0788,False,6,0.1429,0.106681,motorcycle
img_019826.jpg,msb1362,cusb788,False,6,0.1429,0.161984,motorcycle
img_019827.jpg,odn9515,odd5747,False,5,0.2857,0.030603,motorcycle
img_019833.jpg,odb2698,q998780,False,7,0.0000,0.315777,motorcycle
img_019834.jpg,mtz5078,bo73489,False,7,0.0000,0.020928,motorcycle
img_019835.jpg,odc7430,odc7889,False,3,0.5714,0.392187,motorcycle
img_019837.jpg,ppb0543,ppp7851,False,5,0.2857,0.187546,motorcycle
img_019839.jpg,ppm5173,pp9374,False,4,0.4286,0.100877,motorcycle
img_019840.jpg,msa8197,big7778,False,7,0.0000,0.425629,motorcycle
img_019844.jpg,mtz5078,foz2529,False,6,0.1429,0.025362,motorcycle
img_019845.jpg,mtx3303,mix772,False,5,0.2857,0.104923,motorcycle
img_019852.jpg,odn8534,op54880,False,6,0.1429,0.185688,motorcycle
img_019856.jpg,mta5460,mi64888,False,6,0.1429,0.043837,motorcycle
img_019857.jpg,odr4281,odr4799,False,3,0.5714,0.276679,motorcycle
img_019858.jpg,oko9518,ok08892,False,5,0.2857,0.307462,motorcycle
img_019859.jpg,mrz4429,app3489,False,5,0.2857,0.049880,motorcycle
img_019869.jpg,ppy6961,epy8884,False,5,0.2857,0.857691,motorcycle
img_019872.jpg,odt9878,ob78779,False,5,0.2857,0.052720,motorcycle
img_019873.jpg,ppu4392,ap91859,False,6,0.1429,0.105634,motorcycle
img_019880.jpg,pps7339,pps4780,False,4,0.4286,0.186774,motorcycle
img_019883.jpg,mtz0670,mt28892,False,5,0.2857,0.049452,motorcycle
img_019886.jpg,mth2379,mth9788,False,4,0.4286,0.470138,motorcycle
img_019890.jpg,mta6451,gta4899,False,5,0.2857,0.116816,motorcycle
img_019892.jpg,odb7075,qdb5721,False,5,0.2857,0.022192,motorcycle
img_019898.jpg,mro4578,mb07710,False,6,0.1429,0.069201,motorcycle
img_019901.jpg,mtq9210,mzc2890,False,5,0.2857,0.033528,motorcycle
img_019903.jpg,mtx3303,bit3579,False,6,0.1429,0.085458,motorcycle
img_019905.jpg,ovl8579,bv9470,False,5,0.2857,0.251368,motorcycle
img_019909.jpg,msb1362,assb732,False,4,0.4286,0.078924,motorcycle
img_019915.jpg,odg5912,qdg3349,False,5,0.2857,0.054002,motorcycle
img_019919.jpg,qrb8036,dra7890,False,6,0.1429,0.036661,motorcycle
img_019920.jpg,ppk8709,ppk57,False,3,0.5714,0.085201,motorcycle
img_019921.jpg,ppb4183,lpb4788,False,3,0.5714,0.104077,motorcycle
img_019926.jpg,odb4107,apa7830,False,7,0.0000,0.067031,motorcycle
img_019927.jpg,kpu6390,kp14770,False,4,0.4286,0.135964,motorcycle
img_019929.jpg,mtz5078,stz5729,False,4,0.4286,0.058678,motorcycle
img_019931.jpg,hdy6316,gdy2898,False,5,0.2857,0.110402,motorcycle
img_019932.jpg,mro6244,br40878,False,6,0.1429,0.045207,motorcycle
img_019935.jpg,mtv0352,oby2832,False,6,0.1429,0.041492,motorcycle
img_019938.jpg,odr4281,dzr4289,False,3,0.5714,0.137223,motorcycle
img_019941.jpg,ppb4231,lpb7789,False,5,0.2857,0.038495,motorcycle
img_019942.jpg,odj5604,ppo4787,False,7,0.0000,0.139620,motorcycle
img_019943.jpg,odb7075,odb5820,False,4,0.4286,0.252733,motorcycle
img_019944.jpg,msz1632,mb27892,False,5,0.2857,0.146662,motorcycle
img_019949.jpg,ppm9555,ppm4748,False,4,0.4286,0.078818,motorcycle
img_019950.jpg,ppr7688,ppp4770,False,5,0.2857,0.058941,motorcycle
img_019951.jpg,msm6217,gzi1788,False,7,0.0000,0.168224,motorcycle
img_019953.jpg,qrd7245,qr95781,False,5,0.2857,0.042779,motorcycle
img_019960.jpg,qrd0121,ord2880,False,5,0.2857,0.058978,motorcycle
img_019961.jpg,odb5237,odb7824,False,4,0.4286,0.245828,motorcycle
img_019965.jpg,qnx3469,ony4882,False,6,0.1429,0.158012,motorcycle
img_019969.jpg,msb9683,glsb782,False,5,0.2857,0.303614,motorcycle
img_019971.jpg,mtx4192,aif2782,False,6,0.1429,0.067126,motorcycle
img_019979.jpg,ppp3131,ppp7771,False,3,0.5714,0.192971,motorcycle
img_019982.jpg,odm4163,dp93789,False,7,0.0000,0.022123,motorcycle
img_019984.jpg,oyd1390,oyp3739,False,4,0.4286,0.037227,motorcycle
img_019985.jpg,mtz5078,coz2778,False,4,0.4286,0.036554,motorcycle
img_019986.jpg,ppn2582,ppa7780,False,4,0.4286,0.078670,motorcycle
img_019991.jpg,lkq0727,ikq1830,False,5,0.2857,0.060229,motorcycle
img_019992.jpg,mpe6919,bpit789,False,5,0.2857,0.269448,motorcycle
img_019994.jpg,odj5604,pgo4788,False,7,0.0000,0.427334,motorcycle
img_019996.jpg,mqs0401,mo58492,False,5,0.2857,0.098479,motorcycle
img_019997.jpg,ppo2162,bpo7789,False,5,0.2857,0.139091,motorcycle
img_020000.jpg,oyd2830,dyp7729,False,6,0.1429,0.273417,motorcycle
img_020007.jpg,mpk8317,bpk4792,False,5,0.2857,0.291576,motorcycle
img_020012.jpg,ppz1463,pp37882,False,5,0.2857,0.168362,motorcycle
img_020013.jpg,msy3067,msv7888,False,5,0.2857,0.132882,motorcycle
img_020014.jpg,ppd2620,bbb1288,False,7,0.0000,0.044347,motorcycle
img_020018.jpg,asy9044,afy4249,False,4,0.4286,0.032985,motorcycle
img_020019.jpg,odm6783,od93778,False,4,0.4286,0.085488,motorcycle
img_020023.jpg,mtl2735,mt57892,False,5,0.2857,0.233369,motorcycle
img_020028.jpg,oyh0980,oyh7770,False,3,0.5714,0.272588,motorcycle
img_020031.jpg,qrd7245,qrd5779,False,4,0.4286,0.044383,motorcycle
img_020033.jpg,ocx7943,ocyx731,False,4,0.4286,0.161013,motorcycle
img_020036.jpg,msm6217,gzs6789,False,6,0.1429,0.030897,motorcycle
img_020039.jpg,odr2292,qdi7788,False,6,0.1429,0.092043,motorcycle
img_020041.jpg,msb1362,ansb288,False,6,0.1429,0.026567,motorcycle
img_020043.jpg,odl8131,epi7490,False,7,0.0000,0.099080,motorcycle
img_020044.jpg,mst6448,fa51788,False,6,0.1429,0.045900,motorcycle
img_020047.jpg,ppu1462,ppu7898,False,4,0.4286,0.212905,motorcycle
img_020049.jpg,qrb8116,grb7882,False,5,0.2857,0.200569,motorcycle
img_020054.jpg,ppb4183,cpb7780,False,4,0.4286,0.055540,motorcycle
img_020055.jpg,ods0897,obs7880,False,4,0.4286,0.485352,motorcycle
img_020061.jpg,mqj6527,mby8854,False,6,0.1429,0.065417,motorcycle
img_020063.jpg,mtz2261,mz67882,False,6,0.1429,0.233719,motorcycle
img_020065.jpg,ppl7980,pp67892,False,4,0.4286,0.159561,motorcycle
img_020066.jpg,mqh2561,ms17798,False,6,0.1429,0.047351,motorcycle
img_020067.jpg,odi2928,ebj8770,False,7,0.0000,0.283054,motorcycle
img_020070.jpg,odj2762,q932892,False,5,0.2857,0.034998,motorcycle
img_020071.jpg,mta5424,maxa589,False,5,0.2857,0.025989,motorcycle
img_020073.jpg,odh7019,odi5779,False,4,0.4286,0.124443,motorcycle
img_020074.jpg,pps6244,pp44838,False,5,0.2857,0.197431,motorcycle
img_020079.jpg,ppw3680,bpi0788,False,5,0.2857,0.050067,motorcycle
img_020081.jpg,mpe6919,egpi978,False,6,0.1429,0.055622,motorcycle
img_020086.jpg,mrv9051,mp54290,False,6,0.1429,0.035599,motorcycle
img_020089.jpg,ppj3188,bpu7332,False,6,0.1429,0.029105,motorcycle
img_020092.jpg,odt6046,opi1778,False,6,0.1429,0.022966,motorcycle
img_020093.jpg,msz1632,ms2789,False,5,0.2857,0.166974,motorcycle
img_020094.jpg,ppj2374,ppi4831,False,5,0.2857,0.223557,motorcycle
img_020098.jpg,mtz5078,fo72778,False,5,0.2857,0.059202,motorcycle
img_020104.jpg,mtz0748,o797880,False,6,0.1429,0.047412,motorcycle
img_020106.jpg,oyj4153,cy37880,False,6,0.1429,0.104388,motorcycle
img_020110.jpg,ocv8403,bcv9781,False,5,0.2857,0.181738,motorcycle
img_020113.jpg,ppg5713,ppg8892,False,4,0.4286,0.199526,motorcycle
img_020117.jpg,qrd7245,qr99789,False,5,0.2857,0.200860,motorcycle
img_020118.jpg,oye8534,dve781,False,6,0.1429,0.064042,motorcycle
img_020121.jpg,ppv9585,ppy5892,False,4,0.4286,0.259163,motorcycle
img_020123.jpg,oyj2555,oy95739,False,5,0.2857,0.157077,motorcycle
img_020127.jpg,msb1362,chsb788,False,6,0.1429,0.274502,motorcycle
img_020130.jpg,qrb8001,grb8788,False,4,0.4286,0.057052,motorcycle
img_020133.jpg,opz6615,gpi7738,False,6,0.1429,0.081333,motorcycle
img_020134.jpg,ppk8700,bpo4880,False,5,0.2857,0.210137,motorcycle
img_020135.jpg,odr4648,odr7721,False,4,0.4286,0.093226,motorcycle
img_020138.jpg,mtz5078,mo77789,False,5,0.2857,0.119295,motorcycle
img_020142.jpg,mru3095,bp97772,False,7,0.0000,0.106179,motorcycle
img_020144.jpg,ppj2374,pp7771,False,4,0.4286,0.269172,motorcycle
img_020145.jpg,ppv5741,ppy870,False,4,0.4286,0.796181,motorcycle
img_020146.jpg,mql2015,mo13783,False,6,0.1429,0.211481,motorcycle
img_020147.jpg,mqx2913,mox2384,False,4,0.4286,0.321861,motorcycle
img_020150.jpg,mph2341,mp44780,False,5,0.2857,0.151953,motorcycle
img_020151.jpg,ppm2910,ppm4770,False,3,0.5714,0.098753,motorcycle
img_020153.jpg,mpe6919,bpi6789,False,4,0.4286,0.073070,motorcycle
img_020155.jpg,ppj3188,bpa7738,False,5,0.2857,0.232902,motorcycle
img_020157.jpg,odg5912,qd97842,False,5,0.2857,0.024400,motorcycle
img_020158.jpg,odr4648,qdr7771,False,5,0.2857,0.038600,motorcycle
img_020159.jpg,msh3522,msp2478,False,5,0.2857,0.146066,motorcycle
img_020165.jpg,odr2292,qdr4290,False,3,0.5714,0.042506,motorcycle
img_020166.jpg,msb1362,chs8789,False,7,0.0000,0.047877,motorcycle
img_020170.jpg,odt9878,obi8788,False,4,0.4286,0.200750,motorcycle
img_020172.jpg,odj5604,pgo4788,False,7,0.0000,0.213225,motorcycle
img_020178.jpg,ppo2334,ppq4888,False,5,0.2857,0.259217,motorcycle
img_020179.jpg,ods0897,obs5892,False,3,0.5714,0.152651,motorcycle
img_020181.jpg,ppu6260,izp5728,False,6,0.1429,0.106360,motorcycle
img_020182.jpg,ppg0652,ppg6488,False,4,0.4286,0.377840,motorcycle
img_020183.jpg,ocx2033,bcy7738,False,5,0.2857,0.040624,motorcycle
img_020184.jpg,mtx4192,mi32780,False,6,0.1429,0.151255,motorcycle
img_020185.jpg,odl3800,qoo1789,False,6,0.1429,0.023458,motorcycle
img_020191.jpg,odi8520,opo0238,False,6,0.1429,0.164420,motorcycle
img_020192.jpg,msh9204,bzo2488,False,7,0.0000,0.043164,motorcycle
img_020193.jpg,ppm9557,pp54780,False,5,0.2857,0.096634,motorcycle
img_020194.jpg,ppv5741,ppy871,False,3,0.5714,0.329289,motorcycle
img_020195.jpg,mtz5078,go22584,False,7,0.0000,0.063848,motorcycle
img_020198.jpg,odf8751,odf7882,False,4,0.4286,0.208569,motorcycle
img_020201.jpg,odr4648,qdb7794,False,6,0.1429,0.058911,motorcycle
img_020202.jpg,mtx4192,mi92724,False,6,0.1429,0.086372,motorcycle
img_020203.jpg,msb1362,chsb788,False,6,0.1429,0.127883,motorcycle
img_020205.jpg,qrd0121,ord4871,False,4,0.4286,0.167480,motorcycle
img_020210.jpg,ppk8700,bpo2280,False,5,0.2857,0.285602,motorcycle
img_020213.jpg,ppk8694,ppk4780,False,4,0.4286,0.416080,motorcycle
img_020215.jpg,odr3327,obr4780,False,5,0.2857,0.086742,motorcycle
img_020222.jpg,msz1632,ms27840,False,5,0.2857,0.050051,motorcycle
img_020223.jpg,odj5604,pbo4480,False,7,0.0000,0.077225,motorcycle
img_020225.jpg,ppu1457,ppu1880,False,3,0.5714,0.403749,motorcycle
img_020227.jpg,odm6707,gdw8994,False,6,0.1429,0.165378,motorcycle
img_020228.jpg,odt1955,obi7720,False,6,0.1429,0.014453,motorcycle
img_020233.jpg,ppm9537,app7788,False,6,0.1429,0.051598,motorcycle
img_020239.jpg,ppc8676,ppc7888,False,4,0.4286,0.153611,motorcycle
img_020244.jpg,ppv2570,psy0331,False,6,0.1429,0.060114,motorcycle
img_020246.jpg,ppu4392,ap97779,False,6,0.1429,0.171729,motorcycle
img_020260.jpg,odj2762,q937898,False,7,0.0000,0.039015,motorcycle
img_020261.jpg,ppm9557,bf42280,False,7,0.0000,0.521066,motorcycle
img_020262.jpg,mph2341,app1478,False,6,0.1429,0.531282,motorcycle
img_020263.jpg,mpn7049,mpd9429,False,4,0.4286,0.210239,motorcycle
img_020264.jpg,mtx4192,wif2782,False,6,0.1429,0.081738,motorcycle
img_020270.jpg,qrd3816,brd8890,False,4,0.4286,0.028388,motorcycle
img_020271.jpg,mtx7170,atx4780,False,4,0.4286,0.146562,motorcycle
img_020274.jpg,odp0225,odp5792,False,4,0.4286,0.092594,motorcycle
img_020275.jpg,msn5190,ais1088,False,7,0.0000,0.054495,motorcycle
img_020281.jpg,mtt0512,as12788,False,7,0.0000,0.116361,motorcycle
img_020283.jpg,msb1362,hasb283,False,6,0.1429,0.057777,motorcycle
img_020287.jpg,msz1632,ms27830,False,4,0.4286,0.090914,motorcycle
img_020292.jpg,mql2015,mo15783,False,6,0.1429,0.408057,motorcycle
img_020294.jpg,ppz9797,pp77894,False,4,0.4286,0.242684,motorcycle
img_020297.jpg,odk1170,ook5788,False,5,0.2857,0.037254,motorcycle
img_020301.jpg,mtz5078,foz2788,False,5,0.2857,0.015619,motorcycle
img_020302.jpg,odr4648,qdr7729,False,5,0.2857,0.102045,motorcycle
img_020306.jpg,odp0225,obp5798,False,5,0.2857,0.046384,motorcycle
img_020307.jpg,mtx4192,miz2580,False,6,0.1429,0.102641,motorcycle
img_020309.jpg,msb1362,chs8488,False,7,0.0000,0.304879,motorcycle
img_020310.jpg,ppg5751,bpg7788,False,4,0.4286,0.339986,motorcycle
img_020312.jpg,mqz6035,go35720,False,7,0.0000,0.258870,motorcycle
img_020316.jpg,mqh2561,mof1288,False,6,0.1429,0.013397,motorcycle
img_020323.jpg,mpl7707,app7532,False,5,0.2857,0.124715,motorcycle
img_020325.jpg,qrc1114,arc7892,False,5,0.2857,0.131945,motorcycle
img_020327.jpg,ppv9585,pp5859,False,3,0.5714,0.103927,motorcycle
img_020328.jpg,ppg9448,ppp7788,False,4,0.4286,0.134061,motorcycle
img_020330.jpg,ppm4442,ppa2881,False,5,0.2857,0.082934,motorcycle
img_020331.jpg,mtt8621,bt74280,False,6,0.1429,0.101901,motorcycle
img_020332.jpg,mtx4192,aif2784,False,7,0.0000,0.081324,motorcycle
img_020333.jpg,ovh6100,dv07789,False,6,0.1429,0.053776,motorcycle
img_020336.jpg,msa4370,as70788,False,6,0.1429,0.175680,motorcycle
img_020337.jpg,msb9683,ghsb772,False,6,0.1429,0.035032,motorcycle
img_020339.jpg,msb1362,chsb788,False,6,0.1429,0.355207,motorcycle
img_020340.jpg,ppd2620,ippp028,False,5,0.2857,0.091618,motorcycle
img_020345.jpg,mse7469,texp128,False,7,0.0000,0.006812,motorcycle
img_020347.jpg,msz1632,ms27792,False,4,0.4286,0.453422,motorcycle
img_020351.jpg,ppb4172,app7892,False,5,0.2857,0.162448,motorcycle
img_020353.jpg,odb4115,qob8851,False,6,0.1429,0.010387,motorcycle
img_020360.jpg,msx9147,gi47448,False,6,0.1429,0.135977,motorcycle
img_020361.jpg,oye6856,ove528,False,5,0.2857,0.225909,motorcycle
img_020363.jpg,mse7469,z5f578,False,7,0.0000,0.017799,motorcycle
img_020369.jpg,mtz5078,co22780,False,6,0.1429,0.080871,motorcycle
img_020370.jpg,mra3876,mba7892,False,4,0.4286,0.329071,motorcycle
img_020373.jpg,ppu4392,apu7871,False,5,0.2857,0.111983,motorcycle
img_020378.jpg,ovl3436,gy17784,False,7,0.0000,0.018745,motorcycle
img_020382.jpg,msx9147,glx4780,False,6,0.1429,0.058356,motorcycle
img_020383.jpg,mqx2913,mox7880,False,5,0.2857,0.171029,motorcycle
img_020385.jpg,mpn7049,mmp5522,False,6,0.1429,0.124169,motorcycle
img_020386.jpg,msb1362,emsb789,False,5,0.2857,0.283122,motorcycle
img_020387.jpg,qrb8001,bbb2880,False,5,0.2857,0.196006,motorcycle
img_020392.jpg,mtx4192,aif2782,False,6,0.1429,0.084797,motorcycle
img_020396.jpg,odr4648,opp7729,False,6,0.1429,0.023747,motorcycle
img_020400.jpg,mtd1829,wb92882,False,6,0.1429,0.141367,motorcycle
img_020404.jpg,oyi2833,by64780,False,6,0.1429,0.091007,motorcycle
img_020405.jpg,qrd3846,qrd5824,False,3,0.5714,0.043504,motorcycle
img_020408.jpg,ppo2162,app2728,False,5,0.2857,0.189008,motorcycle
img_020410.jpg,ppj2374,ppi4771,False,4,0.4286,0.318464,motorcycle
img_020419.jpg,ppa9547,ppa788,False,4,0.4286,0.556742,motorcycle
img_020421.jpg,mtl2735,mt55792,False,4,0.4286,0.135578,motorcycle
img_020424.jpg,mtd1829,mbr9978,False,6,0.1429,0.362452,motorcycle
img_020432.jpg,ovl3386,bv67880,False,5,0.2857,0.158812,motorcycle
img_020436.jpg,ppz3755,pp37892,False,4,0.4286,0.115291,motorcycle
img_020439.jpg,mtz5078,foz2578,False,4,0.4286,0.080853,motorcycle
img_020440.jpg,msr1575,asj4488,False,6,0.1429,0.065301,motorcycle
img_020441.jpg,ppm2910,ppm0780,False,3,0.5714,0.117918,motorcycle
img_020442.jpg,ppv5741,ppy8314,False,5,0.2857,0.476127,motorcycle
img_020444.jpg,odr4648,qdc7789,False,6,0.1429,0.040118,motorcycle
img_020445.jpg,mrf6286,cze6478,False,6,0.1429,0.267136,motorcycle
img_020446.jpg,msb1362,cssb788,False,6,0.1429,0.086225,motorcycle
img_020451.jpg,ocw9063,ocit788,False,5,0.2857,0.420947,motorcycle
img_020464.jpg,mtw6413,mm11178,False,6,0.1429,0.176969,motorcycle
img_020467.jpg,mtx4192,mix2781,False,5,0.2857,0.025916,motorcycle
img_020468.jpg,odj5604,pgo4485,False,7,0.0000,0.065875,motorcycle
img_020470.jpg,mtt1831,wwit288,False,6,0.1429,0.103052,motorcycle
img_020476.jpg,mtx7170,ntx4780,False,4,0.4286,0.162737,motorcycle
img_020479.jpg,msa6798,msa484,False,4,0.4286,0.089824,motorcycle
img_020480.jpg,ppp3359,ppp7871,False,4,0.4286,0.099622,motorcycle
img_020482.jpg,odr4648,qdc5349,False,5,0.2857,0.182104,motorcycle
img_020484.jpg,qrd7245,qr99789,False,5,0.2857,0.206990,motorcycle
img_020486.jpg,mrf8508,mbe7882,False,6,0.1429,0.357779,motorcycle
img_020488.jpg,mtx4192,mi27781,False,6,0.1429,0.174670,motorcycle
img_020491.jpg,mro6244,br44880,False,6,0.1429,0.062079,motorcycle
img_020496.jpg,msz1632,mas2789,False,6,0.1429,0.157640,motorcycle
img_020497.jpg,odm9555,odi5770,False,5,0.2857,0.238687,motorcycle
img_020500.jpg,ppo2178,bp98788,False,5,0.2857,0.136017,motorcycle
img_020505.jpg,ovi2792,by67788,False,6,0.1429,0.110983,motorcycle
img_020510.jpg,ppg5713,ippi788,False,5,0.2857,0.150117,motorcycle
img_020511.jpg,mtx4192,mi22724,False,6,0.1429,0.096960,motorcycle
img_020513.jpg,ppm1734,ipp4780,False,5,0.2857,0.229176,motorcycle
img_020514.jpg,oyj2555,oy95389,False,5,0.2857,0.082287,motorcycle
img_020516.jpg,odh5452,gp54780,False,6,0.1429,0.039929,motorcycle
img_020520.jpg,mtx7170,mtx4299,False,4,0.4286,0.180978,motorcycle
img_020521.jpg,ppt7234,pp34890,False,5,0.2857,0.152896,motorcycle
img_020522.jpg,ppt9149,ppy1890,False,4,0.4286,0.142232,motorcycle
img_020523.jpg,ozk3386,azk4892,False,5,0.2857,0.067062,motorcycle
img_020524.jpg,mqa5134,epa2230,False,5,0.2857,0.073013,motorcycle
img_020525.jpg,ove0989,ove5788,False,3,0.5714,0.069161,motorcycle
img_020528.jpg,mqk5693,mok7892,False,4,0.4286,0.645696,motorcycle
img_020529.jpg,ovl3436,dvi7792,False,6,0.1429,0.159388,motorcycle
img_020530.jpg,odj5461,pp91780,False,7,0.0000,0.057754,motorcycle
img_020540.jpg,ppt5209,sp99788,False,6,0.1429,0.190736,motorcycle
img_020542.jpg,hlc2481,hi67880,False,5,0.2857,0.141709,motorcycle
img_020543.jpg,mpn7049,mmp4421,False,6,0.1429,0.051026,motorcycle
img_020548.jpg,mqi6783,exve777,False,6,0.1429,0.014512,motorcycle
img_020549.jpg,hjo2485,byb8788,False,6,0.1429,0.038380,motorcycle
img_020554.jpg,kxn2215,kx11788,False,5,0.2857,0.292759,motorcycle
img_020564.jpg,msw4283,aze1783,False,5,0.2857,0.046823,motorcycle
img_020568.jpg,ppm1709,ppo9789,False,3,0.5714,0.615155,motorcycle
img_020570.jpg,ppr5542,ppp7898,False,5,0.2857,0.190496,motorcycle
img_020574.jpg,mpl7707,app7783,False,4,0.4286,0.283475,motorcycle
img_020577.jpg,hlc2481,hic6770,False,5,0.2857,0.011396,motorcycle
img_020580.jpg,prf7007,ppf7880,False,4,0.4286,0.507692,motorcycle
img_020583.jpg,ppw0768,pp67788,False,3,0.5714,0.488257,motorcycle
img_020587.jpg,odj2879,qbi9889,False,5,0.2857,0.166289,motorcycle
img_020589.jpg,ppj7470,ppy0798,False,5,0.2857,0.222692,motorcycle
img_020590.jpg,ppr1686,ppe7780,False,4,0.4286,0.226547,motorcycle
img_020597.jpg,qrd7892,qb97790,False,4,0.4286,0.020591,motorcycle
img_020600.jpg,mqv9691,mav8880,False,5,0.2857,0.111534,motorcycle
img_020601.jpg,odj5604,pg04288,False,7,0.0000,0.060618,motorcycle
img_020602.jpg,msb9683,ghsb722,False,6,0.1429,0.194131,motorcycle
img_020604.jpg,odg5912,qdg784,False,5,0.2857,0.109958,motorcycle
img_020609.jpg,odb2698,qbb7780,False,6,0.1429,0.273980,motorcycle
img_020610.jpg,odg5912,gd97840,False,6,0.1429,0.032613,motorcycle
img_020611.jpg,odr3327,qbr7714,False,6,0.1429,0.110284,motorcycle
img_020612.jpg,mtx7170,mtx771,False,2,0.7143,0.099521,motorcycle
img_020614.jpg,mtz5078,coz2488,False,5,0.2857,0.090424,motorcycle
img_020615.jpg,ppv9692,ppv7480,False,4,0.4286,0.060973,motorcycle
img_020618.jpg,odj0825,obj5842,False,4,0.4286,0.177173,motorcycle
img_020622.jpg,ocx8244,ocx4734,False,3,0.5714,0.116817,motorcycle
img_020623.jpg,ovj5300,py67880,False,6,0.1429,0.038084,motorcycle
img_020626.jpg,odr4648,qdi7784,False,6,0.1429,0.063708,motorcycle
img_020627.jpg,mtx4192,fti2782,False,5,0.2857,0.009071,motorcycle
img_020630.jpg,odn8534,opk4288,False,6,0.1429,0.288183,motorcycle
img_020633.jpg,ocw7196,qc32288,False,6,0.1429,0.137835,motorcycle
img_020634.jpg,odg5912,qd9334,False,6,0.1429,0.055851,motorcycle
img_020636.jpg,mtx9393,mi93788,False,5,0.2857,0.170222,motorcycle
img_020638.jpg,odc7430,odc4889,False,4,0.4286,0.063729,motorcycle
img_020642.jpg,odr5971,qbr7771,False,4,0.4286,0.092338,motorcycle
img_020643.jpg,odr2292,qbb7880,False,7,0.0000,0.066548,motorcycle
img_020644.jpg,ppp3129,bpp7882,False,5,0.2857,0.560149,motorcycle
img_020645.jpg,mrf8508,mpfe888,False,4,0.4286,0.217181,motorcycle
img_020647.jpg,qrd7892,qbb7892,False,2,0.7143,0.459531,motorcycle
img_020649.jpg,qrc1114,orc7884,False,4,0.4286,0.067687,motorcycle
img_020650.jpg,ppc8676,ppi6788,False,4,0.4286,0.561928,motorcycle
img_020653.jpg,mqs0401,mos7898,False,5,0.2857,0.088861,motorcycle
img_020654.jpg,odr4648,qdp8781,False,6,0.1429,0.059903,motorcycle
img_020658.jpg,ppo6851,ppu170,False,5,0.2857,0.053225,motorcycle
img_020659.jpg,mpv8198,mpv5724,False,4,0.4286,0.025427,motorcycle
img_020661.jpg,ppz2838,pp77880,False,4,0.4286,0.111449,motorcycle
img_020663.jpg,ppq3967,bpo7831,False,6,0.1429,0.031180,motorcycle
img_020664.jpg,ppp2156,bps7779,False,6,0.1429,0.165453,motorcycle
img_020666.jpg,mtg9119,gtg7780,False,5,0.2857,0.183078,motorcycle
img_020668.jpg,mqy3046,eqqy878,False,6,0.1429,0.113471,motorcycle
img_020675.jpg,msz1632,mb27892,False,5,0.2857,0.121571,motorcycle
img_020676.jpg,ove0989,dvf1888,False,5,0.2857,0.177234,motorcycle
img_020683.jpg,mrd1456,arb7788,False,6,0.1429,0.180148,motorcycle
img_020687.jpg,mtx4192,ait2789,False,6,0.1429,0.081566,motorcycle
img_020689.jpg,ppy6645,ppy5298,False,4,0.4286,0.115404,motorcycle
img_020693.jpg,odi1734,opi4851,False,5,0.2857,0.068183,motorcycle
img_020695.jpg,qrc1723,orc7892,False,5,0.2857,0.660260,motorcycle
img_020696.jpg,ppv8000,ppv7780,False,3,0.5714,0.515550,motorcycle
img_020699.jpg,ocx6654,gc54734,False,5,0.2857,0.081903,motorcycle
img_020702.jpg,mtz5078,co72778,False,5,0.2857,0.220530,motorcycle
img_020703.jpg,mss5191,emig918,False,6,0.1429,0.036476,motorcycle
img_020704.jpg,ppy6837,ppy7880,False,3,0.5714,0.294155,motorcycle
img_020708.jpg,ppv8396,pp96731,False,5,0.2857,0.035466,motorcycle
img_020709.jpg,hcw3772,bc22789,False,5,0.2857,0.191289,motorcycle
img_020710.jpg,ods1031,cops428,False,6,0.1429,0.179349,motorcycle
img_020711.jpg,kzi9639,kb93238,False,5,0.2857,0.136493,motorcycle
img_020712.jpg,ods0897,obs7838,False,4,0.4286,0.182287,motorcycle
img_020713.jpg,ppo2344,ppo7854,False,3,0.5714,0.062112,motorcycle
img_020716.jpg,mtt1831,wbi7280,False,7,0.0000,0.004454,motorcycle
img_020720.jpg,odt9878,ob18831,False,5,0.2857,0.041194,motorcycle
img_020721.jpg,odc7430,odc7878,False,3,0.5714,0.180579,motorcycle
img_020724.jpg,mqk5693,mok7884,False,5,0.2857,0.113626,motorcycle
img_020725.jpg,mqn4794,mo94798,False,3,0.5714,0.169064,motorcycle
img_020739.jpg,odk1170,odk4710,False,3,0.5714,0.105142,motorcycle
img_020743.jpg,msr1575,isj4488,False,6,0.1429,0.087155,motorcycle
img_020744.jpg,ppe0073,ppe7880,False,4,0.4286,0.681025,motorcycle
img_020748.jpg,ppq7827,pbq7882,False,3,0.5714,0.070559,motorcycle
img_020749.jpg,msv4983,asv4888,False,3,0.5714,0.093919,motorcycle
img_020755.jpg,ppy6491,ppy8840,False,4,0.4286,0.130851,motorcycle
img_020756.jpg,mtx7170,aty4899,False,6,0.1429,0.032873,motorcycle
img_020758.jpg,mrd3742,mb0779,False,5,0.2857,0.389560,motorcycle
img_020761.jpg,mqk8759,bo57728,False,6,0.1429,0.408047,motorcycle
img_020765.jpg,mqa5134,coa2294,False,5,0.2857,0.099963,motorcycle
img_020771.jpg,odj5461,pp67880,False,7,0.0000,0.091860,motorcycle
img_020775.jpg,msb9683,mmsb582,False,4,0.4286,0.215800,motorcycle
img_020777.jpg,mrt3912,bbr7780,False,7,0.0000,0.091587,motorcycle
img_020788.jpg,msk5541,msk4280,False,4,0.4286,0.268098,motorcycle
img_020789.jpg,ppi7591,ppe9128,False,5,0.2857,0.148571,motorcycle
img_020793.jpg,msz1632,ms22781,False,5,0.2857,0.094069,motorcycle
img_020798.jpg,ppb4172,ppb7892,False,3,0.5714,0.421535,motorcycle
img_020800.jpg,mst6448,ef41778,False,6,0.1429,0.073422,motorcycle
img_020803.jpg,mrf3594,mpf4788,False,5,0.2857,0.102525,motorcycle
img_020805.jpg,odr4648,qp17840,False,6,0.1429,0.049989,motorcycle
img_020806.jpg,oyg5604,py67789,False,6,0.1429,0.167785,motorcycle
img_020807.jpg,qrd7245,qr99771,False,5,0.2857,0.159865,motorcycle
img_020808.jpg,mtz5078,kot2584,False,6,0.1429,0.055112,motorcycle
img_020809.jpg,mtx4192,ait2788,False,7,0.0000,0.080198,motorcycle
img_020814.jpg,ppy6861,gpy882,False,4,0.4286,0.520994,motorcycle
img_020818.jpg,msa5116,csa2380,False,5,0.2857,0.058815,motorcycle
img_020821.jpg,qld0106,olo6788,False,6,0.1429,0.220105,motorcycle
img_020822.jpg,mtz5078,mc78788,False,5,0.2857,0.148766,motorcycle
img_020823.jpg,mtx4192,mi32790,False,5,0.2857,0.046292,motorcycle
img_020824.jpg,ovj6272,by72859,False,7,0.0000,0.147177,motorcycle
img_020826.jpg,ppy6861,ppy892,False,3,0.5714,0.803481,motorcycle
img_020827.jpg,msb9683,mmsb788,False,4,0.4286,0.041565,motorcycle
img_020830.jpg,qrb8036,brb7872,False,5,0.2857,0.178424,motorcycle
img_020837.jpg,pwy5444,bny7980,False,6,0.1429,0.031834,motorcycle
img_020839.jpg,msy7490,msy0288,False,4,0.4286,0.088985,motorcycle
img_020845.jpg,mrf3594,mrf4892,False,3,0.5714,0.104941,motorcycle
img_020847.jpg,ocw0270,ocy6778,False,4,0.4286,0.062214,motorcycle
img_020850.jpg,odr5971,ddr4280,False,5,0.2857,0.122582,motorcycle
img_020851.jpg,mqf4431,maf2280,False,5,0.2857,0.206140,motorcycle
img_020852.jpg,odr0461,qdr7884,False,5,0.2857,0.418737,motorcycle
img_020854.jpg,mtz5078,co72478,False,5,0.2857,0.103444,motorcycle
img_020857.jpg,msb9683,mhs8722,False,6,0.1429,0.054192,motorcycle
img_020863.jpg,msb9683,mm86729,False,6,0.1429,0.033344,motorcycle
img_020866.jpg,mss0438,ca87788,False,6,0.1429,0.116319,motorcycle
img_020870.jpg,qrc6942,qr67492,False,3,0.5714,0.082769,motorcycle
img_020895.jpg,ppz3755,pp37894,False,4,0.4286,0.158852,motorcycle
img_020902.jpg,odr5971,pdr4810,False,5,0.2857,0.100853,motorcycle
img_020909.jpg,odr5971,gbr8810,False,6,0.1429,0.078322,motorcycle
img_020915.jpg,qrc6942,orf7712,False,5,0.2857,0.070899,motorcycle
img_020920.jpg,oda5163,odfa888,False,5,0.2857,0.042380,motorcycle
img_020921.jpg,mss0688,oce8788,False,5,0.2857,0.063925,motorcycle
img_020923.jpg,oda1825,ibd6534,False,7,0.0000,0.112934,motorcycle
img_020926.jpg,msn5190,ci8r828,False,7,0.0000,0.043326,motorcycle
img_020928.jpg,msb1362,assb488,False,6,0.1429,0.093726,motorcycle
img_020929.jpg,msy7490,may7788,False,4,0.4286,0.020471,motorcycle
img_020930.jpg,qrd3816,bbi8788,False,7,0.0000,0.398739,motorcycle
img_020932.jpg,msb9683,msp3829,False,5,0.2857,0.216218,motorcycle
img_020934.jpg,msz1632,ams2483,False,5,0.2857,0.088733,motorcycle
img_020936.jpg,mtw6355,ga55782,False,7,0.0000,0.076545,motorcycle
img_020939.jpg,ppj2374,bb72894,False,5,0.2857,0.327654,motorcycle
img_020940.jpg,msy7374,isi4723,False,6,0.1429,0.141736,motorcycle
img_020943.jpg,mtx3303,mi33729,False,5,0.2857,0.036773,motorcycle
img_020944.jpg,odr4648,qdb7799,False,6,0.1429,0.023169,motorcycle
img_020949.jpg,msq7857,msg4831,False,4,0.4286,0.265138,motorcycle
img_020950.jpg,msb1362,ansb488,False,6,0.1429,0.058004,motorcycle
img_020954.jpg,ppk8700,bpo7788,False,5,0.2857,0.262663,motorcycle
img_020955.jpg,ove0989,ove5882,False,3,0.5714,0.308081,motorcycle
img_020959.jpg,oyk8491,byk4992,False,4,0.4286,0.326917,motorcycle
img_020961.jpg,mty0370,oby7248,False,6,0.1429,0.019602,motorcycle
img_020962.jpg,mss0528,os28788,False,5,0.2857,0.501062,motorcycle
img_020963.jpg,oye7425,qxe7832,False,5,0.2857,0.404295,motorcycle
img_020965.jpg,mtx3303,mi79778,False,6,0.1429,0.013919,motorcycle
img_020968.jpg,mst8655,bst7290,False,5,0.2857,0.226291,motorcycle
img_020969.jpg,mss0688,ws88788,False,4,0.4286,0.309853,motorcycle
img_020970.jpg,ppj7558,ppa8594,False,4,0.4286,0.084611,motorcycle
img_020976.jpg,msb9683,gmsb772,False,5,0.2857,0.114819,motorcycle
img_020979.jpg,hgq8971,bgp7899,False,5,0.2857,0.097292,motorcycle
img_020980.jpg,ppf2079,ppi4779,False,3,0.5714,0.114701,motorcycle
img_020991.jpg,mqm7120,mom0789,False,5,0.2857,0.131714,motorcycle
img_020992.jpg,ods0897,obs5880,False,4,0.4286,0.170829,motorcycle
img_020993.jpg,msm0075,mo59488,False,6,0.1429,0.152298,motorcycle
img_020994.jpg,odg0049,odg7838,False,4,0.4286,0.081796,motorcycle
img_020996.jpg,mtx3303,mi33579,False,5,0.2857,0.030971,motorcycle
img_020999.jpg,odr4648,qdb7799,False,6,0.1429,0.072545,motorcycle
img_021000.jpg,mtx4192,mi22580,False,6,0.1429,0.151554,motorcycle
img_021005.jpg,msb9683,mmsb782,False,4,0.4286,0.156744,motorcycle
img_021006.jpg,odg5912,odg7880,False,4,0.4286,0.071858,motorcycle
img_021013.jpg,ppn3906,epa1788,False,6,0.1429,0.100892,motorcycle
img_021015.jpg,msd4007,aso7783,False,6,0.1429,0.190785,motorcycle
img_021016.jpg,mts6787,phis522,False,7,0.0000,0.035809,motorcycle
img_021020.jpg,ppo2162,bpo7774,False,5,0.2857,0.135502,motorcycle
img_021022.jpg,odg8591,opg4788,False,5,0.2857,0.209167,motorcycle
img_021025.jpg,mtg1525,msgg788,False,5,0.2857,0.377472,motorcycle
img_021029.jpg,oye7425,dxe7982,False,5,0.2857,0.036763,motorcycle
img_021032.jpg,mta7027,am27779,False,6,0.1429,0.025378,motorcycle
img_021033.jpg,msm6217,gz51428,False,7,0.0000,0.038981,motorcycle
img_021036.jpg,ocw9063,oci7788,False,5,0.2857,0.441833,motorcycle
img_021037.jpg,ppg5798,ppg7832,False,4,0.4286,0.251164,motorcycle
img_021042.jpg,mqk8749,bok7238,False,6,0.1429,0.183289,motorcycle
img_021047.jpg,mtw6413,gai1788,False,7,0.0000,0.177314,motorcycle
img_021048.jpg,oyk5122,gv37982,False,6,0.1429,0.088259,motorcycle
img_021052.jpg,msn5190,ci9i177,False,6,0.1429,0.012102,motorcycle
img_021054.jpg,odr4648,qdi7774,False,6,0.1429,0.012095,motorcycle
img_021057.jpg,ppi7591,ppi1880,False,4,0.4286,0.045846,motorcycle
img_021059.jpg,oyg9071,gog8789,False,6,0.1429,0.069497,motorcycle
img_021060.jpg,odm9555,od95790,False,4,0.4286,0.016026,motorcycle
img_021068.jpg,mtx3303,bj93770,False,6,0.1429,0.105177,motorcycle
img_021071.jpg,odr4648,qdi7781,False,6,0.1429,0.113809,motorcycle
img_021072.jpg,msk4371,ask420,False,4,0.4286,0.219847,motorcycle
img_021075.jpg,mtx7170,atx4781,False,5,0.2857,0.050978,motorcycle
img_021076.jpg,odq7718,odi8788,False,3,0.5714,0.246718,motorcycle
img_021077.jpg,oyh9499,byv4429,False,4,0.4286,0.010609,motorcycle
img_021080.jpg,mta7423,ma23789,False,6,0.1429,0.180999,motorcycle
img_021086.jpg,odi8520,bs20788,False,7,0.0000,0.537836,motorcycle
img_021087.jpg,odr4648,qdi7774,False,6,0.1429,0.085236,motorcycle
img_021088.jpg,mqx7585,m8x7788,False,3,0.5714,0.165526,motorcycle
img_021091.jpg,odr5971,gbr4280,False,6,0.1429,0.087653,motorcycle
img_021092.jpg,mtz5078,mo25780,False,4,0.4286,0.108153,motorcycle
img_021093.jpg,ppg5798,ppa7280,False,4,0.4286,0.119545,motorcycle
img_021094.jpg,ppw3684,ppw7720,False,4,0.4286,0.286298,motorcycle
img_021096.jpg,ppx8483,bp97880,False,5,0.2857,0.280997,motorcycle
img_021100.jpg,ods5406,cpo8788,False,7,0.0000,0.299775,motorcycle
img_021101.jpg,odr4648,qdi7788,False,5,0.2857,0.259962,motorcycle
img_021103.jpg,ppq1376,pp0877,False,4,0.4286,0.138820,motorcycle
img_021104.jpg,qrd7245,qr97890,False,4,0.4286,0.085537,motorcycle
img_021108.jpg,ppt5927,ep78880,False,6,0.1429,0.049634,motorcycle
img_021110.jpg,ppo2334,ppq2880,False,4,0.4286,0.187929,motorcycle
img_021111.jpg,mtw4082,cibi278,False,7,0.0000,0.287304,motorcycle
img_021113.jpg,mse2679,egse988,False,6,0.1429,0.009819,motorcycle
img_021114.jpg,odj5550,pp50778,False,7,0.0000,0.286282,motorcycle
img_021119.jpg,msu3143,msu8894,False,4,0.4286,0.336957,motorcycle
img_021121.jpg,qrb7513,orb7890,False,4,0.4286,0.128787,motorcycle
img_021123.jpg,odm9555,ob5779,False,6,0.1429,0.101591,motorcycle
img_021124.jpg,mst6448,es14780,False,5,0.2857,0.035356,motorcycle
img_021127.jpg,mpx7232,ipy4894,False,6,0.1429,0.026093,motorcycle
img_021130.jpg,odp7687,oop171,False,5,0.2857,0.088809,motorcycle
img_021133.jpg,msx5054,fobx429,False,7,0.0000,0.066770,motorcycle
img_021134.jpg,mrs6505,ms88738,False,6,0.1429,0.076480,motorcycle
img_021144.jpg,mqk2538,eg93788,False,6,0.1429,0.013616,motorcycle
img_021146.jpg,ppm5128,ep24748,False,5,0.2857,0.101894,motorcycle
img_021150.jpg,oyk5157,cy55788,False,5,0.2857,0.014521,motorcycle
img_021152.jpg,msn5190,eisy177,False,6,0.1429,0.060249,motorcycle
img_021154.jpg,mtr4817,mtr4291,False,3,0.5714,0.124717,motorcycle
img_021156.jpg,ppu9960,ppu1880,False,3,0.5714,0.255979,motorcycle
img_021159.jpg,ppp2231,ppp4880,False,4,0.4286,0.246594,motorcycle
img_021173.jpg,mtz5078,mo77788,False,5,0.2857,0.027944,motorcycle
img_021174.jpg,mtx3303,bt93789,False,5,0.2857,0.035624,motorcycle
img_021175.jpg,mqn6010,go12889,False,7,0.0000,0.149594,motorcycle
img_021176.jpg,mqs0401,mos8892,False,5,0.2857,0.091922,motorcycle
img_021177.jpg,mtx7170,atx4780,False,4,0.4286,0.103954,motorcycle
img_021178.jpg,odr4648,odr7729,False,4,0.4286,0.107868,motorcycle
img_021181.jpg,ode6539,obe7880,False,5,0.2857,0.081431,motorcycle
img_021190.jpg,msp0314,aspa788,False,5,0.2857,0.203241,motorcycle
img_021193.jpg,msb9683,gmsb182,False,4,0.4286,0.072850,motorcycle
img_021195.jpg,odk1170,podk488,False,5,0.2857,0.085271,motorcycle
img_021196.jpg,mqa5134,ep42280,False,7,0.0000,0.155281,motorcycle
img_021197.jpg,odj2785,bbb8788,False,5,0.2857,0.163863,motorcycle
img_021200.jpg,mtz0686,q827834,False,7,0.0000,0.153743,motorcycle
img_021201.jpg,msm6217,gz51788,False,7,0.0000,0.324345,motorcycle
img_021203.jpg,ppv5696,ppy2792,False,4,0.4286,0.038296,motorcycle
img_021206.jpg,ppg9448,pp97880,False,4,0.4286,0.222463,motorcycle
img_021207.jpg,hit8129,bi29788,False,6,0.1429,0.564178,motorcycle
img_021208.jpg,odi1734,opi7792,False,4,0.4286,0.040132,motorcycle
img_021209.jpg,ppi6013,ppi3780,False,4,0.4286,0.232715,motorcycle
img_021210.jpg,mtx7170,avo470,False,5,0.2857,0.098160,motorcycle
img_021212.jpg,msx5018,eoi4783,False,7,0.0000,0.110440,motorcycle
img_021220.jpg,odq7860,cb60778,False,7,0.0000,0.155138,motorcycle
img_021223.jpg,qrb1552,crb8844,False,5,0.2857,0.143315,motorcycle
img_021235.jpg,mtu3874,aby4288,False,7,0.0000,0.084398,motorcycle
img_021236.jpg,ocv1472,ocy4539,False,5,0.2857,0.043957,motorcycle
img_021238.jpg,ppi2601,bp97788,False,6,0.1429,0.079631,motorcycle
img_021241.jpg,mti0948,mt18780,False,5,0.2857,0.186008,motorcycle
img_021242.jpg,mqk5693,mox7890,False,5,0.2857,0.132321,motorcycle
img_021246.jpg,ppb4172,lpb7834,False,5,0.2857,0.060579,motorcycle
img_021248.jpg,ppf4854,ffa2384,False,6,0.1429,0.245300,motorcycle
img_021249.jpg,oyj4153,dv377,False,7,0.0000,0.266043,motorcycle
img_021250.jpg,ppx9472,ppy2788,False,5,0.2857,0.291896,motorcycle
img_021254.jpg,odb4107,copb778,False,6,0.1429,0.125005,motorcycle
img_021255.jpg,oyi8248,axa1338,False,6,0.1429,0.062138,motorcycle
img_021259.jpg,mtq4574,anta478,False,5,0.2857,0.096396,motorcycle
img_021260.jpg,pph9410,ppi0788,False,5,0.2857,0.150957,motorcycle
img_021261.jpg,msk4371,ask4880,False,4,0.4286,0.512133,motorcycle
img_021263.jpg,msn6556,bs54728,False,6,0.1429,0.051834,motorcycle
img_021264.jpg,ppq2813,ppo2780,False,4,0.4286,0.079878,motorcycle
img_021266.jpg,qrd2890,qbd7780,False,4,0.4286,0.119047,motorcycle
img_021268.jpg,msz1632,ma82788,False,6,0.1429,0.140923,motorcycle
img_021271.jpg,ppn3906,ppa7770,False,5,0.2857,0.129475,motorcycle
img_021274.jpg,qrb7513,qrb7834,False,3,0.5714,0.104097,motorcycle
img_021276.jpg,ppr9707,ppo7774,False,4,0.4286,0.231817,motorcycle
img_021277.jpg,mqy0742,m7x7890,False,6,0.1429,0.127466,motorcycle
img_021284.jpg,ppc4324,pp24780,False,4,0.4286,0.534698,motorcycle
img_021289.jpg,mtt1831,fixt778,False,7,0.0000,0.021442,motorcycle
img_021291.jpg,mtb6695,mtp5899,False,4,0.4286,0.072947,motorcycle
img_021296.jpg,mtb7542,wib7880,False,5,0.2857,0.132459,motorcycle
img_021297.jpg,mtz5078,eot3778,False,5,0.2857,0.095299,motorcycle
img_021298.jpg,nsr9144,aif4488,False,7,0.0000,0.136975,motorcycle
img_021299.jpg,odr4648,qdi7781,False,6,0.1429,0.149568,motorcycle
img_021307.jpg,oyi2833,zb93789,False,7,0.0000,0.304658,motorcycle
img_021313.jpg,ppi2609,bp99782,False,6,0.1429,0.094697,motorcycle
img_021323.jpg,odr5971,cdr4210,False,5,0.2857,0.160152,motorcycle
img_021324.jpg,ppb4271,lpb1888,False,5,0.2857,0.042045,motorcycle
img_021326.jpg,mst6448,esa4780,False,5,0.2857,0.044171,motorcycle
img_021327.jpg,odr4281,ddr429,False,3,0.5714,0.231785,motorcycle
img_021330.jpg,msz1632,ms32780,False,5,0.2857,0.563312,motorcycle
img_021331.jpg,msy7490,may0488,False,4,0.4286,0.078477,motorcycle
img_021336.jpg,mqx7585,moy7892,False,5,0.2857,0.481342,motorcycle
img_021337.jpg,mtz5078,mt75789,False,3,0.5714,0.113179,motorcycle
img_021342.jpg,ppo6851,ppo7780,False,4,0.4286,0.148851,motorcycle
img_021344.jpg,mqa5518,ngia788,False,6,0.1429,0.264953,motorcycle
img_021347.jpg,msz1632,ms27810,False,5,0.2857,0.097219,motorcycle
img_021349.jpg,msa8782,esb2773,False,5,0.2857,0.485290,motorcycle
img_021356.jpg,odk3177,odr4897,False,4,0.4286,0.051188,motorcycle
img_021359.jpg,odr4648,qdi7781,False,6,0.1429,0.124618,motorcycle
img_021367.jpg,mtx4192,ai22782,False,6,0.1429,0.124688,motorcycle
img_021370.jpg,mqt7091,wo9r788,False,7,0.0000,0.075619,motorcycle
img_021374.jpg,odl8131,odi7792,False,5,0.2857,0.116004,motorcycle
img_021376.jpg,ppq2938,ppo7849,False,5,0.2857,0.064093,motorcycle
img_021385.jpg,mss0688,ogs8789,False,5,0.2857,0.068682,motorcycle
img_021386.jpg,msm6217,czz1428,False,7,0.0000,0.014316,motorcycle
img_021388.jpg,odr4648,qd65729,False,6,0.1429,0.031455,motorcycle
img_021391.jpg,pwq6966,ev66788,False,6,0.1429,0.101428,motorcycle
img_021392.jpg,mqv3620,mbv4780,False,4,0.4286,0.085086,motorcycle
img_021395.jpg,odc1091,ioo5779,False,6,0.1429,0.047197,motorcycle
img_021396.jpg,qrd3846,qri7778,False,5,0.2857,0.149202,motorcycle
img_021397.jpg,ppb4183,lpp8728,False,5,0.2857,0.104849,motorcycle
img_021399.jpg,pps7339,pps9270,False,4,0.4286,0.082926,motorcycle
img_021400.jpg,qrd3765,qrb7780,False,4,0.4286,0.061832,motorcycle
img_021401.jpg,msz1632,ms82789,False,5,0.2857,0.417090,motorcycle
img_021402.jpg,mts7826,mb88788,False,5,0.2857,0.577495,motorcycle
img_021407.jpg,ocw9063,g687238,False,7,0.0000,0.082467,motorcycle
img_021408.jpg,mrm0231,orw488,False,6,0.1429,0.184028,motorcycle
img_021409.jpg,mrf3594,mrf4884,False,3,0.5714,0.074983,motorcycle
img_021413.jpg,mqk2538,egok678,False,6,0.1429,0.433442,motorcycle
img_021415.jpg,ppu0054,bdu4792,False,6,0.1429,0.048782,motorcycle
img_021416.jpg,odn9541,obn7892,False,5,0.2857,0.146393,motorcycle
img_021417.jpg,ppe9082,ppb6728,False,5,0.2857,0.050192,motorcycle
img_021424.jpg,mtm4318,my19788,False,5,0.2857,0.163519,motorcycle
img_021425.jpg,msz1632,mm82781,False,6,0.1429,0.208041,motorcycle
img_021435.jpg,odr4281,dbr4280,False,3,0.5714,0.075218,motorcycle
img_021440.jpg,pph9410,ppi0788,False,5,0.2857,0.925493,motorcycle
img_021444.jpg,ppe5811,ippe728,False,5,0.2857,0.079546,motorcycle
img_021446.jpg,mta5460,bta4880,False,4,0.4286,0.097385,motorcycle
img_021451.jpg,ppm9537,pph7788,False,5,0.2857,0.230887,motorcycle
img_021453.jpg,oye8534,bye7882,False,5,0.2857,0.259577,motorcycle
img_021455.jpg,ppr1624,pp24281,False,5,0.2857,0.096433,motorcycle
img_021456.jpg,odg8560,bp67738,False,7,0.0000,0.287655,motorcycle
img_021458.jpg,ppv4671,aby7892,False,7,0.0000,0.314750,motorcycle
img_021463.jpg,mru6781,mru1880,False,3,0.5714,0.190612,motorcycle
img_021466.jpg,msy6012,gov7738,False,7,0.0000,0.034694,motorcycle
img_021467.jpg,odr4281,dzr4780,False,4,0.4286,0.430137,motorcycle
img_021468.jpg,odj2901,apo1743,False,7,0.0000,0.031887,motorcycle
img_021477.jpg,mrb5311,frb4880,False,5,0.2857,0.012356,motorcycle
img_021478.jpg,oye8536,bye2738,False,4,0.4286,0.187773,motorcycle
img_021479.jpg,ocx6648,cc97884,False,6,0.1429,0.129447,motorcycle
img_021481.jpg,mto2737,at94830,False,5,0.2857,0.073096,motorcycle
img_021484.jpg,msm6217,gmzi728,False,6,0.1429,0.050153,motorcycle
img_021485.jpg,mty1863,mbj4890,False,5,0.2857,0.047955,motorcycle
img_021486.jpg,ppi2601,ipp1288,False,5,0.2857,0.240909,motorcycle
img_021488.jpg,msy1536,is34778,False,6,0.1429,0.050347,motorcycle
img_021491.jpg,odt7622,ob22774,False,6,0.1429,0.197823,motorcycle
img_021494.jpg,odr4281,ddr4777,False,4,0.4286,0.257726,motorcycle
img_021496.jpg,oyd2830,dvp4789,False,7,0.0000,0.197543,motorcycle
img_021498.jpg,pyo7556,pyg8892,False,5,0.2857,0.323868,motorcycle
img_021499.jpg,msz1632,ms27892,False,4,0.4286,0.121522,motorcycle
img_021501.jpg,ppo2334,ppq2880,False,4,0.4286,0.167193,motorcycle
img_021503.jpg,odr4648,odp4779,False,4,0.4286,0.120713,motorcycle
img_021505.jpg,ppo6851,ppo870,False,3,0.5714,0.144274,motorcycle
img_021509.jpg,mty6860,mty2814,False,3,0.5714,0.020228,motorcycle
img_021514.jpg,ocw7196,qc54780,False,6,0.1429,0.102070,motorcycle
img_021515.jpg,mrm4703,wi99788,False,6,0.1429,0.022136,motorcycle
img_021517.jpg,msk1452,mask420,False,4,0.4286,0.269276,motorcycle
img_021520.jpg,msz1632,ms27872,False,4,0.4286,0.061132,motorcycle
img_021523.jpg,mst0406,ms66789,False,5,0.2857,0.069548,motorcycle
img_021524.jpg,odt1955,pbi7792,False,7,0.0000,0.442657,motorcycle
img_021525.jpg,mqi6783,eg98778,False,6,0.1429,0.068706,motorcycle
img_021529.jpg,ppu0071,ppu8314,False,4,0.4286,0.208897,motorcycle
img_021531.jpg,mtg1525,msgg428,False,4,0.4286,0.116093,motorcycle
img_021533.jpg,mtz5078,cot2781,False,6,0.1429,0.101492,motorcycle
img_021534.jpg,ppb5824,ipb4788,False,5,0.2857,0.142414,motorcycle
img_021538.jpg,oye8534,bv27880,False,7,0.0000,0.073407,motorcycle
img_021540.jpg,mtx3303,mi93480,False,5,0.2857,0.052797,motorcycle
img_021541.jpg,mtx7170,mtx471,False,3,0.5714,0.230083,motorcycle
img_021542.jpg,odr2292,qdr7720,False,5,0.2857,0.103717,motorcycle
img_021543.jpg,mqk5693,mok4899,False,4,0.4286,0.187472,motorcycle
img_021544.jpg,ppk8713,ppi4891,False,4,0.4286,0.091624,motorcycle
img_021545.jpg,msm6217,g251783,False,7,0.0000,0.009080,motorcycle
img_021553.jpg,odc3096,dbc7728,False,6,0.1429,0.109319,motorcycle
img_021560.jpg,odc7430,odc7899,False,3,0.5714,0.666390,motorcycle
img_021564.jpg,mtx4192,aif2788,False,7,0.0000,0.082848,motorcycle
img_021565.jpg,ppt8243,bp47480,False,6,0.1429,0.075588,motorcycle
img_021568.jpg,ppp2231,bpp7880,False,5,0.2857,0.146398,motorcycle
img_021573.jpg,odg5912,odg5840,False,3,0.5714,0.254804,motorcycle
img_021574.jpg,mtx7170,aix0480,False,5,0.2857,0.032321,motorcycle
img_021577.jpg,msz1632,ms82789,False,5,0.2857,0.186760,motorcycle
img_021579.jpg,odg5912,odg7899,False,4,0.4286,0.170103,motorcycle
img_021586.jpg,msm6217,gm5m288,False,5,0.2857,0.065941,motorcycle
img_021588.jpg,qrb7513,orb7880,False,4,0.4286,0.694705,motorcycle
img_021589.jpg,mpx7232,ipy4880,False,6,0.1429,0.062476,motorcycle
img_021591.jpg,oyf9726,gyz6788,False,5,0.2857,0.233758,motorcycle
img_021595.jpg,ppp3129,bpp7780,False,5,0.2857,0.332503,motorcycle
img_021597.jpg,mpn7049,mp44239,False,4,0.4286,0.224644,motorcycle
img_021599.jpg,ocw7196,qc86288,False,6,0.1429,0.109242,motorcycle
img_021600.jpg,mtx3303,bj99780,False,7,0.0000,0.075931,motorcycle
img_021602.jpg,mtx4192,aif2788,False,7,0.0000,0.027354,motorcycle
img_021606.jpg,ppb4271,lpi7882,False,6,0.1429,0.126651,motorcycle
img_021607.jpg,mtx7170,bit0280,False,6,0.1429,0.016384,motorcycle
img_021613.jpg,ods1031,iop5720,False,7,0.0000,0.095697,motorcycle
img_021615.jpg,mtb2702,xtf2580,False,5,0.2857,0.062403,motorcycle
img_021621.jpg,mqn6010,go16781,False,6,0.1429,0.060776,motorcycle
img_021624.jpg,odk5928,obe7710,False,6,0.1429,0.140841,motorcycle
img_021625.jpg,ppr1686,iffb778,False,7,0.0000,0.379566,motorcycle
img_021626.jpg,oyd1821,ovp1880,False,4,0.4286,0.076295,motorcycle
img_021631.jpg,msv4983,asp7788,False,5,0.2857,0.255361,motorcycle
img_021634.jpg,odt5939,obi4880,False,6,0.1429,0.303300,motorcycle
img_021635.jpg,ppd4749,ppd5747,False,2,0.7143,0.052729,motorcycle
img_021640.jpg,ppm2930,bp90778,False,6,0.1429,0.055213,motorcycle
img_021644.jpg,mtx3303,bj3578,False,6,0.1429,0.246693,motorcycle
img_021647.jpg,ppi2609,pp99330,False,5,0.2857,0.112442,motorcycle
img_021649.jpg,oyj0303,oy37892,False,5,0.2857,0.611738,motorcycle
img_021652.jpg,ppi1928,psp8728,False,4,0.4286,0.086601,motorcycle
img_021655.jpg,mqh2561,mol4288,False,6,0.1429,0.012935,motorcycle
img_021657.jpg,odr4648,qdr7714,False,5,0.2857,0.040432,motorcycle
img_021658.jpg,mtx3303,mj93789,False,5,0.2857,0.128819,motorcycle
img_021661.jpg,mto2737,at94830,False,5,0.2857,0.135610,motorcycle
img_021662.jpg,mtx4192,aif7429,False,6,0.1429,0.029197,motorcycle
img_021672.jpg,hga4856,hzga788,False,4,0.4286,0.038869,motorcycle
img_021677.jpg,pyo7556,py08880,False,5,0.2857,0.103408,motorcycle
img_021681.jpg,msk4371,ask4880,False,4,0.4286,0.673828,motorcycle
img_021684.jpg,ods0652,obs7898,False,5,0.2857,0.083707,motorcycle
img_021687.jpg,oyg8993,by67880,False,6,0.1429,0.177445,motorcycle
img_021693.jpg,msz1632,ms87789,False,5,0.2857,0.232439,motorcycle
img_021697.jpg,mqk5693,mox7894,False,5,0.2857,0.531952,motorcycle
img_021698.jpg,mst6448,es14788,False,5,0.2857,0.122066,motorcycle
img_021700.jpg,mtx3303,ebo3780,False,6,0.1429,0.122582,motorcycle
img_021707.jpg,mse7469,vji4778,False,7,0.0000,0.034120,motorcycle
img_021708.jpg,mss0438,cap8788,False,6,0.1429,0.115496,motorcycle
img_021710.jpg,qrb8036,brb7789,False,5,0.2857,0.162219,motorcycle
img_021712.jpg,msk0637,ask4888,False,5,0.2857,0.024507,motorcycle
img_021713.jpg,mtd6571,bs71489,False,7,0.0000,0.044148,motorcycle
img_021719.jpg,msw9842,msa2788,False,5,0.2857,0.488169,motorcycle
img_021720.jpg,odr2292,qbb7880,False,7,0.0000,0.054569,motorcycle
img_021721.jpg,mtx4192,at22781,False,6,0.1429,0.020440,motorcycle
img_021725.jpg,odr4281,ddr4299,False,3,0.5714,0.802759,motorcycle
img_021728.jpg,mqk5693,mok7880,False,5,0.2857,0.644277,motorcycle
img_021730.jpg,oyg9071,dyg4880,False,5,0.2857,0.089332,motorcycle
img_021732.jpg,odr5971,qdr729,False,5,0.2857,0.141541,motorcycle
img_021734.jpg,prf7007,ipp7788,False,6,0.1429,0.067490,motorcycle
img_021735.jpg,pyo7556,py68870,False,5,0.2857,0.050434,motorcycle
img_021737.jpg,mqk5693,mok5892,False,3,0.5714,0.297831,motorcycle
img_021739.jpg,mtx3303,a303789,False,6,0.1429,0.074290,motorcycle
img_021740.jpg,mtz5078,ec78788,False,6,0.1429,0.146078,motorcycle
img_021744.jpg,ppm4442,pp42729,False,4,0.4286,0.236394,motorcycle
img_021746.jpg,ppl1634,ppi7788,False,5,0.2857,0.204846,motorcycle
img_021747.jpg,mtx4192,ci22782,False,6,0.1429,0.030662,motorcycle
img_021755.jpg,mtx7170,mtx4817,False,3,0.5714,0.139493,motorcycle
img_021756.jpg,mqi4612,emo1252,False,6,0.1429,0.041044,motorcycle
img_021757.jpg,mtr1107,mtr7880,False,4,0.4286,0.141409,motorcycle
img_021760.jpg,pyo7556,py07770,False,4,0.4286,0.088252,motorcycle
img_021774.jpg,ppr9691,ppr7880,False,4,0.4286,0.651978,motorcycle
img_021778.jpg,mqk9103,mov7882,False,6,0.1429,0.238736,motorcycle
img_021779.jpg,mtu3834,atu581,False,4,0.4286,0.229752,motorcycle
img_021782.jpg,odj5550,pp56488,False,7,0.0000,0.149748,motorcycle
img_021785.jpg,ppw0768,pp68788,False,3,0.5714,0.168976,motorcycle
img_021786.jpg,ovf6439,gvi4738,False,5,0.2857,0.070466,motorcycle
img_021787.jpg,mtz8867,bb77739,False,7,0.0000,0.080748,motorcycle
img_021788.jpg,odg8591,qpg4788,False,6,0.1429,0.316618,motorcycle
img_021792.jpg,msm6217,g251478,False,7,0.0000,0.145577,motorcycle
img_021793.jpg,odr2292,qbi7781,False,7,0.0000,0.219355,motorcycle
img_021798.jpg,mtx4192,aif2780,False,7,0.0000,0.030833,motorcycle
img_021801.jpg,ppl0587,pbi7838,False,6,0.1429,0.147979,motorcycle
img_021802.jpg,ppv8455,bap5480,False,6,0.1429,0.196237,motorcycle
img_021803.jpg,mtz0743,op2480,False,7,0.0000,0.150071,motorcycle
img_021816.jpg,odr4648,odr7779,False,4,0.4286,0.092083,motorcycle
img_021817.jpg,ppi2601,bp97280,False,5,0.2857,0.039384,motorcycle
img_021821.jpg,mtx7170,atp4780,False,5,0.2857,0.034639,motorcycle
img_021826.jpg,ntn0127,otj7748,False,6,0.1429,0.076991,motorcycle
img_021828.jpg,odb7075,oop5778,False,5,0.2857,0.075044,motorcycle
img_021829.jpg,odr5971,odr4870,False,3,0.5714,0.100811,motorcycle
img_021831.jpg,mrl6748,gri7838,False,5,0.2857,0.393297,motorcycle
img_021833.jpg,mpl5792,kye1288,False,7,0.0000,0.047446,motorcycle
img_021835.jpg,ppb4172,ppp7892,False,4,0.4286,0.427791,motorcycle
img_021839.jpg,mrf3594,mrf2888,False,4,0.4286,0.179186,motorcycle
img_021841.jpg,odr2292,qdr7730,False,5,0.2857,0.028954,motorcycle
img_021846.jpg,mtx4192,aif2780,False,7,0.0000,0.277116,motorcycle
img_021848.jpg,mtz5078,koz3528,False,5,0.2857,0.028996,motorcycle
img_021851.jpg,ppo7552,pp97840,False,4,0.4286,0.043688,motorcycle
img_021854.jpg,odc1091,poo6781,False,6,0.1429,0.018449,motorcycle
img_021857.jpg,odr5971,odr8891,False,3,0.5714,0.010219,motorcycle
img_021858.jpg,ppu6260,ipp6778,False,5,0.2857,0.303436,motorcycle
img_021861.jpg,odr4648,qd17774,False,6,0.1429,0.127910,motorcycle
img_021862.jpg,mto2737,bi88888,False,7,0.0000,0.024967,motorcycle
img_021864.jpg,mtx4192,nib2781,False,7,0.0000,0.032838,motorcycle
img_021865.jpg,mru5943,wru7838,False,5,0.2857,0.268082,motorcycle
img_021873.jpg,ppy6491,ppy874,False,4,0.4286,0.351019,motorcycle
img_021876.jpg,mtq4613,aitia48,False,7,0.0000,0.055844,motorcycle
img_021879.jpg,mqk5693,mok7880,False,5,0.2857,0.206940,motorcycle
img_021888.jpg,msa2099,msa7789,False,3,0.5714,0.318891,motorcycle
img_021891.jpg,odl8131,obi7738,False,5,0.2857,0.482327,motorcycle
img_021893.jpg,msz1632,nsz7881,False,5,0.2857,0.038924,motorcycle
img_021895.jpg,ppr5542,ppr7880,False,4,0.4286,0.362382,motorcycle
img_021898.jpg,mti0948,qti8780,False,5,0.2857,0.059920,motorcycle
img_021903.jpg,oyd1815,ixig789,False,7,0.0000,0.092338,motorcycle
img_021904.jpg,ppj5007,epo7788,False,6,0.1429,0.144931,motorcycle
img_021906.jpg,mtx3303,bid3578,False,6,0.1429,0.098194,motorcycle
img_021907.jpg,msb1362,ehsb478,False,6,0.1429,0.060559,motorcycle
img_021908.jpg,odr4648,qd17780,False,6,0.1429,0.093421,motorcycle
img_021910.jpg,mtv7260,cz6v278,False,6,0.1429,0.017097,motorcycle
img_021911.jpg,odc1091,ooc7770,False,5,0.2857,0.193601,motorcycle
img_021912.jpg,odr2292,qdr7740,False,5,0.2857,0.160942,motorcycle
img_021913.jpg,msz1632,ms27792,False,4,0.4286,0.185355,motorcycle
img_021915.jpg,odr4648,qdi7779,False,6,0.1429,0.202915,motorcycle
img_021916.jpg,msb1362,cisb788,False,6,0.1429,0.108267,motorcycle
img_021917.jpg,mtx4192,aif2589,False,7,0.0000,0.138353,motorcycle
img_021919.jpg,msb9683,gmsb372,False,5,0.2857,0.306879,motorcycle
img_021927.jpg,mrb8847,bs82880,False,6,0.1429,0.038894,motorcycle
img_021928.jpg,oyd2826,byp7789,False,6,0.1429,0.099390,motorcycle
img_021929.jpg,mtx4192,aif2782,False,6,0.1429,0.081354,motorcycle
img_021934.jpg,mty1911,agt7489,False,7,0.0000,0.094712,motorcycle
img_021936.jpg,odt6046,gdi6748,False,4,0.4286,0.281754,motorcycle
img_021937.jpg,msb1362,husb483,False,6,0.1429,0.104942,motorcycle
img_021942.jpg,msb1362,cisbb78,False,6,0.1429,0.122927,motorcycle
img_021944.jpg,msb9683,ms82729,False,5,0.2857,0.330246,motorcycle
img_021946.jpg,odr2292,qbb7731,False,7,0.0000,0.060175,motorcycle
img_021947.jpg,mtx4192,aif7788,False,7,0.0000,0.047390,motorcycle
img_021948.jpg,ppj2250,pp50280,False,3,0.5714,0.466379,motorcycle
img_021949.jpg,msp0314,ossp478,False,6,0.1429,0.201616,motorcycle
img_021951.jpg,msb1362,hysb488,False,6,0.1429,0.057053,motorcycle
img_021952.jpg,mtz0696,otz3228,False,5,0.2857,0.014366,motorcycle
img_021953.jpg,ppn3906,pp07280,False,5,0.2857,0.132471,motorcycle
img_021954.jpg,ppb4231,lpb4288,False,3,0.5714,0.123399,motorcycle
img_021955.jpg,ppm1677,pp17788,False,4,0.4286,0.195182,motorcycle
img_021958.jpg,odr4648,qbi8770,False,7,0.0000,0.052590,motorcycle
img_021959.jpg,mtx4192,miz2780,False,6,0.1429,0.183959,motorcycle
img_021961.jpg,ppt7234,ip74480,False,6,0.1429,0.063494,motorcycle
img_021962.jpg,msz1632,ms27890,False,5,0.2857,0.077773,motorcycle
img_021970.jpg,ocx0555,osy6789,False,6,0.1429,0.063537,motorcycle
img_021972.jpg,ntn0127,enin748,False,6,0.1429,0.411306,motorcycle
img_021976.jpg,mtx4192,aidx780,False,7,0.0000,0.113130,motorcycle
img_021979.jpg,mtx3303,v314578,False,7,0.0000,0.036123,motorcycle
img_021980.jpg,odr4648,qpb7771,False,7,0.0000,0.065430,motorcycle
img_021981.jpg,ppm1709,pp97870,False,4,0.4286,0.036118,motorcycle
img_021982.jpg,mtx4192,ai22780,False,7,0.0000,0.124765,motorcycle
img_021983.jpg,msb9683,gmsb182,False,4,0.4286,0.147250,motorcycle
img_021992.jpg,mtx3303,eio3789,False,6,0.1429,0.088383,motorcycle
img_021993.jpg,odt6046,odi8789,False,5,0.2857,0.160364,motorcycle
img_021994.jpg,mtx4192,at22780,False,6,0.1429,0.036972,motorcycle
img_021995.jpg,ppo7552,ppp7889,False,4,0.4286,0.053680,motorcycle
img_021997.jpg,ppo2162,bp27882,False,5,0.2857,0.063917,motorcycle
img_021999.jpg,msn3644,msr7788,False,5,0.2857,0.053247,motorcycle
img_022000.jpg,odr4648,od14781,False,4,0.4286,0.126469,motorcycle
img_022001.jpg,mtz8867,bt77788,False,6,0.1429,0.129086,motorcycle
img_022002.jpg,ode2126,qpe7792,False,6,0.1429,0.359241,motorcycle
img_022004.jpg,odt6046,pdi7748,False,5,0.2857,0.112067,motorcycle
img_022005.jpg,msb1362,chs8488,False,7,0.0000,0.105347,motorcycle
img_022007.jpg,mtx7170,ato478,False,5,0.2857,0.032774,motorcycle
img_022013.jpg,mss0688,os88288,False,4,0.4286,0.133312,motorcycle
img_022014.jpg,ocx1749,oc9424,False,4,0.4286,0.135100,motorcycle
img_022016.jpg,ppo2925,ppo7780,False,4,0.4286,0.357890,motorcycle
img_022018.jpg,ods5968,pds778,False,4,0.4286,0.144781,motorcycle
img_022024.jpg,mtw4082,cibb258,False,7,0.0000,0.190616,motorcycle
img_022026.jpg,mtx3303,mi93781,False,5,0.2857,0.144633,motorcycle
img_022030.jpg,mtx3303,e303780,False,6,0.1429,0.148103,motorcycle
img_022031.jpg,ocx1775,ofi3781,False,5,0.2857,0.071942,motorcycle
img_022032.jpg,odl5722,pp2577,False,5,0.2857,0.083463,motorcycle
img_022033.jpg,odr4648,odr7779,False,4,0.4286,0.014880,motorcycle
img_022034.jpg,ppx9459,ppy7810,False,5,0.2857,0.125768,motorcycle
img_022035.jpg,ppt7234,pp74288,False,4,0.4286,0.100487,motorcycle
img_022040.jpg,ppe9043,ppe7854,False,4,0.4286,0.137570,motorcycle
img_022041.jpg,ppo2334,ppq2880,False,4,0.4286,0.218276,motorcycle
img_022045.jpg,ltk5452,et57788,False,6,0.1429,0.323852,motorcycle
img_022046.jpg,ppg5798,ppg7880,False,3,0.5714,0.563029,motorcycle
img_022047.jpg,odr5971,qdr4210,False,5,0.2857,0.092686,motorcycle
img_022048.jpg,odr4648,qbi7770,False,7,0.0000,0.116808,motorcycle
img_022049.jpg,msk4371,ask4288,False,4,0.4286,0.062653,motorcycle
img_022050.jpg,odf0749,odi5829,False,4,0.4286,0.033211,motorcycle
img_022052.jpg,mtx4192,cit7788,False,7,0.0000,0.084138,motorcycle
img_022057.jpg,msm6217,gx51228,False,6,0.1429,0.277160,motorcycle
img_022058.jpg,odr5971,qbr4700,False,6,0.1429,0.075271,motorcycle
img_022059.jpg,msb1362,cusb788,False,6,0.1429,0.223506,motorcycle
img_022060.jpg,odf0749,opi4774,False,5,0.2857,0.049065,motorcycle
img_022061.jpg,odj2901,qpo7788,False,7,0.0000,0.244231,motorcycle
img_022063.jpg,msb9683,mm83789,False,5,0.2857,0.028289,motorcycle
img_022065.jpg,msz1632,as82789,False,6,0.1429,0.293654,motorcycle
img_022066.jpg,ppq9347,ppq1880,False,4,0.4286,0.171200,motorcycle
img_022069.jpg,ppb4172,lpb7839,False,5,0.2857,0.193820,motorcycle
img_022071.jpg,mrb5311,apref28,False,7,0.0000,0.008113,motorcycle
img_022075.jpg,odt6046,pdi7789,False,6,0.1429,0.090358,motorcycle
img_022076.jpg,msb1362,ans8488,False,7,0.0000,0.047918,motorcycle
img_022079.jpg,odd7785,oid8882,False,4,0.4286,0.250341,motorcycle
img_022080.jpg,odt6046,pqi6779,False,6,0.1429,0.143105,motorcycle
img_022081.jpg,ouz8101,bu27780,False,6,0.1429,0.018565,motorcycle
img_022082.jpg,mtx4192,miz2580,False,6,0.1429,0.156346,motorcycle
img_022083.jpg,mtx3303,bj93780,False,6,0.1429,0.051981,motorcycle
img_022084.jpg,odr4648,qdi7770,False,6,0.1429,0.054697,motorcycle
img_022086.jpg,odf8575,bpf7779,False,5,0.2857,0.191069,motorcycle
img_022088.jpg,ppa9571,pfa2380,False,5,0.2857,0.103977,motorcycle
img_022090.jpg,msz1632,ms27810,False,5,0.2857,0.311541,motorcycle
img_022094.jpg,oyd1821,ovp7890,False,5,0.2857,0.130199,motorcycle
img_022095.jpg,odf0749,opi4781,False,5,0.2857,0.027854,motorcycle
img_022102.jpg,odb2698,qbi8781,False,6,0.1429,0.149817,motorcycle
img_022103.jpg,ppy6645,ppy5732,False,4,0.4286,0.316959,motorcycle
img_022104.jpg,odr2292,qbi7720,False,7,0.0000,0.206310,motorcycle
img_022106.jpg,msk4371,ask4880,False,4,0.4286,0.544453,motorcycle
img_022108.jpg,nzp0747,ozp4280,False,5,0.2857,0.301720,motorcycle
img_022111.jpg,oyi7673,ob73738,False,4,0.4286,0.126358,motorcycle
img_022112.jpg,mtu3834,mby2780,False,6,0.1429,0.055502,motorcycle
img_022113.jpg,msz1632,ms2789,False,5,0.2857,0.273524,motorcycle
img_022115.jpg,pps7391,pps4880,False,4,0.4286,0.299649,motorcycle
img_022116.jpg,ppb0543,ppp7884,False,5,0.2857,0.165260,motorcycle
img_022117.jpg,msm6217,cz51478,False,7,0.0000,0.111800,motorcycle
img_022118.jpg,mqx7585,moy7832,False,5,0.2857,0.199398,motorcycle
img_022120.jpg,odr4648,odr7779,False,4,0.4286,0.014142,motorcycle
img_022125.jpg,msm6217,gm51488,False,7,0.0000,0.047458,motorcycle
img_022126.jpg,odr2292,qbb7880,False,7,0.0000,0.128583,motorcycle
img_022127.jpg,odr5971,gdr8310,False,5,0.2857,0.075830,motorcycle
img_022128.jpg,odt6727,gpi7830,False,7,0.0000,0.021463,motorcycle
img_022131.jpg,odh5452,qdi7770,False,6,0.1429,0.158734,motorcycle
img_022133.jpg,msz1632,ms82789,False,5,0.2857,0.468680,motorcycle
img_022134.jpg,mts7734,iij4789,False,6,0.1429,0.037882,motorcycle
img_022141.jpg,mtx3303,mix4480,False,5,0.2857,0.059163,motorcycle
img_022143.jpg,odf2202,qpf7220,False,4,0.4286,0.031835,motorcycle
img_022144.jpg,mtx4192,miz2580,False,6,0.1429,0.163127,motorcycle
img_022145.jpg,mtz3460,bx67788,False,7,0.0000,0.162623,motorcycle
img_022148.jpg,odh5452,go57782,False,6,0.1429,0.017769,motorcycle
img_022150.jpg,ppm5173,ppi1798,False,4,0.4286,0.142057,motorcycle
img_022151.jpg,odf0749,odf7784,False,3,0.5714,0.078758,motorcycle
img_022152.jpg,mto6028,moz9878,False,5,0.2857,0.111796,motorcycle
img_022153.jpg,ppz3765,bp32280,False,6,0.1429,0.052930,motorcycle
img_022154.jpg,msb1362,chsb788,False,6,0.1429,0.536970,motorcycle
img_022155.jpg,odr4648,qd17799,False,6,0.1429,0.056883,motorcycle
img_022156.jpg,mtx4192,aif2780,False,7,0.0000,0.123472,motorcycle
img_022158.jpg,ppu8555,lppy788,False,6,0.1429,0.107131,motorcycle
img_022163.jpg,msw0327,osp7778,False,6,0.1429,0.174760,motorcycle
img_022165.jpg,mqq7692,1998772,False,6,0.1429,0.052683,motorcycle
img_022166.jpg,mtz3460,dy27880,False,6,0.1429,0.108632,motorcycle
img_022170.jpg,mpx7232,ipy4882,False,5,0.2857,0.044717,motorcycle
img_022178.jpg,mpv8198,eppv822,False,5,0.2857,0.110014,motorcycle
img_022179.jpg,odr4648,qdp7729,False,6,0.1429,0.126473,motorcycle
img_022183.jpg,mtx3303,m797780,False,6,0.1429,0.094926,motorcycle
img_022184.jpg,oyi9346,oxi7799,False,5,0.2857,0.171182,motorcycle
img_022188.jpg,ppl1354,pp54880,False,5,0.2857,0.071773,motorcycle
img_022189.jpg,mrc7008,mbc7898,False,3,0.5714,0.171600,motorcycle
img_022191.jpg,odr2292,qdr7720,False,5,0.2857,0.111320,motorcycle
img_022194.jpg,odr4648,obp8770,False,6,0.1429,0.169609,motorcycle
img_022195.jpg,mtx4192,miz2580,False,6,0.1429,0.217721,motorcycle
img_022197.jpg,odh5452,po57778,False,7,0.0000,0.176015,motorcycle
img_022199.jpg,mtx3303,b393789,False,6,0.1429,0.104898,motorcycle
img_022201.jpg,mtz0686,oz28788,False,6,0.1429,0.011540,motorcycle
img_022202.jpg,mso7465,wsg6728,False,6,0.1429,0.046210,motorcycle
img_022204.jpg,msk0637,agsk488,False,6,0.1429,0.247748,motorcycle
img_022206.jpg,mse2696,mg99338,False,6,0.1429,0.053924,motorcycle
img_022208.jpg,odi6064,po44779,False,7,0.0000,0.178422,motorcycle
img_022211.jpg,msk0637,wap288,False,7,0.0000,0.096407,motorcycle
img_022212.jpg,ppt7234,eba7894,False,5,0.2857,0.052173,motorcycle
img_022216.jpg,odr5971,cbr4810,False,6,0.1429,0.039681,motorcycle
img_022217.jpg,mst8655,bs57280,False,6,0.1429,0.027451,motorcycle
img_022218.jpg,jjm1920,igb0278,False,7,0.0000,0.071248,motorcycle
img_022219.jpg,jjc7757,aisc532,False,7,0.0000,0.086962,motorcycle
img_022221.jpg,msb9683,glsb772,False,6,0.1429,0.181956,motorcycle
img_022222.jpg,mtx4192,cit2489,False,5,0.2857,0.009525,motorcycle
img_022223.jpg,oyd1821,ov91884,False,4,0.4286,0.121018,motorcycle
img_022224.jpg,odh5452,qdi7780,False,6,0.1429,0.121536,motorcycle
img_022225.jpg,msz1632,ms82789,False,5,0.2857,0.563054,motorcycle
img_022228.jpg,ppb4172,ppb7890,False,4,0.4286,0.332536,motorcycle
img_022230.jpg,mty0370,omty882,False,5,0.2857,0.041049,motorcycle
img_022231.jpg,jjc7757,tif6788,False,6,0.1429,0.021867,motorcycle
img_022232.jpg,mtx4192,atf2528,False,6,0.1429,0.005454,motorcycle
img_022233.jpg,ovi1134,cvi4480,False,5,0.2857,0.149727,motorcycle
img_022234.jpg,msb1362,chs8278,False,7,0.0000,0.236343,motorcycle
img_022235.jpg,mtx3303,mj93729,False,5,0.2857,0.192105,motorcycle
img_022239.jpg,mtv0352,o3sy428,False,7,0.0000,0.023495,motorcycle
img_022244.jpg,ppf2131,ppf478,False,4,0.4286,0.305281,motorcycle
img_022247.jpg,jko8991,ax90789,False,7,0.0000,0.090796,motorcycle
img_022249.jpg,odm6783,gd93778,False,5,0.2857,0.148852,motorcycle
img_022250.jpg,mrs0112,cri2788,False,6,0.1429,0.036642,motorcycle
img_022253.jpg,mqk5693,mok7892,False,4,0.4286,0.503453,motorcycle
img_022256.jpg,ppl1634,ppi1898,False,4,0.4286,0.219395,motorcycle
img_022257.jpg,jko8991,ax90789,False,7,0.0000,0.162264,motorcycle
img_022258.jpg,msb1362,cas8788,False,7,0.0000,0.173290,motorcycle
img_022260.jpg,odt6046,gdi7788,False,6,0.1429,0.555534,motorcycle
img_022263.jpg,mtw4082,cibi372,False,6,0.1429,0.010461,motorcycle
img_022267.jpg,ppg5798,ppe2880,False,5,0.2857,0.152140,motorcycle
img_022268.jpg,msz6980,cws8288,False,6,0.1429,0.048232,motorcycle
img_022269.jpg,jko8991,ak91788,False,6,0.1429,0.133502,motorcycle
img_022270.jpg,jjm1920,iji0778,False,6,0.1429,0.096315,motorcycle
img_022272.jpg,mtx3303,mj93729,False,5,0.2857,0.349819,motorcycle
img_022274.jpg,msm6217,bx31128,False,7,0.0000,0.043299,motorcycle
img_022278.jpg,mtx4192,mif2782,False,5,0.2857,0.028022,motorcycle
img_022282.jpg,msz1632,ms77897,False,5,0.2857,0.105387,motorcycle
img_022286.jpg,mtu9659,mf99788,False,5,0.2857,0.228145,motorcycle
img_022288.jpg,msm6217,pazm428,False,6,0.1429,0.078911,motorcycle
img_022290.jpg,mtx3303,bj93480,False,6,0.1429,0.157462,motorcycle
img_022292.jpg,mty1863,mt77788,False,5,0.2857,0.425142,motorcycle
img_022298.jpg,mru1931,idri488,False,7,0.0000,0.023830,motorcycle
img_022299.jpg,jjm1920,iji0078,False,6,0.1429,0.100895,motorcycle
img_022300.jpg,jjc7757,if57738,False,5,0.2857,0.054610,motorcycle
img_022301.jpg,mpk8317,bpi4798,False,6,0.1429,0.098021,motorcycle
img_022308.jpg,hfa8518,bfaa788,False,4,0.4286,0.392828,motorcycle
img_022310.jpg,mtx3303,m793729,False,5,0.2857,0.125468,motorcycle
img_022311.jpg,odr4648,qd17770,False,6,0.1429,0.045492,motorcycle
img_022312.jpg,jko8991,qxo7888,False,6,0.1429,0.115775,motorcycle
img_022317.jpg,msz1632,as82789,False,6,0.1429,0.255885,motorcycle
img_022323.jpg,ntn0127,onink78,False,6,0.1429,0.230739,motorcycle
img_022327.jpg,odr4648,qd17880,False,6,0.1429,0.031609,motorcycle
img_022330.jpg,mtx3303,bj93729,False,6,0.1429,0.086636,motorcycle
img_022331.jpg,msb9683,mmsb188,False,4,0.4286,0.231613,motorcycle
img_022332.jpg,mtt8621,b627779,False,7,0.0000,0.248868,motorcycle
img_022336.jpg,jko8991,ax90779,False,7,0.0000,0.145525,motorcycle
img_022337.jpg,mst7836,ms34788,False,4,0.4286,0.272345,motorcycle
img_022339.jpg,odh5452,qdi4778,False,6,0.1429,0.155875,motorcycle
img_022342.jpg,mrx6476,frp3788,False,6,0.1429,0.046294,motorcycle
img_022343.jpg,mtz5078,mc77789,False,5,0.2857,0.116777,motorcycle
img_022345.jpg,ocx7943,oc34712,False,5,0.2857,0.040390,motorcycle
img_022346.jpg,ppt6132,bp77880,False,6,0.1429,0.081505,motorcycle
img_022347.jpg,msm6217,ph5m488,False,7,0.0000,0.102938,motorcycle
img_022348.jpg,mqx7585,mox7748,False,4,0.4286,0.092076,motorcycle
img_022349.jpg,jko8991,adv0179,False,7,0.0000,0.075586,motorcycle
img_022350.jpg,odt5939,obi4280,False,6,0.1429,0.054045,motorcycle
img_022353.jpg,mrh7545,mr45899,False,5,0.2857,0.463761,motorcycle
img_022355.jpg,pps7270,ppi4238,False,4,0.4286,0.059979,motorcycle
img_022357.jpg,ppq3952,ppo731,False,5,0.2857,0.080200,motorcycle
img_022358.jpg,ppk0137,ppk4480,False,4,0.4286,0.135193,motorcycle
img_022359.jpg,ppb0543,ppb7894,False,4,0.4286,0.185718,motorcycle
img_022362.jpg,mqx7585,ms83779,False,6,0.1429,0.171639,motorcycle
img_022366.jpg,mtx4192,cit2748,False,7,0.0000,0.090897,motorcycle
img_022368.jpg,mtx3303,bat3578,False,6,0.1429,0.233826,motorcycle
img_022372.jpg,odh5452,pdi7778,False,6,0.1429,0.097692,motorcycle
img_022373.jpg,odb7075,oob4789,False,5,0.2857,0.171680,motorcycle
img_022374.jpg,msz1632,ms32788,False,5,0.2857,0.063056,motorcycle
img_022377.jpg,mtz0748,ct25880,False,6,0.1429,0.015373,motorcycle
img_022381.jpg,mtx3303,mi93579,False,5,0.2857,0.036348,motorcycle
img_022383.jpg,djx8729,byx7780,False,5,0.2857,0.172305,motorcycle
img_022386.jpg,ppm9537,ppm1480,False,4,0.4286,0.104327,motorcycle
img_022389.jpg,mtx3303,bit3778,False,6,0.1429,0.054004,motorcycle
img_022394.jpg,qrb1638,crb2880,False,5,0.2857,0.223137,motorcycle
img_022395.jpg,odh5452,gd5770,False,5,0.2857,0.034145,motorcycle
img_022396.jpg,msz1632,mbz739,False,4,0.4286,0.014883,motorcycle
img_022403.jpg,mqx7585,mox7783,False,3,0.5714,0.322853,motorcycle
img_022404.jpg,ppu9960,pp61882,False,5,0.2857,0.216127,motorcycle
img_022406.jpg,mto6028,mop9889,False,5,0.2857,0.273742,motorcycle
img_022407.jpg,mtz0696,of73488,False,7,0.0000,0.035441,motorcycle
img_022411.jpg,oye7983,ove570,False,5,0.2857,0.100243,motorcycle
img_022425.jpg,odr4648,qpr7724,False,6,0.1429,0.031361,motorcycle
img_022426.jpg,mqm8584,bow478,False,6,0.1429,0.193146,motorcycle
img_022430.jpg,odr5971,qdr471,False,3,0.5714,0.057300,motorcycle
img_022431.jpg,mtz0652,off2788,False,7,0.0000,0.066741,motorcycle
img_022432.jpg,odr4648,qdi7781,False,6,0.1429,0.049575,motorcycle
img_022434.jpg,msu3152,eify473,False,7,0.0000,0.122593,motorcycle
img_022436.jpg,oyg0158,ois6289,False,6,0.1429,0.024584,motorcycle
img_022444.jpg,msk4371,ask4888,False,4,0.4286,0.221982,motorcycle
img_022446.jpg,mtd7702,mto2789,False,4,0.4286,0.130213,motorcycle
img_022449.jpg,mtv3898,mt98890,False,3,0.5714,0.200366,motorcycle
img_022452.jpg,odb4172,do28211,False,6,0.1429,0.015851,motorcycle
img_022454.jpg,pvw2058,po56778,False,5,0.2857,0.137230,motorcycle
img_022464.jpg,oda0294,oda471,False,4,0.4286,0.169762,motorcycle
img_022469.jpg,ppi2689,pf98770,False,6,0.1429,0.077945,motorcycle
img_022476.jpg,ppr4626,ppr7780,False,4,0.4286,0.357932,motorcycle
img_022479.jpg,mse7534,ms64882,False,5,0.2857,0.148993,motorcycle
img_022480.jpg,mrn1317,man4229,False,5,0.2857,0.152325,motorcycle
img_022492.jpg,ppw7986,pp17782,False,3,0.5714,0.213706,motorcycle
img_022497.jpg,pps7741,pp48984,False,5,0.2857,0.132670,motorcycle
img_022500.jpg,mqy3046,mov4349,False,5,0.2857,0.129160,motorcycle
img_027502.jpg,qrg4j82,drg5738,False,5,0.2857,0.097306,motorcycle
img_027506.jpg,mtv5g99,bij7788,False,7,0.0000,0.053539,motorcycle
img_027508.jpg,odr2i65,zib6789,False,7,0.0000,0.165975,motorcycle
img_027509.jpg,odt6a01,gaq1888,False,7,0.0000,0.145168,motorcycle
img_027510.jpg,msf3i23,mi2f788,False,6,0.1429,0.125691,motorcycle
img_027511.jpg,qrf0e03,eerby28,False,7,0.0000,0.054280,motorcycle
img_027513.jpg,mrr2c85,bcb1288,False,6,0.1429,0.045122,motorcycle
img_027515.jpg,ppr8e85,beb5248,False,7,0.0000,0.241634,motorcycle
img_027519.jpg,qrh2d22,gibh787,False,7,0.0000,0.026996,motorcycle
img_027520.jpg,puo0e01,dev0779,False,6,0.1429,0.077003,motorcycle
img_027525.jpg,ovf5h08,eova748,False,5,0.2857,0.060037,motorcycle
img_027530.jpg,qre9g46,der6888,False,7,0.0000,0.040445,motorcycle
img_027532.jpg,qrf9c92,edd2789,False,7,0.0000,0.007365,motorcycle
img_027536.jpg,qrf9c92,cc55448,False,7,0.0000,0.023886,motorcycle
img_027537.jpg,qrh2d22,zid1488,False,7,0.0000,0.025286,motorcycle
img_027542.jpg,ocz9e64,deg4838,False,7,0.0000,0.072080,motorcycle
img_027543.jpg,ppe5h61,epp6589,False,5,0.2857,0.437241,motorcycle
img_027547.jpg,qrf1j03,ej17788,False,7,0.0000,0.049461,motorcycle
img_027551.jpg,qrf1j80,bjif477,False,7,0.0000,0.017225,motorcycle
img_027552.jpg,qrf9c92,ccp8889,False,7,0.0000,0.004608,motorcycle
img_027554.jpg,qrf9c92,ccr5748,False,7,0.0000,0.010169,motorcycle
img_027555.jpg,qre9g46,db58891,False,7,0.0000,0.030293,motorcycle
img_027563.jpg,lqk6d23,boxk740,False,7,0.0000,0.174877,motorcycle
img_027566.jpg,qrf4i27,borf788,False,6,0.1429,0.127674,motorcycle
img_027571.jpg,qre0c75,bc75780,False,7,0.0000,0.020239,motorcycle
img_027574.jpg,qre0d36,dd58788,False,7,0.0000,0.031474,motorcycle
img_027575.jpg,qrf9c92,etix889,False,7,0.0000,0.015187,motorcycle
img_027584.jpg,odr4d90,dod0289,False,5,0.2857,0.023433,motorcycle
img_027585.jpg,qri7h26,chr7788,False,6,0.1429,0.059244,motorcycle
img_027589.jpg,odr4d90,idj7288,False,6,0.1429,0.039101,motorcycle
img_027591.jpg,mtt0g70,dgy0788,False,6,0.1429,0.075859,motorcycle
img_027594.jpg,pps2d40,bd47774,False,7,0.0000,0.024355,motorcycle
img_027596.jpg,qrg2j03,cj15548,False,7,0.0000,0.002865,motorcycle
img_027602.jpg,lsv8i85,bis9529,False,7,0.0000,0.051840,motorcycle
img_027603.jpg,mtt0g70,ogt7088,False,6,0.1429,0.043987,motorcycle
img_027605.jpg,mtt0g70,ggtow48,False,6,0.1429,0.025229,motorcycle
img_027614.jpg,qrg5b79,sby6880,False,7,0.0000,0.134119,motorcycle
img_027616.jpg,qrj5d28,gozeau1,False,7,0.0000,0.014566,motorcycle
img_027619.jpg,qre5g20,sgre188,False,6,0.1429,0.258558,motorcycle
img_027620.jpg,msw0e74,dev4488,False,7,0.0000,0.250476,motorcycle
img_027623.jpg,odb5d78,dd87888,False,5,0.2857,0.201769,motorcycle
img_027630.jpg,ovf5h08,dwo7734,False,7,0.0000,0.011078,motorcycle
img_027631.jpg,mqp8i71,biva158,False,7,0.0000,0.030052,motorcycle
img_027632.jpg,qre3c98,bcaa298,False,5,0.2857,0.061045,motorcycle
img_027634.jpg,qre9g46,db68830,False,7,0.0000,0.058243,motorcycle
img_027636.jpg,msy4d96,edsv478,False,6,0.1429,0.147945,motorcycle
img_027641.jpg,qre6b81,gbe1854,False,6,0.1429,0.064635,motorcycle
img_027642.jpg,qrf8f39,efre148,False,7,0.0000,0.100700,motorcycle
img_027652.jpg,qrj4a23,eary348,False,7,0.0000,0.049033,motorcycle
img_027654.jpg,msx5a18,eaxx489,False,6,0.1429,0.141266,motorcycle
img_027655.jpg,qrh0f83,voa1894,False,7,0.0000,0.014318,motorcycle
img_027659.jpg,qre1j20,qbe4280,False,4,0.4286,0.049556,motorcycle
img_027665.jpg,qri5i88,eise585,False,6,0.1429,0.020983,motorcycle
img_027674.jpg,mtt0g70,gmy6828,False,7,0.0000,0.032326,motorcycle
img_027675.jpg,qrk5f43,ork7882,False,5,0.2857,0.061581,motorcycle
img_027676.jpg,qri4d60,qdry289,False,6,0.1429,0.009499,motorcycle
img_027681.jpg,qre1h72,ddre789,False,6,0.1429,0.183450,motorcycle
img_027687.jpg,qre5g20,sgre188,False,6,0.1429,0.084047,motorcycle
img_027690.jpg,ppj7d86,pp96548,False,5,0.2857,0.013483,motorcycle
img_027700.jpg,ppn9j74,pppn478,False,4,0.4286,0.359282,motorcycle
img_027701.jpg,ocy1g98,eocyv83,False,5,0.2857,0.188251,motorcycle
img_027704.jpg,ocz9e64,qc64894,False,5,0.2857,0.092749,motorcycle
img_027706.jpg,qrb1g37,gbb7788,False,6,0.1429,0.524034,motorcycle
img_027709.jpg,msx5a18,faxx488,False,5,0.2857,0.122050,motorcycle
img_027711.jpg,gkh4c99,eckh851,False,6,0.1429,0.151057,motorcycle
img_027712.jpg,qri2h49,zhr9943,False,6,0.1429,0.125211,motorcycle
img_027716.jpg,qre5g20,ggz6888,False,7,0.0000,0.025445,motorcycle
img_027720.jpg,qrk9b28,abrk789,False,6,0.1429,0.034734,motorcycle
img_027725.jpg,qrk9i41,qir5489,False,6,0.1429,0.021430,motorcycle
img_027730.jpg,fwx1e29,iexy748,False,6,0.1429,0.099736,motorcycle
img_027733.jpg,qre3c98,bcea731,False,6,0.1429,0.013060,motorcycle
img_027735.jpg,qrk5f43,spyx791,False,7,0.0000,0.016203,motorcycle
img_027737.jpg,qrh2d22,zbr2248,False,6,0.1429,0.136616,motorcycle
img_027740.jpg,qri2h49,zor9489,False,6,0.1429,0.086830,motorcycle
img_027741.jpg,qrb1g37,ggrb288,False,6,0.1429,0.148243,motorcycle
img_027742.jpg,qre5g20,crew280,False,4,0.4286,0.021623,motorcycle
img_027744.jpg,qrg5i84,sibg481,False,6,0.1429,0.081061,motorcycle
img_027751.jpg,qrg4j82,qrig848,False,4,0.4286,0.009818,motorcycle
img_027754.jpg,mts6i12,gmi5249,False,7,0.0000,0.221732,motorcycle
img_027755.jpg,qrk2h32,zhrk788,False,6,0.1429,0.333483,motorcycle
img_027756.jpg,qrk2h46,zork648,False,5,0.2857,0.114278,motorcycle
img_027757.jpg,qre5g20,core188,False,6,0.1429,0.114723,motorcycle
img_027762.jpg,qrg4j82,eve2481,False,6,0.1429,0.125964,motorcycle
img_027765.jpg,odn8a70,odo7888,False,5,0.2857,0.271979,motorcycle
img_027766.jpg,odt6a01,gao1789,False,7,0.0000,0.092976,motorcycle
img_027770.jpg,qrl0b55,obr5589,False,7,0.0000,0.155400,motorcycle
img_027772.jpg,qre5g20,sgre187,False,6,0.1429,0.117707,motorcycle
img_027779.jpg,qrh7j75,pp54480,False,7,0.0000,0.190736,motorcycle
img_027782.jpg,ovj6e24,civy148,False,7,0.0000,0.033385,motorcycle
img_027785.jpg,odn8a70,bon0488,False,6,0.1429,0.003761,motorcycle
img_027786.jpg,ppv9c45,ppu5890,False,5,0.2857,0.263352,motorcycle
img_027788.jpg,oda5c92,ccd2748,False,7,0.0000,0.043356,motorcycle
img_027789.jpg,qri2g10,extx785,False,7,0.0000,0.016862,motorcycle
img_027793.jpg,mtv7c99,zzy4892,False,6,0.1429,0.042578,motorcycle
img_027794.jpg,qre5g64,gb67880,False,7,0.0000,0.557426,motorcycle
img_027798.jpg,ppy6c55,gppy448,False,5,0.2857,0.070336,motorcycle
img_027800.jpg,qrm6e95,ger9589,False,6,0.1429,0.258011,motorcycle
img_027801.jpg,qrb1g37,ggbb789,False,6,0.1429,0.087263,motorcycle
img_027802.jpg,ppe5h61,epp6851,False,5,0.2857,0.175916,motorcycle
img_027809.jpg,qri4d60,gd61881,False,7,0.0000,0.019350,motorcycle
img_027817.jpg,ppy6e40,gedv489,False,7,0.0000,0.303033,motorcycle
img_027818.jpg,qrg5b79,sby9231,False,7,0.0000,0.049864,motorcycle
img_027825.jpg,qre1j20,poke028,False,6,0.1429,0.129248,motorcycle
img_027827.jpg,mtz8e66,ge67880,False,7,0.0000,0.082189,motorcycle
img_027829.jpg,ovi2h93,zi99389,False,6,0.1429,0.096662,motorcycle
img_027836.jpg,qre4a41,core188,False,6,0.1429,0.045061,motorcycle
img_027838.jpg,qri4j59,pory625,False,6,0.1429,0.019562,motorcycle
img_027839.jpg,ovi2h93,zh93788,False,7,0.0000,0.120634,motorcycle
img_027846.jpg,oda7g38,igaa738,False,4,0.4286,0.070697,motorcycle
img_027855.jpg,mts6i12,gii1248,False,6,0.1429,0.125892,motorcycle
img_027860.jpg,ovi2h93,zh93748,False,7,0.0000,0.088632,motorcycle
img_027863.jpg,qrh8a82,eab,False,6,0.1429,0.927539,motorcycle
img_027878.jpg,qrh8a82,eabh854,False,6,0.1429,0.079450,motorcycle
img_027881.jpg,ovi6h87,bxu7851,False,7,0.0000,0.030422,motorcycle
img_027885.jpg,qrg5g11,egrc649,False,7,0.0000,0.035948,motorcycle
img_027886.jpg,mtx4g86,mbjx488,False,4,0.4286,0.042452,motorcycle
img_027890.jpg,qrf4i27,qrrf488,False,4,0.4286,0.060759,motorcycle
img_027898.jpg,qrh8a82,babb788,False,6,0.1429,0.126632,motorcycle
img_027899.jpg,qrg1d29,corg528,False,5,0.2857,0.110214,motorcycle
img_027901.jpg,qre1h72,qdre481,False,5,0.2857,0.074559,motorcycle
img_027910.jpg,msp2a75,zay5548,False,7,0.0000,0.392198,motorcycle
img_027913.jpg,ovi2h93,ziv3788,False,7,0.0000,0.169754,motorcycle
img_027914.jpg,mse6d09,gmo6789,False,5,0.2857,0.171813,motorcycle
img_027915.jpg,msw0e74,devw882,False,7,0.0000,0.075809,motorcycle
img_027916.jpg,ovi2h93,zhy3788,False,7,0.0000,0.165091,motorcycle
img_027921.jpg,odg2h38,zodg789,False,5,0.2857,0.197868,motorcycle
img_027924.jpg,qrl7h97,zory489,False,6,0.1429,0.097380,motorcycle
img_027925.jpg,mqq1e63,mm65849,False,6,0.1429,0.107233,motorcycle
img_027931.jpg,ppm0g72,dg72499,False,7,0.0000,0.215830,motorcycle
img_027936.jpg,ppi6d91,ppp1880,False,5,0.2857,0.499647,motorcycle
img_027937.jpg,msw0e74,mesw488,False,5,0.2857,0.232258,motorcycle
img_027938.jpg,qrl1a42,iar4278,False,7,0.0000,0.222115,motorcycle
img_027940.jpg,msw0e74,desw488,False,6,0.1429,0.269295,motorcycle
img_027941.jpg,msp2a75,eas5549,False,7,0.0000,0.137033,motorcycle
img_027945.jpg,qrg6d57,bdg2897,False,5,0.2857,0.010545,motorcycle
img_027947.jpg,qrh6b28,bbi7788,False,6,0.1429,0.278663,motorcycle
img_027948.jpg,qrg6d57,gdrg589,False,6,0.1429,0.085524,motorcycle
img_027949.jpg,qrf0h69,chk5477,False,7,0.0000,0.027647,motorcycle
img_027950.jpg,msm6c05,mcsm788,False,5,0.2857,0.399710,motorcycle
img_027951.jpg,qrf0h69,gh65777,False,7,0.0000,0.025217,motorcycle
img_027952.jpg,qrg6d57,egrg488,False,6,0.1429,0.132449,motorcycle
img_027954.jpg,qrg6d57,bdzz789,False,7,0.0000,0.067027,motorcycle
img_027955.jpg,hbo6a52,fabi743,False,7,0.0000,0.023512,motorcycle
img_027956.jpg,qrg6d57,gd57749,False,6,0.1429,0.043409,motorcycle
img_027958.jpg,qrf0h69,ghr6777,False,7,0.0000,0.096889,motorcycle
img_027959.jpg,msm6c05,ocs6578,False,6,0.1429,0.131718,motorcycle
img_027962.jpg,qrf0h69,chr57,False,7,0.0000,0.126228,motorcycle
img_027964.jpg,qrh2j12,zjr4788,False,7,0.0000,0.269077,motorcycle
img_027965.jpg,qrg6d57,gds8248,False,7,0.0000,0.082656,motorcycle
img_027966.jpg,qrf0h69,ckk6477,False,7,0.0000,0.071812,motorcycle
img_027968.jpg,qrf0h69,ghr5779,False,6,0.1429,0.026101,motorcycle
img_027969.jpg,msm6c05,mc66238,False,5,0.2857,0.058053,motorcycle
img_027971.jpg,qrg6d57,idi2884,False,7,0.0000,0.084468,motorcycle
img_027972.jpg,qrg6d57,gou2480,False,7,0.0000,0.137566,motorcycle
img_027973.jpg,qrf0h69,ghr6479,False,6,0.1429,0.075828,motorcycle
img_027974.jpg,qri8h59,ghip788,False,6,0.1429,0.027585,motorcycle
img_027980.jpg,qrg6d57,gpsa248,False,7,0.0000,0.056501,motorcycle
img_027982.jpg,oda7c99,idd4238,False,6,0.1429,0.030366,motorcycle
img_027984.jpg,oyk0j72,dim2484,False,7,0.0000,0.039483,motorcycle
img_027989.jpg,ozw7a23,zaz5548,False,7,0.0000,0.109858,motorcycle
img_028005.jpg,mpa3a92,apa1488,False,5,0.2857,0.135177,motorcycle
img_028006.jpg,msx2b57,ibsx488,False,6,0.1429,0.122099,motorcycle
img_028007.jpg,ozw7a23,qoz5548,False,6,0.1429,0.053507,motorcycle
img_028009.jpg,qrm9g80,gbbo228,False,7,0.0000,0.040400,motorcycle
img_028011.jpg,pph2h33,zas7288,False,7,0.0000,0.110205,motorcycle
img_028014.jpg,pph2h33,ppb5748,False,5,0.2857,0.060182,motorcycle
img_028015.jpg,msf3i23,ix32884,False,7,0.0000,0.017248,motorcycle
img_028019.jpg,mqs8d89,sdos228,False,6,0.1429,0.129293,motorcycle
img_028021.jpg,ozw7a23,tazi548,False,7,0.0000,0.193368,motorcycle
img_028023.jpg,msw2i03,ii99238,False,7,0.0000,0.060121,motorcycle
img_028024.jpg,qrk3d06,sox2384,False,7,0.0000,0.036299,motorcycle
img_028026.jpg,ppy6c55,epy5748,False,5,0.2857,0.096960,motorcycle
img_028027.jpg,qrl5j85,pr52484,False,5,0.2857,0.062808,motorcycle
img_028028.jpg,ppe9a12,pape748,False,5,0.2857,0.434256,motorcycle
img_028033.jpg,qrj8h83,expj248,False,6,0.1429,0.024924,motorcycle
img_028041.jpg,mtv0h43,ohw3888,False,7,0.0000,0.096424,motorcycle
img_028047.jpg,msf3i23,my67780,False,6,0.1429,0.068035,motorcycle
img_028053.jpg,mtz1d24,idz4788,False,6,0.1429,0.257869,motorcycle
img_028055.jpg,ovi4d13,cov5748,False,6,0.1429,0.093131,motorcycle
img_028063.jpg,mqj0g55,ogs5238,False,7,0.0000,0.070343,motorcycle
img_028068.jpg,qrg6d57,gdrg448,False,6,0.1429,0.085241,motorcycle
img_028075.jpg,oyi4h49,aba2488,False,7,0.0000,0.159515,motorcycle
img_028076.jpg,msf3i23,siza238,False,5,0.2857,0.020035,motorcycle
img_028078.jpg,qrl2c69,zz89488,False,7,0.0000,0.062004,motorcycle
img_028087.jpg,msf3i23,ija1384,False,7,0.0000,0.010032,motorcycle
img_028090.jpg,mtz1d24,ida738,False,7,0.0000,0.141863,motorcycle
img_028091.jpg,ovi4d13,oovi548,False,5,0.2857,0.224077,motorcycle
img_028094.jpg,mpk7e29,ipp4288,False,6,0.1429,0.064791,motorcycle
img_028096.jpg,mps6g32,gbp8288,False,7,0.0000,0.137958,motorcycle
img_028097.jpg,msq9e72,ivi4788,False,7,0.0000,0.012906,motorcycle
img_028098.jpg,ovi4d13,cov5248,False,6,0.1429,0.170988,motorcycle
img_028115.jpg,mtz1d24,edz4788,False,6,0.1429,0.026888,motorcycle
img_028122.jpg,qrj4c82,cr22384,False,5,0.2857,0.092532,motorcycle
img_028124.jpg,ocv8e03,eco1248,False,6,0.1429,0.162957,motorcycle
img_028125.jpg,ozw7a23,qzi7788,False,5,0.2857,0.037864,motorcycle
img_028129.jpg,mtq4f75,ftg8384,False,6,0.1429,0.044708,motorcycle
img_028140.jpg,moy4d15,ddy5238,False,6,0.1429,0.159929,motorcycle
img_028142.jpg,pph2h33,zab3248,False,7,0.0000,0.013672,motorcycle
img_028147.jpg,msn4g35,igs5488,False,6,0.1429,0.153241,motorcycle
img_028149.jpg,qrf3c79,zirf488,False,6,0.1429,0.149175,motorcycle
img_028155.jpg,olz5g48,gzz7488,False,5,0.2857,0.090073,motorcycle
img_028161.jpg,qrg5g54,sgr8288,False,7,0.0000,0.038445,motorcycle
img_028162.jpg,ocx2g95,qgy5238,False,7,0.0000,0.026585,motorcycle
img_028168.jpg,qrf0h69,ckf7779,False,5,0.2857,0.079668,motorcycle
img_028172.jpg,pps7e09,peo9248,False,6,0.1429,0.061822,motorcycle
img_028177.jpg,mtq4f75,ffiz788,False,7,0.0000,0.077748,motorcycle
img_028178.jpg,ppl8c51,spitz88,False,6,0.1429,0.043226,motorcycle
img_028179.jpg,oyf9h59,py59788,False,5,0.2857,0.018317,motorcycle
img_028183.jpg,qrj1a37,ibi7888,False,7,0.0000,0.175679,motorcycle
img_028184.jpg,ppr7g88,ps84884,False,5,0.2857,0.027360,motorcycle
img_028185.jpg,qri6c82,cct2889,False,6,0.1429,0.057690,motorcycle
img_028187.jpg,qre5g20,fbee288,False,6,0.1429,0.145423,motorcycle
img_028190.jpg,qrk3d06,edtam88,False,7,0.0000,0.014881,motorcycle
img_028196.jpg,pph2h33,emp3788,False,7,0.0000,0.065913,motorcycle
img_028199.jpg,qrf0h69,ckf777,False,6,0.1429,0.560948,motorcycle
img_028215.jpg,qri2f05,zfo6288,False,7,0.0000,0.120287,motorcycle
img_028220.jpg,qrh3h92,ehizz88,False,7,0.0000,0.090851,motorcycle
img_028221.jpg,duz7g68,ig67884,False,6,0.1429,0.118530,motorcycle
img_028230.jpg,odh6e75,gevi888,False,7,0.0000,0.100264,motorcycle
img_028236.jpg,ocv8e03,eecv858,False,5,0.2857,0.098915,motorcycle
img_028239.jpg,oyf5f69,dva7384,False,7,0.0000,0.107264,motorcycle
img_028247.jpg,qrh2g55,gr55738,False,6,0.1429,0.088086,motorcycle
img_028248.jpg,mtc6d64,gn66888,False,6,0.1429,0.043364,motorcycle
img_028249.jpg,mtz1d24,ed24788,False,7,0.0000,0.294374,motorcycle
img_028253.jpg,pud5d18,pd87882,False,5,0.2857,0.150826,motorcycle
img_028257.jpg,ppm5a98,pp98788,False,4,0.4286,0.225255,motorcycle
img_028262.jpg,mtz1d24,idza838,False,6,0.1429,0.175072,motorcycle
img_028264.jpg,qrh1b34,qb44880,False,6,0.1429,0.302018,motorcycle
img_028271.jpg,qrh5c50,cro2888,False,6,0.1429,0.097113,motorcycle
img_028281.jpg,qre3c48,bc48589,False,7,0.0000,0.022755,motorcycle
img_028284.jpg,qrg1d29,cidz523,False,6,0.1429,0.043491,motorcycle
img_028294.jpg,qrg5b41,bbq5890,False,6,0.1429,0.060406,motorcycle
img_028298.jpg,ppt2a23,pp23528,False,4,0.4286,0.066443,motorcycle
img_028304.jpg,puo0e01,quo1788,False,5,0.2857,0.094742,motorcycle
img_028305.jpg,qrg1d29,cuz7431,False,7,0.0000,0.093686,motorcycle
img_028307.jpg,qrf0d45,qd45722,False,6,0.1429,0.026156,motorcycle
img_028308.jpg,msz6j86,cx86788,False,5,0.2857,0.057108,motorcycle
img_028314.jpg,lsv8i85,bl99578,False,6,0.1429,0.159182,motorcycle
img_028318.jpg,mqr6b71,dv71782,False,7,0.0000,0.044634,motorcycle
img_028319.jpg,qrh5b63,qb67838,False,6,0.1429,0.100529,motorcycle
img_028320.jpg,qrh2d22,zor4228,False,5,0.2857,0.040590,motorcycle
img_028321.jpg,odm6h99,gdm5229,False,4,0.4286,0.124393,motorcycle
img_028324.jpg,gva1i94,civ6481,False,7,0.0000,0.024559,motorcycle
img_028335.jpg,ods3f87,qfs7280,False,5,0.2857,0.146132,motorcycle
img_028342.jpg,odj5g59,ib54488,False,7,0.0000,0.018518,motorcycle
img_028344.jpg,ppt5j40,ked4728,False,7,0.0000,0.002524,motorcycle
img_028345.jpg,ppl7b10,ipp1028,False,6,0.1429,0.217896,motorcycle
img_028347.jpg,qre3g47,gac7789,False,7,0.0000,0.073137,motorcycle
img_028348.jpg,msv7i05,insy488,False,7,0.0000,0.126338,motorcycle
img_028356.jpg,odr2i65,qdb5788,False,6,0.1429,0.263052,motorcycle
img_028357.jpg,odj5g59,eg59778,False,7,0.0000,0.085866,motorcycle
img_028358.jpg,odt3g90,obj6788,False,6,0.1429,0.073783,motorcycle
img_028364.jpg,ppt5j40,ed42788,False,7,0.0000,0.147525,motorcycle
img_028365.jpg,ppo3j50,ppo4280,False,3,0.5714,0.080870,motorcycle
img_028367.jpg,qrg2j03,qr65788,False,5,0.2857,0.418530,motorcycle
img_028368.jpg,qre3c48,gcc8721,False,7,0.0000,0.014096,motorcycle
img_028370.jpg,odt6a01,gadi788,False,7,0.0000,0.527363,motorcycle
img_028376.jpg,ppl0f98,df98779,False,7,0.0000,0.351248,motorcycle
img_028378.jpg,qrh6b28,gbh8788,False,5,0.2857,0.134316,motorcycle
img_028381.jpg,odf2d01,ddw7338,False,6,0.1429,0.045843,motorcycle
img_028384.jpg,oyk5j80,gyk2888,False,4,0.4286,0.032183,motorcycle
img_028387.jpg,qrg5b79,bbg4280,False,6,0.1429,0.018313,motorcycle
img_028394.jpg,qrg2c73,zz73480,False,7,0.0000,0.185704,motorcycle
img_028399.jpg,mpt7d28,fbry788,False,6,0.1429,0.044433,motorcycle
img_028401.jpg,kzz8f62,afi2288,False,7,0.0000,0.077395,motorcycle
img_028404.jpg,odg2h60,qn69748,False,7,0.0000,0.020476,motorcycle
img_028405.jpg,mqv9f73,ifv7588,False,6,0.1429,0.027201,motorcycle
img_028406.jpg,mqv7e12,fei2880,False,7,0.0000,0.030191,motorcycle
img_028408.jpg,qrf1j80,qife488,False,4,0.4286,0.049465,motorcycle
img_028410.jpg,odj2g92,qby2788,False,6,0.1429,0.458017,motorcycle
img_028414.jpg,qrg4j82,qq67788,False,5,0.2857,0.010803,motorcycle
img_028416.jpg,qre2g64,qb64880,False,6,0.1429,0.418467,motorcycle
img_028422.jpg,msp2a75,zap5288,False,6,0.1429,0.165924,motorcycle
img_028424.jpg,ovi7a98,ivi8788,False,4,0.4286,0.204798,motorcycle
img_028427.jpg,qrg5b79,bbg4231,False,6,0.1429,0.040187,motorcycle
img_028432.jpg,odj5e46,seg6788,False,7,0.0000,0.303850,motorcycle
img_028436.jpg,oyk5j80,ov67889,False,5,0.2857,0.021576,motorcycle
img_028439.jpg,ozw7a23,paza788,False,6,0.1429,0.084510,motorcycle
img_028444.jpg,ppe5h61,eppe188,False,5,0.2857,0.332131,motorcycle
img_028447.jpg,ppt2a23,ipa7348,False,6,0.1429,0.107689,motorcycle
img_028455.jpg,qri1d52,idb2538,False,7,0.0000,0.099122,motorcycle
img_028457.jpg,qrb8a37,eab7789,False,6,0.1429,0.184339,motorcycle
img_028459.jpg,qre0c75,ocy6288,False,7,0.0000,0.090083,motorcycle
img_028467.jpg,odj2g92,qty2788,False,6,0.1429,0.138042,motorcycle
img_028468.jpg,ppn9j74,ppp4488,False,5,0.2857,0.254158,motorcycle
img_028472.jpg,qrf4b90,cobf078,False,7,0.0000,0.185952,motorcycle
img_028473.jpg,qrd8g66,q666788,False,6,0.1429,0.104159,motorcycle
img_028474.jpg,oyk9e73,be73880,False,7,0.0000,0.086942,motorcycle
img_028475.jpg,qrh9e85,beg5529,False,7,0.0000,0.096428,motorcycle
img_028480.jpg,pwu5j06,pj06788,False,6,0.1429,0.381755,motorcycle
img_028486.jpg,qrc5d52,dd52789,False,7,0.0000,0.201218,motorcycle
img_028489.jpg,qrf8d14,obi4448,False,7,0.0000,0.031992,motorcycle
img_028492.jpg,pwu5j06,pj46788,False,6,0.1429,0.127341,motorcycle
img_028496.jpg,qrf5a87,earf783,False,5,0.2857,0.087053,motorcycle
img_028498.jpg,mqv9f73,efv3789,False,6,0.1429,0.009083,motorcycle
img_028499.jpg,msx4c00,axo1788,False,7,0.0000,0.356384,motorcycle
img_028507.jpg,qrg1e42,qef7783,False,6,0.1429,0.005328,motorcycle
img_028510.jpg,msf3g39,zz34228,False,7,0.0000,0.061771,motorcycle
img_028511.jpg,qrg4h59,aak9788,False,7,0.0000,0.118944,motorcycle
img_028512.jpg,fbh4b10,ebi0288,False,6,0.1429,0.165227,motorcycle
img_028520.jpg,qre9g46,bbe7280,False,6,0.1429,0.102081,motorcycle
img_028521.jpg,ozw7a23,px71749,False,7,0.0000,0.004362,motorcycle
img_028531.jpg,ppt6c15,epp5148,False,6,0.1429,0.179357,motorcycle
img_028534.jpg,qrj4h09,zhd7728,False,7,0.0000,0.031670,motorcycle
img_028538.jpg,odj0i46,opi7788,False,6,0.1429,0.343004,motorcycle
img_028539.jpg,qrl8a56,qai6728,False,6,0.1429,0.015504,motorcycle
img_028540.jpg,jsu8a56,easa228,False,7,0.0000,0.275629,motorcycle
img_028541.jpg,ppr7g88,ippa628,False,5,0.2857,0.141080,motorcycle
img_028542.jpg,kob6d80,kob1788,False,3,0.5714,0.113316,motorcycle
img_028543.jpg,qrc5d52,br62728,False,6,0.1429,0.026411,motorcycle
img_028545.jpg,qri7d06,qbi6789,False,5,0.2857,0.047320,motorcycle
img_028547.jpg,qri7h26,phz6788,False,7,0.0000,0.070728,motorcycle
img_028553.jpg,qrg5b79,gbg4230,False,6,0.1429,0.085294,motorcycle
img_028554.jpg,pps0e72,me72480,False,7,0.0000,0.163382,motorcycle
img_028555.jpg,qri4d60,qdg0788,False,6,0.1429,0.141663,motorcycle
img_028556.jpg,qrg5b79,gbp4789,False,6,0.1429,0.015461,motorcycle
img_028559.jpg,ppr7g88,vpa1788,False,4,0.4286,0.069686,motorcycle
img_028564.jpg,odf2c66,qc67782,False,7,0.0000,0.365984,motorcycle
img_028567.jpg,qri3h51,bb88779,False,7,0.0000,0.012000,motorcycle
img_028568.jpg,msv7i05,ai99578,False,7,0.0000,0.038087,motorcycle
img_028578.jpg,odt3g50,bb56288,False,7,0.0000,0.083248,motorcycle
img_028583.jpg,pwu5j06,pjo6788,False,6,0.1429,0.335152,motorcycle
img_028584.jpg,qri2j52,bj52748,False,6,0.1429,0.282194,motorcycle
img_028590.jpg,gva1i94,evv2442,False,6,0.1429,0.054814,motorcycle
img_028594.jpg,qri3c91,eaa2288,False,7,0.0000,0.036339,motorcycle
img_028595.jpg,odf2c66,qc67880,False,7,0.0000,0.362929,motorcycle
img_028596.jpg,odf2c66,qc68748,False,7,0.0000,0.244963,motorcycle
img_028597.jpg,odp9d77,pdp7831,False,5,0.2857,0.086547,motorcycle
img_028599.jpg,qrg2j03,qj66789,False,6,0.1429,0.076201,motorcycle
img_028612.jpg,pwu5j06,ej66788,False,7,0.0000,0.202045,motorcycle
img_028614.jpg,ppg5h51,egs7288,False,7,0.0000,0.104908,motorcycle
img_028619.jpg,qrg0b96,ob96788,False,7,0.0000,0.134927,motorcycle
img_028620.jpg,ppy6c55,eppy572,False,5,0.2857,0.321043,motorcycle
img_028621.jpg,ppo9c66,ppp8728,False,5,0.2857,0.283029,motorcycle
img_028623.jpg,ppc6i18,ppi8788,False,4,0.4286,0.234757,motorcycle
img_028627.jpg,mqv6a59,gaqy783,False,7,0.0000,0.060718,motorcycle
img_028629.jpg,qre5g20,sdy4788,False,7,0.0000,0.117164,motorcycle
img_028630.jpg,qrf8d14,bbi4788,False,7,0.0000,0.236515,motorcycle
img_028636.jpg,qrf1c30,ccf2888,False,6,0.1429,0.058886,motorcycle
img_028642.jpg,ovf5h08,sv68780,False,6,0.1429,0.276558,motorcycle
img_028650.jpg,ppn1b25,lpp7788,False,6,0.1429,0.085853,motorcycle
img_028655.jpg,odf2c66,q966748,False,7,0.0000,0.110376,motorcycle
img_028657.jpg,qrg0b96,qb96788,False,6,0.1429,0.450226,motorcycle
img_028660.jpg,qrg4h59,aafy233,False,7,0.0000,0.054061,motorcycle
img_028667.jpg,ppq2f25,pp25722,False,4,0.4286,0.214348,motorcycle
img_028670.jpg,qrg7b26,qb26788,False,6,0.1429,0.626121,motorcycle
img_028672.jpg,qri2j52,ry62782,False,5,0.2857,0.037368,motorcycle
img_028679.jpg,ppc6i18,ppi8788,False,4,0.4286,0.711075,motorcycle
img_028680.jpg,mqv7e12,fdy5834,False,7,0.0000,0.022848,motorcycle
img_028687.jpg,ppg5h51,epp6728,False,6,0.1429,0.205547,motorcycle
img_028697.jpg,ovi4d13,odi3788,False,5,0.2857,0.177321,motorcycle
img_028705.jpg,oyk9e73,qv32880,False,7,0.0000,0.225472,motorcycle
img_028710.jpg,odl9b35,ob15128,False,6,0.1429,0.056265,motorcycle
img_028712.jpg,qrg0b96,qb96238,False,6,0.1429,0.077921,motorcycle
img_028713.jpg,jso4d70,ad22838,False,7,0.0000,0.032311,motorcycle
img_028717.jpg,qri5i04,gio4288,False,7,0.0000,0.036591,motorcycle
img_028732.jpg,qre6c98,zcpf788,False,6,0.1429,0.060927,motorcycle
img_028740.jpg,ppg5h51,eic1288,False,7,0.0000,0.010875,motorcycle
img_028744.jpg,qrg3g25,fb25578,False,7,0.0000,0.044680,motorcycle
img_028752.jpg,qrh8b53,qbi3778,False,6,0.1429,0.412978,motorcycle
img_028753.jpg,qrh6f77,gry7788,False,6,0.1429,0.065259,motorcycle
img_028756.jpg,qrh4e29,wer2942,False,6,0.1429,0.068724,motorcycle
img_028760.jpg,aux9b64,ab64228,False,6,0.1429,0.340186,motorcycle
img_028763.jpg,ppy6c55,eppy728,False,5,0.2857,0.248578,motorcycle
img_028764.jpg,ppg5h51,epp6728,False,6,0.1429,0.154418,motorcycle
img_028765.jpg,pps2d40,eds6278,False,6,0.1429,0.125901,motorcycle
img_028773.jpg,ppr7g88,ppp5728,False,4,0.4286,0.060589,motorcycle
img_028775.jpg,mtd2f50,af50228,False,7,0.0000,0.124711,motorcycle
img_028779.jpg,qri3e18,bei1788,False,5,0.2857,0.113385,motorcycle
img_028781.jpg,ppy6c55,eppy578,False,5,0.2857,0.471679,motorcycle
img_028782.jpg,mtx7c76,mc76788,False,5,0.2857,0.257616,motorcycle
img_028783.jpg,oum1g39,cup7288,False,6,0.1429,0.073505,motorcycle
img_028787.jpg,ppb1h72,bat2880,False,7,0.0000,0.086249,motorcycle
img_028790.jpg,msp8d62,bis6277,False,7,0.0000,0.119903,motorcycle
img_028791.jpg,ppg5h51,epp6778,False,6,0.1429,0.043197,motorcycle
img_028793.jpg,oum1g39,i557728,False,7,0.0000,0.098511,motorcycle
img_028798.jpg,qrf3i26,kiza780,False,7,0.0000,0.023783,motorcycle
img_028800.jpg,mta2e89,zea9288,False,5,0.2857,0.229456,motorcycle
img_028801.jpg,ppy6c55,epp5428,False,6,0.1429,0.125497,motorcycle
img_028803.jpg,qrj1i69,mize748,False,7,0.0000,0.008551,motorcycle
img_028806.jpg,msk2b04,bsq4248,False,6,0.1429,0.215056,motorcycle
img_028808.jpg,qrj6d59,gi57748,False,7,0.0000,0.022489,motorcycle
img_028810.jpg,qrh5b66,ebf2238,False,7,0.0000,0.274028,motorcycle
img_028815.jpg,hjo9c32,p992788,False,7,0.0000,0.055602,motorcycle
img_028822.jpg,qrb1f69,qaby788,False,5,0.2857,0.084000,motorcycle
img_028824.jpg,ppb1h72,ppp7789,False,5,0.2857,0.101108,motorcycle
img_028829.jpg,qrj5j61,grg5799,False,5,0.2857,0.136711,motorcycle
img_028831.jpg,duz7g68,i668788,False,6,0.1429,0.150297,motorcycle
img_028835.jpg,qre6b81,bbe7882,False,5,0.2857,0.124877,motorcycle
img_028836.jpg,ppy6c55,ppy5288,False,4,0.4286,0.167246,motorcycle
img_028838.jpg,ocz3e21,bbi1888,False,7,0.0000,0.015322,motorcycle
img_028843.jpg,ppr7g88,vpx4720,False,6,0.1429,0.063238,motorcycle
img_028846.jpg,ppa7a55,zay8288,False,7,0.0000,0.111203,motorcycle
img_028847.jpg,qrf1j03,drf7880,False,5,0.2857,0.017041,motorcycle
img_028849.jpg,qrj8h83,gr89382,False,5,0.2857,0.020043,motorcycle
img_028850.jpg,qrj5c38,ecia288,False,6,0.1429,0.087128,motorcycle
img_028854.jpg,mtx1h46,iha6788,False,7,0.0000,0.147080,motorcycle
img_028856.jpg,qrh4e29,gezw489,False,6,0.1429,0.004394,motorcycle
img_028859.jpg,qri7h26,priz678,False,5,0.2857,0.079357,motorcycle
img_028860.jpg,qrj4h09,aha9288,False,7,0.0000,0.066119,motorcycle
img_028863.jpg,mqr6b71,mbri788,False,5,0.2857,0.187327,motorcycle
img_028868.jpg,mtx7c76,it76748,False,5,0.2857,0.120084,motorcycle
img_028878.jpg,qrk9g40,qrk4788,False,4,0.4286,0.127637,motorcycle
img_028879.jpg,ppg5h51,eps7288,False,6,0.1429,0.163182,motorcycle
img_028884.jpg,msu3a87,basi778,False,6,0.1429,0.095511,motorcycle
img_028888.jpg,qrj1i69,iigy488,False,7,0.0000,0.049779,motorcycle
img_028889.jpg,msw0e74,eev4788,False,7,0.0000,0.038347,motorcycle
img_028898.jpg,ppf2b19,ebi4288,False,7,0.0000,0.192290,motorcycle
img_028900.jpg,prn1a91,epr1428,False,5,0.2857,0.060794,motorcycle
img_028903.jpg,odg5f18,qfi8788,False,6,0.1429,0.127226,motorcycle
img_028906.jpg,oyf3b05,qbf5788,False,6,0.1429,0.094688,motorcycle
img_028915.jpg,ppg5h51,ppg4770,False,4,0.4286,0.289995,motorcycle
img_028920.jpg,odi5g99,ggy4780,False,7,0.0000,0.028528,motorcycle
img_028928.jpg,mrw2c03,zco7280,False,6,0.1429,0.076048,motorcycle
img_028931.jpg,pps2d40,m846488,False,7,0.0000,0.010733,motorcycle
img_028944.jpg,mso8d44,bi80472,False,6,0.1429,0.070347,motorcycle
img_028945.jpg,ppe0a33,pppe778,False,5,0.2857,0.364931,motorcycle
img_028947.jpg,qrf3d72,gby2788,False,7,0.0000,0.075513,motorcycle
img_028951.jpg,qre1j20,zb77782,False,7,0.0000,0.031461,motorcycle
img_028952.jpg,qri7e72,gey2788,False,7,0.0000,0.069741,motorcycle
img_028954.jpg,qrf6h73,ghz7790,False,7,0.0000,0.126242,motorcycle
img_028973.jpg,ppu8b27,ap77288,False,6,0.1429,0.068243,motorcycle
img_028974.jpg,qre0c75,qoe7282,False,5,0.2857,0.008971,motorcycle
img_028975.jpg,qrg5g11,ggg4780,False,6,0.1429,0.311278,motorcycle
img_028991.jpg,qrj4g88,gav8788,False,5,0.2857,0.173691,motorcycle
img_028993.jpg,qrg8f91,grbi788,False,6,0.1429,0.048030,motorcycle
img_028996.jpg,mtp1e92,eep2728,False,6,0.1429,0.328213,motorcycle
img_028999.jpg,odg5f18,ffi8788,False,6,0.1429,0.216234,motorcycle
img_029000.jpg,ppy6c55,eppy578,False,5,0.2857,0.514140,motorcycle
img_029007.jpg,jko1c51,ick0478,False,7,0.0000,0.037583,motorcycle
img_029010.jpg,mrl5f11,mri1780,False,5,0.2857,0.089129,motorcycle
img_029013.jpg,lmc6f52,iff2778,False,7,0.0000,0.132506,motorcycle
img_029017.jpg,qrh3h92,gry2778,False,6,0.1429,0.060535,motorcycle
img_029018.jpg,qrk2h32,qrk2480,False,3,0.5714,0.087198,motorcycle
img_029025.jpg,mtm8j36,bi34788,False,7,0.0000,0.151631,motorcycle
img_029032.jpg,ppy6c55,eppy528,False,5,0.2857,0.637809,motorcycle
img_029035.jpg,mtx7c76,myx7838,False,4,0.4286,0.051099,motorcycle
img_029040.jpg,ppy6c55,epy5788,False,5,0.2857,0.529627,motorcycle
img_029044.jpg,ppl1g49,ppi5788,False,5,0.2857,0.145784,motorcycle
img_029045.jpg,qrf5a87,qab7789,False,5,0.2857,0.118327,motorcycle
img_029048.jpg,qrb7j37,qre7288,False,4,0.4286,0.145981,motorcycle
img_029051.jpg,msa2d98,evs1728,False,6,0.1429,0.078721,motorcycle
img_029054.jpg,odh5h74,ghi4788,False,6,0.1429,0.080275,motorcycle
img_029059.jpg,fyw0e20,de20480,False,5,0.2857,0.147643,motorcycle
img_029063.jpg,msw0e74,divi488,False,7,0.0000,0.094207,motorcycle
img_029069.jpg,ppn1i54,eppa228,False,6,0.1429,0.293087,motorcycle
img_029072.jpg,qrg5b79,ex74280,False,7,0.0000,0.008360,motorcycle
img_029075.jpg,odg7j05,odg5788,False,4,0.4286,0.244980,motorcycle
img_029077.jpg,ppm6b36,ppm6782,False,3,0.5714,0.165745,motorcycle
img_029085.jpg,ppe5h61,pp61788,False,5,0.2857,0.065337,motorcycle
img_029086.jpg,ppj7d86,bd86778,False,6,0.1429,0.204831,motorcycle
img_029088.jpg,qrj4j25,qbi5788,False,6,0.1429,0.142343,motorcycle
img_029093.jpg,qrj4h09,bag2880,False,7,0.0000,0.042091,motorcycle
img_029103.jpg,gzv3j93,gzy3789,False,4,0.4286,0.265666,motorcycle
img_029110.jpg,ppy6c55,ppy5788,False,4,0.4286,0.739385,motorcycle
img_029111.jpg,qrk2h46,zak6848,False,5,0.2857,0.123613,motorcycle
img_029112.jpg,qre6b81,gbe7830,False,6,0.1429,0.071567,motorcycle
img_029113.jpg,oyd0i44,oyd5788,False,4,0.4286,0.407405,motorcycle
img_029119.jpg,qrf9c92,qcf2788,False,5,0.2857,0.612278,motorcycle
img_029124.jpg,hjo9c32,id92789,False,7,0.0000,0.042228,motorcycle
img_029127.jpg,ppt5j40,ppy0720,False,4,0.4286,0.258456,motorcycle
img_029128.jpg,qrg4i42,brc2788,False,6,0.1429,0.082870,motorcycle
img_029131.jpg,mtm5h09,shj9728,False,7,0.0000,0.113171,motorcycle
img_029133.jpg,qrk8e50,bry2238,False,6,0.1429,0.169935,motorcycle
img_029136.jpg,qrg4j82,qig3773,False,5,0.2857,0.009265,motorcycle
img_029138.jpg,oda0e40,oe11148,False,5,0.2857,0.025241,motorcycle
img_029143.jpg,odr2i65,qd65248,False,6,0.1429,0.081741,motorcycle
img_029144.jpg,gkh4c99,ech5728,False,6,0.1429,0.047913,motorcycle
img_029146.jpg,qri2j52,bak7730,False,7,0.0000,0.015209,motorcycle
img_029150.jpg,qrk5j15,prk5728,False,4,0.4286,0.024159,motorcycle
img_029154.jpg,qre5g22,gbe2890,False,6,0.1429,0.021913,motorcycle
img_029156.jpg,mrl5f11,frit788,False,6,0.1429,0.551801,motorcycle
img_029165.jpg,qrj5d28,sdz8788,False,6,0.1429,0.074341,motorcycle
img_029169.jpg,qri2h49,zawa729,False,6,0.1429,0.043670,motorcycle
img_029171.jpg,odo7h15,qdi5789,False,6,0.1429,0.445843,motorcycle
img_029172.jpg,msy8a54,basw478,False,7,0.0000,0.353357,motorcycle
img_029174.jpg,odc5d59,obs8288,False,6,0.1429,0.058916,motorcycle
img_029176.jpg,mpi9a64,vab4288,False,7,0.0000,0.146419,motorcycle
img_029177.jpg,mpi9a64,ipa4734,False,5,0.2857,0.038936,motorcycle
img_029178.jpg,qrh8b53,ab57788,False,7,0.0000,0.025080,motorcycle
img_029181.jpg,msv3h69,es65223,False,6,0.1429,0.114681,motorcycle
img_029185.jpg,oyh6d96,ov96788,False,5,0.2857,0.173606,motorcycle
img_029187.jpg,mrs3j76,bi77678,False,6,0.1429,0.037300,motorcycle
img_029198.jpg,odp8g56,obj6774,False,6,0.1429,0.079597,motorcycle
img_029199.jpg,qrk8i20,bixk488,False,7,0.0000,0.069794,motorcycle
img_029209.jpg,ppb4e77,lp97288,False,6,0.1429,0.097180,motorcycle
img_029216.jpg,ppv9c45,pp45729,False,5,0.2857,0.261935,motorcycle
img_029224.jpg,qri2h49,zara978,False,7,0.0000,0.069429,motorcycle
img_029228.jpg,mtz2i95,ei93783,False,7,0.0000,0.130233,motorcycle
img_029231.jpg,odt6a01,gadi783,False,7,0.0000,0.448417,motorcycle
img_029233.jpg,mst5a03,eaq7778,False,7,0.0000,0.038865,motorcycle
img_029236.jpg,qri2h49,zh49788,False,7,0.0000,0.030606,motorcycle
img_029238.jpg,mpt7d28,zpy4288,False,5,0.2857,0.045789,motorcycle
img_029244.jpg,qri4j59,edj5477,False,7,0.0000,0.011370,motorcycle
img_029248.jpg,ppy6c55,lpp5728,False,6,0.1429,0.121444,motorcycle
img_029256.jpg,qrf2i78,qiff882,False,5,0.2857,0.023713,motorcycle
img_029263.jpg,pph2b58,qb93288,False,6,0.1429,0.046833,motorcycle
img_029265.jpg,mtb8a07,bad7728,False,7,0.0000,0.175208,motorcycle
img_029268.jpg,odl8c42,qci2780,False,7,0.0000,0.308171,motorcycle
img_029269.jpg,qrf8d05,sp15788,False,7,0.0000,0.023764,motorcycle
img_029270.jpg,ppy6c55,epy5428,False,5,0.2857,0.151735,motorcycle
img_029276.jpg,ocw1a61,iccy138,False,6,0.1429,0.069380,motorcycle
img_029279.jpg,qrf5a39,gaia280,False,7,0.0000,0.083846,motorcycle
img_029290.jpg,qrh5b66,bb62280,False,7,0.0000,0.185482,motorcycle
img_029291.jpg,ppy6c55,ppy5280,False,4,0.4286,0.430749,motorcycle
img_029295.jpg,qrj1i96,qiv4238,False,6,0.1429,0.022013,motorcycle
img_029302.jpg,qri5b63,sby3780,False,7,0.0000,0.316871,motorcycle
img_029305.jpg,ovi3e42,qv2848,False,5,0.2857,0.061071,motorcycle
img_029306.jpg,ppg0f71,ppea238,False,5,0.2857,0.208847,motorcycle
img_029312.jpg,ppf9d45,ppf5788,False,4,0.4286,0.141334,motorcycle
img_029313.jpg,ocy0i57,ocy4880,False,4,0.4286,0.513169,motorcycle
img_029318.jpg,nyx4g84,ags4288,False,5,0.2857,0.482872,motorcycle
img_029320.jpg,qrj5b44,bb44880,False,7,0.0000,0.527674,motorcycle
img_029326.jpg,ppk4e09,cpp5428,False,5,0.2857,0.100889,motorcycle
img_029328.jpg,qrg0b96,qbf1788,False,6,0.1429,0.057837,motorcycle
img_029329.jpg,qri2h49,za44928,False,7,0.0000,0.022943,motorcycle
img_029334.jpg,mtm0f89,efp4728,False,7,0.0000,0.035050,motorcycle
img_029344.jpg,ppe0a55,cap5578,False,7,0.0000,0.236261,motorcycle
img_029347.jpg,ovf5h30,shia238,False,6,0.1429,0.099506,motorcycle
img_029348.jpg,mrw9h52,mb52788,False,6,0.1429,0.206171,motorcycle
img_029349.jpg,msp4b22,abp4288,False,5,0.2857,0.243318,motorcycle
img_029350.jpg,ppv9c45,ppu5780,False,5,0.2857,0.819207,motorcycle
img_029351.jpg,qrb1g37,gr57830,False,5,0.2857,0.052919,motorcycle
img_029353.jpg,msw0e74,aeva138,False,7,0.0000,0.098311,motorcycle
img_029354.jpg,ppy6c55,ppy5780,False,4,0.4286,0.218567,motorcycle
img_029366.jpg,odb4a87,qoa6728,False,6,0.1429,0.011566,motorcycle
img_029372.jpg,llt9f03,df3778,False,7,0.0000,0.332875,motorcycle
img_029373.jpg,oyk5i74,pyx4830,False,6,0.1429,0.132333,motorcycle
img_029376.jpg,mts9a68,ha88238,False,6,0.1429,0.128707,motorcycle
img_029380.jpg,qrg4j82,qib7778,False,6,0.1429,0.037791,motorcycle
img_029381.jpg,mqk4h98,mok7748,False,4,0.4286,0.021349,motorcycle
img_029387.jpg,qrg4d71,crp5238,False,6,0.1429,0.014899,motorcycle
img_029388.jpg,msw0e74,izz2238,False,7,0.0000,0.065417,motorcycle
img_029392.jpg,qrk9b28,qby8728,False,4,0.4286,0.087894,motorcycle
img_029402.jpg,mtm0f89,mf99429,False,5,0.2857,0.107696,motorcycle
img_029403.jpg,qrk8j99,bry4788,False,6,0.1429,0.057125,motorcycle
img_029404.jpg,ovk7i14,zy44248,False,7,0.0000,0.166555,motorcycle
img_029411.jpg,oyk9b17,oby7788,False,6,0.1429,0.113949,motorcycle
img_029412.jpg,qri7b05,qbo5782,False,6,0.1429,0.257006,motorcycle
img_029414.jpg,ppo3d92,ppo2822,False,3,0.5714,0.098691,motorcycle
img_029422.jpg,qrh8g78,eby8788,False,5,0.2857,0.108384,motorcycle
img_029423.jpg,odg8b88,bbb7382,False,6,0.1429,0.113085,motorcycle
img_029425.jpg,ppm0g72,mbe7278,False,6,0.1429,0.109936,motorcycle
img_029427.jpg,mtz2i95,pix5788,False,7,0.0000,0.039350,motorcycle
img_029440.jpg,qrf2a37,eqax778,False,7,0.0000,0.048542,motorcycle
img_029448.jpg,qrj6f21,b224280,False,7,0.0000,0.129844,motorcycle
img_029453.jpg,ppn1i54,pp54748,False,5,0.2857,0.209739,motorcycle
img_029454.jpg,msv4d70,idy4238,False,6,0.1429,0.061455,motorcycle
img_029455.jpg,ppk4i79,fpx4882,False,5,0.2857,0.088994,motorcycle
img_029456.jpg,ppo9c66,pp86788,False,5,0.2857,0.226238,motorcycle
img_029458.jpg,qrk2h37,zak7778,False,6,0.1429,0.488446,motorcycle
img_029459.jpg,odp0h11,obp4792,False,5,0.2857,0.104918,motorcycle
img_029478.jpg,ntp9j19,njpw880,False,5,0.2857,0.132944,motorcycle
img_029485.jpg,mtw7c75,it75780,False,5,0.2857,0.444292,motorcycle
img_029488.jpg,ppn9j76,ppy6728,False,5,0.2857,0.307248,motorcycle
img_029506.jpg,ppr8e85,bebb528,False,7,0.0000,0.247487,motorcycle
img_029511.jpg,mtw8i15,bi15788,False,7,0.0000,0.314735,motorcycle
img_029513.jpg,qrf2i78,zz78823,False,7,0.0000,0.087507,motorcycle
img_029516.jpg,qrk2h37,zax7428,False,7,0.0000,0.028780,motorcycle
img_029526.jpg,qrf1j03,qji3788,False,6,0.1429,0.110816,motorcycle
img_029538.jpg,ovi4d13,q9i3788,False,6,0.1429,0.013326,motorcycle
img_029546.jpg,msw0e74,aev7428,False,7,0.0000,0.058169,motorcycle
img_029547.jpg,qrj8d79,gdy9734,False,7,0.0000,0.048295,motorcycle
img_029549.jpg,ovh4c13,lvy3728,False,6,0.1429,0.224344,motorcycle
img_029552.jpg,qrk2h46,zbl6778,False,7,0.0000,0.142142,motorcycle
img_029553.jpg,opu1e74,qpy4788,False,6,0.1429,0.063702,motorcycle
img_029555.jpg,mtd8a61,ema7384,False,7,0.0000,0.136619,motorcycle
img_029557.jpg,qrh4a09,qopp077,False,6,0.1429,0.075636,motorcycle
img_029562.jpg,ovi2h93,za93788,False,7,0.0000,0.362230,motorcycle
img_029563.jpg,oda0e40,obj7788,False,6,0.1429,0.037558,motorcycle
img_029564.jpg,ppu9a13,ppu3788,False,4,0.4286,0.199952,motorcycle
img_029567.jpg,qrh8g78,qby8788,False,4,0.4286,0.319578,motorcycle
img_029574.jpg,mtd8a61,bagf288,False,7,0.0000,0.302392,motorcycle
img_029581.jpg,msw0e74,abba238,False,7,0.0000,0.440156,motorcycle
img_029583.jpg,qrc7g00,vgc4779,False,6,0.1429,0.068326,motorcycle
img_029588.jpg,qri2h49,zha9778,False,7,0.0000,0.086168,motorcycle
img_029591.jpg,qrj6g02,ggo2788,False,7,0.0000,0.030121,motorcycle
img_029592.jpg,odg8b88,bbc7838,False,6,0.1429,0.099543,motorcycle
img_029593.jpg,oyd1d89,idby788,False,6,0.1429,0.063853,motorcycle
img_029597.jpg,ppe5h61,epp6728,False,6,0.1429,0.066682,motorcycle
img_029601.jpg,mtv4h20,ahy0077,False,7,0.0000,0.085259,motorcycle
img_029604.jpg,oyg3c30,pv50288,False,7,0.0000,0.158241,motorcycle
img_029607.jpg,qrl6e98,gry8248,False,5,0.2857,0.054208,motorcycle
img_029613.jpg,hgu4b06,abu6788,False,6,0.1429,0.281035,motorcycle
img_029614.jpg,ppi6d68,pp93729,False,5,0.2857,0.013412,motorcycle
img_029620.jpg,rba6b29,eb29229,False,4,0.4286,0.016535,motorcycle
img_029624.jpg,qrh8d56,qpi6788,False,6,0.1429,0.165027,motorcycle
img_029626.jpg,qrh5b63,qbi7838,False,6,0.1429,0.224260,motorcycle
img_029629.jpg,qrh8g78,qby6788,False,5,0.2857,0.172632,motorcycle
img_029633.jpg,msw2i03,eisi777,False,7,0.0000,0.461275,motorcycle
img_029636.jpg,qrh9b34,qbia228,False,6,0.1429,0.115024,motorcycle
img_029637.jpg,qrk2h37,zay7778,False,7,0.0000,0.141270,motorcycle
img_029640.jpg,qri5i04,gic4738,False,7,0.0000,0.009142,motorcycle
img_029642.jpg,qrk1j59,qb51780,False,5,0.2857,0.025660,motorcycle
img_029643.jpg,qrh4b72,abr2788,False,7,0.0000,0.061636,motorcycle
img_029647.jpg,jso4d70,ad90788,False,7,0.0000,0.038501,motorcycle
img_029659.jpg,qrh2d22,qbi2780,False,5,0.2857,0.143704,motorcycle
img_029660.jpg,ocz2c56,qc56728,False,6,0.1429,0.092245,motorcycle
img_029661.jpg,qre0c75,ory2890,False,6,0.1429,0.040843,motorcycle
img_029663.jpg,qrh2d22,zibi273,False,7,0.0000,0.033706,motorcycle
img_029665.jpg,qre3g47,grf773,False,6,0.1429,0.137731,motorcycle
img_029669.jpg,ppm6b36,gpp6678,False,5,0.2857,0.175610,motorcycle
img_029671.jpg,mtw7c75,icy9788,False,7,0.0000,0.137964,motorcycle
img_029673.jpg,odr2i65,zdb5288,False,6,0.1429,0.080437,motorcycle
img_029675.jpg,qrg1e42,eec7888,False,7,0.0000,0.060289,motorcycle
img_029676.jpg,qrg2j03,qjog748,False,6,0.1429,0.103533,motorcycle
img_029677.jpg,odr2i65,zi65788,False,7,0.0000,0.069481,motorcycle
img_029678.jpg,qrg2j03,zjog288,False,6,0.1429,0.026826,motorcycle
img_029679.jpg,odg5f18,qfi8788,False,6,0.1429,0.061677,motorcycle
img_029688.jpg,qrd0c17,ccd7288,False,6,0.1429,0.077788,motorcycle
img_029689.jpg,ovi2h93,zhy7788,False,7,0.0000,0.065616,motorcycle
img_029694.jpg,qri7h40,zaj6288,False,7,0.0000,0.010638,motorcycle
img_029699.jpg,mrf9j59,ij54788,False,7,0.0000,0.074021,motorcycle
img_029702.jpg,ppp0c22,ppp2880,False,4,0.4286,0.237401,motorcycle
img_029705.jpg,qrg5g11,sgi7880,False,7,0.0000,0.024790,motorcycle
img_029708.jpg,qre0h80,chr8788,False,6,0.1429,0.051138,motorcycle
img_029709.jpg,qrg5g11,sp11288,False,7,0.0000,0.025636,motorcycle
img_029710.jpg,inm7c44,ami2438,False,6,0.1429,0.067543,motorcycle
img_029711.jpg,ppn6c13,ippy488,False,6,0.1429,0.494840,motorcycle
img_029718.jpg,qri1g92,ibr4238,False,7,0.0000,0.040759,motorcycle
img_029721.jpg,ovj0h50,ghyg288,False,7,0.0000,0.226721,motorcycle
img_029723.jpg,qri6c82,fip2888,False,6,0.1429,0.031449,motorcycle
img_029728.jpg,pph5b07,spp7288,False,6,0.1429,0.209068,motorcycle
img_029731.jpg,qrh3d03,soriz28,False,7,0.0000,0.160908,motorcycle
img_029732.jpg,ppb2a47,ppa8884,False,5,0.2857,0.095725,motorcycle
img_029733.jpg,odc4h91,copc888,False,6,0.1429,0.200014,motorcycle
img_029738.jpg,qrb3a73,corg788,False,7,0.0000,0.131056,motorcycle
img_029741.jpg,lry7g97,igi7438,False,6,0.1429,0.146762,motorcycle
img_029742.jpg,msa8f37,bij7438,False,6,0.1429,0.241703,motorcycle
img_029744.jpg,qre0h80,ixiq028,False,6,0.1429,0.003251,motorcycle
img_029745.jpg,qrh2c14,con2484,False,5,0.2857,0.017159,motorcycle
img_029746.jpg,oyg7f39,avi2488,False,7,0.0000,0.106818,motorcycle
img_029751.jpg,oyi8e42,idv2448,False,6,0.1429,0.055819,motorcycle
img_029753.jpg,qrg3f30,ffrc228,False,7,0.0000,0.089090,motorcycle
img_029755.jpg,msv7i05,ijsy248,False,7,0.0000,0.217815,motorcycle
img_029756.jpg,msr9b97,ibsi248,False,7,0.0000,0.279527,motorcycle
img_029757.jpg,lry7g97,idv2384,False,7,0.0000,0.286811,motorcycle
img_029758.jpg,oyk0j72,dov8488,False,7,0.0000,0.103668,motorcycle
img_029760.jpg,oyg7f39,idv2488,False,7,0.0000,0.253485,motorcycle
img_029761.jpg,qrk1d63,ibus248,False,7,0.0000,0.081122,motorcycle
img_029762.jpg,qri6c82,cqu2484,False,6,0.1429,0.045882,motorcycle
img_029763.jpg,mrz9a40,saw7838,False,7,0.0000,0.058431,motorcycle
img_029770.jpg,qod5a08,aqa2884,False,7,0.0000,0.076645,motorcycle
img_029771.jpg,ppm1b13,ipp5848,False,6,0.1429,0.258340,motorcycle
img_029773.jpg,ppw7j99,ipp4488,False,6,0.1429,0.580921,motorcycle
img_029774.jpg,qrk2h37,qrk7730,False,3,0.5714,0.083827,motorcycle
img_029775.jpg,qrh8b53,corb188,False,7,0.0000,0.035014,motorcycle
img_029776.jpg,oyd5h74,sov1248,False,7,0.0000,0.266657,motorcycle
img_029778.jpg,oyk0j72,doy6488,False,6,0.1429,0.085396,motorcycle
img_029779.jpg,ppi3e57,ippy488,False,6,0.1429,0.059316,motorcycle
img_029780.jpg,mrz9a40,faz6380,False,5,0.2857,0.056239,motorcycle
img_029781.jpg,qrk1d63,idi7438,False,7,0.0000,0.129079,motorcycle
img_029789.jpg,krm7e95,ads2384,False,7,0.0000,0.007803,motorcycle
img_029790.jpg,odg8b88,sop6743,False,7,0.0000,0.032698,motorcycle
img_029791.jpg,ppu0b42,ipp2884,False,5,0.2857,0.143907,motorcycle
img_029792.jpg,ppu6c58,iii4384,False,7,0.0000,0.044191,motorcycle
img_029793.jpg,qrb3a73,sorit48,False,7,0.0000,0.060773,motorcycle
img_029794.jpg,qrf4b12,fbre248,False,7,0.0000,0.458720,motorcycle
img_029796.jpg,oyk0j72,cov5848,False,7,0.0000,0.079708,motorcycle
img_029797.jpg,qrg2c72,ipp2488,False,6,0.1429,0.087494,motorcycle
img_029798.jpg,qre0h80,ghi6648,False,7,0.0000,0.050557,motorcycle
img_029800.jpg,mrz9a40,fri8484,False,6,0.1429,0.047985,motorcycle
img_029802.jpg,qrk3g62,sgx1488,False,7,0.0000,0.144701,motorcycle
img_029803.jpg,qri6g68,aba,False,7,0.0000,0.131488,motorcycle
img_029804.jpg,ppi3e57,bpy2480,False,6,0.1429,0.156205,motorcycle
img_029805.jpg,qrk1d63,itas848,False,7,0.0000,0.217541,motorcycle
img_029807.jpg,ppj1f18,fij7480,False,6,0.1429,0.073647,motorcycle
img_029808.jpg,qrk3i24,simi448,False,6,0.1429,0.095260,motorcycle
img_029810.jpg,qrd0c17,dcr0248,False,6,0.1429,0.100035,motorcycle
img_029811.jpg,qrj4j25,dry6884,False,6,0.1429,0.041256,motorcycle
img_029813.jpg,mta0b22,dx28384,False,7,0.0000,0.075121,motorcycle
img_029814.jpg,oyg7i91,ivga480,False,6,0.1429,0.055123,motorcycle
img_029815.jpg,qri2d95,zori548,False,6,0.1429,0.209278,motorcycle
img_029816.jpg,odg8b88,qbg4838,False,5,0.2857,0.012590,motorcycle
img_029818.jpg,qrg5f71,ipp2888,False,7,0.0000,0.062885,motorcycle
img_029820.jpg,ppu6c58,appy648,False,4,0.4286,0.068560,motorcycle
img_029821.jpg,odf2h64,zi84884,False,6,0.1429,0.007376,motorcycle
img_029824.jpg,ppy6c26,appy688,False,4,0.4286,0.180675,motorcycle
img_029825.jpg,ppn7d89,ppy2884,False,4,0.4286,0.148999,motorcycle
img_029826.jpg,ppw7j99,ipi1488,False,6,0.1429,0.240745,motorcycle
img_029827.jpg,msr9b97,fsk2384,False,6,0.1429,0.085197,motorcycle
img_029829.jpg,lry7g97,igy4888,False,6,0.1429,0.073720,motorcycle
img_029831.jpg,qrh2j12,fyi4748,False,7,0.0000,0.033529,motorcycle
img_029832.jpg,ppr2d29,epp4288,False,5,0.2857,0.196858,motorcycle
img_029835.jpg,ppp5e34,spp4881,False,5,0.2857,0.081462,motorcycle
img_029836.jpg,qod5a08,sood228,False,5,0.2857,0.191838,motorcycle
img_029837.jpg,qrg4j82,ca67778,False,7,0.0000,0.096832,motorcycle
img_029843.jpg,ppj1f18,fi82484,False,7,0.0000,0.073763,motorcycle
img_029844.jpg,mtb6g74,itz6838,False,5,0.2857,0.043756,motorcycle
img_029853.jpg,qri6g68,ega8588,False,6,0.1429,0.219504,motorcycle
img_029854.jpg,qrd0c17,ccr2248,False,7,0.0000,0.114400,motorcycle
img_029855.jpg,krm7e95,idi5488,False,7,0.0000,0.033418,motorcycle
img_029866.jpg,ppq1j94,app4238,False,6,0.1429,0.156288,motorcycle
img_029867.jpg,ppq1j94,ppq4288,False,4,0.4286,0.227396,motorcycle
img_029868.jpg,ppq1j94,app4288,False,6,0.1429,0.153124,motorcycle
img_029874.jpg,fgx5b14,eegy848,False,7,0.0000,0.047861,motorcycle
img_029876.jpg,qrh3i68,bibb288,False,6,0.1429,0.221939,motorcycle
img_029878.jpg,qrj8d77,iai4384,False,7,0.0000,0.051099,motorcycle
img_029879.jpg,oyj0d42,cqa2480,False,7,0.0000,0.028788,motorcycle
img_029884.jpg,odj1a82,db48884,False,6,0.1429,0.095503,motorcycle
img_029885.jpg,ppj7d82,ipp2884,False,5,0.2857,0.140354,motorcycle
img_029893.jpg,ppn1b25,ibp5248,False,7,0.0000,0.494536,motorcycle
img_029894.jpg,ocv8d29,sdz9228,False,6,0.1429,0.062333,motorcycle
img_029896.jpg,qrb3a73,gorb288,False,6,0.1429,0.107706,motorcycle
img_029897.jpg,qrf4b12,dbr2488,False,6,0.1429,0.105892,motorcycle
img_029898.jpg,ppt2j19,ppy2884,False,4,0.4286,0.486942,motorcycle
img_029899.jpg,mqm8d57,gd72484,False,7,0.0000,0.102013,motorcycle
img_029900.jpg,ppy6c26,ppp5248,False,5,0.2857,0.184600,motorcycle
img_029901.jpg,ppn1a71,ippy288,False,6,0.1429,0.187532,motorcycle
img_029902.jpg,oyg7f39,axa4438,False,6,0.1429,0.152829,motorcycle
img_029903.jpg,qri6c82,ccu1238,False,7,0.0000,0.058432,motorcycle
img_029904.jpg,mth4g39,gbi1888,False,7,0.0000,0.047105,motorcycle
img_029906.jpg,lll4c56,igi7488,False,7,0.0000,0.017569,motorcycle
img_029907.jpg,lll4c56,cham284,False,7,0.0000,0.027202,motorcycle
img_029908.jpg,mrz9a40,fix8884,False,7,0.0000,0.103230,motorcycle
img_029909.jpg,qri7d06,zora248,False,7,0.0000,0.032099,motorcycle
img_029910.jpg,qrg5g11,scic748,False,7,0.0000,0.047774,motorcycle
img_029912.jpg,oyg0a69,qavg248,False,7,0.0000,0.104977,motorcycle
img_029918.jpg,qrd0c17,dcit288,False,7,0.0000,0.016639,motorcycle
img_029919.jpg,krm7e95,ep54484,False,7,0.0000,0.008930,motorcycle
img_029920.jpg,odg8b88,gicz384,False,6,0.1429,0.188088,motorcycle
img_029921.jpg,mte6d68,gdi8788,False,6,0.1429,0.061199,motorcycle
img_029922.jpg,ppp2d40,ippp488,False,5,0.2857,0.191230,motorcycle
img_029923.jpg,ovk2c60,zov0788,False,6,0.1429,0.287789,motorcycle
img_029927.jpg,ppy6c26,appy838,False,5,0.2857,0.055877,motorcycle
img_029929.jpg,odc4h91,cppc788,False,7,0.0000,0.089937,motorcycle
img_029930.jpg,mrz9a40,faz7848,False,5,0.2857,0.204070,motorcycle
img_029931.jpg,qrk1f26,ffrk248,False,6,0.1429,0.147781,motorcycle
img_029935.jpg,oyg0a69,qav6248,False,7,0.0000,0.211658,motorcycle
img_029936.jpg,oda5c01,scq1238,False,7,0.0000,0.139840,motorcycle
img_029937.jpg,qrg7f09,idga288,False,6,0.1429,0.025183,motorcycle
img_029942.jpg,qri8i41,bil1838,False,7,0.0000,0.036531,motorcycle
img_029944.jpg,qri7d06,fool288,False,7,0.0000,0.078233,motorcycle
img_029945.jpg,qrf4b12,dbre488,False,6,0.1429,0.073848,motorcycle
img_029948.jpg,ppw7j99,ppy8884,False,5,0.2857,0.316434,motorcycle
img_029949.jpg,qrg3f30,fro2288,False,6,0.1429,0.064318,motorcycle
img_029950.jpg,ppy6c26,ppyw888,False,4,0.4286,0.031160,motorcycle
img_029951.jpg,msa8f37,efsa148,False,6,0.1429,0.353957,motorcycle
img_029952.jpg,oyg7i91,poy1488,False,6,0.1429,0.079957,motorcycle
img_029953.jpg,msr9b97,fsi2488,False,6,0.1429,0.213721,motorcycle
img_029955.jpg,ppt2j19,apy2484,False,5,0.2857,0.324141,motorcycle
img_029956.jpg,lry7g97,iby2434,False,6,0.1429,0.090401,motorcycle
img_029958.jpg,qri6i06,giriz48,False,6,0.1429,0.020436,motorcycle
img_029959.jpg,oyk0j72,dov8238,False,7,0.0000,0.174744,motorcycle
img_029960.jpg,qrh3i68,bibb783,False,7,0.0000,0.090324,motorcycle
img_029961.jpg,ppi3e57,spp7288,False,6,0.1429,0.080534,motorcycle
img_029963.jpg,mpp2g74,igp4488,False,6,0.1429,0.295522,motorcycle
img_029965.jpg,qrj5e58,seibi14,False,7,0.0000,0.154833,motorcycle
img_029969.jpg,pph5b07,spp7888,False,6,0.1429,0.219744,motorcycle
img_029972.jpg,msl7j36,is68490,False,6,0.1429,0.085938,motorcycle
img_029973.jpg,odf2h64,zop6248,False,6,0.1429,0.208892,motorcycle
img_029974.jpg,ppy6c26,ppyx848,False,4,0.4286,0.045361,motorcycle
img_029975.jpg,ppt2j19,epy2480,False,5,0.2857,0.447551,motorcycle
img_029976.jpg,qri1d18,idia148,False,5,0.2857,0.181616,motorcycle
img_029977.jpg,ppe6h42,gppe143,False,4,0.4286,0.226149,motorcycle
img_029978.jpg,oyk0j72,cov6848,False,7,0.0000,0.198493,motorcycle
img_029979.jpg,qri6i06,giri648,False,5,0.2857,0.036857,motorcycle
img_029980.jpg,msu4g54,igu4388,False,5,0.2857,0.112316,motorcycle
img_029983.jpg,oyg7f39,ivy6448,False,7,0.0000,0.146069,motorcycle
img_029988.jpg,oyk9b17,ovi7488,False,6,0.1429,0.213654,motorcycle
img_029989.jpg,odo7h15,zb96780,False,7,0.0000,0.019381,motorcycle
img_029990.jpg,qod5a08,saop243,False,7,0.0000,0.191079,motorcycle
img_029992.jpg,qip2b63,itix748,False,7,0.0000,0.054893,motorcycle
img_029993.jpg,qrd0c17,dcr0248,False,6,0.1429,0.364507,motorcycle
img_029994.jpg,krm7e95,ki18288,False,6,0.1429,0.058330,motorcycle
img_029995.jpg,qrj4j25,divi848,False,7,0.0000,0.006201,motorcycle
img_029996.jpg,msl7j36,ixt2488,False,7,0.0000,0.087295,motorcycle
img_029997.jpg,odg8b88,qb67790,False,7,0.0000,0.008654,motorcycle
img_029998.jpg,ppw7j99,ppy8884,False,5,0.2857,0.208406,motorcycle
img_030000.jpg,ppn7d89,pp91480,False,4,0.4286,0.083085,motorcycle
img_030001.jpg,ppt2j19,epi4480,False,6,0.1429,0.195051,motorcycle
img_030003.jpg,pxu7h47,vijiz78,False,7,0.0000,0.001144,motorcycle
img_030008.jpg,oyd8e20,dvo2288,False,7,0.0000,0.258882,motorcycle
img_030009.jpg,qri6i06,givi848,False,6,0.1429,0.121607,motorcycle
img_030012.jpg,qri7b05,ibit438,False,6,0.1429,0.025613,motorcycle
img_030013.jpg,mpp2g74,ipp4888,False,5,0.2857,0.172516,motorcycle
img_030015.jpg,pjz8d82,bdz2384,False,5,0.2857,0.071830,motorcycle
img_030020.jpg,qnk8h24,edw4248,False,6,0.1429,0.011490,motorcycle
img_030021.jpg,oyg0a69,aavi748,False,7,0.0000,0.126653,motorcycle
img_030022.jpg,qrj2c93,icpi248,False,7,0.0000,0.116749,motorcycle
img_030023.jpg,qrj2c93,lc91484,False,7,0.0000,0.097551,motorcycle
img_030024.jpg,qrj2c93,icpi248,False,7,0.0000,0.034523,motorcycle
img_030025.jpg,qrj2c93,lc93848,False,7,0.0000,0.055837,motorcycle
img_030026.jpg,qrj2c93,lcu1288,False,7,0.0000,0.057556,motorcycle
img_030027.jpg,ppm7c49,ipp2888,False,6,0.1429,0.153400,motorcycle
img_030028.jpg,ppt2j19,ppy8480,False,5,0.2857,0.095195,motorcycle
img_030029.jpg,lqy7h23,hai234,False,6,0.1429,0.077592,motorcycle
img_030030.jpg,lqy7h23,iaa1384,False,7,0.0000,0.285151,motorcycle
img_030033.jpg,qrg7g51,pgg2288,False,6,0.1429,0.008751,motorcycle
img_030034.jpg,qrh0g84,dgriz28,False,6,0.1429,0.005556,motorcycle
img_030037.jpg,krm7e95,kei5438,False,6,0.1429,0.060782,motorcycle
img_030041.jpg,ovi2f50,dov0238,False,5,0.2857,0.255108,motorcycle
img_030047.jpg,qrf4b12,dbi2288,False,7,0.0000,0.076589,motorcycle
img_030049.jpg,oyk0j72,cov6248,False,7,0.0000,0.432558,motorcycle
img_030056.jpg,qrg0j89,qobg288,False,5,0.2857,0.023697,motorcycle
img_030057.jpg,ppg6h84,fpp4248,False,5,0.2857,0.242647,motorcycle
img_030059.jpg,lmc6f52,ff46838,False,6,0.1429,0.079456,motorcycle
img_030060.jpg,ppb2a47,fpiz488,False,6,0.1429,0.026879,motorcycle
img_030064.jpg,mrx4b05,lbb4288,False,6,0.1429,0.007457,motorcycle
img_030066.jpg,evl6g60,gma4584,False,7,0.0000,0.008478,motorcycle
img_030067.jpg,evl6g60,ibin484,False,7,0.0000,0.106768,motorcycle
img_030071.jpg,qre7j97,iii2448,False,7,0.0000,0.012997,motorcycle
img_030076.jpg,qrc1h58,ibsc148,False,5,0.2857,0.054796,motorcycle
img_030078.jpg,lrz6j19,iniz248,False,7,0.0000,0.031997,motorcycle
img_030082.jpg,qrj6j27,fji2488,False,7,0.0000,0.038045,motorcycle
img_030085.jpg,qrf0g88,fop6248,False,6,0.1429,0.018577,motorcycle
img_030087.jpg,qrh3i68,soph248,False,6,0.1429,0.129448,motorcycle
img_030088.jpg,oyg7f39,ivv8488,False,7,0.0000,0.253119,motorcycle
img_030089.jpg,qrj6d99,cdp2248,False,7,0.0000,0.053528,motorcycle
img_030090.jpg,qrk1d63,ide7248,False,7,0.0000,0.165073,motorcycle
img_030092.jpg,ppi3e57,tpu7484,False,6,0.1429,0.140490,motorcycle
img_030093.jpg,pps2f00,lpps648,False,5,0.2857,0.074065,motorcycle
img_030094.jpg,mpp2g74,epp4848,False,5,0.2857,0.053243,motorcycle
img_030096.jpg,qrj5e58,siif488,False,6,0.1429,0.036471,motorcycle
img_030098.jpg,qrf8d05,fir8888,False,6,0.1429,0.180442,motorcycle
img_030099.jpg,qrk3g62,sgrx248,False,7,0.0000,0.138043,motorcycle
img_030101.jpg,oyg0a69,inix488,False,7,0.0000,0.035877,motorcycle
img_030103.jpg,qrd0c17,dcro748,False,7,0.0000,0.109000,motorcycle
img_030105.jpg,odp7e69,cigi248,False,7,0.0000,0.066029,motorcycle
img_030107.jpg,qri7b05,ibi5488,False,6,0.1429,0.190976,motorcycle
img_030108.jpg,krm7e95,kij8238,False,6,0.1429,0.086491,motorcycle
img_030109.jpg,qrg5g11,sgpc288,False,7,0.0000,0.062705,motorcycle
img_030114.jpg,msv8g97,igsy448,False,7,0.0000,0.413976,motorcycle
img_030116.jpg,odf2h64,dd67884,False,5,0.2857,0.019077,motorcycle
img_030121.jpg,qrg3f30,fric488,False,6,0.1429,0.032369,motorcycle
img_030122.jpg,qrf4b12,cbre248,False,7,0.0000,0.187813,motorcycle
img_030123.jpg,oyg7i91,avy8488,False,7,0.0000,0.136833,motorcycle
img_030124.jpg,msn4g28,ibb2884,False,7,0.0000,0.150097,motorcycle
img_030127.jpg,lry7g97,iny4884,False,6,0.1429,0.095700,motorcycle
img_030129.jpg,oyg7f39,uvy2488,False,7,0.0000,0.119321,motorcycle
img_030132.jpg,odc4h91,copc288,False,6,0.1429,0.048590,motorcycle
img_030136.jpg,krm7e95,idi4488,False,7,0.0000,0.057525,motorcycle
img_030142.jpg,mta0b22,ibra738,False,7,0.0000,0.136459,motorcycle
img_030143.jpg,msa8f37,fsa2384,False,5,0.2857,0.519774,motorcycle
img_030145.jpg,qrf4b12,cbr2748,False,7,0.0000,0.105008,motorcycle
img_030146.jpg,qrf0g88,cop6788,False,5,0.2857,0.100300,motorcycle
img_030147.jpg,oyk0j72,cov6848,False,7,0.0000,0.183495,motorcycle
img_030148.jpg,qrj7b45,ibu5848,False,6,0.1429,0.126465,motorcycle
img_030150.jpg,qrf8d05,spo5248,False,7,0.0000,0.042986,motorcycle
img_030151.jpg,mpp2g74,igp4488,False,6,0.1429,0.050494,motorcycle
img_030152.jpg,ppi3e57,spy1288,False,6,0.1429,0.059720,motorcycle
img_030153.jpg,qri8i41,eica243,False,6,0.1429,0.076682,motorcycle
img_030155.jpg,qre5c34,screz28,False,6,0.1429,0.172935,motorcycle
img_030158.jpg,qnk8h24,ehz1488,False,7,0.0000,0.065756,motorcycle
img_030159.jpg,ocv8d29,soz9248,False,7,0.0000,0.213797,motorcycle
img_030160.jpg,qrj3d82,go17384,False,6,0.1429,0.064403,motorcycle
img_030162.jpg,ppf6g42,ffiz238,False,7,0.0000,0.053727,motorcycle
img_030163.jpg,qrd0c17,tcr7z88,False,7,0.0000,0.025918,motorcycle
img_030165.jpg,krm7e95,ki52480,False,6,0.1429,0.070563,motorcycle
img_030166.jpg,qrg5g11,spp4248,False,7,0.0000,0.129047,motorcycle
img_030169.jpg,odg8b88,eoc4x38,False,6,0.1429,0.015767,motorcycle
img_030170.jpg,ppq7j11,ppy2484,False,5,0.2857,0.202028,motorcycle
img_030171.jpg,odf2h64,zob4288,False,6,0.1429,0.062564,motorcycle
img_030172.jpg,ppg6h84,appc448,False,5,0.2857,0.097066,motorcycle
img_030173.jpg,odc7e88,ib82880,False,6,0.1429,0.012567,motorcycle
img_030174.jpg,ppt2j19,ppy2880,False,4,0.4286,0.064898,motorcycle
img_030175.jpg,ocx8b18,loi3438,False,6,0.1429,0.017009,motorcycle
img_030178.jpg,msr9b97,fsi2484,False,6,0.1429,0.308491,motorcycle
img_030179.jpg,oyk0j72,pov4848,False,7,0.0000,0.028661,motorcycle
img_030180.jpg,ppe6h42,gppe748,False,4,0.4286,0.299150,motorcycle
img_030181.jpg,ppp2d40,ppp2248,False,2,0.7143,0.084855,motorcycle
img_030182.jpg,ppi3e57,bpy7480,False,6,0.1429,0.211314,motorcycle
img_030184.jpg,qrk0i56,ciny,False,6,0.1429,0.018229,motorcycle
img_030188.jpg,qrk3g62,egrx748,False,7,0.0000,0.110081,motorcycle
img_030191.jpg,qnk8h24,ini4488,False,6,0.1429,0.098573,motorcycle
img_030194.jpg,ppm5a98,ipp4884,False,6,0.1429,0.228884,motorcycle
img_030196.jpg,ppb2a47,pp28884,False,5,0.2857,0.063074,motorcycle
img_030198.jpg,qrd0c17,dcr1248,False,7,0.0000,0.104649,motorcycle
img_030200.jpg,krm7e95,ki55480,False,6,0.1429,0.116034,motorcycle
img_030201.jpg,jko1c51,icsq488,False,7,0.0000,0.118536,motorcycle
img_030205.jpg,msl7j36,ej12488,False,7,0.0000,0.020422,motorcycle
img_030207.jpg,qrb3a73,goizz88,False,7,0.0000,0.122893,motorcycle
img_030209.jpg,ppn7d89,pp91480,False,4,0.4286,0.388599,motorcycle
img_030210.jpg,oyd5h74,shy4288,False,7,0.0000,0.075313,motorcycle
img_030211.jpg,msn4g28,czi1488,False,6,0.1429,0.070922,motorcycle
img_030213.jpg,qrf4b12,dirr248,False,7,0.0000,0.025771,motorcycle
img_030214.jpg,qrf0g88,gbi6248,False,6,0.1429,0.043832,motorcycle
img_030215.jpg,qrj5c38,scy1488,False,6,0.1429,0.063497,motorcycle
img_030216.jpg,msr9b97,fbsb248,False,7,0.0000,0.234729,motorcycle
img_030217.jpg,ppn1a71,ippy488,False,6,0.1429,0.635914,motorcycle
img_030218.jpg,oyk0j72,ooy6838,False,6,0.1429,0.043649,motorcycle
img_030219.jpg,ppw6c70,ippt788,False,6,0.1429,0.104865,motorcycle
img_030220.jpg,ppe6h42,ippe248,False,4,0.4286,0.201467,motorcycle
img_030221.jpg,qri6h84,ghi1248,False,6,0.1429,0.051215,motorcycle
img_030222.jpg,lmu8e22,itw4838,False,7,0.0000,0.106539,motorcycle
img_030226.jpg,qnk8h24,ix71480,False,7,0.0000,0.020051,motorcycle
img_030228.jpg,ocv8d29,edz5148,False,7,0.0000,0.297780,motorcycle
img_030229.jpg,ppp2d40,ppp2288,False,3,0.5714,0.224124,motorcycle
img_030230.jpg,mrt6g63,gri8488,False,6,0.1429,0.121687,motorcycle
img_030231.jpg,odg8b88,iob6783,False,6,0.1429,0.146279,motorcycle
img_030239.jpg,msv7i05,ij54884,False,7,0.0000,0.315113,motorcycle
img_030243.jpg,qrj7b45,ibi5838,False,7,0.0000,0.022491,motorcycle
img_030245.jpg,qrg5e53,eerge48,False,5,0.2857,0.129698,motorcycle
img_030246.jpg,mrr2c85,ibb5,False,6,0.1429,0.042000,motorcycle
img_030248.jpg,msz6j86,bjx2488,False,6,0.1429,0.018409,motorcycle
img_030250.jpg,qrj8d77,idr7838,False,6,0.1429,0.055706,motorcycle
img_030251.jpg,odq4j10,aba,False,7,0.0000,0.192851,motorcycle
img_030255.jpg,ovl5g55,stix238,False,7,0.0000,0.128576,motorcycle
img_030258.jpg,mqj5b04,ib11888,False,7,0.0000,0.022919,motorcycle
img_030264.jpg,ppp8h46,shp6478,False,6,0.1429,0.115065,motorcycle
img_030265.jpg,qrf3j27,fixe888,False,7,0.0000,0.104827,motorcycle
img_030268.jpg,mrf3f99,spp2484,False,7,0.0000,0.112825,motorcycle
img_030269.jpg,ove8b94,adva438,False,7,0.0000,0.013507,motorcycle
img_030270.jpg,qri4f41,fru2884,False,6,0.1429,0.134973,motorcycle
img_030274.jpg,mrt7c71,cy44384,False,7,0.0000,0.040514,motorcycle
img_030278.jpg,qrj6j27,fdi2488,False,7,0.0000,0.057774,motorcycle
img_030283.jpg,oyd5h74,svy1248,False,7,0.0000,0.124562,motorcycle
img_030285.jpg,qrk2i01,epre488,False,7,0.0000,0.017219,motorcycle
img_030286.jpg,mta0b22,by22384,False,7,0.0000,0.084380,motorcycle
img_030291.jpg,ppn6c13,ippy148,False,6,0.1429,0.243365,motorcycle
img_030292.jpg,ppn6c13,cci1488,False,7,0.0000,0.213265,motorcycle
img_030295.jpg,qrg5i84,stia248,False,7,0.0000,0.061188,motorcycle
img_030296.jpg,odh6e52,geph248,False,7,0.0000,0.245008,motorcycle
img_030297.jpg,mqt5h23,shi3448,False,7,0.0000,0.040614,motorcycle
img_030301.jpg,ppi6d68,ipp2488,False,5,0.2857,0.286826,motorcycle
img_030303.jpg,kqt6a75,gav5748,False,7,0.0000,0.267917,motorcycle
img_030304.jpg,qre9i84,dibe288,False,6,0.1429,0.085216,motorcycle
img_030305.jpg,mtw8h22,bh17484,False,7,0.0000,0.089366,motorcycle
img_030311.jpg,oyf9h45,edy6248,False,6,0.1429,0.246520,motorcycle
img_030312.jpg,qrh2c14,zci1248,False,7,0.0000,0.033627,motorcycle
img_030316.jpg,qrg5e53,eerg124,False,6,0.1429,0.096877,motorcycle
img_030318.jpg,ppp5e34,sppp488,False,5,0.2857,0.265375,motorcycle
img_030321.jpg,mpp2g74,igpp488,False,6,0.1429,0.080520,motorcycle
img_030324.jpg,qrj5e58,seg7848,False,6,0.1429,0.037133,motorcycle
img_030325.jpg,qrg5g11,spp4248,False,7,0.0000,0.122255,motorcycle
img_030327.jpg,ppl0f59,iis,False,7,0.0000,0.037568,motorcycle
img_030328.jpg,qnk8h24,idix424,False,5,0.2857,0.036764,motorcycle
img_030330.jpg,qrd0c17,dord248,False,6,0.1429,0.081852,motorcycle
img_030331.jpg,krm7e95,kij1488,False,6,0.1429,0.036459,motorcycle
img_030332.jpg,qrk7c46,icu1238,False,7,0.0000,0.030867,motorcycle
img_030333.jpg,qrg2c72,itix288,False,7,0.0000,0.052892,motorcycle
img_030335.jpg,qrk1d45,dop5248,False,6,0.1429,0.054659,motorcycle
img_030338.jpg,ppy6c26,gppy888,False,5,0.2857,0.025808,motorcycle
img_030340.jpg,qrf0g88,fbbe248,False,6,0.1429,0.051102,motorcycle
img_030341.jpg,oyd5h74,cov1248,False,7,0.0000,0.056568,motorcycle
img_030343.jpg,qrj7b45,pbi1438,False,7,0.0000,0.044645,motorcycle
img_030345.jpg,qri6h84,ghi2838,False,6,0.1429,0.064868,motorcycle
img_030346.jpg,oyg7f39,dev0238,False,6,0.1429,0.153838,motorcycle
img_030347.jpg,oyg4j99,ava2484,False,7,0.0000,0.342690,motorcycle
img_030349.jpg,qrj6d99,copa228,False,7,0.0000,0.032079,motorcycle
img_030352.jpg,ppb4e77,lpp2288,False,6,0.1429,0.075872,motorcycle
img_030353.jpg,oyd3c85,dvb5229,False,7,0.0000,0.270533,motorcycle
img_030354.jpg,ppi6d68,gpba248,False,5,0.2857,0.463760,motorcycle
img_030360.jpg,qrg3i72,six7484,False,7,0.0000,0.008981,motorcycle
img_030361.jpg,msn4g28,cjp4480,False,6,0.1429,0.038411,motorcycle
img_030363.jpg,mth4g39,gg11888,False,7,0.0000,0.015267,motorcycle
img_030364.jpg,qrg5g11,spp4248,False,7,0.0000,0.138677,motorcycle
img_030365.jpg,pph5b07,spp4288,False,6,0.1429,0.191076,motorcycle
img_030366.jpg,odf2h64,zibi488,False,7,0.0000,0.016776,motorcycle
img_030371.jpg,oyi8e42,bdw2384,False,7,0.0000,0.118488,motorcycle
img_030372.jpg,qrf4b12,dbre248,False,7,0.0000,0.248459,motorcycle
img_030373.jpg,msv7i05,mi55248,False,6,0.1429,0.137830,motorcycle
img_030374.jpg,qrj5c38,scr1248,False,6,0.1429,0.058576,motorcycle
img_030376.jpg,qrf6g77,corf188,False,6,0.1429,0.080315,motorcycle
img_030381.jpg,qrg5g11,sgi1748,False,7,0.0000,0.050006,motorcycle
img_030382.jpg,ppf5f02,fpq2484,False,6,0.1429,0.181837,motorcycle
img_030383.jpg,qnk8h24,idm4248,False,6,0.1429,0.039261,motorcycle
img_030386.jpg,qre7d40,vila248,False,6,0.1429,0.180307,motorcycle
img_030387.jpg,qrh8b53,cbry788,False,7,0.0000,0.057927,motorcycle
img_030392.jpg,qrd0c17,ford228,False,6,0.1429,0.373973,motorcycle
img_030394.jpg,krm7e95,ki11248,False,6,0.1429,0.024241,motorcycle
img_030397.jpg,qrj6a92,fary248,False,7,0.0000,0.183171,motorcycle
img_030398.jpg,mqj0h69,fbj7288,False,6,0.1429,0.035526,motorcycle
img_030399.jpg,msu4g54,igy,False,6,0.1429,0.357425,motorcycle
img_030400.jpg,ppi3e57,spp7748,False,6,0.1429,0.139897,motorcycle
img_030401.jpg,lmu8e22,itw1848,False,7,0.0000,0.124570,motorcycle
img_030403.jpg,pps5j06,spd8480,False,6,0.1429,0.111335,motorcycle
img_030405.jpg,oyg7f39,avi2488,False,7,0.0000,0.099478,motorcycle
img_030408.jpg,oyd1d60,idva748,False,7,0.0000,0.349254,motorcycle
img_030409.jpg,qnk8h24,h244884,False,6,0.1429,0.270718,motorcycle
img_030410.jpg,qrk3g62,ggrx248,False,7,0.0000,0.255024,motorcycle
img_030412.jpg,oyg0a69,aqv6248,False,7,0.0000,0.040342,motorcycle
img_030413.jpg,qri6c82,fci1248,False,6,0.1429,0.084125,motorcycle
img_030414.jpg,qrh2c14,ca12384,False,5,0.2857,0.136282,motorcycle
img_030418.jpg,qrj9d60,joa2238,False,7,0.0000,0.072091,motorcycle
img_030419.jpg,odg8b88,obg8888,False,2,0.7143,0.042752,motorcycle
img_030421.jpg,ppp7f23,app3248,False,5,0.2857,0.216957,motorcycle
img_030423.jpg,odf2h64,zoff488,False,6,0.1429,0.099710,motorcycle
img_030425.jpg,ppq7j11,jpp4884,False,6,0.1429,0.102508,motorcycle
img_030426.jpg,ppn7d89,ppyz480,False,4,0.4286,0.103285,motorcycle
img_030427.jpg,oyd5h74,sov2288,False,7,0.0000,0.128618,motorcycle
img_030428.jpg,oyg7i91,ivy8484,False,7,0.0000,0.326800,motorcycle
img_030431.jpg,ppn1a71,ipp4888,False,6,0.1429,0.055120,motorcycle
img_030435.jpg,lry7g97,idv2488,False,7,0.0000,0.079736,motorcycle
img_030436.jpg,ppw6c70,ppy7888,False,5,0.2857,0.073857,motorcycle
img_030437.jpg,msu4g54,fsy,False,6,0.1429,0.849191,motorcycle
img_030438.jpg,ppb2a47,fpp7788,False,6,0.1429,0.144883,motorcycle
img_030440.jpg,qrg5e53,eerg528,False,5,0.2857,0.062364,motorcycle
img_030448.jpg,ppe0a55,dpa2488,False,6,0.1429,0.123573,motorcycle
img_030449.jpg,qrk3g62,sgri143,False,7,0.0000,0.005041,motorcycle
img_030451.jpg,mrq7d51,cro2388,False,6,0.1429,0.093085,motorcycle
img_030453.jpg,qnk8h24,idwx148,False,7,0.0000,0.008094,motorcycle
img_030454.jpg,qri7b05,bbi8438,False,6,0.1429,0.159039,motorcycle
img_030455.jpg,ppc3d50,ppcc888,False,4,0.4286,0.032473,motorcycle
img_030457.jpg,ods3f87,ffj8238,False,7,0.0000,0.024845,motorcycle
img_030459.jpg,odp8h17,ghiz778,False,7,0.0000,0.175080,motorcycle
img_030461.jpg,ppp2d40,zpp2248,False,3,0.5714,0.109842,motorcycle
img_030464.jpg,qrg5g11,sgp6288,False,7,0.0000,0.020727,motorcycle
img_030465.jpg,qrd0c17,zcro248,False,7,0.0000,0.064836,motorcycle
img_030466.jpg,krm7e95,ki95548,False,6,0.1429,0.183084,motorcycle
img_030474.jpg,qrf4b12,bbl4488,False,6,0.1429,0.096711,motorcycle
img_030478.jpg,qrh3d03,dda7288,False,7,0.0000,0.086724,motorcycle
img_030480.jpg,ppy6c55,ppy5480,False,4,0.4286,0.415976,motorcycle
img_030486.jpg,mtx4g86,giz7388,False,6,0.1429,0.066444,motorcycle
img_030487.jpg,ovh0i30,cov6628,False,6,0.1429,0.021605,motorcycle
img_030492.jpg,ovl5g55,egy5238,False,6,0.1429,0.015543,motorcycle
img_030494.jpg,qrg5g11,spic788,False,7,0.0000,0.088587,motorcycle
img_030495.jpg,qnk8h24,idm4148,False,7,0.0000,0.032410,motorcycle
img_030498.jpg,ppe0a55,iia4484,False,7,0.0000,0.053878,motorcycle
img_030500.jpg,oyg0a69,qay6548,False,7,0.0000,0.145774,motorcycle
img_030501.jpg,ppj1f18,fiiz884,False,7,0.0000,0.523799,motorcycle
img_030504.jpg,qri5i88,iai4888,False,4,0.4286,0.023536,motorcycle
img_030505.jpg,qri5i88,ini4m88,False,4,0.4286,0.032919,motorcycle
img_030506.jpg,qrd0c17,ccr2248,False,7,0.0000,0.109716,motorcycle
img_030509.jpg,ppn7d89,ppy2480,False,4,0.4286,0.136836,motorcycle
img_030510.jpg,ppc3d50,ppy6488,False,5,0.2857,0.080251,motorcycle
img_030511.jpg,qre5i79,cd12888,False,7,0.0000,0.008508,motorcycle
img_030513.jpg,qrh0g84,deph288,False,6,0.1429,0.016897,motorcycle
img_030522.jpg,qrk3g62,gra2388,False,6,0.1429,0.082970,motorcycle
img_030524.jpg,qrh2c14,idi4488,False,7,0.0000,0.107712,motorcycle
img_030525.jpg,ppc3d50,ippa288,False,6,0.1429,0.207882,motorcycle
img_030531.jpg,odj9i87,itiz238,False,7,0.0000,0.030072,motorcycle
img_030532.jpg,ppd2f65,lpp9248,False,5,0.2857,0.100028,motorcycle
img_030534.jpg,qrf0g88,job6848,False,6,0.1429,0.130664,motorcycle
img_030535.jpg,qri6i06,gin7888,False,7,0.0000,0.090974,motorcycle
img_030537.jpg,lry7g97,cpy8484,False,6,0.1429,0.082787,motorcycle
img_030541.jpg,odc4h91,copc248,False,6,0.1429,0.381249,motorcycle
img_030543.jpg,ppi3e57,ppy7280,False,5,0.2857,0.264551,motorcycle
img_030544.jpg,krm7e95,iii5488,False,7,0.0000,0.003171,motorcycle
img_030547.jpg,qrg5g11,spic488,False,7,0.0000,0.036422,motorcycle
img_030549.jpg,odg8b88,ebg2838,False,5,0.2857,0.043707,motorcycle
img_030552.jpg,ppg6h84,iii,False,7,0.0000,0.089260,motorcycle
img_030554.jpg,ppu6c58,ppy1884,False,5,0.2857,0.026249,motorcycle
img_030555.jpg,ppm5a98,spp1480,False,6,0.1429,0.356691,motorcycle
img_030556.jpg,oyi8e42,dev2548,False,6,0.1429,0.085005,motorcycle
img_030558.jpg,oyd5h74,sov1248,False,7,0.0000,0.356996,motorcycle
img_030559.jpg,qri6i06,diaq488,False,7,0.0000,0.016868,motorcycle
img_030562.jpg,odc4h91,copc188,False,6,0.1429,0.040322,motorcycle
img_030564.jpg,ppc3d50,ippq288,False,6,0.1429,0.174791,motorcycle
img_030565.jpg,qnk8h24,gdv4848,False,7,0.0000,0.082648,motorcycle
img_030566.jpg,lry7g97,gi74384,False,7,0.0000,0.255739,motorcycle
img_030567.jpg,oyg0a69,qavg248,False,7,0.0000,0.116621,motorcycle
img_030568.jpg,odc1b90,igia248,False,7,0.0000,0.101873,motorcycle
img_030572.jpg,krm7e95,ki95248,False,6,0.1429,0.061393,motorcycle
img_030573.jpg,ppy6c26,bpp6578,False,5,0.2857,0.026657,motorcycle
img_030574.jpg,ppu6c58,ppi2488,False,4,0.4286,0.503312,motorcycle
img_030577.jpg,msl7j36,ijif488,False,7,0.0000,0.149813,motorcycle
img_030578.jpg,mqm8d57,giz7288,False,7,0.0000,0.016961,motorcycle
img_030579.jpg,qrg3f30,fiaz288,False,7,0.0000,0.022754,motorcycle
img_030580.jpg,qrb3a73,sare248,False,7,0.0000,0.096175,motorcycle
img_030581.jpg,mst5a03,ass1248,False,6,0.1429,0.131539,motorcycle
img_030582.jpg,qrg7c99,crc1488,False,6,0.1429,0.090399,motorcycle
img_030584.jpg,odk9c02,ppk4888,False,6,0.1429,0.043759,motorcycle
img_030585.jpg,qrf4b12,lbie288,False,7,0.0000,0.039381,motorcycle
img_030586.jpg,msv7i05,ijy5488,False,7,0.0000,0.370810,motorcycle
img_030587.jpg,qrf0g88,dgs6748,False,6,0.1429,0.026870,motorcycle
img_030588.jpg,qrj7b45,zbu5238,False,7,0.0000,0.260783,motorcycle
img_030589.jpg,msr9b97,pbi2488,False,7,0.0000,0.039767,motorcycle
img_030593.jpg,lmu3c65,scg5748,False,7,0.0000,0.203153,motorcycle
img_030595.jpg,krm7e95,vi15288,False,7,0.0000,0.018263,motorcycle
img_030596.jpg,qrg5g11,ggiz488,False,7,0.0000,0.095351,motorcycle
img_030597.jpg,ppp2d40,ppp0488,False,4,0.4286,0.237903,motorcycle
img_030598.jpg,msl7j36,wj62480,False,7,0.0000,0.078030,motorcycle
img_030599.jpg,odg8b88,cop6248,False,6,0.1429,0.014092,motorcycle
img_030602.jpg,qri1d18,idi1248,False,4,0.4286,0.340314,motorcycle
img_030603.jpg,ppq7j11,jpi1484,False,6,0.1429,0.221176,motorcycle
img_030604.jpg,qrb3a73,sqri748,False,6,0.1429,0.042492,motorcycle
img_030605.jpg,qrf4b12,fbre248,False,7,0.0000,0.500071,motorcycle
img_030606.jpg,qrg7c99,cpg1488,False,6,0.1429,0.159016,motorcycle
img_030607.jpg,qrj7b45,zbr5148,False,6,0.1429,0.096097,motorcycle
img_030608.jpg,lry7g97,gby2384,False,6,0.1429,0.117489,motorcycle
img_030609.jpg,qri6i06,gioiz48,False,6,0.1429,0.094063,motorcycle
img_030610.jpg,oyd5h74,soyd288,False,5,0.2857,0.136279,motorcycle
img_030611.jpg,qrg5g11,sgic248,False,7,0.0000,0.099879,motorcycle
img_030612.jpg,qrj5e58,bpi3488,False,6,0.1429,0.038832,motorcycle
img_030614.jpg,qnk8h24,bax4248,False,6,0.1429,0.022305,motorcycle
img_030615.jpg,mta0b22,di27384,False,7,0.0000,0.023059,motorcycle
img_030616.jpg,oku4e38,coku248,False,4,0.4286,0.106797,motorcycle
img_030617.jpg,qrb3a73,ivaa288,False,7,0.0000,0.159537,motorcycle
img_030618.jpg,qrk8h41,boxx248,False,6,0.1429,0.073892,motorcycle
img_030620.jpg,ppu6c58,ippu148,False,4,0.4286,0.349249,motorcycle
img_030621.jpg,qrf4b12,abre248,False,7,0.0000,0.291618,motorcycle
img_030623.jpg,qrg7c99,ccig488,False,7,0.0000,0.016133,motorcycle
img_030625.jpg,msv7i05,ijy6488,False,7,0.0000,0.078287,motorcycle
img_030626.jpg,qrj5c38,scr1248,False,6,0.1429,0.420910,motorcycle
img_030628.jpg,ppw6c70,fpp4888,False,6,0.1429,0.068330,motorcycle
img_030630.jpg,oyh6d96,edva248,False,7,0.0000,0.188221,motorcycle
img_030634.jpg,mqm8d57,ed91728,False,7,0.0000,0.101235,motorcycle
img_030636.jpg,odf2h64,zof4788,False,6,0.1429,0.032804,motorcycle
img_030641.jpg,qip2b63,zeis728,False,7,0.0000,0.043568,motorcycle
img_030642.jpg,qip2b63,zbi5488,False,7,0.0000,0.007905,motorcycle
img_030643.jpg,ppn1a71,ipp4888,False,6,0.1429,0.199312,motorcycle
img_030645.jpg,msv7i05,ijy6488,False,7,0.0000,0.180877,motorcycle
img_030646.jpg,ppn7d89,ppy2880,False,4,0.4286,0.100825,motorcycle
img_030649.jpg,qri4e87,abr4888,False,5,0.2857,0.076428,motorcycle
img_030650.jpg,ppp8h46,bhpp478,False,6,0.1429,0.014965,motorcycle
img_030651.jpg,qrj7b45,ibu5748,False,6,0.1429,0.090031,motorcycle
img_030655.jpg,qrh2c14,zor1448,False,7,0.0000,0.042166,motorcycle
img_030656.jpg,ppb2a47,ppa8884,False,5,0.2857,0.106084,motorcycle
img_030657.jpg,odc4h91,copc788,False,6,0.1429,0.245567,motorcycle
img_030660.jpg,ovl5g55,spv5738,False,6,0.1429,0.038590,motorcycle
img_030661.jpg,odm9j19,idiq248,False,6,0.1429,0.079085,motorcycle
img_030670.jpg,qnk8h24,bon4248,False,6,0.1429,0.049535,motorcycle
img_030671.jpg,qre0g07,dgrez48,False,6,0.1429,0.141461,motorcycle
img_030673.jpg,oyg0a69,axv2438,False,7,0.0000,0.031602,motorcycle
img_030679.jpg,qrk8h41,zork188,False,6,0.1429,0.118368,motorcycle
img_030683.jpg,qre3a37,app2880,False,7,0.0000,0.042704,motorcycle
img_030685.jpg,oyf9h45,ima1248,False,6,0.1429,0.046481,motorcycle
img_030687.jpg,qrf4b12,dbr2288,False,7,0.0000,0.052246,motorcycle
img_030689.jpg,qrg7c99,cpc4484,False,7,0.0000,0.105222,motorcycle
img_030691.jpg,qrf0g88,igia848,False,6,0.1429,0.062975,motorcycle
img_030693.jpg,qrk7c46,qri6788,False,5,0.2857,0.108762,motorcycle
img_030695.jpg,ovl5g55,igi3238,False,7,0.0000,0.039578,motorcycle
img_030698.jpg,kob6d80,iiba288,False,5,0.2857,0.126625,motorcycle
img_030700.jpg,mtw7a10,aina488,False,7,0.0000,0.099336,motorcycle
img_030706.jpg,qri4d60,corq248,False,7,0.0000,0.372818,motorcycle
img_030707.jpg,qre3a37,sape223,False,6,0.1429,0.285935,motorcycle
img_030714.jpg,kqw4b34,iba2884,False,6,0.1429,0.223015,motorcycle
img_030715.jpg,ppf6g42,fppe648,False,4,0.4286,0.188533,motorcycle
img_030720.jpg,qrk3g62,egrx248,False,7,0.0000,0.140201,motorcycle
img_030721.jpg,ppd2f65,lpp9248,False,5,0.2857,0.193565,motorcycle
img_030722.jpg,mty3f94,six7888,False,7,0.0000,0.034473,motorcycle
img_030724.jpg,qrj6g51,pg51288,False,7,0.0000,0.056718,motorcycle
img_030726.jpg,hfa9d65,figa788,False,7,0.0000,0.101392,motorcycle
img_030727.jpg,qrf8d14,edit788,False,7,0.0000,0.107568,motorcycle
img_030729.jpg,qnk8h24,ghz4288,False,7,0.0000,0.379604,motorcycle
img_030730.jpg,mtw7a10,aio2488,False,7,0.0000,0.178428,motorcycle
img_030731.jpg,ppn1b25,ibp5248,False,7,0.0000,0.172811,motorcycle
img_030733.jpg,ppi3e57,ipix488,False,5,0.2857,0.034888,motorcycle
img_030734.jpg,hlz9e18,si18288,False,6,0.1429,0.054650,motorcycle
img_030736.jpg,qrg6f51,ff51488,False,7,0.0000,0.046602,motorcycle
img_030737.jpg,odf2h64,zoff448,False,6,0.1429,0.050324,motorcycle
img_030738.jpg,oyk0j72,dov8488,False,7,0.0000,0.238954,motorcycle
img_030740.jpg,ppn7d89,ppy1480,False,4,0.4286,0.578853,motorcycle
img_030743.jpg,qrg7f50,zerc248,False,7,0.0000,0.084634,motorcycle
img_030745.jpg,qre1e56,idp2838,False,7,0.0000,0.071484,motorcycle
img_030746.jpg,qnk8h24,sox4848,False,7,0.0000,0.080161,motorcycle
img_030749.jpg,qrj7b45,zbr5848,False,6,0.1429,0.158043,motorcycle
img_030750.jpg,lry7g97,tpy8384,False,6,0.1429,0.164179,motorcycle
img_030753.jpg,ppi3e57,spp7838,False,6,0.1429,0.203447,motorcycle
img_030754.jpg,qrh2e34,zer4788,False,7,0.0000,0.139024,motorcycle
img_030755.jpg,kvm7j40,ky42384,False,6,0.1429,0.138760,motorcycle
img_030757.jpg,qrk8c15,ecrk248,False,6,0.1429,0.146566,motorcycle
img_030758.jpg,qrk1d63,idg5248,False,7,0.0000,0.038116,motorcycle
img_030759.jpg,hfa9d65,idaa288,False,6,0.1429,0.015311,motorcycle
img_030760.jpg,qre5c34,screz88,False,6,0.1429,0.035187,motorcycle
img_030761.jpg,qrg5g11,spic738,False,7,0.0000,0.030990,motorcycle
img_030762.jpg,odj2i40,idt4884,False,6,0.1429,0.228614,motorcycle
img_030763.jpg,mtm8j36,eit7748,False,7,0.0000,0.150729,motorcycle
img_030765.jpg,qrh1d06,iora288,False,7,0.0000,0.452886,motorcycle
img_030771.jpg,qrg5g11,sgp6248,False,7,0.0000,0.033160,motorcycle
img_030774.jpg,qri7d24,idr4238,False,7,0.0000,0.178808,motorcycle
img_030776.jpg,qri1d18,iora248,False,6,0.1429,0.063490,motorcycle
img_030778.jpg,oyg7i91,pyo2488,False,6,0.1429,0.062233,motorcycle
img_030779.jpg,ppn1a71,epp4488,False,6,0.1429,0.326103,motorcycle
img_030782.jpg,odk9c02,ppc2384,False,7,0.0000,0.016486,motorcycle
img_030783.jpg,msu6e57,ces1248,False,7,0.0000,0.025557,motorcycle
img_030784.jpg,qrj7b45,pbu8488,False,7,0.0000,0.009122,motorcycle
img_030789.jpg,lry7g97,idv2384,False,7,0.0000,0.233681,motorcycle
img_030790.jpg,qri6h84,ghi4788,False,5,0.2857,0.145773,motorcycle
img_030791.jpg,mtw7a10,ain2488,False,7,0.0000,0.127182,motorcycle
img_030792.jpg,ppp5e34,spp4881,False,5,0.2857,0.075774,motorcycle
img_030794.jpg,mpp2g74,ipp4880,False,5,0.2857,0.616563,motorcycle
img_030795.jpg,oyk5i74,sive888,False,7,0.0000,0.075962,motorcycle
img_030796.jpg,qri6g68,ida7284,False,7,0.0000,0.027318,motorcycle
img_030797.jpg,qri1d18,idia248,False,5,0.2857,0.232413,motorcycle
img_030801.jpg,qnk8h24,ghz6438,False,7,0.0000,0.080287,motorcycle
img_030804.jpg,ocv8d29,gocy548,False,6,0.1429,0.073130,motorcycle
img_030807.jpg,qrg2c72,ita,False,7,0.0000,0.556608,motorcycle
img_030808.jpg,krm7e95,kij8288,False,6,0.1429,0.134173,motorcycle
img_030810.jpg,ppn1a71,ipp5488,False,6,0.1429,0.189687,motorcycle
img_030813.jpg,odq0h16,ghi8288,False,7,0.0000,0.042636,motorcycle
img_030815.jpg,qrk7i91,pdix138,False,7,0.0000,0.003574,motorcycle
img_030816.jpg,ovl5g55,sgy7288,False,7,0.0000,0.091689,motorcycle
img_030818.jpg,odk9c02,dod5788,False,6,0.1429,0.038862,motorcycle
img_030820.jpg,prn1a91,idiqu88,False,7,0.0000,0.047198,motorcycle
img_030821.jpg,qrf0g88,gbif888,False,5,0.2857,0.039736,motorcycle
img_030822.jpg,msr9b97,dbs1248,False,7,0.0000,0.049401,motorcycle
img_030824.jpg,lry7g97,idy8484,False,6,0.1429,0.144106,motorcycle
img_030825.jpg,qri6h84,ghi2488,False,5,0.2857,0.034324,motorcycle
img_030826.jpg,qrj7b45,pbij248,False,6,0.1429,0.027189,motorcycle
img_030827.jpg,ppe6h42,ippe248,False,4,0.4286,0.250764,motorcycle
img_030828.jpg,ppg6h84,fpg4238,False,5,0.2857,0.187006,motorcycle
img_030832.jpg,kvm7j40,iv40488,False,6,0.1429,0.048136,motorcycle
img_030833.jpg,qrf8f39,fop6248,False,7,0.0000,0.047035,motorcycle
img_030836.jpg,qri6g68,iga,False,5,0.2857,0.202887,motorcycle
img_030838.jpg,mqm8d57,ed57788,False,7,0.0000,0.256661,motorcycle
img_030839.jpg,qrg5g11,spp6248,False,7,0.0000,0.058771,motorcycle
img_030840.jpg,krm7e95,kpi2480,False,6,0.1429,0.026105,motorcycle
img_030841.jpg,oyj7g94,gy42384,False,5,0.2857,0.108610,motorcycle
img_030842.jpg,ppi2d67,lpp7738,False,6,0.1429,0.343539,motorcycle
img_030843.jpg,qrk7i91,zyp1488,False,7,0.0000,0.009255,motorcycle
img_030844.jpg,qrf4b12,aia2484,False,7,0.0000,0.027817,motorcycle
img_030846.jpg,ppe6h42,gppe748,False,4,0.4286,0.485350,motorcycle
img_030847.jpg,qrg2c72,itc7838,False,7,0.0000,0.019072,motorcycle
img_030850.jpg,oyg7f39,deve248,False,7,0.0000,0.111127,motorcycle
img_030851.jpg,ppp5e34,sppp488,False,5,0.2857,0.414394,motorcycle
img_030853.jpg,kvm7j40,ivit788,False,6,0.1429,0.062823,motorcycle
img_030855.jpg,odj2i40,idj2384,False,4,0.4286,0.137475,motorcycle
img_030856.jpg,qrk9i28,iiry248,False,6,0.1429,0.044192,motorcycle
img_030860.jpg,qnk8h24,ghz4248,False,6,0.1429,0.185889,motorcycle
img_030866.jpg,qrg3i72,dde480,False,7,0.0000,0.040019,motorcycle
img_030868.jpg,qrd0c17,dor2248,False,7,0.0000,0.045122,motorcycle
img_030869.jpg,mta0b22,ibya838,False,7,0.0000,0.353328,motorcycle
img_030870.jpg,qrg5g11,gp41480,False,7,0.0000,0.056989,motorcycle
img_030872.jpg,qrj4j25,cri2288,False,6,0.1429,0.097908,motorcycle
img_030873.jpg,qrg5j58,api8873,False,7,0.0000,0.007451,motorcycle
img_030874.jpg,mqm8d57,edj7248,False,7,0.0000,0.153043,motorcycle
img_030875.jpg,mqj0h69,gm99348,False,7,0.0000,0.063811,motorcycle
img_030877.jpg,ppn7d89,ppy1488,False,4,0.4286,0.131034,motorcycle
img_030878.jpg,qrg7c99,cp64884,False,7,0.0000,0.321744,motorcycle
img_030885.jpg,qrh0g84,forh288,False,5,0.2857,0.092785,motorcycle
img_030886.jpg,qrh8b53,corht88,False,6,0.1429,0.075178,motorcycle
img_030889.jpg,ppw6c70,fpp4888,False,6,0.1429,0.329026,motorcycle
img_030890.jpg,qrj5c38,spy1480,False,7,0.0000,0.067918,motorcycle
img_030891.jpg,qrh3i68,eibi248,False,6,0.1429,0.131462,motorcycle
img_030892.jpg,msw9j22,ijw7888,False,6,0.1429,0.146807,motorcycle
img_030893.jpg,odc7e88,citz488,False,5,0.2857,0.149164,motorcycle
img_030894.jpg,mtv0h43,inix488,False,7,0.0000,0.046489,motorcycle
img_030895.jpg,ppr2d29,ppy2484,False,4,0.4286,0.076935,motorcycle
img_030897.jpg,qrj2c93,cc91488,False,7,0.0000,0.052285,motorcycle
img_030898.jpg,qrj2c93,ccp1248,False,7,0.0000,0.042589,motorcycle
img_030899.jpg,qrj2c93,lce1248,False,7,0.0000,0.047994,motorcycle
img_030900.jpg,qrj2c93,lca1238,False,7,0.0000,0.085156,motorcycle
img_030901.jpg,qrj2c93,cc93248,False,7,0.0000,0.029059,motorcycle
img_030905.jpg,msr8d29,edz9288,False,7,0.0000,0.176930,motorcycle
img_030909.jpg,qrh0g84,dbb2884,False,5,0.2857,0.157889,motorcycle
img_030911.jpg,ppp1f55,lppp248,False,5,0.2857,0.222337,motorcycle
img_030913.jpg,pps2e38,pps2484,False,3,0.5714,0.381936,motorcycle
img_030914.jpg,qrf3d40,ddi2248,False,6,0.1429,0.136637,motorcycle
img_030916.jpg,oxc2i37,iti4488,False,7,0.0000,0.060950,motorcycle
img_030917.jpg,qrj4j73,cory648,False,7,0.0000,0.021651,motorcycle
img_030918.jpg,qrj4j73,crij438,False,5,0.2857,0.009498,motorcycle
img_030920.jpg,ppq1j94,appq248,False,5,0.2857,0.173846,motorcycle
img_030923.jpg,lsz4g57,isy4488,False,5,0.2857,0.099576,motorcycle
img_030926.jpg,msu6e57,cmi5288,False,7,0.0000,0.012676,motorcycle
img_030927.jpg,lly3d58,sdi7248,False,6,0.1429,0.317208,motorcycle
img_030928.jpg,qrf8d14,gorc848,False,6,0.1429,0.029194,motorcycle
img_030935.jpg,qrj6j27,gri1838,False,6,0.1429,0.133846,motorcycle
img_030942.jpg,ppn4j54,ppy4884,False,3,0.5714,0.191444,motorcycle
img_030944.jpg,lph6h40,icupi84,False,7,0.0000,0.035377,motorcycle
img_030948.jpg,qrg5g11,spp4288,False,7,0.0000,0.143875,motorcycle
img_030949.jpg,qnk8h24,bh24588,False,7,0.0000,0.022614,motorcycle
img_030950.jpg,mtg7c88,iji8838,False,6,0.1429,0.109167,motorcycle
img_030951.jpg,oyg0a69,aqv6248,False,7,0.0000,0.103177,motorcycle
img_030952.jpg,qrj9d60,dda2288,False,7,0.0000,0.041942,motorcycle
img_030955.jpg,krm7e95,xbi2480,False,7,0.0000,0.119107,motorcycle
img_030956.jpg,qrf8d05,fors248,False,7,0.0000,0.410159,motorcycle
img_030959.jpg,qrb3a73,saps248,False,7,0.0000,0.134727,motorcycle
img_030960.jpg,qri1d18,idial43,False,6,0.1429,0.107066,motorcycle
img_030961.jpg,odk9c02,cop1248,False,7,0.0000,0.019444,motorcycle
img_030962.jpg,qrk8h41,gork148,False,5,0.2857,0.171292,motorcycle
img_030963.jpg,ppn1a71,ippy480,False,6,0.1429,0.173701,motorcycle
img_030964.jpg,oyi8e42,bdv2384,False,7,0.0000,0.173632,motorcycle
img_030966.jpg,oyk0j72,dov4748,False,7,0.0000,0.072442,motorcycle
img_030967.jpg,mqu3e04,spou228,False,7,0.0000,0.196190,motorcycle
img_030970.jpg,pkc2h29,zzx2480,False,6,0.1429,0.048845,motorcycle
img_030971.jpg,ppi3e57,spy7284,False,6,0.1429,0.159006,motorcycle
img_030973.jpg,qrh2e34,qoriz28,False,6,0.1429,0.020883,motorcycle
img_030978.jpg,qrg5g11,spic788,False,7,0.0000,0.047430,motorcycle
img_030980.jpg,qrh3d03,sort288,False,7,0.0000,0.051392,motorcycle
img_030982.jpg,qrg5g11,spp4248,False,7,0.0000,0.122313,motorcycle
img_030985.jpg,oyi8e42,bov1548,False,6,0.1429,0.042950,motorcycle
img_030986.jpg,msu6e57,fisy488,False,7,0.0000,0.038658,motorcycle
img_030990.jpg,qrb3a73,sorg288,False,7,0.0000,0.177682,motorcycle
img_030993.jpg,ppy6c26,appy848,False,5,0.2857,0.311536,motorcycle
img_030995.jpg,qrg3f30,fiqu288,False,7,0.0000,0.111372,motorcycle
img_030996.jpg,qrf4b12,dbre248,False,7,0.0000,0.113455,motorcycle
img_031000.jpg,qrg5e53,spig448,False,7,0.0000,0.057271,motorcycle
img_031001.jpg,oyg7f39,dvv3288,False,7,0.0000,0.088879,motorcycle
img_031002.jpg,mty3f94,sfy4898,False,5,0.2857,0.097926,motorcycle
img_031003.jpg,mrr7e95,fig2884,False,7,0.0000,0.066867,motorcycle
img_031006.jpg,mtd9c35,itif288,False,6,0.1429,0.120047,motorcycle
img_031010.jpg,qrg3i72,sp44480,False,7,0.0000,0.239552,motorcycle
img_031011.jpg,ovi6i29,div9848,False,7,0.0000,0.048761,motorcycle
img_031012.jpg,ocv8d29,soc9148,False,6,0.1429,0.038414,motorcycle
img_031013.jpg,qrg2c72,in72384,False,6,0.1429,0.173695,motorcycle
img_031014.jpg,ode5h79,sope828,False,6,0.1429,0.114526,motorcycle
img_031016.jpg,ppm5a98,epp1748,False,5,0.2857,0.050379,motorcycle
img_031018.jpg,qrf4b12,dbre248,False,7,0.0000,0.117483,motorcycle
img_031019.jpg,ppf2h27,lpizz88,False,6,0.1429,0.014924,motorcycle
img_031020.jpg,ppf2h27,ape8884,False,6,0.1429,0.130163,motorcycle
img_031021.jpg,ppf2h27,appe888,False,6,0.1429,0.080260,motorcycle
img_031022.jpg,ppf2h27,ipp2884,False,5,0.2857,0.266650,motorcycle
img_031023.jpg,ppf2h27,bitz384,False,7,0.0000,0.038574,motorcycle
img_031024.jpg,ppf2h27,eppe748,False,6,0.1429,0.303680,motorcycle
img_031025.jpg,ppf2h27,eppe748,False,6,0.1429,0.104533,motorcycle
img_031026.jpg,ppf2h27,lppe748,False,6,0.1429,0.150863,motorcycle
img_031030.jpg,qrj7b45,ibu5238,False,7,0.0000,0.131401,motorcycle
img_031033.jpg,pkc2h29,ipy0488,False,7,0.0000,0.069362,motorcycle
img_031034.jpg,ppi3e57,spi1488,False,5,0.2857,0.034321,motorcycle
img_031035.jpg,qrh2e34,qur4238,False,4,0.4286,0.013301,motorcycle
img_031037.jpg,qre7b39,bbia438,False,6,0.1429,0.039444,motorcycle
img_031039.jpg,qre5c34,scre288,False,6,0.1429,0.148271,motorcycle
img_031040.jpg,ppl0f59,npsa238,False,6,0.1429,0.081061,motorcycle
img_031042.jpg,qrg5g11,ggr8288,False,7,0.0000,0.010520,motorcycle
img_031044.jpg,mtm8j36,bit7438,False,6,0.1429,0.261498,motorcycle
img_031045.jpg,mrn2c91,cc41888,False,7,0.0000,0.022200,motorcycle
img_031050.jpg,qre7b39,dbif488,False,7,0.0000,0.095620,motorcycle
img_031051.jpg,ppn1a71,ipp1888,False,5,0.2857,0.102104,motorcycle
img_031053.jpg,ppf6g42,ppr2888,False,5,0.2857,0.229038,motorcycle
img_031054.jpg,qrk8h41,gork248,False,5,0.2857,0.138652,motorcycle
img_031055.jpg,qrb3a73,garb588,False,6,0.1429,0.023046,motorcycle
img_031056.jpg,ppn7d89,pp94880,False,4,0.4286,0.278973,motorcycle
img_031057.jpg,oyd5h74,sovd548,False,5,0.2857,0.058185,motorcycle
img_031058.jpg,ppq7j11,app1888,False,6,0.1429,0.215577,motorcycle
img_031059.jpg,qrf4b12,dbre248,False,7,0.0000,0.151211,motorcycle
img_031060.jpg,qrf0g88,gbe8488,False,5,0.2857,0.101509,motorcycle
img_031061.jpg,mps6c41,fmps448,False,4,0.4286,0.202228,motorcycle
img_031064.jpg,oyk0j72,aoy,False,6,0.1429,0.129570,motorcycle
img_031065.jpg,qrj7b45,fix8288,False,7,0.0000,0.006967,motorcycle
img_031066.jpg,qrg2c72,irc2884,False,5,0.2857,0.069974,motorcycle
img_031070.jpg,mtv7c99,idy5438,False,7,0.0000,0.052236,motorcycle
img_031072.jpg,qrg5g11,sgi1748,False,7,0.0000,0.083148,motorcycle
img_031075.jpg,qnk8h24,son4888,False,6,0.1429,0.056933,motorcycle
img_031076.jpg,ocv8d29,ed29248,False,7,0.0000,0.175796,motorcycle
img_031078.jpg,odf9g70,gov6448,False,7,0.0000,0.067289,motorcycle
img_031081.jpg,ppp2d40,ppp2288,False,3,0.5714,0.319038,motorcycle
img_031083.jpg,qrg5g11,sgp4248,False,7,0.0000,0.252202,motorcycle
img_031085.jpg,qrd0c17,dciq248,False,7,0.0000,0.029653,motorcycle
img_031088.jpg,ppq7j11,ppi1488,False,5,0.2857,0.116245,motorcycle
img_031095.jpg,qrj7b45,ibu5738,False,7,0.0000,0.110534,motorcycle
img_031101.jpg,ppg6h84,ppp6488,False,3,0.5714,0.186601,motorcycle
img_031102.jpg,qrf8d14,ediaz48,False,7,0.0000,0.051813,motorcycle
img_031103.jpg,qrk3g62,sgr4848,False,7,0.0000,0.041705,motorcycle
img_031104.jpg,qrk1d63,dow5248,False,7,0.0000,0.029841,motorcycle
img_031108.jpg,qre4d57,ids1488,False,7,0.0000,0.136414,motorcycle
img_031111.jpg,qrk9i28,idy2884,False,7,0.0000,0.196152,motorcycle
img_031112.jpg,qrg5g11,sgrc128,False,6,0.1429,0.250834,motorcycle
img_031116.jpg,qrj4h75,ibi4488,False,6,0.1429,0.320995,motorcycle
img_031117.jpg,qnk8h24,ghz1488,False,7,0.0000,0.042096,motorcycle
img_031123.jpg,oyg0a69,davi248,False,7,0.0000,0.104629,motorcycle
img_031125.jpg,ppo2j11,ipiq488,False,6,0.1429,0.041046,motorcycle
img_031127.jpg,ppn1a71,ipp1888,False,5,0.2857,0.245292,motorcycle
img_031128.jpg,qrj0c65,cory549,False,7,0.0000,0.107827,motorcycle
img_031129.jpg,qrj0c65,coi5498,False,7,0.0000,0.068931,motorcycle
img_031130.jpg,qrj6f36,frry848,False,6,0.1429,0.014130,motorcycle
img_031131.jpg,ppg5h25,sppg128,False,4,0.4286,0.264812,motorcycle
img_031132.jpg,ops9d87,jops723,False,5,0.2857,0.154228,motorcycle
img_031133.jpg,frt1a83,abt4484,False,5,0.2857,0.394904,motorcycle
img_031134.jpg,qrh7f48,forb238,False,6,0.1429,0.324175,motorcycle
img_031138.jpg,qre1a74,doz2888,False,7,0.0000,0.065927,motorcycle
img_031139.jpg,msw0e21,fij4884,False,7,0.0000,0.134777,motorcycle
img_031140.jpg,oyk0j72,cov2388,False,7,0.0000,0.309205,motorcycle
img_031141.jpg,ppg6h84,gppg228,False,4,0.4286,0.075152,motorcycle
img_031144.jpg,qrh1d06,fora228,False,7,0.0000,0.061356,motorcycle
img_031148.jpg,odc7e88,cb67238,False,5,0.2857,0.125329,motorcycle
img_031152.jpg,mrt0j40,di21888,False,7,0.0000,0.069553,motorcycle
img_031153.jpg,mrt0j40,fro1388,False,6,0.1429,0.100623,motorcycle
img_031154.jpg,ppn6c13,ippy148,False,6,0.1429,0.295165,motorcycle
img_031155.jpg,ppn6c13,ippy248,False,6,0.1429,0.102168,motorcycle
img_031157.jpg,mtx4g86,cz86484,False,6,0.1429,0.019324,motorcycle
img_031158.jpg,odm6g18,gdi8888,False,5,0.2857,0.012239,motorcycle
img_031159.jpg,adk8i08,aima,False,5,0.2857,0.364449,motorcycle
img_031160.jpg,adk8i08,inix888,False,6,0.1429,0.021343,motorcycle
img_031162.jpg,bav7i02,bay2884,False,5,0.2857,0.332995,motorcycle
img_031167.jpg,mpa3a92,iapa248,False,6,0.1429,0.160677,motorcycle
img_031169.jpg,ocz2d23,ddv3438,False,7,0.0000,0.319033,motorcycle
img_031170.jpg,ocz2d23,ivva288,False,7,0.0000,0.141476,motorcycle
img_031172.jpg,qri6h84,gbi2488,False,5,0.2857,0.290493,motorcycle
img_031175.jpg,qrk3g62,sork248,False,6,0.1429,0.063093,motorcycle
img_031176.jpg,oyi8e42,evu2484,False,7,0.0000,0.066095,motorcycle
img_031179.jpg,lmu8e22,bij7848,False,7,0.0000,0.070048,motorcycle
img_031181.jpg,mtv3h81,ihiy,False,6,0.1429,0.205237,motorcycle
img_031185.jpg,qrg5e53,crg5288,False,4,0.4286,0.121803,motorcycle
img_031187.jpg,qre4i82,cirez38,False,5,0.2857,0.054036,motorcycle
img_031191.jpg,oyg0a69,iavis43,False,7,0.0000,0.078410,motorcycle
img_031192.jpg,qri1d52,cori748,False,6,0.1429,0.447750,motorcycle
img_031193.jpg,krm7e95,kpi2488,False,6,0.1429,0.099981,motorcycle
img_031194.jpg,odp7e69,eb92488,False,7,0.0000,0.263271,motorcycle
img_031196.jpg,qre3a37,ape8884,False,6,0.1429,0.568292,motorcycle
img_031198.jpg,ppl5g40,spp0788,False,6,0.1429,0.113714,motorcycle
img_031199.jpg,mqm8d57,edo1238,False,7,0.0000,0.043141,motorcycle
img_031201.jpg,qrk8h41,gork148,False,5,0.2857,0.240747,motorcycle
img_031202.jpg,ovj8c54,dov4838,False,5,0.2857,0.056891,motorcycle
img_031204.jpg,ppd2f65,ppd7280,False,4,0.4286,0.142496,motorcycle
img_031205.jpg,qrf4b12,dbre148,False,7,0.0000,0.141589,motorcycle
img_031206.jpg,kwz7d77,kyz4380,False,5,0.2857,0.201600,motorcycle
img_031207.jpg,msg0b91,cbsg148,False,6,0.1429,0.111042,motorcycle
img_031208.jpg,qrh2e34,qui2488,False,5,0.2857,0.022386,motorcycle
img_031209.jpg,qrk1d63,iba7238,False,7,0.0000,0.018774,motorcycle
img_031211.jpg,qrg5g11,spp4888,False,7,0.0000,0.095380,motorcycle
img_031212.jpg,msu6e57,gesy238,False,7,0.0000,0.272148,motorcycle
img_031213.jpg,ppu6c58,ippu748,False,4,0.4286,0.086455,motorcycle
img_031214.jpg,pps0e98,pps2884,False,4,0.4286,0.380027,motorcycle
img_031215.jpg,qri6h84,fbi1488,False,5,0.2857,0.151554,motorcycle
img_031216.jpg,oyd5h74,sov1548,False,6,0.1429,0.099388,motorcycle
img_031217.jpg,lry7g97,idv4388,False,7,0.0000,0.131695,motorcycle
img_031218.jpg,qrj7b45,zbr5748,False,5,0.2857,0.069653,motorcycle
img_031219.jpg,qri6i06,gioiz48,False,6,0.1429,0.060627,motorcycle
img_031221.jpg,oyg7f39,dov6248,False,7,0.0000,0.239459,motorcycle
img_031222.jpg,oyk0j72,cov6848,False,7,0.0000,0.166936,motorcycle
img_031223.jpg,oyg7f39,fvy2884,False,7,0.0000,0.118129,motorcycle
img_031225.jpg,qrg5g11,sgr4488,False,7,0.0000,0.172076,motorcycle
img_031226.jpg,lll1e15,i115890,False,7,0.0000,0.074900,motorcycle
img_031228.jpg,qrg5g11,sticz88,False,7,0.0000,0.057828,motorcycle
img_031229.jpg,krm7e95,aij5484,False,7,0.0000,0.225502,motorcycle
img_031231.jpg,msa8f37,ifax488,False,6,0.1429,0.192442,motorcycle
img_031232.jpg,ppt2j19,ppy2880,False,4,0.4286,0.545066,motorcycle
img_031233.jpg,ppn7d89,ppy1480,False,4,0.4286,0.145259,motorcycle
img_031234.jpg,msr9b97,fbs2248,False,7,0.0000,0.115000,motorcycle
img_031236.jpg,qnk8h24,gow4888,False,7,0.0000,0.083906,motorcycle
img_031239.jpg,ppy6c26,ppy4880,False,4,0.4286,0.123935,motorcycle
img_031240.jpg,qrj7b45,gbu1238,False,7,0.0000,0.076353,motorcycle
img_031242.jpg,pps5j06,spd2480,False,6,0.1429,0.259266,motorcycle
img_031243.jpg,qrg5g11,sppc248,False,7,0.0000,0.091193,motorcycle
img_031244.jpg,qnk8h24,gow4888,False,7,0.0000,0.119273,motorcycle
img_031245.jpg,odt3g50,ggd7280,False,6,0.1429,0.108915,motorcycle
img_031246.jpg,ocv8d29,edcy848,False,6,0.1429,0.146318,motorcycle
img_031248.jpg,oyd5h74,svy,False,7,0.0000,0.441380,motorcycle
img_031249.jpg,qrk8h41,bokk248,False,5,0.2857,0.031551,motorcycle
img_031250.jpg,oda8e46,gda2388,False,5,0.2857,0.250685,motorcycle
img_031251.jpg,ppn7d89,ppy4880,False,4,0.4286,0.169996,motorcycle
img_031254.jpg,qri7f71,fri2488,False,5,0.2857,0.228316,motorcycle
img_031259.jpg,ppc3d50,spcc488,False,5,0.2857,0.108569,motorcycle
img_031266.jpg,mtj6a61,faq1238,False,7,0.0000,0.363538,motorcycle
img_031268.jpg,ppn1b25,ippt888,False,6,0.1429,0.253655,motorcycle
img_031269.jpg,ocv8d29,soc9423,False,5,0.2857,0.013107,motorcycle
img_031270.jpg,ppp2d40,ppp7488,False,4,0.4286,0.208682,motorcycle
img_031271.jpg,qrg5g11,gqq2388,False,7,0.0000,0.106841,motorcycle
img_031272.jpg,oyk0j72,doy6488,False,6,0.1429,0.067279,motorcycle
img_031273.jpg,ppt2j19,ppy2480,False,4,0.4286,0.642405,motorcycle
img_031274.jpg,qrf4b12,br22884,False,6,0.1429,0.096258,motorcycle
img_031275.jpg,qrb3a73,qap5828,False,6,0.1429,0.133472,motorcycle
img_031276.jpg,qri7f71,qri8488,False,4,0.4286,0.103943,motorcycle
img_031277.jpg,qri6h84,for4248,False,6,0.1429,0.179502,motorcycle
img_031278.jpg,oyg7f39,tov6888,False,7,0.0000,0.060926,motorcycle
img_031279.jpg,qrj5e58,did,False,7,0.0000,0.137458,motorcycle
img_031280.jpg,qnk8h24,iow4288,False,7,0.0000,0.036120,motorcycle
img_031281.jpg,qrj9h92,bbi1438,False,7,0.0000,0.208335,motorcycle
img_031283.jpg,qrk1d63,idi7480,False,7,0.0000,0.232096,motorcycle
img_031285.jpg,qri6h84,ghb1248,False,7,0.0000,0.173717,motorcycle
img_031286.jpg,qrb3a73,gra2488,False,6,0.1429,0.187147,motorcycle
img_031287.jpg,qrf4b12,dbre248,False,7,0.0000,0.306943,motorcycle
img_031289.jpg,ppn1a71,jpp1488,False,5,0.2857,0.229178,motorcycle
img_031290.jpg,kyq1g04,kyq2480,False,4,0.4286,0.143287,motorcycle
img_031293.jpg,oyg7f39,idv6248,False,7,0.0000,0.184202,motorcycle
img_031294.jpg,qrg5g11,spp2288,False,7,0.0000,0.074387,motorcycle
img_031295.jpg,qnk8h24,ghv2288,False,7,0.0000,0.057963,motorcycle
img_031296.jpg,ppi2d67,lpp7588,False,6,0.1429,0.189011,motorcycle
img_031297.jpg,qrf4b12,zbre288,False,7,0.0000,0.171871,motorcycle
img_031298.jpg,qrh8b53,cort788,False,7,0.0000,0.017551,motorcycle
img_031299.jpg,oyg7f39,fv62384,False,7,0.0000,0.090650,motorcycle
img_031303.jpg,mtw7a10,ait2448,False,7,0.0000,0.057770,motorcycle
img_031304.jpg,qri6h84,gha1238,False,7,0.0000,0.079455,motorcycle
img_031305.jpg,qrk3g62,fgrk248,False,6,0.1429,0.233362,motorcycle
img_031306.jpg,qri6i06,girg248,False,7,0.0000,0.132026,motorcycle
img_031308.jpg,qrg5e53,crr5528,False,5,0.2857,0.046134,motorcycle
img_031309.jpg,qrg5g11,gri1388,False,6,0.1429,0.124022,motorcycle
img_031310.jpg,pph5b07,spp7288,False,6,0.1429,0.240824,motorcycle
img_031312.jpg,ocv8d29,edc5848,False,6,0.1429,0.116811,motorcycle
img_031313.jpg,mrl6j44,fr48884,False,5,0.2857,0.160644,motorcycle
img_031317.jpg,ppq7j11,jpi1484,False,6,0.1429,0.195048,motorcycle
img_031320.jpg,qrk8h41,ap52488,False,7,0.0000,0.025842,motorcycle
img_031321.jpg,ppy6c26,ppy2484,False,4,0.4286,0.267194,motorcycle
img_031322.jpg,oyk0j72,ddy2384,False,7,0.0000,0.186476,motorcycle
img_031324.jpg,lry7g97,tpy8384,False,6,0.1429,0.260990,motorcycle
img_031325.jpg,ppl7j55,pp57884,False,4,0.4286,0.175704,motorcycle
img_031327.jpg,ppr0d29,dp26488,False,6,0.1429,0.057579,motorcycle
img_031328.jpg,kyr9d53,dvi7438,False,7,0.0000,0.046435,motorcycle
img_031330.jpg,ppw3g67,sppy288,False,6,0.1429,0.115309,motorcycle
img_031331.jpg,ppn1a71,ipp2884,False,6,0.1429,0.262313,motorcycle
img_031332.jpg,ppn7d89,ppy2488,False,4,0.4286,0.231694,motorcycle
img_031333.jpg,ppt2j19,ppy2484,False,4,0.4286,0.786386,motorcycle
img_031334.jpg,oye9b10,jov6248,False,7,0.0000,0.133064,motorcycle
img_031336.jpg,oyd5h74,sovd288,False,6,0.1429,0.067210,motorcycle
img_031337.jpg,ppg6h84,chpg248,False,5,0.2857,0.119888,motorcycle
img_031339.jpg,ppr0d29,ppp4488,False,5,0.2857,0.227521,motorcycle
img_031340.jpg,mtw4i60,gy84488,False,6,0.1429,0.045279,motorcycle
img_031344.jpg,msr9b97,fixsp24,False,7,0.0000,0.039670,motorcycle
img_031346.jpg,lry7g97,idy4884,False,6,0.1429,0.306663,motorcycle
img_031347.jpg,ppg6h84,chp,False,6,0.1429,0.360886,motorcycle
img_031349.jpg,msy1h23,hyv4488,False,7,0.0000,0.032085,motorcycle
img_031351.jpg,pps5j06,spp8288,False,6,0.1429,0.136251,motorcycle
img_031352.jpg,pph5b07,spp7248,False,6,0.1429,0.367545,motorcycle
img_031353.jpg,qre3f28,fry7334,False,6,0.1429,0.032326,motorcycle
img_031354.jpg,ppt6c15,app4288,False,6,0.1429,0.435571,motorcycle
img_031355.jpg,oyg0a69,qoyz488,False,6,0.1429,0.121588,motorcycle
img_031357.jpg,qrg5g11,gopc338,False,7,0.0000,0.014785,motorcycle
img_031360.jpg,qrk8h41,box2488,False,7,0.0000,0.263702,motorcycle
img_031361.jpg,mqm8d57,edyx288,False,7,0.0000,0.149263,motorcycle
img_031362.jpg,ovh6b79,gvy,False,6,0.1429,0.306955,motorcycle
img_031363.jpg,ppn7d89,jppr488,False,5,0.2857,0.133574,motorcycle
img_031364.jpg,ppn1a71,ipp1248,False,5,0.2857,0.256863,motorcycle
img_031367.jpg,pph5b07,fpph288,False,5,0.2857,0.585952,motorcycle
img_031369.jpg,msv7i05,pi56248,False,7,0.0000,0.172886,motorcycle
img_031370.jpg,oyk0j72,ddv6238,False,7,0.0000,0.101313,motorcycle
img_031371.jpg,kyq1g04,igqq488,False,6,0.1429,0.108807,motorcycle
img_031372.jpg,ppy6c26,ppy2484,False,4,0.4286,0.603566,motorcycle
img_031373.jpg,lry7g97,idv2384,False,7,0.0000,0.106391,motorcycle
img_031375.jpg,ppg6h84,fpp4248,False,5,0.2857,0.251627,motorcycle
img_031379.jpg,mqm8d57,ed97248,False,7,0.0000,0.271506,motorcycle
img_031380.jpg,ppt2j19,ppy2480,False,4,0.4286,0.414080,motorcycle
img_031382.jpg,qrb3a73,bra2384,False,6,0.1429,0.152466,motorcycle
img_031383.jpg,ppw6c70,ppy7480,False,4,0.4286,0.130973,motorcycle
img_031386.jpg,ppg6h84,ppp6248,False,4,0.4286,0.183531,motorcycle
img_031388.jpg,mtx4g86,pi74384,False,5,0.2857,0.110687,motorcycle
img_031389.jpg,qrg5g11,gpq2388,False,7,0.0000,0.026802,motorcycle
img_031390.jpg,ppc3d50,ppc2388,False,4,0.4286,0.156437,motorcycle
img_031391.jpg,oyh8f44,gv42384,False,6,0.1429,0.059769,motorcycle
img_031392.jpg,ppt6c15,ppi4488,False,5,0.2857,0.309007,motorcycle
img_031394.jpg,qrk1d63,ibix438,False,7,0.0000,0.081498,motorcycle
img_031396.jpg,oyg0a69,idv3248,False,7,0.0000,0.009306,motorcycle
img_031397.jpg,pzq4g21,pz48884,False,5,0.2857,0.059125,motorcycle
img_031398.jpg,pzq4g21,pz48384,False,5,0.2857,0.328932,motorcycle
img_031399.jpg,qrk8h41,adx2384,False,7,0.0000,0.085922,motorcycle
img_031400.jpg,ocv8d29,ad25838,False,7,0.0000,0.040760,motorcycle
img_031405.jpg,oda5b02,sopa848,False,6,0.1429,0.095972,motorcycle
img_031406.jpg,ppn7d89,ppy1884,False,4,0.4286,0.217219,motorcycle
img_031407.jpg,qri7f71,fri2388,False,5,0.2857,0.194787,motorcycle
img_031408.jpg,ppc3d50,ppc2888,False,4,0.4286,0.396899,motorcycle
img_031411.jpg,qrh0f83,upp2884,False,6,0.1429,0.301535,motorcycle
img_031413.jpg,qri6h84,gbi1748,False,6,0.1429,0.058113,motorcycle
img_031415.jpg,lry7g97,tpy8884,False,6,0.1429,0.365200,motorcycle
img_031416.jpg,msr9b97,fb52488,False,7,0.0000,0.148610,motorcycle
img_031417.jpg,qrg5e53,srg5880,False,4,0.4286,0.033913,motorcycle
img_031419.jpg,qre5c34,scitz88,False,7,0.0000,0.065146,motorcycle
img_031423.jpg,pxz4g96,pyz7880,False,5,0.2857,0.186997,motorcycle
img_031425.jpg,mrl6j44,fr42384,False,5,0.2857,0.507682,motorcycle
img_031431.jpg,ppn6b97,ppp7288,False,5,0.2857,0.210135,motorcycle
img_031432.jpg,qrk8h41,aok4488,False,6,0.1429,0.012929,motorcycle
img_031433.jpg,ppn7d89,appq288,False,5,0.2857,0.125712,motorcycle
img_031436.jpg,oyg7f39,ivi2488,False,7,0.0000,0.097338,motorcycle
img_031440.jpg,msy1h23,insy448,False,6,0.1429,0.067474,motorcycle
img_031442.jpg,qrg5g11,ggp8388,False,7,0.0000,0.057596,motorcycle
img_031444.jpg,ppr0d29,ppp1888,False,5,0.2857,0.086489,motorcycle
img_031445.jpg,kyr9d53,ivy3748,False,7,0.0000,0.231891,motorcycle
img_031449.jpg,ppw3g67,app4248,False,6,0.1429,0.205690,motorcycle
img_031451.jpg,qrd0c17,ccr2288,False,7,0.0000,0.091535,motorcycle
img_031454.jpg,msl7j36,wst2488,False,6,0.1429,0.035156,motorcycle
img_031455.jpg,qre7b39,jbr6248,False,7,0.0000,0.053876,motorcycle
img_031460.jpg,qri1d18,for1248,False,5,0.2857,0.257143,motorcycle
img_031461.jpg,ppi3e80,pp02384,False,4,0.4286,0.292279,motorcycle
img_031462.jpg,qrj7j46,qu18488,False,6,0.1429,0.201147,motorcycle
img_031463.jpg,qrh8b53,ebh1288,False,6,0.1429,0.171562,motorcycle
img_031464.jpg,ppu6c58,fpp1238,False,5,0.2857,0.130809,motorcycle
img_031465.jpg,ppw6c70,ppo4288,False,5,0.2857,0.034609,motorcycle
img_031467.jpg,ocx2g40,dcx7884,False,5,0.2857,0.156691,motorcycle
img_031468.jpg,oyi8e42,ady2384,False,6,0.1429,0.069417,motorcycle
img_031469.jpg,oyk0j72,ddw8438,False,7,0.0000,0.221497,motorcycle
img_031470.jpg,ppg6h84,cpp6248,False,5,0.2857,0.263879,motorcycle
img_031473.jpg,oyg7f39,dvv6488,False,7,0.0000,0.075975,motorcycle
img_031474.jpg,qri7d06,foo1248,False,7,0.0000,0.113887,motorcycle
img_031475.jpg,qrg3i72,pac2488,False,7,0.0000,0.057887,motorcycle
img_031476.jpg,ovh6b79,cva2288,False,6,0.1429,0.137811,motorcycle
img_031477.jpg,kyr9d53,dvi7438,False,7,0.0000,0.073560,motorcycle
img_031478.jpg,eqe8g79,epo6281,False,6,0.1429,0.036221,motorcycle
img_031481.jpg,qri1d18,iop1248,False,5,0.2857,0.270592,motorcycle
img_031483.jpg,qrg2c72,inc2884,False,6,0.1429,0.059215,motorcycle
img_031486.jpg,msu6e57,fi57248,False,7,0.0000,0.226084,motorcycle
img_031488.jpg,oye9b10,dva2484,False,7,0.0000,0.254484,motorcycle
img_031490.jpg,oyg7f39,vij4384,False,7,0.0000,0.010883,motorcycle
img_031492.jpg,qrk0i56,dikk248,False,6,0.1429,0.017678,motorcycle
img_031494.jpg,mth4g39,gj11888,False,7,0.0000,0.012477,motorcycle
img_031496.jpg,ppr0d29,app4248,False,6,0.1429,0.156172,motorcycle
img_031497.jpg,oda5c01,spa2288,False,6,0.1429,0.069249,motorcycle
img_031498.jpg,ppw3g67,ippy248,False,6,0.1429,0.396558,motorcycle
img_031499.jpg,kyr9d53,ddv3248,False,7,0.0000,0.154329,motorcycle
img_031500.jpg,qrj3d82,sou1888,False,6,0.1429,0.140802,motorcycle
img_031504.jpg,qrg0j89,qoigz28,False,5,0.2857,0.056517,motorcycle
img_031506.jpg,ovi7b50,zoy2238,False,7,0.0000,0.105036,motorcycle
img_031507.jpg,lry7g97,ax78488,False,7,0.0000,0.039309,motorcycle
img_031509.jpg,msg0b91,csg2888,False,5,0.2857,0.086743,motorcycle
img_031512.jpg,qrk8c68,crx2880,False,6,0.1429,0.105096,motorcycle
img_031515.jpg,ppr0d29,ppp2888,False,5,0.2857,0.411326,motorcycle
img_031517.jpg,kyr9d53,idi5748,False,7,0.0000,0.023006,motorcycle
img_031518.jpg,ppw3g67,ppy2480,False,5,0.2857,0.277349,motorcycle
img_031522.jpg,qri6h84,ghi1288,False,5,0.2857,0.172149,motorcycle
img_031523.jpg,qrg5g11,gqq2384,False,7,0.0000,0.277859,motorcycle
img_031524.jpg,qrj4j25,qri2488,False,5,0.2857,0.096044,motorcycle
img_031525.jpg,msl7j36,pb56480,False,7,0.0000,0.047298,motorcycle
img_031526.jpg,mqm8d57,bdo7743,False,7,0.0000,0.290834,motorcycle
img_031527.jpg,grm5a80,abo2488,False,6,0.1429,0.400926,motorcycle
img_031528.jpg,mqx5a93,fox2484,False,6,0.1429,0.332239,motorcycle
img_031530.jpg,qrh8b53,fbrh248,False,6,0.1429,0.138331,motorcycle
img_031531.jpg,gyp5f52,cyp7488,False,5,0.2857,0.111980,motorcycle
img_031536.jpg,qrg5g11,gocc288,False,7,0.0000,0.043018,motorcycle
img_031539.jpg,ppr0d29,appa248,False,6,0.1429,0.108247,motorcycle
img_031542.jpg,qre3f28,gpw884,False,7,0.0000,0.086496,motorcycle
img_031544.jpg,odn3f45,fops748,False,6,0.1429,0.070305,motorcycle
img_031546.jpg,ocv8d29,edc5848,False,6,0.1429,0.171488,motorcycle
img_031547.jpg,ppy6c26,ppy7480,False,4,0.4286,0.308659,motorcycle
img_031548.jpg,kyr9d53,dva7888,False,7,0.0000,0.027807,motorcycle
img_031550.jpg,qrj2c93,coi2480,False,6,0.1429,0.110779,motorcycle
img_031551.jpg,qrj2c93,ccp7488,False,7,0.0000,0.055763,motorcycle
img_031554.jpg,ppm5a98,spp8488,False,5,0.2857,0.252717,motorcycle
img_031556.jpg,ppy8a72,ipp4488,False,6,0.1429,0.330742,motorcycle
img_031557.jpg,qrk6d29,gdyx238,False,7,0.0000,0.015064,motorcycle
img_031558.jpg,qri7d06,for2238,False,7,0.0000,0.122615,motorcycle
img_031560.jpg,mrt0j40,fbo4888,False,7,0.0000,0.097625,motorcycle
img_031561.jpg,mrt0j40,firy288,False,7,0.0000,0.157827,motorcycle
img_031562.jpg,mrt0j40,fi77288,False,7,0.0000,0.191505,motorcycle
img_031563.jpg,mrt0j40,fby2888,False,7,0.0000,0.158925,motorcycle
img_031567.jpg,qri6h84,gor1888,False,6,0.1429,0.070590,motorcycle
img_031568.jpg,ppu5f03,sppy848,False,6,0.1429,0.061762,motorcycle
img_031571.jpg,qrf1f85,fff1488,False,4,0.4286,0.089169,motorcycle
img_031572.jpg,oyk0j72,ddw2488,False,7,0.0000,0.103195,motorcycle
img_031573.jpg,lry7g97,tpv2384,False,7,0.0000,0.087370,motorcycle
img_031574.jpg,qri7i48,qia1238,False,5,0.2857,0.018375,motorcycle
img_031575.jpg,ppg5h25,spps148,False,6,0.1429,0.143179,motorcycle
img_031576.jpg,ppg6h84,fpp4748,False,5,0.2857,0.280786,motorcycle
img_031579.jpg,ode1d75,dove888,False,6,0.1429,0.148428,motorcycle
img_031580.jpg,ocx2g40,qti2838,False,6,0.1429,0.139949,motorcycle
img_031581.jpg,ppe0g58,ppse288,False,4,0.4286,0.071195,motorcycle
img_031582.jpg,ppn1b25,app5488,False,6,0.1429,0.555122,motorcycle
img_031583.jpg,mtv0h43,fix7888,False,7,0.0000,0.049707,motorcycle
img_031584.jpg,kyr9d53,dvi5738,False,7,0.0000,0.083434,motorcycle
img_031585.jpg,qrj4a23,ibi1438,False,7,0.0000,0.089340,motorcycle
img_031591.jpg,mtd2f50,fy62384,False,6,0.1429,0.053335,motorcycle
img_031594.jpg,qre3f47,spre248,False,5,0.2857,0.212329,motorcycle
img_031595.jpg,msh8c13,ecs1428,False,7,0.0000,0.068618,motorcycle
img_031596.jpg,lry7g97,gjv8388,False,7,0.0000,0.029093,motorcycle
img_031599.jpg,ppu2e59,ppy1884,False,5,0.2857,0.219904,motorcycle
img_031603.jpg,ovh6b79,gov4248,False,6,0.1429,0.069575,motorcycle
img_031608.jpg,qrk8h41,erk6838,False,5,0.2857,0.160565,motorcycle
img_031609.jpg,ppk8i62,eppx788,False,6,0.1429,0.373436,motorcycle
img_031611.jpg,ppy6c26,spy2488,False,5,0.2857,0.399232,motorcycle
img_031612.jpg,qrh8b53,ebrx288,False,7,0.0000,0.065265,motorcycle
img_031616.jpg,qrj6g51,gg51488,False,7,0.0000,0.091730,motorcycle
img_031619.jpg,ppt6c15,ppy2488,False,5,0.2857,0.308625,motorcycle
img_031621.jpg,qrg3i72,forc488,False,7,0.0000,0.049993,motorcycle
img_031623.jpg,ppw3g67,spp2488,False,6,0.1429,0.219509,motorcycle
img_031624.jpg,oyh8f44,ddv4238,False,7,0.0000,0.039096,motorcycle
img_031625.jpg,qrf4b12,dbi2480,False,7,0.0000,0.099580,motorcycle
img_031629.jpg,ppu6c58,ppi1784,False,5,0.2857,0.015424,motorcycle
img_031631.jpg,ppm5a98,spp4448,False,5,0.2857,0.111422,motorcycle
img_031634.jpg,ppe3h79,spp4288,False,6,0.1429,0.100750,motorcycle
img_031635.jpg,lry7g97,igy7848,False,5,0.2857,0.089117,motorcycle
img_031638.jpg,qod5a08,saop788,False,6,0.1429,0.332451,motorcycle
img_031642.jpg,mqz0g16,git7884,False,7,0.0000,0.223363,motorcycle
img_031644.jpg,qrf8d14,idic848,False,7,0.0000,0.068351,motorcycle
img_031645.jpg,kyr9d53,ivv3748,False,7,0.0000,0.258309,motorcycle
img_031646.jpg,msb5i34,fix2384,False,6,0.1429,0.194368,motorcycle
img_031648.jpg,qrk2j55,joif488,False,7,0.0000,0.058265,motorcycle
img_031649.jpg,qre4i82,qiee238,False,5,0.2857,0.085663,motorcycle
img_031650.jpg,qrf4b12,dbre848,False,7,0.0000,0.212273,motorcycle
img_031655.jpg,mqm8d57,edor748,False,7,0.0000,0.086597,motorcycle
img_031659.jpg,ppe6h42,ppp2848,False,4,0.4286,0.036807,motorcycle
img_031660.jpg,ppl2i00,zip0248,False,6,0.1429,0.286563,motorcycle
img_031662.jpg,ppm5a98,spph788,False,5,0.2857,0.214003,motorcycle
img_031663.jpg,msu6e57,fi57648,False,7,0.0000,0.231289,motorcycle
img_031666.jpg,mpp2g74,ipp2888,False,4,0.4286,0.488736,motorcycle
img_031669.jpg,qrk8c68,cry2388,False,5,0.2857,0.076168,motorcycle
img_031670.jpg,odh9h88,idbi248,False,5,0.2857,0.198080,motorcycle
img_031672.jpg,kyr9d53,inv6248,False,7,0.0000,0.087565,motorcycle
img_031674.jpg,ppm5a98,spp1488,False,5,0.2857,0.192610,motorcycle
img_031675.jpg,ppn7d89,ppyz888,False,4,0.4286,0.165060,motorcycle
img_031676.jpg,msn1c75,aif388,False,7,0.0000,0.082033,motorcycle
img_031677.jpg,ppy6c26,ppy2480,False,4,0.4286,0.236981,motorcycle
img_031680.jpg,msv7b98,fjy4884,False,7,0.0000,0.199855,motorcycle
img_031681.jpg,odl8j75,fpiz488,False,7,0.0000,0.029267,motorcycle
img_031683.jpg,lry7g97,idv4484,False,7,0.0000,0.221476,motorcycle
img_031686.jpg,mtw4i60,fit4488,False,6,0.1429,0.032903,motorcycle
img_031688.jpg,mqf6i83,gifi888,False,5,0.2857,0.119871,motorcycle
img_031689.jpg,qrk8c68,ark1880,False,5,0.2857,0.069874,motorcycle
img_031690.jpg,ppn1a71,ipp2884,False,6,0.1429,0.150109,motorcycle
img_031691.jpg,oda9j27,qpa2388,False,6,0.1429,0.329523,motorcycle
img_031694.jpg,qrd0c17,dcin248,False,7,0.0000,0.015670,motorcycle
img_031698.jpg,qrf4b12,dore488,False,6,0.1429,0.132685,motorcycle
img_031699.jpg,qrj6j27,fdi2488,False,7,0.0000,0.131504,motorcycle
img_031702.jpg,ode8b11,gdi8438,False,5,0.2857,0.101783,motorcycle
img_031705.jpg,gyp5f52,gyp2388,False,4,0.4286,0.409702,motorcycle
img_031706.jpg,ows6g04,fgys248,False,7,0.0000,0.178267,motorcycle
img_031711.jpg,qre7b39,abre288,False,6,0.1429,0.287847,motorcycle
img_031712.jpg,pps2e38,pii4488,False,5,0.2857,0.029972,motorcycle
img_031714.jpg,qrj5c38,cc11488,False,6,0.1429,0.122208,motorcycle
img_031716.jpg,ppn1a71,pp44884,False,5,0.2857,0.102878,motorcycle
img_031717.jpg,kyr9d53,nvi5488,False,7,0.0000,0.076963,motorcycle
img_031724.jpg,ppn7d89,jppy488,False,5,0.2857,0.210996,motorcycle
img_031728.jpg,ppo2j11,ppo2488,False,3,0.5714,0.281329,motorcycle
img_031729.jpg,mqr4j53,fpgi748,False,7,0.0000,0.100136,motorcycle
img_031731.jpg,pjx3f88,fpiz488,False,5,0.2857,0.188358,motorcycle
img_031738.jpg,qrl3g77,sgr4848,False,7,0.0000,0.122051,motorcycle
img_031740.jpg,mrx1b30,ibrx288,False,6,0.1429,0.317015,motorcycle
img_031741.jpg,knw2h83,bwa7288,False,6,0.1429,0.120517,motorcycle
img_031745.jpg,qrg7f50,qup6248,False,6,0.1429,0.045939,motorcycle
img_031747.jpg,kyn5j13,dvi1488,False,7,0.0000,0.226297,motorcycle
img_031749.jpg,qrj5c38,cri2480,False,6,0.1429,0.547564,motorcycle
img_031752.jpg,oda5c01,scp4248,False,7,0.0000,0.193761,motorcycle
img_031760.jpg,ppt2j19,ppy2484,False,4,0.4286,0.349432,motorcycle
img_031761.jpg,qrh3d03,sory248,False,7,0.0000,0.334984,motorcycle
img_031766.jpg,ppm5a98,spp4480,False,6,0.1429,0.202252,motorcycle
img_031768.jpg,qrk1a20,iary148,False,6,0.1429,0.189050,motorcycle
img_031769.jpg,lry7g97,trv2384,False,6,0.1429,0.067924,motorcycle
img_031770.jpg,oyk0j72,cov2238,False,7,0.0000,0.150696,motorcycle
img_031774.jpg,odn3f45,fop2888,False,7,0.0000,0.019992,motorcycle
img_031776.jpg,qri2d95,dop1248,False,7,0.0000,0.129709,motorcycle
img_031780.jpg,ppu6c58,cppa248,False,5,0.2857,0.094877,motorcycle
img_031782.jpg,msr9b97,fib2488,False,7,0.0000,0.113891,motorcycle
img_031783.jpg,qrh8b53,for8288,False,6,0.1429,0.044152,motorcycle
img_031785.jpg,ppj7f37,psy2884,False,6,0.1429,0.198471,motorcycle
img_031786.jpg,qri7i48,ina2484,False,6,0.1429,0.043980,motorcycle
img_031791.jpg,kyr9d53,ivv3238,False,7,0.0000,0.081232,motorcycle
img_031793.jpg,mrz1h74,divi438,False,7,0.0000,0.238197,motorcycle
img_031794.jpg,qrm0i27,oid7288,False,7,0.0000,0.023445,motorcycle
img_031795.jpg,oye9b10,by24384,False,6,0.1429,0.198071,motorcycle
img_031796.jpg,qrk3g62,ggv2380,False,7,0.0000,0.063516,motorcycle
img_031801.jpg,ovl3i74,fov2384,False,4,0.4286,0.133562,motorcycle
img_031804.jpg,ocv8d29,edcy123,False,6,0.1429,0.063639,motorcycle
img_031805.jpg,kyr9d53,dyt7380,False,6,0.1429,0.055642,motorcycle
img_031807.jpg,qrf4b12,bbre484,False,6,0.1429,0.197652,motorcycle
img_031811.jpg,odl5h42,spp5848,False,5,0.2857,0.405653,motorcycle
img_031813.jpg,qrh0g84,dor4238,False,6,0.1429,0.123690,motorcycle
img_031814.jpg,ppu6c58,ippu743,False,5,0.2857,0.127797,motorcycle
img_031817.jpg,mss0h30,ons8248,False,6,0.1429,0.264874,motorcycle
img_031818.jpg,odl5h44,spp4238,False,7,0.0000,0.174982,motorcycle
img_031821.jpg,pjx3f88,piy2384,False,5,0.2857,0.276622,motorcycle
img_031823.jpg,qnk8h24,ehy6488,False,7,0.0000,0.016079,motorcycle
img_031824.jpg,kyr9d53,kyb7384,False,5,0.2857,0.060576,motorcycle
img_031826.jpg,odl8j75,opy6488,False,6,0.1429,0.071449,motorcycle
img_031832.jpg,qrl3g77,fri1488,False,6,0.1429,0.059362,motorcycle
img_031834.jpg,lry7g97,idv4438,False,7,0.0000,0.102734,motorcycle
img_031835.jpg,ppf2h27,epp2488,False,5,0.2857,0.080190,motorcycle
img_031836.jpg,ppf2h27,zpp7748,False,6,0.1429,0.086420,motorcycle
img_031837.jpg,gyp5f52,gyp2388,False,4,0.4286,0.177344,motorcycle
img_031838.jpg,ppj5i28,ppa1884,False,5,0.2857,0.037610,motorcycle
img_031839.jpg,ocv8d29,edc5148,False,7,0.0000,0.040391,motorcycle
img_031841.jpg,qre3f28,spp4488,False,6,0.1429,0.057871,motorcycle
img_031848.jpg,ppb9c89,pp92288,False,4,0.4286,0.028132,motorcycle
img_031851.jpg,oyk0j72,ovy6880,False,6,0.1429,0.117852,motorcycle
img_031855.jpg,lry7g97,gpv8484,False,7,0.0000,0.314502,motorcycle
img_031859.jpg,msr8d29,edj2384,False,7,0.0000,0.291210,motorcycle
img_031868.jpg,mrt1c57,ivi7488,False,7,0.0000,0.094774,motorcycle
img_031870.jpg,kyr9d53,ivv3488,False,7,0.0000,0.424374,motorcycle
img_031873.jpg,qrk3g62,sopy288,False,7,0.0000,0.083867,motorcycle
img_031877.jpg,kyn5j13,dma2488,False,7,0.0000,0.069118,motorcycle
img_031879.jpg,qrl4i86,cibi848,False,6,0.1429,0.062968,motorcycle
img_031880.jpg,pps5j06,pps2480,False,4,0.4286,0.336202,motorcycle
img_031884.jpg,pph5b07,appp248,False,6,0.1429,0.127610,motorcycle
img_031885.jpg,msy1h23,hiy7438,False,6,0.1429,0.006683,motorcycle
img_031886.jpg,hgy0f48,ifiva48,False,5,0.2857,0.038087,motorcycle
img_031887.jpg,ppn1b25,ipp5748,False,6,0.1429,0.330530,motorcycle
img_031888.jpg,ppc6h94,app4238,False,6,0.1429,0.326939,motorcycle
img_031889.jpg,ppc6h94,app4238,False,6,0.1429,0.105295,motorcycle
img_031891.jpg,ppr5j25,spps488,False,6,0.1429,0.053143,motorcycle
img_031899.jpg,ppr0d29,ppp7880,False,5,0.2857,0.117721,motorcycle
img_031903.jpg,ecf8f62,jece848,False,5,0.2857,0.130118,motorcycle
img_031904.jpg,kyr9d53,ivv3549,False,7,0.0000,0.259134,motorcycle
img_031905.jpg,ppj5i28,sp22884,False,6,0.1429,0.033659,motorcycle
img_031911.jpg,odl8j75,fops438,False,7,0.0000,0.102001,motorcycle
img_031913.jpg,qrj8d77,fop7488,False,7,0.0000,0.069884,motorcycle
img_031914.jpg,ppm5a98,epph248,False,5,0.2857,0.042663,motorcycle
img_031915.jpg,msb5i87,fisb248,False,5,0.2857,0.184963,motorcycle
img_031917.jpg,odg8e93,edg2838,False,5,0.2857,0.157675,motorcycle
img_031921.jpg,ppg8b33,ipp8488,False,5,0.2857,0.231449,motorcycle
img_031922.jpg,oyd7h98,zov6748,False,5,0.2857,0.025516,motorcycle
img_031924.jpg,ppg6h84,fpp6248,False,5,0.2857,0.593696,motorcycle
img_031926.jpg,okv9e79,dvy2484,False,7,0.0000,0.119068,motorcycle
img_031927.jpg,mrm7c18,cpb4884,False,7,0.0000,0.066393,motorcycle
img_031928.jpg,mte9i16,pixa288,False,7,0.0000,0.080298,motorcycle
img_031930.jpg,ppn9j76,pp42884,False,5,0.2857,0.140504,motorcycle
img_031934.jpg,qrh3d03,sop4248,False,7,0.0000,0.189388,motorcycle
img_031935.jpg,ppc3d50,ppc2888,False,4,0.4286,0.179294,motorcycle
img_031937.jpg,qhz2h65,coz7748,False,6,0.1429,0.061777,motorcycle
img_031938.jpg,ppe3h79,spp4488,False,6,0.1429,0.182111,motorcycle
img_031939.jpg,ppr0d29,cpp4888,False,6,0.1429,0.337622,motorcycle
img_031940.jpg,msx3d02,sps2488,False,7,0.0000,0.030620,motorcycle
img_031945.jpg,ppp2d40,ippq288,False,5,0.2857,0.134428,motorcycle
img_031948.jpg,kyr9d53,dxt7884,False,7,0.0000,0.021662,motorcycle
img_031949.jpg,msu6e57,fjy1882,False,7,0.0000,0.013994,motorcycle
img_031950.jpg,ppy6c26,ppy2484,False,4,0.4286,0.357083,motorcycle
img_031951.jpg,pjz8d82,bpz2484,False,5,0.2857,0.172209,motorcycle
img_031959.jpg,qrg9h72,fox6888,False,7,0.0000,0.069924,motorcycle
img_031960.jpg,qrh0h10,copo448,False,7,0.0000,0.070495,motorcycle
img_031961.jpg,oyi2i87,qoo7588,False,6,0.1429,0.023496,motorcycle
img_031962.jpg,ppw7j99,ppy8884,False,5,0.2857,0.382784,motorcycle
img_031963.jpg,msy1h23,hyw484,False,6,0.1429,0.056699,motorcycle
img_031964.jpg,qrh2c14,zcr1299,False,6,0.1429,0.065685,motorcycle
img_031969.jpg,qri2d95,doi5738,False,6,0.1429,0.048941,motorcycle
img_031970.jpg,ppy6c26,spy4480,False,5,0.2857,0.528641,motorcycle
img_031975.jpg,ppp4d76,ppp7488,False,4,0.4286,0.430391,motorcycle
img_031976.jpg,msr9b97,fsk2488,False,6,0.1429,0.168593,motorcycle
img_031977.jpg,qrf9b57,fbst488,False,7,0.0000,0.032761,motorcycle
img_031979.jpg,lry7g97,idv4488,False,7,0.0000,0.153405,motorcycle
img_031981.jpg,msg0b91,fsc2888,False,6,0.1429,0.241103,motorcycle
img_031982.jpg,msv3h69,bisi248,False,7,0.0000,0.033564,motorcycle
img_031983.jpg,msu6e57,giy7288,False,7,0.0000,0.045403,motorcycle
img_031984.jpg,ppp5e34,ipp4488,False,5,0.2857,0.037713,motorcycle
img_031985.jpg,ppr0d29,appq288,False,6,0.1429,0.098531,motorcycle
img_031987.jpg,mrx7j70,ivy8438,False,7,0.0000,0.128402,motorcycle
img_031990.jpg,odl8j75,iop5248,False,7,0.0000,0.278435,motorcycle
img_031991.jpg,ppl2i00,app7748,False,6,0.1429,0.228298,motorcycle
img_031992.jpg,ovh3a27,sov1248,False,6,0.1429,0.069206,motorcycle
img_031996.jpg,ppp5e34,pppp488,False,4,0.4286,0.089078,motorcycle
img_031998.jpg,ocv8d29,edc5848,False,6,0.1429,0.487077,motorcycle
img_032005.jpg,qrd0c17,drd2884,False,5,0.2857,0.234709,motorcycle
img_032010.jpg,odl5h42,cop4883,False,7,0.0000,0.049722,motorcycle
img_032011.jpg,mta0b22,fij7748,False,7,0.0000,0.038672,motorcycle
img_032012.jpg,oda9j22,jpa2288,False,6,0.1429,0.062121,motorcycle
img_032013.jpg,oyk0j72,cov1848,False,7,0.0000,0.156775,motorcycle
img_032015.jpg,qrh3d03,soq8288,False,7,0.0000,0.084784,motorcycle
img_032016.jpg,mtw4i60,cint888,False,7,0.0000,0.015841,motorcycle
img_032018.jpg,ppo2j11,apo2488,False,4,0.4286,0.038303,motorcycle
img_032019.jpg,qrk8h41,exp1488,False,7,0.0000,0.027438,motorcycle
img_032023.jpg,oyi8e42,idv1438,False,7,0.0000,0.070372,motorcycle
img_032025.jpg,oyk0j72,cov6848,False,7,0.0000,0.086848,motorcycle
img_032030.jpg,ppz1d87,ipiz488,False,5,0.2857,0.185971,motorcycle
img_032035.jpg,odf9g70,gop6448,False,7,0.0000,0.100969,motorcycle
img_032040.jpg,qrj7i24,po12484,False,6,0.1429,0.097949,motorcycle
img_032043.jpg,ppl2i00,ppp0248,False,5,0.2857,0.126955,motorcycle
img_032045.jpg,oyk0j72,cow8488,False,7,0.0000,0.206080,motorcycle
img_032046.jpg,lry7g97,idv8388,False,7,0.0000,0.111762,motorcycle
img_032050.jpg,ppm6b38,app2288,False,5,0.2857,0.137011,motorcycle
img_032052.jpg,ppt9b63,lpp7238,False,6,0.1429,0.174193,motorcycle
img_032053.jpg,ocv8d29,adc5248,False,7,0.0000,0.054338,motorcycle
img_032055.jpg,odn2j97,ipp2880,False,6,0.1429,0.079539,motorcycle
img_032057.jpg,qrk8h41,adxx288,False,7,0.0000,0.058808,motorcycle
img_032059.jpg,ppt2i88,iibis48,False,6,0.1429,0.533963,motorcycle
img_032061.jpg,qre0g07,gbe8480,False,6,0.1429,0.036400,motorcycle
img_032063.jpg,pps0e98,pps8488,False,3,0.5714,0.532437,motorcycle
img_032065.jpg,mtu4j76,ajy6738,False,7,0.0000,0.067329,motorcycle
img_032069.jpg,oyk0j72,dow2884,False,7,0.0000,0.148900,motorcycle
img_032073.jpg,ppp0c22,ippp248,False,5,0.2857,0.065631,motorcycle
img_032075.jpg,oku4e38,lky4238,False,3,0.5714,0.010680,motorcycle
img_032082.jpg,msx3d02,sdg2148,False,7,0.0000,0.282943,motorcycle
img_032089.jpg,qrk7i91,jipi248,False,7,0.0000,0.061509,motorcycle
img_032091.jpg,lry7g97,idv8484,False,7,0.0000,0.105971,motorcycle
img_032092.jpg,pps2f00,epps248,False,4,0.4286,0.366399,motorcycle
img_032095.jpg,kpw5j42,sin7888,False,7,0.0000,0.166324,motorcycle
img_032096.jpg,qrf4b12,dbre488,False,6,0.1429,0.152167,motorcycle
img_032097.jpg,ppu6c58,ppp4238,False,4,0.4286,0.029917,motorcycle
img_032098.jpg,odk9c02,cop4288,False,7,0.0000,0.055854,motorcycle
img_032099.jpg,msr9b97,fsp2488,False,6,0.1429,0.251877,motorcycle
img_032100.jpg,qrg3c18,scp8288,False,6,0.1429,0.100465,motorcycle
img_032105.jpg,mtx4g86,cj12884,False,6,0.1429,0.062802,motorcycle
img_032107.jpg,ode8b11,idi8488,False,5,0.2857,0.317085,motorcycle
img_032108.jpg,qrm2d38,lo94288,False,6,0.1429,0.054737,motorcycle
img_032116.jpg,qrl3f45,fru2388,False,6,0.1429,0.057603,motorcycle
img_032118.jpg,ovh6b79,ovy2480,False,5,0.2857,0.407077,motorcycle
img_032120.jpg,oyi8e42,gov1388,False,7,0.0000,0.101444,motorcycle
img_032121.jpg,oyk0j72,dow2384,False,7,0.0000,0.518642,motorcycle
img_032122.jpg,lry7g97,idy8934,False,6,0.1429,0.117930,motorcycle
img_032124.jpg,pjs0h50,ips5148,False,6,0.1429,0.068692,motorcycle
img_032126.jpg,mst5a03,faj2384,False,7,0.0000,0.081479,motorcycle
img_032127.jpg,ppr0d29,app2248,False,6,0.1429,0.063069,motorcycle
img_032128.jpg,krm7e95,ki91248,False,6,0.1429,0.122702,motorcycle
img_032132.jpg,qrk8h41,zork248,False,5,0.2857,0.117872,motorcycle
img_032135.jpg,odk9c02,do4x288,False,7,0.0000,0.008512,motorcycle
img_032136.jpg,mst5a03,sq22884,False,7,0.0000,0.187927,motorcycle
img_032139.jpg,mtw4i60,fibo888,False,7,0.0000,0.027907,motorcycle
img_032141.jpg,qrk8c68,erb8288,False,4,0.4286,0.082771,motorcycle
img_032142.jpg,qrj3d82,gbi2438,False,7,0.0000,0.159236,motorcycle
img_032145.jpg,ovh6b79,evy1488,False,6,0.1429,0.229522,motorcycle
img_032146.jpg,msu6e57,fi57838,False,7,0.0000,0.145967,motorcycle
img_032147.jpg,ppo3j63,appor43,False,4,0.4286,0.154473,motorcycle
img_032148.jpg,odk9c02,cok2388,False,6,0.1429,0.152767,motorcycle
img_032153.jpg,oyi8e42,dvy2488,False,7,0.0000,0.116405,motorcycle
img_032155.jpg,ovh6b79,cova228,False,6,0.1429,0.161593,motorcycle
img_032157.jpg,qri6h84,for1248,False,6,0.1429,0.163065,motorcycle
img_032160.jpg,qrk5e44,fbr1238,False,7,0.0000,0.010879,motorcycle
img_032166.jpg,odk9c02,qox2384,False,7,0.0000,0.083748,motorcycle
img_032169.jpg,ode8b11,fod6848,False,5,0.2857,0.079295,motorcycle
img_032171.jpg,qrg2c72,app2480,False,6,0.1429,0.089203,motorcycle
img_032172.jpg,msu6e57,fjy8484,False,7,0.0000,0.260964,motorcycle
img_032173.jpg,oyg7f39,dv92488,False,7,0.0000,0.113308,motorcycle
img_032175.jpg,odk9c02,cox2384,False,7,0.0000,0.203472,motorcycle
img_032176.jpg,ppm5a98,fpy1488,False,5,0.2857,0.068635,motorcycle
img_032178.jpg,mtw4i60,ext8238,False,7,0.0000,0.028989,motorcycle
img_032180.jpg,ode8b11,doif288,False,7,0.0000,0.072242,motorcycle
img_032182.jpg,ovh6b79,gow1484,False,7,0.0000,0.013771,motorcycle
img_032185.jpg,krm7e95,aij8488,False,7,0.0000,0.204851,motorcycle
img_032187.jpg,mta0b22,fia2838,False,6,0.1429,0.134402,motorcycle
img_032190.jpg,qrb3a73,dxa2384,False,7,0.0000,0.046331,motorcycle
img_032192.jpg,ode8b11,eop6888,False,6,0.1429,0.043932,motorcycle
img_032194.jpg,qrh8b53,cort228,False,7,0.0000,0.040828,motorcycle
img_032195.jpg,ntu3d84,ddi4738,False,7,0.0000,0.066106,motorcycle
img_032196.jpg,ovi7b50,joy2438,False,7,0.0000,0.081105,motorcycle
img_032197.jpg,ppu5f46,sppu188,False,5,0.2857,0.165731,motorcycle
img_032200.jpg,ppy6c26,pppy878,False,5,0.2857,0.597833,motorcycle
img_032201.jpg,ovh6b79,gov9848,False,6,0.1429,0.287093,motorcycle
img_032203.jpg,hlz9e18,fiz8384,False,6,0.1429,0.026642,motorcycle
img_032204.jpg,krm7e95,vi11288,False,7,0.0000,0.080889,motorcycle
img_032210.jpg,ppu5f46,sppu148,False,4,0.4286,0.116558,motorcycle
img_032213.jpg,qhz2h65,ed52480,False,6,0.1429,0.016854,motorcycle
img_032215.jpg,oyk0j72,ovy8480,False,6,0.1429,0.517393,motorcycle
img_032216.jpg,qrm8c16,scr0148,False,7,0.0000,0.369092,motorcycle
img_032217.jpg,qrm8c16,scr0248,False,7,0.0000,0.153840,motorcycle
img_032219.jpg,ntu3d84,sdi1738,False,7,0.0000,0.025009,motorcycle
img_032221.jpg,qrm0i27,copiz48,False,7,0.0000,0.291986,motorcycle
img_032224.jpg,oyg7f39,dvi4488,False,7,0.0000,0.066779,motorcycle
img_032226.jpg,ppp5e34,spp0488,False,5,0.2857,0.098926,motorcycle
img_032227.jpg,pps5j06,spo1488,False,6,0.1429,0.027877,motorcycle
img_032228.jpg,mpp2g74,ipp2488,False,4,0.4286,0.493189,motorcycle
img_032230.jpg,mtx4g86,cjy2480,False,6,0.1429,0.331100,motorcycle
img_032234.jpg,qrk8h41,ark1884,False,4,0.4286,0.048613,motorcycle
img_032235.jpg,qrg7c99,cp62488,False,7,0.0000,0.337162,motorcycle
img_032243.jpg,qrj8h66,goi2488,False,7,0.0000,0.132913,motorcycle
img_032244.jpg,ppu6c58,ppp1288,False,4,0.4286,0.036820,motorcycle
img_032246.jpg,mps6c41,fcp5899,False,7,0.0000,0.070206,motorcycle
img_032247.jpg,odk9c02,spyz288,False,7,0.0000,0.081926,motorcycle
img_032249.jpg,ppc3d50,ppo2488,False,5,0.2857,0.243789,motorcycle
img_032256.jpg,qrf4b12,dbre488,False,6,0.1429,0.102723,motorcycle
img_032257.jpg,oyk0j72,goy2488,False,6,0.1429,0.031862,motorcycle
img_032259.jpg,qre7b39,fbri248,False,7,0.0000,0.062366,motorcycle
img_032263.jpg,ppu5f46,sppu248,False,4,0.4286,0.235795,motorcycle
img_032264.jpg,oyk0j72,dov2488,False,7,0.0000,0.079162,motorcycle
img_032265.jpg,qrj7j46,joij848,False,6,0.1429,0.153679,motorcycle
img_032269.jpg,ppk5d62,ppx2884,False,5,0.2857,0.256356,motorcycle
img_032274.jpg,odj6h20,ibp1448,False,7,0.0000,0.081514,motorcycle
img_032276.jpg,ppt2j19,ppy2484,False,4,0.4286,0.660233,motorcycle
img_032277.jpg,qri7g82,dbi1238,False,6,0.1429,0.040911,motorcycle
img_032280.jpg,ppn7d89,ppy2484,False,4,0.4286,0.297878,motorcycle
img_032282.jpg,qrm3b94,sori248,False,7,0.0000,0.238745,motorcycle
img_032286.jpg,pkc2h29,zzx4488,False,7,0.0000,0.061531,motorcycle
img_032290.jpg,krm7e95,aij2488,False,7,0.0000,0.359805,motorcycle
img_032294.jpg,qrg2j03,idg2488,False,5,0.2857,0.009502,motorcycle
img_032296.jpg,qrf4b12,bbre384,False,7,0.0000,0.236552,motorcycle
img_032300.jpg,oyd5h74,svy1843,False,7,0.0000,0.121005,motorcycle
img_032303.jpg,qrf0g88,dbe2288,False,5,0.2857,0.040930,motorcycle
img_032304.jpg,ovh6b79,evv1448,False,6,0.1429,0.074026,motorcycle
img_032305.jpg,msr9b97,ibs3248,False,7,0.0000,0.101498,motorcycle
img_032306.jpg,oyk0j72,gov2388,False,7,0.0000,0.034159,motorcycle
img_032309.jpg,lry7g97,gpv4384,False,7,0.0000,0.113505,motorcycle
img_032310.jpg,qri6i06,gitt243,False,7,0.0000,0.019719,motorcycle
img_032311.jpg,qrf9c93,cop2488,False,7,0.0000,0.079121,motorcycle
img_032317.jpg,ppj7f37,ppy2384,False,5,0.2857,0.376553,motorcycle
img_032318.jpg,qrd0c17,dord248,False,6,0.1429,0.043843,motorcycle
img_032320.jpg,krm7e95,ads2484,False,7,0.0000,0.043416,motorcycle
img_032321.jpg,msl7j36,ixs2248,False,7,0.0000,0.023791,motorcycle
img_032322.jpg,hfv6g69,itv4484,False,6,0.1429,0.105609,motorcycle
img_032327.jpg,qrk9i28,gix6288,False,6,0.1429,0.062068,motorcycle
img_032328.jpg,ove0j86,dov6238,False,5,0.2857,0.080083,motorcycle
img_032329.jpg,ppu6c58,ippur88,False,4,0.4286,0.058014,motorcycle
img_032330.jpg,qrb3a73,ppra248,False,7,0.0000,0.091421,motorcycle
img_032334.jpg,qri6h84,gwi2238,False,6,0.1429,0.139830,motorcycle
img_032335.jpg,pph5b07,fpp7288,False,6,0.1429,0.393411,motorcycle
img_032337.jpg,ode8b11,idi2838,False,6,0.1429,0.031466,motorcycle
img_032339.jpg,oyk0j72,dov6488,False,7,0.0000,0.042105,motorcycle
img_032340.jpg,qrh8b53,corh728,False,6,0.1429,0.171954,motorcycle
img_032341.jpg,kyn5j13,ixix488,False,7,0.0000,0.051548,motorcycle
img_032347.jpg,mst5a03,axin488,False,7,0.0000,0.129495,motorcycle
img_032348.jpg,krm7e95,aij2488,False,7,0.0000,0.138265,motorcycle
img_032349.jpg,kyr9d53,dvi1480,False,7,0.0000,0.136557,motorcycle
img_032350.jpg,ppl2b61,lpg4384,False,6,0.1429,0.096267,motorcycle
img_032354.jpg,pxz4g96,pyz4384,False,4,0.4286,0.476489,motorcycle
img_032357.jpg,ovi7b50,foy6238,False,7,0.0000,0.106616,motorcycle
img_032358.jpg,oyk0j72,dvy8888,False,7,0.0000,0.082954,motorcycle
img_032359.jpg,ppg6h84,ghpg448,False,5,0.2857,0.239823,motorcycle
img_032364.jpg,krm7e95,aij5480,False,7,0.0000,0.034831,motorcycle
img_032366.jpg,qrk8h41,ehrk248,False,5,0.2857,0.040750,motorcycle
img_032368.jpg,odk9c02,con2488,False,7,0.0000,0.150576,motorcycle
img_032371.jpg,lry7g97,tpy8484,False,6,0.1429,0.186556,motorcycle
img_032372.jpg,oyk0j72,ddv2488,False,7,0.0000,0.092006,motorcycle
img_032373.jpg,qri6h84,ghi2888,False,5,0.2857,0.117400,motorcycle
img_032374.jpg,oyk0j72,dow8488,False,7,0.0000,0.314761,motorcycle
img_032380.jpg,mtx4g86,git8384,False,6,0.1429,0.067122,motorcycle
img_032386.jpg,grm5a80,said248,False,7,0.0000,0.156978,motorcycle
img_032387.jpg,mrx6d91,gix4884,False,6,0.1429,0.121093,motorcycle
img_032388.jpg,ppg3g33,app9248,False,6,0.1429,0.215221,motorcycle
img_032389.jpg,ppt2j19,ppy8484,False,5,0.2857,0.258685,motorcycle
img_032395.jpg,mtv0h12,bil7288,False,7,0.0000,0.037235,motorcycle
img_032396.jpg,oyk0j72,ovy8488,False,6,0.1429,0.110933,motorcycle
img_032400.jpg,ovi1e95,ida2884,False,7,0.0000,0.068927,motorcycle
img_032401.jpg,qrj8j70,forq248,False,7,0.0000,0.369772,motorcycle
img_032402.jpg,qrm4j35,cory188,False,7,0.0000,0.110522,motorcycle
img_032403.jpg,ovl5g55,g952380,False,7,0.0000,0.046402,motorcycle
img_032407.jpg,mpk7e29,ibi4488,False,7,0.0000,0.074332,motorcycle
img_032411.jpg,ppc3d50,ppy0238,False,5,0.2857,0.162682,motorcycle
img_032412.jpg,mto7c11,iji8438,False,7,0.0000,0.037296,motorcycle
img_032413.jpg,ppo2j11,qpi2488,False,5,0.2857,0.011437,motorcycle
img_032419.jpg,oyi8g44,ddv4238,False,7,0.0000,0.051321,motorcycle
img_032420.jpg,qrm2d38,foia248,False,6,0.1429,0.020897,motorcycle
img_032421.jpg,oyg7f39,evy6438,False,6,0.1429,0.103270,motorcycle
img_032423.jpg,qrk8c68,ark2384,False,5,0.2857,0.040202,motorcycle
img_032426.jpg,qrd0c17,dcr2248,False,7,0.0000,0.047142,motorcycle
img_032427.jpg,ove8b94,boy8438,False,6,0.1429,0.098993,motorcycle
img_032428.jpg,msl7j36,iji4488,False,7,0.0000,0.037478,motorcycle
img_032430.jpg,ppl5f92,ppp5488,False,4,0.4286,0.068521,motorcycle
img_032431.jpg,qrf4b12,dbre888,False,7,0.0000,0.100414,motorcycle
img_032432.jpg,ppw7j79,ipp2480,False,6,0.1429,0.110321,motorcycle
img_032436.jpg,odk9c02,dodx488,False,6,0.1429,0.083601,motorcycle
img_032437.jpg,msr9b97,ff52288,False,7,0.0000,0.092765,motorcycle
img_032439.jpg,qre5c34,scre248,False,6,0.1429,0.184253,motorcycle
img_032443.jpg,krm7e95,ap51480,False,7,0.0000,0.065924,motorcycle
img_032445.jpg,ppu5f46,ppu1484,False,4,0.4286,0.279555,motorcycle
img_032446.jpg,qri7f71,ara2384,False,6,0.1429,0.103288,motorcycle
img_032447.jpg,ppw7j79,pd4488,False,6,0.1429,0.085866,motorcycle
img_032448.jpg,ode8b11,jod1838,False,5,0.2857,0.017134,motorcycle
img_032449.jpg,qrg2c72,cp22488,False,6,0.1429,0.182745,motorcycle
img_032451.jpg,odj3h43,idi3488,False,5,0.2857,0.025262,motorcycle
img_032453.jpg,ppm5a98,sp97480,False,6,0.1429,0.227220,motorcycle
img_032456.jpg,odg8b88,obt2888,False,4,0.4286,0.202239,motorcycle
img_032458.jpg,pph5b07,spp4288,False,6,0.1429,0.513590,motorcycle
img_032460.jpg,ppt2j19,ppy2484,False,4,0.4286,0.525230,motorcycle
img_032462.jpg,ppn7d89,pp97488,False,3,0.5714,0.112811,motorcycle
img_032465.jpg,odj3h43,spp1488,False,7,0.0000,0.054446,motorcycle
img_032466.jpg,lmu3c65,iti5488,False,7,0.0000,0.050650,motorcycle
img_032470.jpg,ppt2j19,ppy4288,False,5,0.2857,0.158727,motorcycle
img_032471.jpg,ppt2j19,ppi4788,False,5,0.2857,0.277521,motorcycle
img_032473.jpg,ppm5a98,say1248,False,6,0.1429,0.063370,motorcycle
img_032478.jpg,qrg5g11,eginj88,False,7,0.0000,0.107161,motorcycle
img_032480.jpg,ppj1f18,ppi8788,False,4,0.4286,0.241381,motorcycle
img_032481.jpg,qnk8h24,ghz5888,False,7,0.0000,0.067938,motorcycle
img_032485.jpg,krm7e95,kd93880,False,6,0.1429,0.059921,motorcycle
img_032486.jpg,oda5c01,spow888,False,7,0.0000,0.190827,motorcycle
img_032487.jpg,qrj7j46,gr46788,False,6,0.1429,0.111354,motorcycle
img_032489.jpg,ppw7j99,ppy5730,False,5,0.2857,0.027463,motorcycle
img_032490.jpg,oyd5h74,gyq4248,False,6,0.1429,0.013251,motorcycle
img_032497.jpg,qre4i82,qibe788,False,5,0.2857,0.145817,motorcycle
img_032498.jpg,lry7g97,iby7484,False,5,0.2857,0.055293,motorcycle
