img,label,pred,correct,edit_dist,norm_ed,confidence,vehicle_type
img_000002.jpg,ppc5431,ppc5431,True,0,1.0000,0.961425,car
img_000004.jpg,ovk7900,ovk7900,True,0,1.0000,0.981750,car
img_000010.jpg,oye3384,oye3384,True,0,1.0000,0.988648,car
img_000020.jpg,lse1695,lse1695,True,0,1.0000,0.996854,car
img_000044.jpg,jsv4493,jsv4493,True,0,1.0000,0.994965,car
img_000050.jpg,ppk6012,ppk6012,True,0,1.0000,0.999820,car
img_000051.jpg,ppn1470,ppn1470,True,0,1.0000,0.996663,car
img_000071.jpg,ppz3525,ppz3525,True,0,1.0000,0.937488,car
img_000073.jpg,qrd8410,oro8410,False,2,0.7143,0.294699,car
img_000076.jpg,mrz7550,mrz7550,True,0,1.0000,0.753261,car
img_000078.jpg,eyo3502,eyo3502,True,0,1.0000,0.917107,car
img_000084.jpg,msf1046,msf7046,False,1,0.8571,0.988428,car
img_000085.jpg,oyh9528,oyh9522,False,1,0.8571,0.994313,car
img_000092.jpg,ppu0879,ppu0879,True,0,1.0000,0.997476,car
img_000095.jpg,mrp2989,mpp2989,False,1,0.8571,0.708294,car
img_000105.jpg,ovf4168,ovfa168,False,1,0.8571,0.455029,car
img_000107.jpg,mtp5026,mtp5026,True,0,1.0000,0.999202,car
img_000111.jpg,mtj5833,mtj5833,True,0,1.0000,0.966022,car
img_000112.jpg,ppw4661,ppw4661,True,0,1.0000,0.999456,car
img_000113.jpg,gmf8421,gmf8421,True,0,1.0000,0.994905,car
img_000114.jpg,ppw1889,ppw1889,True,0,1.0000,0.997360,car
img_000116.jpg,ppp4907,ppp4907,True,0,1.0000,0.998732,car
img_000117.jpg,ods3662,ods3662,True,0,1.0000,0.673126,car
img_000121.jpg,odt9984,odt9984,True,0,1.0000,0.988233,car
img_000122.jpg,msa3310,msa3310,True,0,1.0000,0.995063,car
img_000128.jpg,odo9891,0d09891,False,2,0.7143,0.542237,car
img_000130.jpg,msr1353,msr1353,True,0,1.0000,0.968450,car
img_000131.jpg,odg5904,odg5904,True,0,1.0000,0.995865,car
img_000133.jpg,mtz3256,mtz356,False,1,0.8571,0.676720,car
img_000134.jpg,mst8531,mst8531,True,0,1.0000,0.979252,car
img_000137.jpg,ppw4661,ppw4661,True,0,1.0000,0.999707,car
img_000141.jpg,ppx4854,ppx4854,True,0,1.0000,0.999475,car
img_000145.jpg,ovf6363,ov6363,False,1,0.8571,0.912125,car
img_000146.jpg,odr3127,odr3127,True,0,1.0000,0.744491,car
img_000149.jpg,kzg4329,y264329,False,3,0.5714,0.179570,car
img_000153.jpg,ppw4661,ppw4661,True,0,1.0000,0.998999,car
img_000156.jpg,odf5623,odf5662,False,2,0.7143,0.916047,car
img_000157.jpg,odt6208,odt6208,True,0,1.0000,0.999142,car
img_000158.jpg,ods2590,ods2590,True,0,1.0000,0.996930,car
img_000159.jpg,ods3662,odv3662,False,1,0.8571,0.396235,car
img_000161.jpg,odg3176,odg3176,True,0,1.0000,0.980113,car
img_000164.jpg,msb4766,msb4766,True,0,1.0000,0.992741,car
img_000167.jpg,odt6181,odt6181,True,0,1.0000,0.994006,car
img_000168.jpg,mry7465,mrv765,False,2,0.7143,0.200771,car
img_000169.jpg,odr3127,odr3127,True,0,1.0000,0.929697,car
img_000170.jpg,ode6371,ode6371,True,0,1.0000,0.798929,car
img_000171.jpg,ppp7674,ppp7674,True,0,1.0000,0.999170,car
img_000173.jpg,mtc0626,mtc0626,True,0,1.0000,0.565313,car
img_000176.jpg,ppx0155,ppx0155,True,0,1.0000,0.999282,car
img_000178.jpg,qrd3012,qr03012,False,1,0.8571,0.783388,car
img_000179.jpg,ppv2861,ppv2861,True,0,1.0000,0.988818,car
img_000182.jpg,mts7362,mts7362,True,0,1.0000,0.699493,car
img_000184.jpg,ppw4661,ppw4661,True,0,1.0000,0.999788,car
img_000185.jpg,ods2590,ods2590,True,0,1.0000,0.987074,car
img_000186.jpg,mtj5833,mtj5833,True,0,1.0000,0.979462,car
img_000187.jpg,ppw0076,ppw0076,True,0,1.0000,0.878860,car
img_000188.jpg,odg4873,odg4873,True,0,1.0000,0.996483,car
img_000189.jpg,odg3176,oog3176,False,1,0.8571,0.692407,car
img_000190.jpg,fda4010,fda4010,True,0,1.0000,0.939896,car
img_000191.jpg,msb4766,msb4766,True,0,1.0000,0.812005,car
img_000192.jpg,odt6092,odt6092,True,0,1.0000,0.998225,car
img_000193.jpg,odr3127,oor3127,False,1,0.8571,0.562005,car
img_000195.jpg,mtx0171,mtx0171,True,0,1.0000,0.997671,car
img_000198.jpg,mtz3256,mtz356,False,1,0.8571,0.624798,car
img_000199.jpg,qrc6770,orc6770,False,1,0.8571,0.500233,car
img_000201.jpg,odr3984,00r3984,False,2,0.7143,0.775506,car
img_000202.jpg,odt6140,odt6140,True,0,1.0000,0.828715,car
img_000210.jpg,ppw0076,ppwo076,False,1,0.8571,0.665183,car
img_000212.jpg,odg6312,odg6312,True,0,1.0000,0.545388,car
img_000214.jpg,msf9531,msf9531,True,0,1.0000,0.978017,car
img_000215.jpg,msk5187,msk5187,True,0,1.0000,0.997897,car
img_000219.jpg,odm9447,odm9444,False,1,0.8571,0.496623,car
img_000220.jpg,ppb0869,ppb0869,True,0,1.0000,0.984290,car
img_000222.jpg,ovf6363,ov6363,False,1,0.8571,0.979757,car
img_000225.jpg,ppw0076,ppw0076,True,0,1.0000,0.897091,car
img_000228.jpg,ovf6363,oyf6363,False,1,0.8571,0.755283,car
img_000231.jpg,ppa7949,ppa7949,True,0,1.0000,0.999323,car
img_000233.jpg,msm2996,msm2996,True,0,1.0000,0.999703,car
img_000234.jpg,ppp7010,ppp7010,True,0,1.0000,0.999465,car
img_000235.jpg,ppx4854,ppx4854,True,0,1.0000,0.998979,car
img_000236.jpg,mqw8039,mon8039,False,2,0.7143,0.918299,car
img_000239.jpg,odo0659,od00659,False,1,0.8571,0.495849,car
img_000240.jpg,odg6312,oog6312,False,1,0.8571,0.729381,car
img_000242.jpg,odr3127,00r3127,False,2,0.7143,0.888769,car
img_000245.jpg,ovf6363,ove6363,False,1,0.8571,0.894838,car
img_000246.jpg,ppp6749,ppp6749,True,0,1.0000,0.992102,car
img_000247.jpg,odr4149,o0r4149,False,1,0.8571,0.577619,car
img_000248.jpg,ods6243,ods6243,True,0,1.0000,0.947554,car
img_000249.jpg,ppw4661,ppw4661,True,0,1.0000,0.999166,car
img_000250.jpg,odi1892,odi1892,True,0,1.0000,0.990195,car
img_000252.jpg,odg5904,odg5904,True,0,1.0000,0.519856,car
img_000255.jpg,mtn9522,mtn9522,True,0,1.0000,0.999421,car
img_000256.jpg,ppx4854,ppx4854,True,0,1.0000,0.806736,car
img_000257.jpg,ppc9486,ppc9485,False,1,0.8571,0.933941,car
img_000258.jpg,ovf6363,ove6363,False,1,0.8571,0.452984,car
img_000259.jpg,msf9531,msf9531,True,0,1.0000,0.997797,car
img_000261.jpg,odr4042,odr4042,True,0,1.0000,0.554161,car
img_000264.jpg,ppw0032,ppw0032,True,0,1.0000,0.922031,car
img_000265.jpg,ppp6110,ppp6110,True,0,1.0000,0.938817,car
img_000266.jpg,gmf8421,gmf8421,True,0,1.0000,0.308344,car
img_000268.jpg,ods6243,ods6243,True,0,1.0000,0.997737,car
img_000270.jpg,ppx9984,ppx9984,True,0,1.0000,0.998311,car
img_000271.jpg,qnr5824,onr5824,False,1,0.8571,0.993226,car
img_000274.jpg,ppp4907,ppp4907,True,0,1.0000,0.999344,car
img_000279.jpg,oko0458,ok04458,False,2,0.7143,0.669700,car
img_000280.jpg,mtp5026,mtp5026,True,0,1.0000,0.997851,car
img_000283.jpg,ppp7519,ppp7519,True,0,1.0000,0.999838,car
img_000286.jpg,ods6243,ods6243,True,0,1.0000,0.996895,car
img_000293.jpg,ppw4661,ppw4661,True,0,1.0000,0.992971,car
img_000294.jpg,mtj5833,mtj5833,True,0,1.0000,0.963636,car
img_000295.jpg,msd0247,msd0247,True,0,1.0000,0.986255,car
img_000296.jpg,msk5187,msk5187,True,0,1.0000,0.997133,car
img_000297.jpg,mtz3256,mtz3256,True,0,1.0000,0.869214,car
img_000298.jpg,ods6243,ods6243,True,0,1.0000,0.998844,car
img_000300.jpg,qrd5027,ord5027,False,1,0.8571,0.910673,car
img_000301.jpg,ppw4039,ppw4039,True,0,1.0000,0.998687,car
img_000302.jpg,ppp7010,ppp7010,True,0,1.0000,0.999581,car
img_000304.jpg,ppp3628,ppp3628,True,0,1.0000,0.998735,car
img_000305.jpg,qrb5219,apb5219,False,2,0.7143,0.750375,car
img_000306.jpg,ppw0076,ppw0076,True,0,1.0000,0.973162,car
img_000307.jpg,mka7333,mka7333,True,0,1.0000,0.998310,car
img_000309.jpg,qrc6790,orc6790,False,1,0.8571,0.526876,car
img_000310.jpg,odt6251,odt6251,True,0,1.0000,0.997823,car
img_000311.jpg,ppx0155,ppx0155,True,0,1.0000,0.999000,car
img_000317.jpg,ppp6749,ppp6749,True,0,1.0000,0.997491,car
img_000320.jpg,odr3127,oor3127,False,1,0.8571,0.455902,car
img_000322.jpg,odt6173,odt6173,True,0,1.0000,0.857511,car
img_000323.jpg,odh1374,odm1374,False,1,0.8571,0.715866,car
img_000324.jpg,odg3176,o0c3176,False,2,0.7143,0.277984,car
img_000325.jpg,mst4686,mst4686,True,0,1.0000,0.992719,car
img_000328.jpg,odg3967,oog3967,False,1,0.8571,0.448013,car
img_000330.jpg,mtz3549,myz3549,False,1,0.8571,0.911493,car
img_000331.jpg,odt9984,odt998,False,1,0.8571,0.827158,car
img_000334.jpg,ppe0807,ppe0807,True,0,1.0000,0.474382,car
img_000337.jpg,ppx0700,ppx0700,True,0,1.0000,0.996465,car
img_000339.jpg,odo9891,0d09891,False,2,0.7143,0.446109,car
img_000340.jpg,mqk4229,mok4229,False,1,0.8571,0.956723,car
img_000341.jpg,ods4852,odj4852,False,1,0.8571,0.550464,car
img_000342.jpg,ppp3628,ppp3628,True,0,1.0000,0.999040,car
img_000345.jpg,ode6371,ooe6371,False,1,0.8571,0.460111,car
img_000346.jpg,mts7362,mts7362,True,0,1.0000,0.883373,car
img_000347.jpg,odr3127,odr3127,True,0,1.0000,0.944396,car
img_000348.jpg,ppc5281,ppc5281,True,0,1.0000,0.996617,car
img_000354.jpg,fsh5743,fsh5743,True,0,1.0000,0.998303,car
img_000356.jpg,ppl5787,ppl5787,True,0,1.0000,0.998961,car
img_000357.jpg,qrc0461,orc0461,False,1,0.8571,0.926666,car
img_000358.jpg,odr1528,oor1528,False,1,0.8571,0.307950,car
img_000361.jpg,ppx9986,ppx9886,False,1,0.8571,0.725090,car
img_000362.jpg,ovf6363,ovf6363,True,0,1.0000,0.908009,car
img_000364.jpg,msi3690,ms13690,False,1,0.8571,0.641283,car
img_000366.jpg,ods2624,ods2624,True,0,1.0000,0.966248,car
img_000367.jpg,odg3967,ong3967,False,1,0.8571,0.701082,car
img_000368.jpg,ppx4010,ppx4010,True,0,1.0000,0.994373,car
img_000369.jpg,odf5623,oof5662,False,3,0.5714,0.330081,car
img_000370.jpg,mtz3549,mtz3549,True,0,1.0000,0.274025,car
img_000371.jpg,odi1892,odi1892,True,0,1.0000,0.940033,car
img_000374.jpg,odt6092,odt6092,True,0,1.0000,0.995102,car
img_000375.jpg,odt6064,odt606,False,1,0.8571,0.681847,car
img_000378.jpg,mtz3256,myz325,False,2,0.7143,0.368795,car
img_000381.jpg,ppw4039,ppy4039,False,1,0.8571,0.781582,car
img_000384.jpg,odg6312,oog6312,False,1,0.8571,0.750302,car
img_000389.jpg,ppw4661,ppw4661,True,0,1.0000,0.999543,car
img_000391.jpg,msd0247,msd0247,True,0,1.0000,0.993618,car
img_000392.jpg,msa1557,msa157,False,1,0.8571,0.995071,car
img_000393.jpg,odg3967,odg3967,True,0,1.0000,0.998474,car
img_000394.jpg,odg3176,odg3176,True,0,1.0000,0.872525,car
img_000395.jpg,odi1892,odi1892,True,0,1.0000,0.901524,car
img_000396.jpg,msb4766,msb4766,True,0,1.0000,0.850626,car
img_000397.jpg,ppx0700,ppx0700,True,0,1.0000,0.996226,car
img_000398.jpg,odt6462,odt6462,True,0,1.0000,0.996178,car
img_000400.jpg,nzf9172,nzf9172,True,0,1.0000,0.997573,car
img_000403.jpg,odo9891,0d09891,False,2,0.7143,0.524197,car
img_000404.jpg,odt6251,odt6251,True,0,1.0000,0.998207,car
img_000405.jpg,odt6482,odt6482,True,0,1.0000,0.726750,car
img_000408.jpg,mts7362,mts7362,True,0,1.0000,0.957863,car
img_000410.jpg,odr3127,odr3127,True,0,1.0000,0.587451,car
img_000411.jpg,ppx4010,ppx4010,True,0,1.0000,0.903794,car
img_000414.jpg,odf4543,odf4543,True,0,1.0000,0.679501,car
img_000415.jpg,msk7666,msk7666,True,0,1.0000,0.999704,car
img_000419.jpg,ppp3410,ppp3410,True,0,1.0000,0.999287,car
img_000420.jpg,mpi7944,mp17944,False,1,0.8571,0.647679,car
img_000422.jpg,ppw2922,ppw2922,True,0,1.0000,0.991886,car
img_000426.jpg,oyk4286,oyk4286,True,0,1.0000,0.971730,car
img_000430.jpg,odg3967,odg3967,True,0,1.0000,0.961790,car
img_000432.jpg,qrd5027,ar05027,False,2,0.7143,0.420418,car
img_000433.jpg,odg3176,odg3176,True,0,1.0000,0.569295,car
img_000434.jpg,ppw4039,ppw4039,True,0,1.0000,0.998505,car
img_000436.jpg,odr3127,odr3127,True,0,1.0000,0.873386,car
img_000439.jpg,mts7362,mts7362,True,0,1.0000,0.822543,car
img_000441.jpg,ods4852,odj4852,False,1,0.8571,0.605368,car
img_000445.jpg,ppv2861,ppv2861,True,0,1.0000,0.971729,car
img_000456.jpg,odr4149,odr4149,True,0,1.0000,0.356732,car
img_000459.jpg,ppx4024,ppx4024,True,0,1.0000,0.981470,car
img_000460.jpg,ppw2480,ppw2480,True,0,1.0000,0.815932,car
img_000468.jpg,odq9369,0009369,False,3,0.5714,0.961818,car
img_000469.jpg,odr3706,00p3706,False,3,0.5714,0.592592,car
img_000470.jpg,odg9132,o0g9132,False,1,0.8571,0.520360,car
img_000471.jpg,odf4543,oof4543,False,1,0.8571,0.942749,car
img_000472.jpg,ppp7505,ppp7505,True,0,1.0000,0.996551,car
img_000474.jpg,ppx0700,ppx0700,True,0,1.0000,0.998095,car
img_000475.jpg,msa1557,msa1577,False,1,0.8571,0.832897,car
img_000476.jpg,qrc6770,obc6770,False,2,0.7143,0.460222,car
img_000477.jpg,mtz9247,atz924,False,2,0.7143,0.639181,car
img_000478.jpg,msa8486,msa8486,True,0,1.0000,0.562609,car
img_000484.jpg,ppx0155,ppx0155,True,0,1.0000,0.998539,car
img_000485.jpg,mtt0954,mtt0954,True,0,1.0000,0.857694,car
img_000486.jpg,msa7262,msa7262,True,0,1.0000,0.999768,car
img_000489.jpg,odr3127,odr3127,True,0,1.0000,0.961022,car
img_000490.jpg,mts7362,mts7362,True,0,1.0000,0.950453,car
img_000491.jpg,odr5917,onr5917,False,1,0.8571,0.967771,car
img_000495.jpg,msa1557,msa1557,True,0,1.0000,0.955719,car
img_000498.jpg,ovl4669,ovl4669,True,0,1.0000,0.806460,car
img_000501.jpg,mqv6554,mov6544,False,2,0.7143,0.881224,car
img_000502.jpg,qol8801,ool6801,False,2,0.7143,0.982274,car
img_000505.jpg,odg1753,odg1753,True,0,1.0000,0.551363,car
img_000507.jpg,ppx4854,ppx4854,True,0,1.0000,0.998568,car
img_000509.jpg,odi1892,odi1892,True,0,1.0000,0.995115,car
img_000512.jpg,odr3127,00r3127,False,2,0.7143,0.772708,car
img_000516.jpg,oda4892,oda4892,True,0,1.0000,0.481177,car
img_000517.jpg,mtz3549,myz354,False,2,0.7143,0.608020,car
img_000519.jpg,mtg5739,mtg5739,True,0,1.0000,0.985339,car
img_000520.jpg,odt6181,odt6181,True,0,1.0000,0.995566,car
img_000521.jpg,odo9891,0009891,False,3,0.5714,0.791521,car
img_000522.jpg,msd0247,msd0247,True,0,1.0000,0.583658,car
img_000523.jpg,msa1557,msa1557,True,0,1.0000,0.952612,car
img_000524.jpg,ppw0076,ppw0076,True,0,1.0000,0.962437,car
img_000525.jpg,ods2015,ods2015,True,0,1.0000,0.512954,car
img_000526.jpg,mrg6866,mrg6866,True,0,1.0000,0.981497,car
img_000527.jpg,odr3127,oor3127,False,1,0.8571,0.824501,car
img_000528.jpg,qrc6770,orc6770,False,1,0.8571,0.667298,car
img_000529.jpg,mql2952,mal2952,False,1,0.8571,0.898634,car
img_000530.jpg,mte5140,mte5140,True,0,1.0000,0.995808,car
img_000535.jpg,odi1892,odi1892,True,0,1.0000,0.982008,car
img_000536.jpg,odt6482,odt6482,True,0,1.0000,0.993916,car
img_000537.jpg,ppx4040,ppx4040,True,0,1.0000,0.972184,car
img_000542.jpg,odr3984,onr3984,False,1,0.8571,0.833010,car
img_000544.jpg,msn8551,msn8551,True,0,1.0000,0.997805,car
img_000545.jpg,ppw4039,ppw4039,True,0,1.0000,0.817123,car
img_000547.jpg,ovf6363,ov66363,False,1,0.8571,0.731919,car
img_000548.jpg,odg3176,o0g3176,False,1,0.8571,0.580465,car
img_000549.jpg,ppp9250,ppp3250,False,1,0.8571,0.435231,car
img_000550.jpg,ods2861,oos2861,False,1,0.8571,0.473902,car
img_000552.jpg,mtg5739,mt65730,False,2,0.7143,0.289371,car
img_000555.jpg,ppx0696,ppx0696,True,0,1.0000,0.992783,car
img_000557.jpg,ppg3724,ppg3724,True,0,1.0000,0.999602,car
img_000561.jpg,odr3127,oor3127,False,1,0.8571,0.255182,car
img_000562.jpg,mtz3549,mtz3549,True,0,1.0000,0.947098,car
img_000563.jpg,qrc6770,obc6770,False,2,0.7143,0.555178,car
img_000565.jpg,fda4010,foa4010,False,1,0.8571,0.792136,car
img_000568.jpg,qnr5824,onr5824,False,1,0.8571,0.949980,car
img_000571.jpg,qrb9955,orb9955,False,1,0.8571,0.492562,car
img_000572.jpg,odo0659,0000659,False,3,0.5714,0.307731,car
img_000575.jpg,ppx4024,ppx4024,True,0,1.0000,0.741921,car
img_000576.jpg,mts7362,mts7362,True,0,1.0000,0.779508,car
img_000577.jpg,odr3127,odr3127,True,0,1.0000,0.786144,car
img_000579.jpg,mtt0954,mtt095,False,1,0.8571,0.619880,car
img_000580.jpg,odo1303,oo01303,False,2,0.7143,0.354697,car
img_000582.jpg,odg3967,ong3967,False,1,0.8571,0.987726,car
img_000583.jpg,odt6140,odt6140,True,0,1.0000,0.992781,car
img_000584.jpg,ovf6315,ovf6315,True,0,1.0000,0.680538,car
img_000587.jpg,qqg7579,qo67579,False,2,0.7143,0.422733,car
img_000589.jpg,ppp6853,ppp6853,True,0,1.0000,0.998422,car
img_000591.jpg,dqf5959,dof5959,False,1,0.8571,0.989002,car
img_000592.jpg,odg1753,odg1753,True,0,1.0000,0.842440,car
img_000601.jpg,pph7923,app7993,False,3,0.5714,0.231022,car
img_000607.jpg,odb9073,oob9073,False,1,0.8571,0.499777,car
img_000609.jpg,ods2861,ons2861,False,1,0.8571,0.795766,car
img_000615.jpg,odf1587,odf1587,True,0,1.0000,0.493365,car
img_000616.jpg,odp0519,o0p0519,False,1,0.8571,0.458874,car
img_000617.jpg,ppw0076,ppw0076,True,0,1.0000,0.930549,car
img_000618.jpg,mtx0171,mtx0171,True,0,1.0000,0.998345,car
img_000619.jpg,odg3176,odg3176,True,0,1.0000,0.995907,car
img_000623.jpg,qrc6770,orc6770,False,1,0.8571,0.894715,car
img_000625.jpg,odr3706,oor3706,False,1,0.8571,0.921213,car
img_000627.jpg,ppw9332,ppw9332,True,0,1.0000,0.997716,car
img_000631.jpg,mtx0171,mtx0171,True,0,1.0000,0.989026,car
img_000632.jpg,odr3127,odr3127,True,0,1.0000,0.990588,car
img_000633.jpg,ppw4039,ppw4039,True,0,1.0000,0.998116,car
img_000636.jpg,msa1557,msa1577,False,1,0.8571,0.816023,car
img_000641.jpg,ocz6223,ocz6223,True,0,1.0000,0.970724,car
img_000646.jpg,ppx4854,ppx4854,True,0,1.0000,0.999545,car
img_000649.jpg,odr3127,00r3127,False,2,0.7143,0.505177,car
img_000650.jpg,odm6350,odm6350,True,0,1.0000,0.912623,car
img_000656.jpg,msd0247,msd0247,True,0,1.0000,0.919203,car
img_000657.jpg,msa1557,msa1577,False,1,0.8571,0.410405,car
img_000660.jpg,ppw1889,ppw1889,True,0,1.0000,0.987431,car
img_000661.jpg,mst8531,mst8531,True,0,1.0000,0.987806,car
img_000663.jpg,odi1892,odi1892,True,0,1.0000,0.974575,car
img_000664.jpg,msa7262,msa7262,True,0,1.0000,0.998833,car
img_000668.jpg,ocv7476,ocv7476,True,0,1.0000,0.995949,car
img_000669.jpg,ovk3888,ov33888,False,1,0.8571,0.958625,car
img_000673.jpg,msf9531,msf9531,True,0,1.0000,0.969409,car
img_000678.jpg,qqr8453,qqqr845,False,2,0.7143,0.367645,car
img_000679.jpg,ppp9250,ppp8250,False,1,0.8571,0.988846,car
img_000680.jpg,ocv2491,ocv2491,True,0,1.0000,0.648291,car
img_000682.jpg,mrq2842,mro2842,False,1,0.8571,0.495772,car
img_000684.jpg,euv4667,euv4667,True,0,1.0000,0.991359,car
img_000686.jpg,oye0941,oye0941,True,0,1.0000,0.926018,car
img_000689.jpg,qrc6770,orc6770,False,1,0.8571,0.979640,car
img_000692.jpg,odg3176,odg3176,True,0,1.0000,0.966930,car
img_000693.jpg,mtk8020,mtk8020,True,0,1.0000,0.992342,car
img_000696.jpg,nzt9498,nzt9498,True,0,1.0000,0.976945,car
img_000697.jpg,nzt9498,nz79498,False,1,0.8571,0.655429,car
img_000699.jpg,ppw4661,ppm4661,False,1,0.8571,0.498926,car
img_000700.jpg,odt6061,odt6061,True,0,1.0000,0.996354,car
img_000701.jpg,msa1557,msa1557,True,0,1.0000,0.913744,car
img_000702.jpg,odt6208,odt6208,True,0,1.0000,0.998412,car
img_000705.jpg,msa7262,msa7262,True,0,1.0000,0.999372,car
img_000706.jpg,ppw9332,ppw9322,False,1,0.8571,0.933712,car
img_000707.jpg,odr3127,odr3127,True,0,1.0000,0.567298,car
img_000709.jpg,qrc9801,orc9801,False,1,0.8571,0.987872,car
img_000711.jpg,odr3127,odr3127,True,0,1.0000,0.992280,car
img_000712.jpg,msa1557,msa1577,False,1,0.8571,0.767081,car
img_000716.jpg,ppv7264,ppv7264,True,0,1.0000,0.996906,car
img_000719.jpg,ppp7674,ppp7674,True,0,1.0000,0.996966,car
img_000722.jpg,odm8060,00m8060,False,2,0.7143,0.586107,car
img_000726.jpg,msm2979,msm2979,True,0,1.0000,0.999389,car
img_000727.jpg,ppp6853,ppp6853,True,0,1.0000,0.998143,car
img_000728.jpg,qjk6374,ojk6374,False,1,0.8571,0.982283,car
img_000729.jpg,msa1557,msa1577,False,1,0.8571,0.985664,car
img_000730.jpg,ods3662,ons3662,False,1,0.8571,0.498004,car
img_000731.jpg,odp0519,oop0519,False,1,0.8571,0.549875,car
img_000732.jpg,odg3176,odg3176,True,0,1.0000,0.768920,car
img_000733.jpg,ods2590,ods2590,True,0,1.0000,0.997749,car
img_000736.jpg,odr5274,oor5274,False,1,0.8571,0.699437,car
img_000746.jpg,msg7196,msg7196,True,0,1.0000,0.999223,car
img_000761.jpg,ods9896,fds9896,False,1,0.8571,0.395726,car
img_000771.jpg,mtb6923,mi86922,False,3,0.5714,0.073647,car
img_000776.jpg,mpj4391,mpj4391,True,0,1.0000,0.997908,car
img_000780.jpg,qny4536,ony4536,False,1,0.8571,0.989670,car
img_000786.jpg,ppq7354,ppo7354,False,1,0.8571,0.862046,car
img_000789.jpg,jqj0456,joj0456,False,1,0.8571,0.966954,car
img_000794.jpg,dam5437,dam5437,True,0,1.0000,0.703436,car
img_000795.jpg,msr4057,msp4057,False,1,0.8571,0.838654,car
img_000798.jpg,odf8178,oof8178,False,1,0.8571,0.959138,car
img_000810.jpg,mtw3110,mtw3110,True,0,1.0000,0.920804,car
img_000824.jpg,ovf0629,oyf0629,False,1,0.8571,0.504173,car
img_000825.jpg,aud9870,aud9870,True,0,1.0000,0.903924,car
img_000831.jpg,msy5362,msy5362,True,0,1.0000,0.998465,car
img_000832.jpg,mss6605,mss6605,True,0,1.0000,0.881065,car
img_000836.jpg,msa2212,msa2212,True,0,1.0000,0.880942,car
img_000840.jpg,oyk7891,oyk7891,True,0,1.0000,0.975933,car
img_000841.jpg,ppm2757,ppm2757,True,0,1.0000,0.999614,car
img_000844.jpg,flu3653,flu3653,True,0,1.0000,0.997062,car
img_000854.jpg,mts0837,mts0837,True,0,1.0000,0.457816,car
img_000857.jpg,mtq6935,mto6935,False,1,0.8571,0.702134,car
img_000859.jpg,ove2395,ove2395,True,0,1.0000,0.794279,car
img_000863.jpg,msy0949,msy0949,True,0,1.0000,0.998077,car
img_000867.jpg,ppu0714,ppu0714,True,0,1.0000,0.999244,car
img_000872.jpg,ppv8752,ppv8752,True,0,1.0000,0.999018,car
img_000873.jpg,hmi7411,hm17411,False,1,0.8571,0.922373,car
img_000877.jpg,eeo7107,ee07107,False,1,0.8571,0.870614,car
img_000880.jpg,mss2913,mss2913,True,0,1.0000,0.909108,car
img_000881.jpg,qrb2043,orb2043,False,1,0.8571,0.837903,car
img_000892.jpg,mqp6736,mop6736,False,1,0.8571,0.974148,car
img_000893.jpg,odb9830,odb9830,True,0,1.0000,0.567268,car
img_000898.jpg,ppx0617,bpx0617,False,1,0.8571,0.604717,car
img_000911.jpg,ppz2798,ppz2798,True,0,1.0000,0.949051,car
img_000926.jpg,odn5493,oon5493,False,1,0.8571,0.993085,car
img_000935.jpg,ppo4393,ppo4393,True,0,1.0000,0.927895,car
img_000938.jpg,kpw4529,kpw4529,True,0,1.0000,0.999830,car
img_000939.jpg,hcq3053,mc03053,False,2,0.7143,0.750343,car
img_000945.jpg,ppe5615,ppe5615,True,0,1.0000,0.999030,car
img_000953.jpg,pvd3867,py03867,False,2,0.7143,0.525785,car
img_000954.jpg,ppb0307,ppb0307,True,0,1.0000,0.913149,car
img_000967.jpg,mrd0953,mr00953,False,1,0.8571,0.830400,car
img_000971.jpg,msj7415,msj7415,True,0,1.0000,0.993078,car
img_000974.jpg,euv4667,euv4667,True,0,1.0000,0.946341,car
img_000978.jpg,gzv6241,gzv6241,True,0,1.0000,0.998753,car
img_000980.jpg,msr4148,msr4148,True,0,1.0000,0.989954,car
img_000994.jpg,odq7295,0d07295,False,2,0.7143,0.520723,car
img_000998.jpg,mqv6554,mov6554,False,1,0.8571,0.999081,car
img_001028.jpg,lqk5610,lok5610,False,1,0.8571,0.876736,car
img_001033.jpg,ppm2725,ppm2725,True,0,1.0000,0.999548,car
img_001037.jpg,ode3578,ode3578,True,0,1.0000,0.921823,car
img_001041.jpg,odc0482,odc0482,True,0,1.0000,0.956652,car
img_001050.jpg,ovj6155,ovj6155,True,0,1.0000,0.694134,car
img_001061.jpg,pjv8445,piv8445,False,1,0.8571,0.810830,car
img_001065.jpg,qrb8380,orb8388,False,2,0.7143,0.968733,car
img_001069.jpg,ppx4940,ppx4940,True,0,1.0000,0.992935,car
img_001076.jpg,ppx5303,ppx5303,True,0,1.0000,0.998008,car
img_001081.jpg,mtf1704,mte1704,False,1,0.8571,0.544225,car
img_001084.jpg,ppw9117,ppw9117,True,0,1.0000,0.987095,car
img_001087.jpg,pxd9590,px09590,False,1,0.8571,0.673575,car
img_001090.jpg,owp0505,owp0505,True,0,1.0000,0.710358,car
img_001092.jpg,jiy2883,jly2883,False,1,0.8571,0.431736,car
img_001095.jpg,ppc7990,ppc7990,True,0,1.0000,0.964128,car
img_001109.jpg,mts5428,bjs5428,False,2,0.7143,0.157933,car
img_001110.jpg,odq9418,odq9418,True,0,1.0000,0.601200,car
img_001122.jpg,ocz0909,olzn909,False,2,0.7143,0.177720,car
img_001124.jpg,ppu4196,ppu4196,True,0,1.0000,0.739490,car
img_001127.jpg,ods7161,ods7161,True,0,1.0000,0.991641,car
img_001141.jpg,msb1993,msb1993,True,0,1.0000,0.973239,car
img_001142.jpg,odc7593,obc7593,False,1,0.8571,0.546531,car
img_001145.jpg,odi4526,odi4526,True,0,1.0000,0.982935,car
img_001146.jpg,ppu1195,ppu1995,False,1,0.8571,0.755422,car
img_001152.jpg,mox4428,mox4428,True,0,1.0000,0.791377,car
img_001154.jpg,ppv2253,ppv2253,True,0,1.0000,0.988621,car
img_001156.jpg,ppo6642,pp06642,False,1,0.8571,0.579643,car
img_001159.jpg,qpk3360,opk360,False,2,0.7143,0.999351,car
img_001160.jpg,ppw2400,ppw2400,True,0,1.0000,0.981337,car
img_001163.jpg,mqj5849,moj5849,False,1,0.8571,0.959797,car
img_001164.jpg,msx8326,msx8326,True,0,1.0000,0.995745,car
img_001165.jpg,msq4244,m504244,False,2,0.7143,0.508167,car
img_001166.jpg,mtc5704,mtc5704,True,0,1.0000,0.998119,car
img_001167.jpg,ove1875,ove1875,True,0,1.0000,0.989631,car
img_001177.jpg,ppk8945,ppk8945,True,0,1.0000,0.999256,car
img_001182.jpg,mss2308,mss2308,True,0,1.0000,0.804886,car
img_001185.jpg,odr7608,odr7608,True,0,1.0000,0.935357,car
img_001189.jpg,odf4825,odf4825,True,0,1.0000,0.991776,car
img_001190.jpg,odc0569,obc0569,False,1,0.8571,0.847747,car
img_001191.jpg,ppx5172,ppx5172,True,0,1.0000,0.998219,car
img_001192.jpg,odg6312,odg6312,True,0,1.0000,0.996847,car
img_001194.jpg,mtd3867,mtd3867,True,0,1.0000,0.865438,car
img_001198.jpg,odt6112,odt6122,False,1,0.8571,0.533536,car
img_001199.jpg,mqo6017,mo06017,False,2,0.7143,0.956107,car
img_001200.jpg,odt6061,odt6061,True,0,1.0000,0.996837,car
img_001201.jpg,mtj5833,mtj5833,True,0,1.0000,0.966166,car
img_001204.jpg,odg3176,odg3176,True,0,1.0000,0.614747,car
img_001205.jpg,mtx0171,mtx0171,True,0,1.0000,0.997364,car
img_001206.jpg,qrc6770,orc6770,False,1,0.8571,0.992028,car
img_001208.jpg,odi1892,odi1892,True,0,1.0000,0.983799,car
img_001211.jpg,ppx4854,ppx4854,True,0,1.0000,0.992861,car
img_001212.jpg,mtz9247,mtz9247,True,0,1.0000,0.750674,car
img_001213.jpg,mka7333,mka7333,True,0,1.0000,0.998395,car
img_001214.jpg,odt6162,odt6162,True,0,1.0000,0.975871,car
img_001216.jpg,odr3706,oor3706,False,1,0.8571,0.536803,car
img_001217.jpg,odt6092,odt6092,True,0,1.0000,0.998670,car
img_001219.jpg,oye0941,oye0941,True,0,1.0000,0.979987,car
img_001220.jpg,odr5548,odr5548,True,0,1.0000,0.970834,car
img_001221.jpg,odr3127,odr3127,True,0,1.0000,0.916817,car
img_001223.jpg,qrc9801,orc9801,False,1,0.8571,0.868177,car
img_001226.jpg,odr3984,odr3984,True,0,1.0000,0.995154,car
img_001228.jpg,oye0941,oye0941,True,0,1.0000,0.884081,car
img_001229.jpg,ppx4854,ppx4854,True,0,1.0000,0.997223,car
img_001231.jpg,qrb1720,qbb1720,False,1,0.8571,0.285399,car
img_001232.jpg,ovf6363,ov63633,False,2,0.7143,0.130254,car
img_001233.jpg,qrc0461,qrc0461,True,0,1.0000,0.728647,car
img_001235.jpg,msr2924,msr2924,True,0,1.0000,0.511878,car
img_001236.jpg,ods2861,ods2861,True,0,1.0000,0.888057,car
img_001238.jpg,ppx6781,ppx6781,True,0,1.0000,0.998874,car
img_001240.jpg,msa1557,msa1557,True,0,1.0000,0.988677,car
img_001241.jpg,mtz8488,dtz848,False,2,0.7143,0.394432,car
img_001242.jpg,msm2979,msm2979,True,0,1.0000,0.999674,car
img_001243.jpg,odo9891,0009891,False,3,0.5714,0.960962,car
img_001244.jpg,odp0519,onp0519,False,1,0.8571,0.722882,car
img_001245.jpg,odg3176,odg3176,True,0,1.0000,0.893527,car
img_001247.jpg,mty0063,mty0063,True,0,1.0000,0.961629,car
img_001248.jpg,ocz6223,ocz6263,False,1,0.8571,0.516241,car
img_001250.jpg,odt6162,odt6162,True,0,1.0000,0.997990,car
img_001253.jpg,ppx4010,ppx4010,True,0,1.0000,0.998609,car
img_001254.jpg,ppp6398,ppp6398,True,0,1.0000,0.993495,car
img_001255.jpg,odr3127,odr3127,True,0,1.0000,0.997462,car
img_001256.jpg,odo9891,od09891,False,1,0.8571,0.685743,car
img_001258.jpg,ppp7519,ppp7519,True,0,1.0000,0.999810,car
img_001259.jpg,ppz5238,ppz5238,True,0,1.0000,0.915829,car
img_001260.jpg,msi3655,msi3655,True,0,1.0000,0.622590,car
img_001264.jpg,mtn9522,mtn9522,True,0,1.0000,0.976466,car
img_001265.jpg,ppx0696,ppx0696,True,0,1.0000,0.996680,car
img_001266.jpg,odr3127,odr3127,True,0,1.0000,0.909960,car
img_001267.jpg,odg3176,odg3176,True,0,1.0000,0.994597,car
img_001269.jpg,odo9891,0d09891,False,2,0.7143,0.760609,car
img_001271.jpg,ppx4854,epx4854,False,1,0.8571,0.978686,car
img_001272.jpg,odi1892,odi1892,True,0,1.0000,0.996941,car
img_001276.jpg,qrc6790,orc6790,False,1,0.8571,0.988600,car
img_001278.jpg,odr2139,odr2139,True,0,1.0000,0.910041,car
img_001280.jpg,byq3760,byo3760,False,1,0.8571,0.840763,car
img_001281.jpg,mrq2842,mro2842,False,1,0.8571,0.768106,car
img_001283.jpg,odp0519,odp0519,True,0,1.0000,0.911003,car
img_001284.jpg,qrd1477,qrd1477,True,0,1.0000,0.671321,car
img_001286.jpg,ods5913,ods5913,True,0,1.0000,0.918345,car
img_001287.jpg,msk5187,msk5187,True,0,1.0000,0.998397,car
img_001289.jpg,byq3760,byo3760,False,1,0.8571,0.699590,car
img_001290.jpg,mqx3427,mox3427,False,1,0.8571,0.617060,car
img_001295.jpg,bqs6540,bo56540,False,2,0.7143,0.856085,car
img_001296.jpg,odt3275,oot3275,False,1,0.8571,0.544440,car
img_001297.jpg,odt6142,odt6142,True,0,1.0000,0.998247,car
img_001309.jpg,ocz2846,ocz2845,False,1,0.8571,0.331108,car
img_001310.jpg,byq3760,byo3760,False,1,0.8571,0.952711,car
img_001312.jpg,ocx7051,ocx7051,True,0,1.0000,0.992868,car
img_001314.jpg,odg3176,ong3176,False,1,0.8571,0.974871,car
img_001316.jpg,odt6061,odt6061,True,0,1.0000,0.997225,car
img_001318.jpg,ovk9607,oyk9607,False,1,0.8571,0.991091,car
img_001319.jpg,odg3176,odg3176,True,0,1.0000,0.988449,car
img_001320.jpg,qjk6374,ojk6374,False,1,0.8571,0.704633,car
img_001321.jpg,odt6129,odt6129,True,0,1.0000,0.996888,car
img_001322.jpg,odf5623,oof5623,False,1,0.8571,0.991271,car
img_001324.jpg,odt6064,odt6064,True,0,1.0000,0.995205,car
img_001326.jpg,ppw4039,ppw4039,True,0,1.0000,0.902453,car
img_001327.jpg,odr5274,odr5274,True,0,1.0000,0.879390,car
img_001328.jpg,ppp3628,ppp3628,True,0,1.0000,0.978294,car
img_001331.jpg,ppw0076,ppw0076,True,0,1.0000,0.941095,car
img_001332.jpg,ppx4024,ppx4024,True,0,1.0000,0.991613,car
img_001333.jpg,odr3127,oor3127,False,1,0.8571,0.464119,car
img_001334.jpg,mtx0171,mtx0171,True,0,1.0000,0.957701,car
img_001336.jpg,msr1117,msr1117,True,0,1.0000,0.910500,car
img_001337.jpg,mtz3256,mtz3256,True,0,1.0000,0.930940,car
img_001340.jpg,odg1753,odg1753,True,0,1.0000,0.984013,car
img_001343.jpg,odg6312,onc6312,False,2,0.7143,0.965243,car
img_001344.jpg,msf9531,msf3531,False,1,0.8571,0.519315,car
img_001348.jpg,odt6482,odt6482,True,0,1.0000,0.987685,car
img_001349.jpg,mtz3256,mtz3256,True,0,1.0000,0.849412,car
img_001350.jpg,ppw0076,ppw0076,True,0,1.0000,0.974984,car
img_001352.jpg,qrc6770,orc6770,False,1,0.8571,0.538223,car
img_001353.jpg,ods3662,ods3662,True,0,1.0000,0.912979,car
img_001354.jpg,ppn7838,ppn7838,True,0,1.0000,0.999449,car
img_001356.jpg,odp0519,oop0519,False,1,0.8571,0.796615,car
img_001357.jpg,loy5808,loy5808,True,0,1.0000,0.990206,car
img_001358.jpg,msa7262,msa7262,True,0,1.0000,0.999691,car
img_001361.jpg,odr3127,odr3127,True,0,1.0000,0.984902,car
img_001364.jpg,odo9891,od09891,False,1,0.8571,0.648007,car
img_001367.jpg,odf2786,odf2786,True,0,1.0000,0.867391,car
img_001371.jpg,mrx3194,mrx3194,True,0,1.0000,0.885477,car
img_001372.jpg,odg1893,ong1893,False,1,0.8571,0.836680,car
img_001373.jpg,odk8117,o0k8117,False,1,0.8571,0.550795,car
img_001374.jpg,ovf6363,ove6363,False,1,0.8571,0.704196,car
img_001376.jpg,odp0519,onp0519,False,1,0.8571,0.873641,car
img_001377.jpg,ppx0155,ppx0155,True,0,1.0000,0.998477,car
img_001380.jpg,mpe2451,mpe2451,True,0,1.0000,0.948410,car
img_001384.jpg,ods2861,oos2861,False,1,0.8571,0.957092,car
img_001386.jpg,byq3760,byo3760,False,1,0.8571,0.701175,car
img_001388.jpg,byq3760,byo3760,False,1,0.8571,0.554561,car
img_001389.jpg,ppv2861,ppv2861,True,0,1.0000,0.938476,car
img_001391.jpg,oye0941,oye0941,True,0,1.0000,0.939689,car
img_001392.jpg,odt6208,odt6208,True,0,1.0000,0.985470,car
img_001393.jpg,odg3967,ong3967,False,1,0.8571,0.984626,car
img_001395.jpg,ppx5163,ppx5163,True,0,1.0000,0.999569,car
img_001396.jpg,mtz3549,mtz3549,True,0,1.0000,0.980034,car
img_001397.jpg,odp0519,oop0519,False,1,0.8571,0.408527,car
img_001398.jpg,qrc6770,orc6770,False,1,0.8571,0.717504,car
img_001399.jpg,ods3398,ody3998,False,2,0.7143,0.376268,car
img_001400.jpg,fda4010,foa4010,False,1,0.8571,0.861885,car
img_001401.jpg,odo9891,0d09891,False,2,0.7143,0.550687,car
img_001404.jpg,ppw0076,ppw0076,True,0,1.0000,0.985486,car
img_001406.jpg,ods6881,ods6881,True,0,1.0000,0.628050,car
img_001407.jpg,odr3127,odr3127,True,0,1.0000,0.445780,car
img_001408.jpg,odf4543,odf4543,True,0,1.0000,0.945352,car
img_001409.jpg,msc9128,msc9128,True,0,1.0000,0.993587,car
img_001410.jpg,ppt9994,ppt9994,True,0,1.0000,0.925278,car
img_001416.jpg,odp0519,odp0519,True,0,1.0000,0.924913,car
img_001417.jpg,odg6312,ong6312,False,1,0.8571,0.624360,car
img_001418.jpg,hai9942,hal9942,False,1,0.8571,0.813079,car
img_001419.jpg,ocv6153,ocv6153,True,0,1.0000,0.988063,car
img_001424.jpg,ppp7505,ppp7505,True,0,1.0000,0.999423,car
img_001427.jpg,mqn5440,mon540,False,2,0.7143,0.486970,car
img_001430.jpg,ovi1629,ovi162,False,1,0.8571,0.752285,car
img_001432.jpg,ppp4341,ppp4341,True,0,1.0000,0.998044,car
img_001434.jpg,mtz3549,mtz3549,True,0,1.0000,0.888291,car
img_001436.jpg,ppp7519,ppp7519,True,0,1.0000,0.999839,car
img_001446.jpg,oqi5224,ooi5224,False,1,0.8571,0.611786,car
img_001453.jpg,byq3760,byo3760,False,1,0.8571,0.620326,car
img_001455.jpg,mtx0171,mtx0171,True,0,1.0000,0.997341,car
img_001456.jpg,odt6063,odt6063,True,0,1.0000,0.999010,car
img_001461.jpg,mrl3604,mrl3604,True,0,1.0000,0.637827,car
img_001462.jpg,odr4149,odr4149,True,0,1.0000,0.843908,car
img_001463.jpg,mtz3549,mtz3549,True,0,1.0000,0.960833,car
img_001464.jpg,odt7199,odt7199,True,0,1.0000,0.956205,car
img_001465.jpg,mtz3256,mtz326,False,1,0.8571,0.407202,car
img_001469.jpg,msa7262,msa7262,True,0,1.0000,0.999798,car
img_001472.jpg,odt7297,odt7297,True,0,1.0000,0.879599,car
img_001475.jpg,ods2015,oos2015,False,1,0.8571,0.421766,car
img_001476.jpg,odo9891,0009891,False,3,0.5714,0.835918,car
img_001477.jpg,pps5495,pps5495,True,0,1.0000,0.939017,car
img_001478.jpg,msa1557,msa1577,False,1,0.8571,0.943538,car
img_001481.jpg,odp0519,oop0519,False,1,0.8571,0.670986,car
img_001482.jpg,mry9914,mpy9914,False,1,0.8571,0.902777,car
img_001484.jpg,ovf6363,ovf6363,True,0,1.0000,0.511653,car
img_001488.jpg,odr3127,00r3127,False,2,0.7143,0.745996,car
img_001492.jpg,mpw8555,mpw8555,True,0,1.0000,0.996845,car
img_001494.jpg,mtn9522,mtn9522,True,0,1.0000,0.998618,car
img_001495.jpg,odr3127,00r3127,False,2,0.7143,0.633227,car
img_001497.jpg,iwd5655,iwd5655,True,0,1.0000,0.948619,car
img_001498.jpg,ppx4048,ppx4048,True,0,1.0000,0.887535,car
img_001499.jpg,odg3967,odg3967,True,0,1.0000,0.476025,car
img_001500.jpg,ppx7377,ppx7377,True,0,1.0000,0.997547,car
img_001501.jpg,ppx5165,ppx5165,True,0,1.0000,0.997201,car
img_001504.jpg,ppv2861,ppv2861,True,0,1.0000,0.837549,car
img_001505.jpg,mtz3256,mtz3256,True,0,1.0000,0.903522,car
img_001507.jpg,msb4766,msb4766,True,0,1.0000,0.992688,car
img_001508.jpg,ppp6853,ppp6853,True,0,1.0000,0.996561,car
img_001509.jpg,ppp3628,ppp3628,True,0,1.0000,0.999307,car
img_001511.jpg,msb8136,msb8136,True,0,1.0000,0.988533,car
img_001514.jpg,ods2015,ods2015,True,0,1.0000,0.953158,car
img_001516.jpg,ods6119,ods6119,True,0,1.0000,0.996379,car
img_001517.jpg,msa1557,msa1557,True,0,1.0000,0.972046,car
img_001520.jpg,msk2049,msk2049,True,0,1.0000,0.997287,car
img_001521.jpg,ovf6363,ove3363,False,2,0.7143,0.434553,car
img_001522.jpg,mrx3194,mrx3194,True,0,1.0000,0.970671,car
img_001524.jpg,mrx3194,mrx3194,True,0,1.0000,0.998349,car
img_001526.jpg,mry9914,cpy9914,False,2,0.7143,0.432400,car
img_001527.jpg,odg6312,oog6312,False,1,0.8571,0.786812,car
img_001528.jpg,ppv2861,ppy2861,False,1,0.8571,0.992680,car
img_001534.jpg,odt6162,odt6162,True,0,1.0000,0.698349,car
img_001535.jpg,qrc6770,obc6770,False,2,0.7143,0.576811,car
img_001536.jpg,ppx5165,ppx5165,True,0,1.0000,0.999463,car
img_001537.jpg,ppx0691,ppx0691,True,0,1.0000,0.993894,car
img_001540.jpg,ppx5163,ppx5163,True,0,1.0000,0.987928,car
img_001541.jpg,mtk9460,mtk9460,True,0,1.0000,0.730924,car
img_001542.jpg,odr3127,odr3127,True,0,1.0000,0.973477,car
img_001544.jpg,pyd9944,pyd9444,False,1,0.8571,0.536249,car
img_001545.jpg,ods2590,obs2590,False,1,0.8571,0.928920,car
img_001549.jpg,mts7362,mts7362,True,0,1.0000,0.927926,car
img_001551.jpg,odf3904,odf3904,True,0,1.0000,0.992332,car
img_001552.jpg,odi4526,odi4526,True,0,1.0000,0.981223,car
img_001554.jpg,ppp7010,ppp7010,True,0,1.0000,0.995130,car
img_001556.jpg,mpj4590,mpj4590,True,0,1.0000,0.990885,car
img_001557.jpg,qrd3004,ar03004,False,2,0.7143,0.628105,car
img_001565.jpg,ppw0076,ppwo076,False,1,0.8571,0.482383,car
img_001566.jpg,byq3760,by03760,False,1,0.8571,0.680378,car
img_001567.jpg,odh0279,odh0279,True,0,1.0000,0.451519,car
img_001569.jpg,msb4766,msb4766,True,0,1.0000,0.964085,car
img_001570.jpg,odr4149,odr4149,True,0,1.0000,0.684058,car
img_001573.jpg,ppx0696,ppx0696,True,0,1.0000,0.995523,car
img_001574.jpg,ocx3790,ocx3790,True,0,1.0000,0.966722,car
img_001575.jpg,mtn9622,mtn9622,True,0,1.0000,0.987222,car
img_001576.jpg,msa7262,msa7262,True,0,1.0000,0.995704,car
img_001578.jpg,odr3127,odr3127,True,0,1.0000,0.669128,car
img_001580.jpg,ppx4040,ppx4040,True,0,1.0000,0.990276,car
img_001581.jpg,gvp0415,gvp0415,True,0,1.0000,0.948730,car
img_001584.jpg,ppp6398,ppp6398,True,0,1.0000,0.995719,car
img_001585.jpg,odg5904,odg5904,True,0,1.0000,0.998945,car
img_001588.jpg,odg3176,ong3176,False,1,0.8571,0.795490,car
img_001589.jpg,ppo7252,ppo7252,True,0,1.0000,0.959172,car
img_001597.jpg,odg1753,oog1753,False,1,0.8571,0.519777,car
img_001601.jpg,odr3127,oor3127,False,1,0.8571,0.324882,car
img_001606.jpg,odc6531,onc6531,False,1,0.8571,0.510203,car
img_001607.jpg,mte5192,mte5192,True,0,1.0000,0.994984,car
img_001608.jpg,ods3662,ons3662,False,1,0.8571,0.921159,car
img_001609.jpg,ppo4419,pp04419,False,1,0.8571,0.323089,car
img_001610.jpg,odt6129,odt6129,True,0,1.0000,0.780683,car
img_001612.jpg,qjk6374,ojk6374,False,1,0.8571,0.973753,car
img_001613.jpg,ppx0160,ppx0160,True,0,1.0000,0.997798,car
img_001614.jpg,msb4766,msb4766,True,0,1.0000,0.955480,car
img_001616.jpg,odt6092,odt6092,True,0,1.0000,0.984500,car
img_001622.jpg,ods2624,ods2624,True,0,1.0000,0.463388,car
img_001626.jpg,ppp2796,ppp2796,True,0,1.0000,0.999560,car
img_001627.jpg,odf2786,odf2786,True,0,1.0000,0.763799,car
img_001628.jpg,oyj3918,cvi2018,False,5,0.2857,0.176660,car
img_001629.jpg,ppz9135,ppz9135,True,0,1.0000,0.605189,car
img_001630.jpg,odg3967,odg3967,True,0,1.0000,0.935911,car
img_001631.jpg,ppx0155,ppx0155,True,0,1.0000,0.999223,car
img_001633.jpg,odt6112,oot6112,False,1,0.8571,0.819138,car
img_001634.jpg,mrx7902,mrx7902,True,0,1.0000,0.984474,car
img_001637.jpg,mts7362,mi57362,False,2,0.7143,0.561622,car
img_001640.jpg,mtz3549,mtz3549,True,0,1.0000,0.526680,car
img_001643.jpg,odf7548,oof7548,False,1,0.8571,0.859889,car
img_001645.jpg,ppp9250,ppp9250,True,0,1.0000,0.998074,car
img_001646.jpg,odr3127,odr3127,True,0,1.0000,0.937295,car
img_001647.jpg,msk5187,msk5187,True,0,1.0000,0.996673,car
img_001651.jpg,qrc6770,orc6770,False,1,0.8571,0.560752,car
img_001653.jpg,ppp6749,ppp6749,True,0,1.0000,0.999477,car
img_001658.jpg,ppb5250,ppr5250,False,1,0.8571,0.638410,car
img_001660.jpg,evz7529,ev27529,False,1,0.8571,0.572472,car
img_001661.jpg,ppx4024,ppx4024,True,0,1.0000,0.999391,car
img_001664.jpg,ppp9250,ppp9250,True,0,1.0000,0.999408,car
img_001667.jpg,ppw0032,ppw0032,True,0,1.0000,0.995948,car
img_001669.jpg,ppx9984,app1358,False,5,0.2857,0.027737,car
img_001671.jpg,odt6142,odt6142,True,0,1.0000,0.998900,car
img_001672.jpg,odt6129,odt6129,True,0,1.0000,0.994594,car
img_001674.jpg,ovf6363,oyf6363,False,1,0.8571,0.911893,car
img_001676.jpg,odr3694,odr3694,True,0,1.0000,0.995687,car
img_001677.jpg,mtx0171,mtx0171,True,0,1.0000,0.997101,car
img_001678.jpg,qrc6770,orc6770,False,1,0.8571,0.972715,car
img_001679.jpg,odo9891,0009891,False,3,0.5714,0.952570,car
img_001680.jpg,mtz9247,mtz9247,True,0,1.0000,0.858639,car
img_001682.jpg,ppw0076,ppw0076,True,0,1.0000,0.935039,car
img_001685.jpg,msa7262,msa7262,True,0,1.0000,0.999306,car
img_001687.jpg,qnr5824,onr5824,False,1,0.8571,0.982552,car
img_001688.jpg,ppl5787,ppl5787,True,0,1.0000,0.998062,car
img_001692.jpg,mtx0171,mtx0171,True,0,1.0000,0.997887,car
img_001693.jpg,odr3127,odr3127,True,0,1.0000,0.677937,car
img_001696.jpg,mts7362,mts7362,True,0,1.0000,0.477561,car
img_001698.jpg,ppj4189,ppj4189,True,0,1.0000,0.999658,car
img_001700.jpg,ovk3888,ovk3888,True,0,1.0000,0.658011,car
img_001705.jpg,odr3127,00r3127,False,2,0.7143,0.757696,car
img_001708.jpg,ovk3888,ov33888,False,1,0.8571,0.540590,car
img_001710.jpg,odg4873,odg4873,True,0,1.0000,0.930575,car
img_001712.jpg,qrc6770,orc6770,False,1,0.8571,0.511065,car
img_001713.jpg,mtz4291,mt7199,False,4,0.4286,0.163060,car
img_001714.jpg,ppp6853,ppp6853,True,0,1.0000,0.998194,car
img_001716.jpg,odt6092,odt6092,True,0,1.0000,0.994563,car
img_001717.jpg,ppw9332,ppw9332,True,0,1.0000,0.986693,car
img_001719.jpg,ods6881,ods6888,False,1,0.8571,0.515210,car
img_001722.jpg,ppu6390,ppu6390,True,0,1.0000,0.981542,car
img_001723.jpg,odr3127,oor3127,False,1,0.8571,0.675664,car
img_001726.jpg,ppz5238,pp75238,False,1,0.8571,0.699103,car
img_001727.jpg,ppp9250,ppp9250,True,0,1.0000,0.997580,car
img_001728.jpg,odt6129,odt6129,True,0,1.0000,0.993957,car
img_001737.jpg,odt6061,odt6061,True,0,1.0000,0.988894,car
img_001738.jpg,ppx0696,ppx0696,True,0,1.0000,0.996494,car
img_001740.jpg,qjk6374,ouk6374,False,2,0.7143,0.687531,car
img_001742.jpg,mtz3256,mtz726,False,2,0.7143,0.331700,car
img_001744.jpg,ovk5846,ovk5846,True,0,1.0000,0.975769,car
img_001746.jpg,ppx5170,ppx5170,True,0,1.0000,0.998940,car
img_001747.jpg,odt6482,odt6482,True,0,1.0000,0.984879,car
img_001748.jpg,mtz9247,mtz924,False,1,0.8571,0.842037,car
img_001749.jpg,ppw0076,ppw0076,True,0,1.0000,0.913430,car
img_001750.jpg,qjk6374,ojk6374,False,1,0.8571,0.958209,car
img_001751.jpg,msk5187,msk5187,True,0,1.0000,0.998955,car
img_001752.jpg,odt6092,odt6092,True,0,1.0000,0.999390,car
img_001754.jpg,odi1892,odi1892,True,0,1.0000,0.975322,car
img_001755.jpg,mts7362,mts7362,True,0,1.0000,0.514399,car
img_001756.jpg,odr3127,odr3127,True,0,1.0000,0.992906,car
img_001757.jpg,qrd2970,qro2970,False,1,0.8571,0.675120,car
img_001759.jpg,mst8531,mst8531,True,0,1.0000,0.990892,car
img_001760.jpg,odm0438,oom0438,False,1,0.8571,0.480685,car
img_001763.jpg,olq5547,olq5547,True,0,1.0000,0.387449,car
img_001767.jpg,ppx0700,ppx0700,True,0,1.0000,0.998240,car
img_001770.jpg,mst4686,mst4686,True,0,1.0000,0.922888,car
img_001771.jpg,odh0279,odh0279,True,0,1.0000,0.624327,car
img_001772.jpg,odt6142,odt6142,True,0,1.0000,0.996360,car
img_001774.jpg,mts7362,mt57362,False,1,0.8571,0.929222,car
img_001775.jpg,mst8531,mst8531,True,0,1.0000,0.977055,car
img_001776.jpg,mpu1861,mp44861,False,2,0.7143,0.423454,car
img_001778.jpg,mtg5739,m165730,False,3,0.5714,0.854673,car
img_001782.jpg,odt6112,odt612,False,1,0.8571,0.997880,car
img_001783.jpg,ppx0696,ppx0696,True,0,1.0000,0.989157,car
img_001784.jpg,ppx4048,ppx4048,True,0,1.0000,0.998729,car
img_001785.jpg,odt6208,odt6208,True,0,1.0000,0.988517,car
img_001787.jpg,mtx0171,mtx0171,True,0,1.0000,0.995816,car
img_001788.jpg,mty6370,mty6370,True,0,1.0000,0.998833,car
img_001789.jpg,ovf6363,ove6363,False,1,0.8571,0.945053,car
img_001790.jpg,msb4766,msb4766,True,0,1.0000,0.977462,car
img_001792.jpg,byq3760,byo3760,False,1,0.8571,0.989421,car
img_001793.jpg,odo1303,od01303,False,1,0.8571,0.797337,car
img_001794.jpg,msa7262,msa7262,True,0,1.0000,0.999582,car
img_001797.jpg,odr3127,oor3127,False,1,0.8571,0.532226,car
img_001798.jpg,ppv7264,ppv7264,True,0,1.0000,0.996586,car
img_001800.jpg,qrc6742,orc6742,False,1,0.8571,0.967743,car
img_001802.jpg,ods3398,ods398,False,1,0.8571,0.364455,car
img_001803.jpg,ode6371,ode6371,True,0,1.0000,0.975541,car
img_001804.jpg,odr4042,odr4042,True,0,1.0000,0.927537,car
img_001805.jpg,ppz2988,ppz2988,True,0,1.0000,0.953804,car
img_001806.jpg,odr3127,odr3127,True,0,1.0000,0.996652,car
img_001807.jpg,ppz5238,ppz5238,True,0,1.0000,0.972451,car
img_001808.jpg,ods6119,ods6119,True,0,1.0000,0.998332,car
img_001811.jpg,ppw3952,ppw3952,True,0,1.0000,0.998241,car
img_001813.jpg,odi1892,odi1892,True,0,1.0000,0.991084,car
img_001819.jpg,odr3127,odr3127,True,0,1.0000,0.480296,car
img_001823.jpg,mtn9522,mtn9522,True,0,1.0000,0.998336,car
img_001825.jpg,odt6061,odt6061,True,0,1.0000,0.997278,car
img_001826.jpg,qwt4740,owt4740,False,1,0.8571,0.462097,car
img_001828.jpg,odt6112,odt6112,True,0,1.0000,0.835512,car
img_001829.jpg,msk5187,msk5187,True,0,1.0000,0.998900,car
img_001830.jpg,ppi8255,ppi8255,True,0,1.0000,0.981425,car
img_001831.jpg,mqq9045,m009045,False,2,0.7143,0.687547,car
img_001832.jpg,ods3662,ods3662,True,0,1.0000,0.993129,car
img_001835.jpg,qrc6770,orc6770,False,1,0.8571,0.941248,car
img_001838.jpg,mtz9247,mtz9247,True,0,1.0000,0.230510,car
img_001839.jpg,odr3127,odr3127,True,0,1.0000,0.991569,car
img_001840.jpg,odt6251,odt6251,True,0,1.0000,0.998476,car
img_001841.jpg,msb4766,msb4766,True,0,1.0000,0.924425,car
img_001843.jpg,msa7262,msa7262,True,0,1.0000,0.997993,car
img_001844.jpg,ovk5846,ovk5846,True,0,1.0000,0.972698,car
img_001850.jpg,gwq6575,gwo6575,False,1,0.8571,0.992959,car
img_001856.jpg,mqv6554,mov6554,False,1,0.8571,0.999037,car
img_001857.jpg,odf2786,oof2786,False,1,0.8571,0.932562,car
img_001858.jpg,odg3967,ong3967,False,1,0.8571,0.784827,car
img_001859.jpg,ppp2796,ppp2796,True,0,1.0000,0.998751,car
img_001860.jpg,odg6312,odg6312,True,0,1.0000,0.680858,car
img_001861.jpg,ocx7051,ocx7051,True,0,1.0000,0.990420,car
img_001862.jpg,ppw4661,ppw4661,True,0,1.0000,0.993366,car
img_001863.jpg,qrb1690,apb1690,False,2,0.7143,0.505297,car
img_001866.jpg,mtz8488,biz8488,False,2,0.7143,0.131176,car
img_001870.jpg,odt6061,odt6061,True,0,1.0000,0.996952,car
img_001871.jpg,qhl7752,ohl7752,False,1,0.8571,0.696891,car
img_001873.jpg,odr0379,00r0379,False,2,0.7143,0.642454,car
img_001874.jpg,odr3127,00r3127,False,2,0.7143,0.765502,car
img_001876.jpg,byq3760,byo3760,False,1,0.8571,0.926915,car
img_001882.jpg,ppx7377,ppx7377,True,0,1.0000,0.926489,car
img_001885.jpg,ppx0700,ppx0700,True,0,1.0000,0.999240,car
img_001886.jpg,odf7548,oof7548,False,1,0.8571,0.911449,car
img_001887.jpg,ovf7961,ovf7961,True,0,1.0000,0.890328,car
img_001888.jpg,odt6112,odt6122,False,1,0.8571,0.979549,car
img_001889.jpg,odg3967,ong3967,False,1,0.8571,0.981671,car
img_001890.jpg,qjk6374,ojk6374,False,1,0.8571,0.995796,car
img_001891.jpg,ppx4024,ppx4024,True,0,1.0000,0.998885,car
img_001892.jpg,ods3662,ods3662,True,0,1.0000,0.778077,car
img_001893.jpg,mtz3256,mtz3256,True,0,1.0000,0.958823,car
img_001895.jpg,qrc6770,orc6770,False,1,0.8571,0.989643,car
img_001896.jpg,odt6169,odt6169,True,0,1.0000,0.997879,car
img_001897.jpg,mqm4704,mam4704,False,1,0.8571,0.403627,car
img_001898.jpg,mts7362,mts7362,True,0,1.0000,0.723046,car
img_001899.jpg,ppp3628,ppp3628,True,0,1.0000,0.999246,car
img_001900.jpg,odr3694,odr3694,True,0,1.0000,0.994447,car
img_001901.jpg,ppp2796,ppp2796,True,0,1.0000,0.999565,car
img_001902.jpg,mtz9247,atz924,False,2,0.7143,0.388048,car
img_001905.jpg,odr3706,oor3706,False,1,0.8571,0.736451,car
img_001906.jpg,msa7262,msa7262,True,0,1.0000,0.999520,car
img_001907.jpg,mka7333,mka7333,True,0,1.0000,0.999319,car
img_001908.jpg,ods3004,ods3004,True,0,1.0000,0.660849,car
img_001909.jpg,ods2590,ods2590,True,0,1.0000,0.998850,car
img_001911.jpg,mtz3256,mtz3256,True,0,1.0000,0.580315,car
img_001912.jpg,odr4042,odr4042,True,0,1.0000,0.890324,car
img_001914.jpg,qrb1720,orb1720,False,1,0.8571,0.969020,car
img_001917.jpg,ppv0918,ppv0918,True,0,1.0000,0.956914,car
img_001918.jpg,mry9914,mpy9914,False,1,0.8571,0.817979,car
img_001919.jpg,ods3861,ods3861,True,0,1.0000,0.739435,car
img_001924.jpg,qrc6790,orc6790,False,1,0.8571,0.987083,car
img_001926.jpg,ppz2988,ppz2988,True,0,1.0000,0.960939,car
img_001928.jpg,mpu1861,mp41861,False,1,0.8571,0.338372,car
img_001929.jpg,odi5590,odi5590,True,0,1.0000,0.952785,car
img_001930.jpg,odt6061,odt6061,True,0,1.0000,0.995525,car
img_001932.jpg,odr4149,oor4149,False,1,0.8571,0.534898,car
img_001933.jpg,mtz3256,mtz325,False,1,0.8571,0.768339,car
img_001935.jpg,qjk6374,ojk6374,False,1,0.8571,0.982923,car
img_001936.jpg,qrc6770,orc6770,False,1,0.8571,0.459459,car
img_001937.jpg,odr3127,odr3127,True,0,1.0000,0.645463,car
img_001938.jpg,ppx4048,ppx4048,True,0,1.0000,0.999414,car
img_001940.jpg,ppx4024,ppx4024,True,0,1.0000,0.993965,car
img_001941.jpg,mtz4291,k7741,False,5,0.2857,0.178964,car
img_001942.jpg,mty0063,mty0063,True,0,1.0000,0.901248,car
img_001943.jpg,odt6064,odt6064,True,0,1.0000,0.991504,car
img_001945.jpg,ppx4034,ppx4034,True,0,1.0000,0.786620,car
img_001946.jpg,ods3398,ods3398,True,0,1.0000,0.938212,car
img_001947.jpg,ovf6320,ovf6320,True,0,1.0000,0.922227,car
img_001951.jpg,odr3127,oor3127,False,1,0.8571,0.612741,car
img_001953.jpg,mtx0171,mtx0171,True,0,1.0000,0.996630,car
img_001954.jpg,mts7362,mts7362,True,0,1.0000,0.954827,car
img_001957.jpg,odt6064,oot6064,False,1,0.8571,0.623512,car
img_001958.jpg,mka7333,mka7333,True,0,1.0000,0.853141,car
img_001960.jpg,odp0519,odp0519,True,0,1.0000,0.880381,car
img_001964.jpg,ppz5238,ppz5238,True,0,1.0000,0.989999,car
img_001965.jpg,ppp5321,ppp5321,True,0,1.0000,0.996547,car
img_001969.jpg,ppx0700,ppx0700,True,0,1.0000,0.996806,car
img_001970.jpg,odi5590,odi5590,True,0,1.0000,0.985031,car
img_001971.jpg,ods4776,ods476,False,1,0.8571,0.470515,car
img_001972.jpg,odp0519,onp0519,False,1,0.8571,0.530204,car
img_001973.jpg,mtz8488,liz8488,False,2,0.7143,0.583489,car
img_001974.jpg,mtz9247,mtz924,False,1,0.8571,0.926178,car
img_001975.jpg,ppx5165,ppx5165,True,0,1.0000,0.999249,car
img_001976.jpg,odr3127,odr3127,True,0,1.0000,0.672018,car
img_001977.jpg,odh1374,odh1374,True,0,1.0000,0.986276,car
img_001978.jpg,odt6162,odt6162,True,0,1.0000,0.997343,car
img_001979.jpg,ppl5787,ppl5787,True,0,1.0000,0.993596,car
img_001981.jpg,ocz6223,ocz6263,False,1,0.8571,0.669247,car
img_001982.jpg,mtx0171,mtx0171,True,0,1.0000,0.997148,car
img_001983.jpg,mtz3256,mtz3756,False,1,0.8571,0.307891,car
img_001984.jpg,ods4776,ods4776,True,0,1.0000,0.978798,car
img_001985.jpg,ppw9578,ppw9578,True,0,1.0000,0.999008,car
img_001987.jpg,odf2786,odf2786,True,0,1.0000,0.741197,car
img_001990.jpg,ppw0162,ppw0162,True,0,1.0000,0.949780,car
img_001993.jpg,ppx0696,ppx0696,True,0,1.0000,0.994843,car
img_001997.jpg,ppx0691,ppx0691,True,0,1.0000,0.992451,car
img_001998.jpg,ods3662,ods3662,True,0,1.0000,0.982028,car
img_001999.jpg,odr3694,oor3694,False,1,0.8571,0.573663,car
img_002000.jpg,odt6482,odt6482,True,0,1.0000,0.485245,car
img_002001.jpg,ppw0076,ppw0076,True,0,1.0000,0.961131,car
img_002003.jpg,odr3127,odr3127,True,0,1.0000,0.881491,car
img_002005.jpg,mry9914,mpy9914,False,1,0.8571,0.404438,car
img_002007.jpg,ppx6781,ppx6781,True,0,1.0000,0.998946,car
img_002008.jpg,msb4766,msb4766,True,0,1.0000,0.990072,car
img_002010.jpg,odt6112,odt6122,False,1,0.8571,0.703569,car
img_002012.jpg,ods3398,ods3398,True,0,1.0000,0.918287,car
img_002015.jpg,odt6142,odt6142,True,0,1.0000,0.996817,car
img_002016.jpg,ovf6363,oyf6363,False,1,0.8571,0.949212,car
img_002020.jpg,odt6129,odt6129,True,0,1.0000,0.934197,car
img_002021.jpg,ppx0696,ppx0696,True,0,1.0000,0.992571,car
img_002022.jpg,odt6112,odt6112,True,0,1.0000,0.609841,car
img_002026.jpg,odp0519,odp0519,True,0,1.0000,0.757145,car
img_002027.jpg,ods3662,ods3662,True,0,1.0000,0.697000,car
img_002028.jpg,odr3127,odr3127,True,0,1.0000,0.986318,car
img_002029.jpg,odt6162,odt6162,True,0,1.0000,0.997584,car
img_002030.jpg,byq3760,byo3760,False,1,0.8571,0.875364,car
img_002031.jpg,ppp7010,ppp7010,True,0,1.0000,0.999239,car
img_002035.jpg,ppw0076,ppw0076,True,0,1.0000,0.838886,car
img_002037.jpg,msa7262,msa7262,True,0,1.0000,0.994796,car
img_002038.jpg,ppx0155,ppx0155,True,0,1.0000,0.999137,car
img_002041.jpg,odf4543,odf4543,True,0,1.0000,0.846003,car
img_002042.jpg,odg9132,odg9132,True,0,1.0000,0.968362,car
img_002043.jpg,mtx0171,mtx0171,True,0,1.0000,0.992280,car
img_002044.jpg,mtz3256,mtz325,False,1,0.8571,0.622356,car
img_002045.jpg,odg1753,odg1753,True,0,1.0000,0.875788,car
img_002049.jpg,ppx5172,ppx5172,True,0,1.0000,0.996081,car
img_002051.jpg,qrc6742,orc8742,False,2,0.7143,0.819338,car
img_002057.jpg,ppp7674,ppp7674,True,0,1.0000,0.968194,car
img_002058.jpg,ppv9053,ppv9053,True,0,1.0000,0.944341,car
img_002060.jpg,ppp2796,ppp2796,True,0,1.0000,0.999659,car
img_002062.jpg,ppp7519,ppp7519,True,0,1.0000,0.998560,car
img_002064.jpg,ods4776,ods4776,True,0,1.0000,0.840620,car
img_002067.jpg,odr4149,onr4149,False,1,0.8571,0.672735,car
img_002071.jpg,ppl5787,ppl6787,False,1,0.8571,0.912566,car
img_002075.jpg,mtg5739,mtg573,False,1,0.8571,0.988341,car
img_002076.jpg,ppi2549,ppi2549,True,0,1.0000,0.998292,car
img_002079.jpg,odg3990,odg3990,True,0,1.0000,0.660885,car
img_002080.jpg,odt6061,odt6061,True,0,1.0000,0.996829,car
img_002083.jpg,ppw1889,ppw188,False,1,0.8571,0.885986,car
img_002084.jpg,odt6112,odt6112,True,0,1.0000,0.987181,car
img_002085.jpg,ppx0700,ppx0700,True,0,1.0000,0.996684,car
img_002086.jpg,odp0519,onp0519,False,1,0.8571,0.602116,car
img_002087.jpg,ods3662,ods3662,True,0,1.0000,0.990376,car
img_002088.jpg,ppw0076,ppw0076,True,0,1.0000,0.831241,car
img_002089.jpg,odr3127,odr3127,True,0,1.0000,0.992592,car
img_002090.jpg,odg9132,odg9132,True,0,1.0000,0.998678,car
img_002091.jpg,odo0659,od00659,False,1,0.8571,0.318569,car
img_002092.jpg,mtz3256,mtz756,False,2,0.7143,0.459239,car
img_002094.jpg,msb4766,msb4766,True,0,1.0000,0.900579,car
img_002095.jpg,mtx0171,mtx0171,True,0,1.0000,0.996947,car
img_002096.jpg,ovl4093,ovl4093,True,0,1.0000,0.995912,car
img_002097.jpg,ppp5321,ppp5321,True,0,1.0000,0.997612,car
img_002098.jpg,mry9914,apy9914,False,2,0.7143,0.363188,car
img_002101.jpg,ods2861,oos2861,False,1,0.8571,0.679636,car
img_002106.jpg,odr3127,dor3127,False,2,0.7143,0.596980,car
img_002107.jpg,ppw9332,ppu9332,False,1,0.8571,0.487923,car
img_002110.jpg,ppp6110,ppe6110,False,1,0.8571,0.353780,car
img_002113.jpg,qrc0461,orc0461,False,1,0.8571,0.558792,car
img_002119.jpg,mtz3256,mtz356,False,1,0.8571,0.340857,car
img_002120.jpg,ppx4048,ppx4048,True,0,1.0000,0.998421,car
img_002121.jpg,ovf6363,oyf6363,False,1,0.8571,0.915173,car
img_002122.jpg,mtx0171,mtx0171,True,0,1.0000,0.996169,car
img_002123.jpg,odt6061,odt6061,True,0,1.0000,0.993854,car
img_002125.jpg,odr3127,odr3127,True,0,1.0000,0.985024,car
img_002126.jpg,ods3662,ods3662,True,0,1.0000,0.869431,car
img_002128.jpg,mka7333,mka7333,True,0,1.0000,0.999334,car
img_002129.jpg,msb4766,msb4766,True,0,1.0000,0.982313,car
img_002130.jpg,odh4584,odh4584,True,0,1.0000,0.935603,car
img_002133.jpg,mtz3256,mtz3256,True,0,1.0000,0.696413,car
img_002135.jpg,mst8531,mst8531,True,0,1.0000,0.967147,car
img_002137.jpg,ppp7010,ppp7010,True,0,1.0000,0.999479,car
img_002141.jpg,odr4042,odr4042,True,0,1.0000,0.251289,car
img_002145.jpg,jju1909,jju1909,True,0,1.0000,0.932829,car
img_002146.jpg,odr4149,00p4149,False,3,0.5714,0.725976,car
img_002147.jpg,mtg5739,mtg5739,True,0,1.0000,0.394618,car
img_002149.jpg,faz6945,faz6945,True,0,1.0000,0.999198,car
img_002150.jpg,odt6112,odt6112,True,0,1.0000,0.997732,car
img_002151.jpg,ppp5346,ppp5346,True,0,1.0000,0.997787,car
img_002152.jpg,ppx4025,ppx4025,True,0,1.0000,0.999452,car
img_002153.jpg,mqv6554,mov6554,False,1,0.8571,0.998735,car
img_002154.jpg,ods2590,ods2590,True,0,1.0000,0.992574,car
img_002155.jpg,ods3398,od53998,False,2,0.7143,0.462721,car
img_002156.jpg,mtz3256,mtz3256,True,0,1.0000,0.884308,car
img_002157.jpg,odp0519,oop0519,False,1,0.8571,0.656728,car
img_002158.jpg,ocv6153,ocv6153,True,0,1.0000,0.995185,car
img_002159.jpg,mtx0171,mtx0171,True,0,1.0000,0.996945,car
img_002160.jpg,mro1902,mr01902,False,1,0.8571,0.908195,car
img_002163.jpg,mst4686,mst4686,True,0,1.0000,0.992964,car
img_002164.jpg,ppp3628,ppp3628,True,0,1.0000,0.999132,car
img_002166.jpg,msa7262,msa7262,True,0,1.0000,0.999425,car
img_002167.jpg,odt6482,odt6482,True,0,1.0000,0.995711,car
img_002170.jpg,mtx0171,mtx0171,True,0,1.0000,0.996235,car
img_002171.jpg,odr3127,odr3127,True,0,1.0000,0.995256,car
img_002172.jpg,odh4584,ooh4584,False,1,0.8571,0.385514,car
img_002173.jpg,ppx0682,ppx0682,True,0,1.0000,0.991052,car
img_002174.jpg,ppx5165,ppx5165,True,0,1.0000,0.997087,car
img_002175.jpg,odt6064,odt6064,True,0,1.0000,0.987055,car
img_002176.jpg,odt6482,odt6482,True,0,1.0000,0.906274,car
img_002177.jpg,ppp3628,ppp3628,True,0,1.0000,0.988178,car
img_002181.jpg,ppx0700,ppx0700,True,0,1.0000,0.997093,car
img_002183.jpg,odp0519,onp0519,False,1,0.8571,0.764307,car
img_002186.jpg,ovf6363,oyf6363,False,1,0.8571,0.769383,car
img_002195.jpg,odr3694,odr3694,True,0,1.0000,0.992668,car
img_002196.jpg,ods2624,ods2624,True,0,1.0000,0.997380,car
img_002197.jpg,mtz3256,mtz3756,False,1,0.8571,0.588882,car
img_002199.jpg,mql2952,mal2952,False,1,0.8571,0.913588,car
img_002200.jpg,ods3662,ods3662,True,0,1.0000,0.965625,car
img_002202.jpg,ovh8488,ovh8488,True,0,1.0000,0.831203,car
img_002204.jpg,odo0659,odo0659,True,0,1.0000,0.360370,car
img_002205.jpg,odr4042,odr4042,True,0,1.0000,0.543178,car
img_002207.jpg,ppw9332,ppw9332,True,0,1.0000,0.288638,car
img_002208.jpg,msb4766,msb4766,True,0,1.0000,0.979899,car
img_002209.jpg,mtx0171,mtx0171,True,0,1.0000,0.997841,car
img_002210.jpg,mtz3256,mtz3256,True,0,1.0000,0.884313,car
img_002211.jpg,ppp3628,ppp3628,True,0,1.0000,0.737102,car
img_002214.jpg,odt6064,odt6064,True,0,1.0000,0.985474,car
img_002215.jpg,mtn9652,mtn965c,False,1,0.8571,0.605395,car
img_002216.jpg,msk7666,msk7666,True,0,1.0000,0.999551,car
img_002217.jpg,ppx0155,ppx0155,True,0,1.0000,0.998134,car
img_002218.jpg,odp0519,odp0519,True,0,1.0000,0.946795,car
img_002222.jpg,ppz2695,ppz2695,True,0,1.0000,0.996136,car
img_002223.jpg,odh4216,ooh4216,False,1,0.8571,0.523210,car
img_002227.jpg,ovf6363,ovf6363,True,0,1.0000,0.582215,car
img_002234.jpg,odg3967,odg3967,True,0,1.0000,0.979413,car
img_002235.jpg,ppx0696,ppx0696,True,0,1.0000,0.996116,car
img_002236.jpg,ods3398,ons399,False,3,0.5714,0.580217,car
img_002237.jpg,odr4149,oor4149,False,1,0.8571,0.888755,car
img_002239.jpg,mtj5833,mtj5833,True,0,1.0000,0.971111,car
img_002240.jpg,odf5714,oof5714,False,1,0.8571,0.732262,car
img_002241.jpg,ppp3628,ppp3628,True,0,1.0000,0.999506,car
img_002242.jpg,ppx0700,ppx0700,True,0,1.0000,0.995976,car
img_002244.jpg,ovl6090,ovl6090,True,0,1.0000,0.732500,car
img_002245.jpg,odf4543,odf4543,True,0,1.0000,0.985624,car
img_002247.jpg,ppx5165,ppx5165,True,0,1.0000,0.999045,car
img_002249.jpg,ppx5163,ppx5163,True,0,1.0000,0.994150,car
img_002250.jpg,odt6129,odt6129,True,0,1.0000,0.999147,car
img_002251.jpg,mqv6554,mov6554,False,1,0.8571,0.998733,car
img_002252.jpg,ppw9332,ppw9332,True,0,1.0000,0.623864,car
img_002253.jpg,msa7262,msa7262,True,0,1.0000,0.944486,car
img_002254.jpg,ppp2796,ppp2796,True,0,1.0000,0.999526,car
img_002256.jpg,mtn9652,mtn9652,True,0,1.0000,0.951426,car
img_002257.jpg,mtz3256,mtz3256,True,0,1.0000,0.968447,car
img_002258.jpg,ppx0691,ppx0691,True,0,1.0000,0.994503,car
img_002259.jpg,odr3127,odr3127,True,0,1.0000,0.773810,car
img_002260.jpg,ppx4048,ppx4048,True,0,1.0000,0.997055,car
img_002262.jpg,cvt3644,cvt3644,True,0,1.0000,0.939674,car
img_002267.jpg,pki3355,pki3355,True,0,1.0000,0.732091,car
img_002268.jpg,odr3127,odr3127,True,0,1.0000,0.945460,car
img_002270.jpg,owv9793,owv9793,True,0,1.0000,0.884764,car
img_002272.jpg,pph5379,pph5379,True,0,1.0000,0.990141,car
img_002274.jpg,ppw2922,ppw2922,True,0,1.0000,0.488289,car
img_002275.jpg,ppx0700,ppx0700,True,0,1.0000,0.999310,car
img_002276.jpg,mtz3256,mtz3256,True,0,1.0000,0.889097,car
img_002277.jpg,ppx0700,ppx0700,True,0,1.0000,0.999015,car
img_002286.jpg,lcl4337,lcl437,False,1,0.8571,0.645429,car
img_002287.jpg,mtz8488,g7z8888,False,3,0.5714,0.049295,car
img_002288.jpg,mtz3256,mtz326,False,1,0.8571,0.721872,car
img_002291.jpg,odt6181,odt6181,True,0,1.0000,0.981421,car
img_002292.jpg,mtx0269,ftx0269,False,1,0.8571,0.525415,car
img_002294.jpg,dml6340,dml6340,True,0,1.0000,0.945423,car
img_002295.jpg,ppz7593,ppz7593,True,0,1.0000,0.981292,car
img_002296.jpg,mqh6337,moh6337,False,1,0.8571,0.851547,car
img_002297.jpg,mtz3549,mtz3549,True,0,1.0000,0.857409,car
img_002300.jpg,ppp4907,ppp4907,True,0,1.0000,0.999329,car
img_002302.jpg,ppp6110,ppp6110,True,0,1.0000,0.993604,car
img_002305.jpg,byq3760,bya3760,False,1,0.8571,0.316216,car
img_002307.jpg,mtj5833,mtj5833,True,0,1.0000,0.972871,car
img_002308.jpg,msd0247,msd0247,True,0,1.0000,0.890466,car
img_002309.jpg,odf5623,oof5623,False,1,0.8571,0.960569,car
img_002311.jpg,ppp7519,ppp7519,True,0,1.0000,0.998409,car
img_002312.jpg,odr5274,odr5274,True,0,1.0000,0.994985,car
img_002314.jpg,mtz3549,mtz3549,True,0,1.0000,0.529520,car
img_002315.jpg,ppw0076,ppw0076,True,0,1.0000,0.932764,car
img_002316.jpg,ods3662,ods3662,True,0,1.0000,0.425033,car
img_002318.jpg,ppw9332,ppw9322,False,1,0.8571,0.767664,car
img_002320.jpg,odh0228,ooh0228,False,1,0.8571,0.421845,car
img_002321.jpg,ods2624,ons2624,False,1,0.8571,0.985618,car
img_002329.jpg,ppw4661,ppw4661,True,0,1.0000,0.997726,car
img_002332.jpg,odg3176,odg3176,True,0,1.0000,0.805674,car
img_002335.jpg,odh1374,odh1374,True,0,1.0000,0.990573,car
img_002336.jpg,qrd3021,or03021,False,2,0.7143,0.840653,car
img_002338.jpg,ppw1889,ppw1889,True,0,1.0000,0.977207,car
img_002340.jpg,odt6092,odt6092,True,0,1.0000,0.997271,car
img_002341.jpg,ppp3628,ppp3628,True,0,1.0000,0.991758,car
img_002343.jpg,ods3398,ods338,False,1,0.8571,0.537595,car
img_002344.jpg,msx9073,msx9073,True,0,1.0000,0.943390,car
img_002347.jpg,mts7362,mts7362,True,0,1.0000,0.839282,car
img_002348.jpg,qjk6374,oj6374,False,2,0.7143,0.892414,car
img_002351.jpg,odo1303,od01303,False,1,0.8571,0.680382,car
img_002352.jpg,ppe8144,ppe8147,False,1,0.8571,0.981583,car
img_002360.jpg,mqs2638,mas2638,False,1,0.8571,0.771398,car
img_002361.jpg,koo9144,k009144,False,2,0.7143,0.648451,car
img_002362.jpg,ppp7519,ppp7519,True,0,1.0000,0.999805,car
img_002364.jpg,qjk6374,ouk6374,False,2,0.7143,0.914479,car
img_002365.jpg,qrd3021,gro3021,False,2,0.7143,0.582634,car
img_002369.jpg,odr5274,odr5274,True,0,1.0000,0.997730,car
img_002370.jpg,ods3662,ods3662,True,0,1.0000,0.855060,car
img_002371.jpg,ods3398,ods3398,True,0,1.0000,0.618593,car
img_002372.jpg,lpf4692,lpf4692,True,0,1.0000,0.992333,car
img_002375.jpg,odg3065,odg3065,True,0,1.0000,0.945407,car
img_002376.jpg,odt6064,odt606,False,1,0.8571,0.932887,car
img_002377.jpg,mtx0269,ftx0269,False,1,0.8571,0.716993,car
img_002378.jpg,ppw0076,ppw0076,True,0,1.0000,0.987332,car
img_002380.jpg,mtg5739,mtg5739,True,0,1.0000,0.690578,car
img_002381.jpg,ppm1763,ppm1763,True,0,1.0000,0.980132,car
img_002383.jpg,odg4873,oog4873,False,1,0.8571,0.854676,car
img_002388.jpg,ppz2988,ppz2988,True,0,1.0000,0.965188,car
img_002390.jpg,odf2786,otf2786,False,1,0.8571,0.268448,car
img_002391.jpg,ppw4661,ppw4661,True,0,1.0000,0.999237,car
img_002392.jpg,odt6251,odt6251,True,0,1.0000,0.995152,car
img_002393.jpg,ppx5163,spx5163,False,1,0.8571,0.975139,car
img_002395.jpg,msa1557,msa1557,True,0,1.0000,0.994113,car
img_002396.jpg,ppw1889,ppw189,False,1,0.8571,0.538934,car
img_002398.jpg,ods3398,ods398,False,1,0.8571,0.964865,car
img_002399.jpg,ppp3628,ppp3628,True,0,1.0000,0.997839,car
img_002401.jpg,ods3662,ons3662,False,1,0.8571,0.723112,car
img_002404.jpg,msd0247,msd0247,True,0,1.0000,0.931079,car
img_002407.jpg,odh0228,odho222,False,2,0.7143,0.336613,car
img_002410.jpg,odg1753,oog1753,False,1,0.8571,0.389874,car
img_002412.jpg,mtm4102,mtm4102,True,0,1.0000,0.987654,car
img_002413.jpg,odp0519,onp0519,False,1,0.8571,0.396989,car
img_002414.jpg,ppx5167,ppx5167,True,0,1.0000,0.998702,car
img_002416.jpg,qjk6374,oj66374,False,2,0.7143,0.698111,car
img_002417.jpg,odg4873,ong4873,False,1,0.8571,0.780991,car
img_002418.jpg,mtz8488,cr78848,False,5,0.2857,0.077315,car
img_002419.jpg,odp0519,oop0519,False,1,0.8571,0.800198,car
img_002420.jpg,mqn3600,mon3600,False,1,0.8571,0.988305,car
img_002421.jpg,mtx0171,fyx0171,False,2,0.7143,0.329184,car
img_002423.jpg,qrc6770,orc6770,False,1,0.8571,0.914110,car
img_002424.jpg,ppp7519,ppp7519,True,0,1.0000,0.999820,car
img_002425.jpg,odt6092,odt6092,True,0,1.0000,0.912339,car
img_002426.jpg,ppi4116,ppi4116,True,0,1.0000,0.944463,car
img_002430.jpg,odf4825,odf4825,True,0,1.0000,0.570665,car
img_002431.jpg,ovf6363,oyf6363,False,1,0.8571,0.817216,car
img_002432.jpg,odt6061,odt6061,True,0,1.0000,0.998462,car
img_002437.jpg,ovf6363,ov6363,False,1,0.8571,0.944438,car
img_002439.jpg,ppp7519,ppp7519,True,0,1.0000,0.999640,car
img_002444.jpg,qrc0464,orc0464,False,1,0.8571,0.750030,car
img_002446.jpg,mtz3549,myz3549,False,1,0.8571,0.771795,car
img_002448.jpg,mqu5385,moi5538,False,4,0.4286,0.792169,car
img_002450.jpg,mtg5739,mtg5739,True,0,1.0000,0.835992,car
img_002451.jpg,odf7548,oof7548,False,1,0.8571,0.967077,car
img_002453.jpg,ods6881,ods6881,True,0,1.0000,0.985804,car
img_002455.jpg,ovh0550,ovh0550,True,0,1.0000,0.954126,car
img_002456.jpg,mtg5739,mtg5739,True,0,1.0000,0.753854,car
img_002457.jpg,odf7548,oof7548,False,1,0.8571,0.890221,car
img_002458.jpg,odt6061,odt6061,True,0,1.0000,0.826870,car
img_002459.jpg,odh0102,odh0102,True,0,1.0000,0.359150,car
img_002460.jpg,ppp3628,ppp3628,True,0,1.0000,0.998545,car
img_002461.jpg,ppt9994,ppt9994,True,0,1.0000,0.974533,car
img_002462.jpg,ppw0076,ppw0076,True,0,1.0000,0.935204,car
img_002463.jpg,ppw1889,ppw1889,True,0,1.0000,0.993429,car
img_002464.jpg,ppp6190,ppp6190,True,0,1.0000,0.989552,car
img_002465.jpg,odr3127,odr3127,True,0,1.0000,0.990505,car
img_002466.jpg,odm3563,oom3563,False,1,0.8571,0.921003,car
img_002468.jpg,mtx0171,mtx0171,True,0,1.0000,0.989664,car
img_002469.jpg,odr3694,odr3694,True,0,1.0000,0.997753,car
img_002470.jpg,odr5274,oor5274,False,1,0.8571,0.855556,car
img_002471.jpg,ppp7519,ppp7519,True,0,1.0000,0.999609,car
img_002472.jpg,mka7333,mka7333,True,0,1.0000,0.996003,car
img_002476.jpg,msd0247,msd0247,True,0,1.0000,0.989589,car
img_002478.jpg,ods3398,ods398,False,1,0.8571,0.451156,car
img_002482.jpg,odr3127,odr3127,True,0,1.0000,0.944636,car
img_002483.jpg,mts7362,mts7362,True,0,1.0000,0.730522,car
img_002488.jpg,ppv2861,ppv2861,True,0,1.0000,0.986035,car
img_002489.jpg,mry6685,bry6685,False,1,0.8571,0.349277,car
img_002491.jpg,odg3967,o0g3967,False,1,0.8571,0.557277,car
img_002493.jpg,mrx7902,mpx7902,False,1,0.8571,0.996131,car
img_002496.jpg,odr4149,odr4149,True,0,1.0000,0.353305,car
img_002497.jpg,odt6061,odt6061,True,0,1.0000,0.995855,car
img_002499.jpg,odt6251,odt6251,True,0,1.0000,0.996983,car
img_002500.jpg,qpz8234,apz8234,False,1,0.8571,0.785653,car
img_002502.jpg,odp0519,oop0519,False,1,0.8571,0.597201,car
img_002503.jpg,ppx0682,ppx0682,True,0,1.0000,0.995514,car
img_002507.jpg,ppe5416,ppe5416,True,0,1.0000,0.914629,car
img_002508.jpg,odh1374,odh1374,True,0,1.0000,0.970378,car
img_002509.jpg,ppp4907,ppp4907,True,0,1.0000,0.992501,car
img_002511.jpg,ods3398,ons399,False,3,0.5714,0.389103,car
img_002512.jpg,mst4686,mst4686,True,0,1.0000,0.957123,car
img_002518.jpg,odp0519,oop0519,False,1,0.8571,0.435501,car
img_002519.jpg,ove9712,ove8712,False,1,0.8571,0.995308,car
img_002523.jpg,ods6881,ods6881,True,0,1.0000,0.729558,car
img_002526.jpg,odf7548,oof7548,False,1,0.8571,0.876302,car
img_002529.jpg,odp0519,oop0519,False,1,0.8571,0.437651,car
img_002531.jpg,ods2590,ods2590,True,0,1.0000,0.969154,car
img_002532.jpg,odr5274,oor5274,False,1,0.8571,0.299981,car
img_002534.jpg,mtj5833,mtj5833,True,0,1.0000,0.942200,car
img_002535.jpg,ppp8410,ppp8410,True,0,1.0000,0.997588,car
img_002536.jpg,ods2590,ods2590,True,0,1.0000,0.998486,car
img_002538.jpg,ppw1889,ppw1889,True,0,1.0000,0.996482,car
img_002539.jpg,odg1893,ong7893,False,2,0.7143,0.351118,car
img_002542.jpg,ppx5172,ppx5172,True,0,1.0000,0.998136,car
img_002547.jpg,byq3760,byo3760,False,1,0.8571,0.646514,car
img_002548.jpg,ppl5787,ppl5787,True,0,1.0000,0.997843,car
img_002549.jpg,mqj7289,moj7289,False,1,0.8571,0.962599,car
img_002553.jpg,mte5192,mte5192,True,0,1.0000,0.584466,car
img_002555.jpg,msx8597,msx8597,True,0,1.0000,0.996597,car
img_002557.jpg,ods2590,ods2590,True,0,1.0000,0.994725,car
img_002558.jpg,ppp5346,ppp5346,True,0,1.0000,0.997265,car
img_002559.jpg,ppw3952,ppw3952,True,0,1.0000,0.962661,car
img_002561.jpg,qrc0723,orc0723,False,1,0.8571,0.936744,car
img_002562.jpg,mtx0171,mtx0171,True,0,1.0000,0.991999,car
img_002564.jpg,ods3398,ods398,False,1,0.8571,0.698761,car
img_002565.jpg,odg1753,o0g1753,False,1,0.8571,0.670698,car
img_002566.jpg,odr5548,odr5548,True,0,1.0000,0.761891,car
img_002567.jpg,msa1557,msa155,False,1,0.8571,0.858972,car
img_002568.jpg,ppx5167,ppx5167,True,0,1.0000,0.999207,car
img_002570.jpg,mtz8488,l777848,False,5,0.2857,0.049979,car
img_002573.jpg,ppp3628,ppp3620,False,1,0.8571,0.740860,car
img_002580.jpg,mts0261,mts0261,True,0,1.0000,0.472989,car
img_002581.jpg,oyg6189,oyg6189,True,0,1.0000,0.997590,car
img_002582.jpg,odf1587,odf1587,True,0,1.0000,0.656214,car
img_002584.jpg,ppp5346,ppp5346,True,0,1.0000,0.995540,car
img_002585.jpg,odg3967,ong3967,False,1,0.8571,0.856775,car
img_002586.jpg,qjk6374,ouk6374,False,2,0.7143,0.809137,car
img_002587.jpg,mtz3256,mtz325,False,1,0.8571,0.702918,car
img_002589.jpg,ppp7519,ppp7519,True,0,1.0000,0.999751,car
img_002590.jpg,odr5274,oor5274,False,1,0.8571,0.504790,car
img_002591.jpg,ppw1889,ppw1889,True,0,1.0000,0.793785,car
img_002592.jpg,ppp7010,ppp7010,True,0,1.0000,0.998647,car
img_002593.jpg,ppp6398,ppp6398,True,0,1.0000,0.997034,car
img_002596.jpg,ppk2695,ppk2695,True,0,1.0000,0.999813,car
img_002598.jpg,odr3694,odr3694,True,0,1.0000,0.994966,car
img_002599.jpg,ppw1889,ppw1889,True,0,1.0000,0.777739,car
img_002600.jpg,odg3176,qdg1176,False,2,0.7143,0.295225,car
img_002601.jpg,odg4873,odg4873,True,0,1.0000,0.993508,car
img_002602.jpg,odh3455,odh3455,True,0,1.0000,0.992850,car
img_002603.jpg,qjk6374,ojk6374,False,1,0.8571,0.971908,car
img_002604.jpg,odt6064,odt6064,True,0,1.0000,0.613592,car
img_002605.jpg,ppw0076,ppw0076,True,0,1.0000,0.962672,car
img_002606.jpg,odr3706,00r3706,False,2,0.7143,0.712671,car
img_002607.jpg,msb4766,msb466,False,1,0.8571,0.953068,car
img_002609.jpg,qhl7752,oml7752,False,2,0.7143,0.388426,car
img_002611.jpg,odt6064,odt6064,True,0,1.0000,0.998079,car
img_002612.jpg,odg3065,odg3065,True,0,1.0000,0.794809,car
img_002615.jpg,qrd3012,qr03012,False,1,0.8571,0.545701,car
img_002616.jpg,odm6350,ody6350,False,1,0.8571,0.692506,car
img_002618.jpg,ppp7010,ppp7010,True,0,1.0000,0.999209,car
img_002620.jpg,qrd3045,orn3045,False,2,0.7143,0.954483,car
img_002627.jpg,ppp8356,ppp8356,True,0,1.0000,0.997297,car
img_002628.jpg,ppx0696,ppx0696,True,0,1.0000,0.987771,car
img_002630.jpg,ppx0682,ppx0682,True,0,1.0000,0.979241,car
img_002631.jpg,ppx5165,ppx5165,True,0,1.0000,0.999132,car
img_002632.jpg,ppx5163,ppx5163,True,0,1.0000,0.999352,car
img_002633.jpg,ppw1889,ppw1889,True,0,1.0000,0.991391,car
img_002634.jpg,mtz3549,mtz3549,True,0,1.0000,0.947931,car
img_002635.jpg,ppp6764,ppp6764,True,0,1.0000,0.998872,car
img_002636.jpg,ods3398,ods3998,False,1,0.8571,0.606161,car
img_002639.jpg,msk5187,msk5187,True,0,1.0000,0.999372,car
img_002640.jpg,odr3706,oor3706,False,1,0.8571,0.620455,car
img_002641.jpg,ppw4039,pph4039,False,1,0.8571,0.817228,car
img_002642.jpg,odr0379,o0r0379,False,1,0.8571,0.461958,car
img_002643.jpg,ppx4025,ppx4025,True,0,1.0000,0.999506,car
img_002647.jpg,mts7362,mts7362,True,0,1.0000,0.806834,car
img_002650.jpg,ppp6764,ppp6764,True,0,1.0000,0.997311,car
img_002651.jpg,ppp8356,ppp8356,True,0,1.0000,0.995488,car
img_002652.jpg,ppx0160,ppx0160,True,0,1.0000,0.995949,car
img_002653.jpg,ppx0682,ppx0682,True,0,1.0000,0.997696,car
img_002654.jpg,ods3398,ods3998,False,1,0.8571,0.540324,car
img_002657.jpg,odr5274,odr5274,True,0,1.0000,0.913006,car
img_002659.jpg,ppw0076,ppw0076,True,0,1.0000,0.985025,car
img_002660.jpg,ods4852,ods4852,True,0,1.0000,0.274471,car
img_002669.jpg,mtz8488,wiz818,False,4,0.4286,0.464171,car
img_002672.jpg,ppx4024,ppx4024,True,0,1.0000,0.837129,car
img_002673.jpg,odk9040,odk9040,True,0,1.0000,0.603671,car
img_002674.jpg,ppp6853,ppp6853,True,0,1.0000,0.620593,car
img_002675.jpg,ppv3922,ppy3922,False,1,0.8571,0.538932,car
img_002676.jpg,odr4149,oor4149,False,1,0.8571,0.242869,car
img_002677.jpg,odt6181,odt6181,True,0,1.0000,0.996193,car
img_002679.jpg,odt6169,odt6169,True,0,1.0000,0.998434,car
img_002681.jpg,mtz3549,mtz3549,True,0,1.0000,0.937705,car
img_002682.jpg,odg1791,oog1791,False,1,0.8571,0.702687,car
img_002683.jpg,ppp7010,ppp7010,True,0,1.0000,0.999417,car
img_002684.jpg,mtx0171,mtx0171,True,0,1.0000,0.998373,car
img_002685.jpg,odr5274,onr5274,False,1,0.8571,0.928756,car
img_002686.jpg,ppp6764,ppp6764,True,0,1.0000,0.997472,car
img_002687.jpg,ppp7519,ppp7519,True,0,1.0000,0.999720,car
img_002689.jpg,odt6092,odt6092,True,0,1.0000,0.999530,car
img_002690.jpg,ods3398,ods338,False,1,0.8571,0.404625,car
img_002691.jpg,ppw0076,ppw0076,True,0,1.0000,0.880319,car
img_002693.jpg,mts7362,mts7362,True,0,1.0000,0.883909,car
img_002695.jpg,odt6140,odt6140,True,0,1.0000,0.995235,car
img_002696.jpg,ods6119,ods6119,True,0,1.0000,0.984436,car
img_002699.jpg,oyf4944,oyf4944,True,0,1.0000,0.947700,car
img_002702.jpg,mqc1355,moc1355,False,1,0.8571,0.996663,car
img_002703.jpg,qjk6374,oj66374,False,2,0.7143,0.504584,car
img_002704.jpg,ppw1889,ppw1889,True,0,1.0000,0.997188,car
img_002706.jpg,odt6092,odt6092,True,0,1.0000,0.814169,car
img_002707.jpg,ppw0076,ppw0076,True,0,1.0000,0.838320,car
img_002708.jpg,ppp6398,ppp6398,True,0,1.0000,0.997685,car
img_002709.jpg,mts7362,mts7362,True,0,1.0000,0.855486,car
img_002710.jpg,ppm1763,ppm1763,True,0,1.0000,0.996631,car
img_002711.jpg,odr0379,onp0379,False,2,0.7143,0.672539,car
img_002713.jpg,odh1374,odh1374,True,0,1.0000,0.993503,car
img_002714.jpg,odt6129,odt6129,True,0,1.0000,0.991399,car
img_002715.jpg,odg3176,odg3176,True,0,1.0000,0.900703,car
img_002716.jpg,ppp6764,ppp6764,True,0,1.0000,0.999002,car
img_002718.jpg,mtz3549,mtz3549,True,0,1.0000,0.971759,car
img_002719.jpg,odh4216,odh4216,True,0,1.0000,0.621574,car
img_002720.jpg,ppp7519,ppp7519,True,0,1.0000,0.999602,car
img_002721.jpg,odr5274,odr5274,True,0,1.0000,0.971423,car
img_002726.jpg,ppx4034,ppx4034,True,0,1.0000,0.999359,car
img_002729.jpg,ocz6223,ocz6223,True,0,1.0000,0.780359,car
img_002731.jpg,pph4925,sph4925,False,1,0.8571,0.402287,car
img_002732.jpg,mst4686,mst4686,True,0,1.0000,0.996805,car
img_002733.jpg,ppl5787,ppl5787,True,0,1.0000,0.997004,car
img_002735.jpg,ppr3512,ppr3512,True,0,1.0000,0.996970,car
img_002738.jpg,odf3904,odf3904,True,0,1.0000,0.993757,car
img_002739.jpg,odh4216,ooh4216,False,1,0.8571,0.933436,car
img_002741.jpg,oyk7770,oyk7770,True,0,1.0000,0.993882,car
img_002743.jpg,ppk0655,ppk0655,True,0,1.0000,0.997511,car
img_002744.jpg,mqc1355,moc1355,False,1,0.8571,0.998945,car
img_002745.jpg,ppp8356,ppp8356,True,0,1.0000,0.963014,car
img_002747.jpg,odi1892,odi1892,True,0,1.0000,0.995257,car
img_002749.jpg,odg3176,oog3176,False,1,0.8571,0.713822,car
img_002750.jpg,mtz3549,mtz3549,True,0,1.0000,0.965095,car
img_002751.jpg,ppw3176,ppw3176,True,0,1.0000,0.988033,car
img_002752.jpg,ppw0076,ppw0076,True,0,1.0000,0.880032,car
img_002754.jpg,odr5274,odr5274,True,0,1.0000,0.801965,car
img_002755.jpg,ppp7519,ppp7519,True,0,1.0000,0.999778,car
img_002756.jpg,ods3398,ods399,False,2,0.7143,0.798612,car
img_002757.jpg,ppl5787,ppl5787,True,0,1.0000,0.998338,car
img_002758.jpg,mti4774,mti4774,True,0,1.0000,0.665267,car
img_002759.jpg,odr3127,odr3127,True,0,1.0000,0.836483,car
img_002760.jpg,mts7362,mts7362,True,0,1.0000,0.847058,car
img_002762.jpg,ppx0155,ppx0155,True,0,1.0000,0.999254,car
img_002763.jpg,mtx0171,mtx0171,True,0,1.0000,0.994260,car
img_002765.jpg,ppx4048,ppx4048,True,0,1.0000,0.997774,car
img_002767.jpg,mst8531,mst8531,True,0,1.0000,0.936857,car
img_002768.jpg,ppm1763,ppm1763,True,0,1.0000,0.999123,car
img_002769.jpg,odo9891,od09891,False,1,0.8571,0.594983,car
img_002770.jpg,odg3176,oog3176,False,1,0.8571,0.482039,car
img_002773.jpg,ppp7519,ppp7519,True,0,1.0000,0.999547,car
img_002778.jpg,ppx9984,ppx9984,True,0,1.0000,0.982000,car
img_002779.jpg,mtg8276,mtg8276,True,0,1.0000,0.997282,car
img_002781.jpg,ppp7010,ppp7010,True,0,1.0000,0.999585,car
img_002784.jpg,msd0247,msd0247,True,0,1.0000,0.970516,car
img_002785.jpg,ppp2796,ppp2796,True,0,1.0000,0.999655,car
img_002789.jpg,mtw7816,mtw7816,True,0,1.0000,0.987438,car
img_002791.jpg,ovh1838,ovh1838,True,0,1.0000,0.990031,car
img_002792.jpg,ppz7593,ppz7593,True,0,1.0000,0.991460,car
img_002793.jpg,mtz6794,mtz674,False,1,0.8571,0.724194,car
img_002795.jpg,mqc1355,moc1355,False,1,0.8571,0.995380,car
img_002796.jpg,ppp8761,ppp8761,True,0,1.0000,0.998725,car
img_002797.jpg,qjk6374,ojk6374,False,1,0.8571,0.883245,car
img_002798.jpg,odh4216,odh4216,True,0,1.0000,0.982610,car
img_002803.jpg,odr3127,oor3127,False,1,0.8571,0.422256,car
img_002804.jpg,mtx0171,mtx0171,True,0,1.0000,0.998193,car
img_002805.jpg,mts0261,m7s0261,False,1,0.8571,0.102978,car
img_002806.jpg,odr2162,odr2162,True,0,1.0000,0.546614,car
img_002809.jpg,ppt9994,ppt9994,True,0,1.0000,0.790918,car
img_002810.jpg,ppw3952,ppi3952,False,1,0.8571,0.679209,car
img_002811.jpg,qrc6770,orc6770,False,1,0.8571,0.700615,car
img_002813.jpg,odt6129,odt6129,True,0,1.0000,0.997391,car
img_002814.jpg,qjk6374,ojk6374,False,1,0.8571,0.992618,car
img_002815.jpg,ods4776,oos4776,False,1,0.8571,0.866689,car
img_002816.jpg,mtz8488,w7z819,False,5,0.2857,0.009406,car
img_002817.jpg,odf5623,odf5623,True,0,1.0000,0.849452,car
img_002818.jpg,msa1557,msa1557,True,0,1.0000,0.979939,car
img_002820.jpg,odh4216,odh4216,True,0,1.0000,0.600126,car
img_002821.jpg,ppw3952,ppw3952,True,0,1.0000,0.998803,car
img_002822.jpg,ppw0076,ppw0076,True,0,1.0000,0.983439,car
img_002824.jpg,odh1374,odh1374,True,0,1.0000,0.966932,car
img_002825.jpg,ods3398,ods3398,True,0,1.0000,0.970596,car
img_002826.jpg,ppw9332,ppw9332,True,0,1.0000,0.947714,car
img_002828.jpg,ods3662,0053662,False,3,0.5714,0.735817,car
img_002832.jpg,odt6064,odt6064,True,0,1.0000,0.976027,car
img_002834.jpg,odo0659,odo0659,True,0,1.0000,0.659553,car
img_002835.jpg,odf4543,oof4543,False,1,0.8571,0.910913,car
img_002836.jpg,ppz5238,ppz5238,True,0,1.0000,0.879291,car
img_002837.jpg,ppw4039,ppw4039,True,0,1.0000,0.998983,car
img_002838.jpg,mqf7485,mof7485,False,1,0.8571,0.960751,car
img_002839.jpg,ove8718,ove8718,True,0,1.0000,0.975058,car
img_002841.jpg,qjk6374,ojk6374,False,1,0.8571,0.864366,car
img_002844.jpg,odh4216,odh4216,True,0,1.0000,0.975231,car
img_002845.jpg,ppz5238,ppz5238,True,0,1.0000,0.984092,car
img_002846.jpg,odf1587,oof1587,False,1,0.8571,0.818866,car
img_002847.jpg,ppp7010,ppp7010,True,0,1.0000,0.999614,car
img_002848.jpg,msk2049,msk2049,True,0,1.0000,0.926624,car
img_002849.jpg,mts7362,mts7362,True,0,1.0000,0.601701,car
img_002850.jpg,ppz5238,ppz5238,True,0,1.0000,0.950930,car
img_002851.jpg,mtx0171,mtx0171,True,0,1.0000,0.984235,car
img_002856.jpg,ods6175,ods6175,True,0,1.0000,0.988799,car
img_002857.jpg,ppx0696,ppx0696,True,0,1.0000,0.842904,car
img_002858.jpg,mts7362,mts7362,True,0,1.0000,0.843445,car
img_002859.jpg,ppp6764,ppp6764,True,0,1.0000,0.997526,car
img_002861.jpg,ppp7519,ppp7519,True,0,1.0000,0.999738,car
img_002868.jpg,odg3176,odg3176,True,0,1.0000,0.972301,car
img_002869.jpg,ppw0076,ppw0076,True,0,1.0000,0.939745,car
img_002871.jpg,qrc6742,qrc6742,True,0,1.0000,0.483821,car
img_002873.jpg,odr1805,odr1805,True,0,1.0000,0.901242,car
img_002874.jpg,odg3176,odg3176,True,0,1.0000,0.929824,car
img_002875.jpg,mts7362,mis7362,False,1,0.8571,0.505779,car
img_002878.jpg,ppl5787,pdic587,False,4,0.4286,0.219326,car
img_002879.jpg,odg3176,oog3176,False,1,0.8571,0.223092,car
img_002881.jpg,odr4042,odr4047,False,1,0.8571,0.227036,car
img_002883.jpg,ocx7051,ocx7051,True,0,1.0000,0.868547,car
img_002886.jpg,mtz6794,mtz6791,False,1,0.8571,0.296238,car
img_002887.jpg,odg3967,odg3967,True,0,1.0000,0.961490,car
img_002888.jpg,mtz6860,gtz6860,False,1,0.8571,0.470710,car
img_002889.jpg,mtj5833,mtj5833,True,0,1.0000,0.987544,car
img_002891.jpg,ods2590,ods2590,True,0,1.0000,0.973707,car
img_002892.jpg,odf5623,odf5623,True,0,1.0000,0.752734,car
img_002896.jpg,ppp4197,ppp4197,True,0,1.0000,0.998713,car
img_002897.jpg,ppp6764,ppp6764,True,0,1.0000,0.998839,car
img_002898.jpg,ppp7519,ppp7519,True,0,1.0000,0.969139,car
img_002901.jpg,ppp4197,ppp4197,True,0,1.0000,0.998595,car
img_002902.jpg,ppi4116,ppi4116,True,0,1.0000,0.964603,car
img_002903.jpg,ods3662,ods3662,True,0,1.0000,0.960391,car
img_002904.jpg,odh1374,odh1374,True,0,1.0000,0.989628,car
img_002905.jpg,ppw4039,ppw4039,True,0,1.0000,0.901182,car
img_002907.jpg,ppw9332,ppw9332,True,0,1.0000,0.994215,car
img_002908.jpg,ppp2796,ppp2796,True,0,1.0000,0.999306,car
img_002910.jpg,ppl5787,ppl5787,True,0,1.0000,0.988278,car
img_002911.jpg,odg3065,odg3065,True,0,1.0000,0.858167,car
img_002913.jpg,mts7362,mts7362,True,0,1.0000,0.931998,car
img_002914.jpg,mtz6860,gtz6860,False,1,0.8571,0.277699,car
img_002917.jpg,mrx3194,mpx3194,False,1,0.8571,0.574516,car
img_002918.jpg,odt6129,odt6129,True,0,1.0000,0.691626,car
img_002924.jpg,mtz6860,mtz6860,True,0,1.0000,0.960439,car
img_002925.jpg,odg3967,ong3967,False,1,0.8571,0.590846,car
img_002926.jpg,odg3176,odg3176,True,0,1.0000,0.804158,car
img_002927.jpg,msd0247,msd0247,True,0,1.0000,0.985251,car
img_002928.jpg,qjk6374,ojk6374,False,1,0.8571,0.862791,car
img_002929.jpg,qrc6742,orc6742,False,1,0.8571,0.540181,car
img_002930.jpg,ppw1889,ppw1889,True,0,1.0000,0.951296,car
img_002931.jpg,orb3168,orb3168,True,0,1.0000,0.451247,car
img_002932.jpg,odo9889,od09889,False,1,0.8571,0.534834,car
img_002933.jpg,odf5623,oof5662,False,3,0.5714,0.776842,car
img_002935.jpg,msk2049,msk2049,True,0,1.0000,0.999788,car
img_002936.jpg,ods3398,ods399,False,2,0.7143,0.891377,car
img_002940.jpg,odr3127,oor3127,False,1,0.8571,0.607302,car
img_002943.jpg,puk3709,puk3709,True,0,1.0000,0.999118,car
img_002947.jpg,odg4873,odg4873,True,0,1.0000,0.982382,car
img_002948.jpg,qjk6374,ojk6374,False,1,0.8571,0.516620,car
img_002949.jpg,odg3967,ong3967,False,1,0.8571,0.554015,car
img_002950.jpg,ppp9789,ppp9789,True,0,1.0000,0.996975,car
img_002951.jpg,ppw9578,ppw9578,True,0,1.0000,0.999224,car
img_002952.jpg,qrc6742,orc6742,False,1,0.8571,0.886485,car
img_002953.jpg,ppw1889,ppw1889,True,0,1.0000,0.857937,car
img_002955.jpg,ppx5163,ppx5163,True,0,1.0000,0.999066,car
img_002956.jpg,oyd0023,oyd0023,True,0,1.0000,0.949970,car
img_002957.jpg,ppx5172,ppx5172,True,0,1.0000,0.995246,car
img_002960.jpg,odf1587,odf1587,True,0,1.0000,0.570379,car
img_002961.jpg,ppp7519,ppp7519,True,0,1.0000,0.999678,car
img_002962.jpg,pps4432,pps432,False,1,0.8571,0.865646,car
img_002963.jpg,ppp6764,ppp6764,True,0,1.0000,0.999036,car
img_002964.jpg,odr3127,odr3127,True,0,1.0000,0.938010,car
img_002967.jpg,ods2590,ods2590,True,0,1.0000,0.997668,car
img_002970.jpg,mtn9522,mtn9522,True,0,1.0000,0.993158,car
img_002972.jpg,ppw9578,ppw9578,True,0,1.0000,0.995224,car
img_002974.jpg,mtj5833,mtj5833,True,0,1.0000,0.969898,car
img_002975.jpg,qjk6374,oj6374,False,2,0.7143,0.962601,car
img_002976.jpg,msd0247,msd0247,True,0,1.0000,0.975396,car
img_002977.jpg,ods2590,ods2590,True,0,1.0000,0.736177,car
img_002978.jpg,mtz3549,mtz3519,False,1,0.8571,0.715402,car
img_002980.jpg,ppw1889,ppw1889,True,0,1.0000,0.892705,car
img_002981.jpg,ppv0918,ppv0918,True,0,1.0000,0.924951,car
img_002984.jpg,odg1893,oog1893,False,1,0.8571,0.463040,car
img_002985.jpg,ppp6764,ppp6764,True,0,1.0000,0.993381,car
img_002986.jpg,ppw3952,ppw3952,True,0,1.0000,0.999234,car
img_002987.jpg,odf1587,odf1587,True,0,1.0000,0.832883,car
img_002988.jpg,ods3398,ods398,False,1,0.8571,0.759463,car
img_002990.jpg,odi1892,odi1892,True,0,1.0000,0.988047,car
img_002991.jpg,odo1303,od01303,False,1,0.8571,0.559335,car
img_002992.jpg,odr3127,oor3127,False,1,0.8571,0.695488,car
img_002995.jpg,ods2624,ods2624,True,0,1.0000,0.903056,car
img_002996.jpg,ods2167,ods2167,True,0,1.0000,0.958039,car
img_002997.jpg,odg1753,oog1753,False,1,0.8571,0.393051,car
img_003000.jpg,ppo0839,ppo6839,False,1,0.8571,0.763946,car
img_003001.jpg,odt6140,odt6140,True,0,1.0000,0.996199,car
img_003002.jpg,mts7362,mts7362,True,0,1.0000,0.799274,car
img_003003.jpg,epk6958,epk6958,True,0,1.0000,0.978302,car
img_003004.jpg,odg4873,odg4873,True,0,1.0000,0.997840,car
img_003006.jpg,ppw1889,ppw1889,True,0,1.0000,0.997592,car
img_003013.jpg,ods3398,ods3398,True,0,1.0000,0.605330,car
img_003018.jpg,odg3967,ong3967,False,1,0.8571,0.990291,car
img_003020.jpg,mtz6860,mtz6860,True,0,1.0000,0.822081,car
img_003023.jpg,mts7362,mts7362,True,0,1.0000,0.912454,car
img_003024.jpg,odi1892,odi1892,True,0,1.0000,0.808710,car
img_003029.jpg,odr4042,oor4044,False,2,0.7143,0.358920,car
img_003031.jpg,okl2076,okl2076,True,0,1.0000,0.992461,car
img_003032.jpg,odr4042,00r4042,False,2,0.7143,0.385688,car
img_003035.jpg,ppl5787,ppl5777,False,1,0.8571,0.557973,car
img_003040.jpg,mtz6794,n7z6744,False,3,0.5714,0.136675,car
img_003041.jpg,ppx2707,ppx2707,True,0,1.0000,0.999603,car
img_003043.jpg,qhl7752,ohu7752,False,2,0.7143,0.908923,car
img_003044.jpg,mtz3256,mtz326,False,1,0.8571,0.225345,car
img_003045.jpg,ppp8761,ppp8761,True,0,1.0000,0.999351,car
img_003046.jpg,msd0247,msd0247,True,0,1.0000,0.992802,car
img_003047.jpg,odg4873,odg4873,True,0,1.0000,0.698382,car
img_003048.jpg,ppw9578,ppw9578,True,0,1.0000,0.998930,car
img_003049.jpg,ppw1889,ppw189,False,1,0.8571,0.576338,car
img_003050.jpg,odr5274,odr5274,True,0,1.0000,0.944865,car
img_003051.jpg,ppp6764,ppp6764,True,0,1.0000,0.999138,car
img_003053.jpg,ods3398,ods3398,True,0,1.0000,0.730487,car
img_003055.jpg,odt6162,odt6162,True,0,1.0000,0.989937,car
img_003058.jpg,mtz6860,gtz6860,False,1,0.8571,0.300936,car
img_003059.jpg,odr3127,00r3127,False,2,0.7143,0.674311,car
img_003060.jpg,mtz3256,m7z326,False,2,0.7143,0.212781,car
img_003061.jpg,ppg5552,ppg5552,True,0,1.0000,0.998550,car
img_003062.jpg,odr4042,onr4042,False,1,0.8571,0.237274,car
img_003065.jpg,mtj5833,mtj5833,True,0,1.0000,0.806534,car
img_003066.jpg,mst8531,mst8531,True,0,1.0000,0.982910,car
img_003067.jpg,odg4873,odg4873,True,0,1.0000,0.996898,car
img_003068.jpg,msd0247,msd0247,True,0,1.0000,0.972060,car
img_003071.jpg,ppr3512,ppr3512,True,0,1.0000,0.999681,car
img_003072.jpg,ods3398,ods398,False,1,0.8571,0.929071,car
img_003073.jpg,ppp6764,ppp6767,False,1,0.8571,0.509462,car
img_003075.jpg,ppp7519,ppp7519,True,0,1.0000,0.999803,car
img_003077.jpg,ppw1889,ppw1889,True,0,1.0000,0.897324,car
img_003078.jpg,qrc6742,orc6742,False,1,0.8571,0.564585,car
img_003079.jpg,odr5274,odr5271,False,1,0.8571,0.602691,car
img_003080.jpg,odp0519,oop0519,False,1,0.8571,0.352076,car
img_003081.jpg,odo9891,0d09891,False,2,0.7143,0.510692,car
img_003083.jpg,odt6162,odt6162,True,0,1.0000,0.934363,car
img_003085.jpg,odf1587,odf1587,True,0,1.0000,0.807396,car
img_003088.jpg,mts7362,mts7362,True,0,1.0000,0.776707,car
img_003090.jpg,ppn9005,ppn9005,True,0,1.0000,0.987891,car
img_003092.jpg,ppx6781,ppx6781,True,0,1.0000,0.976018,car
img_003095.jpg,odp0519,odp0519,True,0,1.0000,0.595711,car
img_003096.jpg,ppp9789,ppp9789,True,0,1.0000,0.996231,car
img_003097.jpg,qrc6742,arc6742,False,1,0.8571,0.746716,car
img_003098.jpg,mtz6860,mtz6860,True,0,1.0000,0.960503,car
img_003099.jpg,odg3176,udg3176,False,1,0.8571,0.625001,car
img_003102.jpg,ppp5346,ppp5346,True,0,1.0000,0.999135,car
img_003103.jpg,mtn9701,mtn9701,True,0,1.0000,0.999245,car
img_003105.jpg,mtz8488,c17888,False,4,0.4286,0.051690,car
img_003106.jpg,odr5274,odr5274,True,0,1.0000,0.776202,car
img_003108.jpg,ppp6764,ppp6764,True,0,1.0000,0.997553,car
img_003109.jpg,qhl7752,ohl7752,False,1,0.8571,0.970222,car
img_003113.jpg,ods3398,ods3998,False,1,0.8571,0.902258,car
img_003115.jpg,ppw4039,pph4039,False,1,0.8571,0.547038,car
img_003116.jpg,odt6162,odt6162,True,0,1.0000,0.998824,car
img_003117.jpg,oyd0023,oyd0023,True,0,1.0000,0.963543,car
img_003119.jpg,msa5334,msa5334,True,0,1.0000,0.981082,car
img_003120.jpg,odt6064,odt6064,True,0,1.0000,0.997109,car
img_003122.jpg,ppz5238,ppz5238,True,0,1.0000,0.970556,car
img_003127.jpg,odt6217,ont6217,False,1,0.8571,0.978189,car
img_003128.jpg,qrc0461,qrc0461,True,0,1.0000,0.429562,car
img_003130.jpg,msm2996,msm2996,True,0,1.0000,0.999433,car
img_003131.jpg,dru0900,dru0900,True,0,1.0000,0.745435,car
img_003133.jpg,mtn9522,mtn9522,True,0,1.0000,0.982425,car
img_003134.jpg,mtz6860,mtz6860,True,0,1.0000,0.646379,car
img_003136.jpg,odt6129,odt6129,True,0,1.0000,0.998059,car
img_003138.jpg,ppw9578,ppw9578,True,0,1.0000,0.998034,car
img_003140.jpg,mtn9701,mtn9701,True,0,1.0000,0.935201,car
img_003143.jpg,ppp6764,ppp6764,True,0,1.0000,0.998220,car
img_003144.jpg,ppp4197,ppp4197,True,0,1.0000,0.999450,car
img_003146.jpg,ppw0076,ppw0076,True,0,1.0000,0.956540,car
img_003147.jpg,ods3398,ods3998,False,1,0.8571,0.158604,car
img_003148.jpg,odf1587,odf1587,True,0,1.0000,0.859178,car
img_003150.jpg,ppp7519,ppp7519,True,0,1.0000,0.999722,car
img_003152.jpg,lre2424,lre2424,True,0,1.0000,0.997985,car
img_003155.jpg,ppp6764,ppp6764,True,0,1.0000,0.996848,car
img_003156.jpg,msi3655,ms13655,False,1,0.8571,0.587603,car
img_003157.jpg,ppp6398,ppp6398,True,0,1.0000,0.997826,car
img_003158.jpg,ppa0934,ppa0934,True,0,1.0000,0.940952,car
img_003161.jpg,odt6181,odt6181,True,0,1.0000,0.992460,car
img_003162.jpg,msd0247,msd0247,True,0,1.0000,0.760476,car
img_003163.jpg,odg3967,ong3967,False,1,0.8571,0.969545,car
img_003165.jpg,odp0519,oop0519,False,1,0.8571,0.624799,car
img_003166.jpg,ppx6781,ppx6781,True,0,1.0000,0.997127,car
img_003167.jpg,odt6162,odt6162,True,0,1.0000,0.892404,car
img_003170.jpg,ppp9789,ppp9789,True,0,1.0000,0.999260,car
img_003172.jpg,qrd3044,ord3044,False,1,0.8571,0.540787,car
img_003173.jpg,qrb2775,orb2775,False,1,0.8571,0.994189,car
img_003176.jpg,odg1791,odg1791,True,0,1.0000,0.947418,car
img_003177.jpg,ppe5416,ppe5416,True,0,1.0000,0.773563,car
img_003179.jpg,ocz9247,ocz9247,True,0,1.0000,0.970897,car
img_003181.jpg,odg3176,oog3176,False,1,0.8571,0.939310,car
img_003182.jpg,ppz5238,ppz5238,True,0,1.0000,0.852460,car
img_003183.jpg,ppz7593,ppz7593,True,0,1.0000,0.990289,car
img_003186.jpg,mts7362,mts7362,True,0,1.0000,0.967603,car
img_003187.jpg,ppa9043,ppa9043,True,0,1.0000,0.996845,car
img_003190.jpg,ppw0076,ppw0076,True,0,1.0000,0.988122,car
img_003193.jpg,ppw0162,ppi0016,False,3,0.5714,0.781942,car
img_003195.jpg,odt6129,odt6129,True,0,1.0000,0.998309,car
img_003196.jpg,mtn9522,mtn9524,False,1,0.8571,0.948321,car
img_003197.jpg,ppp8761,ppp8761,True,0,1.0000,0.998788,car
img_003198.jpg,ppw0076,ppw0076,True,0,1.0000,0.988681,car
img_003199.jpg,odg4873,odg4873,True,0,1.0000,0.983239,car
img_003200.jpg,msz7325,msz7325,True,0,1.0000,0.843198,car
img_003201.jpg,ods2590,ods2590,True,0,1.0000,0.996773,car
img_003202.jpg,odt6162,odt6162,True,0,1.0000,0.996796,car
img_003204.jpg,odf5623,odf5623,True,0,1.0000,0.593194,car
img_003206.jpg,qrc6742,orc6742,False,1,0.8571,0.972978,car
img_003207.jpg,ppw3952,ppw3952,True,0,1.0000,0.999586,car
img_003208.jpg,odp0519,oop0519,False,1,0.8571,0.703868,car
img_003209.jpg,ppp8761,ppp8761,True,0,1.0000,0.999185,car
img_003211.jpg,odr1805,odr1805,True,0,1.0000,0.780147,car
img_003215.jpg,odf4543,odf4543,True,0,1.0000,0.980569,car
img_003217.jpg,ppw4039,ppw4039,True,0,1.0000,0.998059,car
img_003219.jpg,ppp6853,ppp6853,True,0,1.0000,0.996177,car
img_003220.jpg,ovf6363,oyf6363,False,1,0.8571,0.788421,car
img_003221.jpg,ppw0076,ppw0076,True,0,1.0000,0.993331,car
img_003227.jpg,odt6129,odt6123,False,1,0.8571,0.464049,car
img_003228.jpg,qrc0727,qrc0727,True,0,1.0000,0.418147,car
img_003229.jpg,msa1557,msa1557,True,0,1.0000,0.542117,car
img_003230.jpg,odt6181,odt6181,True,0,1.0000,0.993690,car
img_003231.jpg,msd0247,msd0247,True,0,1.0000,0.973105,car
img_003232.jpg,ovf6363,oye6363,False,2,0.7143,0.732574,car
img_003233.jpg,odg3176,ong3176,False,1,0.8571,0.845185,car
img_003234.jpg,oyk7514,oyk7514,True,0,1.0000,0.992423,car
img_003235.jpg,oyd0023,oyd0023,True,0,1.0000,0.606210,car
img_003236.jpg,odt6061,odt6061,True,0,1.0000,0.997291,car
img_003239.jpg,odp0519,oop0519,False,1,0.8571,0.355019,car
img_003240.jpg,qrc6742,orc6742,False,1,0.8571,0.770733,car
img_003241.jpg,ods6953,oos6953,False,1,0.8571,0.626486,car
img_003243.jpg,ods3398,ods398,False,1,0.8571,0.869035,car
img_003244.jpg,odr4042,odr4047,False,1,0.8571,0.389112,car
img_003245.jpg,mry6685,mry6685,True,0,1.0000,0.998851,car
img_003247.jpg,ppw9332,ppw9322,False,1,0.8571,0.993882,car
img_003248.jpg,ppw4039,ppw4039,True,0,1.0000,0.994751,car
img_003249.jpg,pph7380,pph7380,True,0,1.0000,0.824581,car
img_003255.jpg,odr3694,odr3694,True,0,1.0000,0.933893,car
img_003257.jpg,mtz3549,mtz3549,True,0,1.0000,0.246937,car
img_003258.jpg,ppp8761,ppp8761,True,0,1.0000,0.998856,car
img_003259.jpg,odg3967,fdg9977,False,3,0.5714,0.181481,car
img_003260.jpg,oyd0023,oyd0023,True,0,1.0000,0.956751,car
img_003261.jpg,odg3176,onc3176,False,2,0.7143,0.674201,car
img_003262.jpg,ods2590,ods2590,True,0,1.0000,0.970147,car
img_003264.jpg,ppw3952,ppw3952,True,0,1.0000,0.996169,car
img_003265.jpg,qrc6742,qrc6742,True,0,1.0000,0.656485,car
img_003266.jpg,odg1893,oog1893,False,1,0.8571,0.890754,car
img_003267.jpg,ppp7519,ppp7519,True,0,1.0000,0.999729,car
img_003268.jpg,ppp6853,ppp6853,True,0,1.0000,0.995815,car
img_003271.jpg,ods3398,ods3988,False,2,0.7143,0.423113,car
img_003272.jpg,qrb5219,opb5219,False,2,0.7143,0.705498,car
img_003273.jpg,ppw9332,ppw9322,False,1,0.8571,0.912299,car
img_003274.jpg,ods6881,ods6881,True,0,1.0000,0.881588,car
img_003276.jpg,mts7362,mts7362,True,0,1.0000,0.791038,car
img_003277.jpg,ppw3952,ppw3952,True,0,1.0000,0.997782,car
img_003279.jpg,msa1557,msa1557,True,0,1.0000,0.959020,car
img_003282.jpg,ods2624,ods2624,True,0,1.0000,0.906407,car
img_003284.jpg,ove8718,ove8718,True,0,1.0000,0.992374,car
img_003290.jpg,ppe4457,ppe4477,False,1,0.8571,0.340604,car
img_003291.jpg,msa1557,msa1557,True,0,1.0000,0.959365,car
img_003292.jpg,odh1374,odh1374,True,0,1.0000,0.993366,car
img_003295.jpg,odg3967,ong3967,False,1,0.8571,0.912554,car
img_003296.jpg,odg4873,odg4873,True,0,1.0000,0.983612,car
img_003297.jpg,ppw9578,ppw9578,True,0,1.0000,0.981716,car
img_003298.jpg,ppx0682,ppx0682,True,0,1.0000,0.975176,car
img_003299.jpg,oyd0023,oyd0023,True,0,1.0000,0.936876,car
img_003300.jpg,odg3176,ung3176,False,2,0.7143,0.355912,car
img_003301.jpg,ppw1889,ppw1889,True,0,1.0000,0.918718,car
img_003302.jpg,ods3398,ons3398,False,1,0.8571,0.597447,car
img_003305.jpg,qjk6374,oj6374,False,2,0.7143,0.486720,car
img_003306.jpg,mtz3549,mtz354,False,1,0.8571,0.795095,car
img_003307.jpg,qrc6742,orc6742,False,1,0.8571,0.978922,car
img_003309.jpg,ppp4197,ppp4197,True,0,1.0000,0.997538,car
img_003313.jpg,odr4042,oor4042,False,1,0.8571,0.491412,car
img_003314.jpg,odt6173,odt6173,True,0,1.0000,0.965994,car
img_003316.jpg,mts7362,mts7362,True,0,1.0000,0.940598,car
img_003317.jpg,ods2624,od52624,False,1,0.8571,0.511346,car
img_003318.jpg,ppp6398,ppp6399,False,1,0.8571,0.614469,car
img_003319.jpg,odr4042,odr4012,False,1,0.8571,0.138099,car
img_003322.jpg,odq9368,0009368,False,3,0.5714,0.603516,car
img_003324.jpg,mtz3256,mtz3256,True,0,1.0000,0.728002,car
img_003326.jpg,mtz6860,mtz6860,True,0,1.0000,0.843419,car
img_003329.jpg,ppx0682,ppx0682,True,0,1.0000,0.988839,car
img_003332.jpg,oyk4283,oyk4283,True,0,1.0000,0.996988,car
img_003333.jpg,ppw0076,ppw0076,True,0,1.0000,0.991801,car
img_003334.jpg,ods6881,ods6888,False,1,0.8571,0.978610,car
img_003335.jpg,ppp7519,ppp7519,True,0,1.0000,0.999777,car
img_003337.jpg,odr3127,odr3127,True,0,1.0000,0.820896,car
img_003338.jpg,mtx0171,mtx0171,True,0,1.0000,0.996758,car
img_003339.jpg,ppw0076,ppw0076,True,0,1.0000,0.908122,car
img_003340.jpg,ppi4116,ppi4116,True,0,1.0000,0.970598,car
img_003344.jpg,mpb0290,mpb0290,True,0,1.0000,0.733907,car
img_003345.jpg,odp0519,odp0519,True,0,1.0000,0.974695,car
img_003346.jpg,ppp7010,ppp7010,True,0,1.0000,0.998609,car
img_003347.jpg,ppx0682,ppx0682,True,0,1.0000,0.960986,car
img_003348.jpg,mtz3549,mtz3549,True,0,1.0000,0.498134,car
img_003349.jpg,mhn2867,mhn2887,False,1,0.8571,0.486722,car
img_003354.jpg,mqu4192,mqu4192,True,0,1.0000,0.698630,car
img_003355.jpg,ppl5787,ppl5787,True,0,1.0000,0.627604,car
img_003356.jpg,ove9965,ove9965,True,0,1.0000,0.977973,car
img_003358.jpg,ppu6390,ppu6390,True,0,1.0000,0.996415,car
img_003359.jpg,mtz3549,mtz354,False,1,0.8571,0.632916,car
img_003365.jpg,ppp7505,ppp7505,True,0,1.0000,0.951328,car
img_003366.jpg,mty1273,mty1271,False,1,0.8571,0.422827,car
img_003368.jpg,ppp8761,ppp8761,True,0,1.0000,0.999470,car
img_003369.jpg,mtz6860,mtz6860,True,0,1.0000,0.888754,car
img_003370.jpg,mtz3549,mtz3549,True,0,1.0000,0.525569,car
img_003371.jpg,odp0519,oop0519,False,1,0.8571,0.916189,car
img_003372.jpg,odt6169,odt6169,True,0,1.0000,0.994307,car
img_003373.jpg,ove8718,ove8718,True,0,1.0000,0.991858,car
img_003375.jpg,ppp2841,ppp2841,True,0,1.0000,0.986638,car
img_003376.jpg,odg6312,ong6312,False,1,0.8571,0.957249,car
img_003377.jpg,odt6061,odt6061,True,0,1.0000,0.998395,car
img_003381.jpg,odo1303,0001303,False,3,0.5714,0.520836,car
img_003387.jpg,eyo3502,eyo3502,True,0,1.0000,0.744700,car
img_003394.jpg,mqm4744,mcma744,False,2,0.7143,0.323284,car
img_003398.jpg,ppk1316,ppk1316,True,0,1.0000,0.974423,car
img_003401.jpg,mts7362,mts7362,True,0,1.0000,0.651533,car
img_003406.jpg,mts7362,mts7362,True,0,1.0000,0.330036,car
img_003407.jpg,odt6061,odt6061,True,0,1.0000,0.996853,car
img_003410.jpg,mss7380,ms57380,False,1,0.8571,0.785123,car
img_003413.jpg,ppp5321,ppp5321,True,0,1.0000,0.959628,car
img_003414.jpg,odg1791,oog1791,False,1,0.8571,0.808284,car
img_003415.jpg,mtz6860,mtz6860,True,0,1.0000,0.881378,car
img_003417.jpg,ppx0682,ppx0682,True,0,1.0000,0.987701,car
img_003420.jpg,mtz3549,mtz3519,False,1,0.8571,0.360960,car
img_003421.jpg,odo2523,odo2523,True,0,1.0000,0.989641,car
img_003422.jpg,ppw3952,ppw3952,True,0,1.0000,0.995900,car
img_003423.jpg,ppp4197,ppp4197,True,0,1.0000,0.999070,car
img_003424.jpg,odg3176,o0c3176,False,2,0.7143,0.656596,car
img_003425.jpg,odg1893,odg1893,True,0,1.0000,0.961575,car
img_003426.jpg,ppw9332,ppw9332,True,0,1.0000,0.482049,car
img_003429.jpg,ppz2988,ppz2988,True,0,1.0000,0.939010,car
img_003431.jpg,ods6881,ods6881,True,0,1.0000,0.890015,car
img_003432.jpg,ppc9436,ppc9436,True,0,1.0000,0.901205,car
img_003433.jpg,mtz3256,mtz3256,True,0,1.0000,0.710732,car
img_003434.jpg,msp6328,msp6328,True,0,1.0000,0.999379,car
img_003435.jpg,mst8531,mst8531,True,0,1.0000,0.917899,car
img_003436.jpg,odo2523,odo2523,True,0,1.0000,0.837984,car
img_003442.jpg,ppl5787,ppl5787,True,0,1.0000,0.928577,car
img_003444.jpg,odg3176,o0c3176,False,2,0.7143,0.352776,car
img_003446.jpg,odt6129,odt6129,True,0,1.0000,0.998343,car
img_003462.jpg,ods9679,0059679,False,3,0.5714,0.860054,car
img_003468.jpg,oda9324,oda9324,True,0,1.0000,0.986300,car
img_003470.jpg,mrd3230,mrd3230,True,0,1.0000,0.873812,car
img_003472.jpg,oyg3795,oyg3795,True,0,1.0000,0.969220,car
img_003476.jpg,jpe2677,jpe2677,True,0,1.0000,0.942632,car
img_003477.jpg,ppi2537,ppi2537,True,0,1.0000,0.987408,car
img_003478.jpg,mrz0866,mrz0866,True,0,1.0000,0.831720,car
img_003482.jpg,mst3381,mst3381,True,0,1.0000,0.991555,car
img_003484.jpg,mpk0306,mpk0306,True,0,1.0000,0.999026,car
img_003491.jpg,qrb7717,orb7717,False,1,0.8571,0.711492,car
img_003493.jpg,oyh3829,oyh3829,True,0,1.0000,0.972408,car
img_003497.jpg,mrd2754,mrd2754,True,0,1.0000,0.932213,car
img_003500.jpg,ppl5835,ppl5835,True,0,1.0000,0.431571,car
img_003519.jpg,mts0601,mts0601,True,0,1.0000,0.987671,car
img_003522.jpg,ppy0074,ppyo074,False,1,0.8571,0.615986,car
img_003529.jpg,mtq5314,mt05314,False,1,0.8571,0.894727,car
img_003530.jpg,mpj6102,mpj6102,True,0,1.0000,0.989698,car
img_003536.jpg,mrz1196,mrz1196,True,0,1.0000,0.934880,car
img_003544.jpg,odf2508,odf2508,True,0,1.0000,0.914584,car
img_003555.jpg,ppz2695,ppz2695,True,0,1.0000,0.990619,car
img_003556.jpg,odk9096,ook9096,False,1,0.8571,0.308048,car
img_003559.jpg,mjd4789,mid4789,False,1,0.8571,0.925235,car
img_003562.jpg,amy4727,amyl727,False,1,0.8571,0.638872,car
img_003564.jpg,krx4720,krx4720,True,0,1.0000,0.713773,car
img_003566.jpg,mhg7583,mhg7583,True,0,1.0000,0.997997,car
img_003568.jpg,kye4676,kye4676,True,0,1.0000,0.770622,car
img_003569.jpg,mor2356,mor2356,True,0,1.0000,0.781731,car
img_003579.jpg,eqt0490,eot0490,False,1,0.8571,0.740722,car
img_003582.jpg,ppp0105,ppp0105,True,0,1.0000,0.856511,car
img_003585.jpg,odm3765,oom3765,False,1,0.8571,0.708069,car
img_003593.jpg,ppy8837,ppy8837,True,0,1.0000,0.998922,car
img_003594.jpg,loo2541,lo02541,False,1,0.8571,0.518128,car
img_003596.jpg,mqm0465,mom0465,False,1,0.8571,0.818448,car
img_003598.jpg,lpd1908,lp01908,False,1,0.8571,0.925307,car
img_003599.jpg,mtc2892,mtc2892,True,0,1.0000,0.731310,car
img_003601.jpg,jig2094,jig2094,True,0,1.0000,0.456442,car
img_003602.jpg,jht7994,h117994,False,3,0.5714,0.085628,car
img_003610.jpg,mqq7117,mo07117,False,2,0.7143,0.475572,car
img_003611.jpg,dga9115,dga9115,True,0,1.0000,0.992502,car
img_003618.jpg,ouv7590,ouv7590,True,0,1.0000,0.797689,car
img_003619.jpg,qrd6529,aro6529,False,2,0.7143,0.446123,car
img_003628.jpg,ppg6826,ppg6826,True,0,1.0000,0.999019,car
img_003630.jpg,oyg3856,oyg3856,True,0,1.0000,0.783020,car
img_003644.jpg,pph0682,pph0682,True,0,1.0000,0.696585,car
img_003653.jpg,jhc0151,jmc0151,False,1,0.8571,0.976118,car
img_003668.jpg,kxs4485,kx54455,False,2,0.7143,0.550776,car
img_003674.jpg,mqo1197,mo01197,False,2,0.7143,0.437720,car
img_003682.jpg,ppd6888,ppd6888,True,0,1.0000,0.942671,car
img_003684.jpg,ppv5029,ppv5029,True,0,1.0000,0.939433,car
img_003687.jpg,ovh9811,ovh9811,True,0,1.0000,0.714122,car
img_003690.jpg,ppl4836,ppl4836,True,0,1.0000,0.999229,car
img_003694.jpg,pxd5882,pxo5882,False,1,0.8571,0.929208,car
img_003711.jpg,ppp8104,ppp8104,True,0,1.0000,0.998518,car
img_003714.jpg,mtb6924,etb6924,False,1,0.8571,0.077636,car
img_003722.jpg,ode3260,ode3260,True,0,1.0000,0.995924,car
img_003723.jpg,pec1230,pec1230,True,0,1.0000,0.995247,car
img_003735.jpg,hmt9147,hnt9147,False,1,0.8571,0.769069,car
img_003736.jpg,ppp0105,ppp0105,True,0,1.0000,0.995110,car
img_003739.jpg,ppj1029,ppj1029,True,0,1.0000,0.947385,car
img_003740.jpg,ppp1881,ppp1881,True,0,1.0000,0.950291,car
img_003741.jpg,ppm6755,ppm6755,True,0,1.0000,0.997268,car
img_003746.jpg,fda4010,fda4010,True,0,1.0000,0.985362,car
img_003752.jpg,msy6522,msy6522,True,0,1.0000,0.999366,car
img_003753.jpg,ppk5450,ppk5450,True,0,1.0000,0.929418,car
img_003754.jpg,mtv8795,mtv8795,True,0,1.0000,0.869552,car
img_003757.jpg,msl0095,nsl0095,False,1,0.8571,0.962561,car
img_003759.jpg,qqy3281,ooy3281,False,2,0.7143,0.634198,car
img_003762.jpg,oqt1172,oot1172,False,1,0.8571,0.546631,car
img_003768.jpg,evg8074,evg8074,True,0,1.0000,0.997106,car
img_003778.jpg,lqh9876,lo49876,False,2,0.7143,0.630479,car
img_003783.jpg,ppp3628,ppp3628,True,0,1.0000,0.931702,car
img_003786.jpg,ovk1635,ovk1635,True,0,1.0000,0.985825,car
img_003789.jpg,anj1023,anj1023,True,0,1.0000,0.998688,car
img_003792.jpg,mrk8744,mrk8744,True,0,1.0000,0.858982,car
img_003794.jpg,mtt1750,mt71750,False,1,0.8571,0.530459,car
img_003797.jpg,nzs9628,n259628,False,2,0.7143,0.826700,car
img_003801.jpg,mrp4490,mpp4490,False,1,0.8571,0.989884,car
img_003803.jpg,knq0954,kno0954,False,1,0.8571,0.894916,car
img_003805.jpg,pwa6022,pwa6022,True,0,1.0000,0.983940,car
img_003814.jpg,ocz2157,ocz2157,True,0,1.0000,0.927775,car
img_003823.jpg,pxu7775,pxu7775,True,0,1.0000,0.998378,car
img_003826.jpg,pph0682,pph0682,True,0,1.0000,0.910135,car
img_003827.jpg,odp9719,onp9719,False,1,0.8571,0.526683,car
img_003829.jpg,msx0755,msx0755,True,0,1.0000,0.998897,car
img_003831.jpg,mth2345,mth2345,True,0,1.0000,0.982352,car
img_003839.jpg,odp6379,oop6379,False,1,0.8571,0.817567,car
img_003840.jpg,ppo7765,pp07765,False,1,0.8571,0.719262,car
img_003844.jpg,msi3444,ms13444,False,1,0.8571,0.588069,car
img_003856.jpg,ppw9332,ppw9332,True,0,1.0000,0.765451,car
img_003861.jpg,odg6256,ong6256,False,1,0.8571,0.839587,car
img_003865.jpg,mss7130,mss7130,True,0,1.0000,0.341078,car
img_003868.jpg,mrj3434,mrj2434,False,1,0.8571,0.890299,car
img_003872.jpg,msz2300,msz2300,True,0,1.0000,0.835408,car
img_003880.jpg,mqg0481,nog0481,False,2,0.7143,0.848997,car
img_003882.jpg,ppx9714,ppx9714,True,0,1.0000,0.984883,car
img_003885.jpg,ppj6139,ppj6179,False,1,0.8571,0.603558,car
img_003887.jpg,ppd0706,ppo7706,False,2,0.7143,0.706978,car
img_003889.jpg,mqo1197,moo1197,False,1,0.8571,0.462082,car
img_003892.jpg,ode8151,ode8151,True,0,1.0000,0.904528,car
img_003893.jpg,msd0588,msd0588,True,0,1.0000,0.985302,car
img_003898.jpg,kvs9534,w799534,False,3,0.5714,0.162592,car
img_003900.jpg,ovj1856,ovj1856,True,0,1.0000,0.981372,car
img_003903.jpg,odm5316,odm5316,True,0,1.0000,0.511413,car
img_003906.jpg,jhc0151,jcc0151,False,1,0.8571,0.954631,car
img_003910.jpg,ppn5445,ppn5445,True,0,1.0000,0.863083,car
img_003911.jpg,ocw1462,ocm1420,False,3,0.5714,0.685638,car
img_003918.jpg,qqs1833,0051833,False,3,0.5714,0.604714,car
img_003932.jpg,qpw7955,opw7955,False,1,0.8571,0.635338,car
img_003933.jpg,ppw2262,ppw2262,True,0,1.0000,0.610044,car
img_003934.jpg,nys3671,nys3671,True,0,1.0000,0.981839,car
img_003938.jpg,ipr2535,ipr2535,True,0,1.0000,0.998115,car
img_003941.jpg,qnv9350,onv9350,False,1,0.8571,0.999819,car
img_003945.jpg,mki9203,mki9203,True,0,1.0000,0.523453,car
img_003956.jpg,mcm0133,mcm0133,True,0,1.0000,0.985953,car
img_003958.jpg,odh7694,odh7694,True,0,1.0000,0.857721,car
img_003959.jpg,qrb2791,abb2791,False,2,0.7143,0.373005,car
img_003967.jpg,ovl9107,ovl9107,True,0,1.0000,0.866277,car
img_003972.jpg,ods3923,ons3923,False,1,0.8571,0.703315,car
img_003977.jpg,mti4428,mti4428,True,0,1.0000,0.990467,car
img_003978.jpg,mqm4704,mom4704,False,1,0.8571,0.940050,car
img_003989.jpg,mqv8494,mov8494,False,1,0.8571,0.992415,car
img_003997.jpg,kvi4844,kvi4844,True,0,1.0000,0.940456,car
img_003998.jpg,mql4969,mol4969,False,1,0.8571,0.913672,car
img_004021.jpg,lkw3018,lkw3018,True,0,1.0000,0.999316,car
img_004031.jpg,okd8127,okn8127,False,1,0.8571,0.800544,car
img_004040.jpg,ppn9051,ppn9051,True,0,1.0000,0.995377,car
img_004047.jpg,odt1522,odt1522,True,0,1.0000,0.659552,car
img_004048.jpg,oyh0131,ovh0131,False,1,0.8571,0.644529,car
img_004050.jpg,mqn9353,mon9353,False,1,0.8571,0.999699,car
img_004064.jpg,jov9159,jov9159,True,0,1.0000,0.985539,car
img_004069.jpg,ppk5450,ppk5450,True,0,1.0000,0.984764,car
img_004070.jpg,ppf8791,ppf8791,True,0,1.0000,0.994272,car
img_004077.jpg,odc9587,onc9587,False,1,0.8571,0.998404,car
img_004078.jpg,odb1956,odb1956,True,0,1.0000,0.724022,car
img_004087.jpg,ovl9154,ovl9154,True,0,1.0000,0.988334,car
img_004089.jpg,dqo0483,do00483,False,2,0.7143,0.263997,car
img_004092.jpg,oqt1172,oot1172,False,1,0.8571,0.307863,car
img_004094.jpg,mpw5596,mpw5596,True,0,1.0000,0.998007,car
img_004101.jpg,pzl5312,pzl5312,True,0,1.0000,0.867348,car
img_004102.jpg,mqg0481,mog0481,False,1,0.8571,0.979174,car
img_004103.jpg,ppw2533,ppm2533,False,1,0.8571,0.749800,car
img_004111.jpg,mtp3636,mtp3636,True,0,1.0000,0.996093,car
img_004113.jpg,hdr2378,mor2378,False,2,0.7143,0.526003,car
img_004140.jpg,ppz2988,ppz2988,True,0,1.0000,0.931489,car
img_004147.jpg,kvs9534,kys9534,False,1,0.8571,0.909825,car
img_004155.jpg,mtl0940,mtl0940,True,0,1.0000,0.913484,car
img_004171.jpg,odt3275,ont3275,False,1,0.8571,0.986123,car
img_004174.jpg,ppg6004,ppg6004,True,0,1.0000,0.999741,car
img_004175.jpg,dne4018,one4018,False,1,0.8571,0.983958,car
img_004178.jpg,oda0782,oda07b2,False,1,0.8571,0.453004,car
img_004180.jpg,mtb4601,mtb4601,True,0,1.0000,0.955012,car
img_004181.jpg,eex3746,eex346,False,1,0.8571,0.440509,car
img_004182.jpg,ppn5781,ppn5781,True,0,1.0000,0.942536,car
img_004199.jpg,mqr8242,mor8242,False,1,0.8571,0.987406,car
img_004202.jpg,ppo9492,ppo9492,True,0,1.0000,0.779045,car
img_004207.jpg,ppz2988,ppz2988,True,0,1.0000,0.960431,car
img_004208.jpg,qrb3288,orb3288,False,1,0.8571,0.413907,car
img_004214.jpg,odg3184,odg3184,True,0,1.0000,0.997879,car
img_004218.jpg,odg6256,ong6256,False,1,0.8571,0.991852,car
img_004221.jpg,msr6079,msr6079,True,0,1.0000,0.988660,car
img_004222.jpg,oqr1982,oqr1982,True,0,1.0000,0.909191,car
img_004225.jpg,msi4228,msi4228,True,0,1.0000,0.934781,car
img_004226.jpg,hlp4594,hip4594,False,1,0.8571,0.236241,car
img_004228.jpg,msz5769,msz5769,True,0,1.0000,0.575742,car
img_004234.jpg,eex3746,eex3746,True,0,1.0000,0.528176,car
img_004238.jpg,qqy3281,day3281,False,2,0.7143,0.704193,car
img_004240.jpg,hll2570,hll2570,True,0,1.0000,0.957070,car
img_004247.jpg,odl3330,ool3330,False,1,0.8571,0.908484,car
img_004253.jpg,ntg9212,ntg9212,True,0,1.0000,0.962675,car
img_004254.jpg,msc3276,msc3276,True,0,1.0000,0.971928,car
img_004259.jpg,abh2224,abh2224,True,0,1.0000,0.998851,car
img_004263.jpg,odf4930,odf4930,True,0,1.0000,0.882616,car
img_004267.jpg,gxu7640,gyu7640,False,1,0.8571,0.684843,car
img_004273.jpg,kvs9534,kv59534,False,1,0.8571,0.893317,car
img_004275.jpg,mrs9832,mr59832,False,1,0.8571,0.856584,car
img_004283.jpg,qrb7802,orb7802,False,1,0.8571,0.740452,car
img_004286.jpg,ppa3996,ppa3996,True,0,1.0000,0.954044,car
img_004288.jpg,ppx9714,ppx9714,True,0,1.0000,0.989160,car
img_004294.jpg,msc3276,msc3276,True,0,1.0000,0.988041,car
img_004297.jpg,ocv8772,ocv8772,True,0,1.0000,0.992907,car
img_004298.jpg,lpd1908,lpd1908,True,0,1.0000,0.830682,car
img_004303.jpg,odq0904,0000904,False,3,0.5714,0.867696,car
img_004306.jpg,mro8294,mro8294,True,0,1.0000,0.659951,car
img_004310.jpg,qow7372,aom7372,False,2,0.7143,0.227307,car
img_004313.jpg,ppi9341,ppl9341,False,1,0.8571,0.620545,car
img_004326.jpg,ppw2254,ppw2254,True,0,1.0000,0.918019,car
img_004328.jpg,msl0095,msl0095,True,0,1.0000,0.993594,car
img_004329.jpg,ppg6826,ppg6826,True,0,1.0000,0.920847,car
img_004330.jpg,kox5667,kox5667,True,0,1.0000,0.997604,car
img_004333.jpg,fpq0829,fpo0829,False,1,0.8571,0.806282,car
img_004335.jpg,ppw9916,ppw9916,True,0,1.0000,0.998039,car
img_004340.jpg,nqp2386,nqp2386,True,0,1.0000,0.920132,car
img_004348.jpg,lse4561,lse4561,True,0,1.0000,0.989524,car
img_004353.jpg,lqq9882,lo09882,False,2,0.7143,0.955453,car
img_004359.jpg,ods4263,ons4263,False,1,0.8571,0.952548,car
img_004368.jpg,kvs9534,wis9534,False,2,0.7143,0.183644,car
img_004369.jpg,haq9821,haq9821,True,0,1.0000,0.935569,car
img_004375.jpg,mte5192,mte6192,False,1,0.8571,0.961294,car
img_004380.jpg,mql2242,mol2242,False,1,0.8571,0.814739,car
img_004382.jpg,mqm4704,mom4704,False,1,0.8571,0.998235,car
img_004383.jpg,ppw2332,ppw2332,True,0,1.0000,0.992660,car
img_004384.jpg,qnl5207,onl5207,False,1,0.8571,0.799031,car
img_004386.jpg,dqs5659,das569,False,2,0.7143,0.809654,car
img_004393.jpg,mqi4385,moi4385,False,1,0.8571,0.581493,car
img_004394.jpg,lvc9418,lvc9418,True,0,1.0000,0.950486,car
img_004395.jpg,oyk1804,oyk1804,True,0,1.0000,0.990616,car
img_004397.jpg,mtt3179,mtt3179,True,0,1.0000,0.878155,car
img_004411.jpg,dwk3417,dwk3417,True,0,1.0000,0.372653,car
img_004415.jpg,mtv9714,mtv9714,True,0,1.0000,0.979434,car
img_004419.jpg,mtb6924,at86924,False,2,0.7143,0.304000,car
img_004423.jpg,krf8880,krf8880,True,0,1.0000,0.987697,car
img_004427.jpg,qui3394,au13394,False,2,0.7143,0.549263,car
img_004429.jpg,qoc6984,ooc6984,False,1,0.8571,0.591858,car
img_004443.jpg,ocz2526,ocz2526,True,0,1.0000,0.994925,car
img_004445.jpg,mtb4490,mtb4490,True,0,1.0000,0.980657,car
img_004447.jpg,ppo5037,ppo5037,True,0,1.0000,0.911861,car
img_004451.jpg,qrc7572,orc7572,False,1,0.8571,0.868708,car
img_004455.jpg,oyj8962,oyj8962,True,0,1.0000,0.978389,car
img_004459.jpg,ppx9714,ppx9714,True,0,1.0000,0.998917,car
img_004461.jpg,ppm6755,pom6755,False,1,0.8571,0.904774,car
img_004462.jpg,odi4208,odi4208,True,0,1.0000,0.997655,car
img_004465.jpg,eqo6813,e006813,False,2,0.7143,0.744750,car
img_004485.jpg,mrf3420,mpe3420,False,2,0.7143,0.824187,car
img_004486.jpg,gmk5871,gnc5871,False,2,0.7143,0.807340,car
img_004494.jpg,kph5146,kph5146,True,0,1.0000,0.836223,car
img_004502.jpg,qpq7623,apo7623,False,2,0.7143,0.724061,car
img_004506.jpg,mty8669,mty8699,False,1,0.8571,0.567001,car
img_004509.jpg,jhc0151,jhc0151,True,0,1.0000,0.692393,car
img_004510.jpg,kya2043,kya2043,True,0,1.0000,0.997055,car
img_004511.jpg,msx0755,msx0755,True,0,1.0000,0.999438,car
img_004517.jpg,mse5564,mse5564,True,0,1.0000,0.996711,car
img_004527.jpg,ovl5815,ovl5815,True,0,1.0000,0.964764,car
img_004529.jpg,ppn4120,ppn4120,True,0,1.0000,0.999663,car
img_004530.jpg,odc0749,onc0749,False,1,0.8571,0.530430,car
img_004534.jpg,mtw3833,nth3833,False,2,0.7143,0.371749,car
img_004537.jpg,ppx0709,ppx0709,True,0,1.0000,0.993295,car
img_004538.jpg,neh2104,neh2104,True,0,1.0000,0.827331,car
img_004544.jpg,oyh6794,oyh6794,True,0,1.0000,0.994902,car
img_004551.jpg,odg6256,ong6256,False,1,0.8571,0.545662,car
img_004555.jpg,mti4428,mti4428,True,0,1.0000,0.987428,car
img_004558.jpg,qrb0987,orb0987,False,1,0.8571,0.821187,car
img_004561.jpg,ppq2622,ppo2622,False,1,0.8571,0.524354,car
img_004562.jpg,ppt0211,ppt0211,True,0,1.0000,0.982659,car
img_004569.jpg,pyr2725,pyr2725,True,0,1.0000,0.996706,car
img_004573.jpg,mtt3179,mt73179,False,1,0.8571,0.522003,car
img_004578.jpg,msm5854,nsm5854,False,1,0.8571,0.561693,car
img_004579.jpg,oyd8993,oyd8993,True,0,1.0000,0.510099,car
img_004581.jpg,oyd0023,dyd0023,False,1,0.8571,0.778802,car
img_004582.jpg,oyd0384,oyd0384,True,0,1.0000,0.971932,car
img_004588.jpg,ppu4426,ppu4426,True,0,1.0000,0.954969,car
img_004593.jpg,msx0755,msx0755,True,0,1.0000,0.999681,car
img_004600.jpg,mqo1197,mo01197,False,2,0.7143,0.835455,car
img_004603.jpg,ods3923,ons3923,False,1,0.8571,0.599867,car
img_004604.jpg,nzj1306,nzj1306,True,0,1.0000,0.985382,car
img_004606.jpg,ppp0105,ppp0105,True,0,1.0000,0.999119,car
img_004607.jpg,ppt2998,ppt2998,True,0,1.0000,0.998450,car
img_004612.jpg,ocy4344,ocy4344,True,0,1.0000,0.996177,car
img_004627.jpg,qqq1958,0001958,False,3,0.5714,0.988707,car
img_004636.jpg,mtp3636,mtp3636,True,0,1.0000,0.989652,car
img_004639.jpg,pph6494,pph6494,True,0,1.0000,0.998632,car
img_004643.jpg,mqf1825,mqf1825,True,0,1.0000,0.928185,car
img_004646.jpg,mtn7357,mtn7357,True,0,1.0000,0.997615,car
img_004651.jpg,mst3293,mst3293,True,0,1.0000,0.996229,car
img_004664.jpg,mrg0195,mrg0195,True,0,1.0000,0.947499,car
img_004669.jpg,odt6208,odt6208,True,0,1.0000,0.713614,car
img_004670.jpg,quk6465,ouk6465,False,1,0.8571,0.805125,car
img_004680.jpg,mrs7313,mrs7313,True,0,1.0000,0.985101,car
img_004687.jpg,oql2352,oal2352,False,1,0.8571,0.715088,car
img_004696.jpg,oyd9025,oyn9025,False,1,0.8571,0.825554,car
img_004697.jpg,qqt8226,00t8226,False,2,0.7143,0.478091,car
img_004719.jpg,ove9064,ove9064,True,0,1.0000,0.832038,car
img_004738.jpg,ppj8278,ppj8278,True,0,1.0000,0.976467,car
img_004741.jpg,hoi3150,mol3150,False,2,0.7143,0.608384,car
img_004742.jpg,opa3094,opa3094,True,0,1.0000,0.935489,car
img_004743.jpg,qux7702,aux7702,False,1,0.8571,0.468637,car
img_004744.jpg,ppb7779,ppb7779,True,0,1.0000,0.983554,car
img_004746.jpg,cma9593,cma0613,False,3,0.5714,0.446446,car
img_004749.jpg,ods2861,ons2861,False,1,0.8571,0.598872,car
img_004751.jpg,oyi6048,ovi6048,False,1,0.8571,0.570418,car
img_004754.jpg,msm5854,msm5854,True,0,1.0000,0.997070,car
img_004755.jpg,mqg0481,mog0481,False,1,0.8571,0.949238,car
img_004774.jpg,odq0904,0n00904,False,3,0.5714,0.256969,car
img_004788.jpg,koa8428,koa8428,True,0,1.0000,0.917819,car
img_004790.jpg,mrv1063,mrv5061,False,2,0.7143,0.380861,car
img_004795.jpg,ovl5815,ovl5815,True,0,1.0000,0.967158,car
img_004796.jpg,ppo8840,ppo8840,True,0,1.0000,0.675545,car
img_004800.jpg,mrp6098,mrp2098,False,1,0.8571,0.331567,car
img_004804.jpg,mqo8460,mo08460,False,2,0.7143,0.972661,car
img_004805.jpg,mru1092,mru1092,True,0,1.0000,0.825551,car
img_004826.jpg,egk9741,egk9741,True,0,1.0000,0.807697,car
img_004827.jpg,nja5615,nja5615,True,0,1.0000,0.998682,car
img_004845.jpg,qpl9796,opl9796,False,1,0.8571,0.941086,car
img_004849.jpg,qqw6897,oow6897,False,2,0.7143,0.737985,car
img_004850.jpg,ipr2535,ipr2535,True,0,1.0000,0.988484,car
img_004853.jpg,ppz2450,ppz2450,True,0,1.0000,0.993023,car
img_004857.jpg,kwk6703,kwk6703,True,0,1.0000,0.994653,car
img_004858.jpg,mso4987,ms04987,False,1,0.8571,0.931709,car
img_004860.jpg,odh7986,onh7986,False,1,0.8571,0.268204,car
img_004866.jpg,oql2352,ool2352,False,1,0.8571,0.709375,car
img_004868.jpg,ove4468,ove4468,True,0,1.0000,0.487837,car
img_004874.jpg,jvt2910,jvt2910,True,0,1.0000,0.913607,car
img_004875.jpg,ppw6134,ppw6134,True,0,1.0000,0.992840,car
img_004876.jpg,pxn6234,pxn6234,True,0,1.0000,0.896736,car
img_004879.jpg,ppu3886,ppu3886,True,0,1.0000,0.998506,car
img_004884.jpg,oyg3845,oyg3845,True,0,1.0000,0.851412,car
img_004885.jpg,ppu9850,ppu9850,True,0,1.0000,0.977387,car
img_004892.jpg,par2765,par2765,True,0,1.0000,0.998510,car
img_004893.jpg,qos4398,oos4398,False,1,0.8571,0.532162,car
img_004894.jpg,odt1522,ont1522,False,1,0.8571,0.988370,car
img_004901.jpg,dlr1298,dlr1298,True,0,1.0000,0.969623,car
img_004906.jpg,ppz4128,ppz4128,True,0,1.0000,0.945267,car
img_004908.jpg,ppu9756,ppu9756,True,0,1.0000,0.997028,car
img_004913.jpg,kvv4055,kvv4055,True,0,1.0000,0.988102,car
img_004914.jpg,ajs8928,ais8992,False,3,0.5714,0.387950,car
img_004915.jpg,ppo6441,ppo6441,True,0,1.0000,0.962817,car
img_004924.jpg,bao4362,bao4362,True,0,1.0000,0.952145,car
img_004936.jpg,pph0712,pph0712,True,0,1.0000,0.954041,car
img_004938.jpg,odg6256,ong6256,False,1,0.8571,0.993359,car
img_004942.jpg,odk1696,odk1696,True,0,1.0000,0.747183,car
img_004943.jpg,qww1321,onw1321,False,2,0.7143,0.329098,car
img_004947.jpg,loy6261,loy6261,True,0,1.0000,0.999771,car
img_004951.jpg,pwj6866,pwj6866,True,0,1.0000,0.996078,car
img_004952.jpg,mqf8976,mof8976,False,1,0.8571,0.957761,car
img_004957.jpg,msg6735,msg6735,True,0,1.0000,0.998865,car
img_004963.jpg,pps0435,pp50435,False,1,0.8571,0.947105,car
img_004970.jpg,hay5895,hay5895,True,0,1.0000,0.993296,car
img_004973.jpg,ppt6997,ppt6997,True,0,1.0000,0.996211,car
img_004975.jpg,qov4888,oov4888,False,1,0.8571,0.922023,car
img_004976.jpg,mqy8942,mov8942,False,2,0.7143,0.818352,car
img_004979.jpg,mtu2844,mtu2844,True,0,1.0000,0.887415,car
img_004990.jpg,ovk2611,ovk2611,True,0,1.0000,0.993682,car
img_004991.jpg,mtp8313,mtp8313,True,0,1.0000,0.994058,car
img_004996.jpg,mpk8098,mpk8098,True,0,1.0000,0.993786,car
img_010003.jpg,kxg9j64,kxg9764,False,1,0.8571,0.433709,car
img_010010.jpg,qre4e43,orege43,False,2,0.7143,0.413849,car
img_010016.jpg,qrf7b72,orf7872,False,2,0.7143,0.930679,car
img_010018.jpg,qre4f49,ore4f49,False,1,0.8571,0.780807,car
img_010020.jpg,fyo2e04,fyo2604,False,1,0.8571,0.435959,car
img_010021.jpg,mtc2e14,mic2614,False,2,0.7143,0.767364,car
img_010024.jpg,qre8i54,qre8154,False,1,0.8571,0.672077,car
img_010026.jpg,qre1i11,ore3137,False,5,0.2857,0.216962,car
img_010027.jpg,qre4e99,qre4699,False,1,0.8571,0.514032,car
img_010036.jpg,mrx0d58,mpx0058,False,2,0.7143,0.432330,car
img_010039.jpg,qre3f49,qre3649,False,1,0.8571,0.700240,car
img_010045.jpg,qre5h65,ore5465,False,2,0.7143,0.814463,car
img_010048.jpg,ppa7i61,ppa7167,False,2,0.7143,0.800368,car
img_010049.jpg,fou3i88,fou3188,False,1,0.8571,0.939053,car
img_010052.jpg,qre1i46,ore3146,False,3,0.5714,0.529448,car
img_010054.jpg,qre1i11,ore3111,False,3,0.5714,0.219711,car
img_010055.jpg,qrf8f46,ore8646,False,3,0.5714,0.481867,car
img_010056.jpg,fou3i88,fou3188,False,1,0.8571,0.623124,car
img_010057.jpg,qre4e43,orfge43,False,3,0.5714,0.272589,car
img_010060.jpg,ovl0i25,ovl0125,False,1,0.8571,0.462293,car
img_010061.jpg,qre4e99,dregf90,False,4,0.4286,0.475952,car
img_010063.jpg,qre1i46,ore3146,False,3,0.5714,0.874305,car
img_010064.jpg,fou3i88,cou3188,False,2,0.7143,0.689674,car
img_010065.jpg,fyo2e04,evo2e04,False,2,0.7143,0.590448,car
img_010066.jpg,qrf1h46,qre3446,False,3,0.5714,0.762756,car
img_010069.jpg,oyh9f44,eovh964,False,4,0.4286,0.926783,car
img_010071.jpg,qre4f45,qregf45,False,1,0.8571,0.332080,car
img_010072.jpg,qre4e99,qrege99,False,1,0.8571,0.489368,car
img_010073.jpg,qre1i46,qre1146,False,1,0.8571,0.382732,car
img_010076.jpg,qre1i11,ore3131,False,4,0.4286,0.393844,car
img_010077.jpg,qre4e43,qregf43,False,2,0.7143,0.257413,car
img_010079.jpg,qrf6i33,qre6133,False,2,0.7143,0.546862,car
img_010080.jpg,qre1i46,qre3146,False,2,0.7143,0.249671,car
img_010083.jpg,qre1i46,qre3146,False,2,0.7143,0.686233,car
img_010084.jpg,qrf8g17,orc8867,False,4,0.4286,0.733419,car
img_010085.jpg,qre4e43,orege43,False,2,0.7143,0.643334,car
img_010086.jpg,fag3b35,fag3835,False,1,0.8571,0.801567,car
img_010088.jpg,nlh7e39,nlzze39,False,2,0.7143,0.153510,car
img_010089.jpg,qre1i11,qre1137,False,3,0.5714,0.124446,car
img_010091.jpg,qre4f49,qre4f49,True,0,1.0000,0.727107,car
img_010092.jpg,qre8e70,qre8670,False,1,0.8571,0.710878,car
img_010093.jpg,qre4f49,qregf40,False,2,0.7143,0.251608,car
img_010095.jpg,qre1i46,dre7146,False,3,0.5714,0.781300,car
img_010098.jpg,mtd8d09,mm08069,False,4,0.4286,0.487151,car
img_010099.jpg,qre4e99,qregf99,False,2,0.7143,0.483113,car
img_010101.jpg,qrf8f40,qr48640,False,2,0.7143,0.257797,car
img_010102.jpg,qre0f26,oreof26,False,2,0.7143,0.678298,car
img_010104.jpg,qrf8f09,8r68609,False,3,0.5714,0.258265,car
img_010108.jpg,qre4e43,qre4f43,False,1,0.8571,0.773559,car
img_010109.jpg,ovk6e51,ovk6651,False,1,0.8571,0.294311,car
img_010110.jpg,qrg4b68,woug686,False,6,0.1429,0.106415,car
img_010112.jpg,qre1i43,qre1143,False,1,0.8571,0.557145,car
img_010113.jpg,qre4e99,qregf04,False,4,0.4286,0.331653,car
img_010115.jpg,fyo2e04,eyo2604,False,2,0.7143,0.248049,car
img_010117.jpg,qre1i11,qre3137,False,4,0.4286,0.492773,car
img_010118.jpg,qre4e99,qregf94,False,3,0.5714,0.452027,car
img_010119.jpg,qrf8f14,qrc8674,False,3,0.5714,0.368079,car
img_010121.jpg,qre4f49,wore464,False,4,0.4286,0.282205,car
img_010122.jpg,ppc2i82,ppc2182,False,1,0.8571,0.996237,car
img_010123.jpg,qrf4e70,qre4e70,False,1,0.8571,0.657625,car
img_010125.jpg,qre1i38,qre3138,False,2,0.7143,0.465692,car
img_010127.jpg,qrf7b75,qrf7675,False,1,0.8571,0.960053,car
img_010128.jpg,qre4e43,orfge43,False,3,0.5714,0.541715,car
img_010129.jpg,oyf0a79,oye0a79,False,1,0.8571,0.725477,car
img_010132.jpg,kyd5g31,kyd5631,False,1,0.8571,0.957455,car
img_010138.jpg,oda8i94,eda8194,False,2,0.7143,0.524473,car
img_010154.jpg,ocv5g06,ocu5606,False,2,0.7143,0.898637,car
img_010155.jpg,odt7i53,odt7153,False,1,0.8571,0.755574,car
img_010156.jpg,ppa3e45,ppa3e45,True,0,1.0000,0.404725,car
img_010163.jpg,ppw9b82,ddu9887,False,5,0.2857,0.679139,car
img_010165.jpg,ocw3f41,ocu3647,False,3,0.5714,0.463136,car
img_010170.jpg,kza6b06,kza6806,False,1,0.8571,0.554807,car
img_010172.jpg,ppp4b24,ddd4824,False,4,0.4286,0.568762,car
img_010173.jpg,ppw6b71,ppu6871,False,2,0.7143,0.350590,car
img_010175.jpg,msq2c44,ms02c44,False,1,0.8571,0.164902,car
img_010177.jpg,ocv6j28,ocv6j28,True,0,1.0000,0.397078,car
img_010184.jpg,qre9i25,qre9125,False,1,0.8571,0.889113,car
img_010189.jpg,oyg8c87,ovg8687,False,2,0.7143,0.921513,car
img_010192.jpg,dhx8i38,dhx8138,False,1,0.8571,0.674279,car
img_010202.jpg,odr0d28,odrod28,False,1,0.8571,0.535942,car
img_010205.jpg,pzh2j55,pz42j55,False,1,0.8571,0.407968,car
img_010206.jpg,qre6f98,orf6098,False,3,0.5714,0.294063,car
img_010208.jpg,ppa8c34,ppa8634,False,1,0.8571,0.958529,car
img_010209.jpg,kqk7h61,kok7467,False,3,0.5714,0.588173,car
img_010210.jpg,ppe2a41,ppe2043,False,2,0.7143,0.424941,car
img_010211.jpg,mte5e16,mte5616,False,1,0.8571,0.476882,car
img_010212.jpg,mrx0d58,mrx0058,False,1,0.8571,0.301112,car
img_010216.jpg,ooj1a21,pojj427,False,4,0.4286,0.336544,car
img_010217.jpg,odb2b71,00b2871,False,3,0.5714,0.102004,car
img_010219.jpg,kdl5g01,kdl5607,False,2,0.7143,0.623183,car
img_010220.jpg,pym8d73,pym8073,False,1,0.8571,0.880013,car
img_010224.jpg,pxe3f60,dye9181,False,6,0.1429,0.031511,car
img_010225.jpg,qre1i43,orf1143,False,3,0.5714,0.302502,car
img_010227.jpg,qre4e99,qre4f90,False,2,0.7143,0.262768,car
img_010231.jpg,pqx6c83,pox6683,False,2,0.7143,0.376703,car
img_010232.jpg,qrf8g17,qre8617,False,2,0.7143,0.488322,car
img_010233.jpg,qre4f49,qre4f49,True,0,1.0000,0.492457,car
img_010234.jpg,qre1i11,qre1171,False,2,0.7143,0.138894,car
img_010237.jpg,qre4e43,qre4f43,False,1,0.8571,0.468139,car
img_010238.jpg,qre1i46,qre3146,False,2,0.7143,0.836983,car
img_010239.jpg,ffb3e26,ffb3626,False,1,0.8571,0.428681,car
img_010240.jpg,qrh3b66,orm3866,False,3,0.5714,0.534303,car
img_010243.jpg,mpj4j34,apj4534,False,2,0.7143,0.213815,car
img_010244.jpg,qrf8g17,orc8617,False,3,0.5714,0.786195,car
img_010245.jpg,qre7d75,qre7075,False,1,0.8571,0.942781,car
img_010250.jpg,qre4e43,qregf43,False,2,0.7143,0.357332,car
img_010257.jpg,qre4f49,qregf49,False,1,0.8571,0.461430,car
img_010259.jpg,gfl2a37,gfl2437,False,1,0.8571,0.743427,car
img_010260.jpg,qrf6j36,qrc6336,False,2,0.7143,0.521855,car
img_010263.jpg,mst1h25,mst7425,False,2,0.7143,0.889945,car
img_010265.jpg,qre2d66,qre2066,False,1,0.8571,0.977893,car
img_010268.jpg,ppl1h66,ppl2466,False,2,0.7143,0.898786,car
img_010269.jpg,qrf8f09,orc8609,False,3,0.5714,0.831947,car
img_010271.jpg,qre4e99,orege99,False,2,0.7143,0.751417,car
img_010276.jpg,qrf8f14,ore8674,False,4,0.4286,0.392821,car
img_010279.jpg,qre4e99,qregf99,False,2,0.7143,0.363140,car
img_010281.jpg,ppl4c38,ppl4638,False,1,0.8571,0.714513,car
img_010284.jpg,mtw3g74,mtw3674,False,1,0.8571,0.864360,car
img_010285.jpg,qre4e43,orfge43,False,3,0.5714,0.267476,car
img_010286.jpg,qre4e99,orege99,False,2,0.7143,0.440278,car
img_010287.jpg,qrg2h80,org2480,False,2,0.7143,0.727019,car
img_010289.jpg,qre1i11,qre1171,False,2,0.7143,0.202765,car
img_010292.jpg,qrh1h27,orh7h27,False,2,0.7143,0.650490,car
img_010296.jpg,qre1i11,ore1131,False,3,0.5714,0.371742,car
img_010298.jpg,qrf8f87,qre8687,False,2,0.7143,0.396570,car
img_010299.jpg,qrf6j36,orc6376,False,4,0.4286,0.543029,car
img_010300.jpg,qre9e92,qre9692,False,1,0.8571,0.600328,car
img_010302.jpg,qrf6i81,orf6181,False,2,0.7143,0.797958,car
img_010306.jpg,qre1i11,orf1177,False,5,0.2857,0.226934,car
img_010307.jpg,qre1i59,ore3159,False,3,0.5714,0.526979,car
img_010310.jpg,qre1i46,qre3146,False,2,0.7143,0.262968,car
img_010311.jpg,qrf8g17,orc8817,False,3,0.5714,0.135274,car
img_010312.jpg,qre4e43,orege43,False,2,0.7143,0.517861,car
img_010313.jpg,qre1i11,qre3117,False,3,0.5714,0.210755,car
img_010314.jpg,fou3i88,cou3188,False,2,0.7143,0.668023,car
img_010319.jpg,qre4e99,ore4f90,False,3,0.5714,0.488578,car
img_010320.jpg,qrg2i08,qrg2108,False,1,0.8571,0.792571,car
img_010322.jpg,kpr0c73,lproc73,False,2,0.7143,0.614465,car
img_010324.jpg,qre1i11,qre7177,False,4,0.4286,0.155704,car
img_010325.jpg,qrg2h80,org2480,False,2,0.7143,0.681611,car
img_010327.jpg,qrg2h19,org2419,False,2,0.7143,0.784797,car
img_010329.jpg,mrg2a66,emrg246,False,3,0.5714,0.822425,car
img_010333.jpg,odn4i05,oon4105,False,2,0.7143,0.996812,car
img_010334.jpg,odf8j74,od68174,False,2,0.7143,0.233646,car
img_010335.jpg,qre1i59,qre7159,False,2,0.7143,0.525566,car
img_010336.jpg,qrg2i08,org2108,False,2,0.7143,0.994034,car
img_010338.jpg,qrf8g17,orc8817,False,3,0.5714,0.327744,car
img_010339.jpg,qrf6i33,qrc6137,False,3,0.5714,0.497014,car
img_010342.jpg,qre4e99,orege99,False,2,0.7143,0.637386,car
img_010346.jpg,qre1i42,dre3142,False,3,0.5714,0.448598,car
img_010349.jpg,qre4e99,qregf99,False,2,0.7143,0.260716,car
img_010351.jpg,pph2g21,pph2621,False,1,0.8571,0.789008,car
img_010353.jpg,qre8e70,qre8670,False,1,0.8571,0.981324,car
img_010355.jpg,eiy8i27,eeiv812,False,4,0.4286,0.589522,car
img_010356.jpg,qrh1h27,corm922,False,6,0.1429,0.195172,car
img_010357.jpg,ean2g57,efan267,False,3,0.5714,0.472049,car
img_010358.jpg,qrh1h27,orm7427,False,4,0.4286,0.915728,car
img_010359.jpg,qrh7c82,oru2c82,False,3,0.5714,0.409814,car
img_010360.jpg,qre1i11,qre3131,False,3,0.5714,0.142764,car
img_010362.jpg,qre1i43,qre1143,False,1,0.8571,0.427848,car
img_010363.jpg,qre1i11,qre1137,False,3,0.5714,0.156030,car
img_010365.jpg,qre1i11,qre1137,False,3,0.5714,0.407857,car
img_010367.jpg,qrf8f09,crr8609,False,3,0.5714,0.488524,car
img_010370.jpg,qre1i43,qre3143,False,2,0.7143,0.219455,car
img_010371.jpg,qre1i11,qre3177,False,4,0.4286,0.157557,car
img_010372.jpg,qrg4e18,org4618,False,2,0.7143,0.253076,car
img_010375.jpg,fur9c33,eur9c33,False,1,0.8571,0.332956,car
img_010376.jpg,qre7d75,qre7075,False,1,0.8571,0.941066,car
img_010377.jpg,qre0f27,qoee027,False,3,0.5714,0.040788,car
img_010380.jpg,gfl2a37,gffl237,False,2,0.7143,0.449244,car
img_010381.jpg,ppl9g80,ppl9680,False,1,0.8571,0.940341,car
img_010385.jpg,qre4e99,qregf94,False,3,0.5714,0.277687,car
img_010388.jpg,qre1i38,ore1138,False,2,0.7143,0.228691,car
img_010389.jpg,qrh7d34,corh703,False,4,0.4286,0.425545,car
img_010390.jpg,qre7d75,qre7075,False,1,0.8571,0.969126,car
img_010391.jpg,ovl9h03,ovl9403,False,1,0.8571,0.849650,car
img_010394.jpg,qre5d80,dre5080,False,2,0.7143,0.959460,car
img_010395.jpg,qre4e99,cre4f90,False,3,0.5714,0.161639,car
img_010396.jpg,qrh7c82,orh7682,False,2,0.7143,0.280846,car
img_010397.jpg,ppp9c33,epp0033,False,3,0.5714,0.456433,car
img_010399.jpg,qre1i46,qre7146,False,2,0.7143,0.183118,car
img_010403.jpg,qre7d75,qre7075,False,1,0.8571,0.893993,car
img_010404.jpg,qre0f27,gre0038,False,4,0.4286,0.133000,car
img_010406.jpg,qre1h96,orf3499,False,5,0.2857,0.099367,car
img_010408.jpg,qrg5b59,org5859,False,2,0.7143,0.992065,car
img_010409.jpg,odk5h01,codk540,False,3,0.5714,0.932299,car
img_010410.jpg,qrh1h27,orh7m27,False,3,0.5714,0.568071,car
img_010413.jpg,qrf8f09,qr68609,False,2,0.7143,0.657864,car
img_010414.jpg,fag3b35,fag3835,False,1,0.8571,0.666133,car
img_010415.jpg,fyo2e04,fyo2604,False,1,0.8571,0.600686,car
img_010416.jpg,qre4e99,forele9,False,4,0.4286,0.222615,car
img_010418.jpg,qrf8f09,corc810,False,5,0.2857,0.708394,car
img_010420.jpg,qre4e99,qregf99,False,2,0.7143,0.716679,car
img_010422.jpg,qrg4e18,org4e18,False,1,0.8571,0.524596,car
img_010423.jpg,qrf8f09,qrc8609,False,2,0.7143,0.474697,car
img_010425.jpg,qrf8g17,qr68617,False,2,0.7143,0.745790,car
img_010426.jpg,qrf7b69,qrf7869,False,1,0.8571,0.589955,car
img_010428.jpg,qrf8g60,crr8860,False,3,0.5714,0.131900,car
img_010429.jpg,qre4e43,qregf43,False,2,0.7143,0.518392,car
img_010430.jpg,qrf6j21,orc6127,False,4,0.4286,0.206347,car
img_010431.jpg,qre1i11,qre1177,False,3,0.5714,0.288169,car
img_010432.jpg,qrh2c89,qrm2689,False,2,0.7143,0.511432,car
img_010434.jpg,fag3b35,fag3b35,True,0,1.0000,0.598821,car
img_010435.jpg,ppm1h66,ppm1466,False,1,0.8571,0.662321,car
img_010436.jpg,qrf8g17,qr68617,False,2,0.7143,0.673572,car
img_010437.jpg,qre1i11,orf3191,False,5,0.2857,0.359876,car
img_010438.jpg,qre4e99,qregf99,False,2,0.7143,0.519221,car
img_010440.jpg,fyo2e04,cyo2604,False,2,0.7143,0.167389,car
img_010441.jpg,qre1i46,qre1146,False,1,0.8571,0.411926,car
img_010442.jpg,qre5d80,qre5080,False,1,0.8571,0.922180,car
img_010443.jpg,ocz2j46,ocz2j46,True,0,1.0000,0.573732,car
img_010445.jpg,qrf8g17,qrc8617,False,2,0.7143,0.362375,car
img_010447.jpg,qre4e99,qregf94,False,3,0.5714,0.243281,car
img_010448.jpg,qre1i59,ore1159,False,2,0.7143,0.279253,car
img_010449.jpg,qre4e43,orf4643,False,3,0.5714,0.468382,car
img_010450.jpg,qre4e99,oregf99,False,3,0.5714,0.099828,car
img_010451.jpg,fou3i88,fou3188,False,1,0.8571,0.792606,car
img_010452.jpg,qrf6j36,qr66336,False,2,0.7143,0.460461,car
img_010453.jpg,qre1i46,orf7146,False,4,0.4286,0.371779,car
img_010454.jpg,qri0e80,vri0e80,False,1,0.8571,0.511303,car
img_010455.jpg,qre4e99,qre4f90,False,2,0.7143,0.124294,car
img_010457.jpg,qrf8f14,qr68674,False,3,0.5714,0.424259,car
img_010459.jpg,qre1i46,ore3146,False,3,0.5714,0.318089,car
img_010460.jpg,qre4f49,cre4f49,False,1,0.8571,0.376665,car
img_010461.jpg,qre4e99,oregf99,False,3,0.5714,0.157062,car
img_010462.jpg,qrf6j36,qre6336,False,2,0.7143,0.622965,car
img_010464.jpg,fyo2e04,cy02604,False,3,0.5714,0.275244,car
img_010468.jpg,qrh1h69,form764,False,6,0.1429,0.123990,car
img_010470.jpg,qrf8g50,orc8650,False,3,0.5714,0.500589,car
img_010473.jpg,ppl1h66,ppl3468,False,3,0.5714,0.822897,car
img_010476.jpg,qre1i11,ore3111,False,3,0.5714,0.408498,car
img_010479.jpg,qre4e99,drege99,False,2,0.7143,0.436005,car
img_010480.jpg,fyo2e04,eyo2e04,False,1,0.8571,0.418375,car
img_010481.jpg,qre4e99,qre4f99,False,1,0.8571,0.223840,car
img_010482.jpg,odk9d38,lodk903,False,3,0.5714,0.824590,car
img_010484.jpg,qre1h96,qre7496,False,2,0.7143,0.290279,car
img_010485.jpg,qri5h50,ori5450,False,2,0.7143,0.288565,car
img_010487.jpg,qre1i11,qre3111,False,2,0.7143,0.190172,car
img_010488.jpg,qrf8g17,corc861,False,5,0.2857,0.571638,car
img_010489.jpg,qrf8f96,qre8696,False,2,0.7143,0.684281,car
img_010490.jpg,qri0e12,ori0e72,False,2,0.7143,0.206611,car
img_010491.jpg,qrj3d66,opj3d66,False,2,0.7143,0.348045,car
img_010492.jpg,qre4e43,orf4e43,False,2,0.7143,0.280911,car
img_010493.jpg,qre8f57,qre8657,False,1,0.8571,0.780447,car
img_010494.jpg,qre2a11,qre2477,False,3,0.5714,0.583911,car
img_010495.jpg,fyo2e04,fyo2604,False,1,0.8571,0.512487,car
img_010497.jpg,qrf6j33,qrc6133,False,2,0.7143,0.300611,car
img_010498.jpg,qre1i11,ore1171,False,3,0.5714,0.783642,car
img_010499.jpg,qre4e99,qre4f90,False,2,0.7143,0.423939,car
img_010500.jpg,qri0e12,ory0172,False,4,0.4286,0.152618,car
img_010501.jpg,qre1i59,ore1150,False,3,0.5714,0.651230,car
img_010502.jpg,qre4d82,ore4082,False,2,0.7143,0.470985,car
img_010503.jpg,ppt0c87,ppt0687,False,1,0.8571,0.521454,car
img_010506.jpg,qrh1h27,ork1427,False,3,0.5714,0.735651,car
img_010508.jpg,qri0e12,optor72,False,6,0.1429,0.209720,car
img_010510.jpg,qre1i38,ore3138,False,3,0.5714,0.495575,car
img_010512.jpg,qrf8f09,qr68609,False,2,0.7143,0.458867,car
img_010514.jpg,qre1i11,ore1155,False,4,0.4286,0.098759,car
img_010516.jpg,gfl2a37,gfl2437,False,1,0.8571,0.761949,car
img_010517.jpg,qre1i43,qre3143,False,2,0.7143,0.443379,car
img_010518.jpg,qrf8g17,qr68617,False,2,0.7143,0.707758,car
img_010519.jpg,qrf8f96,orf8696,False,2,0.7143,0.744924,car
img_010520.jpg,qre1i11,ore7177,False,5,0.2857,0.309093,car
img_010524.jpg,qre1i43,ore3145,False,4,0.4286,0.205454,car
img_010525.jpg,qre1i46,ore7146,False,3,0.5714,0.851020,car
img_010526.jpg,qre4e43,oregea3,False,3,0.5714,0.773938,car
img_010527.jpg,fur9c33,fur9c37,False,1,0.8571,0.184878,car
img_010529.jpg,qrf8f96,qri8696,False,2,0.7143,0.352627,car
img_010530.jpg,qre6h61,dre6m67,False,3,0.5714,0.823182,car
img_010531.jpg,qrf7b71,qre7b71,False,1,0.8571,0.449808,car
img_010532.jpg,qre4e43,ore4e43,False,1,0.8571,0.555537,car
img_010533.jpg,qrf6j36,ore6136,False,3,0.5714,0.336563,car
img_010537.jpg,ppm0b05,ppm0805,False,1,0.8571,0.694711,car
img_010539.jpg,qre1i11,ore1171,False,3,0.5714,0.337789,car
img_010540.jpg,qrf8g17,qre8617,False,2,0.7143,0.804357,car
img_010541.jpg,qre4e99,orele99,False,2,0.7143,0.612785,car
img_010542.jpg,qrf8f09,orf8600,False,3,0.5714,0.419410,car
img_010544.jpg,fyo2e04,fyo2e04,True,0,1.0000,0.566331,car
img_010545.jpg,qrg0d06,qrg0006,False,1,0.8571,0.689699,car
img_010546.jpg,qrg0d06,org0006,False,2,0.7143,0.750744,car
img_010547.jpg,qrf8g17,gif8677,False,4,0.4286,0.017017,car
img_010548.jpg,qre1i46,ore7t46,False,3,0.5714,0.148450,car
img_010549.jpg,qrf8f40,oreseau,False,6,0.1429,0.489718,car
img_010550.jpg,qre4e99,orege99,False,2,0.7143,0.842784,car
img_010551.jpg,qrg2h80,org2480,False,2,0.7143,0.612549,car
img_010553.jpg,qrg4e18,arg4e18,False,1,0.8571,0.480642,car
img_010554.jpg,qre1i43,ore1165,False,4,0.4286,0.179352,car
img_010556.jpg,qre1i46,ore7146,False,3,0.5714,0.681149,car
img_010559.jpg,qre1i41,ore114,False,3,0.5714,0.840192,car
img_010560.jpg,qrg1i51,org7157,False,4,0.4286,0.310040,car
img_010563.jpg,qre6h61,qre6467,False,2,0.7143,0.158893,car
img_010566.jpg,puy0f60,puy0660,False,1,0.8571,0.559887,car
img_010570.jpg,qre7b35,art7734,False,4,0.4286,0.006295,car
img_010571.jpg,qre4e99,ore4e99,False,1,0.8571,0.530357,car
img_010572.jpg,qrf8f96,ore8064,False,5,0.2857,0.485633,car
img_010574.jpg,ean2g57,reaw265,False,4,0.4286,0.712485,car
img_010575.jpg,qrh1h63,anq4946,False,7,0.0000,0.046392,car
img_010580.jpg,qrg0d06,orgo106,False,3,0.5714,0.158897,car
img_010582.jpg,qre1i46,qre7146,False,2,0.7143,0.455069,car
img_010584.jpg,qre1i59,ore1150,False,3,0.5714,0.516506,car
img_010585.jpg,qre4f36,oreaps,False,5,0.2857,0.270642,car
img_010586.jpg,qre4e99,qre4699,False,1,0.8571,0.281130,car
img_010587.jpg,qrf8f09,qre8609,False,2,0.7143,0.457761,car
img_010591.jpg,puv5e07,dua5607,False,3,0.5714,0.023517,car
img_010593.jpg,qrf8g17,qre8617,False,2,0.7143,0.714872,car
img_010594.jpg,qre1i46,ore3146,False,3,0.5714,0.224478,car
img_010595.jpg,qre4e43,orege43,False,2,0.7143,0.980711,car
img_010597.jpg,qrf8g16,qre8616,False,2,0.7143,0.841802,car
img_010598.jpg,qre4f49,ore4649,False,2,0.7143,0.471780,car
img_010600.jpg,odt7c71,eadt262,False,6,0.1429,0.081175,car
img_010601.jpg,qre1i46,ore7146,False,3,0.5714,0.644915,car
img_010602.jpg,qrf8g17,ore8617,False,3,0.5714,0.760310,car
img_010603.jpg,qre1i43,ore5115,False,5,0.2857,0.111467,car
img_010604.jpg,fag3b35,afa6383,False,4,0.4286,0.506288,car
img_010605.jpg,fag3b35,na63835,False,3,0.5714,0.472675,car
img_010606.jpg,qre4e99,orea000,False,5,0.2857,0.141635,car
img_010607.jpg,qre2d66,ore2066,False,2,0.7143,0.867201,car
img_010609.jpg,qrg0i76,org0176,False,2,0.7143,0.543083,car
img_010611.jpg,fur9c33,fur9c33,True,0,1.0000,0.782335,car
img_010622.jpg,qre4e62,orele62,False,2,0.7143,0.508927,car
img_010623.jpg,qre4e43,oreleaz,False,4,0.4286,0.712761,car
img_010625.jpg,qre4e62,are4f62,False,2,0.7143,0.136716,car
img_010627.jpg,ppm1h66,ppm1466,False,1,0.8571,0.574532,car
img_010628.jpg,qre4e62,orege62,False,2,0.7143,0.679730,car
img_010631.jpg,qrh7c82,orh7682,False,2,0.7143,0.828121,car
img_010632.jpg,qre7c42,frr700,False,5,0.2857,0.019765,car
img_010634.jpg,fyo2e04,fyo2604,False,1,0.8571,0.448415,car
img_010639.jpg,ppd9a96,pp09476,False,3,0.5714,0.319631,car
img_010640.jpg,oyg2i19,oy62110,False,3,0.5714,0.096844,car
img_010645.jpg,qrh1h27,ork1427,False,3,0.5714,0.404107,car
img_010647.jpg,qre1i46,ore1146,False,2,0.7143,0.768220,car
img_010648.jpg,qrf8f40,ore8640,False,3,0.5714,0.656495,car
img_010649.jpg,qre4e62,orege67,False,3,0.5714,0.560457,car
img_010650.jpg,qre8f57,ore8657,False,2,0.7143,0.562055,car
img_010651.jpg,qre4e62,orege62,False,2,0.7143,0.701827,car
img_010653.jpg,qre4e62,orege62,False,2,0.7143,0.630440,car
img_010657.jpg,odq9g65,0009965,False,4,0.4286,0.392150,car
img_010658.jpg,qre4e43,oregeaz,False,4,0.4286,0.232686,car
img_010659.jpg,qre0f26,oreof26,False,2,0.7143,0.751050,car
img_010660.jpg,kyc7h34,kyczh34,False,1,0.8571,0.648802,car
img_010664.jpg,qrf8f96,oke896,False,4,0.4286,0.154610,car
img_010665.jpg,qrf6i13,oreg115,False,5,0.2857,0.610253,car
img_010666.jpg,qre4d82,qrf4082,False,2,0.7143,0.271650,car
img_010667.jpg,qre4f49,oreafl0,False,4,0.4286,0.245788,car
img_010668.jpg,qrf6i81,orf6187,False,3,0.5714,0.557059,car
img_010670.jpg,qrf7b71,qrf7877,False,2,0.7143,0.435696,car
img_010671.jpg,qre4e62,ore4f62,False,2,0.7143,0.510055,car
img_010672.jpg,qrh1h27,orm1427,False,3,0.5714,0.564697,car
img_010673.jpg,qre4e62,ore4f62,False,2,0.7143,0.903818,car
img_010674.jpg,qrf8e39,qrc8639,False,2,0.7143,0.602076,car
img_010677.jpg,ppk1e94,ppk1e94,True,0,1.0000,0.540450,car
img_010681.jpg,qrg1i51,org1157,False,3,0.5714,0.579233,car
img_010682.jpg,qre4e48,ore4f48,False,2,0.7143,0.340988,car
img_010683.jpg,qrf8g56,ore6654,False,5,0.2857,0.510242,car
img_010685.jpg,qrh7c82,orh7682,False,2,0.7143,0.726541,car
img_010686.jpg,qrh7c54,orm7c54,False,2,0.7143,0.640139,car
img_010689.jpg,qrf8g56,ore8656,False,3,0.5714,0.495869,car
img_010690.jpg,qre4e99,ore4f90,False,3,0.5714,0.104843,car
img_010692.jpg,qrh1h63,orh7463,False,3,0.5714,0.341171,car
img_010693.jpg,qre1i46,ore1146,False,2,0.7143,0.479469,car
img_010695.jpg,fag3b35,cag3875,False,3,0.5714,0.783013,car
img_010696.jpg,qre5h99,ore5h00,False,3,0.5714,0.379750,car
img_010698.jpg,qrk2i33,ork2133,False,2,0.7143,0.867204,car
img_010699.jpg,pxq7g07,pxo7607,False,2,0.7143,0.407099,car
img_010700.jpg,qre4e43,orf6e43,False,3,0.5714,0.293830,car
img_010701.jpg,dml7h99,dml7499,False,1,0.8571,0.802430,car
img_010705.jpg,qrg4c51,hop6165,False,7,0.0000,0.158999,car
img_010706.jpg,qre4e99,qregf99,False,2,0.7143,0.403080,car
img_010707.jpg,qrf6i13,orc4113,False,4,0.4286,0.467779,car
img_010708.jpg,fou3i88,eou3188,False,2,0.7143,0.650346,car
img_010713.jpg,mrx0e84,mrx0f84,False,1,0.8571,0.552707,car
img_010714.jpg,qrh1h27,ormi427,False,4,0.4286,0.756365,car
img_010715.jpg,qrj6j85,orj6185,False,2,0.7143,0.262518,car
img_010716.jpg,qre1i43,ore1143,False,2,0.7143,0.581923,car
img_010717.jpg,qrf8f40,ofe8f60,False,4,0.4286,0.176096,car
img_010718.jpg,odg1i10,oog1110,False,2,0.7143,0.649348,car
img_010720.jpg,qrh1h27,orhi477,False,4,0.4286,0.296918,car
img_010721.jpg,qrf8f96,obfsh06,False,5,0.2857,0.289033,car
img_010723.jpg,qrg4c51,eqrg465,False,3,0.5714,0.421188,car
img_010724.jpg,qre1i17,qre1117,False,1,0.8571,0.940540,car
img_010726.jpg,fag3b35,fag3835,False,1,0.8571,0.979319,car
img_010728.jpg,qre4e62,qregf62,False,2,0.7143,0.347218,car
img_010729.jpg,qre1i22,dre1127,False,3,0.5714,0.287950,car
img_010730.jpg,qre1i46,ore7146,False,3,0.5714,0.701268,car
img_010733.jpg,qre6b82,ore6882,False,2,0.7143,0.329540,car
img_010734.jpg,qrf8g16,qrc8616,False,2,0.7143,0.502367,car
img_010737.jpg,qre1i17,ore1117,False,2,0.7143,0.462927,car
img_010741.jpg,qrf8f09,qrc8600,False,3,0.5714,0.775263,car
img_010742.jpg,qrk3j82,ark3822,False,3,0.5714,0.889389,car
img_010743.jpg,qre6h51,qre6h51,True,0,1.0000,0.471824,car
img_010744.jpg,qre4e99,ore4f90,False,3,0.5714,0.335729,car
img_010748.jpg,msl0j08,msloj08,False,1,0.8571,0.944983,car
img_010749.jpg,mtq7c43,hi07043,False,4,0.4286,0.162119,car
img_010751.jpg,qrj7j93,orj7j93,False,1,0.8571,0.578212,car
img_010752.jpg,qre4e62,qre4f62,False,1,0.8571,0.352693,car
img_010754.jpg,qre1i46,drett66,False,4,0.4286,0.267550,car
img_010757.jpg,qre1h96,qre1496,False,1,0.8571,0.689442,car
img_010758.jpg,qrj8d08,qri8008,False,2,0.7143,0.516210,car
img_010761.jpg,qrf7b75,qr67675,False,2,0.7143,0.326600,car
img_010767.jpg,qre4f51,ore4551,False,2,0.7143,0.267278,car
img_010768.jpg,ppn6e20,ppn6e20,True,0,1.0000,0.447067,car
img_010772.jpg,qrh1h27,ork1427,False,3,0.5714,0.798068,car
img_010773.jpg,qrg1i51,org1151,False,2,0.7143,0.517631,car
img_010774.jpg,qre4e99,ore4e99,False,1,0.8571,0.819333,car
img_010775.jpg,qre4e62,orele62,False,2,0.7143,0.935230,car
img_010777.jpg,qrh1h27,orm1427,False,3,0.5714,0.547333,car
img_010779.jpg,qrk1b36,ork1836,False,2,0.7143,0.900095,car
img_010780.jpg,qrf8f96,ore8696,False,3,0.5714,0.626066,car
img_010781.jpg,qrh1h27,orm1422,False,4,0.4286,0.324224,car
img_010791.jpg,qrk4h78,ork4478,False,2,0.7143,0.645261,car
img_010792.jpg,gup7i58,gup7158,False,1,0.8571,0.990830,car
img_010798.jpg,qre1i17,qre1117,False,1,0.8571,0.796185,car
img_010799.jpg,mta6c01,mta6601,False,1,0.8571,0.500935,car
img_010802.jpg,qre1i46,oietla,False,6,0.1429,0.019160,car
img_010804.jpg,qrk3j82,ork382,False,2,0.7143,0.597821,car
img_010807.jpg,ppl1i61,dpl5141,False,4,0.4286,0.103277,car
img_010809.jpg,qre4e99,ore4f90,False,3,0.5714,0.269032,car
img_010810.jpg,fyo2e04,fyo2e04,True,0,1.0000,0.584210,car
img_010811.jpg,fag3b35,fag3835,False,1,0.8571,0.933849,car
img_010812.jpg,qrf8f09,ore8f04,False,3,0.5714,0.082575,car
img_010813.jpg,qrk3j82,ork3182,False,2,0.7143,0.576238,car
img_010814.jpg,ppb8h62,pp88462,False,2,0.7143,0.645050,car
img_010816.jpg,qrj8d70,orj8670,False,2,0.7143,0.517941,car
img_010826.jpg,qrk2d57,ork2057,False,2,0.7143,0.981201,car
img_010838.jpg,ppb0e63,ppb0663,False,1,0.8571,0.867711,car
img_010839.jpg,qrg4f05,org4005,False,2,0.7143,0.981476,car
img_010842.jpg,ovf3j74,ove3374,False,2,0.7143,0.678843,car
img_010852.jpg,ppm2a38,ppm2478,False,2,0.7143,0.628328,car
img_010854.jpg,fgn1g71,cgn1677,False,3,0.5714,0.250666,car
img_010861.jpg,drq0j22,dro0j22,False,1,0.8571,0.563523,car
img_010873.jpg,mqo5d53,mo05053,False,3,0.5714,0.578807,car
img_010885.jpg,ocy7g84,ocy7684,False,1,0.8571,0.949017,car
img_010892.jpg,odi4f77,modi477,False,2,0.7143,0.648143,car
img_010893.jpg,ovi0h54,sovi0m5,False,3,0.5714,0.163615,car
img_010904.jpg,ovk3h81,ovk3489,False,2,0.7143,0.686894,car
img_010906.jpg,pxe9d61,pxe9067,False,2,0.7143,0.362758,car
img_010910.jpg,qri3f41,ori3647,False,3,0.5714,0.379980,car
img_010911.jpg,oda8i69,oda8169,False,1,0.8571,0.755051,car
img_010919.jpg,qrf0e74,qrc0f74,False,2,0.7143,0.359882,car
img_010921.jpg,mtm7d42,htm2042,False,3,0.5714,0.904252,car
img_010922.jpg,qoo9b08,q000808,False,4,0.4286,0.177623,car
img_010923.jpg,eqv6h43,eqv6h43,True,0,1.0000,0.265978,car
img_010931.jpg,kxo2g72,kx02672,False,2,0.7143,0.750748,car
img_010937.jpg,mtx9d59,mtx9059,False,1,0.8571,0.531403,car
img_010940.jpg,qrd8e38,ar08638,False,3,0.5714,0.494920,car
img_010942.jpg,msd4g97,msd4997,False,1,0.8571,0.559831,car
img_010946.jpg,aue1b95,aue1895,False,1,0.8571,0.460287,car
img_010948.jpg,oda0b36,oda0b36,True,0,1.0000,0.468517,car
img_010952.jpg,fag3b35,bag3835,False,2,0.7143,0.517221,car
img_010958.jpg,qrf8f96,orf8696,False,2,0.7143,0.586525,car
img_010959.jpg,qri0e80,oride80,False,2,0.7143,0.490634,car
img_010960.jpg,qre1i59,ore1159,False,2,0.7143,0.797927,car
img_010961.jpg,qre1i46,obe7146,False,4,0.4286,0.858487,car
img_010962.jpg,fag3b35,fag3835,False,1,0.8571,0.684281,car
img_010963.jpg,qre1i46,ore7746,False,3,0.5714,0.427332,car
img_010968.jpg,ppl1h66,ppl7446,False,3,0.5714,0.453026,car
img_010974.jpg,odg8b30,ed68830,False,3,0.5714,0.755444,car
img_010975.jpg,qre2d62,err2267,False,4,0.4286,0.259100,car
img_010976.jpg,qrg2h80,arr2280,False,3,0.5714,0.521148,car
img_010977.jpg,qrg4c51,orc4657,False,4,0.4286,0.182529,car
img_010978.jpg,qrk3j82,ork782,False,3,0.5714,0.324358,car
img_010979.jpg,qrh1h63,eqqh746,False,5,0.2857,0.037154,car
img_010980.jpg,qrh6c25,sorm6c2,False,4,0.4286,0.187872,car
img_010982.jpg,mqd8h53,emod845,False,4,0.4286,0.198602,car
img_010990.jpg,qre7b35,ore7b35,False,1,0.8571,0.734526,car
img_010991.jpg,odc8b66,odc8866,False,1,0.8571,0.962972,car
img_010993.jpg,fgj5j09,fgj5309,False,1,0.8571,0.717198,car
img_010995.jpg,ode2e62,ode2662,False,1,0.8571,0.435337,car
img_010997.jpg,qre4e62,grelf62,False,3,0.5714,0.354543,car
img_011000.jpg,ppl1h66,ppl1468,False,2,0.7143,0.144403,car
img_011002.jpg,ppo8g33,ppo8633,False,1,0.8571,0.991682,car
img_011006.jpg,jik9g12,ejik912,False,2,0.7143,0.447995,car
img_011010.jpg,ovh0c16,ovh0616,False,1,0.8571,0.238127,car
img_011015.jpg,qrf8f96,orc8696,False,3,0.5714,0.458254,car
img_011016.jpg,qre4e99,qre6f99,False,2,0.7143,0.100397,car
img_011018.jpg,qre8f57,ore8657,False,2,0.7143,0.504047,car
img_011019.jpg,mpj4i75,mpj4175,False,1,0.8571,0.523671,car
img_011023.jpg,qre2d62,cre2067,False,3,0.5714,0.467872,car
img_011024.jpg,pvz3j33,pvz3333,False,1,0.8571,0.973232,car
img_011025.jpg,dml7h99,dml7499,False,1,0.8571,0.157794,car
img_011027.jpg,qre4e62,qre4f62,False,1,0.8571,0.585022,car
img_011029.jpg,qre6f01,qrek607,False,3,0.5714,0.545852,car
img_011030.jpg,ppr4f54,ppryf44,False,2,0.7143,0.147126,car
img_011031.jpg,qrf8f96,qrf8696,False,1,0.8571,0.485033,car
img_011032.jpg,qrf8g56,qre8656,False,2,0.7143,0.473176,car
img_011033.jpg,qrk6a67,ork6467,False,2,0.7143,0.953340,car
img_011036.jpg,odq3g38,odo3638,False,2,0.7143,0.915958,car
img_011037.jpg,oye4a60,ovega60,False,2,0.7143,0.673415,car
img_011040.jpg,qrf8f96,qre8696,False,2,0.7143,0.819382,car
img_011041.jpg,qre3c07,qre3c07,True,0,1.0000,0.875736,car
img_011043.jpg,mtt9f90,mtt969,False,2,0.7143,0.504914,car
img_011045.jpg,qrh7c82,orm7c82,False,2,0.7143,0.532181,car
img_011046.jpg,qre1g39,ore1639,False,2,0.7143,0.761727,car
img_011050.jpg,ovj5h32,ovj5433,False,2,0.7143,0.570463,car
img_011051.jpg,qre1i43,ore1143,False,2,0.7143,0.447509,car
img_011053.jpg,qre1i17,ore1117,False,2,0.7143,0.623243,car
img_011054.jpg,qrf8f96,qrf8696,False,1,0.8571,0.693079,car
img_011056.jpg,aze3g20,aze3620,False,1,0.8571,0.998066,car
img_011059.jpg,qrf8f14,qre8674,False,3,0.5714,0.209245,car
img_011060.jpg,iwi5a82,mivi548,False,4,0.4286,0.244510,car
img_011062.jpg,kfr4f88,kfr4688,False,1,0.8571,0.785919,car
img_011063.jpg,mpj4j19,mpj4719,False,1,0.8571,0.452230,car
img_011066.jpg,mpj4i75,mpj475,False,1,0.8571,0.266625,car
img_011068.jpg,qrf8f96,qre8696,False,2,0.7143,0.468162,car
img_011069.jpg,qre4e99,qre4699,False,1,0.8571,0.202242,car
img_011072.jpg,qre4e62,orege62,False,2,0.7143,0.734945,car
img_011075.jpg,ppo3h68,ppozh68,False,1,0.8571,0.735971,car
img_011079.jpg,qre1i46,ore1146,False,2,0.7143,0.661790,car
img_011080.jpg,qre4e99,ore4e99,False,1,0.8571,0.453340,car
img_011081.jpg,qrf8f96,qre8696,False,2,0.7143,0.581070,car
img_011082.jpg,mpj4i75,mpj417,False,2,0.7143,0.527443,car
img_011085.jpg,qrj6j94,orj6j94,False,1,0.8571,0.710190,car
img_011090.jpg,nxp3d79,exx3079,False,3,0.5714,0.477853,car
img_011092.jpg,pqx6c83,pox6683,False,2,0.7143,0.893290,car
img_011101.jpg,ppx8j70,ppx8170,False,1,0.8571,0.818316,car
img_011103.jpg,ppp9c33,ppp0033,False,2,0.7143,0.525847,car
img_011104.jpg,qrk4c74,ork4674,False,2,0.7143,0.699508,car
img_011106.jpg,qrg5c94,arg5694,False,2,0.7143,0.506803,car
img_011107.jpg,mqd8h53,mod8453,False,2,0.7143,0.366967,car
img_011108.jpg,qre5g52,ore5652,False,2,0.7143,0.539422,car
img_011110.jpg,qrj6j85,qrj6j85,True,0,1.0000,0.269113,car
img_011112.jpg,ovk2i46,ovy214c,False,3,0.5714,0.197966,car
img_011114.jpg,ppu5e18,ppu5e18,True,0,1.0000,0.731546,car
img_011121.jpg,kyg3e11,kyg3617,False,2,0.7143,0.513018,car
img_011128.jpg,qrf8g56,qrf8656,False,1,0.8571,0.489006,car
img_011129.jpg,qrf8f96,qre8696,False,2,0.7143,0.407551,car
img_011130.jpg,ppl1h66,pplih60,False,2,0.7143,0.209862,car
img_011131.jpg,ppo3h68,ppo3h68,True,0,1.0000,0.946889,car
img_011137.jpg,qrf8g68,qre8668,False,2,0.7143,0.970850,car
img_011141.jpg,pqk6i84,pok6184,False,2,0.7143,0.979208,car
img_011143.jpg,qre4e99,qre4699,False,1,0.8571,0.375983,car
img_011144.jpg,qrf7b72,qrf7872,False,1,0.8571,0.930231,car
img_011153.jpg,qre1i59,orety52,False,4,0.4286,0.050518,car
img_011157.jpg,olq5f47,volo5f4,False,3,0.5714,0.143438,car
img_011159.jpg,mpj4j19,emp4319,False,3,0.5714,0.368402,car
img_011161.jpg,cub6d65,cub6065,False,1,0.8571,0.684691,car
img_011162.jpg,lli6i01,vlu1610,False,5,0.2857,0.360171,car
img_011163.jpg,qrf8g17,qre8617,False,2,0.7143,0.519049,car
img_011169.jpg,mqg8a95,hog8105,False,4,0.4286,0.535652,car
img_011171.jpg,odl2f09,odl2609,False,1,0.8571,0.979146,car
img_011174.jpg,qrj1i60,corj116,False,4,0.4286,0.579990,car
img_011175.jpg,iwi5a82,havi5a8,False,4,0.4286,0.316038,car
img_011180.jpg,qre2d62,qre2062,False,1,0.8571,0.780460,car
img_011185.jpg,odi2i59,odi2159,False,1,0.8571,0.923961,car
img_011187.jpg,qrj6j94,orj6194,False,2,0.7143,0.441484,car
img_011188.jpg,qre4e62,qregf62,False,2,0.7143,0.731424,car
img_011189.jpg,qre4e43,orege65,False,4,0.4286,0.208951,car
img_011199.jpg,qre4e62,orege62,False,2,0.7143,0.359929,car
img_011200.jpg,qre4f51,qre4551,False,1,0.8571,0.269928,car
img_011205.jpg,qre5d80,oresner,False,5,0.2857,0.678410,car
img_011206.jpg,qba2a72,oba2472,False,2,0.7143,0.586602,car
img_011207.jpg,qrh1h69,ooh1469,False,3,0.5714,0.103741,car
img_011211.jpg,dqz3i17,doz3117,False,2,0.7143,0.338935,car
img_011214.jpg,qrh1h27,orkind7,False,5,0.2857,0.149078,car
img_011218.jpg,ohf7d03,ohf7003,False,1,0.8571,0.926052,car
img_011220.jpg,ayb1c25,avb1625,False,2,0.7143,0.467745,car
img_011225.jpg,qri3a81,ori3a87,False,2,0.7143,0.324803,car
img_011228.jpg,odr0d77,odro077,False,2,0.7143,0.721276,car
img_011233.jpg,ody9a33,ody9457,False,3,0.5714,0.476940,car
img_011234.jpg,qrf8a50,or68450,False,3,0.5714,0.416711,car
img_011235.jpg,qrf8f09,orf8609,False,2,0.7143,0.747217,car
img_011240.jpg,qrh2f15,orh2695,False,3,0.5714,0.440233,car
img_011244.jpg,lli6i01,illi610,False,3,0.5714,0.816061,car
img_011245.jpg,qrf8f96,ore8696,False,3,0.5714,0.552590,car
img_011246.jpg,oyj1j24,ovj1124,False,2,0.7143,0.422412,car
img_011247.jpg,qrh1h27,orhin77,False,4,0.4286,0.135611,car
img_011248.jpg,nmp7j20,emp7126,False,3,0.5714,0.334720,car
img_011251.jpg,qri3a81,ori3487,False,3,0.5714,0.697607,car
img_011253.jpg,odc7i79,odc7179,False,1,0.8571,0.987145,car
img_011260.jpg,dml7h99,cml7499,False,2,0.7143,0.394519,car
img_011261.jpg,qrf8g17,qr68617,False,2,0.7143,0.532173,car
img_011263.jpg,qrk0c33,ork0033,False,2,0.7143,0.497514,car
img_011273.jpg,qrl1j87,lorl138,False,4,0.4286,0.533056,car
img_011277.jpg,ocx2i38,ocx2178,False,2,0.7143,0.630530,car
img_011283.jpg,qrj2c09,sorj260,False,4,0.4286,0.280963,car
img_011285.jpg,msq0h81,ms00487,False,3,0.5714,0.454071,car
img_011297.jpg,qrf8f96,qrf8696,False,1,0.8571,0.464130,car
img_011301.jpg,ppv6g66,ppv6666,False,1,0.8571,0.988626,car
img_011303.jpg,dml7h99,dml7499,False,1,0.8571,0.938772,car
img_011304.jpg,qrj6j94,ori6194,False,3,0.5714,0.536609,car
img_011310.jpg,gpp5a39,gpd5439,False,2,0.7143,0.254413,car
img_011315.jpg,qrk6a67,ork6467,False,2,0.7143,0.985364,car
img_011316.jpg,qrg3d23,oigs074,False,6,0.1429,0.050637,car
img_011317.jpg,qre1i17,qre1117,False,1,0.8571,0.693091,car
img_011321.jpg,ppq0i63,ppo0163,False,2,0.7143,0.904523,car
img_011324.jpg,mpj4j19,mpj4319,False,1,0.8571,0.482424,car
img_011325.jpg,qrj1i60,corj714,False,6,0.1429,0.210696,car
img_011326.jpg,dqz3i17,noz3177,False,4,0.4286,0.796448,car
img_011328.jpg,ocz3d22,ocz3027,False,2,0.7143,0.826326,car
img_011331.jpg,ppq0i63,ppo0163,False,2,0.7143,0.520397,car
img_011332.jpg,oye3h99,ove3h99,False,1,0.8571,0.641855,car
img_011335.jpg,mty6c21,emtv662,False,4,0.4286,0.386516,car
img_011339.jpg,ode2e62,ooe2662,False,2,0.7143,0.097494,car
img_011341.jpg,qrc6h39,orc6439,False,2,0.7143,0.861152,car
img_011344.jpg,pqk6i84,pok6184,False,2,0.7143,0.996020,car
img_011352.jpg,qre4f45,qre4645,False,1,0.8571,0.575648,car
img_011353.jpg,eyw5f60,evu5600,False,4,0.4286,0.243863,car
img_011354.jpg,ppl1h66,ppl1466,False,1,0.8571,0.514298,car
img_011356.jpg,qrj1i60,orj1160,False,2,0.7143,0.871586,car
img_011361.jpg,ppn6e20,ppn6e20,True,0,1.0000,0.478999,car
img_011362.jpg,oda8i83,oda8183,False,1,0.8571,0.951058,car
img_011364.jpg,qrf8g09,qrf8609,False,1,0.8571,0.889997,car
img_011365.jpg,ohf7d03,ohf7003,False,1,0.8571,0.938107,car
img_011378.jpg,pjj8g19,pjj8619,False,1,0.8571,0.855818,car
img_011380.jpg,qrh1i40,obhtyad,False,6,0.1429,0.235133,car
img_011384.jpg,pqx6c83,pox6683,False,2,0.7143,0.555759,car
img_011385.jpg,qrl6g07,orl6607,False,2,0.7143,0.994058,car
img_011387.jpg,dml7h99,dml7499,False,1,0.8571,0.979167,car
img_011388.jpg,ppl7f22,ppl7627,False,2,0.7143,0.796059,car
img_011389.jpg,qre8f57,qre8657,False,1,0.8571,0.474749,car
img_011391.jpg,qre4f49,oregf49,False,2,0.7143,0.216406,car
img_011392.jpg,qre4d82,ore4n82,False,2,0.7143,0.489771,car
img_011395.jpg,ppq9c30,ppo9c30,False,1,0.8571,0.273611,car
img_011396.jpg,qrf6j36,orck178,False,6,0.1429,0.329141,car
img_011398.jpg,qre4e62,oreleg7,False,4,0.4286,0.587289,car
img_011401.jpg,qre4e43,crele43,False,2,0.7143,0.150553,car
img_011406.jpg,ppt1g04,ppt1604,False,1,0.8571,0.844158,car
img_011407.jpg,pjj8g19,pjj8619,False,1,0.8571,0.996646,car
img_011408.jpg,mtd8d09,mto8009,False,2,0.7143,0.367606,car
img_011409.jpg,dml7h99,dml7499,False,1,0.8571,0.480708,car
img_011410.jpg,qqu1h68,aqu148,False,3,0.5714,0.241667,car
img_011411.jpg,qrf8f09,qre8609,False,2,0.7143,0.666025,car
img_011415.jpg,ppn6e20,ppn6f20,False,1,0.8571,0.297633,car
img_011421.jpg,etf8c86,etf8c86,True,0,1.0000,0.558189,car
img_011422.jpg,hmb3b00,hmb3800,False,1,0.8571,0.954750,car
img_011429.jpg,ohf7d03,okc2003,False,4,0.4286,0.372133,car
img_011435.jpg,hgi5h67,egi5467,False,2,0.7143,0.462741,car
img_011436.jpg,kyc9b10,kyc9b10,True,0,1.0000,0.808024,car
img_011437.jpg,odd6e85,odd5685,False,2,0.7143,0.189794,car
img_011439.jpg,qrg4f05,qrg4605,False,1,0.8571,0.781137,car
img_011442.jpg,oda2e64,oda2e64,True,0,1.0000,0.441092,car
img_011444.jpg,hjj3b83,mj13833,False,4,0.4286,0.108300,car
img_011445.jpg,mra1f21,mra1621,False,1,0.8571,0.572340,car
img_011447.jpg,ppe9j10,ppe9j10,True,0,1.0000,0.674271,car
img_011451.jpg,qre5h99,gersh99,False,4,0.4286,0.530830,car
img_011452.jpg,qpf8i80,opf8180,False,2,0.7143,0.341969,car
img_011453.jpg,ohf7d03,chf7003,False,2,0.7143,0.264281,car
img_011456.jpg,qrk0c33,orkoc33,False,2,0.7143,0.690432,car
img_011457.jpg,qrj2c09,orj2c09,False,1,0.8571,0.455637,car
img_011465.jpg,qre4e62,orele62,False,2,0.7143,0.740576,car
img_011466.jpg,qtu8i45,otu8145,False,2,0.7143,0.694781,car
img_011467.jpg,ppu7h07,ppu7507,False,1,0.8571,0.683995,car
img_011468.jpg,qre6h51,ore6459,False,3,0.5714,0.299824,car
img_011470.jpg,qrj6j85,orja185,False,3,0.5714,0.418726,car
img_011471.jpg,ppv3i89,ppu3189,False,2,0.7143,0.995022,car
img_011473.jpg,eyw5f60,evyn560,False,3,0.5714,0.266880,car
img_011478.jpg,ppl1h66,pplim66,False,2,0.7143,0.508752,car
img_011486.jpg,oyj1j24,ovj1724,False,2,0.7143,0.492835,car
img_011489.jpg,ppm5d93,ppm5093,False,1,0.8571,0.689564,car
img_011496.jpg,ppz9c36,pp70634,False,4,0.4286,0.128948,car
img_011503.jpg,pqk6i84,pok6184,False,2,0.7143,0.997238,car
img_011504.jpg,dml7h99,dml7499,False,1,0.8571,0.779426,car
img_011509.jpg,ppq0i63,ppo0163,False,2,0.7143,0.908754,car
img_011510.jpg,pqx6c83,pol6ck7,False,4,0.4286,0.387633,car
img_011512.jpg,mpj4i75,mpj4175,False,1,0.8571,0.764736,car
img_011514.jpg,dml7h99,dml7499,False,1,0.8571,0.680143,car
img_011515.jpg,qrh7c06,orh7c08,False,2,0.7143,0.544796,car
img_011518.jpg,ocv8i88,ocv8188,False,1,0.8571,0.752900,car
img_011523.jpg,qrj6i87,orj6187,False,2,0.7143,0.808333,car
img_011525.jpg,mra1f21,mra1621,False,1,0.8571,0.301392,car
img_011526.jpg,qre1i40,ore1160,False,3,0.5714,0.204129,car
img_011532.jpg,qrf6h99,qrf6599,False,1,0.8571,0.322733,car
img_011536.jpg,qre4f51,ore4651,False,2,0.7143,0.300471,car
img_011540.jpg,qrk7h94,ork7h94,False,1,0.8571,0.631030,car
img_011541.jpg,qrg5c94,org5694,False,2,0.7143,0.379722,car
img_011544.jpg,ppq3c10,ppo03c1,False,3,0.5714,0.152694,car
img_011548.jpg,qrg4f05,org4605,False,2,0.7143,0.275634,car
img_011553.jpg,oyi3j77,ooy1377,False,3,0.5714,0.220737,car
img_011560.jpg,qrl8e61,orl8f67,False,3,0.5714,0.660917,car
img_011562.jpg,qre1i40,qre1140,False,1,0.8571,0.479446,car
img_011564.jpg,ppo3h68,ppo3h68,True,0,1.0000,0.582007,car
img_011566.jpg,mpj4i75,epj4175,False,2,0.7143,0.835283,car
img_011567.jpg,ppq0i81,ppo0187,False,3,0.5714,0.629964,car
img_011572.jpg,mtd8d09,ktb8007,False,4,0.4286,0.260655,car
img_011573.jpg,qrg4e18,orgle18,False,2,0.7143,0.904817,car
img_011574.jpg,qrj6j94,qua107,False,6,0.1429,0.425963,car
img_011577.jpg,qrm0j47,arm0j47,False,1,0.8571,0.133851,car
img_011578.jpg,qre4f51,grel659,False,4,0.4286,0.141080,car
img_011579.jpg,qri3a81,ori3487,False,3,0.5714,0.539770,car
img_011581.jpg,ppl1h66,ppl1466,False,1,0.8571,0.797984,car
img_011583.jpg,qrl6g07,orl6607,False,2,0.7143,0.988839,car
img_011584.jpg,qre1i40,qre7140,False,2,0.7143,0.496951,car
img_011585.jpg,qre4d82,qre4082,False,1,0.8571,0.933412,car
img_011586.jpg,iun1a41,tunta47,False,3,0.5714,0.179462,car
img_011589.jpg,qrl0g01,orlo607,False,4,0.4286,0.786049,car
img_011591.jpg,qre1i40,qre1140,False,1,0.8571,0.344030,car
img_011598.jpg,dml7h99,dml7h99,True,0,1.0000,0.701540,car
img_011600.jpg,qrj1i60,orj1166,False,3,0.5714,0.257016,car
img_011603.jpg,qrf8f96,qrf8696,False,1,0.8571,0.779724,car
img_011604.jpg,qre4f51,qre4551,False,1,0.8571,0.362937,car
img_011606.jpg,pkf0a92,pke0492,False,2,0.7143,0.755003,car
img_011610.jpg,qrf5j08,orf5108,False,2,0.7143,0.352276,car
img_011612.jpg,ppo2f94,ppo2f94,True,0,1.0000,0.711811,car
img_011613.jpg,ocx2i38,ocx2138,False,1,0.8571,0.962134,car
img_011614.jpg,dml7h99,dml2499,False,2,0.7143,0.768653,car
img_011619.jpg,qrb3b21,orb3827,False,3,0.5714,0.736050,car
img_011620.jpg,dqz3i17,doz3117,False,2,0.7143,0.584662,car
img_011626.jpg,qrj1h35,orj1435,False,2,0.7143,0.543172,car
img_011627.jpg,qoh5h70,ooh5470,False,2,0.7143,0.691709,car
img_011631.jpg,jux5d87,jux5087,False,1,0.8571,0.580742,car
img_011641.jpg,kql5f86,kol5686,False,2,0.7143,0.384271,car
img_011643.jpg,pkf0a92,pke0492,False,2,0.7143,0.790579,car
img_011646.jpg,ppj6j99,ppj6199,False,1,0.8571,0.870755,car
img_011647.jpg,qri1a81,qri7487,False,3,0.5714,0.457987,car
img_011648.jpg,mqg8a95,mog8495,False,2,0.7143,0.603887,car
img_011651.jpg,pzz4c98,pzzc98,False,1,0.8571,0.525553,car
img_011654.jpg,qrf6j36,qre6336,False,2,0.7143,0.399502,car
img_011660.jpg,mtu2f92,mtu2692,False,1,0.8571,0.541632,car
img_011666.jpg,qrk4c74,ork4674,False,2,0.7143,0.603392,car
img_011667.jpg,qrj1i60,arj1160,False,2,0.7143,0.766000,car
img_011668.jpg,qrh1h27,ork1427,False,3,0.5714,0.348582,car
img_011669.jpg,mtx2e16,emtx269,False,4,0.4286,0.566071,car
img_011677.jpg,odp5e57,codp5e5,False,2,0.7143,0.445377,car
img_011681.jpg,msd0c50,msd0650,False,1,0.8571,0.199483,car
img_011682.jpg,ppe9j10,ppe9j10,True,0,1.0000,0.521187,car
img_011689.jpg,qrf8f96,qrf8696,False,1,0.8571,0.873792,car
img_011690.jpg,qre2i26,dre2126,False,2,0.7143,0.884340,car
img_011692.jpg,qre8f57,oresf57,False,2,0.7143,0.150142,car
img_011694.jpg,qrg5c94,org5694,False,2,0.7143,0.606116,car
img_011698.jpg,mtu2f92,mtu2692,False,1,0.8571,0.981927,car
img_011700.jpg,qrg5c94,orf5004,False,4,0.4286,0.510176,car
img_011703.jpg,pqx6c83,pox6683,False,2,0.7143,0.957366,car
img_011708.jpg,mtv1e84,htv1684,False,2,0.7143,0.246655,car
img_011710.jpg,mdo6e68,md06668,False,2,0.7143,0.534848,car
img_011715.jpg,qrk7h94,ork7h94,False,1,0.8571,0.440902,car
img_011716.jpg,qre8f57,ore8657,False,2,0.7143,0.529316,car
img_011719.jpg,mtu2f92,mtu2692,False,1,0.8571,0.796199,car
img_011720.jpg,ppz9c36,epz0636,False,3,0.5714,0.412843,car
img_011724.jpg,lsu5a61,lsu5467,False,2,0.7143,0.807449,car
img_011725.jpg,mpj4i75,spj4175,False,2,0.7143,0.874674,car
img_011728.jpg,qre1i54,ore1154,False,2,0.7143,0.944973,car
img_011731.jpg,kdl5g01,kol5601,False,2,0.7143,0.976254,car
img_011734.jpg,qrg0d06,org0d06,False,1,0.8571,0.444818,car
img_011736.jpg,jik9g12,jik9612,False,1,0.8571,0.981446,car
img_011737.jpg,ppf9a33,pdc9437,False,4,0.4286,0.620536,car
img_011740.jpg,ppl2j70,ppl2370,False,1,0.8571,0.893687,car
img_011744.jpg,qrk3c30,obk3c30,False,2,0.7143,0.932032,car
img_011749.jpg,qrf7b75,qrc7b75,False,1,0.8571,0.160796,car
img_011751.jpg,qri3g65,lori366,False,4,0.4286,0.544210,car
img_011753.jpg,qrh7c06,orm7c06,False,2,0.7143,0.843102,car
img_011755.jpg,pqk6i84,pok6184,False,2,0.7143,0.989760,car
img_011765.jpg,qrj1i60,arr1166,False,4,0.4286,0.357543,car
img_011766.jpg,qre5g52,ore5652,False,2,0.7143,0.979086,car
img_011767.jpg,qre4e48,orele48,False,2,0.7143,0.628080,car
img_011772.jpg,qrf8g16,orf8616,False,2,0.7143,0.770133,car
img_011773.jpg,qre1i59,ore1159,False,2,0.7143,0.634831,car
img_011777.jpg,ppp9c33,ppp9933,False,1,0.8571,0.372836,car
img_011781.jpg,qrl6g07,orl6607,False,2,0.7143,0.962133,car
img_011787.jpg,odt2d32,ont2632,False,2,0.7143,0.598828,car
img_011796.jpg,oyf0a79,oye0a79,False,1,0.8571,0.432162,car
img_011797.jpg,ppp7h63,ppp7h63,True,0,1.0000,0.300301,car
img_011799.jpg,ppe9j10,ppe9310,False,1,0.8571,0.567809,car
img_011801.jpg,qrk4c74,ork4674,False,2,0.7143,0.609724,car
img_011803.jpg,qrj1i60,orj7160,False,3,0.5714,0.475246,car
img_011805.jpg,dml7h99,dml7499,False,1,0.8571,0.932916,car
img_011806.jpg,ppb5h53,pdb5433,False,3,0.5714,0.469554,car
img_011808.jpg,ppv3i89,cpu3189,False,3,0.5714,0.706586,car
img_011814.jpg,qrh7c06,orh2006,False,3,0.5714,0.155219,car
img_011815.jpg,qrj1i60,orj1160,False,2,0.7143,0.941226,car
img_011818.jpg,qbn4e00,obnle00,False,2,0.7143,0.775508,car
img_011820.jpg,qrl8h45,orl8445,False,2,0.7143,0.980757,car
img_011822.jpg,pvl0g62,pvl0622,False,2,0.7143,0.501371,car
img_011825.jpg,krf5g00,kre5660,False,3,0.5714,0.508651,car
img_011837.jpg,mrl0b65,mrl0865,False,1,0.8571,0.751742,car
img_011838.jpg,qri9d23,qri9023,False,1,0.8571,0.766779,car
img_011840.jpg,odp5e57,copp5e5,False,3,0.5714,0.118565,car
img_011843.jpg,qre4f49,ore4f49,False,1,0.8571,0.143983,car
img_011849.jpg,qre4e99,orege99,False,2,0.7143,0.872492,car
img_011851.jpg,ocx2i38,oocx217,False,4,0.4286,0.265437,car
img_011854.jpg,mpj4j19,amp4319,False,3,0.5714,0.355448,car
img_011855.jpg,qev1b59,coev185,False,4,0.4286,0.537014,car
img_011860.jpg,qre5g52,ores657,False,4,0.4286,0.336774,car
img_011861.jpg,qre1i40,ore7140,False,3,0.5714,0.343655,car
img_011863.jpg,mst7g12,est7612,False,2,0.7143,0.414436,car
img_011864.jpg,qrj6j94,qrj6j94,True,0,1.0000,0.333471,car
img_011866.jpg,odp9j48,codp944,False,3,0.5714,0.607798,car
img_011867.jpg,qre4f51,ore4551,False,2,0.7143,0.328166,car
img_011868.jpg,odn5e19,oon5e19,False,1,0.8571,0.341116,car
img_011869.jpg,qre4f49,qre4f49,True,0,1.0000,0.673656,car
img_011871.jpg,qrf7d69,qrf7069,False,1,0.8571,0.792856,car
img_011872.jpg,qrf7h85,orf7465,False,3,0.5714,0.516655,car
img_011876.jpg,qrf8f09,qrc8609,False,2,0.7143,0.657132,car
img_011879.jpg,ovi1i13,ovi7113,False,2,0.7143,0.674175,car
img_011880.jpg,qre1i40,qre1140,False,1,0.8571,0.606836,car
img_011881.jpg,qrk0c33,ork0033,False,2,0.7143,0.444905,car
img_011882.jpg,mss4b21,mss4227,False,2,0.7143,0.783078,car
img_011884.jpg,qre4e48,ore4e48,False,1,0.8571,0.162267,car
img_011886.jpg,ppj6j99,ppj6199,False,1,0.8571,0.520146,car
img_011889.jpg,gfl2a37,gfl2437,False,1,0.8571,0.890029,car
img_011895.jpg,dqz3i17,iooz311,False,5,0.2857,0.192888,car
img_011897.jpg,pqx6c83,pox6833,False,3,0.5714,0.995955,car
img_011900.jpg,mrp3b59,mrp3859,False,1,0.8571,0.980808,car
img_011904.jpg,qre4f49,ore4f49,False,1,0.8571,0.336702,car
img_011905.jpg,ocx2i38,lccx213,False,4,0.4286,0.511818,car
img_011907.jpg,mtd5b22,mt05822,False,2,0.7143,0.304697,car
img_011910.jpg,qrf7b75,qrf7675,False,1,0.8571,0.582046,car
img_011911.jpg,mtu2f92,mtu2692,False,1,0.8571,0.985388,car
img_011916.jpg,ovj5h32,ovj5433,False,2,0.7143,0.238107,car
img_011917.jpg,qre1i17,qre1117,False,1,0.8571,0.593936,car
img_011920.jpg,qre4e43,oregea,False,4,0.4286,0.755830,car
img_011921.jpg,dml7h99,dml7499,False,1,0.8571,0.834652,car
img_011927.jpg,oyg7f49,ovg7699,False,3,0.5714,0.481466,car
img_011930.jpg,qrf8f09,qr68609,False,2,0.7143,0.451257,car
img_011931.jpg,mtl6e22,mtl6627,False,2,0.7143,0.331253,car
img_011936.jpg,qrh1h27,orh7427,False,3,0.5714,0.482719,car
img_011942.jpg,qrj7b99,orj7899,False,2,0.7143,0.683421,car
img_011943.jpg,eyw5f60,eyn5660,False,2,0.7143,0.842454,car
img_011944.jpg,qrh3b66,orh3866,False,2,0.7143,0.923302,car
img_011948.jpg,qrl2h06,orl2h06,False,1,0.8571,0.623059,car
img_011949.jpg,qna7b16,ona7816,False,2,0.7143,0.666757,car
img_011957.jpg,mtx3c51,mtx3651,False,1,0.8571,0.244227,car
img_011960.jpg,edz5f72,edz5672,False,1,0.8571,0.769185,car
img_011962.jpg,mqi1c02,mo11602,False,3,0.5714,0.348925,car
img_011965.jpg,ppu7h07,ppu7507,False,1,0.8571,0.531228,car
img_011967.jpg,oye0b98,oye0898,False,1,0.8571,0.596590,car
img_011974.jpg,odc3c52,odc3c52,True,0,1.0000,0.983388,car
img_011979.jpg,oye0b98,oye0898,False,1,0.8571,0.618825,car
img_011981.jpg,qre1i40,ore7140,False,3,0.5714,0.287765,car
img_011985.jpg,hzo9c38,hz09338,False,2,0.7143,0.569576,car
img_011992.jpg,qrf1a66,qrf1466,False,1,0.8571,0.342777,car
img_011993.jpg,qre1i40,ore7140,False,3,0.5714,0.690002,car
img_011999.jpg,hjo1j00,hj01100,False,2,0.7143,0.432913,car
img_012006.jpg,qre4f36,ore436,False,2,0.7143,0.540898,car
img_012007.jpg,qre5g52,qre5652,False,1,0.8571,0.427979,car
img_012009.jpg,qrm4a16,orm4476,False,3,0.5714,0.479435,car
img_012010.jpg,cub6d65,ccb6065,False,2,0.7143,0.496092,car
img_012013.jpg,qre1i40,ore3140,False,3,0.5714,0.399341,car
img_012014.jpg,qrf8f96,qre8696,False,2,0.7143,0.538917,car
img_012016.jpg,mss5h50,mooz550,False,4,0.4286,0.090194,car
img_012017.jpg,odn5e19,oon5e19,False,1,0.8571,0.732634,car
img_012018.jpg,qbn4e00,obnge00,False,2,0.7143,0.537917,car
img_012021.jpg,mtv1e84,mtv1e84,True,0,1.0000,0.602285,car
img_012026.jpg,oyd7g50,ovd7650,False,2,0.7143,0.951906,car
img_012027.jpg,lqc0j14,lloc937,False,6,0.1429,0.384611,car
img_012028.jpg,qbn4e00,obn4e00,False,1,0.8571,0.948977,car
img_012030.jpg,ppq9b16,epp09b1,False,3,0.5714,0.484311,car
img_012031.jpg,qre4b42,qre4b42,True,0,1.0000,0.127320,car
img_012035.jpg,pqx6c83,pox6833,False,3,0.5714,0.996432,car
img_012037.jpg,qre1i40,qre7140,False,2,0.7143,0.350123,car
img_012040.jpg,mpj4i75,mpj4175,False,1,0.8571,0.987288,car
img_012041.jpg,qrj5d10,orj5010,False,2,0.7143,0.916646,car
img_012043.jpg,qrf8g50,orc8650,False,3,0.5714,0.977436,car
img_012045.jpg,qrg4f05,org4605,False,2,0.7143,0.616174,car
img_012049.jpg,lup7d43,lup7043,False,1,0.8571,0.637951,car
img_012053.jpg,odt2d32,bodt203,False,3,0.5714,0.803267,car
img_012054.jpg,ohf7d03,oxc7003,False,3,0.5714,0.388314,car
img_012055.jpg,odf1h05,odf3405,False,2,0.7143,0.498797,car
img_012058.jpg,qre1i40,qre1140,False,1,0.8571,0.653826,car
img_012059.jpg,qre5g52,ore5652,False,2,0.7143,0.901004,car
img_012060.jpg,qre4e99,ore4e99,False,1,0.8571,0.370022,car
img_012062.jpg,ppt1g04,ppt1604,False,1,0.8571,0.591733,car
img_012063.jpg,qrj6j94,orj6194,False,2,0.7143,0.807416,car
img_012070.jpg,qre8f57,breg674,False,5,0.2857,0.081010,car
img_012078.jpg,hbl8b72,hbl8872,False,1,0.8571,0.978207,car
img_012082.jpg,eew8h94,eew8494,False,1,0.8571,0.902429,car
img_012084.jpg,qrh1h27,orhih77,False,3,0.5714,0.560226,car
img_012092.jpg,ove9j90,cove979,False,3,0.5714,0.264080,car
img_012093.jpg,qri3a81,qri3487,False,2,0.7143,0.621635,car
img_012094.jpg,qrl5g63,arl5663,False,2,0.7143,0.986990,car
img_012095.jpg,ocx2i38,ocx2178,False,2,0.7143,0.494599,car
img_012097.jpg,qrh1h27,orh7427,False,3,0.5714,0.751364,car
img_012114.jpg,mph9b72,emph987,False,3,0.5714,0.842047,car
img_012115.jpg,msv3c83,msv383,False,1,0.8571,0.997669,car
img_012116.jpg,qrl2i49,orl2149,False,2,0.7143,0.664406,car
img_012119.jpg,qre1i40,ore1140,False,2,0.7143,0.354197,car
img_012121.jpg,qre4e62,qregf62,False,2,0.7143,0.678725,car
img_012122.jpg,qre6j26,qre6326,False,1,0.8571,0.504046,car
img_012126.jpg,qre4d82,orf4082,False,3,0.5714,0.313413,car
img_012129.jpg,qre5h99,ore5499,False,2,0.7143,0.302846,car
img_012130.jpg,qre4e77,orege77,False,2,0.7143,0.943541,car
img_012131.jpg,ppp4c37,ppp4337,False,1,0.8571,0.217520,car
img_012133.jpg,ocx2i38,ocx2138,False,1,0.8571,0.695786,car
img_012136.jpg,qrh1h63,orh7m63,False,3,0.5714,0.656822,car
img_012137.jpg,qre6f01,ore6001,False,2,0.7143,0.420218,car
img_012139.jpg,ppn6e20,pdn6e20,False,1,0.8571,0.787734,car
img_012142.jpg,ppp9c33,ppp9033,False,1,0.8571,0.510988,car
img_012145.jpg,qrg4f05,qrg4005,False,1,0.8571,0.504938,car
img_012146.jpg,qre4d82,qre4082,False,1,0.8571,0.834475,car
img_012149.jpg,ppl5h51,ppl5451,False,1,0.8571,0.963840,car
img_012150.jpg,qrg5c25,org5c25,False,1,0.8571,0.593104,car
img_012151.jpg,qrj6j94,orj6j94,False,1,0.8571,0.388470,car
img_012162.jpg,qrf6j36,oreg18g,False,6,0.1429,0.055284,car
img_012168.jpg,qrl5d88,orl5088,False,2,0.7143,0.982872,car
img_012170.jpg,qri3a81,ori3a87,False,2,0.7143,0.722760,car
img_012175.jpg,ppp4c37,ppp4377,False,2,0.7143,0.471178,car
img_012176.jpg,oyg3j10,ovg3310,False,2,0.7143,0.564518,car
img_012177.jpg,qre4d82,qre4082,False,1,0.8571,0.678786,car
img_012183.jpg,mss5a48,mss548,False,1,0.8571,0.705935,car
img_012186.jpg,ovk8i54,couk875,False,4,0.4286,0.334022,car
img_012187.jpg,qre4e99,ore4699,False,2,0.7143,0.235436,car
img_012188.jpg,qre1i41,qre1147,False,2,0.7143,0.135121,car
img_012190.jpg,qrf8g17,qr68817,False,2,0.7143,0.558754,car
img_012191.jpg,mpz2a30,mpz2430,False,1,0.8571,0.663768,car
img_012193.jpg,mpz2a30,mpz2430,False,1,0.8571,0.814830,car
img_012194.jpg,qrf8g17,qr68617,False,2,0.7143,0.433206,car
img_012197.jpg,qre4e99,cre4699,False,2,0.7143,0.327768,car
img_012198.jpg,mpy5a63,apy5463,False,2,0.7143,0.297244,car
img_012203.jpg,qrf8g17,qr68617,False,2,0.7143,0.609111,car
img_012205.jpg,qre4f45,orf4645,False,3,0.5714,0.408835,car
img_012206.jpg,ppo9e79,fp09679,False,3,0.5714,0.286510,car
img_012207.jpg,qre1i46,ore7146,False,3,0.5714,0.914416,car
img_012208.jpg,gfl2a37,gfl237,False,1,0.8571,0.388572,car
img_012209.jpg,fqg0a45,coc6145,False,5,0.2857,0.391201,car
img_012210.jpg,pzl2c24,azz2224,False,3,0.5714,0.893898,car
img_012214.jpg,qre4f45,orf4645,False,3,0.5714,0.735315,car
img_012216.jpg,qrf8g17,qr68617,False,2,0.7143,0.599748,car
img_012217.jpg,qre2d62,qre2062,False,1,0.8571,0.681913,car
img_012218.jpg,odm2g44,odm2644,False,1,0.8571,0.748315,car
img_012220.jpg,qrf8g17,qr68617,False,2,0.7143,0.612519,car
img_012221.jpg,qre4e99,qre4f99,False,1,0.8571,0.222991,car
img_012223.jpg,qre4f49,orf4649,False,3,0.5714,0.410394,car
img_012224.jpg,mpz2a30,epp2430,False,3,0.5714,0.307459,car
img_012225.jpg,qrf8f09,qrc8609,False,2,0.7143,0.516144,car
img_012227.jpg,qrf8g17,qrc8617,False,2,0.7143,0.678268,car
img_012228.jpg,qre1i41,ore1147,False,3,0.5714,0.700214,car
img_012230.jpg,hmf0g82,emm6662,False,5,0.2857,0.174818,car
img_012232.jpg,qrf6j21,qre6327,False,3,0.5714,0.304689,car
img_012233.jpg,qrf0f90,orc0690,False,3,0.5714,0.700431,car
img_012234.jpg,mpz2a30,opz2630,False,2,0.7143,0.242627,car
img_012235.jpg,fyo2e04,cy02604,False,3,0.5714,0.386515,car
img_012236.jpg,qre0f27,ore0627,False,2,0.7143,0.503264,car
img_012240.jpg,qre0e61,qre0f67,False,2,0.7143,0.493376,car
img_012241.jpg,qrf8g17,qrc8817,False,2,0.7143,0.316711,car
img_012242.jpg,qre4e99,oregf99,False,3,0.5714,0.126785,car
img_012243.jpg,fyo2e04,cyo2604,False,2,0.7143,0.586173,car
img_012244.jpg,qre0f26,qre0f26,True,0,1.0000,0.340912,car
img_012246.jpg,ppa9a31,xp4156,False,6,0.1429,0.066531,car
img_012248.jpg,qre1i41,orf3147,False,5,0.2857,0.345149,car
img_012249.jpg,qre4d82,orf4082,False,3,0.5714,0.249397,car
img_012254.jpg,gfl2a37,gff2437,False,2,0.7143,0.377727,car
img_012255.jpg,qrf8g17,qrc8617,False,2,0.7143,0.678136,car
img_012256.jpg,ppi7a68,ppi7468,False,1,0.8571,0.815736,car
img_012258.jpg,qrf8g17,qr68617,False,2,0.7143,0.538142,car
img_012259.jpg,qre1i41,orf3147,False,5,0.2857,0.235074,car
img_012261.jpg,qre0f27,qre0f27,True,0,1.0000,0.561935,car
img_012262.jpg,gfl2a37,gffl237,False,2,0.7143,0.362253,car
img_012263.jpg,qrf6j17,orc6317,False,3,0.5714,0.429739,car
img_012264.jpg,qrf8f40,qr68640,False,2,0.7143,0.635614,car
img_012267.jpg,ppm1h66,ppm1466,False,1,0.8571,0.783239,car
img_012268.jpg,qrf8f09,qrc8609,False,2,0.7143,0.398979,car
img_012269.jpg,mqz0j93,moz0j93,False,1,0.8571,0.903958,car
img_012274.jpg,qrf8g17,qrc8867,False,3,0.5714,0.248966,car
img_012275.jpg,qre1i46,are1146,False,2,0.7143,0.368937,car
img_012276.jpg,qre1i43,ore3143,False,3,0.5714,0.230950,car
img_012277.jpg,qre7d75,qre7075,False,1,0.8571,0.463831,car
img_012278.jpg,mst1h25,mst7m25,False,2,0.7143,0.495910,car
img_012279.jpg,qrf6i07,wr86107,False,3,0.5714,0.058395,car
img_012280.jpg,qre8e70,orf8670,False,3,0.5714,0.720618,car
img_012281.jpg,qrf8g17,orc8861,False,5,0.2857,0.572852,car
img_012282.jpg,mrl9c91,mrl9191,False,1,0.8571,0.509504,car
img_012283.jpg,qrf8f87,qrf8687,False,1,0.8571,0.527595,car
img_012284.jpg,qrf6j33,qrc6333,False,2,0.7143,0.136379,car
img_012285.jpg,qrf8f14,orf8674,False,3,0.5714,0.556086,car
img_012287.jpg,qrf8g17,qr68617,False,2,0.7143,0.453860,car
img_012288.jpg,qre4e43,orf4f43,False,3,0.5714,0.188511,car
img_012290.jpg,qre1i43,qre3143,False,2,0.7143,0.581253,car
img_012295.jpg,fag3b35,cag3835,False,2,0.7143,0.816997,car
img_012297.jpg,qre1i46,orf3146,False,4,0.4286,0.312898,car
img_012298.jpg,qre1i43,orf3147,False,5,0.2857,0.236944,car
img_012300.jpg,qre8e70,qre8670,False,1,0.8571,0.757775,car
img_012301.jpg,qre1i46,qre3146,False,2,0.7143,0.453856,car
img_012303.jpg,qrf6i37,borc615,False,6,0.1429,0.076538,car
img_012305.jpg,qre1i11,lore319,False,5,0.2857,0.340746,car
img_012306.jpg,qre4e43,opf4f43,False,4,0.4286,0.436274,car
img_012309.jpg,gfl2a37,lgfl237,False,2,0.7143,0.539066,car
img_012310.jpg,qrf6j33,qr66333,False,2,0.7143,0.883860,car
img_012311.jpg,qre4e99,ore4f99,False,2,0.7143,0.419769,car
img_012312.jpg,fyo2e04,fyo2604,False,1,0.8571,0.628122,car
img_012314.jpg,odn2e68,odn2668,False,1,0.8571,0.778170,car
img_012316.jpg,ppl1h66,ppl3466,False,2,0.7143,0.980431,car
img_012317.jpg,ppm0f57,ppm0657,False,1,0.8571,0.350847,car
img_012318.jpg,qre4e43,orf4f43,False,3,0.5714,0.472685,car
img_012319.jpg,qre1i46,qre3146,False,2,0.7143,0.447597,car
img_012321.jpg,qrf8g17,qr68617,False,2,0.7143,0.712410,car
img_012323.jpg,qre4e43,orege43,False,2,0.7143,0.476450,car
img_012324.jpg,qre4e99,orege99,False,2,0.7143,0.746370,car
img_012326.jpg,qre1i11,ore1177,False,4,0.4286,0.335271,car
img_012327.jpg,qre1i46,qre3146,False,2,0.7143,0.723148,car
img_012328.jpg,qrf8g17,qr68617,False,2,0.7143,0.781388,car
img_012330.jpg,qre4e43,dregf43,False,3,0.5714,0.801258,car
img_012331.jpg,qrf8g50,orc8650,False,3,0.5714,0.468047,car
img_012332.jpg,qrf8f34,qr68634,False,2,0.7143,0.550503,car
img_012333.jpg,qrf8g17,orc8861,False,5,0.2857,0.558218,car
img_012334.jpg,qre4e99,orege99,False,2,0.7143,0.358130,car
img_012335.jpg,qrf6j24,qrf6j24,True,0,1.0000,0.118472,car
img_012336.jpg,qrg2i08,org2108,False,2,0.7143,0.908418,car
img_012337.jpg,qrf6i07,erc6107,False,3,0.5714,0.621421,car
img_012338.jpg,ove3f52,ove3652,False,1,0.8571,0.447087,car
img_012339.jpg,qrf8g17,qrc8617,False,2,0.7143,0.343069,car
img_012340.jpg,qre1i43,qre1143,False,1,0.8571,0.831623,car
img_012341.jpg,qre1i42,qre3142,False,2,0.7143,0.632094,car
img_012342.jpg,mpz2a30,mdz2430,False,2,0.7143,0.476166,car
img_012344.jpg,mtt8f14,mtt8634,False,2,0.7143,0.217017,car
img_012345.jpg,qrh1h27,ork7427,False,4,0.4286,0.593712,car
img_012346.jpg,ppk0g10,ppk0610,False,1,0.8571,0.391339,car
img_012348.jpg,qre4e99,qrege99,False,1,0.8571,0.401927,car
img_012350.jpg,qrf8f09,qqr6860,False,4,0.4286,0.313312,car
img_012351.jpg,qrh7c82,work768,False,5,0.2857,0.120119,car
img_012353.jpg,qrf8g17,orc8861,False,5,0.2857,0.979391,car
img_012354.jpg,qre4e43,orege43,False,2,0.7143,0.542870,car
img_012355.jpg,qrf8g17,qr68817,False,2,0.7143,0.354888,car
img_012356.jpg,ppl1h66,ppl7m66,False,2,0.7143,0.267425,car
img_012358.jpg,qrf8f09,qrc8669,False,3,0.5714,0.369426,car
img_012359.jpg,qrf8g17,vr48617,False,3,0.5714,0.137756,car
img_012361.jpg,qrf8g17,qrc8867,False,3,0.5714,0.467373,car
img_012362.jpg,mtv1e84,mtv1684,False,1,0.8571,0.559458,car
img_012363.jpg,qrg2i08,qr62108,False,2,0.7143,0.754473,car
img_012365.jpg,fag3b35,cac3835,False,3,0.5714,0.905423,car
img_012366.jpg,qre1i43,qre3143,False,2,0.7143,0.464177,car
img_012368.jpg,qrf8g17,qrc8867,False,3,0.5714,0.526334,car
img_012369.jpg,qrh1h27,ork1427,False,3,0.5714,0.737318,car
img_012370.jpg,qre4e43,orfgf43,False,4,0.4286,0.110362,car
img_012373.jpg,qre4e43,oregeu3,False,3,0.5714,0.139959,car
img_012374.jpg,fyo2e04,fyo2604,False,1,0.8571,0.394395,car
img_012376.jpg,pxa4h05,pxa4505,False,1,0.8571,0.487721,car
img_012377.jpg,qrg2i08,or62108,False,3,0.5714,0.504675,car
img_012382.jpg,mtt8f14,mtt8674,False,2,0.7143,0.344733,car
img_012383.jpg,qrf8f09,qr68609,False,2,0.7143,0.668318,car
img_012385.jpg,fag3b35,efac383,False,4,0.4286,0.197656,car
img_012386.jpg,qrf8g17,qrc8817,False,2,0.7143,0.357167,car
img_012387.jpg,qrf6j17,orc6317,False,3,0.5714,0.219410,car
img_012388.jpg,qre4e43,qre4f43,False,1,0.8571,0.609914,car
img_012389.jpg,qrg2h19,org2419,False,2,0.7143,0.938604,car
img_012390.jpg,ppl1h66,ppl7466,False,2,0.7143,0.489392,car
img_012391.jpg,qrf8g17,qrc8861,False,4,0.4286,0.196586,car
img_012392.jpg,qrf8f09,qre8609,False,2,0.7143,0.581005,car
img_012393.jpg,qrf8g17,qre8617,False,2,0.7143,0.522435,car
img_012395.jpg,qre4e43,opegf43,False,4,0.4286,0.420389,car
img_012396.jpg,qrf8f87,qrf8687,False,1,0.8571,0.601873,car
img_012398.jpg,qre1i41,drfj141,False,4,0.4286,0.097366,car
img_012399.jpg,qrf8g17,qrc8867,False,3,0.5714,0.728126,car
img_012400.jpg,ppl1h66,ppl7468,False,3,0.5714,0.206109,car
img_012402.jpg,qre1i11,qre3137,False,4,0.4286,0.278293,car
img_012403.jpg,qrf8g68,ore8668,False,3,0.5714,0.513341,car
img_012404.jpg,qre0f27,ore0f27,False,1,0.8571,0.740826,car
img_012405.jpg,mpz2a30,cpp2230,False,3,0.5714,0.436519,car
img_012406.jpg,qrg2h19,forg241,False,4,0.4286,0.780482,car
img_012408.jpg,qrf8g17,orc8867,False,4,0.4286,0.543098,car
img_012411.jpg,qrg6b53,qrg617,False,3,0.5714,0.039213,car
img_012417.jpg,qrf8f09,qrc8609,False,2,0.7143,0.684145,car
img_012418.jpg,ppl1h66,ppl7464,False,3,0.5714,0.860043,car
img_012419.jpg,qrh7g54,orh7654,False,2,0.7143,0.479474,car
img_012420.jpg,qre4e43,qre4f43,False,1,0.8571,0.199700,car
img_012421.jpg,qre4f49,qrf4649,False,2,0.7143,0.659530,car
img_012422.jpg,ppl1h66,pdl7464,False,4,0.4286,0.101438,car
img_012423.jpg,qre0f27,qre0f27,True,0,1.0000,0.506446,car
img_012424.jpg,qre8e54,ope8654,False,3,0.5714,0.455727,car
img_012425.jpg,qre4d82,qre4082,False,1,0.8571,0.673325,car
img_012426.jpg,qre1i43,qre3147,False,3,0.5714,0.223871,car
img_012427.jpg,ean2g57,lean265,False,3,0.5714,0.636468,car
img_012431.jpg,qrh7c82,orh7682,False,2,0.7143,0.355046,car
img_012432.jpg,qrf8g09,qrc8669,False,3,0.5714,0.667382,car
img_012433.jpg,qrf8f09,crr8860,False,5,0.2857,0.085651,car
img_012435.jpg,qre1i43,qre7143,False,2,0.7143,0.266664,car
img_012436.jpg,qre1i46,qre3146,False,2,0.7143,0.531757,car
img_012437.jpg,qrh1h27,orm3427,False,4,0.4286,0.482274,car
img_012438.jpg,qrg4f09,org4609,False,2,0.7143,0.888804,car
img_012441.jpg,qrg4f02,borg6f0,False,4,0.4286,0.021867,car
img_012442.jpg,qrh7c54,ork7654,False,3,0.5714,0.648614,car
img_012446.jpg,qrf8g17,qrc8817,False,2,0.7143,0.424434,car
img_012448.jpg,qrf7b75,qr62675,False,3,0.5714,0.466871,car
img_012449.jpg,fyo2e04,cyo2604,False,2,0.7143,0.459560,car
img_012450.jpg,qrf8g17,qr68617,False,2,0.7143,0.710882,car
img_012451.jpg,qre4e99,qregf94,False,3,0.5714,0.243955,car
img_012452.jpg,qrf6i07,corc610,False,5,0.2857,0.286854,car
img_012453.jpg,qrg2h80,qrg2480,False,1,0.8571,0.525971,car
img_012455.jpg,qrf8g17,qrc8817,False,2,0.7143,0.619977,car
img_012457.jpg,qre4e99,qre4699,False,1,0.8571,0.314993,car
img_012458.jpg,qrh1h27,orm1427,False,3,0.5714,0.926036,car
img_012460.jpg,qrf8g17,qrc8861,False,4,0.4286,0.690708,car
img_012461.jpg,qre4e99,pre4f99,False,2,0.7143,0.568356,car
img_012465.jpg,ouw8f56,coum865,False,4,0.4286,0.766146,car
img_012466.jpg,qre6a18,qre6418,False,1,0.8571,0.302256,car
img_012469.jpg,qrg4f02,qrg4602,False,1,0.8571,0.385986,car
img_012472.jpg,qre4e99,ore4f94,False,3,0.5714,0.175834,car
img_012473.jpg,qrf6j36,qr66734,False,3,0.5714,0.076178,car
img_012474.jpg,fyo2e04,cy02604,False,3,0.5714,0.640419,car
img_012475.jpg,fhn6i20,chn6120,False,2,0.7143,0.997869,car
img_012476.jpg,pys5h96,pys5496,False,1,0.8571,0.744100,car
img_012478.jpg,qre1i43,qre1143,False,1,0.8571,0.777062,car
img_012480.jpg,qrf8g17,qr68817,False,2,0.7143,0.409416,car
img_012481.jpg,fou3i88,fou3188,False,1,0.8571,0.975141,car
img_012482.jpg,qre4e99,oregf94,False,4,0.4286,0.363683,car
img_012484.jpg,ppl1h66,ppl7466,False,2,0.7143,0.326033,car
img_012485.jpg,qrf6j32,orf6337,False,3,0.5714,0.308047,car
img_012486.jpg,qre1i46,ore3146,False,3,0.5714,0.686787,car
img_012487.jpg,fag3b35,fag3875,False,2,0.7143,0.987908,car
img_012489.jpg,qre1i46,qre1146,False,1,0.8571,0.379787,car
img_012490.jpg,qrf8g17,qrc8817,False,2,0.7143,0.754669,car
img_012491.jpg,qre4e99,qregf94,False,3,0.5714,0.438434,car
img_012493.jpg,ean2g57,ean2657,False,1,0.8571,0.310365,car
img_012494.jpg,qrf0f90,qre0090,False,2,0.7143,0.842637,car
img_012495.jpg,qrf8g17,orc8867,False,4,0.4286,0.285441,car
img_012497.jpg,qre4e99,qregf94,False,3,0.5714,0.296983,car
img_012498.jpg,fag3b35,fag3835,False,1,0.8571,0.726057,car
img_012499.jpg,qre4e43,oregf13,False,4,0.4286,0.202023,car
img_012500.jpg,qre1i41,dre1141,False,2,0.7143,0.424707,car
img_012502.jpg,ppl1i54,ppl3154,False,2,0.7143,0.274885,car
img_012506.jpg,qrg2h19,org2419,False,2,0.7143,0.617060,car
img_012508.jpg,puv5e07,epuv560,False,3,0.5714,0.226129,car
img_012509.jpg,qre1i43,qre7143,False,2,0.7143,0.557585,car
img_012510.jpg,qrf8f96,qr68696,False,2,0.7143,0.538596,car
img_012514.jpg,qri0e80,qri0e80,True,0,1.0000,0.737979,car
img_012515.jpg,qrf8g17,qr68817,False,2,0.7143,0.434807,car
img_012516.jpg,qre4e99,dregf04,False,5,0.2857,0.433538,car
img_012517.jpg,qre1i43,orf3143,False,4,0.4286,0.326116,car
img_012518.jpg,qre7c42,qre7642,False,1,0.8571,0.280247,car
img_012519.jpg,fur9c33,cup9633,False,3,0.5714,0.437098,car
img_012520.jpg,qre4e43,orfg643,False,4,0.4286,0.190312,car
img_012521.jpg,fou3i88,eou3188,False,2,0.7143,0.776770,car
img_012524.jpg,qrf8g17,orc8861,False,5,0.2857,0.443412,car
img_012526.jpg,qre4e43,qregf43,False,2,0.7143,0.684175,car
img_012527.jpg,qrf8f09,orc8609,False,3,0.5714,0.914543,car
img_012528.jpg,mtc6h43,emtc644,False,3,0.5714,0.354229,car
img_012529.jpg,fyo2e04,cy02604,False,3,0.5714,0.463278,car
img_012530.jpg,qrf8f96,qr68696,False,2,0.7143,0.447762,car
img_012531.jpg,qrh1h27,ork1427,False,3,0.5714,0.898715,car
img_012532.jpg,qre1h96,qre7499,False,3,0.5714,0.204698,car
img_012533.jpg,qre4e48,orf4f48,False,3,0.5714,0.369572,car
img_012534.jpg,qre1i59,qre1159,False,1,0.8571,0.803591,car
img_012535.jpg,fyo2e04,fyo2604,False,1,0.8571,0.419691,car
img_012536.jpg,qrg0d06,orgod06,False,2,0.7143,0.359922,car
img_012539.jpg,qre1i43,qre1143,False,1,0.8571,0.550327,car
img_012540.jpg,qrf8f09,qrf8609,False,1,0.8571,0.434867,car
img_012541.jpg,fag3b35,bag3835,False,2,0.7143,0.634216,car
img_012543.jpg,qrf8g05,orf8605,False,2,0.7143,0.498767,car
img_012545.jpg,qrf8g17,orf8617,False,2,0.7143,0.272529,car
img_012546.jpg,qri0e12,opi0e12,False,2,0.7143,0.274878,car
img_012547.jpg,qre1i46,qre7146,False,2,0.7143,0.321758,car
img_012548.jpg,qrh1h63,or47462,False,5,0.2857,0.106892,car
img_012549.jpg,qrf4e89,qre4f89,False,2,0.7143,0.235887,car
img_012551.jpg,qrf8g17,qrc8867,False,3,0.5714,0.212297,car
img_012552.jpg,qre1i46,ore3146,False,3,0.5714,0.293310,car
img_012553.jpg,qrf8f96,qr68696,False,2,0.7143,0.469467,car
img_012555.jpg,ppl1h66,epp1566,False,3,0.5714,0.350715,car
img_012557.jpg,fag3b35,fag3835,False,1,0.8571,0.493156,car
img_012558.jpg,qrf8g17,qrc8817,False,2,0.7143,0.246810,car
img_012559.jpg,qre4e99,dregf94,False,4,0.4286,0.475845,car
img_012560.jpg,qrf8f09,qre8609,False,2,0.7143,0.263993,car
img_012561.jpg,qrf5j08,orf5508,False,2,0.7143,0.372638,car
img_012563.jpg,qrf5b41,ore5847,False,4,0.4286,0.699559,car
img_012564.jpg,heq4e66,me04666,False,3,0.5714,0.634740,car
img_012565.jpg,qrf7b72,wr77872,False,3,0.5714,0.035224,car
img_012566.jpg,qrf8g17,qr68617,False,2,0.7143,0.479234,car
img_012567.jpg,qre0f26,greof26,False,2,0.7143,0.154523,car
img_012569.jpg,qrh1h27,ork1427,False,3,0.5714,0.628477,car
img_012570.jpg,ppm5d93,pdm5093,False,2,0.7143,0.224908,car
img_012571.jpg,qrf0f90,oreq190,False,4,0.4286,0.199718,car
img_012575.jpg,qre1i41,bore314,False,5,0.2857,0.161932,car
img_012576.jpg,qri4f70,qri4770,False,1,0.8571,0.487267,car
img_012577.jpg,qrh7c82,eork768,False,5,0.2857,0.214212,car
img_012578.jpg,qrf8f09,qrc8609,False,2,0.7143,0.700532,car
img_012581.jpg,ppl1h66,pplq448,False,4,0.4286,0.073613,car
img_012582.jpg,qre2i77,ore2177,False,2,0.7143,0.915061,car
img_012583.jpg,qrf6i81,qr66187,False,3,0.5714,0.518941,car
img_012584.jpg,qrf8g17,qrc8861,False,4,0.4286,0.582863,car
img_012585.jpg,qrf8f96,qrf8696,False,1,0.8571,0.478576,car
img_012589.jpg,qre4e48,orf4648,False,3,0.5714,0.190067,car
img_012590.jpg,qrf8f96,qr68696,False,2,0.7143,0.297253,car
img_012591.jpg,qrf8g68,qrc8668,False,2,0.7143,0.490224,car
img_012592.jpg,qre1i46,dre7146,False,3,0.5714,0.539262,car
img_012594.jpg,qre1h96,qre1h06,False,1,0.8571,0.166090,car
img_012595.jpg,qrf8g17,qrc8817,False,2,0.7143,0.515088,car
img_012596.jpg,qrf8f96,qr68696,False,2,0.7143,0.754638,car
img_012597.jpg,qre4e99,qre4f99,False,1,0.8571,0.555828,car
img_012598.jpg,fag3b35,fag3835,False,1,0.8571,0.711413,car
img_012603.jpg,qre4d82,qreg082,False,2,0.7143,0.578904,car
img_012604.jpg,qre4e43,oregf43,False,3,0.5714,0.479637,car
img_012605.jpg,qre1i11,qre1117,False,2,0.7143,0.237062,car
img_012606.jpg,qre0f27,qre0f27,True,0,1.0000,0.849040,car
img_012607.jpg,qre4e43,orfge43,False,3,0.5714,0.125857,car
img_012608.jpg,qrh1h27,orm7427,False,4,0.4286,0.409404,car
img_012609.jpg,ppp9h02,ppp9462,False,2,0.7143,0.065672,car
img_012611.jpg,qri3f41,or73047,False,4,0.4286,0.112437,car
img_012612.jpg,kxw1b41,mx41847,False,4,0.4286,0.496662,car
img_012614.jpg,qrf8g17,or68617,False,3,0.5714,0.279453,car
img_012616.jpg,ocy5b52,ocy5852,False,1,0.8571,0.982491,car
img_012617.jpg,qre4f49,qre4f49,True,0,1.0000,0.132071,car
img_012620.jpg,qrf6j36,orc4176,False,5,0.2857,0.624922,car
img_012623.jpg,qre1i46,pre3146,False,3,0.5714,0.222074,car
img_012624.jpg,mqa3d68,nga3068,False,3,0.5714,0.478836,car
img_012625.jpg,qre4e43,orfg643,False,4,0.4286,0.228912,car
img_012626.jpg,qre4f45,orege45,False,3,0.5714,0.441635,car
img_012627.jpg,qrf8f96,qr68696,False,2,0.7143,0.585160,car
img_012628.jpg,qrf8g17,qrc8817,False,2,0.7143,0.518011,car
img_012633.jpg,qre1i41,qre3147,False,3,0.5714,0.627515,car
img_012637.jpg,qrg4f03,oy6473,False,5,0.2857,0.337383,car
img_012638.jpg,qrf8g17,orc8817,False,3,0.5714,0.374156,car
img_012639.jpg,qrf8f96,qrf8696,False,1,0.8571,0.695048,car
img_012640.jpg,qrf6j24,qrc4124,False,3,0.5714,0.190799,car
img_012641.jpg,gsa4h53,gsa4553,False,1,0.8571,0.870931,car
img_012642.jpg,qre4e43,opf443,False,4,0.4286,0.199833,car
img_012644.jpg,qrf8f96,qr68696,False,2,0.7143,0.632759,car
img_012645.jpg,qrf8f09,orf8609,False,2,0.7143,0.336443,car
img_012648.jpg,qre1i41,dre3141,False,3,0.5714,0.355779,car
img_012650.jpg,qrj0e37,orjoe37,False,2,0.7143,0.142239,car
img_012652.jpg,ean2g57,ean2657,False,1,0.8571,0.662061,car
img_012653.jpg,qrf8f87,qrf8687,False,1,0.8571,0.616727,car
img_012657.jpg,fag3b35,fag3835,False,1,0.8571,0.873200,car
img_012658.jpg,qre1i46,ore3146,False,3,0.5714,0.603486,car
img_012660.jpg,qre4e43,orege43,False,2,0.7143,0.313153,car
img_012665.jpg,qrf8g17,qr68617,False,2,0.7143,0.593382,car
img_012666.jpg,qrg2h80,org2880,False,2,0.7143,0.433107,car
img_012668.jpg,qrf6j33,qrc417z,False,5,0.2857,0.330730,car
img_012669.jpg,qrg2h80,arg2460,False,3,0.5714,0.106156,car
img_012671.jpg,qrg4b68,wr4268,False,3,0.5714,0.176273,car
img_012672.jpg,qrj3e15,br73619,False,4,0.4286,0.005283,car
img_012675.jpg,qre7c42,arfzc42,False,3,0.5714,0.177305,car
img_012676.jpg,qrf8g17,orc8817,False,3,0.5714,0.893138,car
img_012677.jpg,qrf6j17,qr66317,False,2,0.7143,0.601799,car
img_012679.jpg,qrf8g09,qrc8609,False,2,0.7143,0.359699,car
img_012680.jpg,qrh1h27,orh1427,False,2,0.7143,0.308206,car
img_012684.jpg,qre4d82,ore4082,False,2,0.7143,0.460680,car
img_012687.jpg,qre1i59,qre1159,False,1,0.8571,0.829108,car
img_012688.jpg,qrg2h80,org2480,False,2,0.7143,0.943728,car
img_012689.jpg,qrg2h80,org2480,False,2,0.7143,0.388101,car
img_012692.jpg,qrf6i07,orf6107,False,2,0.7143,0.590662,car
img_012693.jpg,qrg2h80,qrg2480,False,1,0.8571,0.590950,car
img_012694.jpg,qre1i46,qre1146,False,1,0.8571,0.173491,car
img_012695.jpg,qre1i43,ore1143,False,2,0.7143,0.377412,car
img_012696.jpg,qrf8g17,qr68617,False,2,0.7143,0.569123,car
img_012697.jpg,ppl1h66,ppl3466,False,2,0.7143,0.436896,car
img_012698.jpg,qre4f45,qreg645,False,2,0.7143,0.365577,car
img_012700.jpg,qre4e43,oreaf43,False,3,0.5714,0.150009,car
img_012704.jpg,lsq9a21,ls09424,False,3,0.5714,0.440784,car
img_012706.jpg,oyf4i12,ove4112,False,3,0.5714,0.385441,car
img_012708.jpg,qre4e99,dregf99,False,3,0.5714,0.249844,car
img_012709.jpg,qre4f49,qre4640,False,2,0.7143,0.594116,car
img_012710.jpg,qre1i46,ore3146,False,3,0.5714,0.554604,car
img_012711.jpg,qre1i46,ore3146,False,3,0.5714,0.647166,car
img_012712.jpg,qnk9f41,on20147,False,5,0.2857,0.155831,car
img_012716.jpg,qrg2h80,org2480,False,2,0.7143,0.386636,car
img_012717.jpg,ode2e62,eqde262,False,3,0.5714,0.203877,car
img_012720.jpg,qrg2h80,org2480,False,2,0.7143,0.698447,car
img_012721.jpg,qrh1h27,eqrh142,False,3,0.5714,0.130237,car
img_012724.jpg,qrh1h27,aorh757,False,5,0.2857,0.113088,car
img_012726.jpg,qrf6j36,or66336,False,3,0.5714,0.344232,car
img_012727.jpg,ppp4b24,dd94824,False,4,0.4286,0.398217,car
img_012728.jpg,qrh1h27,orm1427,False,3,0.5714,0.760723,car
img_012730.jpg,pxr6a39,pyx6439,False,3,0.5714,0.077309,car
img_012731.jpg,gfl2a37,gel2437,False,2,0.7143,0.491892,car
img_012732.jpg,qre4e43,orfgf43,False,4,0.4286,0.221460,car
img_012733.jpg,qrf8f40,que864,False,4,0.4286,0.184767,car
img_012734.jpg,qre1i46,ore1146,False,2,0.7143,0.612525,car
img_012735.jpg,ppl1h66,ppl3468,False,3,0.5714,0.713914,car
img_012736.jpg,qre1i41,ore1147,False,3,0.5714,0.253747,car
img_012737.jpg,qre4e62,orfge62,False,3,0.5714,0.267253,car
img_012738.jpg,qre1i38,qre3138,False,2,0.7143,0.551697,car
img_012740.jpg,qre4e62,qre4f62,False,1,0.8571,0.758665,car
img_012742.jpg,qrg2h19,obu2404,False,6,0.1429,0.027301,car
img_012743.jpg,ppl1h66,ppl7465,False,3,0.5714,0.430463,car
img_012745.jpg,qre4e99,core4f9,False,4,0.4286,0.633570,car
img_012747.jpg,fag3b35,eag3835,False,2,0.7143,0.445041,car
img_012750.jpg,qrf8f87,qre8687,False,2,0.7143,0.971581,car
img_012751.jpg,qre4f49,qrege49,False,2,0.7143,0.406991,car
img_012753.jpg,qre4e62,qre4f62,False,1,0.8571,0.599131,car
img_012754.jpg,mtd9e10,mtn971,False,3,0.5714,0.819544,car
img_012757.jpg,qrf8f09,corf860,False,4,0.4286,0.974476,car
img_012758.jpg,qrf8g09,qrc8860,False,4,0.4286,0.235960,car
img_012759.jpg,odc4h37,odc4h37,True,0,1.0000,0.507931,car
img_012763.jpg,fag3b35,mfa6383,False,4,0.4286,0.279935,car
img_012767.jpg,qre4e99,dregf90,False,4,0.4286,0.694075,car
img_012772.jpg,qrf6i13,qrc6113,False,2,0.7143,0.850183,car
img_012774.jpg,qnj5b81,onj5887,False,3,0.5714,0.915779,car
img_012776.jpg,odq9d63,0dq9063,False,2,0.7143,0.621054,car
img_012779.jpg,qre4e43,orfge43,False,3,0.5714,0.429695,car
img_012780.jpg,qre1i59,ore7159,False,3,0.5714,0.647715,car
img_012781.jpg,qrg2h80,org2480,False,2,0.7143,0.849605,car
img_012782.jpg,msv3c83,msv3083,False,1,0.8571,0.340146,car
img_012783.jpg,ogb1h02,og87m02,False,3,0.5714,0.224475,car
img_012784.jpg,qre4e43,qregf43,False,2,0.7143,0.391984,car
img_012785.jpg,qre4e62,qre4f62,False,1,0.8571,0.439720,car
img_012787.jpg,qrf8f09,qrc8609,False,2,0.7143,0.756276,car
img_012788.jpg,qre1i41,dre1141,False,2,0.7143,0.415641,car
img_012790.jpg,qre4e43,orege43,False,2,0.7143,0.355153,car
img_012792.jpg,ppl1h66,ppl2464,False,3,0.5714,0.218092,car
img_012793.jpg,qre1i43,qre3143,False,2,0.7143,0.478301,car
img_012794.jpg,qre4e62,oregf62,False,3,0.5714,0.426041,car
img_012795.jpg,qrg2h80,bown,False,7,0.0000,0.062911,car
img_012796.jpg,qrf8f96,orf8696,False,2,0.7143,0.770140,car
img_012797.jpg,qre4e99,qre4f99,False,1,0.8571,0.445120,car
img_012800.jpg,qre1i46,qre1146,False,1,0.8571,0.313676,car
img_012802.jpg,qre4e62,qregf62,False,2,0.7143,0.318612,car
img_012805.jpg,qre1i41,qre3147,False,3,0.5714,0.310861,car
img_012806.jpg,qrf6i37,orc6137,False,3,0.5714,0.274938,car
img_012808.jpg,qrd7h42,ord7442,False,2,0.7143,0.437054,car
img_012810.jpg,qre7d75,qre7075,False,1,0.8571,0.671309,car
img_012812.jpg,odq9d63,0009063,False,4,0.4286,0.213604,car
img_012813.jpg,qre1i43,qre3142,False,3,0.5714,0.475223,car
img_012814.jpg,qre4e62,ore4f62,False,2,0.7143,0.321337,car
img_012816.jpg,qre1h96,qre3h9,False,2,0.7143,0.260393,car
img_012819.jpg,msm1i02,msm1102,False,1,0.8571,0.231731,car
img_012822.jpg,qrh1h27,orm1227,False,3,0.5714,0.333810,car
img_012824.jpg,qre4e99,sre4694,False,3,0.5714,0.481674,car
img_012825.jpg,odq9d63,q00904,False,6,0.1429,0.208199,car
img_012826.jpg,qre1i46,ore7146,False,3,0.5714,0.522069,car
img_012828.jpg,qrj7e75,arj7e75,False,1,0.8571,0.526806,car
img_012829.jpg,odq9d63,0dq9063,False,2,0.7143,0.364964,car
img_012832.jpg,qre4e99,dregf90,False,4,0.4286,0.847595,car
img_012833.jpg,qre1i43,qre1143,False,1,0.8571,0.633566,car
img_012838.jpg,fag3b35,fag3835,False,1,0.8571,0.552202,car
img_012839.jpg,qrf8g09,qrc8809,False,2,0.7143,0.171263,car
img_012840.jpg,fag3b35,ecag383,False,4,0.4286,0.259874,car
img_012841.jpg,qrj6j85,orj6385,False,2,0.7143,0.800829,car
img_012842.jpg,qre1i43,ore1143,False,2,0.7143,0.669593,car
img_012844.jpg,qre0e61,orfgra1,False,5,0.2857,0.237700,car
img_012847.jpg,qre6f01,qre6c01,False,1,0.8571,0.702598,car
img_012849.jpg,qre4i08,qre4108,False,1,0.8571,0.939476,car
img_012851.jpg,odq9d63,odq9063,False,1,0.8571,0.520726,car
img_012852.jpg,qre4e62,qre4f62,False,1,0.8571,0.562064,car
img_012855.jpg,qre4e62,qregf62,False,2,0.7143,0.360754,car
img_012856.jpg,fyo2e04,eyo2604,False,2,0.7143,0.396818,car
img_012858.jpg,qrf8f96,qr68696,False,2,0.7143,0.375736,car
img_012859.jpg,qre4e43,orf4f43,False,3,0.5714,0.246773,car
img_012860.jpg,oyi4d94,eviad94,False,3,0.5714,0.252010,car
img_012862.jpg,qrh1h63,orh1463,False,2,0.7143,0.564224,car
img_012864.jpg,qre4e99,qregf94,False,3,0.5714,0.183658,car
img_012865.jpg,qrf8f96,qr68696,False,2,0.7143,0.412329,car
img_012866.jpg,qre4e43,qregf13,False,3,0.5714,0.226964,car
img_012867.jpg,qrg2h19,org2419,False,2,0.7143,0.572850,car
img_012869.jpg,fag3b35,cag3835,False,2,0.7143,0.533526,car
img_012871.jpg,qri0e80,obioe80,False,3,0.5714,0.486938,car
img_012873.jpg,kfr4f88,ker4688,False,2,0.7143,0.571624,car
img_012874.jpg,qrf8f96,qrf8c96,False,1,0.8571,0.337746,car
img_012875.jpg,qre4e62,qre4f62,False,1,0.8571,0.379628,car
img_012876.jpg,qre1i43,ore1145,False,3,0.5714,0.252719,car
img_012878.jpg,qre1i41,qre3147,False,3,0.5714,0.322269,car
img_012879.jpg,qrf8f96,qre8696,False,2,0.7143,0.686842,car
img_012881.jpg,qrf8f96,orf8696,False,2,0.7143,0.424636,car
img_012883.jpg,gfl2a37,gfl2477,False,2,0.7143,0.668691,car
img_012886.jpg,qrh1h27,ork1427,False,3,0.5714,0.512002,car
img_012890.jpg,fag3b35,fag3835,False,1,0.8571,0.951350,car
img_012891.jpg,qre7c42,qbezc42,False,2,0.7143,0.321484,car
img_012892.jpg,qrf8f96,qre8c96,False,2,0.7143,0.547048,car
img_012893.jpg,qrh1h27,orh7477,False,4,0.4286,0.363468,car
img_012897.jpg,qrf8g68,qrf8668,False,1,0.8571,0.968584,car
img_012898.jpg,qre4e99,qregf99,False,2,0.7143,0.419192,car
img_012899.jpg,fyo2e04,fyo2604,False,1,0.8571,0.581296,car
img_012901.jpg,qrf6i13,ore6193,False,4,0.4286,0.383819,car
img_012903.jpg,qre7d75,ore7675,False,2,0.7143,0.290684,car
img_012904.jpg,qre4e62,oregf62,False,3,0.5714,0.395447,car
img_012905.jpg,ppl1h66,ddl7464,False,5,0.2857,0.168336,car
img_012906.jpg,qrf8f09,qrc8609,False,2,0.7143,0.888842,car
img_012907.jpg,qrf8g17,orc8867,False,4,0.4286,0.746146,car
img_012908.jpg,qre1i43,qre1143,False,1,0.8571,0.707107,car
img_012909.jpg,qrf8f96,qr68696,False,2,0.7143,0.414558,car
img_012911.jpg,qrg2h80,qr62480,False,2,0.7143,0.905072,car
img_012915.jpg,qrf8g17,orc8817,False,3,0.5714,0.448715,car
img_012917.jpg,qrf8f96,qre8c96,False,2,0.7143,0.335905,car
img_012918.jpg,qre4e43,orf4f47,False,4,0.4286,0.236251,car
img_012920.jpg,qre4f45,qregf45,False,1,0.8571,0.316439,car
img_012921.jpg,qrj6j85,grj6185,False,2,0.7143,0.615782,car
img_012922.jpg,qrf8g17,q648617,False,3,0.5714,0.102060,car
img_012923.jpg,qre4f51,orf4651,False,3,0.5714,0.449651,car
img_012924.jpg,qrf8f96,qr68696,False,2,0.7143,0.275184,car
img_012926.jpg,qre4e43,orfge43,False,3,0.5714,0.267842,car
img_012927.jpg,ppl1h66,ppl7466,False,2,0.7143,0.343782,car
img_012928.jpg,qre1i60,qre1160,False,1,0.8571,0.327734,car
img_012929.jpg,qre4e62,qre4f62,False,1,0.8571,0.678497,car
img_012940.jpg,qrf4b71,wore487,False,5,0.2857,0.605028,car
img_012941.jpg,lts8j63,ilts876,False,3,0.5714,0.305845,car
img_012943.jpg,qrf8g17,qrc8812,False,3,0.5714,0.299905,car
img_012944.jpg,qre7i36,qre2136,False,2,0.7143,0.602452,car
img_012946.jpg,ppl1h66,dpl7468,False,4,0.4286,0.392141,car
img_012949.jpg,qrf8g17,qr68817,False,2,0.7143,0.352462,car
img_012950.jpg,qrk3j82,ork3782,False,2,0.7143,0.311203,car
img_012951.jpg,qre1i41,gre1141,False,2,0.7143,0.183491,car
img_012952.jpg,aue1b95,auf1805,False,3,0.5714,0.774471,car
img_012955.jpg,qre4e43,qregf43,False,2,0.7143,0.539655,car
img_012956.jpg,qre4e62,orfle62,False,3,0.5714,0.118063,car
img_012957.jpg,qre1i60,ore3160,False,3,0.5714,0.628758,car
img_012960.jpg,qrf8f09,qr68609,False,2,0.7143,0.398544,car
img_012968.jpg,msq5f92,es05692,False,3,0.5714,0.406246,car
img_012970.jpg,nyf0h73,exvegu7,False,7,0.0000,0.010910,car
img_012971.jpg,nyf0h73,nyc0473,False,2,0.7143,0.402550,car
img_012982.jpg,qre8i54,qre8154,False,1,0.8571,0.848698,car
img_012983.jpg,old2j80,old2380,False,1,0.8571,0.605574,car
img_012986.jpg,old2j80,cold238,False,3,0.5714,0.221833,car
img_012988.jpg,ora9g08,ora9608,False,1,0.8571,0.677227,car
img_012989.jpg,oda0i25,oda0125,False,1,0.8571,0.103823,car
img_012992.jpg,ocw2a98,locy249,False,4,0.4286,0.952526,car
img_013001.jpg,lll5h22,lll5422,False,1,0.8571,0.728562,car
img_013003.jpg,msb9b52,msb9852,False,1,0.8571,0.728749,car
img_013011.jpg,qrk4i40,qrk4140,False,1,0.8571,0.331176,car
img_013013.jpg,qre1i46,qre3146,False,2,0.7143,0.201338,car
img_013016.jpg,hdh0h56,mdm0456,False,3,0.5714,0.341000,car
img_013017.jpg,ppo8g15,pdo8615,False,2,0.7143,0.446800,car
img_013021.jpg,odo8b63,odo8863,False,1,0.8571,0.305558,car
img_013022.jpg,mte4e11,mte4f17,False,2,0.7143,0.386599,car
img_013028.jpg,mrx7i46,mpy7146,False,3,0.5714,0.762718,car
img_013029.jpg,ppe8f16,ppe8676,False,2,0.7143,0.558270,car
img_013033.jpg,qri4j71,ori4771,False,2,0.7143,0.113194,car
img_013041.jpg,ovk5j61,ovk5j47,False,2,0.7143,0.239892,car
img_013042.jpg,qrg5b59,qrg5859,False,1,0.8571,0.767688,car
img_013047.jpg,odk6h14,odk6h74,False,1,0.8571,0.668783,car
img_013062.jpg,qrb8j99,qr88999,False,2,0.7143,0.337815,car
img_013066.jpg,qrk3f95,ork3695,False,2,0.7143,0.705549,car
img_013073.jpg,qre9d62,qre9062,False,1,0.8571,0.931735,car
img_013075.jpg,mtq7c43,mto7c43,False,1,0.8571,0.520963,car
img_013078.jpg,ppw3j64,ppu3j04,False,2,0.7143,0.704618,car
img_013082.jpg,lqa4d90,loa4n0,False,3,0.5714,0.290314,car
img_013100.jpg,qri2d78,qri2078,False,1,0.8571,0.605704,car
img_013102.jpg,qrj3j18,opy4918,False,5,0.2857,0.192314,car
img_013103.jpg,qri9c51,qri9657,False,2,0.7143,0.472367,car
img_013106.jpg,msi8c39,ms18639,False,2,0.7143,0.687460,car
img_013108.jpg,qrf0f90,qre0690,False,2,0.7143,0.428114,car
img_013112.jpg,qrf8f96,qrf8696,False,1,0.8571,0.202701,car
img_013113.jpg,qrk6j14,ork6374,False,3,0.5714,0.407264,car
img_013126.jpg,ppp1b04,ppp1804,False,1,0.8571,0.834990,car
img_013134.jpg,flx7f62,alx762,False,2,0.7143,0.963267,car
img_013143.jpg,qre4e43,orege43,False,2,0.7143,0.521720,car
img_013144.jpg,mtx9c25,mtx9625,False,1,0.8571,0.472849,car
img_013146.jpg,ocw3f50,locu3c5,False,4,0.4286,0.216898,car
img_013147.jpg,qrk2i33,ork2133,False,2,0.7143,0.658484,car
img_013148.jpg,qre6f98,qre6698,False,1,0.8571,0.714181,car
img_013150.jpg,mtx8b86,mtx8886,False,1,0.8571,0.890039,car
img_013153.jpg,qre9a37,qre9437,False,1,0.8571,0.718655,car
img_013156.jpg,mta4h86,emtagh8,False,3,0.5714,0.964462,car
img_013157.jpg,odm0j99,eodm099,False,2,0.7143,0.936794,car
img_013168.jpg,odi2d62,odi2062,False,1,0.8571,0.767693,car
img_013178.jpg,epl2j77,epl2377,False,1,0.8571,0.600428,car
img_013180.jpg,odk6f46,odk646,False,1,0.8571,0.748255,car
img_013182.jpg,ovj9b59,ovj9859,False,1,0.8571,0.788153,car
img_013183.jpg,qrf8f96,qrf8696,False,1,0.8571,0.848690,car
img_013193.jpg,mpj4j34,mpj4544,False,2,0.7143,0.765009,car
img_013199.jpg,dml7h99,dml7400,False,3,0.5714,0.434732,car
img_013209.jpg,ppn2c23,ppm2623,False,2,0.7143,0.486996,car
img_013219.jpg,knw6e36,knu6e36,False,1,0.8571,0.456847,car
img_013221.jpg,pps7g04,pps7604,False,1,0.8571,0.639064,car
img_013228.jpg,qrj5g92,qrj5697,False,2,0.7143,0.276166,car
img_013229.jpg,ppq8e42,ppo8642,False,2,0.7143,0.719078,car
img_013244.jpg,pkd6f49,pkd6649,False,1,0.8571,0.644243,car
img_013246.jpg,kza3i08,kza3108,False,1,0.8571,0.943085,car
img_013255.jpg,mqy1f17,mov7617,False,4,0.4286,0.397108,car
img_013257.jpg,msb7j14,msb7374,False,2,0.7143,0.540105,car
img_013263.jpg,mqh4j22,mom4722,False,3,0.5714,0.190591,car
img_013265.jpg,ppf2a27,ppf2427,False,1,0.8571,0.885796,car
img_013270.jpg,qnj5b81,onj5887,False,3,0.5714,0.519528,car
img_013272.jpg,mtz7h33,emt2747,False,5,0.2857,0.640388,car
img_013279.jpg,qrf8g17,qr68617,False,2,0.7143,0.491381,car
img_013281.jpg,qre4e43,orf4643,False,3,0.5714,0.306076,car
img_013282.jpg,qrg4e18,drg4618,False,2,0.7143,0.127162,car
img_013285.jpg,ocx4f43,ocx4643,False,1,0.8571,0.471746,car
img_013286.jpg,qrf8f09,qre8609,False,2,0.7143,0.954441,car
img_013287.jpg,qre7c42,fore764,False,4,0.4286,0.194479,car
img_013288.jpg,mqa3d68,moa3068,False,2,0.7143,0.918362,car
img_013289.jpg,aue1b95,aue1805,False,2,0.7143,0.700266,car
img_013290.jpg,qrf8g17,qrc8861,False,4,0.4286,0.504019,car
img_013291.jpg,qrf8f96,qre8696,False,2,0.7143,0.527577,car
img_013294.jpg,qrh1h27,orh7427,False,3,0.5714,0.714184,car
img_013299.jpg,qrf8g17,orc8617,False,3,0.5714,0.910519,car
img_013301.jpg,qre4e62,orf4662,False,3,0.5714,0.480208,car
img_013302.jpg,qrf8f96,qrf8696,False,1,0.8571,0.784073,car
img_013303.jpg,qre4e62,ore4f62,False,2,0.7143,0.262791,car
img_013304.jpg,fag3b35,fag3835,False,1,0.8571,0.899376,car
img_013305.jpg,qrf8f96,qrf8696,False,1,0.8571,0.551973,car
img_013306.jpg,qrg2h80,org2480,False,2,0.7143,0.875232,car
img_013308.jpg,qrf8g17,qr68867,False,3,0.5714,0.193377,car
img_013310.jpg,qrf8g17,orc8861,False,5,0.2857,0.895097,car
img_013311.jpg,qre1i46,qre1146,False,1,0.8571,0.551170,car
img_013312.jpg,qre1i46,qre1146,False,1,0.8571,0.389102,car
img_013314.jpg,qre4e62,prif462,False,4,0.4286,0.441332,car
img_013315.jpg,qrf7b72,qu77871,False,4,0.4286,0.086520,car
img_013318.jpg,qrk1b36,crr1136,False,3,0.5714,0.117601,car
img_013319.jpg,ppl1h66,dol5460,False,5,0.2857,0.226983,car
img_013320.jpg,qre4e43,orf4643,False,3,0.5714,0.320609,car
img_013323.jpg,qrf8f96,qrf8c9,False,2,0.7143,0.252528,car
img_013325.jpg,aue1b95,auf3807,False,5,0.2857,0.422751,car
img_013327.jpg,qrf8g68,qrf8668,False,1,0.8571,0.748772,car
img_013328.jpg,qre2d62,qre2067,False,2,0.7143,0.697244,car
img_013329.jpg,qrg6d48,erg6048,False,2,0.7143,0.299463,car
img_013330.jpg,qre6h49,orf6m49,False,3,0.5714,0.325911,car
img_013331.jpg,qrf8g17,qrc8817,False,2,0.7143,0.757355,car
img_013332.jpg,qrf8g17,qrf8817,False,1,0.8571,0.132209,car
img_013333.jpg,qre1i43,qre1147,False,2,0.7143,0.570186,car
img_013334.jpg,qre1i46,qre1146,False,1,0.8571,0.369189,car
img_013335.jpg,aue1b95,auf1805,False,3,0.5714,0.715716,car
img_013337.jpg,qre4e99,dregf94,False,4,0.4286,0.518294,car
img_013338.jpg,qre3h89,sqre348,False,3,0.5714,0.474865,car
img_013343.jpg,qre1i43,qre3143,False,2,0.7143,0.151639,car
img_013346.jpg,qre8f57,orf8657,False,3,0.5714,0.423046,car
img_013347.jpg,qrf8f96,qr68696,False,2,0.7143,0.852327,car
img_013348.jpg,qre1i40,qre1140,False,1,0.8571,0.506143,car
img_013349.jpg,qre4e43,qrege43,False,1,0.8571,0.168415,car
img_013350.jpg,qre4e62,sqre4f6,False,3,0.5714,0.693078,car
img_013351.jpg,qre1i46,wo1146,False,4,0.4286,0.308398,car
img_013352.jpg,qre4e62,wouf47,False,7,0.0000,0.059363,car
img_013353.jpg,qrk3j82,ark3382,False,2,0.7143,0.803221,car
img_013357.jpg,qrf8g17,qr68617,False,2,0.7143,0.503456,car
img_013360.jpg,mte0d29,mte0d29,True,0,1.0000,0.484536,car
img_013361.jpg,qre7c37,eqre763,False,3,0.5714,0.094245,car
img_013363.jpg,qre4e62,qre4f62,False,1,0.8571,0.900485,car
img_013365.jpg,ocv5g06,ocv5606,False,1,0.8571,0.976800,car
img_013369.jpg,qrf8f87,orf8687,False,2,0.7143,0.678624,car
img_013371.jpg,qre2d62,sre2062,False,2,0.7143,0.117068,car
img_013376.jpg,aue1b95,auf3805,False,4,0.4286,0.469651,car
img_013377.jpg,oyg9e60,ovg2660,False,3,0.5714,0.437433,car
img_013378.jpg,qrg2i01,org2101,False,2,0.7143,0.634043,car
img_013379.jpg,qrg2h80,obg2480,False,3,0.5714,0.341161,car
img_013380.jpg,qrf8g17,qr68817,False,2,0.7143,0.345001,car
img_013381.jpg,qre4e62,qre4f62,False,1,0.8571,0.605055,car
img_013382.jpg,qre1i43,qre1143,False,1,0.8571,0.404718,car
img_013383.jpg,qrf8g17,qrc8817,False,2,0.7143,0.495106,car
img_013385.jpg,qrj7j93,qr17193,False,2,0.7143,0.212155,car
img_013386.jpg,qre4e62,qre4f62,False,1,0.8571,0.579512,car
img_013387.jpg,fyo2e04,eyo2604,False,2,0.7143,0.401346,car
img_013388.jpg,qre7d72,qre7072,False,1,0.8571,0.400654,car
img_013389.jpg,aue1b95,auf1805,False,3,0.5714,0.874313,car
img_013390.jpg,qrg1i51,org1151,False,2,0.7143,0.448717,car
img_013392.jpg,qrg2h80,qrg2480,False,1,0.8571,0.553127,car
img_013394.jpg,qrf8g17,qr68617,False,2,0.7143,0.639231,car
img_013395.jpg,qrf8f96,qrf8696,False,1,0.8571,0.395586,car
img_013396.jpg,qrh1h27,ork1427,False,3,0.5714,0.595829,car
img_013397.jpg,qre4e99,gregf90,False,4,0.4286,0.297674,car
img_013398.jpg,qrf6j17,qr66317,False,2,0.7143,0.237745,car
img_013402.jpg,qrf8f96,qrf8696,False,1,0.8571,0.584409,car
img_013403.jpg,qrh1h27,orh1427,False,2,0.7143,0.338409,car
img_013407.jpg,dhx8i38,dhy8138,False,2,0.7143,0.967003,car
img_013408.jpg,qrg2h80,arr2248,False,5,0.2857,0.205002,car
img_013409.jpg,qrf8g17,qrc8861,False,4,0.4286,0.228871,car
img_013410.jpg,qrf8f96,qr68696,False,2,0.7143,0.640999,car
img_013411.jpg,ive0i07,hiveq10,False,4,0.4286,0.392861,car
img_013412.jpg,qre4e62,qre4f62,False,1,0.8571,0.723939,car
img_013413.jpg,qrf6i13,qr66113,False,2,0.7143,0.611673,car
img_013414.jpg,qre8f57,qpe8652,False,3,0.5714,0.576551,car
img_013415.jpg,qrg2h80,erg2480,False,2,0.7143,0.834066,car
img_013419.jpg,qrf8g17,qrc8867,False,3,0.5714,0.537744,car
img_013420.jpg,qrf8f96,qrf8696,False,1,0.8571,0.893597,car
img_013421.jpg,qre4e43,orf4643,False,3,0.5714,0.272158,car
img_013423.jpg,qre8f57,qre8657,False,1,0.8571,0.469500,car
img_013424.jpg,ppl1h66,ppl366,False,2,0.7143,0.342630,car
img_013425.jpg,qre4e62,orfgf62,False,4,0.4286,0.360798,car
img_013426.jpg,qrh7c54,orm7654,False,3,0.5714,0.452248,car
img_013428.jpg,jik9g12,jjik711,False,4,0.4286,0.320190,car
img_013429.jpg,jop4i88,jop4188,False,1,0.8571,0.993233,car
img_013431.jpg,qre4e62,qregf62,False,2,0.7143,0.561219,car
img_013433.jpg,qrf8g17,qr68617,False,2,0.7143,0.934579,car
img_013434.jpg,ppo2h44,ppo2h66,False,2,0.7143,0.486082,car
img_013435.jpg,qre4f49,borege4,False,5,0.2857,0.230967,car
img_013436.jpg,qrk3j82,qrr3382,False,2,0.7143,0.143836,car
img_013437.jpg,qre1i41,qre1141,False,1,0.8571,0.281077,car
img_013439.jpg,qrf8g17,qorc861,False,4,0.4286,0.238951,car
img_013441.jpg,qrf8g17,qr68661,False,4,0.4286,0.430109,car
img_013443.jpg,qre4e99,gregf00,False,5,0.2857,0.221315,car
img_013449.jpg,qrf8g17,qr68817,False,2,0.7143,0.756403,car
img_013450.jpg,qre1i40,qre9140,False,2,0.7143,0.355744,car
img_013451.jpg,ppl1h66,ppl3466,False,2,0.7143,0.642947,car
img_013452.jpg,qre1i40,qre1140,False,1,0.8571,0.341241,car
img_013457.jpg,qrf8g17,qr68617,False,2,0.7143,0.700457,car
img_013458.jpg,qre1i40,qre3140,False,2,0.7143,0.268659,car
img_013459.jpg,qrk3j82,ork3182,False,2,0.7143,0.491122,car
img_013460.jpg,qre4e43,qregf43,False,2,0.7143,0.483799,car
img_013464.jpg,qre5h99,copf5h0,False,6,0.1429,0.125678,car
img_013465.jpg,oyf7j88,ov67388,False,3,0.5714,0.812367,car
img_013466.jpg,qrh1h27,orm1427,False,3,0.5714,0.398159,car
img_013467.jpg,ppj8f18,ppj8618,False,1,0.8571,0.966228,car
img_013469.jpg,qrf8g17,orc8861,False,5,0.2857,0.505559,car
img_013472.jpg,qrf6j36,orf6736,False,2,0.7143,0.353771,car
img_013473.jpg,qrf8g17,qrc8867,False,3,0.5714,0.511383,car
img_013474.jpg,qre1i40,qre1140,False,1,0.8571,0.839253,car
img_013476.jpg,qre2d66,qre2066,False,1,0.8571,0.504386,car
img_013477.jpg,odh0e48,odm0688,False,3,0.5714,0.515317,car
img_013480.jpg,qrf8f09,qrf8609,False,1,0.8571,0.821552,car
img_013481.jpg,qrf8g17,orf8867,False,3,0.5714,0.610549,car
img_013482.jpg,qre1i40,qre1140,False,1,0.8571,0.618160,car
img_013483.jpg,qrf8f96,qrf8696,False,1,0.8571,0.848704,car
img_013485.jpg,qre4e48,qre4f48,False,1,0.8571,0.533622,car
img_013486.jpg,qre8f57,qre8c77,False,2,0.7143,0.345025,car
img_013488.jpg,qre1i43,qre1143,False,1,0.8571,0.473673,car
img_013490.jpg,qrf8f09,qrf8609,False,1,0.8571,0.547359,car
img_013491.jpg,qre1i40,qre3140,False,2,0.7143,0.376824,car
img_013492.jpg,ppl1h66,ppl7466,False,2,0.7143,0.838101,car
img_013494.jpg,qre1i40,are3140,False,3,0.5714,0.621719,car
img_013496.jpg,fur9c33,fur9633,False,1,0.8571,0.365030,car
img_013499.jpg,qre1i41,grej147,False,4,0.4286,0.371980,car
img_013503.jpg,qre1i38,qre1138,False,1,0.8571,0.516384,car
img_013504.jpg,qrf8f09,qrf8604,False,2,0.7143,0.625602,car
img_013506.jpg,qre4e43,qrege43,False,1,0.8571,0.611502,car
img_013507.jpg,qre4i08,goef470,False,5,0.2857,0.093339,car
img_013508.jpg,ppl1h66,pplj466,False,2,0.7143,0.366453,car
img_013509.jpg,qrf8f87,qr68687,False,2,0.7143,0.420326,car
img_013510.jpg,qre4e99,qregf94,False,3,0.5714,0.776836,car
img_013511.jpg,qrf8f09,qrf8609,False,1,0.8571,0.494363,car
img_013512.jpg,qre4e62,qregf62,False,2,0.7143,0.554936,car
img_013513.jpg,qrk4c44,ork4444,False,2,0.7143,0.316627,car
img_013514.jpg,mtb7h83,mt87483,False,2,0.7143,0.292675,car
img_013516.jpg,oyh8a35,ovh8a35,False,1,0.8571,0.777690,car
img_013518.jpg,ppt9e93,ppt9e93,True,0,1.0000,0.865502,car
img_013519.jpg,qrk3j82,ork382,False,2,0.7143,0.671145,car
img_013520.jpg,qrg2h80,wr22480,False,3,0.5714,0.266946,car
img_013524.jpg,qrh1h27,orm1m27,False,3,0.5714,0.867915,car
img_013532.jpg,qrk1b04,qrk1804,False,1,0.8571,0.558198,car
img_013533.jpg,qre1i43,qre1143,False,1,0.8571,0.576376,car
img_013535.jpg,qre7d75,qre7075,False,1,0.8571,0.855954,car
img_013536.jpg,qrf8g68,qrc8668,False,2,0.7143,0.172508,car
img_013537.jpg,qrf8f09,qrc8609,False,2,0.7143,0.348407,car
img_013539.jpg,qre4e48,qre4f48,False,1,0.8571,0.734314,car
img_013542.jpg,qre1i40,qre1140,False,1,0.8571,0.372338,car
img_013543.jpg,qre7i36,qre2136,False,2,0.7143,0.580507,car
img_013544.jpg,qrf8f96,qrf8c96,False,1,0.8571,0.548927,car
img_013545.jpg,qrf6i13,qrf6113,False,1,0.8571,0.617599,car
img_013546.jpg,qrg0d06,qrg0000,False,2,0.7143,0.439732,car
img_013547.jpg,qre0f26,qre0f26,True,0,1.0000,0.723454,car
img_013549.jpg,qre4e43,oregf43,False,3,0.5714,0.370756,car
img_013550.jpg,qre4e62,qre4f62,False,1,0.8571,0.808191,car
img_013552.jpg,qrk8e32,ork8632,False,2,0.7143,0.875138,car
img_013553.jpg,pps6d77,pds6077,False,2,0.7143,0.654696,car
img_013555.jpg,qre4f51,qre4657,False,2,0.7143,0.664993,car
img_013556.jpg,qrh1h27,orm1427,False,3,0.5714,0.876066,car
img_013557.jpg,mtt8f14,ett8674,False,3,0.5714,0.539522,car
img_013558.jpg,qrh1h27,dry7427,False,4,0.4286,0.126159,car
img_013561.jpg,qrf8f96,qrf8696,False,1,0.8571,0.877717,car
img_013564.jpg,qrf8g09,qrc8869,False,3,0.5714,0.445584,car
img_013565.jpg,nya7a87,nya7a87,True,0,1.0000,0.505883,car
img_013567.jpg,qrf8f14,qr68674,False,3,0.5714,0.397701,car
img_013568.jpg,qre4e62,qregf62,False,2,0.7143,0.655906,car
img_013569.jpg,qre7c42,qre7c42,True,0,1.0000,0.861311,car
img_013571.jpg,qre6f01,qre6607,False,2,0.7143,0.326984,car
img_013573.jpg,fag3b35,fag3835,False,1,0.8571,0.503047,car
img_013575.jpg,qrj1h35,orj733,False,4,0.4286,0.457955,car
img_013578.jpg,ppl1h66,ppl9466,False,2,0.7143,0.242662,car
img_013580.jpg,qre6f01,ore6001,False,2,0.7143,0.786290,car
img_013581.jpg,qre1i40,qre1140,False,1,0.8571,0.853617,car
img_013584.jpg,qre7d75,qre7075,False,1,0.8571,0.631492,car
img_013587.jpg,qre1i40,ore7140,False,3,0.5714,0.513330,car
img_013588.jpg,qre4f51,qre4657,False,2,0.7143,0.404026,car
img_013590.jpg,qre4e62,qre4f62,False,1,0.8571,0.515498,car
img_013591.jpg,qrh1h27,cork1m2,False,5,0.2857,0.609264,car
img_013593.jpg,qre4e62,wolf42,False,6,0.1429,0.275054,car
img_013594.jpg,qrj1h35,orj1m35,False,2,0.7143,0.633001,car
img_013598.jpg,qrh1h27,ork1227,False,3,0.5714,0.496724,car
img_013599.jpg,qre3d06,gre3206,False,2,0.7143,0.626909,car
img_013601.jpg,qre4e62,qre4f62,False,1,0.8571,0.526078,car
img_013603.jpg,qre4f51,qre4651,False,1,0.8571,0.293746,car
img_013604.jpg,ppl1h66,ppl3466,False,2,0.7143,0.378475,car
img_013605.jpg,qre1i22,dre1122,False,2,0.7143,0.537692,car
img_013606.jpg,qrj1h35,orj7435,False,3,0.5714,0.189147,car
img_013610.jpg,fjp1a52,fjp7452,False,2,0.7143,0.363534,car
img_013611.jpg,qre7d75,qre7075,False,1,0.8571,0.459648,car
img_013614.jpg,oda2c25,oda2625,False,1,0.8571,0.799146,car
img_013617.jpg,ovl7h12,aoulz61,False,5,0.2857,0.131076,car
img_013620.jpg,qre7c37,ore7c37,False,1,0.8571,0.826075,car
img_013622.jpg,qrf8g60,qre8660,False,2,0.7143,0.900598,car
img_013623.jpg,qre1i40,qre1140,False,1,0.8571,0.510367,car
img_013627.jpg,qrf8f96,qrf8696,False,1,0.8571,0.896909,car
img_013628.jpg,ppl1h66,ppl3466,False,2,0.7143,0.882293,car
img_013630.jpg,qre4d82,gre4082,False,2,0.7143,0.324462,car
img_013631.jpg,qri0e80,qri0e80,True,0,1.0000,0.458320,car
img_013634.jpg,qrh1h69,corm146,False,5,0.2857,0.245742,car
img_013642.jpg,qre4f51,qre4657,False,2,0.7143,0.693185,car
img_013645.jpg,qre4e62,qre4f62,False,1,0.8571,0.417925,car
img_013648.jpg,qre1i40,sqre114,False,3,0.5714,0.122514,car
img_013649.jpg,qrk8e32,qrk8632,False,1,0.8571,0.505611,car
img_013651.jpg,qrf7b75,qr67675,False,2,0.7143,0.337030,car
img_013653.jpg,qrf8f96,qrf8696,False,1,0.8571,0.913960,car
img_013655.jpg,qrh7c06,work260,False,6,0.1429,0.821010,car
img_013657.jpg,ppr4f54,ppr4f4,False,1,0.8571,0.411673,car
img_013658.jpg,ppl1h66,ppl2466,False,2,0.7143,0.776527,car
img_013660.jpg,ppl1h66,ppl746,False,3,0.5714,0.654032,car
img_013661.jpg,qre4f51,qre4657,False,2,0.7143,0.476096,car
img_013662.jpg,ppl1h66,ppl1466,False,1,0.8571,0.453689,car
img_013666.jpg,qre7d75,qre7075,False,1,0.8571,0.599732,car
img_013670.jpg,qre4f51,qrf4551,False,2,0.7143,0.405500,car
img_013675.jpg,qre4e77,qre4f77,False,1,0.8571,0.342923,car
img_013676.jpg,qre2a11,qre2417,False,2,0.7143,0.478599,car
img_013681.jpg,qrf8f96,qrf8696,False,1,0.8571,0.576374,car
img_013684.jpg,qre4f51,qre4657,False,2,0.7143,0.394752,car
img_013685.jpg,qre8f57,qre8c52,False,2,0.7143,0.631223,car
img_013686.jpg,ppl1h66,ppl1466,False,1,0.8571,0.322074,car
img_013687.jpg,ppl1h66,ppl746,False,3,0.5714,0.439420,car
img_013688.jpg,ppl1h66,ppl3466,False,2,0.7143,0.144025,car
img_013689.jpg,ppl1h66,ppl2466,False,2,0.7143,0.564149,car
img_013690.jpg,qrg2h80,org2480,False,2,0.7143,0.927924,car
img_013691.jpg,qrh7c82,ory7686,False,4,0.4286,0.211812,car
img_013694.jpg,qrf8f96,qr68696,False,2,0.7143,0.546933,car
img_013695.jpg,qre4f51,qrf4657,False,3,0.5714,0.304710,car
img_013700.jpg,qre8f57,qre8c57,False,1,0.8571,0.634964,car
img_013701.jpg,odg8d31,odg8037,False,2,0.7143,0.906817,car
img_013702.jpg,ppl1h66,dpl3466,False,3,0.5714,0.271807,car
img_013707.jpg,qrg2h80,qrg2480,False,1,0.8571,0.413281,car
img_013709.jpg,qrh7c54,orh7c54,False,1,0.8571,0.818366,car
img_013710.jpg,mtk0c61,mtko667,False,3,0.5714,0.329173,car
img_013711.jpg,ppl1h66,appl146,False,3,0.5714,0.416912,car
img_013712.jpg,ppl1h66,ppl3666,False,2,0.7143,0.188837,car
img_013714.jpg,ppl1h66,dpl3466,False,3,0.5714,0.553851,car
img_013715.jpg,qrh7c06,qork760,False,4,0.4286,0.142767,car
img_013716.jpg,qrg2h80,org2880,False,2,0.7143,0.472781,car
img_013717.jpg,ppl1h66,dpl3466,False,3,0.5714,0.291450,car
img_013718.jpg,msv6c10,msv6630,False,2,0.7143,0.400708,car
img_013725.jpg,qre4d82,gre4082,False,2,0.7143,0.491928,car
img_013726.jpg,qre1i40,qre1140,False,1,0.8571,0.227652,car
img_013727.jpg,qrm4i57,orm4157,False,2,0.7143,0.908187,car
img_013728.jpg,rba6d37,rba6037,False,1,0.8571,0.716409,car
img_013729.jpg,qrh1h27,qrm1427,False,2,0.7143,0.104510,car
img_013730.jpg,qre1i40,ore3140,False,3,0.5714,0.462356,car
img_013731.jpg,qre1i38,qre3138,False,2,0.7143,0.518489,car
img_013734.jpg,msc4g65,amisca,False,6,0.1429,0.000250,car
img_013736.jpg,msy3j35,msv3335,False,2,0.7143,0.389322,car
img_013737.jpg,qrk3j82,ork3822,False,3,0.5714,0.683657,car
img_013738.jpg,qrf8f87,qrf8687,False,1,0.8571,0.470868,car
img_013740.jpg,qre1i38,ore3138,False,3,0.5714,0.796447,car
img_013741.jpg,qrm4i57,orm4157,False,2,0.7143,0.949461,car
img_013743.jpg,pal9f76,pal9676,False,1,0.8571,0.970076,car
img_013745.jpg,qrh2f51,qr42611,False,3,0.5714,0.356212,car
img_013746.jpg,fyo2e04,fyo2604,False,1,0.8571,0.458956,car
img_013750.jpg,mtq7c43,mt07c43,False,1,0.8571,0.449411,car
img_013751.jpg,rba6d37,ska6d37,False,2,0.7143,0.485724,car
img_013752.jpg,rba6c23,rba6c23,True,0,1.0000,0.588727,car
img_013753.jpg,rba5h41,kba5h47,False,2,0.7143,0.337675,car
img_013760.jpg,fou3i88,cou3188,False,2,0.7143,0.735350,car
img_013764.jpg,qrh1h27,eorm142,False,5,0.2857,0.521057,car
img_013766.jpg,jnz2e59,ljwz2e5,False,3,0.5714,0.073386,car
img_013767.jpg,qrg2h80,org2480,False,2,0.7143,0.817142,car
img_013768.jpg,qrm4i57,orm4157,False,2,0.7143,0.686695,car
img_013769.jpg,rba6d37,rba6037,False,1,0.8571,0.804562,car
img_013771.jpg,rba6c23,rba6c23,True,0,1.0000,0.519643,car
img_013774.jpg,rba5a58,rba5a58,True,0,1.0000,0.689245,car
img_013775.jpg,rba5d40,rba5d40,True,0,1.0000,0.702027,car
img_013776.jpg,qrf8f87,qrf8687,False,1,0.8571,0.521346,car
img_013777.jpg,qrm2a66,orm2466,False,2,0.7143,0.363943,car
img_013780.jpg,qre4d82,dre4082,False,2,0.7143,0.459820,car
img_013782.jpg,qrh2f51,orh2657,False,3,0.5714,0.667561,car
img_013783.jpg,qrm4i57,orm4157,False,2,0.7143,0.991799,car
img_013784.jpg,oyg9e60,oyg9600,False,2,0.7143,0.501573,car
img_013785.jpg,mpz2a30,mdz2430,False,2,0.7143,0.416490,car
img_013788.jpg,mtd0j22,mtd0j22,True,0,1.0000,0.168463,car
img_013791.jpg,qre4d82,ore4082,False,2,0.7143,0.904342,car
img_013792.jpg,qrm4i57,orm4157,False,2,0.7143,0.993498,car
img_013793.jpg,rba6d37,rba6037,False,1,0.8571,0.660582,car
img_013796.jpg,ppy2c39,ppy2639,False,1,0.8571,0.786444,car
img_013798.jpg,qrf8f46,qre8646,False,2,0.7143,0.551463,car
img_013799.jpg,qre4f49,qre4f49,True,0,1.0000,0.609571,car
img_013800.jpg,qre1i41,dre1141,False,2,0.7143,0.225593,car
img_013803.jpg,qrk3j82,brk382,False,2,0.7143,0.199420,car
img_013805.jpg,qre1i40,ore1140,False,2,0.7143,0.427854,car
img_013806.jpg,qrm4i57,orm4157,False,2,0.7143,0.995691,car
img_013807.jpg,rba6d37,rba6037,False,1,0.8571,0.711170,car
img_013809.jpg,qre7i36,qre7134,False,2,0.7143,0.792572,car
img_013810.jpg,rba5h21,rba5h27,False,1,0.8571,0.506577,car
img_013811.jpg,qre1i41,qre1147,False,2,0.7143,0.460096,car
img_013812.jpg,qrg4e18,qrg4e18,True,0,1.0000,0.327286,car
img_013818.jpg,qrm4i57,orm4157,False,2,0.7143,0.793876,car
img_013820.jpg,rba6d37,rba6d37,True,0,1.0000,0.845212,car
img_013825.jpg,oye8i28,oyf8120,False,3,0.5714,0.425029,car
img_013827.jpg,qre2a11,qre2417,False,2,0.7143,0.423614,car
img_013828.jpg,qre2a11,are2417,False,3,0.5714,0.644710,car
img_013829.jpg,qre8e70,ore8670,False,2,0.7143,0.335657,car
img_013833.jpg,qre0e61,ore3667,False,4,0.4286,0.707650,car
img_013834.jpg,qre7b35,ore7b35,False,1,0.8571,0.380694,car
img_013835.jpg,qre2a11,qre2417,False,2,0.7143,0.468461,car
img_013837.jpg,ppm7g93,fpp7993,False,3,0.5714,0.287608,car
img_013838.jpg,qre6b82,orf6882,False,3,0.5714,0.610886,car
img_013839.jpg,ppm7g93,ppm7693,False,1,0.8571,0.603280,car
img_013841.jpg,fou3i88,eoo388,False,3,0.5714,0.414627,car
img_013842.jpg,qrf8f09,arr8860,False,5,0.2857,0.366520,car
img_013844.jpg,fyo2e04,fyo2604,False,1,0.8571,0.151868,car
img_013845.jpg,ppm7g93,ppm7693,False,1,0.8571,0.421682,car
img_013846.jpg,ppm7g93,epm7693,False,2,0.7143,0.473815,car
img_013848.jpg,ppm7g93,epm7693,False,2,0.7143,0.286239,car
img_013850.jpg,oyj7i19,covj719,False,3,0.5714,0.730890,car
img_013852.jpg,qrj7e99,orj7e99,False,1,0.8571,0.837870,car
img_013854.jpg,qrf3d01,orc3007,False,4,0.4286,0.618927,car
img_013855.jpg,odk8e12,odk8612,False,1,0.8571,0.706348,car
img_013858.jpg,odq6d04,codo6d0,False,3,0.5714,0.517257,car
img_013859.jpg,ppo8f18,ppo8638,False,2,0.7143,0.591314,car
img_013860.jpg,aze3g20,aze3620,False,1,0.8571,0.996381,car
img_013861.jpg,ppe8j60,ppe8j60,True,0,1.0000,0.832941,car
img_013862.jpg,qrh2i50,orm2150,False,3,0.5714,0.545934,car
img_013866.jpg,msw0i16,emsw017,False,3,0.5714,0.899177,car
img_013870.jpg,ovf4g35,ouf4635,False,2,0.7143,0.816017,car
img_013873.jpg,qrj1h35,orj1m35,False,2,0.7143,0.709988,car
img_013875.jpg,qns7e99,ons7e99,False,1,0.8571,0.943527,car
img_013879.jpg,msw7i95,msw7195,False,1,0.8571,0.822739,car
img_013882.jpg,msh1i00,msh9100,False,2,0.7143,0.520703,car
img_013887.jpg,onb1g02,onb1602,False,1,0.8571,0.522897,car
img_013890.jpg,ppa1c19,ppa1619,False,1,0.8571,0.496308,car
img_013894.jpg,ppu0g82,ppu0682,False,1,0.8571,0.746001,car
img_013899.jpg,kvg4j02,kvg4302,False,1,0.8571,0.873699,car
img_013910.jpg,qri3f46,ori3e46,False,2,0.7143,0.338081,car
img_013918.jpg,odc8h88,odc8488,False,1,0.8571,0.794675,car
img_013920.jpg,odf4a46,odf4046,False,1,0.8571,0.951884,car
img_013921.jpg,ocv5c77,ocv5c77,True,0,1.0000,0.900571,car
img_013938.jpg,lrp7d62,lrp7062,False,1,0.8571,0.572224,car
img_013940.jpg,mrn3a72,mrn3472,False,1,0.8571,0.536824,car
img_013941.jpg,plp6b74,plp6874,False,1,0.8571,0.875469,car
img_013942.jpg,omb7a18,omb7418,False,1,0.8571,0.966873,car
img_013945.jpg,qrf7j44,qrf7j44,True,0,1.0000,0.703322,car
img_013949.jpg,qrg5b76,org5876,False,2,0.7143,0.930741,car
img_013950.jpg,ppw3f03,ppw3603,False,1,0.8571,0.469714,car
img_013954.jpg,qrf4g15,orf4615,False,2,0.7143,0.560797,car
img_013958.jpg,mrs1a56,mrs7456,False,2,0.7143,0.569268,car
img_013960.jpg,kac6b94,kac6b94,True,0,1.0000,0.816732,car
img_013967.jpg,qrl4g82,orl4682,False,2,0.7143,0.613378,car
img_013980.jpg,oyh5h63,ovh5463,False,2,0.7143,0.874173,car
img_013991.jpg,ppm0e23,ppmof23,False,2,0.7143,0.311457,car
img_013992.jpg,qrd5a25,ord5a25,False,1,0.8571,0.777154,car
img_013993.jpg,ohq4f16,oh04636,False,3,0.5714,0.162280,car
img_014003.jpg,qrj8d68,qrj8d68,True,0,1.0000,0.472869,car
img_014004.jpg,qrl2j59,opl2j59,False,2,0.7143,0.290580,car
img_014008.jpg,pph7b56,pph7856,False,1,0.8571,0.383369,car
img_014013.jpg,qrj1h35,orj1h35,False,1,0.8571,0.435782,car
img_014014.jpg,lmo8a28,emo8428,False,2,0.7143,0.686181,car
img_014028.jpg,ovh6j60,oovh636,False,3,0.5714,0.119195,car
img_014031.jpg,qrj8d08,orj8d08,False,1,0.8571,0.315486,car
img_014033.jpg,lrs5f30,lrs5130,False,1,0.8571,0.253072,car
img_014039.jpg,oyf8c78,loye867,False,4,0.4286,0.504515,car
img_014050.jpg,qrk0h34,ork0534,False,2,0.7143,0.246881,car
img_014058.jpg,ppk7j67,ppk7367,False,1,0.8571,0.674857,car
img_014070.jpg,ovl9g16,ovl9616,False,1,0.8571,0.973710,car
img_014072.jpg,qrf3d01,orc3d01,False,2,0.7143,0.356238,car
img_014076.jpg,lmr2i16,lmr2126,False,2,0.7143,0.508670,car
img_014078.jpg,pxc8e44,pxc8f44,False,1,0.8571,0.915084,car
img_014080.jpg,mtb0c04,mt80604,False,2,0.7143,0.411376,car
img_014087.jpg,mqx6a27,mox6427,False,2,0.7143,0.877262,car
img_014089.jpg,mts2c82,mts2682,False,1,0.8571,0.379779,car
img_014098.jpg,mtm8c60,mtm8660,False,1,0.8571,0.746318,car
img_014099.jpg,mty2g82,mty2682,False,1,0.8571,0.999457,car
img_014102.jpg,mrd8c79,mrd8679,False,1,0.8571,0.363997,car
img_014103.jpg,qok1c00,ookic00,False,2,0.7143,0.468693,car
img_014104.jpg,msh1i00,msh7100,False,2,0.7143,0.423166,car
img_014108.jpg,qrk3f76,ork3676,False,2,0.7143,0.663769,car
img_014117.jpg,qre9g67,qre9667,False,1,0.8571,0.766371,car
img_014124.jpg,qrg2b77,org2877,False,2,0.7143,0.775567,car
img_014126.jpg,gye6h00,gve6h00,False,1,0.8571,0.494255,car
img_014129.jpg,odp6a33,edp6433,False,2,0.7143,0.837746,car
img_014134.jpg,qns7e99,ons7e99,False,1,0.8571,0.970870,car
img_014152.jpg,ppr5h48,ppr5448,False,1,0.8571,0.687715,car
img_014164.jpg,msw0i16,msw0196,False,2,0.7143,0.575199,car
img_014175.jpg,ppc8f63,ppc8663,False,1,0.8571,0.940212,car
img_014177.jpg,qov5a73,oov5473,False,2,0.7143,0.522149,car
img_014184.jpg,qrk9f12,ork9612,False,2,0.7143,0.956399,car
img_014188.jpg,qrk8e84,ork8684,False,2,0.7143,0.760702,car
img_014192.jpg,qrk1h98,ork1498,False,2,0.7143,0.242414,car
img_014194.jpg,mra8f55,mra8655,False,1,0.8571,0.951855,car
img_014196.jpg,kny7j93,kny7993,False,1,0.8571,0.493493,car
img_014205.jpg,mqw7e76,mow2e76,False,2,0.7143,0.530816,car
img_014212.jpg,mta6c01,mta6601,False,1,0.8571,0.674237,car
img_014214.jpg,qrg4c05,qrg4005,False,1,0.8571,0.710195,car
img_014215.jpg,qrj9d48,orj9048,False,2,0.7143,0.906958,car
img_014225.jpg,rio1j55,ri01355,False,2,0.7143,0.581098,car
img_014226.jpg,avy0i24,avy0124,False,1,0.8571,0.905426,car
img_014227.jpg,msv3g83,msu3683,False,2,0.7143,0.616957,car
img_014228.jpg,lud6g99,lud699,False,1,0.8571,0.997444,car
img_014250.jpg,daj2g64,daj2604,False,2,0.7143,0.998253,car
img_014251.jpg,mtt3d76,mtt3076,False,1,0.8571,0.561603,car
img_014255.jpg,mtm0b01,mtm0801,False,1,0.8571,0.632316,car
img_014262.jpg,qre9a37,qre9437,False,1,0.8571,0.531727,car
img_014277.jpg,odf1j83,odf1383,False,1,0.8571,0.398892,car
img_014279.jpg,baz2e27,baz2627,False,1,0.8571,0.700084,car
img_014280.jpg,qok1c00,ook1c00,False,1,0.8571,0.508326,car
img_014281.jpg,ppw7d46,ppu7046,False,2,0.7143,0.808734,car
img_014283.jpg,qrk7i04,ork7104,False,2,0.7143,0.898910,car
img_014284.jpg,lnx6c16,lnx676,False,2,0.7143,0.601944,car
img_014285.jpg,qre9g67,qre9667,False,1,0.8571,0.943664,car
img_014288.jpg,qrf7e70,orf7e70,False,1,0.8571,0.469025,car
img_014289.jpg,lrz4c98,lrz4698,False,1,0.8571,0.635183,car
img_014290.jpg,awh4f80,awh480,False,1,0.8571,0.987541,car
img_014303.jpg,odf3j43,odc3343,False,2,0.7143,0.378664,car
img_014304.jpg,qri3f73,ori3673,False,2,0.7143,0.680071,car
img_014305.jpg,npk0a72,npk0472,False,1,0.8571,0.629274,car
img_014316.jpg,qri7c39,ori7c39,False,1,0.8571,0.294092,car
img_014321.jpg,hdv3h51,mdv3477,False,4,0.4286,0.105561,car
img_014326.jpg,odc1h18,odc3418,False,2,0.7143,0.808930,car
img_014327.jpg,mqt5d07,mot5007,False,2,0.7143,0.640536,car
img_014329.jpg,ppf9b73,epp0987,False,4,0.4286,0.162846,car
img_014334.jpg,mpb3f79,apb3679,False,2,0.7143,0.798560,car
img_014337.jpg,qri3f46,qri3f46,True,0,1.0000,0.243246,car
img_014338.jpg,qog0b71,wo00871,False,3,0.5714,0.144277,car
img_014341.jpg,oyd2d20,oyn2020,False,2,0.7143,0.759289,car
img_014346.jpg,ovj2h68,ovj2468,False,1,0.8571,0.817534,car
img_014351.jpg,odi4i78,eodi417,False,3,0.5714,0.462135,car
img_014352.jpg,lll5h22,elll542,False,3,0.5714,0.172104,car
img_014353.jpg,ppl7a05,ppl7405,False,1,0.8571,0.742658,car
img_014356.jpg,ppj6h93,ppj6h93,True,0,1.0000,0.700916,car
img_014364.jpg,mtw5b82,mtw5882,False,1,0.8571,0.881713,car
img_014365.jpg,mrs2h47,mrs2447,False,1,0.8571,0.945239,car
img_014371.jpg,ppo0h05,ppo0k05,False,1,0.8571,0.862066,car
img_014372.jpg,ppu7e16,ppu7e36,False,1,0.8571,0.682838,car
img_014389.jpg,oxk5j38,oxk5338,False,1,0.8571,0.958987,car
img_014401.jpg,ezm5j88,ezm5388,False,1,0.8571,0.627304,car
img_014403.jpg,ppy2f07,ppy2607,False,1,0.8571,0.996063,car
img_014405.jpg,mqf0f99,moe099,False,3,0.5714,0.497645,car
img_014407.jpg,qrk9j23,ork9323,False,2,0.7143,0.918924,car
img_014408.jpg,qre0i30,qre0130,False,1,0.8571,0.805928,car
img_014418.jpg,ovl9b72,ooul987,False,4,0.4286,0.659930,car
img_014424.jpg,ouj1d89,ouj1089,False,1,0.8571,0.716482,car
img_014429.jpg,olv4c31,olv4c37,False,1,0.8571,0.647596,car
img_014437.jpg,qre7b35,gre7b35,False,1,0.8571,0.563420,car
img_014438.jpg,qrl7e25,orl7e25,False,1,0.8571,0.857373,car
img_014450.jpg,msw0i16,msw0176,False,2,0.7143,0.785689,car
img_014456.jpg,mtp1c03,mtp1c03,True,0,1.0000,0.821107,car
img_014459.jpg,oyi3a75,ovi3a75,False,1,0.8571,0.396846,car
img_014464.jpg,ppe6e95,ppe6e95,True,0,1.0000,0.272676,car
img_014467.jpg,mtd7a37,mtd7a37,True,0,1.0000,0.575868,car
img_014468.jpg,mtm3j73,mmt3373,False,3,0.5714,0.201089,car
img_014471.jpg,qrl4i35,orl4135,False,2,0.7143,0.979411,car
img_014476.jpg,mqf9a53,eqf9953,False,2,0.7143,0.303094,car
img_014479.jpg,ppj6h93,ppj6h93,True,0,1.0000,0.852293,car
img_014481.jpg,oyf7e10,cyf7e10,False,1,0.8571,0.205852,car
img_014488.jpg,kpz1e13,kpz1613,False,1,0.8571,0.544182,car
img_014492.jpg,qri3d47,qor1304,False,4,0.4286,0.226918,car
img_014499.jpg,aam4a05,aam4005,False,1,0.8571,0.993236,car
img_014503.jpg,hmv1d80,hmv1080,False,1,0.8571,0.434340,car
img_014519.jpg,ppa1c19,ppa1c19,True,0,1.0000,0.775167,car
img_014520.jpg,msy5g35,msy5635,False,1,0.8571,0.603268,car
img_014521.jpg,gqh4c51,gq44657,False,3,0.5714,0.693283,car
img_014522.jpg,qrf5i00,qrf5100,False,1,0.8571,0.600368,car
img_014528.jpg,mqf1c61,mo63647,False,6,0.1429,0.321304,car
img_014532.jpg,nvi0i99,nvi0199,False,1,0.8571,0.468267,car
img_014536.jpg,dmq1g17,dmo1617,False,2,0.7143,0.616351,car
img_014542.jpg,qrg5i88,org5188,False,2,0.7143,0.978420,car
img_014547.jpg,lcs6f35,lcs655,False,2,0.7143,0.679382,car
img_014548.jpg,eto5b55,eto5855,False,1,0.8571,0.938790,car
img_014573.jpg,olf2g88,oof2688,False,2,0.7143,0.425748,car
img_014577.jpg,ovi8g89,eovi868,False,3,0.5714,0.546192,car
img_014585.jpg,qrb2c68,orb2668,False,2,0.7143,0.952008,car
img_014594.jpg,qrl6i99,orl6199,False,2,0.7143,0.994744,car
img_014597.jpg,ovl9b72,oovl987,False,3,0.5714,0.280117,car
img_014603.jpg,ppr6f73,ppr673,False,1,0.8571,0.986242,car
img_014606.jpg,odc8h88,odc8488,False,1,0.8571,0.778665,car
img_014607.jpg,qns4h47,ons4444,False,3,0.5714,0.750729,car
img_014608.jpg,opt4d26,opt4026,False,1,0.8571,0.734261,car
img_014611.jpg,ppj6c44,ppj6c44,True,0,1.0000,0.825612,car
img_014614.jpg,qri2a85,qri2485,False,1,0.8571,0.732454,car
img_014619.jpg,ppo4b00,ppo4800,False,1,0.8571,0.523258,car
img_014621.jpg,qrg9d56,org9056,False,2,0.7143,0.581826,car
img_014623.jpg,qrf4h05,qrf4m05,False,1,0.8571,0.438009,car
img_014624.jpg,gks7d42,gks7042,False,1,0.8571,0.992540,car
img_014628.jpg,msy7c03,msy2603,False,2,0.7143,0.508877,car
img_014631.jpg,qrk7b48,ork7848,False,2,0.7143,0.945479,car
img_014634.jpg,qrf5d92,qr65092,False,2,0.7143,0.442573,car
img_014636.jpg,ocy4g48,ocy4641,False,2,0.7143,0.461108,car
img_014638.jpg,lmr0d66,lmr0066,False,1,0.8571,0.970947,car
img_014654.jpg,lls8a92,als8492,False,2,0.7143,0.609578,car
img_014656.jpg,mqg7i26,mog7126,False,2,0.7143,0.902338,car
img_014668.jpg,mtd4j94,my04794,False,3,0.5714,0.420790,car
img_014670.jpg,mtx9c25,mtx9625,False,1,0.8571,0.399706,car
img_014671.jpg,mrr5d60,mrr5d60,True,0,1.0000,0.620547,car
img_014674.jpg,mtt3g89,mtt368,False,2,0.7143,0.635009,car
img_014684.jpg,qrl4i57,orl4157,False,2,0.7143,0.956012,car
img_014687.jpg,odp6j15,odp6315,False,1,0.8571,0.906547,car
img_014697.jpg,odj0h28,codjok2,False,4,0.4286,0.390591,car
img_014703.jpg,ppp4c93,ppp4693,False,1,0.8571,0.607199,car
img_014717.jpg,pph2a51,pph2457,False,2,0.7143,0.554489,car
img_014721.jpg,mss0a46,mss0446,False,1,0.8571,0.733458,car
img_014723.jpg,pps8g99,pps8699,False,1,0.8571,0.789581,car
img_014724.jpg,qrk1i61,ork7161,False,3,0.5714,0.341950,car
img_014738.jpg,aoh6i15,aoh6175,False,2,0.7143,0.511795,car
img_014748.jpg,mrs1a15,mrs7415,False,2,0.7143,0.800435,car
img_014751.jpg,msd7g13,msd7613,False,1,0.8571,0.933465,car
img_014754.jpg,ppq8i78,ppo8178,False,2,0.7143,0.960762,car
img_014757.jpg,oyg5f74,ovg5674,False,2,0.7143,0.873943,car
img_014760.jpg,ppq1h11,pp01h77,False,3,0.5714,0.111955,car
img_014761.jpg,qns7e99,ons7e99,False,1,0.8571,0.846961,car
img_014763.jpg,eet3e28,eet3e28,True,0,1.0000,0.690816,car
img_014770.jpg,oyi3d08,ovi3008,False,2,0.7143,0.934003,car
img_014776.jpg,odk3c29,odk3c29,True,0,1.0000,0.756221,car
img_014779.jpg,ppv3i96,dpu3196,False,3,0.5714,0.518535,car
img_014781.jpg,epn6e03,epn6603,False,1,0.8571,0.719627,car
img_014785.jpg,qnh6j59,onm6159,False,3,0.5714,0.314768,car
img_014786.jpg,ppi7a68,ppi7468,False,1,0.8571,0.787607,car
img_014787.jpg,mqv6b38,eqq6b38,False,2,0.7143,0.223603,car
img_014790.jpg,mtc8c45,mtc8c45,True,0,1.0000,0.396077,car
img_014794.jpg,kxt8h52,kxt8452,False,1,0.8571,0.947227,car
img_014796.jpg,mlf1h71,mlc9477,False,4,0.4286,0.347303,car
img_014797.jpg,ppt6d95,ppt6095,False,1,0.8571,0.726631,car
img_014832.jpg,kzt5d91,kzt5001,False,2,0.7143,0.608718,car
img_014833.jpg,mrk7a18,mmk7478,False,3,0.5714,0.504427,car
img_014840.jpg,mpt3e27,mpp33e7,False,3,0.5714,0.466095,car
img_014845.jpg,qrf7f78,wr77678,False,3,0.5714,0.149687,car
img_014847.jpg,qdm1a62,odm1462,False,2,0.7143,0.287792,car
img_014850.jpg,kyi8i45,ky18145,False,2,0.7143,0.887648,car
img_014855.jpg,ppc2h15,ppc2515,False,1,0.8571,0.398324,car
img_014856.jpg,ppf9b73,ppf9873,False,1,0.8571,0.466509,car
img_014861.jpg,ppo3h68,ppo3m68,False,1,0.8571,0.821448,car
img_014865.jpg,oye1c51,ove1657,False,3,0.5714,0.239008,car
img_014873.jpg,ppl1j32,ppl1532,False,1,0.8571,0.195341,car
img_014874.jpg,qrf7b72,qrf7872,False,1,0.8571,0.910194,car
img_014889.jpg,odh3f45,odm3645,False,2,0.7143,0.444920,car
img_014895.jpg,qre7i24,ore7124,False,2,0.7143,0.711512,car
img_014896.jpg,ppi4i74,pp14174,False,2,0.7143,0.545956,car
img_014900.jpg,qrj4b19,qrj4819,False,1,0.8571,0.379349,car
img_014905.jpg,ppg4c22,ppg4622,False,1,0.8571,0.958561,car
img_014908.jpg,mtd9d50,mm09050,False,3,0.5714,0.424542,car
img_014910.jpg,qri8f81,qri8687,False,2,0.7143,0.853470,car
img_014913.jpg,odt7c71,odt7c74,False,1,0.8571,0.261055,car
img_014915.jpg,ppo1i14,ppo1174,False,2,0.7143,0.378892,car
img_014916.jpg,oyi4a06,ovi4a06,False,1,0.8571,0.567747,car
img_014918.jpg,oyj3f00,ovj3600,False,2,0.7143,0.420125,car
img_014926.jpg,lmu4b44,amu4b44,False,1,0.8571,0.379517,car
img_014935.jpg,qrg1f29,org1629,False,2,0.7143,0.530309,car
img_014944.jpg,msl6i37,msl6177,False,2,0.7143,0.907078,car
img_014959.jpg,qri1a08,qri7408,False,2,0.7143,0.591432,car
img_014965.jpg,gjw5a90,gjw5190,False,1,0.8571,0.425370,car
img_014972.jpg,qri0e55,ori0655,False,2,0.7143,0.557987,car
img_014973.jpg,qok1c00,ookic00,False,2,0.7143,0.916291,car
img_014985.jpg,qrf2a03,orf2403,False,2,0.7143,0.970336,car
img_014993.jpg,lml5e98,lml5698,False,1,0.8571,0.532578,car
img_014999.jpg,odp3d20,onp3020,False,2,0.7143,0.947854,car
img_017501.jpg,mrh7545,mr4759,False,3,0.5714,0.799990,motorcycle
img_017504.jpg,msa2398,fmoa98,False,4,0.4286,0.044397,motorcycle
img_017508.jpg,mtu3834,giu480,False,5,0.2857,0.121860,motorcycle
img_017509.jpg,gzz8751,b74380,False,7,0.0000,0.147454,motorcycle
img_017519.jpg,hnf9415,haf4489,False,4,0.4286,0.134835,motorcycle
img_017520.jpg,qrd7252,qrb8829,False,5,0.2857,0.085562,motorcycle
img_017524.jpg,ppy0590,ppy888,False,4,0.4286,0.816785,motorcycle
img_017525.jpg,ppq1985,ppo9882,False,4,0.4286,0.307760,motorcycle
img_017529.jpg,pps7339,ppss484,False,4,0.4286,0.132196,motorcycle
img_017530.jpg,msg7336,msg464,False,4,0.4286,0.257504,motorcycle
img_017531.jpg,mtx3656,mix458,False,4,0.4286,0.229902,motorcycle
img_017535.jpg,mtt3957,my79579,False,4,0.4286,0.117624,motorcycle
img_017537.jpg,ppz2842,bbb772,False,6,0.1429,0.019626,motorcycle
img_017541.jpg,msb1362,mssb422,False,4,0.4286,0.042094,motorcycle
img_017544.jpg,ocy3804,dcy799,False,5,0.2857,0.149389,motorcycle
img_017547.jpg,mtt3985,mi7789,False,5,0.2857,0.130281,motorcycle
img_017549.jpg,odp0225,qdp725,False,3,0.5714,0.392165,motorcycle
img_017550.jpg,odp0125,ddr9125,False,3,0.5714,0.139330,motorcycle
img_017552.jpg,mry4953,jp4353,False,4,0.4286,0.145180,motorcycle
img_017553.jpg,mtx7170,htx110,False,3,0.5714,0.095575,motorcycle
img_017554.jpg,mrk8390,ask49,False,5,0.2857,0.559628,motorcycle
img_017556.jpg,oyg8958,qyo4588,False,5,0.2857,0.038892,motorcycle
img_017558.jpg,msb9683,mb8884,False,4,0.4286,0.522593,motorcycle
img_017565.jpg,mrz3515,mr2832,False,5,0.2857,0.076376,motorcycle
img_017566.jpg,oye7983,qyf7838,False,4,0.4286,0.102951,motorcycle
img_017567.jpg,mtx3303,mt453,False,4,0.4286,0.442947,motorcycle
img_017568.jpg,msb1362,issb182,False,4,0.4286,0.036452,motorcycle
img_017569.jpg,ppn3443,bpm4342,False,5,0.2857,0.124891,motorcycle
img_017571.jpg,msb9683,m88589,False,5,0.2857,0.169167,motorcycle
img_017577.jpg,msz1632,iss314,False,6,0.1429,0.044678,motorcycle
img_017578.jpg,odr5971,qdr9991,False,3,0.5714,0.308652,motorcycle
img_017585.jpg,odc1091,qdc910,False,4,0.4286,0.102587,motorcycle
img_017586.jpg,hnf9415,haf4159,False,3,0.5714,0.662459,motorcycle
img_017587.jpg,mqx7889,807489,False,4,0.4286,0.096642,motorcycle
img_017593.jpg,mty6860,mtv8022,False,5,0.2857,0.205169,motorcycle
img_017594.jpg,odq4607,q2958,False,6,0.1429,0.146428,motorcycle
img_017595.jpg,ppk8709,ppk484,False,4,0.4286,0.323889,motorcycle
img_017602.jpg,ppl9553,pp47889,False,5,0.2857,0.082486,motorcycle
img_017610.jpg,mtz5078,e77780,False,6,0.1429,0.177149,motorcycle
img_017614.jpg,odt6046,idi472,False,6,0.1429,0.252751,motorcycle
img_017615.jpg,qrb1638,qr8789,False,5,0.2857,0.337297,motorcycle
img_017616.jpg,ppn9404,ppu2404,False,2,0.7143,0.215547,motorcycle
img_017620.jpg,ppo2171,bpi9882,False,6,0.1429,0.078647,motorcycle
img_017621.jpg,oye6829,qve824,False,4,0.4286,0.562280,motorcycle
img_017622.jpg,mrf8508,mff487,False,5,0.2857,0.244401,motorcycle
img_017625.jpg,msa2398,msa1998,False,2,0.7143,0.458257,motorcycle
img_017629.jpg,ppy0590,ppy488,False,4,0.4286,0.392464,motorcycle
img_017630.jpg,mtx7170,mtx710,False,1,0.8571,0.253178,motorcycle
img_017637.jpg,odr2292,qdr2929,False,3,0.5714,0.814928,motorcycle
img_017640.jpg,msa4370,isa4370,False,1,0.8571,0.417651,motorcycle
img_017642.jpg,odq4607,ip94677,False,4,0.4286,0.572023,motorcycle
img_017643.jpg,ocx6648,ucy4889,False,6,0.1429,0.066845,motorcycle
img_017646.jpg,pym6235,pym484,False,4,0.4286,0.383714,motorcycle
img_017656.jpg,mtn5516,mjn416,False,3,0.5714,0.301423,motorcycle
img_017658.jpg,odc7498,ypc5498,False,3,0.5714,0.243849,motorcycle
img_017663.jpg,mst8716,mcp782,False,5,0.2857,0.022288,motorcycle
img_017664.jpg,mqy9394,mox1949,False,5,0.2857,0.557675,motorcycle
img_017666.jpg,oye3717,dye4777,False,3,0.5714,0.390769,motorcycle
img_017668.jpg,mtx7170,ht31170,False,3,0.5714,0.377468,motorcycle
img_017669.jpg,opz6615,pp77892,False,6,0.1429,0.328327,motorcycle
img_017672.jpg,mtz2306,m12506,False,3,0.5714,0.064234,motorcycle
img_017674.jpg,msz1632,msz78,False,4,0.4286,0.277250,motorcycle
img_017676.jpg,mru5943,mru2892,False,4,0.4286,0.555117,motorcycle
img_017678.jpg,odr2292,qdr5929,False,4,0.4286,0.486897,motorcycle
img_017679.jpg,mtx3303,mt4303,False,2,0.7143,0.386696,motorcycle
img_017682.jpg,ovh6100,pv4480,False,5,0.2857,0.251242,motorcycle
img_017685.jpg,odl8131,ody8819,False,4,0.4286,0.153936,motorcycle
img_017686.jpg,oyk5858,dv6889,False,6,0.1429,0.403444,motorcycle
img_017688.jpg,ovk7691,dvk4114,False,5,0.2857,0.279583,motorcycle
img_017690.jpg,mtx7170,mtz110,False,3,0.5714,0.182693,motorcycle
img_017693.jpg,qrb1638,ybb489,False,6,0.1429,0.231199,motorcycle
img_017695.jpg,odr4281,qdr4281,False,1,0.8571,0.476572,motorcycle
img_017697.jpg,msz1632,msz73,False,3,0.5714,0.206931,motorcycle
img_017699.jpg,oyh0980,ivi880,False,5,0.2857,0.035260,motorcycle
img_017701.jpg,ppm4442,ppm4429,False,2,0.7143,0.380801,motorcycle
img_017702.jpg,mtt3957,m11997,False,4,0.4286,0.272939,motorcycle
img_017703.jpg,ppj1736,pp1258,False,4,0.4286,0.154947,motorcycle
img_017704.jpg,pps1116,pps489,False,4,0.4286,0.463941,motorcycle
img_017706.jpg,qrd7892,gr9829,False,5,0.2857,0.167822,motorcycle
img_017707.jpg,ppm2910,ppi4780,False,4,0.4286,0.343887,motorcycle
img_017708.jpg,ppg9448,qpg4489,False,3,0.5714,0.089623,motorcycle
img_017711.jpg,odr4648,opb489,False,5,0.2857,0.134396,motorcycle
img_017716.jpg,mtx3303,mt4634,False,4,0.4286,0.649062,motorcycle
img_017718.jpg,mtx7170,mjx110,False,3,0.5714,0.130812,motorcycle
img_017720.jpg,ppx1216,ppy426,False,3,0.5714,0.352717,motorcycle
img_017722.jpg,ppt6106,ppi78,False,5,0.2857,0.330516,motorcycle
img_017724.jpg,qrb1638,yb8889,False,6,0.1429,0.129350,motorcycle
img_017726.jpg,mtn5516,min759,False,4,0.4286,0.212950,motorcycle
img_017728.jpg,ocy2738,dcy778,False,3,0.5714,0.279297,motorcycle
img_017732.jpg,ppq1376,pp97764,False,4,0.4286,0.243803,motorcycle
img_017735.jpg,odc7498,ypc7498,False,2,0.7143,0.110018,motorcycle
img_017738.jpg,odg5912,ddg524,False,4,0.4286,0.239969,motorcycle
img_017739.jpg,ppg9448,bpg4484,False,3,0.5714,0.508344,motorcycle
img_017740.jpg,ppy0590,ppy48,False,4,0.4286,0.461786,motorcycle
img_017742.jpg,msb1362,msb426,False,3,0.5714,0.322779,motorcycle
img_017743.jpg,mtx7170,mtz170,False,2,0.7143,0.454996,motorcycle
img_017745.jpg,ocz6425,be3248,False,6,0.1429,0.166977,motorcycle
img_017747.jpg,mtx3656,mta769,False,4,0.4286,0.114257,motorcycle
img_017755.jpg,ppf9618,ppr648,False,3,0.5714,0.361144,motorcycle
img_017756.jpg,oye7983,dyp793,False,3,0.5714,0.140162,motorcycle
img_017758.jpg,odt7616,qd16161,False,4,0.4286,0.613903,motorcycle
img_017759.jpg,odg5912,qdg5912,False,1,0.8571,0.288101,motorcycle
img_017760.jpg,ppb4183,ppb789,False,3,0.5714,0.438759,motorcycle
img_017763.jpg,ppn9404,gpu9444,False,3,0.5714,0.148842,motorcycle
img_017764.jpg,odl8131,qd4781,False,5,0.2857,0.282115,motorcycle
img_017765.jpg,odg5912,qdg5912,False,1,0.8571,0.300342,motorcycle
img_017768.jpg,odr3327,ddr4377,False,3,0.5714,0.871841,motorcycle
img_017769.jpg,mtx7170,mf37170,False,2,0.7143,0.300021,motorcycle
img_017771.jpg,mtj5196,mti589,False,3,0.5714,0.288770,motorcycle
img_017773.jpg,oyi7673,qv4179,False,6,0.1429,0.134472,motorcycle
img_017775.jpg,odg5912,ddg1912,False,2,0.7143,0.448993,motorcycle
img_017777.jpg,mrh6221,mrh4221,False,1,0.8571,0.315341,motorcycle
img_017778.jpg,mtx7170,mtx770,False,1,0.8571,0.131049,motorcycle
img_017780.jpg,ppv2708,ppv470,False,2,0.7143,0.270274,motorcycle
img_017781.jpg,ppv2570,ppy1570,False,2,0.7143,0.112691,motorcycle
img_017783.jpg,odj5604,ve7784,False,6,0.1429,0.073986,motorcycle
img_017787.jpg,odr2292,qdr2929,False,3,0.5714,0.284131,motorcycle
img_017791.jpg,mry4953,try9534,False,3,0.5714,0.297603,motorcycle
img_017792.jpg,ovi2792,fvi748,False,4,0.4286,0.083974,motorcycle
img_017793.jpg,mtz5078,miz79,False,4,0.4286,0.127400,motorcycle
img_017796.jpg,oye8534,dye7548,False,4,0.4286,0.168568,motorcycle
img_017799.jpg,qrd0208,qrd484,False,4,0.4286,0.193949,motorcycle
img_017802.jpg,mtx3303,mt4503,False,3,0.5714,0.146776,motorcycle
img_017803.jpg,mtz5078,ft8789,False,5,0.2857,0.073344,motorcycle
img_017804.jpg,qrc1114,qrg489,False,5,0.2857,0.076320,motorcycle
img_017805.jpg,mqy9394,mov894,False,4,0.4286,0.556198,motorcycle
img_017806.jpg,dth7551,pjh4,False,6,0.1429,0.210431,motorcycle
img_017809.jpg,mtx7170,mtx710,False,1,0.8571,0.171215,motorcycle
img_017810.jpg,odj9689,qp499,False,5,0.2857,0.238960,motorcycle
img_017814.jpg,odl8131,dd58812,False,5,0.2857,0.143597,motorcycle
img_017818.jpg,mtx7170,htx117,False,3,0.5714,0.050912,motorcycle
img_017821.jpg,oyd2830,vyp880,False,4,0.4286,0.082394,motorcycle
img_017822.jpg,oyk5157,gyl479,False,6,0.1429,0.067400,motorcycle
img_017823.jpg,mtx3303,mt4303,False,2,0.7143,0.623478,motorcycle
img_017824.jpg,oye8534,dye5349,False,3,0.5714,0.294043,motorcycle
img_017827.jpg,oyk5157,pyk457,False,3,0.5714,0.448919,motorcycle
img_017828.jpg,msb1362,asb489,False,5,0.2857,0.192178,motorcycle
img_017829.jpg,oyk5858,dv6888,False,5,0.2857,0.102855,motorcycle
img_017830.jpg,mtx7170,mtx1170,False,1,0.8571,0.129576,motorcycle
img_017832.jpg,ppe0196,ppe7996,False,2,0.7143,0.139366,motorcycle
img_017833.jpg,mtz0696,mj279,False,5,0.2857,0.155469,motorcycle
img_017834.jpg,msz1632,ms378,False,5,0.2857,0.471774,motorcycle
img_017835.jpg,mte0974,ale9480,False,6,0.1429,0.224938,motorcycle
img_017839.jpg,mtx3656,mtx466,False,2,0.7143,0.206577,motorcycle
img_017843.jpg,mtx7170,htx1170,False,2,0.7143,0.156541,motorcycle
img_017845.jpg,odj9689,qd9989,False,3,0.5714,0.194253,motorcycle
img_017848.jpg,mtt3957,bit7577,False,5,0.2857,0.222082,motorcycle
img_017850.jpg,pps1116,pps789,False,4,0.4286,0.138283,motorcycle
img_017851.jpg,ppc6761,ppc788,False,3,0.5714,0.456021,motorcycle
img_017852.jpg,oye7983,qye799,False,3,0.5714,0.180782,motorcycle
img_017857.jpg,ppq1985,pp9484,False,4,0.4286,0.079892,motorcycle
img_017858.jpg,odg5912,ddg591,False,2,0.7143,0.526846,motorcycle
img_017859.jpg,oyk5157,qv4487,False,6,0.1429,0.221447,motorcycle
img_017863.jpg,qrd7252,qrd489,False,4,0.4286,0.179760,motorcycle
img_017864.jpg,msz1632,msz48,False,4,0.4286,0.124481,motorcycle
img_017866.jpg,odr2292,qdr2922,False,3,0.5714,0.195284,motorcycle
img_017868.jpg,odl8131,dd4781,False,5,0.2857,0.455902,motorcycle
img_017869.jpg,mtz0696,m72786,False,5,0.2857,0.110433,motorcycle
img_017870.jpg,mtx3303,mt4503,False,3,0.5714,0.229040,motorcycle
img_017871.jpg,oyg8958,dv6788,False,6,0.1429,0.453112,motorcycle
img_017878.jpg,odr2292,qdr2924,False,3,0.5714,0.222919,motorcycle
img_017879.jpg,ppp6812,fpp8812,False,2,0.7143,0.531898,motorcycle
img_017880.jpg,ppj7558,ppi888,False,4,0.4286,0.141109,motorcycle
img_017881.jpg,odq4607,qp956,False,6,0.1429,0.120714,motorcycle
img_017883.jpg,mtx7170,ytx417,False,3,0.5714,0.076050,motorcycle
img_017885.jpg,mti0948,m7i94,False,3,0.5714,0.111788,motorcycle
img_017886.jpg,mti0948,mii449,False,4,0.4286,0.472627,motorcycle
img_017887.jpg,mtn5516,min44,False,5,0.2857,0.178913,motorcycle
img_017888.jpg,odg5912,qd9592,False,3,0.5714,0.183514,motorcycle
img_017889.jpg,odt7616,qdt616,False,2,0.7143,0.279086,motorcycle
img_017890.jpg,mtx7170,htx1170,False,2,0.7143,0.174897,motorcycle
img_017891.jpg,odg5912,ddg499,False,4,0.4286,0.538502,motorcycle
img_017892.jpg,ppo2191,bp9481,False,5,0.2857,0.193215,motorcycle
img_017893.jpg,odr2292,qdr2922,False,3,0.5714,0.563010,motorcycle
img_017896.jpg,ppq1973,ppo973,False,2,0.7143,0.819723,motorcycle
img_017898.jpg,msa2099,msa991,False,3,0.5714,0.022018,motorcycle
img_017899.jpg,ods0897,qps484,False,5,0.2857,0.138450,motorcycle
img_017900.jpg,odg5912,qdg4912,False,2,0.7143,0.140555,motorcycle
img_017901.jpg,mty6860,mtv48,False,4,0.4286,0.326754,motorcycle
img_017902.jpg,msb1362,msb422,False,3,0.5714,0.200009,motorcycle
img_017904.jpg,mtx7170,mtz70,False,3,0.5714,0.095314,motorcycle
img_017905.jpg,oye8534,dye7349,False,4,0.4286,0.235948,motorcycle
img_017906.jpg,mtz5078,ft7508,False,3,0.5714,0.088370,motorcycle
img_017907.jpg,oyf5493,pyf934,False,4,0.4286,0.312397,motorcycle
img_017908.jpg,oyh0980,vyu180,False,4,0.4286,0.046768,motorcycle
img_017912.jpg,mqs6436,mds4364,False,3,0.5714,0.109953,motorcycle
img_017916.jpg,mtz5078,miz78,False,3,0.5714,0.143296,motorcycle
img_017922.jpg,ppe5980,fpe880,False,3,0.5714,0.085828,motorcycle
img_017924.jpg,odn9541,9dn412,False,4,0.4286,0.325647,motorcycle
img_017927.jpg,mrz3515,mr7759,False,4,0.4286,0.091403,motorcycle
img_017928.jpg,odr5971,ddr5971,False,1,0.8571,0.973809,motorcycle
img_017931.jpg,odt7616,qdt616,False,2,0.7143,0.569424,motorcycle
img_017932.jpg,mtz5078,mjz78,False,3,0.5714,0.267637,motorcycle
img_017933.jpg,mtx7170,mtx170,False,1,0.8571,0.101698,motorcycle
img_017937.jpg,pps1706,pps70,False,2,0.7143,0.063530,motorcycle
img_017941.jpg,ppj2374,ppy874,False,3,0.5714,0.065971,motorcycle
img_017943.jpg,mtx4192,mt4492,False,2,0.7143,0.030285,motorcycle
img_017944.jpg,msb1362,fusb486,False,5,0.2857,0.159189,motorcycle
img_017945.jpg,odp0125,ddr0125,False,2,0.7143,0.221613,motorcycle
img_017946.jpg,odr3327,ddr5377,False,3,0.5714,0.617451,motorcycle
img_017950.jpg,odl8131,qp4788,False,7,0.0000,0.559325,motorcycle
img_017952.jpg,odr5971,ddr5971,False,1,0.8571,0.540948,motorcycle
img_017955.jpg,mtz5078,mtz89,False,4,0.4286,0.242305,motorcycle
img_017957.jpg,mtx4192,m7x792,False,3,0.5714,0.093120,motorcycle
img_017960.jpg,mtx7170,mt41110,False,3,0.5714,0.032439,motorcycle
img_017961.jpg,oyk6072,pv4809,False,6,0.1429,0.120964,motorcycle
img_017963.jpg,mtn5516,min516,False,2,0.7143,0.490735,motorcycle
img_017965.jpg,ppo2334,ppo4849,False,4,0.4286,0.509959,motorcycle
img_017966.jpg,mtx4192,mix4924,False,3,0.5714,0.047888,motorcycle
img_017967.jpg,mti0948,mt848,False,3,0.5714,0.445084,motorcycle
img_017969.jpg,mtx7170,mtx110,False,2,0.7143,0.174499,motorcycle
img_017970.jpg,msb9683,msb484,False,3,0.5714,0.264718,motorcycle
img_017971.jpg,msz1632,ms742,False,4,0.4286,0.168602,motorcycle
img_017972.jpg,ovi2792,dvr7292,False,4,0.4286,0.061157,motorcycle
img_017974.jpg,mrf8508,mrf788,False,3,0.5714,0.139930,motorcycle
img_017975.jpg,msb9683,msb534,False,4,0.4286,0.308023,motorcycle
img_017976.jpg,odp0225,qdp425,False,3,0.5714,0.434031,motorcycle
img_017977.jpg,odp0125,qdr9125,False,3,0.5714,0.161805,motorcycle
img_017982.jpg,odt6046,dwi440,False,5,0.2857,0.061882,motorcycle
img_017986.jpg,mtz5078,mjz78,False,3,0.5714,0.112436,motorcycle
img_017987.jpg,ppj7558,pp7488,False,3,0.5714,0.107144,motorcycle
img_017988.jpg,oye8534,dje8949,False,5,0.2857,0.060403,motorcycle
img_017990.jpg,mtx7170,mma110,False,4,0.4286,0.070034,motorcycle
img_017991.jpg,mry4953,aurv959,False,5,0.2857,0.068794,motorcycle
img_017994.jpg,ppe6007,ppe707,False,2,0.7143,0.575153,motorcycle
img_018000.jpg,odr5971,pdr5971,False,1,0.8571,0.542390,motorcycle
img_018002.jpg,odt7618,9d1898,False,5,0.2857,0.154382,motorcycle
img_018004.jpg,mtx7170,mtz170,False,2,0.7143,0.136909,motorcycle
img_018005.jpg,mrh6221,frh6221,False,1,0.8571,0.273618,motorcycle
img_018007.jpg,mti0948,mti94,False,2,0.7143,0.362018,motorcycle
img_018009.jpg,oyh0980,vic480,False,5,0.2857,0.218412,motorcycle
img_018010.jpg,odt6686,qd7688,False,4,0.4286,0.054290,motorcycle
img_018014.jpg,ppx9459,ppx4599,False,2,0.7143,0.696266,motorcycle
img_018015.jpg,mty1911,hir591,False,5,0.2857,0.127349,motorcycle
img_018017.jpg,mtx7170,mtz710,False,2,0.7143,0.232636,motorcycle
img_018018.jpg,ppc9946,trc4464,False,5,0.2857,0.135254,motorcycle
img_018020.jpg,mtz5078,miz78,False,3,0.5714,0.346930,motorcycle
img_018021.jpg,mtx4192,mix7120,False,4,0.4286,0.052733,motorcycle
img_018022.jpg,msb1362,asb466,False,4,0.4286,0.169996,motorcycle
img_018023.jpg,mtx7170,mtx1170,False,1,0.8571,0.232320,motorcycle
img_018026.jpg,pps1706,7y884,False,7,0.0000,0.320505,motorcycle
img_018030.jpg,ovk7691,dvk41,False,4,0.4286,0.536050,motorcycle
img_018031.jpg,oyk5157,pyk487,False,4,0.4286,0.423242,motorcycle
img_018037.jpg,pps1116,pps484,False,4,0.4286,0.215863,motorcycle
img_018040.jpg,qrb7981,qrb1981,False,1,0.8571,0.189467,motorcycle
img_018041.jpg,mtx7170,mtz710,False,2,0.7143,0.288530,motorcycle
img_018042.jpg,ppb0543,pfb749,False,4,0.4286,0.092772,motorcycle
img_018044.jpg,mrf8508,mpf7822,False,5,0.2857,0.362923,motorcycle
img_018048.jpg,mts5164,mts480,False,4,0.4286,0.060416,motorcycle
img_018050.jpg,odc7498,q0c798,False,3,0.5714,0.301914,motorcycle
img_018052.jpg,ppm1734,ppm4744,False,2,0.7143,0.506345,motorcycle
img_018053.jpg,mtx7170,mtx1170,False,1,0.8571,0.052982,motorcycle
img_018054.jpg,mqk5693,mor8999,False,5,0.2857,0.062111,motorcycle
img_018055.jpg,ppn7788,pp4488,False,3,0.5714,0.262955,motorcycle
img_018056.jpg,mso0446,ms0467,False,3,0.5714,0.300641,motorcycle
img_018057.jpg,ovi1549,oy8499,False,5,0.2857,0.234310,motorcycle
img_018059.jpg,mth2690,emth79,False,4,0.4286,0.114004,motorcycle
img_018060.jpg,msb1362,asb482,False,4,0.4286,0.211656,motorcycle
img_018061.jpg,oyf5493,pyf4934,False,3,0.5714,0.246249,motorcycle
img_018064.jpg,msz1632,msz42,False,3,0.5714,0.117310,motorcycle
img_018067.jpg,ppm2930,pcm8930,False,2,0.7143,0.120929,motorcycle
img_018074.jpg,mtx7170,mms7170,False,2,0.7143,0.297042,motorcycle
img_018075.jpg,odn9515,qdn554,False,4,0.4286,0.258770,motorcycle
img_018076.jpg,ppr1686,ppr440,False,4,0.4286,0.171976,motorcycle
img_018078.jpg,qrd7252,qrd4852,False,2,0.7143,0.170909,motorcycle
img_018080.jpg,odl8131,8d4780,False,6,0.1429,0.294742,motorcycle
img_018082.jpg,mtc2212,mtc512,False,2,0.7143,0.254590,motorcycle
img_018083.jpg,ppv4189,ppy484,False,3,0.5714,0.237718,motorcycle
img_018086.jpg,mty1911,h7751,False,6,0.1429,0.101057,motorcycle
img_018089.jpg,odj5604,qf77882,False,7,0.0000,0.024413,motorcycle
img_018090.jpg,odr3327,ddr4327,False,2,0.7143,0.375761,motorcycle
img_018091.jpg,qrd7251,qrd481,False,3,0.5714,0.517310,motorcycle
img_018092.jpg,oyk5157,byk884,False,5,0.2857,0.132795,motorcycle
img_018097.jpg,mtz5078,m5878,False,3,0.5714,0.152094,motorcycle
img_018098.jpg,odr4648,qdb464,False,3,0.5714,0.715921,motorcycle
img_018102.jpg,mtx7170,ht5110,False,4,0.4286,0.019425,motorcycle
img_018104.jpg,ocy0644,fcx4644,False,3,0.5714,0.589351,motorcycle
img_018112.jpg,mtx4192,m741922,False,3,0.5714,0.206706,motorcycle
img_018114.jpg,ppk8700,psk4842,False,5,0.2857,0.111885,motorcycle
img_018118.jpg,msz1632,msz48,False,4,0.4286,0.083356,motorcycle
img_018120.jpg,oyd2826,uvp48,False,6,0.1429,0.227090,motorcycle
img_018121.jpg,odr2292,qdr7922,False,4,0.4286,0.296233,motorcycle
img_018122.jpg,msk5076,wsk474,False,4,0.4286,0.051656,motorcycle
img_018123.jpg,mtx7170,ftx2770,False,3,0.5714,0.075343,motorcycle
img_018125.jpg,mtx7170,mtx110,False,2,0.7143,0.291512,motorcycle
img_018127.jpg,msz1632,ms342,False,4,0.4286,0.271858,motorcycle
img_018128.jpg,odj5604,qp94882,False,7,0.0000,0.013024,motorcycle
img_018129.jpg,mru5943,mru4899,False,4,0.4286,0.221374,motorcycle
img_018132.jpg,ppm5173,ppm7892,False,4,0.4286,0.337794,motorcycle
img_018134.jpg,ppp3359,3pp594,False,4,0.4286,0.283508,motorcycle
img_018136.jpg,mqh2561,ll2778,False,6,0.1429,0.058850,motorcycle
img_018137.jpg,odt3835,ddt7854,False,4,0.4286,0.077882,motorcycle
img_018139.jpg,ppq1985,pp9789,False,4,0.4286,0.203312,motorcycle
img_018140.jpg,pps9620,pps620,False,1,0.8571,0.095572,motorcycle
img_018141.jpg,mtx7170,ytx410,False,3,0.5714,0.035814,motorcycle
img_018143.jpg,odl8131,dd4781,False,5,0.2857,0.229328,motorcycle
img_018144.jpg,ppm5173,ppm889,False,4,0.4286,0.722377,motorcycle
img_018147.jpg,mrh6221,mph221,False,2,0.7143,0.757768,motorcycle
img_018148.jpg,ppi2609,spp189,False,5,0.2857,0.306797,motorcycle
img_018151.jpg,msb9683,ms8484,False,4,0.4286,0.746508,motorcycle
img_018152.jpg,mpv8198,empv889,False,3,0.5714,0.394162,motorcycle
img_018158.jpg,mtx7170,mtx170,False,1,0.8571,0.120357,motorcycle
img_018159.jpg,ppn7788,ppr1480,False,4,0.4286,0.256656,motorcycle
img_018161.jpg,odt6046,qdi842,False,5,0.2857,0.025587,motorcycle
img_018163.jpg,mtx3303,mt45034,False,4,0.4286,0.250857,motorcycle
img_018164.jpg,odr4648,qdr4649,False,2,0.7143,0.438948,motorcycle
img_018166.jpg,msb9683,m88689,False,4,0.4286,0.279995,motorcycle
img_018168.jpg,pwy5444,fwx44,False,4,0.4286,0.209384,motorcycle
img_018169.jpg,ppy6301,ppy888,False,4,0.4286,0.110114,motorcycle
img_018170.jpg,msk5541,ms4551,False,2,0.7143,0.559405,motorcycle
img_018171.jpg,oyh6993,dvu9999,False,5,0.2857,0.185766,motorcycle
img_018172.jpg,ode2129,qde1129,False,2,0.7143,0.173332,motorcycle
img_018173.jpg,mtx3303,mj419,False,6,0.1429,0.248574,motorcycle
img_018174.jpg,ppi2601,ppi460,False,2,0.7143,0.115378,motorcycle
img_018178.jpg,oyj2555,dy4884,False,6,0.1429,0.155308,motorcycle
img_018179.jpg,msb9683,mb8889,False,4,0.4286,0.194068,motorcycle
img_018181.jpg,ppx1197,ppy4874,False,5,0.2857,0.227687,motorcycle
img_018182.jpg,msb1362,msb422,False,3,0.5714,0.109482,motorcycle
img_018183.jpg,pps9620,pp2620,False,2,0.7143,0.624233,motorcycle
img_018185.jpg,mqq4694,ma8994,False,4,0.4286,0.136339,motorcycle
img_018186.jpg,odr5971,ddr5971,False,1,0.8571,0.872310,motorcycle
img_018188.jpg,mtx3303,mt454,False,5,0.2857,0.284924,motorcycle
img_018190.jpg,mtx7170,mtx770,False,1,0.8571,0.379394,motorcycle
img_018192.jpg,ppy6491,fpy491,False,2,0.7143,0.494719,motorcycle
img_018193.jpg,ovk7691,dvk41,False,4,0.4286,0.656584,motorcycle
img_018195.jpg,mrd1456,mrd1564,False,2,0.7143,0.350911,motorcycle
img_018196.jpg,odr4648,qdr489,False,4,0.4286,0.269748,motorcycle
img_018197.jpg,qrd2937,drd9872,False,4,0.4286,0.264956,motorcycle
img_018198.jpg,mtx4192,wjx792,False,4,0.4286,0.127916,motorcycle
img_018199.jpg,ppy6861,ppyx881,False,2,0.7143,0.115309,motorcycle
img_018200.jpg,mtx7170,mm74170,False,3,0.5714,0.151256,motorcycle
img_018202.jpg,mru6781,mru187,False,3,0.5714,0.289046,motorcycle
img_018203.jpg,odt6046,iqi4822,False,7,0.0000,0.081149,motorcycle
img_018206.jpg,odr5971,ddr5971,False,1,0.8571,0.730353,motorcycle
img_018207.jpg,odr4648,qdb5484,False,5,0.2857,0.291529,motorcycle
img_018209.jpg,mrk8390,mr5400,False,4,0.4286,0.417145,motorcycle
img_018210.jpg,msb9683,m88684,False,4,0.4286,0.644466,motorcycle
img_018211.jpg,odt5939,qdt539,False,2,0.7143,0.223294,motorcycle
img_018212.jpg,ppv2708,ppv770,False,2,0.7143,0.438801,motorcycle
img_018213.jpg,ovi0710,pyl410,False,5,0.2857,0.080206,motorcycle
img_018214.jpg,ppl9553,9p9584,False,4,0.4286,0.041215,motorcycle
img_018216.jpg,mte0987,mie587,False,3,0.5714,0.427724,motorcycle
img_018217.jpg,ppv5188,fpv8380,False,4,0.4286,0.155039,motorcycle
img_018218.jpg,mtx7170,mfx170,False,2,0.7143,0.154452,motorcycle
img_018221.jpg,mtx4192,mm8492,False,3,0.5714,0.090563,motorcycle
img_018222.jpg,mtx7170,mtc710,False,2,0.7143,0.072103,motorcycle
img_018223.jpg,odl0291,idl7814,False,5,0.2857,0.330076,motorcycle
img_018225.jpg,mtx7170,mtx700,False,2,0.7143,0.212337,motorcycle
img_018228.jpg,mtz5078,mtz78,False,2,0.7143,0.223519,motorcycle
img_018229.jpg,msb9683,ms8884,False,4,0.4286,0.505281,motorcycle
img_018230.jpg,mtx7170,ytx110,False,3,0.5714,0.144893,motorcycle
img_018232.jpg,mtx4192,mix492,False,2,0.7143,0.061003,motorcycle
img_018234.jpg,ppk8700,byk704,False,4,0.4286,0.746720,motorcycle
img_018240.jpg,odt3706,d91898,False,6,0.1429,0.025299,motorcycle
img_018242.jpg,ppi2609,bpi1894,False,5,0.2857,0.039207,motorcycle
img_018243.jpg,mtx7170,mtx170,False,1,0.8571,0.133433,motorcycle
img_018244.jpg,ods5968,pds7988,False,3,0.5714,0.381051,motorcycle
img_018245.jpg,ods5406,pds406,False,2,0.7143,0.385292,motorcycle
img_018247.jpg,mtx3303,mt434,False,4,0.4286,0.687535,motorcycle
img_018248.jpg,mrz9228,mb2789,False,5,0.2857,0.327059,motorcycle
img_018249.jpg,mtx7170,ytx170,False,2,0.7143,0.065807,motorcycle
img_018250.jpg,odr5971,ddr5971,False,1,0.8571,0.887964,motorcycle
img_018253.jpg,mtx3303,mt434,False,4,0.4286,0.361915,motorcycle
img_018258.jpg,mtw4082,i95882,False,5,0.2857,0.069545,motorcycle
img_018260.jpg,ovi2796,qvi748,False,4,0.4286,0.052656,motorcycle
img_018262.jpg,mtx7170,htx117,False,3,0.5714,0.225079,motorcycle
img_018263.jpg,msz1632,msz78,False,4,0.4286,0.144239,motorcycle
img_018264.jpg,ppk8700,bp5488,False,6,0.1429,0.209307,motorcycle
img_018267.jpg,mtx7170,htx110,False,3,0.5714,0.217583,motorcycle
img_018270.jpg,mtz0696,m78968,False,5,0.2857,0.289880,motorcycle
img_018271.jpg,odj2901,dp9790,False,5,0.2857,0.064899,motorcycle
img_018272.jpg,mtz5078,m7278,False,4,0.4286,0.199253,motorcycle
img_018273.jpg,ppq9375,cp9789,False,5,0.2857,0.227705,motorcycle
img_018276.jpg,ppe5980,fqf480,False,5,0.2857,0.139798,motorcycle
img_018278.jpg,odr4648,qdb584,False,5,0.2857,0.295494,motorcycle
img_018279.jpg,odr3327,ddr5377,False,3,0.5714,0.575173,motorcycle
img_018281.jpg,ppb4183,ppb489,False,2,0.7143,0.574735,motorcycle
img_018282.jpg,ocx2147,dc44747,False,4,0.4286,0.300834,motorcycle
img_018283.jpg,odr5971,qdr9971,False,2,0.7143,0.268830,motorcycle
img_018285.jpg,ppx9459,ppy4894,False,4,0.4286,0.239364,motorcycle
img_018286.jpg,ppi6013,ppi1789,False,4,0.4286,0.155720,motorcycle
img_018289.jpg,msz1632,msz422,False,3,0.5714,0.216841,motorcycle
img_018290.jpg,ppl2161,bpl8192,False,4,0.4286,0.109330,motorcycle
img_018295.jpg,odr4648,qdr4648,False,1,0.8571,0.625263,motorcycle
img_018296.jpg,mtx7170,htx1170,False,2,0.7143,0.399195,motorcycle
img_018297.jpg,ppl0616,ppl786,False,3,0.5714,0.128137,motorcycle
img_018298.jpg,mtz5078,m7778,False,4,0.4286,0.174485,motorcycle
img_018300.jpg,odr5971,ddr5971,False,1,0.8571,0.869362,motorcycle
img_018301.jpg,odr4648,idb564,False,4,0.4286,0.139474,motorcycle
img_018305.jpg,odc7498,qpc5989,False,5,0.2857,0.415014,motorcycle
img_018307.jpg,mtx3303,mt43034,False,3,0.5714,0.338605,motorcycle
img_018310.jpg,ppb4271,ppb4271,True,0,1.0000,0.563802,motorcycle
img_018311.jpg,mtx7170,ytx110,False,3,0.5714,0.179327,motorcycle
img_018315.jpg,oye8534,dye484,False,4,0.4286,0.229660,motorcycle
img_018318.jpg,mro1108,mro282,False,4,0.4286,0.195662,motorcycle
img_018319.jpg,mtx7170,mix710,False,2,0.7143,0.031751,motorcycle
img_018323.jpg,qrd7251,yro2881,False,5,0.2857,0.412883,motorcycle
img_018326.jpg,mtx7170,fix7110,False,3,0.5714,0.036644,motorcycle
img_018327.jpg,ovi6547,dv1647,False,3,0.5714,0.188652,motorcycle
img_018330.jpg,qrb8036,dr8169,False,5,0.2857,0.355759,motorcycle
img_018331.jpg,ntn0127,nt4777,False,4,0.4286,0.073417,motorcycle
img_018332.jpg,ppl2161,bp2678,False,5,0.2857,0.066335,motorcycle
img_018335.jpg,mrh7545,mr4754,False,2,0.7143,0.698183,motorcycle
img_018337.jpg,mtx7170,mtx170,False,1,0.8571,0.091762,motorcycle
img_018338.jpg,ppo2191,bp9491,False,4,0.4286,0.277561,motorcycle
img_018341.jpg,oyf5493,pyf4934,False,3,0.5714,0.503683,motorcycle
img_018345.jpg,mtx3303,mt445,False,5,0.2857,0.217091,motorcycle
img_018346.jpg,ods5406,qd8440,False,4,0.4286,0.291917,motorcycle
img_018347.jpg,odg5912,ddg7912,False,2,0.7143,0.202349,motorcycle
img_018348.jpg,mtx7170,mtx170,False,1,0.8571,0.409739,motorcycle
img_018351.jpg,ppm5173,ppm8892,False,4,0.4286,0.580955,motorcycle
img_018355.jpg,ppc6761,ppc7812,False,3,0.5714,0.582478,motorcycle
img_018356.jpg,odr4648,qdr4649,False,2,0.7143,0.313344,motorcycle
img_018359.jpg,mtx7170,hitz170,False,4,0.4286,0.026900,motorcycle
img_018360.jpg,odr4648,qdb464,False,3,0.5714,0.361662,motorcycle
img_018363.jpg,mtx7170,hts7170,False,2,0.7143,0.033923,motorcycle
img_018366.jpg,mtx3303,mj454,False,6,0.1429,0.130808,motorcycle
img_018367.jpg,mtx7170,mtx170,False,1,0.8571,0.492586,motorcycle
img_018369.jpg,ppl2161,ppl7811,False,3,0.5714,0.112858,motorcycle
img_018371.jpg,qrb7981,qr8781,False,2,0.7143,0.379069,motorcycle
img_018372.jpg,mqu8788,mor489,False,5,0.2857,0.238334,motorcycle
img_018373.jpg,ppx1197,pp44177,False,3,0.5714,0.170103,motorcycle
img_018374.jpg,odt7618,9d1898,False,5,0.2857,0.086718,motorcycle
img_018375.jpg,odr2292,ddr5929,False,4,0.4286,0.211674,motorcycle
img_018377.jpg,odg5912,ddg519,False,3,0.5714,0.086014,motorcycle
img_018378.jpg,mqh2561,ma4781,False,5,0.2857,0.105815,motorcycle
img_018381.jpg,ppu0071,ipru188,False,6,0.1429,0.054700,motorcycle
img_018382.jpg,odt6046,qqi648,False,5,0.2857,0.205187,motorcycle
img_018383.jpg,odr2292,qdr2922,False,3,0.5714,0.305742,motorcycle
img_018385.jpg,odg5912,ddg5912,False,1,0.8571,0.432491,motorcycle
img_018389.jpg,mtz5078,m7878,False,4,0.4286,0.255554,motorcycle
img_018390.jpg,odg5912,ddg591,False,2,0.7143,0.452206,motorcycle
img_018391.jpg,mtx7170,mix717,False,2,0.7143,0.047012,motorcycle
img_018392.jpg,mtx7170,mtx110,False,2,0.7143,0.560320,motorcycle
img_018393.jpg,oyi8637,dv2474,False,7,0.0000,0.376754,motorcycle
img_018395.jpg,odr2292,qd8729,False,4,0.4286,0.044598,motorcycle
img_018396.jpg,qrd3839,bro2384,False,5,0.2857,0.241724,motorcycle
img_018398.jpg,msz1632,ms352,False,4,0.4286,0.131740,motorcycle
img_018399.jpg,odr4281,qur488,False,4,0.4286,0.193424,motorcycle
img_018400.jpg,odr4648,qdb549,False,5,0.2857,0.087571,motorcycle
img_018404.jpg,odr5971,ddr9991,False,3,0.5714,0.524328,motorcycle
img_018410.jpg,mtz5078,m73789,False,5,0.2857,0.038086,motorcycle
img_018414.jpg,mtz0696,m78968,False,5,0.2857,0.263044,motorcycle
img_018415.jpg,odl8131,pp4478,False,7,0.0000,0.077065,motorcycle
img_018416.jpg,odr5971,qdr5971,False,1,0.8571,0.624442,motorcycle
img_018417.jpg,mtx4192,mt4192,False,1,0.8571,0.198620,motorcycle
img_018418.jpg,mtz0696,m7998,False,5,0.2857,0.465082,motorcycle
img_018419.jpg,mtx7170,hix771,False,4,0.4286,0.156256,motorcycle
img_018421.jpg,kzi9639,kz67992,False,5,0.2857,0.163693,motorcycle
img_018422.jpg,mtx4192,mix7992,False,3,0.5714,0.093611,motorcycle
img_018423.jpg,mtx7170,emfx710,False,3,0.5714,0.037440,motorcycle
img_018428.jpg,mtx7170,mfx710,False,2,0.7143,0.552317,motorcycle
img_018429.jpg,msz1632,m5342,False,5,0.2857,0.105609,motorcycle
img_018432.jpg,odr4648,qdb464,False,3,0.5714,0.481596,motorcycle
img_018435.jpg,msz1632,msz44,False,4,0.4286,0.184632,motorcycle
img_018436.jpg,mtz5078,miz89,False,5,0.2857,0.153209,motorcycle
img_018437.jpg,mtx3303,mt454,False,5,0.2857,0.246435,motorcycle
img_018440.jpg,odr5971,pdr5997,False,3,0.5714,0.479437,motorcycle
img_018441.jpg,msb9683,msb4884,False,3,0.5714,0.387404,motorcycle
img_018444.jpg,mtz5078,f3878,False,5,0.2857,0.252053,motorcycle
img_018449.jpg,mtx7170,mm7770,False,3,0.5714,0.132953,motorcycle
img_018451.jpg,ppq7171,ppo480,False,5,0.2857,0.062582,motorcycle
img_018453.jpg,mtx3303,mt4303,False,2,0.7143,0.079141,motorcycle
img_018457.jpg,odt7618,qd7878,False,4,0.4286,0.214123,motorcycle
img_018459.jpg,mrk2241,mrk411,False,3,0.5714,0.254090,motorcycle
img_018461.jpg,odr4281,qur4281,False,2,0.7143,0.873035,motorcycle
img_018462.jpg,odr5971,ddr5971,False,1,0.8571,0.752300,motorcycle
img_018464.jpg,odt7622,9d7624,False,3,0.5714,0.030022,motorcycle
img_018467.jpg,mtx7170,emfx710,False,3,0.5714,0.251162,motorcycle
img_018468.jpg,odr4281,qur4281,False,2,0.7143,0.709733,motorcycle
img_018470.jpg,ppv2597,ppv4974,False,3,0.5714,0.052413,motorcycle
img_018473.jpg,oyk5858,dy6488,False,4,0.4286,0.098886,motorcycle
img_018478.jpg,ppy0590,ppyx08,False,4,0.4286,0.320041,motorcycle
img_018479.jpg,mtx7170,mfx717,False,2,0.7143,0.395849,motorcycle
img_018481.jpg,gzz8751,g7778,False,5,0.2857,0.350729,motorcycle
img_018482.jpg,odr5971,ddr5971,False,1,0.8571,0.446757,motorcycle
img_018486.jpg,ode2129,qde5129,False,2,0.7143,0.124737,motorcycle
img_018487.jpg,ppc6761,pp4781,False,3,0.5714,0.381130,motorcycle
img_018488.jpg,odr5971,ddr5971,False,1,0.8571,0.645988,motorcycle
img_018489.jpg,odm6783,pd4574,False,5,0.2857,0.091810,motorcycle
img_018490.jpg,odt6046,jq1489,False,7,0.0000,0.032007,motorcycle
img_018491.jpg,odq3758,qq0788,False,4,0.4286,0.430611,motorcycle
img_018493.jpg,ppn7788,pp01788,False,2,0.7143,0.121008,motorcycle
img_018496.jpg,ppc8676,bigc764,False,6,0.1429,0.219263,motorcycle
img_018497.jpg,odt7622,qd5122,False,4,0.4286,0.154655,motorcycle
img_018500.jpg,mtx4192,mfx7922,False,4,0.4286,0.250423,motorcycle
img_018501.jpg,oyd3422,hyd889,False,5,0.2857,0.140274,motorcycle
img_018504.jpg,ppk8607,ppk4872,False,4,0.4286,0.142303,motorcycle
img_018505.jpg,ppr1686,pjp46,False,5,0.2857,0.030861,motorcycle
img_018506.jpg,odt6046,qqi6892,False,6,0.1429,0.130881,motorcycle
img_018509.jpg,msz1632,msz42,False,3,0.5714,0.257431,motorcycle
img_018511.jpg,msb1362,fms8482,False,5,0.2857,0.158903,motorcycle
img_018512.jpg,odt6046,qqi489,False,7,0.0000,0.076913,motorcycle
img_018513.jpg,msb1362,msb524,False,4,0.4286,0.444266,motorcycle
img_018516.jpg,odt6046,qq1682,False,6,0.1429,0.091384,motorcycle
img_018518.jpg,msb1362,msb422,False,3,0.5714,0.630254,motorcycle
img_018521.jpg,odt6046,jq1667,False,6,0.1429,0.063073,motorcycle
img_018523.jpg,odr5971,ddr5971,False,1,0.8571,0.581927,motorcycle
img_018524.jpg,msb1362,msb434,False,3,0.5714,0.326567,motorcycle
img_018525.jpg,odr4648,odb564,False,3,0.5714,0.511402,motorcycle
img_018526.jpg,mtx7170,mtx110,False,2,0.7143,0.294425,motorcycle
img_018530.jpg,ppq9375,pp9874,False,3,0.5714,0.235048,motorcycle
img_018531.jpg,mqh2561,mqu1812,False,5,0.2857,0.105707,motorcycle
img_018532.jpg,ppv2570,pp77570,False,2,0.7143,0.427234,motorcycle
img_018534.jpg,msb1362,msb489,False,4,0.4286,0.085433,motorcycle
img_018535.jpg,odk0046,qd6942,False,5,0.2857,0.119112,motorcycle
img_018537.jpg,mtx3303,mt4303,False,2,0.7143,0.860686,motorcycle
img_018538.jpg,ovj2513,dv9788,False,6,0.1429,0.268746,motorcycle
img_018540.jpg,qrd3846,qrd54,False,3,0.5714,0.120587,motorcycle
img_018541.jpg,msz1632,ms342,False,4,0.4286,0.222330,motorcycle
img_018544.jpg,odr2292,qdr2929,False,3,0.5714,0.689270,motorcycle
img_018545.jpg,mtx7170,hzz7170,False,3,0.5714,0.027845,motorcycle
img_018547.jpg,qrb1638,yrb787,False,5,0.2857,0.126693,motorcycle
img_018548.jpg,ovj2513,dv9978,False,6,0.1429,0.234966,motorcycle
img_018549.jpg,msz1632,msz42,False,3,0.5714,0.186811,motorcycle
img_018551.jpg,odf0749,quf794,False,5,0.2857,0.507396,motorcycle
img_018552.jpg,ppw3684,pps484,False,3,0.5714,0.105665,motorcycle
img_018553.jpg,mtx3303,mt459,False,5,0.2857,0.421722,motorcycle
img_018554.jpg,odt6046,ddi672,False,5,0.2857,0.054578,motorcycle
img_018556.jpg,ovj2513,dv44513,False,3,0.5714,0.041575,motorcycle
img_018557.jpg,msz1632,ms372,False,4,0.4286,0.251510,motorcycle
img_018559.jpg,ppj9355,fra2384,False,6,0.1429,0.278910,motorcycle
img_018560.jpg,ovj2513,dy94813,False,5,0.2857,0.292306,motorcycle
img_018562.jpg,mrd1456,mrd464,False,3,0.5714,0.254824,motorcycle
img_018563.jpg,msb1362,msb429,False,4,0.4286,0.074892,motorcycle
img_018564.jpg,ppj5012,ppr298,False,5,0.2857,0.110613,motorcycle
img_018565.jpg,mqd3519,m90759,False,4,0.4286,0.157082,motorcycle
img_018568.jpg,qrb1638,vs1899,False,6,0.1429,0.049100,motorcycle
img_018569.jpg,msp2087,wsp47,False,4,0.4286,0.170472,motorcycle
img_018570.jpg,odr5971,ddr5971,False,1,0.8571,0.585671,motorcycle
img_018573.jpg,ppw3684,ppw544,False,3,0.5714,0.097581,motorcycle
img_018574.jpg,ppn7788,pp4888,False,3,0.5714,0.189871,motorcycle
img_018575.jpg,msp2087,ysp4887,False,3,0.5714,0.142365,motorcycle
img_018576.jpg,mtx3303,mt4303,False,2,0.7143,0.630810,motorcycle
img_018577.jpg,mtx4192,emt4192,False,2,0.7143,0.126413,motorcycle
img_018579.jpg,odr5971,ddr5971,False,1,0.8571,0.762713,motorcycle
img_018581.jpg,odl8131,8p4788,False,7,0.0000,0.089363,motorcycle
img_018582.jpg,odr2292,qdr2922,False,3,0.5714,0.235582,motorcycle
img_018585.jpg,ppo2334,p599848,False,6,0.1429,0.078901,motorcycle
img_018587.jpg,msp2087,msp2887,False,1,0.8571,0.298359,motorcycle
img_018588.jpg,odr4648,qdr464,False,2,0.7143,0.729737,motorcycle
img_018590.jpg,odf0749,qv6799,False,5,0.2857,0.177771,motorcycle
img_018591.jpg,odt6727,dp1979,False,6,0.1429,0.142044,motorcycle
img_018592.jpg,odf0749,qd6794,False,5,0.2857,0.786683,motorcycle
img_018593.jpg,odr2292,qdr2222,False,2,0.7143,0.191521,motorcycle
img_018594.jpg,msp2087,ysp4987,False,3,0.5714,0.098359,motorcycle
img_018599.jpg,odh5452,qd45422,False,3,0.5714,0.594432,motorcycle
img_018600.jpg,msz1632,m9352,False,5,0.2857,0.337285,motorcycle
img_018601.jpg,mta5460,mta480,False,2,0.7143,0.931376,motorcycle
img_018604.jpg,odt6046,ddi680,False,5,0.2857,0.070885,motorcycle
img_018607.jpg,mrx1438,irbx488,False,4,0.4286,0.212289,motorcycle
img_018608.jpg,odr5971,ddr5971,False,1,0.8571,0.977103,motorcycle
img_018609.jpg,ppm4442,ppm4424,False,2,0.7143,0.368860,motorcycle
img_018615.jpg,ppq1450,ppo480,False,3,0.5714,0.192832,motorcycle
img_018618.jpg,ppl7860,fp7770,False,4,0.4286,0.075321,motorcycle
img_018619.jpg,qrd7245,qr24592,False,4,0.4286,0.160157,motorcycle
img_018620.jpg,odr4648,qdr4649,False,2,0.7143,0.389993,motorcycle
img_018621.jpg,odk0046,qdk789,False,5,0.2857,0.183514,motorcycle
img_018624.jpg,odh5452,qda5422,False,3,0.5714,0.268160,motorcycle
img_018625.jpg,oyk5858,dv6488,False,5,0.2857,0.113209,motorcycle
img_018627.jpg,mts7249,mt8594,False,4,0.4286,0.213359,motorcycle
img_018628.jpg,msb9683,ms87889,False,4,0.4286,0.154056,motorcycle
img_018629.jpg,odi6064,qdi644,False,3,0.5714,0.071682,motorcycle
img_018630.jpg,ocy7077,gcy17,False,4,0.4286,0.188685,motorcycle
img_018631.jpg,odr5971,pdr5971,False,1,0.8571,0.527364,motorcycle
img_018633.jpg,jjc7757,iv6787,False,5,0.2857,0.225132,motorcycle
img_018634.jpg,jjm1920,ijm1900,False,2,0.7143,0.087253,motorcycle
img_018635.jpg,odi6064,do1604,False,4,0.4286,0.067668,motorcycle
img_018636.jpg,ppm2930,ppi4480,False,4,0.4286,0.179516,motorcycle
img_018637.jpg,odr4648,qdb464,False,3,0.5714,0.546852,motorcycle
img_018638.jpg,mtp4022,mp5424,False,4,0.4286,0.110599,motorcycle
img_018639.jpg,pyo7556,pyo78,False,3,0.5714,0.243886,motorcycle
img_018640.jpg,odr5971,qdr5971,False,1,0.8571,0.376564,motorcycle
img_018641.jpg,mtx3303,mt4303,False,2,0.7143,0.314324,motorcycle
img_018646.jpg,mtq4574,amp4457,False,4,0.4286,0.205627,motorcycle
img_018647.jpg,odr4648,qdr464,False,2,0.7143,0.549957,motorcycle
img_018649.jpg,ppo2162,bp9480,False,6,0.1429,0.343458,motorcycle
img_018652.jpg,odr5971,pdr9971,False,2,0.7143,0.266242,motorcycle
img_018653.jpg,msb9683,msb584,False,3,0.5714,0.270567,motorcycle
img_018655.jpg,jjc7757,iv67872,False,6,0.1429,0.240923,motorcycle
img_018658.jpg,jjm1920,idj4200,False,6,0.1429,0.114092,motorcycle
img_018659.jpg,jjc7757,i45777,False,4,0.4286,0.044781,motorcycle
img_018660.jpg,ovj2515,qy4751,False,5,0.2857,0.283842,motorcycle
img_018661.jpg,qrb1638,wrb49,False,5,0.2857,0.101204,motorcycle
img_018662.jpg,mrk2241,mrk741,False,2,0.7143,0.174581,motorcycle
img_018663.jpg,jjm1920,ium1220,False,3,0.5714,0.110855,motorcycle
img_018666.jpg,ltk5452,ft5292,False,4,0.4286,0.419570,motorcycle
img_018667.jpg,odr5971,ddr5971,False,1,0.8571,0.855118,motorcycle
img_018668.jpg,odh5452,ddb5422,False,3,0.5714,0.778151,motorcycle
img_018671.jpg,msb1362,cssb422,False,5,0.2857,0.269892,motorcycle
img_018676.jpg,ppx9459,pp4594,False,3,0.5714,0.408309,motorcycle
img_018677.jpg,mtx3303,mj453,False,5,0.2857,0.326952,motorcycle
img_018679.jpg,ovl6577,qv4457,False,4,0.4286,0.586496,motorcycle
img_018680.jpg,msz1632,msz48,False,4,0.4286,0.199813,motorcycle
img_018682.jpg,ppj7558,ppo4588,False,3,0.5714,0.282263,motorcycle
img_018684.jpg,ppv2708,ppy18,False,4,0.4286,0.328387,motorcycle
img_018685.jpg,qrd7251,wrd2812,False,4,0.4286,0.181254,motorcycle
img_018689.jpg,mtv0751,pf0451,False,4,0.4286,0.090954,motorcycle
img_018694.jpg,lql2753,lq47884,False,5,0.2857,0.208380,motorcycle
img_018696.jpg,odt9878,qd88382,False,5,0.2857,0.047103,motorcycle
img_018699.jpg,ppx9463,gpy6824,False,6,0.1429,0.342613,motorcycle
img_018700.jpg,ppt5189,pp7882,False,4,0.4286,0.245119,motorcycle
img_018704.jpg,msb1362,asb4662,False,3,0.5714,0.060663,motorcycle
img_018705.jpg,ppx8483,bpx884,False,3,0.5714,0.206352,motorcycle
img_018706.jpg,odg0036,qdg782,False,5,0.2857,0.171351,motorcycle
img_018709.jpg,odi2928,qd5288,False,4,0.4286,0.115037,motorcycle
img_018714.jpg,mtg9119,mfg534,False,5,0.2857,0.473301,motorcycle
img_018716.jpg,msr6872,aja4872,False,4,0.4286,0.022375,motorcycle
img_018718.jpg,ppk0137,pri477,False,5,0.2857,0.141772,motorcycle
img_018721.jpg,odt9878,qdi787,False,4,0.4286,0.093938,motorcycle
img_018724.jpg,oyk9477,oyk7772,False,3,0.5714,0.096619,motorcycle
img_018733.jpg,msb1362,asb182,False,3,0.5714,0.051915,motorcycle
img_018734.jpg,mqv2901,mov400,False,4,0.4286,0.850939,motorcycle
img_018738.jpg,msb9683,ms84899,False,5,0.2857,0.295706,motorcycle
img_018742.jpg,mrh7545,mr4599,False,4,0.4286,0.509414,motorcycle
img_018743.jpg,mtz2261,mj4480,False,6,0.1429,0.306820,motorcycle
img_018744.jpg,mtz2261,bj49382,False,7,0.0000,0.163749,motorcycle
img_018749.jpg,mtz2261,bj94384,False,7,0.0000,0.029988,motorcycle
img_018750.jpg,ppv4218,ppr4482,False,4,0.4286,0.071529,motorcycle
img_018751.jpg,mtz2261,mj4481,False,5,0.2857,0.522655,motorcycle
img_018753.jpg,msj3646,ms4484,False,4,0.4286,0.302090,motorcycle
img_018757.jpg,ppv8421,bpv2182,False,5,0.2857,0.226197,motorcycle
img_018760.jpg,ppj2374,bex47,False,6,0.1429,0.137995,motorcycle
img_018764.jpg,pph0362,pph7822,False,3,0.5714,0.277617,motorcycle
img_018767.jpg,mtz2261,mj4481,False,5,0.2857,0.809041,motorcycle
img_018769.jpg,odr5971,ddr9911,False,3,0.5714,0.291929,motorcycle
img_018774.jpg,qrd0144,qr4498,False,5,0.2857,0.623621,motorcycle
img_018776.jpg,mqj9617,moi9388,False,5,0.2857,0.062311,motorcycle
img_018777.jpg,mtz2261,mj2480,False,5,0.2857,0.494879,motorcycle
img_018781.jpg,msl9949,md4999,False,3,0.5714,0.069776,motorcycle
img_018787.jpg,ppx9463,gpx6348,False,5,0.2857,0.555107,motorcycle
img_018789.jpg,ppl0556,ppi2584,False,4,0.4286,0.176024,motorcycle
img_018790.jpg,mqx3311,m945811,False,4,0.4286,0.162194,motorcycle
img_018792.jpg,msb9683,msb584,False,3,0.5714,0.367447,motorcycle
img_018793.jpg,odh6465,qd6454,False,4,0.4286,0.037367,motorcycle
img_018796.jpg,odq2180,q9998,False,6,0.1429,0.232357,motorcycle
img_018798.jpg,mqi9518,mp4058,False,4,0.4286,0.063098,motorcycle
img_018800.jpg,ppx9463,bp4834,False,5,0.2857,0.307572,motorcycle
img_018802.jpg,oyk9561,ovr2322,False,6,0.1429,0.043562,motorcycle
img_018805.jpg,pps8803,bp80388,False,5,0.2857,0.167033,motorcycle
img_018807.jpg,ppx9463,ppy8384,False,5,0.2857,0.363276,motorcycle
img_018808.jpg,mtb7542,mjb4424,False,4,0.4286,0.554346,motorcycle
img_018811.jpg,mtz2261,mj9582,False,6,0.1429,0.027034,motorcycle
img_018826.jpg,odi2919,dd1998,False,5,0.2857,0.113551,motorcycle
img_018828.jpg,mtz2261,bj4481,False,6,0.1429,0.688988,motorcycle
img_018829.jpg,mtz2261,mt2480,False,4,0.4286,0.461069,motorcycle
img_018830.jpg,odh6465,q4655,False,5,0.2857,0.125351,motorcycle
img_018832.jpg,odc1543,opb4822,False,6,0.1429,0.066865,motorcycle
img_018833.jpg,mtj4096,wti446,False,4,0.4286,0.140349,motorcycle
img_018837.jpg,odh6465,ivm655,False,5,0.2857,0.021313,motorcycle
img_018838.jpg,odg0036,qd9788,False,6,0.1429,0.200304,motorcycle
img_018839.jpg,odi2919,pdi2344,False,4,0.4286,0.302176,motorcycle
img_018840.jpg,odr2292,ddr5929,False,4,0.4286,0.126539,motorcycle
img_018843.jpg,mtx4192,el44192,False,3,0.5714,0.038315,motorcycle
img_018844.jpg,mtz2261,my448,False,6,0.1429,0.513495,motorcycle
img_018849.jpg,mrh7545,mr4789,False,4,0.4286,0.279541,motorcycle
img_018852.jpg,msj3646,ws6489,False,5,0.2857,0.276814,motorcycle
img_018855.jpg,mtz2261,mj2480,False,5,0.2857,0.862702,motorcycle
img_018860.jpg,qrd0144,pro4882,False,6,0.1429,0.139202,motorcycle
img_018861.jpg,ppl0556,ppi4334,False,5,0.2857,0.165213,motorcycle
img_018865.jpg,mtz2261,mt2488,False,4,0.4286,0.406769,motorcycle
img_018868.jpg,mtv3334,mtw880,False,5,0.2857,0.102084,motorcycle
img_018870.jpg,odi5475,pd17592,False,6,0.1429,0.148783,motorcycle
img_018871.jpg,mtx3303,vtx599,False,5,0.2857,0.029844,motorcycle
img_018876.jpg,mtz2261,mj2488,False,5,0.2857,0.547354,motorcycle
img_018877.jpg,mtz2261,mj4880,False,6,0.1429,0.168778,motorcycle
img_018879.jpg,odi2919,dd1998,False,5,0.2857,0.361231,motorcycle
img_018880.jpg,odr2292,ddr4929,False,4,0.4286,0.239729,motorcycle
img_018881.jpg,qrd0144,qrd492,False,4,0.4286,0.282911,motorcycle
img_018883.jpg,ppx9463,pp48894,False,5,0.2857,0.127081,motorcycle
img_018887.jpg,ppl0556,ppiz76,False,4,0.4286,0.177681,motorcycle
img_018888.jpg,ocx1773,ir44892,False,7,0.0000,0.083746,motorcycle
img_018893.jpg,mtz2261,226188,False,5,0.2857,0.346717,motorcycle
img_018894.jpg,mts0215,hy1248,False,6,0.1429,0.077666,motorcycle
img_018895.jpg,msj3646,ms4894,False,4,0.4286,0.178391,motorcycle
img_018896.jpg,odt2461,qdt481,False,3,0.5714,0.207764,motorcycle
img_018901.jpg,ocx1773,dc973,False,4,0.4286,0.166066,motorcycle
img_018902.jpg,gyy1218,gv21898,False,4,0.4286,0.570664,motorcycle
img_018904.jpg,msj3646,ws469,False,5,0.2857,0.262589,motorcycle
img_018908.jpg,ocy9325,ocy8892,False,4,0.4286,0.362769,motorcycle
img_018909.jpg,msj3646,3w464,False,5,0.2857,0.156874,motorcycle
img_018912.jpg,mtz2261,mj448,False,6,0.1429,0.686862,motorcycle
img_018913.jpg,mtz2261,mj4789,False,6,0.1429,0.110799,motorcycle
img_018914.jpg,gtu6908,bju888,False,5,0.2857,0.110415,motorcycle
img_018917.jpg,ppg6782,pp87824,False,3,0.5714,0.119306,motorcycle
img_018920.jpg,msb9683,mb5884,False,4,0.4286,0.214939,motorcycle
img_018922.jpg,odh6465,qoi65,False,5,0.2857,0.282800,motorcycle
img_018925.jpg,msb1362,msb422,False,3,0.5714,0.283828,motorcycle
img_018928.jpg,qrd0144,qro488,False,5,0.2857,0.217132,motorcycle
img_018932.jpg,gyy1218,gvy189,False,4,0.4286,0.320431,motorcycle
img_018934.jpg,msj3646,ms4882,False,5,0.2857,0.132195,motorcycle
img_018937.jpg,mtz2261,m74880,False,6,0.1429,0.139629,motorcycle
img_018940.jpg,mtv9187,mtv428,False,3,0.5714,0.157693,motorcycle
img_018943.jpg,msb9683,mb4844,False,5,0.2857,0.138798,motorcycle
img_018947.jpg,ocx1773,q48734,False,6,0.1429,0.031810,motorcycle
img_018948.jpg,msj3646,as4461,False,5,0.2857,0.196877,motorcycle
img_018949.jpg,odf0749,id6794,False,5,0.2857,0.058127,motorcycle
img_018950.jpg,mtx7519,apr849,False,6,0.1429,0.014808,motorcycle
img_018954.jpg,oyg9033,dx84889,False,7,0.0000,0.040304,motorcycle
img_018955.jpg,mtz2261,mt2486,False,4,0.4286,0.360996,motorcycle
img_018956.jpg,mtz2261,mj4788,False,6,0.1429,0.697421,motorcycle
img_018958.jpg,mtz2261,bj4938,False,7,0.0000,0.215210,motorcycle
img_018962.jpg,mtz2261,mj4788,False,6,0.1429,0.515534,motorcycle
img_018963.jpg,msb9683,hs8584,False,5,0.2857,0.110446,motorcycle
img_018966.jpg,mrb2971,mr8471,False,3,0.5714,0.305970,motorcycle
img_018971.jpg,ovh9424,qvi442,False,4,0.4286,0.574344,motorcycle
img_018972.jpg,mtz2261,m72481,False,4,0.4286,0.092407,motorcycle
img_018973.jpg,msb9683,ms8384,False,4,0.4286,0.103203,motorcycle
img_018977.jpg,oyk5885,dy68542,False,6,0.1429,0.037552,motorcycle
img_018983.jpg,qrd0144,drd499,False,5,0.2857,0.055334,motorcycle
img_018986.jpg,dlz4730,itza238,False,5,0.2857,0.119356,motorcycle
img_018987.jpg,odr2292,dpr5922,False,5,0.2857,0.486479,motorcycle
img_018988.jpg,ppl0556,ppi4782,False,5,0.2857,0.312490,motorcycle
img_018989.jpg,oyi4822,dv4888,False,5,0.2857,0.136103,motorcycle
img_018990.jpg,mtz2261,mt4988,False,5,0.2857,0.099757,motorcycle
img_018991.jpg,ppx9463,pp4838,False,4,0.4286,0.130473,motorcycle
img_018992.jpg,msj3646,ms4692,False,4,0.4286,0.048349,motorcycle
img_018993.jpg,qrd0144,dri4498,False,6,0.1429,0.559578,motorcycle
img_018994.jpg,mtz2261,m72488,False,5,0.2857,0.065066,motorcycle
img_018998.jpg,mtb7542,dib542,False,3,0.5714,0.059258,motorcycle
img_018999.jpg,mqx7557,mo4782,False,5,0.2857,0.124291,motorcycle
img_019000.jpg,msj3646,ms4892,False,5,0.2857,0.202488,motorcycle
img_019003.jpg,msb9683,ns84889,False,5,0.2857,0.245522,motorcycle
img_019008.jpg,ppl0556,ppi4788,False,5,0.2857,0.264468,motorcycle
img_019009.jpg,ppv8421,bpv2180,False,5,0.2857,0.359215,motorcycle
img_019012.jpg,odh6465,qdm654,False,5,0.2857,0.061971,motorcycle
img_019014.jpg,mtz2261,mt27980,False,5,0.2857,0.042352,motorcycle
img_019016.jpg,mtz2261,it72784,False,5,0.2857,0.014220,motorcycle
img_019017.jpg,mtz2261,ex26788,False,7,0.0000,0.024625,motorcycle
img_019019.jpg,mtz2261,mtz438,False,4,0.4286,0.042772,motorcycle
img_019023.jpg,pph2254,bpi4788,False,6,0.1429,0.077860,motorcycle
img_019030.jpg,qrc0981,pbc581,False,4,0.4286,0.182828,motorcycle
img_019036.jpg,ppc3296,bp29820,False,6,0.1429,0.052664,motorcycle
img_019037.jpg,ppc9946,epp4580,False,6,0.1429,0.139153,motorcycle
img_019038.jpg,ppf2079,app8438,False,6,0.1429,0.117137,motorcycle
img_019044.jpg,ppv9692,ppv4892,False,2,0.7143,0.094723,motorcycle
img_019045.jpg,mrk8393,hp4480,False,7,0.0000,0.065238,motorcycle
img_019046.jpg,hhk0213,ahk413,False,3,0.5714,0.644283,motorcycle
img_019050.jpg,ppr7688,ffp8780,False,5,0.2857,0.068479,motorcycle
img_019053.jpg,mrm0231,mb44814,False,6,0.1429,0.301023,motorcycle
img_019054.jpg,ocw0270,ocm704,False,4,0.4286,0.443514,motorcycle
img_019060.jpg,mtq4574,filpp48,False,7,0.0000,0.028446,motorcycle
img_019061.jpg,qrb7513,qrb488,False,4,0.4286,0.239122,motorcycle
img_019065.jpg,mqx2913,box4382,False,6,0.1429,0.108213,motorcycle
img_019066.jpg,msx9147,k7a488,False,7,0.0000,0.066357,motorcycle
img_019068.jpg,mql5285,mo44869,False,6,0.1429,0.041087,motorcycle
img_019073.jpg,pps2359,fps4384,False,4,0.4286,0.189379,motorcycle
img_019074.jpg,ppm4442,ppm4892,False,2,0.7143,0.514295,motorcycle
img_019076.jpg,mqy9394,mov4480,False,6,0.1429,0.070152,motorcycle
img_019077.jpg,odc1091,oo9548,False,6,0.1429,0.148070,motorcycle
img_019082.jpg,oyd3422,dyp8229,False,5,0.2857,0.467738,motorcycle
img_019084.jpg,mta5625,5fx485,False,6,0.1429,0.075324,motorcycle
img_019086.jpg,oyk2653,gy4289,False,5,0.2857,0.089711,motorcycle
img_019089.jpg,ppe9043,bpe444,False,4,0.4286,0.097688,motorcycle
img_019090.jpg,oyk6072,pha4282,False,6,0.1429,0.044150,motorcycle
img_019097.jpg,ppj1736,bpa2884,False,6,0.1429,0.083536,motorcycle
img_019099.jpg,ppz1466,193848,False,6,0.1429,0.050253,motorcycle
img_019100.jpg,msb9683,nsb489,False,4,0.4286,0.527241,motorcycle
img_019101.jpg,ppo2191,bpo419,False,3,0.5714,0.340624,motorcycle
img_019103.jpg,oye8534,dv35842,False,6,0.1429,0.026234,motorcycle
img_019104.jpg,mtx3303,mt449,False,5,0.2857,0.238388,motorcycle
img_019110.jpg,ppm4442,q24829,False,6,0.1429,0.021407,motorcycle
img_019113.jpg,oye8534,dve1844,False,5,0.2857,0.182855,motorcycle
img_019115.jpg,qrc1114,qrc484,False,3,0.5714,0.674805,motorcycle
img_019117.jpg,mph2341,ipp4341,False,3,0.5714,0.237093,motorcycle
img_019120.jpg,odr2842,qdr442,False,3,0.5714,0.128594,motorcycle
img_019123.jpg,ods8124,8ds424,False,3,0.5714,0.830132,motorcycle
img_019128.jpg,msv4500,msv400,False,1,0.8571,0.591252,motorcycle
img_019129.jpg,mqk8749,mqk494,False,3,0.5714,0.447095,motorcycle
img_019133.jpg,mtx3303,bj7554,False,7,0.0000,0.049793,motorcycle
img_019139.jpg,ppp2231,ppp4819,False,4,0.4286,0.454160,motorcycle
img_019143.jpg,ovl3386,dva570,False,6,0.1429,0.069162,motorcycle
img_019144.jpg,ppq9347,pp4247,False,3,0.5714,0.185407,motorcycle
img_019148.jpg,mri9044,mr74480,False,5,0.2857,0.308925,motorcycle
img_019153.jpg,mpp4106,4pp789,False,5,0.2857,0.152537,motorcycle
img_019155.jpg,oyk9375,oy4459,False,5,0.2857,0.384906,motorcycle
img_019156.jpg,qrb1638,1r8798,False,5,0.2857,0.309986,motorcycle
img_019162.jpg,oyg8941,pyc541,False,4,0.4286,0.368394,motorcycle
img_019164.jpg,msw0327,msw272,False,3,0.5714,0.149107,motorcycle
img_019165.jpg,owv9543,owv439,False,3,0.5714,0.280813,motorcycle
img_019174.jpg,odp0225,qdp245,False,3,0.5714,0.103523,motorcycle
img_019177.jpg,odl8131,8d4788,False,6,0.1429,0.111254,motorcycle
img_019182.jpg,mrl8861,irr747,False,6,0.1429,0.144175,motorcycle
img_019193.jpg,ppb0543,ppb434,False,3,0.5714,0.451578,motorcycle
img_019195.jpg,ods0897,qds772,False,5,0.2857,0.090776,motorcycle
img_019199.jpg,mqx7585,mox789,False,3,0.5714,0.177394,motorcycle
img_019206.jpg,mtx4192,wf3829,False,6,0.1429,0.528844,motorcycle
img_019207.jpg,ppb4231,prb7231,False,2,0.7143,0.063910,motorcycle
img_019214.jpg,lkp8909,lgp482,False,5,0.2857,0.281257,motorcycle
img_019227.jpg,ove5684,pve564,False,2,0.7143,0.261891,motorcycle
img_019229.jpg,qrb8117,orb717,False,3,0.5714,0.474435,motorcycle
img_019230.jpg,msb1362,msb462,False,2,0.7143,0.366262,motorcycle
img_019231.jpg,mtz5078,mtz787,False,3,0.5714,0.164778,motorcycle
img_019238.jpg,odj0825,od9889,False,4,0.4286,0.586639,motorcycle
img_019240.jpg,qrb1552,drb7822,False,4,0.4286,0.341823,motorcycle
img_019243.jpg,mtz5078,mfz78,False,3,0.5714,0.329773,motorcycle
img_019244.jpg,odr5971,qd5971,False,2,0.7143,0.356102,motorcycle
img_019247.jpg,oye8534,dye4349,False,4,0.4286,0.261933,motorcycle
img_019249.jpg,mtb1146,ny8464,False,6,0.1429,0.251138,motorcycle
img_019250.jpg,mtx3303,bw7454,False,7,0.0000,0.113061,motorcycle
img_019255.jpg,oda8470,bpa8470,False,2,0.7143,0.203888,motorcycle
img_019256.jpg,odb4115,qdb419,False,3,0.5714,0.233576,motorcycle
img_019257.jpg,mtx4192,wf3899,False,6,0.1429,0.147084,motorcycle
img_019261.jpg,oyd1815,pyo732,False,6,0.1429,0.322341,motorcycle
img_019263.jpg,mte0987,mp59877,False,4,0.4286,0.212554,motorcycle
img_019268.jpg,mtz0696,mjz79,False,4,0.4286,0.299374,motorcycle
img_019284.jpg,mtx3303,myx503,False,3,0.5714,0.127025,motorcycle
img_019286.jpg,mrz6467,mb78380,False,6,0.1429,0.126571,motorcycle
img_019287.jpg,msb9683,msb534,False,4,0.4286,0.143936,motorcycle
img_019291.jpg,qrb1638,wr8792,False,6,0.1429,0.270142,motorcycle
img_019294.jpg,ppb4172,ppb4892,False,2,0.7143,0.202368,motorcycle
img_019296.jpg,mss0528,mas8892,False,5,0.2857,0.135796,motorcycle
img_019298.jpg,mrb5311,ibe2480,False,7,0.0000,0.049592,motorcycle
img_019302.jpg,oye3717,bye479,False,4,0.4286,0.409525,motorcycle
img_019307.jpg,qrb1638,qr88792,False,5,0.2857,0.370051,motorcycle
img_019309.jpg,mst8655,mp8788,False,5,0.2857,0.092469,motorcycle
img_019311.jpg,mtt1831,mt741,False,4,0.4286,0.251814,motorcycle
img_019313.jpg,ovi3592,dy5522,False,5,0.2857,0.149559,motorcycle
img_019323.jpg,mrn6830,8883092,False,6,0.1429,0.083296,motorcycle
img_019324.jpg,qrd2834,qbo544,False,5,0.2857,0.166695,motorcycle
img_019326.jpg,mrf3594,mref444,False,4,0.4286,0.269778,motorcycle
img_019329.jpg,ppm9557,ppm457,False,2,0.7143,0.851227,motorcycle
img_019330.jpg,ppr7688,pfpp788,False,3,0.5714,0.110949,motorcycle
img_019331.jpg,hyo1025,hyo789,False,4,0.4286,0.536384,motorcycle
img_019332.jpg,qrb7513,orb439,False,5,0.2857,0.419851,motorcycle
img_019337.jpg,mtz5078,mtz789,False,3,0.5714,0.184550,motorcycle
img_019338.jpg,ppt5205,ppr780,False,4,0.4286,0.066043,motorcycle
img_019341.jpg,oda8470,qra8470,False,2,0.7143,0.500308,motorcycle
img_019342.jpg,mtx4192,wf3829,False,6,0.1429,0.784657,motorcycle
img_019343.jpg,ppw3680,ppu280,False,3,0.5714,0.204204,motorcycle
img_019344.jpg,ocx1649,ocy899,False,4,0.4286,0.365493,motorcycle
img_019345.jpg,mtx3303,m7959,False,6,0.1429,0.033957,motorcycle
img_019346.jpg,mtm2326,pmim79,False,6,0.1429,0.140770,motorcycle
img_019347.jpg,mtc8669,aig594,False,7,0.0000,0.387683,motorcycle
img_019348.jpg,oyk5122,pyk429,False,4,0.4286,0.143498,motorcycle
img_019349.jpg,mte1748,mte7749,False,2,0.7143,0.029869,motorcycle
img_019352.jpg,msh4661,ws4466,False,3,0.5714,0.700594,motorcycle
img_019353.jpg,odp0225,qdp759,False,5,0.2857,0.134551,motorcycle
img_019354.jpg,ppi8650,ppa4888,False,5,0.2857,0.125272,motorcycle
img_019357.jpg,oyd2830,dvp480,False,5,0.2857,0.143838,motorcycle
img_019362.jpg,ocx8008,dc9388,False,5,0.2857,0.080901,motorcycle
img_019368.jpg,odc3096,dog589,False,6,0.1429,0.127656,motorcycle
img_019369.jpg,msz1632,ms748,False,5,0.2857,0.332528,motorcycle
img_019370.jpg,mqj6527,mq9787,False,4,0.4286,0.181630,motorcycle
img_019376.jpg,mru6781,mru4781,False,1,0.8571,0.458745,motorcycle
img_019377.jpg,mqa5194,mo42928,False,6,0.1429,0.067832,motorcycle
img_019381.jpg,mrq3407,mro2882,False,5,0.2857,0.091948,motorcycle
img_019386.jpg,mro6244,fro1644,False,3,0.5714,0.331065,motorcycle
img_019389.jpg,ovj8219,dyu492,False,7,0.0000,0.060458,motorcycle
img_019392.jpg,ppg1086,ppg40,False,3,0.5714,0.412233,motorcycle
img_019393.jpg,mtz0696,m77992,False,5,0.2857,0.046451,motorcycle
img_019399.jpg,gzz8751,gzz480,False,4,0.4286,0.363902,motorcycle
img_019407.jpg,mtt1831,myr8380,False,5,0.2857,0.151512,motorcycle
img_019409.jpg,mtx3656,miz564,False,5,0.2857,0.242705,motorcycle
img_019415.jpg,msj3155,mfa289,False,6,0.1429,0.132313,motorcycle
img_019419.jpg,mtx3303,bw7947,False,7,0.0000,0.106947,motorcycle
img_019420.jpg,mrm4703,ap47880,False,6,0.1429,0.081706,motorcycle
img_019424.jpg,odg5912,qd9791,False,4,0.4286,0.137899,motorcycle
img_019425.jpg,odq7894,q89889,False,5,0.2857,0.117438,motorcycle
img_019428.jpg,opz6615,pp7759,False,6,0.1429,0.282698,motorcycle
img_019430.jpg,msz1632,ms348,False,5,0.2857,0.670373,motorcycle
img_019431.jpg,odg5912,ddg5129,False,3,0.5714,0.316647,motorcycle
img_019432.jpg,mrs5261,ma5261,False,2,0.7143,0.130812,motorcycle
img_019433.jpg,odr4281,qdr4281,False,1,0.8571,0.978819,motorcycle
img_019434.jpg,ppj7398,bpa989,False,5,0.2857,0.361493,motorcycle
img_019444.jpg,msa8197,as5477,False,5,0.2857,0.498043,motorcycle
img_019447.jpg,ocx8244,dcx449,False,4,0.4286,0.242298,motorcycle
img_019448.jpg,mrz3515,br27892,False,6,0.1429,0.450347,motorcycle
img_019451.jpg,hit8129,bla2892,False,6,0.1429,0.061468,motorcycle
img_019453.jpg,odg5912,qdg891,False,3,0.5714,0.231777,motorcycle
img_019455.jpg,odr2292,q988529,False,6,0.1429,0.352472,motorcycle
img_019458.jpg,oyd1815,ovb489,False,5,0.2857,0.290039,motorcycle
img_019460.jpg,odn8534,opm444,False,5,0.2857,0.148522,motorcycle
img_019466.jpg,ppi7591,bpi448,False,5,0.2857,0.099980,motorcycle
img_019468.jpg,mtm0994,mtm4240,False,4,0.4286,0.243692,motorcycle
img_019469.jpg,ppo6851,6po4819,False,4,0.4286,0.191671,motorcycle
img_019472.jpg,odf3477,j0p577,False,5,0.2857,0.024985,motorcycle
img_019473.jpg,pps7339,ppps449,False,4,0.4286,0.222700,motorcycle
img_019476.jpg,mrr0434,air4480,False,5,0.2857,0.550275,motorcycle
img_019478.jpg,mru5943,wru2384,False,5,0.2857,0.235739,motorcycle
img_019481.jpg,odt5939,qdi589,False,4,0.4286,0.030156,motorcycle
img_019482.jpg,mqx2913,mo4189,False,6,0.1429,0.334916,motorcycle
img_019483.jpg,msm0075,imsm48,False,5,0.2857,0.771131,motorcycle
img_019485.jpg,odg5912,dd6799,False,5,0.2857,0.238905,motorcycle
img_019486.jpg,mpn7049,bmp499,False,5,0.2857,0.447053,motorcycle
img_019489.jpg,ovh6100,py4480,False,6,0.1429,0.148487,motorcycle
img_019492.jpg,ppu0251,bpu751,False,3,0.5714,0.288239,motorcycle
img_019497.jpg,mro4578,iro1784,False,4,0.4286,0.106641,motorcycle
img_019502.jpg,mqq7389,w99499,False,6,0.1429,0.443917,motorcycle
img_019512.jpg,ppy6833,6pv489,False,5,0.2857,0.195604,motorcycle
img_019513.jpg,ovf4815,4y81590,False,6,0.1429,0.179682,motorcycle
img_019516.jpg,mrb5311,irb511,False,2,0.7143,0.066451,motorcycle
img_019519.jpg,ppd2620,pp97420,False,3,0.5714,0.182915,motorcycle
img_019521.jpg,pps1706,ppa870,False,3,0.5714,0.269688,motorcycle
img_019525.jpg,mtx4192,wf3429,False,5,0.2857,0.598987,motorcycle
img_019530.jpg,pxl7388,py17792,False,5,0.2857,0.145596,motorcycle
img_019535.jpg,odt1955,odi959,False,3,0.5714,0.287759,motorcycle
img_019538.jpg,ppz3755,3p2759,False,4,0.4286,0.156476,motorcycle
img_019540.jpg,mqx7585,moy48,False,5,0.2857,0.355755,motorcycle
img_019541.jpg,ocv3282,q58577,False,7,0.0000,0.081195,motorcycle
img_019542.jpg,ppo2197,ppo482,False,4,0.4286,0.376025,motorcycle
img_019544.jpg,mtx3303,mt439,False,4,0.4286,0.165720,motorcycle
img_019546.jpg,ppm1709,ppm794,False,3,0.5714,0.424993,motorcycle
img_019547.jpg,msa2398,fms984,False,5,0.2857,0.305887,motorcycle
img_019553.jpg,msz1922,msz2382,False,3,0.5714,0.155654,motorcycle
img_019556.jpg,qrb1638,1rb8892,False,5,0.2857,0.316571,motorcycle
img_019557.jpg,oyh4070,dyh7000,False,3,0.5714,0.037557,motorcycle
img_019559.jpg,mtt8743,aut8480,False,5,0.2857,0.169694,motorcycle
img_019561.jpg,mra3876,8ra784,False,4,0.4286,0.136165,motorcycle
img_019565.jpg,msx5054,ma444,False,5,0.2857,0.546609,motorcycle
img_019567.jpg,oyi2813,qvi589,False,5,0.2857,0.314577,motorcycle
img_019568.jpg,mpk8317,mpk1742,False,4,0.4286,0.624179,motorcycle
img_019573.jpg,msa2398,ivsa489,False,5,0.2857,0.128802,motorcycle
img_019574.jpg,mtx3303,bm7459,False,7,0.0000,0.047775,motorcycle
img_019575.jpg,oyg1553,ovc4559,False,4,0.4286,0.154016,motorcycle
img_019582.jpg,msb1362,busb782,False,5,0.2857,0.170583,motorcycle
img_019583.jpg,ppg5751,ppg781,False,2,0.7143,0.703360,motorcycle
img_019584.jpg,odp0125,bdp125,False,2,0.7143,0.139670,motorcycle
img_019591.jpg,msx5054,ms4444,False,4,0.4286,0.737424,motorcycle
img_019593.jpg,jsn0597,ja99722,False,6,0.1429,0.138929,motorcycle
img_019603.jpg,mtx7170,mfx710,False,2,0.7143,0.329319,motorcycle
img_019605.jpg,mto5364,m3944,False,5,0.2857,0.179827,motorcycle
img_019607.jpg,mtx3303,mf453,False,5,0.2857,0.300619,motorcycle
img_019612.jpg,msx2298,msx2324,False,3,0.5714,0.256165,motorcycle
img_019613.jpg,ovh6100,dvu2480,False,5,0.2857,0.130458,motorcycle
img_019616.jpg,odg5912,qdg591,False,2,0.7143,0.301576,motorcycle
img_019618.jpg,mqg7841,imoc278,False,6,0.1429,0.077664,motorcycle
img_019621.jpg,odi1734,ovi4888,False,5,0.2857,0.183139,motorcycle
img_019622.jpg,odg5912,qd91912,False,3,0.5714,0.322509,motorcycle
img_019624.jpg,msx5054,ms4444,False,4,0.4286,0.665211,motorcycle
img_019625.jpg,odl3800,98664,False,7,0.0000,0.246033,motorcycle
img_019628.jpg,mqp5431,pop4311,False,4,0.4286,0.200645,motorcycle
img_019629.jpg,mqn4794,mq44980,False,4,0.4286,0.018884,motorcycle
img_019630.jpg,ltk5452,l75892,False,4,0.4286,0.142934,motorcycle
img_019632.jpg,ppg5798,ppg988,False,3,0.5714,0.587353,motorcycle
img_019633.jpg,ppr7688,pfb889,False,5,0.2857,0.191631,motorcycle
img_019636.jpg,mtx3303,mt453,False,4,0.4286,0.379140,motorcycle
img_019638.jpg,ppq2825,ppp9892,False,4,0.4286,0.485195,motorcycle
img_019639.jpg,mtz2261,bj26384,False,7,0.0000,0.075533,motorcycle
img_019642.jpg,ppf2079,app594,False,6,0.1429,0.319797,motorcycle
img_019649.jpg,odn6676,pd4788,False,6,0.1429,0.693395,motorcycle
img_019651.jpg,mtq9627,mtg2892,False,5,0.2857,0.184458,motorcycle
img_019652.jpg,ovj5300,pyj4,False,6,0.1429,0.360380,motorcycle
img_019653.jpg,mtx3303,mt459,False,5,0.2857,0.533178,motorcycle
img_019655.jpg,mty6860,8tx860,False,3,0.5714,0.208765,motorcycle
img_019663.jpg,mro6244,wro4449,False,4,0.4286,0.114794,motorcycle
img_019671.jpg,mru1294,irru248,False,5,0.2857,0.023634,motorcycle
img_019672.jpg,ocw7196,qcy889,False,5,0.2857,0.083063,motorcycle
img_019678.jpg,odb8634,dbb782,False,5,0.2857,0.131425,motorcycle
img_019680.jpg,msx2298,mfy898,False,4,0.4286,0.682268,motorcycle
img_019690.jpg,ppd2559,fpo8480,False,6,0.1429,0.289993,motorcycle
img_019694.jpg,oye3717,bye787,False,3,0.5714,0.074432,motorcycle
img_019695.jpg,msp7266,imsf489,False,6,0.1429,0.391401,motorcycle
img_019699.jpg,ppt5205,app784,False,6,0.1429,0.295290,motorcycle
img_019700.jpg,mqj9617,fmq9888,False,5,0.2857,0.015636,motorcycle
img_019701.jpg,qrd7251,gbp7880,False,6,0.1429,0.134831,motorcycle
img_019704.jpg,ppq1376,bp99767,False,5,0.2857,0.200922,motorcycle
img_019706.jpg,ovi5924,pv94492,False,5,0.2857,0.036236,motorcycle
img_019707.jpg,odl8131,pp52380,False,7,0.0000,0.099812,motorcycle
img_019709.jpg,mrk2241,mrk419,False,3,0.5714,0.268916,motorcycle
img_019710.jpg,msj4609,ms4594,False,4,0.4286,0.099768,motorcycle
img_019712.jpg,ppg5751,app788,False,5,0.2857,0.246802,motorcycle
img_019715.jpg,mtv6080,bj748,False,6,0.1429,0.067817,motorcycle
img_019717.jpg,qrd7252,qrd2822,False,3,0.5714,0.546923,motorcycle
img_019723.jpg,odj5550,py4480,False,6,0.1429,0.111142,motorcycle
img_019727.jpg,ppt2630,pp7180,False,4,0.4286,0.204631,motorcycle
img_019731.jpg,ppr1686,bpp848,False,5,0.2857,0.254299,motorcycle
img_019732.jpg,mtz5078,mf378,False,4,0.4286,0.350129,motorcycle
img_019733.jpg,odr2292,qdr5529,False,4,0.4286,0.032790,motorcycle
img_019734.jpg,mtx3303,mf4534,False,5,0.2857,0.150904,motorcycle
img_019737.jpg,ppo2197,ppo8884,False,4,0.4286,0.062798,motorcycle
img_019739.jpg,ppe5980,ppee498,False,3,0.5714,0.282621,motorcycle
img_019743.jpg,mtr0445,mtr459,False,3,0.5714,0.544248,motorcycle
img_019744.jpg,ppu9971,ppu2712,False,3,0.5714,0.051885,motorcycle
img_019745.jpg,odg5912,qd95912,False,2,0.7143,0.226835,motorcycle
img_019759.jpg,mtm5314,mtm4920,False,4,0.4286,0.376933,motorcycle
img_019762.jpg,odl8131,pp54480,False,7,0.0000,0.343110,motorcycle
img_019764.jpg,mtz5078,btz189,False,5,0.2857,0.078016,motorcycle
img_019768.jpg,ppb4172,ppb8892,False,3,0.5714,0.508985,motorcycle
img_019769.jpg,ods0897,ods422,False,4,0.4286,0.078439,motorcycle
img_019774.jpg,ppq9375,bpa479,False,5,0.2857,0.144952,motorcycle
img_019776.jpg,ovl3436,qvi2882,False,6,0.1429,0.101992,motorcycle
img_019778.jpg,oye6829,py88292,False,4,0.4286,0.224655,motorcycle
img_019779.jpg,mtz5078,wt8582,False,5,0.2857,0.071728,motorcycle
img_019780.jpg,ocx7943,ocx43,False,2,0.7143,0.168419,motorcycle
img_019783.jpg,qrc0981,qbc48,False,4,0.4286,0.318675,motorcycle
img_019784.jpg,mtx4192,wf3829,False,6,0.1429,0.741262,motorcycle
img_019788.jpg,odg5912,qdg8912,False,2,0.7143,0.126985,motorcycle
img_019790.jpg,ppg3571,bpg4771,False,3,0.5714,0.302752,motorcycle
img_019792.jpg,ocw7196,qc7780,False,5,0.2857,0.075731,motorcycle
img_019794.jpg,odg5912,ddg499,False,4,0.4286,0.127743,motorcycle
img_019795.jpg,ppo2191,bpo42,False,5,0.2857,0.416110,motorcycle
img_019796.jpg,odl8131,bp57380,False,7,0.0000,0.132261,motorcycle
img_019808.jpg,pps7270,bps4844,False,5,0.2857,0.273256,motorcycle
img_019809.jpg,ppg5713,ap99789,False,5,0.2857,0.121454,motorcycle
img_019810.jpg,ods0897,ods789,False,2,0.7143,0.139529,motorcycle
img_019812.jpg,ppm4442,cpm829,False,5,0.2857,0.310312,motorcycle
img_019817.jpg,msx5054,max448,False,5,0.2857,0.248003,motorcycle
img_019818.jpg,mts5164,mt3480,False,5,0.2857,0.055721,motorcycle
img_019819.jpg,mtz5078,fx75078,False,3,0.5714,0.098808,motorcycle
img_019821.jpg,mro6244,wro844,False,3,0.5714,0.190794,motorcycle
img_019824.jpg,ppq1376,bp973,False,5,0.2857,0.165984,motorcycle
img_019825.jpg,ppd2620,ipp9880,False,5,0.2857,0.032133,motorcycle
img_019826.jpg,msb1362,h488486,False,7,0.0000,0.143579,motorcycle
img_019827.jpg,odn9515,qpn75,False,5,0.2857,0.168731,motorcycle
img_019833.jpg,odb2698,qu84888,False,6,0.1429,0.558723,motorcycle
img_019834.jpg,mtz5078,mr389,False,6,0.1429,0.050099,motorcycle
img_019835.jpg,odc7430,qd6780,False,4,0.4286,0.311022,motorcycle
img_019837.jpg,ppb0543,ppb4349,False,3,0.5714,0.452405,motorcycle
img_019839.jpg,ppm5173,prm479,False,4,0.4286,0.436912,motorcycle
img_019840.jpg,msa8197,a95197,False,4,0.4286,0.113050,motorcycle
img_019844.jpg,mtz5078,wt348,False,5,0.2857,0.479124,motorcycle
img_019845.jpg,mtx3303,wt499,False,6,0.1429,0.084370,motorcycle
img_019852.jpg,odn8534,opy442,False,6,0.1429,0.115401,motorcycle
img_019856.jpg,mta5460,mia780,False,4,0.4286,0.323940,motorcycle
img_019857.jpg,odr4281,qpr4281,False,2,0.7143,0.136365,motorcycle
img_019858.jpg,oko9518,ok9882,False,4,0.4286,0.468806,motorcycle
img_019859.jpg,mrz4429,app4479,False,4,0.4286,0.164969,motorcycle
img_019869.jpg,ppy6961,ppv8512,False,5,0.2857,0.170076,motorcycle
img_019872.jpg,odt9878,q88789,False,5,0.2857,0.134972,motorcycle
img_019873.jpg,ppu4392,ppu2989,False,4,0.4286,0.083391,motorcycle
img_019880.jpg,pps7339,bps94,False,5,0.2857,0.607183,motorcycle
img_019883.jpg,mtz0670,miz770,False,3,0.5714,0.123725,motorcycle
img_019886.jpg,mth2379,mtp792,False,4,0.4286,0.374810,motorcycle
img_019890.jpg,mta6451,mta451,False,1,0.8571,0.761507,motorcycle
img_019892.jpg,odb7075,q085534,False,7,0.0000,0.028171,motorcycle
img_019898.jpg,mro4578,mr0478,False,2,0.7143,0.408572,motorcycle
img_019901.jpg,mtq9210,mj928,False,4,0.4286,0.105959,motorcycle
img_019903.jpg,mtx3303,mj453,False,5,0.2857,0.143288,motorcycle
img_019905.jpg,ovl8579,pv8599,False,3,0.5714,0.062769,motorcycle
img_019909.jpg,msb1362,msb482,False,3,0.5714,0.378707,motorcycle
img_019915.jpg,odg5912,ddg592,False,2,0.7143,0.186036,motorcycle
img_019919.jpg,qrb8036,dr8464,False,5,0.2857,0.128718,motorcycle
img_019920.jpg,ppk8709,app54,False,6,0.1429,0.341927,motorcycle
img_019921.jpg,ppb4183,bpb489,False,3,0.5714,0.254982,motorcycle
img_019926.jpg,odb4107,qdb44,False,4,0.4286,0.211192,motorcycle
img_019927.jpg,kpu6390,vpu4880,False,4,0.4286,0.399681,motorcycle
img_019929.jpg,mtz5078,wt858,False,4,0.4286,0.234719,motorcycle
img_019931.jpg,hdy6316,hov2892,False,6,0.1429,0.409331,motorcycle
img_019932.jpg,mro6244,mr9444,False,3,0.5714,0.121275,motorcycle
img_019935.jpg,mtv0352,cjv429,False,6,0.1429,0.264606,motorcycle
img_019938.jpg,odr4281,qpr4281,False,2,0.7143,0.853631,motorcycle
img_019941.jpg,ppb4231,ipp4831,False,3,0.5714,0.563317,motorcycle
img_019942.jpg,odj5604,pp7448,False,7,0.0000,0.169535,motorcycle
img_019943.jpg,odb7075,q0b499,False,6,0.1429,0.027610,motorcycle
img_019944.jpg,msz1632,m,False,6,0.1429,0.999924,motorcycle
img_019949.jpg,ppm9555,bp50859,False,5,0.2857,0.014641,motorcycle
img_019950.jpg,ppr7688,ppp489,False,4,0.4286,0.154495,motorcycle
img_019951.jpg,msm6217,fsm417,False,3,0.5714,0.277126,motorcycle
img_019953.jpg,qrd7245,qr9255,False,3,0.5714,0.162946,motorcycle
img_019960.jpg,qrd0121,qr9481,False,4,0.4286,0.125748,motorcycle
img_019961.jpg,odb5237,qdb4374,False,4,0.4286,0.228948,motorcycle
img_019965.jpg,qnx3469,qny489,False,3,0.5714,0.309733,motorcycle
img_019969.jpg,msb9683,msb489,False,3,0.5714,0.498322,motorcycle
img_019971.jpg,mtx4192,mf3829,False,5,0.2857,0.506196,motorcycle
img_019979.jpg,ppp3131,bpp557,False,5,0.2857,0.088521,motorcycle
img_019982.jpg,odm4163,qp9944,False,7,0.0000,0.125462,motorcycle
img_019984.jpg,oyd1390,dxp419,False,6,0.1429,0.178487,motorcycle
img_019985.jpg,mtz5078,wt8489,False,6,0.1429,0.332703,motorcycle
img_019986.jpg,ppn2582,bp58292,False,5,0.2857,0.184056,motorcycle
img_019991.jpg,lkq0727,l99427,False,4,0.4286,0.162552,motorcycle
img_019992.jpg,mpe6919,bw9499,False,5,0.2857,0.083386,motorcycle
img_019994.jpg,odj5604,pp74880,False,7,0.0000,0.187518,motorcycle
img_019996.jpg,mqs0401,mo50844,False,5,0.2857,0.017244,motorcycle
img_019997.jpg,ppo2162,bp99780,False,6,0.1429,0.055215,motorcycle
img_020000.jpg,oyd2830,dv8480,False,5,0.2857,0.172478,motorcycle
img_020007.jpg,mpk8317,mp51742,False,5,0.2857,0.293914,motorcycle
img_020012.jpg,ppz1463,ep9778,False,6,0.1429,0.055482,motorcycle
img_020013.jpg,msy3067,msv879,False,5,0.2857,0.131515,motorcycle
img_020014.jpg,ppd2620,bpb2288,False,5,0.2857,0.204552,motorcycle
img_020018.jpg,asy9044,asy4444,False,2,0.7143,0.872283,motorcycle
img_020019.jpg,odm6783,q99378,False,5,0.2857,0.038005,motorcycle
img_020023.jpg,mtl2735,mj4799,False,5,0.2857,0.210204,motorcycle
img_020028.jpg,oyh0980,qv8780,False,5,0.2857,0.118838,motorcycle
img_020031.jpg,qrd7245,qr0759,False,4,0.4286,0.096677,motorcycle
img_020033.jpg,ocx7943,ocx48,False,3,0.5714,0.515600,motorcycle
img_020036.jpg,msm6217,msm947,False,3,0.5714,0.207439,motorcycle
img_020039.jpg,odr2292,qpr422,False,4,0.4286,0.227837,motorcycle
img_020041.jpg,msb1362,ms8462,False,3,0.5714,0.166304,motorcycle
img_020043.jpg,odl8131,pp5488,False,7,0.0000,0.234333,motorcycle
img_020044.jpg,mst6448,fst4484,False,3,0.5714,0.134846,motorcycle
img_020047.jpg,ppu1462,ippu829,False,5,0.2857,0.304395,motorcycle
img_020049.jpg,qrb8116,qrb782,False,4,0.4286,0.084403,motorcycle
img_020054.jpg,ppb4183,bpb188,False,3,0.5714,0.183525,motorcycle
img_020055.jpg,ods0897,ips4824,False,5,0.2857,0.254126,motorcycle
img_020061.jpg,mqj6527,m9928,False,5,0.2857,0.218474,motorcycle
img_020063.jpg,mtz2261,mj948,False,6,0.1429,0.478532,motorcycle
img_020065.jpg,ppl7980,ppi4788,False,4,0.4286,0.402390,motorcycle
img_020066.jpg,mqh2561,m957780,False,6,0.1429,0.181319,motorcycle
img_020067.jpg,odi2928,qps848,False,6,0.1429,0.119185,motorcycle
img_020070.jpg,odj2762,qq9889,False,7,0.0000,0.588497,motorcycle
img_020071.jpg,mta5424,mia449,False,4,0.4286,0.323952,motorcycle
img_020073.jpg,odh7019,qdh7792,False,4,0.4286,0.114991,motorcycle
img_020074.jpg,pps6244,pp88898,False,5,0.2857,0.015379,motorcycle
img_020079.jpg,ppw3680,ppi4880,False,3,0.5714,0.222029,motorcycle
img_020081.jpg,mpe6919,ew9344,False,6,0.1429,0.025927,motorcycle
img_020086.jpg,mrv9051,ary81,False,5,0.2857,0.120303,motorcycle
img_020089.jpg,ppj3188,bpi7882,False,5,0.2857,0.194149,motorcycle
img_020092.jpg,odt6046,ppi2482,False,7,0.0000,0.086489,motorcycle
img_020093.jpg,msz1632,m9342,False,5,0.2857,0.253546,motorcycle
img_020094.jpg,ppj2374,ppo474,False,3,0.5714,0.241335,motorcycle
img_020098.jpg,mtz5078,miz87,False,4,0.4286,0.293238,motorcycle
img_020104.jpg,mtz0748,ny848,False,5,0.2857,0.079358,motorcycle
img_020106.jpg,oyj4153,qv9479,False,6,0.1429,0.043920,motorcycle
img_020110.jpg,ocv8403,8cv434,False,4,0.4286,0.429999,motorcycle
img_020113.jpg,ppg5713,bpg4892,False,5,0.2857,0.099260,motorcycle
img_020117.jpg,qrd7245,qr9749,False,3,0.5714,0.346681,motorcycle
img_020118.jpg,oye8534,dve484,False,5,0.2857,0.076085,motorcycle
img_020121.jpg,ppv9585,9fv8852,False,5,0.2857,0.128841,motorcycle
img_020123.jpg,oyj2555,qyj455,False,3,0.5714,0.400757,motorcycle
img_020127.jpg,msb1362,isb488,False,5,0.2857,0.285109,motorcycle
img_020130.jpg,qrb8001,dbb780,False,5,0.2857,0.331374,motorcycle
img_020133.jpg,opz6615,dp7842,False,6,0.1429,0.024097,motorcycle
img_020134.jpg,ppk8700,8ppk778,False,4,0.4286,0.157078,motorcycle
img_020135.jpg,odr4648,sdb484,False,4,0.4286,0.055104,motorcycle
img_020138.jpg,mtz5078,m7z89,False,5,0.2857,0.358193,motorcycle
img_020142.jpg,mru3095,bru252,False,5,0.2857,0.075521,motorcycle
img_020144.jpg,ppj2374,ppy874,False,3,0.5714,0.045156,motorcycle
img_020145.jpg,ppv5741,bpv4571,False,3,0.5714,0.366155,motorcycle
img_020146.jpg,mql2015,1mo1348,False,7,0.0000,0.381150,motorcycle
img_020147.jpg,mqx2913,mo42384,False,5,0.2857,0.636589,motorcycle
img_020150.jpg,mph2341,ipp444,False,5,0.2857,0.557139,motorcycle
img_020151.jpg,ppm2910,ppm4010,False,2,0.7143,0.507947,motorcycle
img_020153.jpg,mpe6919,bw9349,False,6,0.1429,0.097220,motorcycle
img_020155.jpg,ppj3188,bpj488,False,3,0.5714,0.175493,motorcycle
img_020157.jpg,odg5912,qdg7912,False,2,0.7143,0.186530,motorcycle
img_020158.jpg,odr4648,qpb489,False,6,0.1429,0.163563,motorcycle
img_020159.jpg,msh3522,ms4422,False,3,0.5714,0.285676,motorcycle
img_020165.jpg,odr2292,q935229,False,5,0.2857,0.103370,motorcycle
img_020166.jpg,msb1362,asb232,False,3,0.5714,0.161174,motorcycle
img_020170.jpg,odt9878,ob8889,False,5,0.2857,0.228444,motorcycle
img_020172.jpg,odj5604,pp22880,False,7,0.0000,0.219354,motorcycle
img_020178.jpg,ppo2334,ppo4884,False,3,0.5714,0.136256,motorcycle
img_020179.jpg,ods0897,ods982,False,3,0.5714,0.285452,motorcycle
img_020181.jpg,ppu6260,ippu280,False,3,0.5714,0.141016,motorcycle
img_020182.jpg,ppg0652,ppg8480,False,4,0.4286,0.451092,motorcycle
img_020183.jpg,ocx2033,963782,False,7,0.0000,0.069259,motorcycle
img_020184.jpg,mtx4192,mf3829,False,5,0.2857,0.385185,motorcycle
img_020185.jpg,odl3800,908879,False,6,0.1429,0.131500,motorcycle
img_020191.jpg,odi8520,op3888,False,5,0.2857,0.201624,motorcycle
img_020192.jpg,msh9204,isp489,False,6,0.1429,0.056378,motorcycle
img_020193.jpg,ppm9557,ppm4577,False,2,0.7143,0.411789,motorcycle
img_020194.jpg,ppv5741,ppy57,False,3,0.5714,0.275197,motorcycle
img_020195.jpg,mtz5078,mtz18,False,3,0.5714,0.324205,motorcycle
img_020198.jpg,odf8751,ddf782,False,4,0.4286,0.288394,motorcycle
img_020201.jpg,odr4648,opb564,False,4,0.4286,0.178116,motorcycle
img_020202.jpg,mtx4192,wf3829,False,6,0.1429,0.029991,motorcycle
img_020203.jpg,msb1362,hsb488,False,5,0.2857,0.239866,motorcycle
img_020205.jpg,qrd0121,ord481,False,4,0.4286,0.310929,motorcycle
img_020210.jpg,ppk8700,ppx4880,False,4,0.4286,0.167485,motorcycle
img_020213.jpg,ppk8694,ppk494,False,2,0.7143,0.281455,motorcycle
img_020215.jpg,odr3327,qpe5177,False,6,0.1429,0.053650,motorcycle
img_020222.jpg,msz1632,ms348,False,5,0.2857,0.240891,motorcycle
img_020223.jpg,odj5604,pp22880,False,7,0.0000,0.308377,motorcycle
img_020225.jpg,ppu1457,ippu872,False,5,0.2857,0.229307,motorcycle
img_020227.jpg,odm6707,q4m78,False,5,0.2857,0.129491,motorcycle
img_020228.jpg,odt1955,o9i959,False,4,0.4286,0.077245,motorcycle
img_020233.jpg,ppm9537,ap57280,False,6,0.1429,0.261870,motorcycle
img_020239.jpg,ppc8676,8pc5876,False,3,0.5714,0.175567,motorcycle
img_020244.jpg,ppv2570,ppvy570,False,1,0.8571,0.119231,motorcycle
img_020246.jpg,ppu4392,ipu7829,False,5,0.2857,0.424136,motorcycle
img_020260.jpg,odj2762,pp38882,False,6,0.1429,0.389314,motorcycle
img_020261.jpg,ppm9557,br4247,False,6,0.1429,0.317172,motorcycle
img_020262.jpg,mph2341,app419,False,5,0.2857,0.136930,motorcycle
img_020263.jpg,mpn7049,empn99,False,4,0.4286,0.600578,motorcycle
img_020264.jpg,mtx4192,wf3192,False,4,0.4286,0.212283,motorcycle
img_020270.jpg,qrd3816,9rd794,False,5,0.2857,0.045536,motorcycle
img_020271.jpg,mtx7170,mfx170,False,2,0.7143,0.463330,motorcycle
img_020274.jpg,odp0225,qdp759,False,5,0.2857,0.444890,motorcycle
img_020275.jpg,msn5190,nsa49,False,5,0.2857,0.110832,motorcycle
img_020281.jpg,mtt0512,imi3482,False,6,0.1429,0.095396,motorcycle
img_020283.jpg,msb1362,hsb462,False,3,0.5714,0.240434,motorcycle
img_020287.jpg,msz1632,m8z78,False,5,0.2857,0.277925,motorcycle
img_020292.jpg,mql2015,mo4348,False,6,0.1429,0.362762,motorcycle
img_020294.jpg,ppz9797,pp2484,False,5,0.2857,0.103900,motorcycle
img_020297.jpg,odk1170,o4548,False,6,0.1429,0.027067,motorcycle
img_020301.jpg,mtz5078,mf3189,False,6,0.1429,0.159699,motorcycle
img_020302.jpg,odr4648,qpr4648,False,2,0.7143,0.200405,motorcycle
img_020306.jpg,odp0225,qdp789,False,5,0.2857,0.194939,motorcycle
img_020307.jpg,mtx4192,mf3429,False,4,0.4286,0.401405,motorcycle
img_020309.jpg,msb1362,cs8486,False,5,0.2857,0.133592,motorcycle
img_020310.jpg,ppg5751,ppg2382,False,4,0.4286,0.301472,motorcycle
img_020312.jpg,mqz6035,f99354,False,6,0.1429,0.033786,motorcycle
img_020316.jpg,mqh2561,mom780,False,6,0.1429,0.249566,motorcycle
img_020323.jpg,mpl7707,mp557,False,4,0.4286,0.093884,motorcycle
img_020325.jpg,qrc1114,qr9888,False,5,0.2857,0.116510,motorcycle
img_020327.jpg,ppv9585,95v854,False,5,0.2857,0.237717,motorcycle
img_020328.jpg,ppg9448,bpg4892,False,5,0.2857,0.795659,motorcycle
img_020330.jpg,ppm4442,ppm829,False,4,0.4286,0.272583,motorcycle
img_020331.jpg,mtt8621,btt421,False,3,0.5714,0.332914,motorcycle
img_020332.jpg,mtx4192,w73422,False,5,0.2857,0.149316,motorcycle
img_020333.jpg,ovh6100,pv44,False,6,0.1429,0.305820,motorcycle
img_020336.jpg,msa4370,wsa48,False,4,0.4286,0.609070,motorcycle
img_020337.jpg,msb9683,msb489,False,3,0.5714,0.490265,motorcycle
img_020339.jpg,msb1362,bws8480,False,7,0.0000,0.041223,motorcycle
img_020340.jpg,ppd2620,ipp9288,False,5,0.2857,0.256447,motorcycle
img_020345.jpg,mse7469,wita280,False,7,0.0000,0.052106,motorcycle
img_020347.jpg,msz1632,ag3382,False,6,0.1429,0.041109,motorcycle
img_020351.jpg,ppb4172,bpb4199,False,3,0.5714,0.057612,motorcycle
img_020353.jpg,odb4115,ddb715,False,3,0.5714,0.109236,motorcycle
img_020360.jpg,msx9147,cpa488,False,7,0.0000,0.352923,motorcycle
img_020361.jpg,oye6856,oye5664,False,4,0.4286,0.038558,motorcycle
img_020363.jpg,mse7469,vi88549,False,6,0.1429,0.582559,motorcycle
img_020369.jpg,mtz5078,mtz189,False,4,0.4286,0.196292,motorcycle
img_020370.jpg,mra3876,mra7892,False,3,0.5714,0.646224,motorcycle
img_020373.jpg,ppu4392,ipu7892,False,3,0.5714,0.139918,motorcycle
img_020378.jpg,ovl3436,bva232,False,5,0.2857,0.175331,motorcycle
img_020382.jpg,msx9147,cs44824,False,6,0.1429,0.062060,motorcycle
img_020383.jpg,mqx2913,mo48892,False,6,0.1429,0.650332,motorcycle
img_020385.jpg,mpn7049,emp434,False,5,0.2857,0.476952,motorcycle
img_020386.jpg,msb1362,musb486,False,4,0.4286,0.202492,motorcycle
img_020387.jpg,qrb8001,psb282,False,6,0.1429,0.108837,motorcycle
img_020392.jpg,mtx4192,mf3829,False,5,0.2857,0.355507,motorcycle
img_020396.jpg,odr4648,4p88489,False,6,0.1429,0.101787,motorcycle
img_020400.jpg,mtd1829,wrb2992,False,7,0.0000,0.101111,motorcycle
img_020404.jpg,oyi2833,dy1489,False,5,0.2857,0.242020,motorcycle
img_020405.jpg,qrd3846,drd564,False,4,0.4286,0.503971,motorcycle
img_020408.jpg,ppo2162,ippy889,False,6,0.1429,0.115921,motorcycle
img_020410.jpg,ppj2374,ppy774,False,3,0.5714,0.344720,motorcycle
img_020419.jpg,ppa9547,ppa4574,False,3,0.5714,0.362690,motorcycle
img_020421.jpg,mtl2735,mig752,False,5,0.2857,0.099185,motorcycle
img_020424.jpg,mtd1829,mt9194,False,4,0.4286,0.060559,motorcycle
img_020432.jpg,ovl3386,dv4792,False,6,0.1429,0.347093,motorcycle
img_020436.jpg,ppz3755,bp9779,False,5,0.2857,0.201966,motorcycle
img_020439.jpg,mtz5078,w7z889,False,6,0.1429,0.031952,motorcycle
img_020440.jpg,msr1575,fse489,False,6,0.1429,0.106221,motorcycle
img_020441.jpg,ppm2910,bpm4910,False,2,0.7143,0.376950,motorcycle
img_020442.jpg,ppv5741,ppy871,False,3,0.5714,0.205105,motorcycle
img_020444.jpg,odr4648,qpr4640,False,3,0.5714,0.423997,motorcycle
img_020445.jpg,mrf6286,ibb486,False,5,0.2857,0.080416,motorcycle
img_020446.jpg,msb1362,hsb186,False,3,0.5714,0.419086,motorcycle
img_020451.jpg,ocw9063,oc94884,False,5,0.2857,0.032756,motorcycle
img_020464.jpg,mtw6413,mf4892,False,6,0.1429,0.105149,motorcycle
img_020467.jpg,mtx4192,mf5492,False,3,0.5714,0.161513,motorcycle
img_020468.jpg,odj5604,p222890,False,7,0.0000,0.030075,motorcycle
img_020470.jpg,mtt1831,itt7248,False,5,0.2857,0.049377,motorcycle
img_020476.jpg,mtx7170,wia470,False,5,0.2857,0.180546,motorcycle
img_020479.jpg,msa6798,msa29,False,3,0.5714,0.205601,motorcycle
img_020480.jpg,ppp3359,ppp5994,False,4,0.4286,0.038706,motorcycle
img_020482.jpg,odr4648,odb649,False,3,0.5714,0.206258,motorcycle
img_020484.jpg,qrd7245,qr9559,False,5,0.2857,0.153682,motorcycle
img_020486.jpg,mrf8508,brf782,False,5,0.2857,0.063622,motorcycle
img_020488.jpg,mtx4192,m7582,False,5,0.2857,0.052761,motorcycle
img_020491.jpg,mro6244,fro5444,False,3,0.5714,0.064382,motorcycle
img_020496.jpg,msz1632,iss3789,False,6,0.1429,0.208699,motorcycle
img_020497.jpg,odm9555,odm555,False,1,0.8571,0.487233,motorcycle
img_020500.jpg,ppo2178,bpo2888,False,3,0.5714,0.187655,motorcycle
img_020505.jpg,ovi2792,dyb7892,False,5,0.2857,0.360297,motorcycle
img_020510.jpg,ppg5713,bpag28,False,6,0.1429,0.435323,motorcycle
img_020511.jpg,mtx4192,mf382,False,5,0.2857,0.234530,motorcycle
img_020513.jpg,ppm1734,bpm447,False,5,0.2857,0.183767,motorcycle
img_020514.jpg,oyj2555,qy955,False,4,0.4286,0.285956,motorcycle
img_020516.jpg,odh5452,pp54522,False,4,0.4286,0.421454,motorcycle
img_020520.jpg,mtx7170,myx770,False,2,0.7143,0.080614,motorcycle
img_020521.jpg,ppt7234,ppy749,False,4,0.4286,0.118484,motorcycle
img_020522.jpg,ppt9149,ppf499,False,4,0.4286,0.179795,motorcycle
img_020523.jpg,ozk3386,dz2488,False,5,0.2857,0.149585,motorcycle
img_020524.jpg,mqa5134,voa4842,False,6,0.1429,0.050702,motorcycle
img_020525.jpg,ove0989,ova2392,False,5,0.2857,0.245783,motorcycle
img_020528.jpg,mqk5693,mok489,False,4,0.4286,0.450486,motorcycle
img_020529.jpg,ovl3436,dvi7884,False,6,0.1429,0.039614,motorcycle
img_020530.jpg,odj5461,ppy48,False,6,0.1429,0.857773,motorcycle
img_020540.jpg,ppt5209,ppi1884,False,5,0.2857,0.063882,motorcycle
img_020542.jpg,hlc2481,hig5819,False,5,0.2857,0.072980,motorcycle
img_020543.jpg,mpn7049,empn499,False,4,0.4286,0.549831,motorcycle
img_020548.jpg,mqi6783,fm93582,False,6,0.1429,0.113600,motorcycle
img_020549.jpg,hjo2485,hyb489,False,4,0.4286,0.081619,motorcycle
img_020554.jpg,kxn2215,kxn884,False,4,0.4286,0.145084,motorcycle
img_020564.jpg,msw4283,msi2892,False,4,0.4286,0.280647,motorcycle
img_020568.jpg,ppm1709,ipp479,False,4,0.4286,0.087969,motorcycle
img_020570.jpg,ppr5542,ppp4292,False,4,0.4286,0.201409,motorcycle
img_020574.jpg,mpl7707,mp5748,False,4,0.4286,0.090629,motorcycle
img_020577.jpg,hlc2481,fic8852,False,6,0.1429,0.166417,motorcycle
img_020580.jpg,prf7007,ppf484,False,5,0.2857,0.261070,motorcycle
img_020583.jpg,ppw0768,op76828,False,5,0.2857,0.086946,motorcycle
img_020587.jpg,odj2879,dby889,False,4,0.4286,0.105569,motorcycle
img_020589.jpg,ppj7470,ppy7882,False,4,0.4286,0.127861,motorcycle
img_020590.jpg,ppr1686,ippr48,False,4,0.4286,0.167215,motorcycle
img_020597.jpg,qrd7892,qr9582,False,3,0.5714,0.136638,motorcycle
img_020600.jpg,mqv9691,may8814,False,6,0.1429,0.109053,motorcycle
img_020601.jpg,odj5604,pp24882,False,7,0.0000,0.226996,motorcycle
img_020602.jpg,msb9683,ms85684,False,3,0.5714,0.164522,motorcycle
img_020604.jpg,odg5912,qdg591,False,2,0.7143,0.280578,motorcycle
img_020609.jpg,odb2698,qu8789,False,6,0.1429,0.370333,motorcycle
img_020610.jpg,odg5912,qdg489,False,5,0.2857,0.146400,motorcycle
img_020611.jpg,odr3327,qpb477,False,6,0.1429,0.475104,motorcycle
img_020612.jpg,mtx7170,mfx170,False,2,0.7143,0.631310,motorcycle
img_020614.jpg,mtz5078,mtz789,False,3,0.5714,0.185533,motorcycle
img_020615.jpg,ppv9692,ppv8892,False,2,0.7143,0.382378,motorcycle
img_020618.jpg,odj0825,odj559,False,4,0.4286,0.331609,motorcycle
img_020622.jpg,ocx8244,qcx449,False,4,0.4286,0.487020,motorcycle
img_020623.jpg,ovj5300,pyj480,False,5,0.2857,0.389522,motorcycle
img_020626.jpg,odr4648,opr4648,False,1,0.8571,0.554842,motorcycle
img_020627.jpg,mtx4192,myx492,False,2,0.7143,0.176171,motorcycle
img_020630.jpg,odn8534,op5482,False,6,0.1429,0.055023,motorcycle
img_020633.jpg,ocw7196,q69282,False,7,0.0000,0.043692,motorcycle
img_020634.jpg,odg5912,qd65912,False,2,0.7143,0.284784,motorcycle
img_020636.jpg,mtx9393,mj47892,False,5,0.2857,0.437446,motorcycle
img_020638.jpg,odc7430,qdc480,False,3,0.5714,0.320645,motorcycle
img_020642.jpg,odr5971,qp8757,False,6,0.1429,0.018178,motorcycle
img_020643.jpg,odr2292,qpr8229,False,4,0.4286,0.057371,motorcycle
img_020644.jpg,ppp3129,bpp2892,False,5,0.2857,0.307734,motorcycle
img_020645.jpg,mrf8508,apef882,False,6,0.1429,0.115403,motorcycle
img_020647.jpg,qrd7892,qbb2892,False,3,0.5714,0.281874,motorcycle
img_020649.jpg,qrc1114,grc128,False,4,0.4286,0.077109,motorcycle
img_020650.jpg,ppc8676,pp96767,False,3,0.5714,0.122352,motorcycle
img_020653.jpg,mqs0401,mo8782,False,6,0.1429,0.329520,motorcycle
img_020654.jpg,odr4648,qpr469,False,4,0.4286,0.299619,motorcycle
img_020658.jpg,ppo6851,ppu8851,False,2,0.7143,0.168132,motorcycle
img_020659.jpg,mpv8198,epv5999,False,4,0.4286,0.117658,motorcycle
img_020661.jpg,ppz2838,ppz788,False,2,0.7143,0.366284,motorcycle
img_020663.jpg,ppq3967,ppo487,False,4,0.4286,0.334665,motorcycle
img_020664.jpg,ppp2156,ppp7566,False,3,0.5714,0.336949,motorcycle
img_020666.jpg,mtg9119,bfg519,False,4,0.4286,0.131690,motorcycle
img_020668.jpg,mqy3046,mqy466,False,3,0.5714,0.219536,motorcycle
img_020675.jpg,msz1632,m9382,False,5,0.2857,0.459857,motorcycle
img_020676.jpg,ove0989,bv22882,False,5,0.2857,0.007486,motorcycle
img_020683.jpg,mrd1456,irr978,False,6,0.1429,0.086037,motorcycle
img_020687.jpg,mtx4192,w73429,False,5,0.2857,0.156567,motorcycle
img_020689.jpg,ppy6645,ppy8882,False,4,0.4286,0.236154,motorcycle
img_020693.jpg,odi1734,op14890,False,6,0.1429,0.027624,motorcycle
img_020695.jpg,qrc1723,org7832,False,5,0.2857,0.125441,motorcycle
img_020696.jpg,ppv8000,ppy187,False,5,0.2857,0.181997,motorcycle
img_020699.jpg,ocx6654,dfy644,False,5,0.2857,0.318055,motorcycle
img_020702.jpg,mtz5078,mtz88,False,3,0.5714,0.479677,motorcycle
img_020703.jpg,mss5191,fm8594,False,5,0.2857,0.122315,motorcycle
img_020704.jpg,ppy6837,cpv892,False,5,0.2857,0.035484,motorcycle
img_020708.jpg,ppv8396,bpv764,False,5,0.2857,0.258086,motorcycle
img_020709.jpg,hcw3772,h69978,False,5,0.2857,0.044785,motorcycle
img_020710.jpg,ods1031,fops442,False,6,0.1429,0.212293,motorcycle
img_020711.jpg,kzi9639,kza232,False,4,0.4286,0.076520,motorcycle
img_020712.jpg,ods0897,od5479,False,4,0.4286,0.223394,motorcycle
img_020713.jpg,ppo2344,ppo449,False,3,0.5714,0.169291,motorcycle
img_020716.jpg,mtt1831,wt7411,False,5,0.2857,0.120254,motorcycle
img_020720.jpg,odt9878,q88888,False,5,0.2857,0.080082,motorcycle
img_020721.jpg,odc7430,of6888,False,6,0.1429,0.085514,motorcycle
img_020724.jpg,mqk5693,mok789,False,4,0.4286,0.175561,motorcycle
img_020725.jpg,mqn4794,my48480,False,6,0.1429,0.045792,motorcycle
img_020739.jpg,odk1170,0005740,False,6,0.1429,0.068808,motorcycle
img_020743.jpg,msr1575,fsi5422,False,6,0.1429,0.113462,motorcycle
img_020744.jpg,ppe0073,pppe884,False,5,0.2857,0.123511,motorcycle
img_020748.jpg,ppq7827,bp9788,False,4,0.4286,0.263961,motorcycle
img_020749.jpg,msv4983,msv4832,False,2,0.7143,0.255831,motorcycle
img_020755.jpg,ppy6491,6py917,False,4,0.4286,0.363883,motorcycle
img_020756.jpg,mtx7170,mtx170,False,1,0.8571,0.514408,motorcycle
img_020758.jpg,mrd3742,pbo7572,False,6,0.1429,0.030738,motorcycle
img_020761.jpg,mqk8759,bq66892,False,6,0.1429,0.107341,motorcycle
img_020765.jpg,mqa5134,poa4849,False,6,0.1429,0.139064,motorcycle
img_020771.jpg,odj5461,ppy480,False,6,0.1429,0.780566,motorcycle
img_020775.jpg,msb9683,ms8584,False,4,0.4286,0.352541,motorcycle
img_020777.jpg,mrt3912,fiprt42,False,6,0.1429,0.078056,motorcycle
img_020788.jpg,msk5541,msk444,False,3,0.5714,0.832074,motorcycle
img_020789.jpg,ppi7591,ppi448,False,4,0.4286,0.064473,motorcycle
img_020793.jpg,msz1632,m98320,False,5,0.2857,0.204993,motorcycle
img_020798.jpg,ppb4172,bpb8892,False,4,0.4286,0.420856,motorcycle
img_020800.jpg,mst6448,fff4470,False,6,0.1429,0.020620,motorcycle
img_020803.jpg,mrf3594,mre2492,False,4,0.4286,0.078633,motorcycle
img_020805.jpg,odr4648,qp8889,False,7,0.0000,0.280479,motorcycle
img_020806.jpg,oyg5604,pyg44,False,4,0.4286,0.814544,motorcycle
img_020807.jpg,qrd7245,qpp754,False,4,0.4286,0.072023,motorcycle
img_020808.jpg,mtz5078,mtz189,False,4,0.4286,0.070725,motorcycle
img_020809.jpg,mtx4192,m73429,False,4,0.4286,0.134184,motorcycle
img_020814.jpg,ppy6861,ppy8612,False,2,0.7143,0.410146,motorcycle
img_020818.jpg,msa5116,msa2380,False,4,0.4286,0.607746,motorcycle
img_020821.jpg,qld0106,q18678,False,6,0.1429,0.522316,motorcycle
img_020822.jpg,mtz5078,mtz87,False,3,0.5714,0.224519,motorcycle
img_020823.jpg,mtx4192,m7589,False,5,0.2857,0.088646,motorcycle
img_020824.jpg,ovj6272,dy8882,False,6,0.1429,0.230910,motorcycle
img_020826.jpg,ppy6861,ppy4861,False,1,0.8571,0.079825,motorcycle
img_020827.jpg,msb9683,ms8489,False,4,0.4286,0.378781,motorcycle
img_020830.jpg,qrb8036,drb789,False,5,0.2857,0.224612,motorcycle
img_020837.jpg,pwy5444,pwx432,False,4,0.4286,0.093243,motorcycle
img_020839.jpg,msy7490,msv4902,False,3,0.5714,0.305577,motorcycle
img_020845.jpg,mrf3594,mrff949,False,3,0.5714,0.493937,motorcycle
img_020847.jpg,ocw0270,pcy0704,False,4,0.4286,0.054936,motorcycle
img_020850.jpg,odr5971,qdr5971,False,1,0.8571,0.370869,motorcycle
img_020851.jpg,mqf4431,maf2412,False,4,0.4286,0.185219,motorcycle
img_020852.jpg,odr0461,qdr2382,False,5,0.2857,0.212910,motorcycle
img_020854.jpg,mtz5078,mtz488,False,3,0.5714,0.254275,motorcycle
img_020857.jpg,msb9683,ms8489,False,4,0.4286,0.321511,motorcycle
img_020863.jpg,msb9683,msb534,False,4,0.4286,0.468737,motorcycle
img_020866.jpg,mss0438,mss282,False,4,0.4286,0.074827,motorcycle
img_020870.jpg,qrc6942,abc429,False,5,0.2857,0.012495,motorcycle
img_020895.jpg,ppz3755,3p9775,False,4,0.4286,0.593655,motorcycle
img_020902.jpg,odr5971,pdr4971,False,2,0.7143,0.080831,motorcycle
img_020909.jpg,odr5971,qpr492,False,5,0.2857,0.038073,motorcycle
img_020915.jpg,qrc6942,or5729,False,6,0.1429,0.283465,motorcycle
img_020920.jpg,oda5163,pd4710,False,5,0.2857,0.155378,motorcycle
img_020921.jpg,mss0688,wsa248,False,5,0.2857,0.111043,motorcycle
img_020923.jpg,oda1825,qda854,False,4,0.4286,0.298375,motorcycle
img_020926.jpg,msn5190,ws8292,False,5,0.2857,0.040097,motorcycle
img_020928.jpg,msb1362,asb288,False,5,0.2857,0.194437,motorcycle
img_020929.jpg,msy7490,msv4888,False,5,0.2857,0.326011,motorcycle
img_020930.jpg,qrd3816,brp2892,False,5,0.2857,0.166743,motorcycle
img_020932.jpg,msb9683,ms8484,False,4,0.4286,0.475956,motorcycle
img_020934.jpg,msz1632,ms318,False,4,0.4286,0.368941,motorcycle
img_020936.jpg,mtw6355,ga448,False,7,0.0000,0.162313,motorcycle
img_020939.jpg,ppj2374,pey48,False,6,0.1429,0.215694,motorcycle
img_020940.jpg,msy7374,msy288,False,4,0.4286,0.113178,motorcycle
img_020943.jpg,mtx3303,hf7459,False,7,0.0000,0.032170,motorcycle
img_020944.jpg,odr4648,qpb564,False,5,0.2857,0.103422,motorcycle
img_020949.jpg,msq7857,ms94574,False,4,0.4286,0.244753,motorcycle
img_020950.jpg,msb1362,mb8868,False,4,0.4286,0.047055,motorcycle
img_020954.jpg,ppk8700,byk478,False,5,0.2857,0.103336,motorcycle
img_020955.jpg,ove0989,dve784,False,4,0.4286,0.151307,motorcycle
img_020959.jpg,oyk8491,dyk488,False,4,0.4286,0.053732,motorcycle
img_020961.jpg,mty0370,muy7042,False,5,0.2857,0.066967,motorcycle
img_020962.jpg,mss0528,mss482,False,3,0.5714,0.119104,motorcycle
img_020963.jpg,oye7425,qye2894,False,5,0.2857,0.238618,motorcycle
img_020965.jpg,mtx3303,mj4434,False,5,0.2857,0.086554,motorcycle
img_020968.jpg,mst8655,mst889,False,3,0.5714,0.083743,motorcycle
img_020969.jpg,mss0688,ws82892,False,6,0.1429,0.156388,motorcycle
img_020970.jpg,ppj7558,ppj7588,False,1,0.8571,0.255835,motorcycle
img_020976.jpg,msb9683,msb584,False,3,0.5714,0.426959,motorcycle
img_020979.jpg,hgq8971,bg9782,False,5,0.2857,0.337085,motorcycle
img_020980.jpg,ppf2079,bp56794,False,5,0.2857,0.062122,motorcycle
img_020991.jpg,mqm7120,mom4802,False,5,0.2857,0.306826,motorcycle
img_020992.jpg,ods0897,qbs482,False,5,0.2857,0.071520,motorcycle
img_020993.jpg,msm0075,msm40,False,3,0.5714,0.660577,motorcycle
img_020994.jpg,odg0049,qpg488,False,6,0.1429,0.121305,motorcycle
img_020996.jpg,mtx3303,m74534,False,5,0.2857,0.129974,motorcycle
img_020999.jpg,odr4648,qp8564,False,5,0.2857,0.356157,motorcycle
img_021000.jpg,mtx4192,m74429,False,4,0.4286,0.237254,motorcycle
img_021005.jpg,msb9683,msb589,False,3,0.5714,0.236299,motorcycle
img_021006.jpg,odg5912,qd9799,False,5,0.2857,0.505980,motorcycle
img_021013.jpg,ppn3906,bpa282,False,6,0.1429,0.169616,motorcycle
img_021015.jpg,msd4007,wsd4224,False,4,0.4286,0.026483,motorcycle
img_021016.jpg,mts6787,but6787,False,3,0.5714,0.062186,motorcycle
img_021020.jpg,ppo2162,bp9989,False,6,0.1429,0.403488,motorcycle
img_021022.jpg,odg8591,odg4880,False,4,0.4286,0.136750,motorcycle
img_021025.jpg,mtg1525,mt88892,False,5,0.2857,0.155862,motorcycle
img_021029.jpg,oye7425,ave8882,False,6,0.1429,0.070599,motorcycle
img_021032.jpg,mta7027,law947,False,5,0.2857,0.059483,motorcycle
img_021033.jpg,msm6217,qsm4817,False,3,0.5714,0.075202,motorcycle
img_021036.jpg,ocw9063,ocu8889,False,5,0.2857,0.195060,motorcycle
img_021037.jpg,ppg5798,ppg788,False,2,0.7143,0.495008,motorcycle
img_021042.jpg,mqk8749,nok8824,False,5,0.2857,0.090268,motorcycle
img_021047.jpg,mtw6413,mt44920,False,5,0.2857,0.107600,motorcycle
img_021048.jpg,oyk5122,pv58292,False,5,0.2857,0.316323,motorcycle
img_021052.jpg,msn5190,n819048,False,5,0.2857,0.042941,motorcycle
img_021054.jpg,odr4648,qdr469,False,3,0.5714,0.300392,motorcycle
img_021057.jpg,ppi7591,ppi4491,False,2,0.7143,0.122687,motorcycle
img_021059.jpg,oyg9071,oy8789,False,5,0.2857,0.006177,motorcycle
img_021060.jpg,odm9555,gd9555,False,2,0.7143,0.140381,motorcycle
img_021068.jpg,mtx3303,mw443,False,5,0.2857,0.380697,motorcycle
img_021071.jpg,odr4648,opr4648,False,1,0.8571,0.357506,motorcycle
img_021072.jpg,msk4371,iss4371,False,2,0.7143,0.096563,motorcycle
img_021075.jpg,mtx7170,mtx170,False,1,0.8571,0.460415,motorcycle
img_021076.jpg,odq7718,qr98882,False,7,0.0000,0.051543,motorcycle
img_021077.jpg,oyh9499,bv42990,False,6,0.1429,0.034579,motorcycle
img_021080.jpg,mta7423,mt9237,False,4,0.4286,0.094233,motorcycle
img_021086.jpg,odi8520,dy3608,False,6,0.1429,0.071304,motorcycle
img_021087.jpg,odr4648,op8484,False,4,0.4286,0.220313,motorcycle
img_021088.jpg,mqx7585,m947892,False,5,0.2857,0.170108,motorcycle
img_021091.jpg,odr5971,fbr492,False,5,0.2857,0.203151,motorcycle
img_021092.jpg,mtz5078,mtz188,False,3,0.5714,0.079465,motorcycle
img_021093.jpg,ppg5798,ppe9782,False,4,0.4286,0.115331,motorcycle
img_021094.jpg,ppw3684,pppw484,False,3,0.5714,0.385163,motorcycle
img_021096.jpg,ppx8483,bpy484,False,4,0.4286,0.178667,motorcycle
img_021100.jpg,ods5406,pp8478,False,6,0.1429,0.241521,motorcycle
img_021101.jpg,odr4648,opr4640,False,2,0.7143,0.100256,motorcycle
img_021103.jpg,ppq1376,bp997,False,5,0.2857,0.285172,motorcycle
img_021104.jpg,qrd7245,qr9789,False,4,0.4286,0.299628,motorcycle
img_021108.jpg,ppt5927,fby4927,False,4,0.4286,0.227947,motorcycle
img_021110.jpg,ppo2334,ppo2284,False,2,0.7143,0.470548,motorcycle
img_021111.jpg,mtw4082,fi75548,False,7,0.0000,0.013382,motorcycle
img_021113.jpg,mse2679,aw5979,False,5,0.2857,0.062057,motorcycle
img_021114.jpg,odj5550,pp3480,False,6,0.1429,0.308411,motorcycle
img_021119.jpg,msu3143,msu842,False,3,0.5714,0.400639,motorcycle
img_021121.jpg,qrb7513,orb434,False,5,0.2857,0.220825,motorcycle
img_021123.jpg,odm9555,ppdu554,False,5,0.2857,0.028428,motorcycle
img_021124.jpg,mst6448,pst449,False,3,0.5714,0.116871,motorcycle
img_021127.jpg,mpx7232,mpx489,False,4,0.4286,0.570161,motorcycle
img_021130.jpg,odp7687,oop17,False,4,0.4286,0.057680,motorcycle
img_021133.jpg,msx5054,ila444,False,6,0.1429,0.047395,motorcycle
img_021134.jpg,mrs6505,1f63838,False,7,0.0000,0.138772,motorcycle
img_021144.jpg,mqk2538,dq93482,False,6,0.1429,0.018904,motorcycle
img_021146.jpg,ppm5128,pps8382,False,5,0.2857,0.023384,motorcycle
img_021150.jpg,oyk5157,py4882,False,6,0.1429,0.045562,motorcycle
img_021152.jpg,msn5190,ws19990,False,4,0.4286,0.031628,motorcycle
img_021154.jpg,mtr4817,mtr4817,True,0,1.0000,0.920266,motorcycle
img_021156.jpg,ppu9960,bpr988,False,5,0.2857,0.148599,motorcycle
img_021159.jpg,ppp2231,ppp481,False,3,0.5714,0.925404,motorcycle
img_021173.jpg,mtz5078,mtz789,False,3,0.5714,0.171930,motorcycle
img_021174.jpg,mtx3303,batx34,False,5,0.2857,0.351448,motorcycle
img_021175.jpg,mqn6010,fon448,False,6,0.1429,0.078380,motorcycle
img_021176.jpg,mqs0401,mos082,False,4,0.4286,0.154894,motorcycle
img_021177.jpg,mtx7170,mfx110,False,3,0.5714,0.282630,motorcycle
img_021178.jpg,odr4648,odr464,False,1,0.8571,0.736127,motorcycle
img_021181.jpg,ode6539,qpe599,False,4,0.4286,0.299236,motorcycle
img_021190.jpg,msp0314,emsp448,False,5,0.2857,0.152491,motorcycle
img_021193.jpg,msb9683,msb584,False,3,0.5714,0.263031,motorcycle
img_021195.jpg,odk1170,fudk440,False,5,0.2857,0.113141,motorcycle
img_021196.jpg,mqa5134,eq42380,False,6,0.1429,0.095407,motorcycle
img_021197.jpg,odj2785,bp88288,False,6,0.1429,0.018355,motorcycle
img_021200.jpg,mtz0686,hiz78,False,5,0.2857,0.395232,motorcycle
img_021201.jpg,msm6217,msm2922,False,4,0.4286,0.025561,motorcycle
img_021203.jpg,ppv5696,ppv850,False,4,0.4286,0.063303,motorcycle
img_021206.jpg,ppg9448,ppg489,False,3,0.5714,0.182381,motorcycle
img_021207.jpg,hit8129,bla2990,False,7,0.0000,0.031480,motorcycle
img_021208.jpg,odi1734,obi478,False,4,0.4286,0.180459,motorcycle
img_021209.jpg,ppi6013,ppi440,False,4,0.4286,0.081476,motorcycle
img_021210.jpg,mtx7170,mfx110,False,3,0.5714,0.100673,motorcycle
img_021212.jpg,msx5018,esa238,False,5,0.2857,0.656239,motorcycle
img_021220.jpg,odq7860,1888070,False,6,0.1429,0.021250,motorcycle
img_021223.jpg,qrb1552,frb785,False,4,0.4286,0.141524,motorcycle
img_021235.jpg,mtu3874,miy884,False,4,0.4286,0.299959,motorcycle
img_021236.jpg,ocv1472,tpcy429,False,6,0.1429,0.149218,motorcycle
img_021238.jpg,ppi2601,bpi2488,False,4,0.4286,0.020368,motorcycle
img_021241.jpg,mti0948,m78490,False,5,0.2857,0.626684,motorcycle
img_021242.jpg,mqk5693,mok489,False,4,0.4286,0.661855,motorcycle
img_021246.jpg,ppb4172,bpb482,False,3,0.5714,0.287172,motorcycle
img_021248.jpg,ppf4854,frr2384,False,6,0.1429,0.175890,motorcycle
img_021249.jpg,oyj4153,dy9751,False,5,0.2857,0.151254,motorcycle
img_021250.jpg,ppx9472,bp93724,False,4,0.4286,0.069880,motorcycle
img_021254.jpg,odb4107,o88542,False,6,0.1429,0.021470,motorcycle
img_021255.jpg,oyi8248,bva238,False,5,0.2857,0.067108,motorcycle
img_021259.jpg,mtq4574,fwi9474,False,5,0.2857,0.036743,motorcycle
img_021260.jpg,pph9410,bpi4782,False,6,0.1429,0.167099,motorcycle
img_021261.jpg,msk4371,fsk487,False,3,0.5714,0.197703,motorcycle
img_021263.jpg,msn6556,msa799,False,5,0.2857,0.163133,motorcycle
img_021264.jpg,ppq2813,ppo978,False,5,0.2857,0.308510,motorcycle
img_021266.jpg,qrd2890,qb9780,False,4,0.4286,0.143340,motorcycle
img_021268.jpg,msz1632,ms318,False,4,0.4286,0.326838,motorcycle
img_021271.jpg,ppn3906,bpa706,False,4,0.4286,0.492846,motorcycle
img_021274.jpg,qrb7513,qrb419,False,3,0.5714,0.385004,motorcycle
img_021276.jpg,ppr9707,ppr470,False,2,0.7143,0.778707,motorcycle
img_021277.jpg,mqy0742,099424,False,6,0.1429,0.263143,motorcycle
img_021284.jpg,ppc4324,bpg248,False,5,0.2857,0.214378,motorcycle
img_021289.jpg,mtt1831,m77748,False,6,0.1429,0.111859,motorcycle
img_021291.jpg,mtb6695,mib5999,False,4,0.4286,0.041911,motorcycle
img_021296.jpg,mtb7542,hyb8429,False,5,0.2857,0.187456,motorcycle
img_021297.jpg,mtz5078,ftz189,False,5,0.2857,0.072108,motorcycle
img_021298.jpg,nsr9144,afr442,False,5,0.2857,0.326927,motorcycle
img_021299.jpg,odr4648,opr4648,False,1,0.8571,0.325413,motorcycle
img_021307.jpg,oyi2833,bv9938,False,6,0.1429,0.026051,motorcycle
img_021313.jpg,ppi2609,bpi4792,False,5,0.2857,0.173034,motorcycle
img_021323.jpg,odr5971,pdr4971,False,2,0.7143,0.334201,motorcycle
img_021324.jpg,ppb4271,ippb788,False,5,0.2857,0.212233,motorcycle
img_021326.jpg,mst6448,ts4480,False,4,0.4286,0.082816,motorcycle
img_021327.jpg,odr4281,qdr4281,False,1,0.8571,0.914558,motorcycle
img_021330.jpg,msz1632,m9348,False,6,0.1429,0.372453,motorcycle
img_021331.jpg,msy7490,msv4809,False,4,0.4286,0.316732,motorcycle
img_021336.jpg,mqx7585,mo47892,False,5,0.2857,0.313726,motorcycle
img_021337.jpg,mtz5078,mfz89,False,5,0.2857,0.206425,motorcycle
img_021342.jpg,ppo6851,fpo7811,False,3,0.5714,0.129433,motorcycle
img_021344.jpg,mqa5518,moa1518,False,2,0.7143,0.320110,motorcycle
img_021347.jpg,msz1632,ms348,False,5,0.2857,0.267444,motorcycle
img_021349.jpg,msa8782,ms84838,False,4,0.4286,0.570708,motorcycle
img_021356.jpg,odk3177,odk41,False,3,0.5714,0.219565,motorcycle
img_021359.jpg,odr4648,op8564,False,4,0.4286,0.205129,motorcycle
img_021367.jpg,mtx4192,wf389,False,6,0.1429,0.389613,motorcycle
img_021370.jpg,mqt7091,mot2280,False,5,0.2857,0.134927,motorcycle
img_021374.jpg,odl8131,pd5782,False,6,0.1429,0.267211,motorcycle
img_021376.jpg,ppq2938,ppp988,False,3,0.5714,0.411074,motorcycle
img_021385.jpg,mss0688,ms88982,False,4,0.4286,0.260628,motorcycle
img_021386.jpg,msm6217,emsm448,False,5,0.2857,0.289703,motorcycle
img_021388.jpg,odr4648,odr464,False,1,0.8571,0.353919,motorcycle
img_021391.jpg,pwq6966,ew9242,False,6,0.1429,0.021981,motorcycle
img_021392.jpg,mqv3620,woy480,False,6,0.1429,0.301075,motorcycle
img_021395.jpg,odc1091,op97748,False,6,0.1429,0.051201,motorcycle
img_021396.jpg,qrd3846,9ro782,False,5,0.2857,0.075783,motorcycle
img_021397.jpg,ppb4183,ppb4822,False,3,0.5714,0.193529,motorcycle
img_021399.jpg,pps7339,ppp899,False,4,0.4286,0.225182,motorcycle
img_021400.jpg,qrd3765,q999482,False,6,0.1429,0.047735,motorcycle
img_021401.jpg,msz1632,p98378,False,7,0.0000,0.106318,motorcycle
img_021402.jpg,mts7826,m38864,False,5,0.2857,0.230007,motorcycle
img_021407.jpg,ocw9063,q68488,False,7,0.0000,0.019944,motorcycle
img_021408.jpg,mrm0231,mrw431,False,3,0.5714,0.201545,motorcycle
img_021409.jpg,mrf3594,mrff949,False,3,0.5714,0.256768,motorcycle
img_021413.jpg,mqk2538,ewr3890,False,7,0.0000,0.015207,motorcycle
img_021415.jpg,ppu0054,cru780,False,6,0.1429,0.064604,motorcycle
img_021416.jpg,odn9541,odn784,False,3,0.5714,0.232411,motorcycle
img_021417.jpg,ppe9082,bpp5729,False,6,0.1429,0.222184,motorcycle
img_021424.jpg,mtm4318,mtm8920,False,4,0.4286,0.091328,motorcycle
img_021425.jpg,msz1632,ims388,False,6,0.1429,0.340314,motorcycle
img_021435.jpg,odr4281,qbr421,False,3,0.5714,0.495328,motorcycle
img_021440.jpg,pph9410,pp44092,False,5,0.2857,0.218856,motorcycle
img_021444.jpg,ppe5811,fpp481,False,4,0.4286,0.172488,motorcycle
img_021446.jpg,mta5460,5448040,False,6,0.1429,0.380987,motorcycle
img_021451.jpg,ppm9537,9pm787,False,4,0.4286,0.109549,motorcycle
img_021453.jpg,oye8534,by7982,False,6,0.1429,0.079913,motorcycle
img_021455.jpg,ppr1624,appr447,False,5,0.2857,0.088668,motorcycle
img_021456.jpg,odg8560,bdg2880,False,4,0.4286,0.104993,motorcycle
img_021458.jpg,ppv4671,4pv8812,False,5,0.2857,0.206548,motorcycle
img_021463.jpg,mru6781,mru18,False,3,0.5714,0.815863,motorcycle
img_021466.jpg,msy6012,msk8282,False,4,0.4286,0.070777,motorcycle
img_021467.jpg,odr4281,qpr4281,False,2,0.7143,0.910145,motorcycle
img_021468.jpg,odj2901,a993238,False,7,0.0000,0.167099,motorcycle
img_021477.jpg,mrb5311,frb481,False,4,0.4286,0.241118,motorcycle
img_021478.jpg,oye8536,bye2884,False,5,0.2857,0.307929,motorcycle
img_021479.jpg,ocx6648,pcx489,False,4,0.4286,0.268597,motorcycle
img_021481.jpg,mto2737,m79480,False,6,0.1429,0.106152,motorcycle
img_021484.jpg,msm6217,ims,False,6,0.1429,0.386599,motorcycle
img_021485.jpg,mty1863,mf778,False,5,0.2857,0.285770,motorcycle
img_021486.jpg,ppi2601,bpi7482,False,5,0.2857,0.038592,motorcycle
img_021488.jpg,msy1536,rs4184,False,5,0.2857,0.199493,motorcycle
img_021491.jpg,odt7622,op55229,False,5,0.2857,0.276908,motorcycle
img_021494.jpg,odr4281,qpr4281,False,2,0.7143,0.389926,motorcycle
img_021496.jpg,oyd2830,dvbp40,False,6,0.1429,0.146870,motorcycle
img_021498.jpg,pyo7556,pj9480,False,6,0.1429,0.079858,motorcycle
img_021499.jpg,msz1632,m9342,False,5,0.2857,0.429157,motorcycle
img_021501.jpg,ppo2334,pp9484,False,4,0.4286,0.403921,motorcycle
img_021503.jpg,odr4648,odr4649,False,1,0.8571,0.638596,motorcycle
img_021505.jpg,ppo6851,fpo4851,False,2,0.7143,0.435599,motorcycle
img_021509.jpg,mty6860,8ty860,False,2,0.7143,0.177859,motorcycle
img_021514.jpg,ocw7196,qc93892,False,5,0.2857,0.024178,motorcycle
img_021515.jpg,mrm4703,fru4884,False,5,0.2857,0.241305,motorcycle
img_021517.jpg,msk1452,msk249,False,3,0.5714,0.083789,motorcycle
img_021520.jpg,msz1632,ms378,False,5,0.2857,0.475051,motorcycle
img_021523.jpg,mst0406,mst2692,False,4,0.4286,0.092599,motorcycle
img_021524.jpg,odt1955,197752,False,6,0.1429,0.077562,motorcycle
img_021525.jpg,mqi6783,fm9349,False,7,0.0000,0.313197,motorcycle
img_021529.jpg,ppu0071,appu871,False,3,0.5714,0.702519,motorcycle
img_021531.jpg,mtg1525,myg4854,False,5,0.2857,0.046041,motorcycle
img_021533.jpg,mtz5078,mtz189,False,4,0.4286,0.235119,motorcycle
img_021534.jpg,ppb5824,ppb4282,False,3,0.5714,0.092722,motorcycle
img_021538.jpg,oye8534,byr2480,False,6,0.1429,0.204502,motorcycle
img_021540.jpg,mtx3303,mt459,False,5,0.2857,0.197781,motorcycle
img_021541.jpg,mtx7170,mfx10,False,3,0.5714,0.163490,motorcycle
img_021542.jpg,odr2292,qpr422,False,4,0.4286,0.094249,motorcycle
img_021543.jpg,mqk5693,mok48,False,5,0.2857,0.562277,motorcycle
img_021544.jpg,ppk8713,bprk44,False,6,0.1429,0.127815,motorcycle
img_021545.jpg,msm6217,phsm474,False,6,0.1429,0.582163,motorcycle
img_021553.jpg,odc3096,dp6784,False,6,0.1429,0.253918,motorcycle
img_021560.jpg,odc7430,odc780,False,2,0.7143,0.723741,motorcycle
img_021564.jpg,mtx4192,wf3822,False,6,0.1429,0.125278,motorcycle
img_021565.jpg,ppt8243,bpf432,False,5,0.2857,0.356296,motorcycle
img_021568.jpg,ppp2231,bpp7812,False,5,0.2857,0.271066,motorcycle
img_021573.jpg,odg5912,qd9499,False,5,0.2857,0.427987,motorcycle
img_021574.jpg,mtx7170,mtx110,False,2,0.7143,0.371296,motorcycle
img_021577.jpg,msz1632,m9318,False,5,0.2857,0.311661,motorcycle
img_021579.jpg,odg5912,pd67129,False,5,0.2857,0.489762,motorcycle
img_021586.jpg,msm6217,mmm4499,False,5,0.2857,0.029658,motorcycle
img_021588.jpg,qrb7513,orby89,False,5,0.2857,0.299011,motorcycle
img_021589.jpg,mpx7232,epx489,False,5,0.2857,0.425771,motorcycle
img_021591.jpg,oyf9726,oyfa888,False,4,0.4286,0.149323,motorcycle
img_021595.jpg,ppp3129,ippp882,False,4,0.4286,0.086628,motorcycle
img_021597.jpg,mpn7049,mmp599,False,5,0.2857,0.436877,motorcycle
img_021599.jpg,ocw7196,p698284,False,7,0.0000,0.061409,motorcycle
img_021600.jpg,mtx3303,mt3499,False,4,0.4286,0.058159,motorcycle
img_021602.jpg,mtx4192,wf3429,False,5,0.2857,0.288745,motorcycle
img_021606.jpg,ppb4271,lpb4880,False,4,0.4286,0.112429,motorcycle
img_021607.jpg,mtx7170,ait4170,False,4,0.4286,0.071474,motorcycle
img_021613.jpg,ods1031,pop574,False,7,0.0000,0.677146,motorcycle
img_021615.jpg,mtb2702,wj847,False,6,0.1429,0.295948,motorcycle
img_021621.jpg,mqn6010,mon110,False,3,0.5714,0.045432,motorcycle
img_021624.jpg,odk5928,qbo1988,False,5,0.2857,0.152687,motorcycle
img_021625.jpg,ppr1686,ifpb480,False,6,0.1429,0.040604,motorcycle
img_021626.jpg,oyd1821,oy97819,False,4,0.4286,0.174382,motorcycle
img_021631.jpg,msv4983,ifi4884,False,5,0.2857,0.258064,motorcycle
img_021634.jpg,odt5939,qdt489,False,4,0.4286,0.248552,motorcycle
img_021635.jpg,ppd4749,ppd594,False,3,0.5714,0.341738,motorcycle
img_021640.jpg,ppm2930,1p9388,False,5,0.2857,0.224020,motorcycle
img_021644.jpg,mtx3303,bi543,False,6,0.1429,0.197204,motorcycle
img_021647.jpg,ppi2609,bpit794,False,5,0.2857,0.185542,motorcycle
img_021649.jpg,oyj0303,qv3892,False,7,0.0000,0.113931,motorcycle
img_021652.jpg,ppi1928,ppp7780,False,5,0.2857,0.039066,motorcycle
img_021655.jpg,mqh2561,mo47248,False,6,0.1429,0.175854,motorcycle
img_021657.jpg,odr4648,qpr4648,False,2,0.7143,0.195717,motorcycle
img_021658.jpg,mtx3303,bu7479,False,7,0.0000,0.069978,motorcycle
img_021661.jpg,mto2737,m79437,False,4,0.4286,0.216823,motorcycle
img_021662.jpg,mtx4192,wf349,False,5,0.2857,0.126345,motorcycle
img_021672.jpg,hga4856,8ga489,False,3,0.5714,0.437503,motorcycle
img_021677.jpg,pyo7556,byo756,False,2,0.7143,0.294908,motorcycle
img_021681.jpg,msk4371,isk4812,False,4,0.4286,0.147446,motorcycle
img_021684.jpg,ods0652,id55292,False,5,0.2857,0.256671,motorcycle
img_021687.jpg,oyg8993,pyg2880,False,5,0.2857,0.165618,motorcycle
img_021693.jpg,msz1632,m9378,False,6,0.1429,0.263044,motorcycle
img_021697.jpg,mqk5693,mok489,False,4,0.4286,0.448860,motorcycle
img_021698.jpg,mst6448,ifsi292,False,7,0.0000,0.106628,motorcycle
img_021700.jpg,mtx3303,b96634,False,6,0.1429,0.122350,motorcycle
img_021707.jpg,mse7469,vsf449,False,4,0.4286,0.049573,motorcycle
img_021708.jpg,mss0438,ass8282,False,5,0.2857,0.064099,motorcycle
img_021710.jpg,qrb8036,drb7822,False,5,0.2857,0.272868,motorcycle
img_021712.jpg,msk0637,msc410,False,5,0.2857,0.094438,motorcycle
img_021713.jpg,mtd6571,wip574,False,5,0.2857,0.265658,motorcycle
img_021719.jpg,msw9842,msm4922,False,4,0.4286,0.225861,motorcycle
img_021720.jpg,odr2292,topb489,False,6,0.1429,0.237002,motorcycle
img_021721.jpg,mtx4192,nt3499,False,4,0.4286,0.322632,motorcycle
img_021725.jpg,odr4281,qdr4281,False,1,0.8571,0.834037,motorcycle
img_021728.jpg,mqk5693,mok7894,False,4,0.4286,0.219021,motorcycle
img_021730.jpg,oyg9071,dy87819,False,6,0.1429,0.036489,motorcycle
img_021732.jpg,odr5971,pdr4911,False,3,0.5714,0.193905,motorcycle
img_021734.jpg,prf7007,pp5420,False,5,0.2857,0.084517,motorcycle
img_021735.jpg,pyo7556,bvq46,False,6,0.1429,0.114455,motorcycle
img_021737.jpg,mqk5693,moky892,False,4,0.4286,0.222587,motorcycle
img_021739.jpg,mtx3303,is4334,False,5,0.2857,0.016086,motorcycle
img_021740.jpg,mtz5078,miz77,False,4,0.4286,0.177192,motorcycle
img_021744.jpg,ppm4442,ppm429,False,3,0.5714,0.665665,motorcycle
img_021746.jpg,ppl1634,ppi6782,False,5,0.2857,0.393452,motorcycle
img_021747.jpg,mtx4192,wj8824,False,7,0.0000,0.067311,motorcycle
img_021755.jpg,mtx7170,mfx170,False,2,0.7143,0.413318,motorcycle
img_021756.jpg,mqi4612,pmo1581,False,6,0.1429,0.145940,motorcycle
img_021757.jpg,mtr1107,mtr489,False,4,0.4286,0.105570,motorcycle
img_021760.jpg,pyo7556,bya756,False,3,0.5714,0.154216,motorcycle
img_021774.jpg,ppr9691,ppr7919,False,3,0.5714,0.149641,motorcycle
img_021778.jpg,mqk9103,m8k482,False,5,0.2857,0.092783,motorcycle
img_021779.jpg,mtu3834,mfu184,False,3,0.5714,0.182096,motorcycle
img_021782.jpg,odj5550,1p5400,False,5,0.2857,0.092656,motorcycle
img_021785.jpg,ppw0768,op46898,False,5,0.2857,0.057955,motorcycle
img_021786.jpg,ovf6439,qva324,False,6,0.1429,0.061535,motorcycle
img_021787.jpg,mtz8867,wt7874,False,5,0.2857,0.038556,motorcycle
img_021788.jpg,odg8591,odg48,False,4,0.4286,0.526759,motorcycle
img_021792.jpg,msm6217,csm4277,False,3,0.5714,0.349873,motorcycle
img_021793.jpg,odr2292,q985529,False,6,0.1429,0.132732,motorcycle
img_021798.jpg,mtx4192,n7549,False,5,0.2857,0.059291,motorcycle
img_021801.jpg,ppl0587,ppi7782,False,4,0.4286,0.198204,motorcycle
img_021802.jpg,ppv8455,bpy455,False,3,0.5714,0.552524,motorcycle
img_021803.jpg,mtz0743,02537,False,6,0.1429,0.069833,motorcycle
img_021816.jpg,odr4648,odr4699,False,2,0.7143,0.296001,motorcycle
img_021817.jpg,ppi2601,bpp882,False,6,0.1429,0.235178,motorcycle
img_021821.jpg,mtx7170,mfa117,False,4,0.4286,0.213895,motorcycle
img_021826.jpg,ntn0127,pr41780,False,7,0.0000,0.114982,motorcycle
img_021828.jpg,odb7075,q08754,False,6,0.1429,0.084764,motorcycle
img_021829.jpg,odr5971,ppr3971,False,3,0.5714,0.232947,motorcycle
img_021831.jpg,mrl6748,6pa4880,False,7,0.0000,0.035951,motorcycle
img_021833.jpg,mpl5792,ivp3288,False,7,0.0000,0.259513,motorcycle
img_021835.jpg,ppb4172,bpb429,False,4,0.4286,0.177670,motorcycle
img_021839.jpg,mrf3594,mrf2882,False,4,0.4286,0.106896,motorcycle
img_021841.jpg,odr2292,qdr5922,False,4,0.4286,0.170643,motorcycle
img_021846.jpg,mtx4192,nt3422,False,4,0.4286,0.143078,motorcycle
img_021848.jpg,mtz5078,mtz78,False,2,0.7143,0.196914,motorcycle
img_021851.jpg,ppo7552,pp9429,False,5,0.2857,0.453143,motorcycle
img_021854.jpg,odc1091,fooc510,False,5,0.2857,0.066383,motorcycle
img_021857.jpg,odr5971,por5971,False,2,0.7143,0.360213,motorcycle
img_021858.jpg,ppu6260,ipp6980,False,4,0.4286,0.110961,motorcycle
img_021861.jpg,odr4648,odb569,False,4,0.4286,0.179366,motorcycle
img_021862.jpg,mto2737,m79480,False,6,0.1429,0.136574,motorcycle
img_021864.jpg,mtx4192,nt3422,False,4,0.4286,0.087778,motorcycle
img_021865.jpg,mru5943,mru7384,False,4,0.4286,0.225635,motorcycle
img_021873.jpg,ppy6491,apv4914,False,4,0.4286,0.402424,motorcycle
img_021876.jpg,mtq4613,briq449,False,6,0.1429,0.160154,motorcycle
img_021879.jpg,mqk5693,mok739,False,4,0.4286,0.074261,motorcycle
img_021888.jpg,msa2099,msa499,False,2,0.7143,0.101107,motorcycle
img_021891.jpg,odl8131,pp58480,False,6,0.1429,0.085017,motorcycle
img_021893.jpg,msz1632,msz18,False,3,0.5714,0.440125,motorcycle
img_021895.jpg,ppr5542,ppr7892,False,3,0.5714,0.282227,motorcycle
img_021898.jpg,mti0948,mi8498,False,4,0.4286,0.129808,motorcycle
img_021903.jpg,oyd1815,bb7398,False,7,0.0000,0.064987,motorcycle
img_021904.jpg,ppj5007,fp98880,False,6,0.1429,0.106316,motorcycle
img_021906.jpg,mtx3303,bj4474,False,7,0.0000,0.089796,motorcycle
img_021907.jpg,msb1362,fus878,False,7,0.0000,0.290077,motorcycle
img_021908.jpg,odr4648,opp848,False,4,0.4286,0.075875,motorcycle
img_021910.jpg,mtv7260,afp8880,False,6,0.1429,0.088801,motorcycle
img_021911.jpg,odc1091,fo0c50,False,5,0.2857,0.042993,motorcycle
img_021912.jpg,odr2292,qdr522,False,3,0.5714,0.230519,motorcycle
img_021913.jpg,msz1632,m9348,False,6,0.1429,0.427575,motorcycle
img_021915.jpg,odr4648,qpp584,False,6,0.1429,0.138133,motorcycle
img_021916.jpg,msb1362,asb186,False,3,0.5714,0.315009,motorcycle
img_021917.jpg,mtx4192,wf3529,False,6,0.1429,0.102019,motorcycle
img_021919.jpg,msb9683,ms8589,False,4,0.4286,0.127903,motorcycle
img_021927.jpg,mrb8847,br848,False,4,0.4286,0.355212,motorcycle
img_021928.jpg,oyd2826,gvp792,False,6,0.1429,0.055048,motorcycle
img_021929.jpg,mtx4192,wr31929,False,5,0.2857,0.183015,motorcycle
img_021934.jpg,mty1911,wf7819,False,6,0.1429,0.073135,motorcycle
img_021936.jpg,odt6046,qdi482,False,6,0.1429,0.023727,motorcycle
img_021937.jpg,msb1362,hsb482,False,4,0.4286,0.444897,motorcycle
img_021942.jpg,msb1362,fa8b788,False,7,0.0000,0.039497,motorcycle
img_021944.jpg,msb9683,ms848,False,4,0.4286,0.265227,motorcycle
img_021946.jpg,odr2292,qpr522,False,4,0.4286,0.260705,motorcycle
img_021947.jpg,mtx4192,af5129,False,6,0.1429,0.331226,motorcycle
img_021948.jpg,ppj2250,ppj480,False,3,0.5714,0.105842,motorcycle
img_021949.jpg,msp0314,msp414,False,2,0.7143,0.975395,motorcycle
img_021951.jpg,msb1362,susb788,False,6,0.1429,0.247862,motorcycle
img_021952.jpg,mtz0696,mfz2384,False,5,0.2857,0.119499,motorcycle
img_021953.jpg,ppn3906,bpu2420,False,6,0.1429,0.284292,motorcycle
img_021954.jpg,ppb4231,ipp4819,False,5,0.2857,0.074634,motorcycle
img_021955.jpg,ppm1677,ppm4722,False,4,0.4286,0.271652,motorcycle
img_021958.jpg,odr4648,qpr164,False,4,0.4286,0.199537,motorcycle
img_021959.jpg,mtx4192,mf3499,False,4,0.4286,0.241965,motorcycle
img_021961.jpg,ppt7234,ppr842,False,5,0.2857,0.149517,motorcycle
img_021962.jpg,msz1632,ms348,False,5,0.2857,0.319010,motorcycle
img_021970.jpg,ocx0555,cc4599,False,5,0.2857,0.163327,motorcycle
img_021972.jpg,ntn0127,erp4490,False,7,0.0000,0.014416,motorcycle
img_021976.jpg,mtx4192,w734922,False,5,0.2857,0.115790,motorcycle
img_021979.jpg,mtx3303,mi440,False,5,0.2857,0.315629,motorcycle
img_021980.jpg,odr4648,qpp589,False,7,0.0000,0.049021,motorcycle
img_021981.jpg,ppm1709,ppm282,False,4,0.4286,0.383501,motorcycle
img_021982.jpg,mtx4192,mf34922,False,4,0.4286,0.235032,motorcycle
img_021983.jpg,msb9683,ms8588,False,4,0.4286,0.409864,motorcycle
img_021992.jpg,mtx3303,zi530,False,5,0.2857,0.073472,motorcycle
img_021993.jpg,odt6046,qpi48,False,6,0.1429,0.078850,motorcycle
img_021994.jpg,mtx4192,wf34929,False,5,0.2857,0.198239,motorcycle
img_021995.jpg,ppo7552,pf09889,False,6,0.1429,0.055980,motorcycle
img_021997.jpg,ppo2162,bp9988,False,6,0.1429,0.144980,motorcycle
img_021999.jpg,msn3644,imsx848,False,5,0.2857,0.017290,motorcycle
img_022000.jpg,odr4648,odb164,False,3,0.5714,0.280754,motorcycle
img_022001.jpg,mtz8867,bt317,False,5,0.2857,0.352422,motorcycle
img_022002.jpg,ode2126,qpe7892,False,6,0.1429,0.269073,motorcycle
img_022004.jpg,odt6046,pdi488,False,6,0.1429,0.050365,motorcycle
img_022005.jpg,msb1362,hs8489,False,6,0.1429,0.287652,motorcycle
img_022007.jpg,mtx7170,mfx710,False,2,0.7143,0.320250,motorcycle
img_022013.jpg,mss0688,ws88982,False,5,0.2857,0.257547,motorcycle
img_022014.jpg,ocx1749,ocxx99,False,3,0.5714,0.119259,motorcycle
img_022016.jpg,ppo2925,ppor852,False,4,0.4286,0.128012,motorcycle
img_022018.jpg,ods5968,pds4680,False,4,0.4286,0.139446,motorcycle
img_022024.jpg,mtw4082,itb3479,False,6,0.1429,0.037337,motorcycle
img_022026.jpg,mtx3303,mi3404,False,4,0.4286,0.318184,motorcycle
img_022030.jpg,mtx3303,bib734,False,6,0.1429,0.131200,motorcycle
img_022031.jpg,ocx1775,p54489,False,7,0.0000,0.055605,motorcycle
img_022032.jpg,odl5722,pp5572,False,4,0.4286,0.277727,motorcycle
img_022033.jpg,odr4648,odr464,False,1,0.8571,0.347809,motorcycle
img_022034.jpg,ppx9459,bpy4999,False,5,0.2857,0.101338,motorcycle
img_022035.jpg,ppt7234,ppr2420,False,5,0.2857,0.282760,motorcycle
img_022040.jpg,ppe9043,bpe589,False,5,0.2857,0.105998,motorcycle
img_022041.jpg,ppo2334,ppo8884,False,3,0.5714,0.352845,motorcycle
img_022045.jpg,ltk5452,li5782,False,4,0.4286,0.159901,motorcycle
img_022046.jpg,ppg5798,ppa9888,False,4,0.4286,0.114778,motorcycle
img_022047.jpg,odr5971,qdr4971,False,2,0.7143,0.240081,motorcycle
img_022048.jpg,odr4648,qpr4648,False,2,0.7143,0.208603,motorcycle
img_022049.jpg,msk4371,fsx487,False,4,0.4286,0.117567,motorcycle
img_022050.jpg,odf0749,qpr494,False,6,0.1429,0.109996,motorcycle
img_022052.jpg,mtx4192,wf3129,False,6,0.1429,0.629425,motorcycle
img_022057.jpg,msm6217,issm444,False,6,0.1429,0.220499,motorcycle
img_022058.jpg,odr5971,pdr491,False,3,0.5714,0.212411,motorcycle
img_022059.jpg,msb1362,ausb488,False,6,0.1429,0.104101,motorcycle
img_022060.jpg,odf0749,opr499,False,5,0.2857,0.665709,motorcycle
img_022061.jpg,odj2901,qp87288,False,7,0.0000,0.131385,motorcycle
img_022063.jpg,msb9683,msb589,False,3,0.5714,0.172093,motorcycle
img_022065.jpg,msz1632,m8378,False,6,0.1429,0.224085,motorcycle
img_022066.jpg,ppq9347,ppq8892,False,4,0.4286,0.117308,motorcycle
img_022069.jpg,ppb4172,bpb789,False,5,0.2857,0.659977,motorcycle
img_022071.jpg,mrb5311,pr8288,False,6,0.1429,0.119083,motorcycle
img_022075.jpg,odt6046,pp1672,False,6,0.1429,0.138692,motorcycle
img_022076.jpg,msb1362,mu8862,False,4,0.4286,0.087549,motorcycle
img_022079.jpg,odd7785,q99989,False,6,0.1429,0.109550,motorcycle
img_022080.jpg,odt6046,0pf489,False,7,0.0000,0.036030,motorcycle
img_022081.jpg,ouz8101,duz48,False,5,0.2857,0.295546,motorcycle
img_022082.jpg,mtx4192,myx492,False,2,0.7143,0.072810,motorcycle
img_022083.jpg,mtx3303,bw7549,False,7,0.0000,0.089257,motorcycle
img_022084.jpg,odr4648,odr4648,True,0,1.0000,0.133127,motorcycle
img_022086.jpg,odf8575,pdf5754,False,3,0.5714,0.447445,motorcycle
img_022088.jpg,ppa9571,apa4874,False,4,0.4286,0.610542,motorcycle
img_022090.jpg,msz1632,ms319,False,4,0.4286,0.116525,motorcycle
img_022094.jpg,oyd1821,oyp4814,False,4,0.4286,0.244378,motorcycle
img_022095.jpg,odf0749,qp6799,False,5,0.2857,0.138132,motorcycle
img_022102.jpg,odb2698,qd8788,False,5,0.2857,0.195759,motorcycle
img_022103.jpg,ppy6645,ppy2382,False,4,0.4286,0.084787,motorcycle
img_022104.jpg,odr2292,q984529,False,6,0.1429,0.049315,motorcycle
img_022106.jpg,msk4371,wsk482,False,4,0.4286,0.412138,motorcycle
img_022108.jpg,nzp0747,azr479,False,5,0.2857,0.304873,motorcycle
img_022111.jpg,oyi7673,q4947,False,6,0.1429,0.088918,motorcycle
img_022112.jpg,mtu3834,miy484,False,4,0.4286,0.156055,motorcycle
img_022113.jpg,msz1632,ms318,False,4,0.4286,0.456312,motorcycle
img_022115.jpg,pps7391,pps4814,False,4,0.4286,0.181287,motorcycle
img_022116.jpg,ppb0543,ppp544,False,3,0.5714,0.132655,motorcycle
img_022117.jpg,msm6217,issm819,False,5,0.2857,0.107724,motorcycle
img_022118.jpg,mqx7585,moy2892,False,6,0.1429,0.366086,motorcycle
img_022120.jpg,odr4648,odb464,False,2,0.7143,0.152657,motorcycle
img_022125.jpg,msm6217,amsm844,False,5,0.2857,0.008348,motorcycle
img_022126.jpg,odr2292,qpb429,False,5,0.2857,0.319931,motorcycle
img_022127.jpg,odr5971,por1991,False,4,0.4286,0.203925,motorcycle
img_022128.jpg,odt6727,pp18747,False,5,0.2857,0.026893,motorcycle
img_022131.jpg,odh5452,pdb4522,False,4,0.4286,0.695065,motorcycle
img_022133.jpg,msz1632,m9318,False,5,0.2857,0.090578,motorcycle
img_022134.jpg,mts7734,ija48,False,7,0.0000,0.432410,motorcycle
img_022141.jpg,mtx3303,but434,False,6,0.1429,0.837988,motorcycle
img_022143.jpg,odf2202,qp5822,False,5,0.2857,0.067223,motorcycle
img_022144.jpg,mtx4192,mf3499,False,4,0.4286,0.033232,motorcycle
img_022145.jpg,mtz3460,c77588,False,7,0.0000,0.019136,motorcycle
img_022148.jpg,odh5452,p05422,False,4,0.4286,0.150893,motorcycle
img_022150.jpg,ppm5173,ppm4789,False,4,0.4286,0.147446,motorcycle
img_022151.jpg,odf0749,0d6999,False,5,0.2857,0.473872,motorcycle
img_022152.jpg,mto6028,mfg8880,False,6,0.1429,0.361948,motorcycle
img_022153.jpg,ppz3765,pp3482,False,4,0.4286,0.142696,motorcycle
img_022154.jpg,msb1362,phsb789,False,6,0.1429,0.222920,motorcycle
img_022155.jpg,odr4648,odb469,False,3,0.5714,0.191030,motorcycle
img_022156.jpg,mtx4192,wf3829,False,6,0.1429,0.432805,motorcycle
img_022158.jpg,ppu8555,bpu8592,False,3,0.5714,0.127851,motorcycle
img_022163.jpg,msw0327,asma238,False,6,0.1429,0.064967,motorcycle
img_022165.jpg,mqq7692,mo99799,False,5,0.2857,0.088180,motorcycle
img_022166.jpg,mtz3460,diz400,False,4,0.4286,0.186574,motorcycle
img_022170.jpg,mpx7232,mpx4892,False,3,0.5714,0.594855,motorcycle
img_022178.jpg,mpv8198,eppv989,False,5,0.2857,0.236619,motorcycle
img_022179.jpg,odr4648,op4649,False,3,0.5714,0.412592,motorcycle
img_022183.jpg,mtx3303,ma7459,False,6,0.1429,0.015146,motorcycle
img_022184.jpg,oyi9346,ovi489,False,5,0.2857,0.173532,motorcycle
img_022188.jpg,ppl1354,pp5458,False,4,0.4286,0.154026,motorcycle
img_022189.jpg,mrc7008,m86882,False,6,0.1429,0.214815,motorcycle
img_022191.jpg,odr2292,qpr8922,False,5,0.2857,0.083447,motorcycle
img_022194.jpg,odr4648,opr1648,False,2,0.7143,0.398174,motorcycle
img_022195.jpg,mtx4192,mf3429,False,4,0.4286,0.354744,motorcycle
img_022197.jpg,odh5452,p034529,False,5,0.2857,0.166879,motorcycle
img_022199.jpg,mtx3303,bi3579,False,6,0.1429,0.103989,motorcycle
img_022201.jpg,mtz0686,miz88,False,4,0.4286,0.231174,motorcycle
img_022202.jpg,mso7465,ws9484,False,5,0.2857,0.099250,motorcycle
img_022204.jpg,msk0637,dsk48,False,5,0.2857,0.186874,motorcycle
img_022206.jpg,mse2696,fj8896,False,5,0.2857,0.072667,motorcycle
img_022208.jpg,odi6064,6d9444,False,5,0.2857,0.011519,motorcycle
img_022211.jpg,msk0637,fac48,False,7,0.0000,0.018043,motorcycle
img_022212.jpg,ppt7234,ab748,False,6,0.1429,0.159775,motorcycle
img_022216.jpg,odr5971,ppr5971,False,2,0.7143,0.360323,motorcycle
img_022217.jpg,mst8655,msi742,False,5,0.2857,0.057190,motorcycle
img_022218.jpg,jjm1920,q992020,False,5,0.2857,0.180511,motorcycle
img_022219.jpg,jjc7757,afc557,False,4,0.4286,0.069983,motorcycle
img_022221.jpg,msb9683,msb489,False,3,0.5714,0.820045,motorcycle
img_022222.jpg,mtx4192,n75499,False,5,0.2857,0.095396,motorcycle
img_022223.jpg,oyd1821,ov9781,False,4,0.4286,0.147403,motorcycle
img_022224.jpg,odh5452,qd54529,False,3,0.5714,0.165582,motorcycle
img_022225.jpg,msz1632,m9318,False,5,0.2857,0.220913,motorcycle
img_022228.jpg,ppb4172,bpp482,False,4,0.4286,0.380322,motorcycle
img_022230.jpg,mty0370,mmy470,False,3,0.5714,0.242389,motorcycle
img_022231.jpg,jjc7757,iff8880,False,7,0.0000,0.319832,motorcycle
img_022232.jpg,mtx4192,mf3429,False,4,0.4286,0.116939,motorcycle
img_022233.jpg,ovi1134,qvi1480,False,4,0.4286,0.742425,motorcycle
img_022234.jpg,msb1362,dws8788,False,7,0.0000,0.043784,motorcycle
img_022235.jpg,mtx3303,bw7559,False,7,0.0000,0.094659,motorcycle
img_022239.jpg,mtv0352,ary5822,False,6,0.1429,0.033952,motorcycle
img_022244.jpg,ppf2131,2pf111,False,3,0.5714,0.509489,motorcycle
img_022247.jpg,jko8991,uk9772,False,6,0.1429,0.106775,motorcycle
img_022249.jpg,odm6783,v995789,False,5,0.2857,0.211823,motorcycle
img_022250.jpg,mrs0112,er5542,False,5,0.2857,0.065417,motorcycle
img_022253.jpg,mqk5693,50k789,False,5,0.2857,0.086863,motorcycle
img_022256.jpg,ppl1634,bpi5888,False,6,0.1429,0.131195,motorcycle
img_022257.jpg,jko8991,uko470,False,5,0.2857,0.104943,motorcycle
img_022258.jpg,msb1362,msb488,False,4,0.4286,0.350453,motorcycle
img_022260.jpg,odt6046,ppi2482,False,7,0.0000,0.073245,motorcycle
img_022263.jpg,mtw4082,iti3232,False,5,0.2857,0.224321,motorcycle
img_022267.jpg,ppg5798,bpa8280,False,6,0.1429,0.419086,motorcycle
img_022268.jpg,msz6980,cwsz48,False,5,0.2857,0.014797,motorcycle
img_022269.jpg,jko8991,uk9782,False,6,0.1429,0.348400,motorcycle
img_022270.jpg,jjm1920,wm920,False,3,0.5714,0.373946,motorcycle
img_022272.jpg,mtx3303,mt459,False,5,0.2857,0.166025,motorcycle
img_022274.jpg,msm6217,bmsm488,False,5,0.2857,0.201645,motorcycle
img_022278.jpg,mtx4192,wf3899,False,6,0.1429,0.038068,motorcycle
img_022282.jpg,msz1632,ms348,False,5,0.2857,0.287756,motorcycle
img_022286.jpg,mtu9659,9147942,False,7,0.0000,0.037352,motorcycle
img_022288.jpg,msm6217,pmsm482,False,5,0.2857,0.085693,motorcycle
img_022290.jpg,mtx3303,mt4434,False,4,0.4286,0.160804,motorcycle
img_022292.jpg,mty1863,mt7892,False,4,0.4286,0.402575,motorcycle
img_022298.jpg,mru1931,mry1991,False,2,0.7143,0.369000,motorcycle
img_022299.jpg,jjm1920,aq92248,False,7,0.0000,0.030664,motorcycle
img_022300.jpg,jjc7757,dy68320,False,7,0.0000,0.057084,motorcycle
img_022301.jpg,mpk8317,epp4892,False,6,0.1429,0.072483,motorcycle
img_022308.jpg,hfa8518,bfa284,False,5,0.2857,0.122404,motorcycle
img_022310.jpg,mtx3303,mt3434,False,4,0.4286,0.096031,motorcycle
img_022311.jpg,odr4648,odb164,False,3,0.5714,0.349898,motorcycle
img_022312.jpg,jko8991,uk07812,False,6,0.1429,0.087905,motorcycle
img_022317.jpg,msz1632,ms348,False,5,0.2857,0.514140,motorcycle
img_022323.jpg,ntn0127,pnin722,False,5,0.2857,0.064266,motorcycle
img_022327.jpg,odr4648,qdb569,False,5,0.2857,0.060281,motorcycle
img_022330.jpg,mtx3303,bat479,False,7,0.0000,0.143188,motorcycle
img_022331.jpg,msb9683,msb584,False,3,0.5714,0.325285,motorcycle
img_022332.jpg,mtt8621,bt7621,False,3,0.5714,0.326153,motorcycle
img_022336.jpg,jko8991,uk9770,False,6,0.1429,0.054631,motorcycle
img_022337.jpg,mst7836,mst882,False,3,0.5714,0.036093,motorcycle
img_022339.jpg,odh5452,qdb4522,False,4,0.4286,0.201151,motorcycle
img_022342.jpg,mrx6476,fra489,False,5,0.2857,0.571637,motorcycle
img_022343.jpg,mtz5078,mtz87,False,3,0.5714,0.243380,motorcycle
img_022345.jpg,ocx7943,qc6534,False,5,0.2857,0.023318,motorcycle
img_022346.jpg,ppt6132,bpf8822,False,5,0.2857,0.346345,motorcycle
img_022347.jpg,msm6217,pmsm419,False,4,0.4286,0.085004,motorcycle
img_022348.jpg,mqx7585,1994282,False,6,0.1429,0.055934,motorcycle
img_022349.jpg,jko8991,a8k944,False,6,0.1429,0.147217,motorcycle
img_022350.jpg,odt5939,pbi448,False,7,0.0000,0.184427,motorcycle
img_022353.jpg,mrh7545,mri4889,False,5,0.2857,0.031961,motorcycle
img_022355.jpg,pps7270,pps440,False,3,0.5714,0.236690,motorcycle
img_022357.jpg,ppq3952,pp99522,False,3,0.5714,0.200381,motorcycle
img_022358.jpg,ppk0137,pp4378,False,4,0.4286,0.073325,motorcycle
img_022359.jpg,ppb0543,pfb739,False,5,0.2857,0.256230,motorcycle
img_022362.jpg,mqx7585,15851,False,5,0.2857,0.222646,motorcycle
img_022366.jpg,mtx4192,wf549,False,5,0.2857,0.229408,motorcycle
img_022368.jpg,mtx3303,ma75434,False,6,0.1429,0.051279,motorcycle
img_022372.jpg,odh5452,pdb4522,False,4,0.4286,0.233049,motorcycle
img_022373.jpg,odb7075,qdb155,False,4,0.4286,0.081604,motorcycle
img_022374.jpg,msz1632,m8318,False,5,0.2857,0.502003,motorcycle
img_022377.jpg,mtz0748,myz489,False,4,0.4286,0.327519,motorcycle
img_022381.jpg,mtx3303,bu7479,False,7,0.0000,0.031837,motorcycle
img_022383.jpg,djx8729,dya489,False,5,0.2857,0.544457,motorcycle
img_022386.jpg,ppm9537,bpm2480,False,5,0.2857,0.428451,motorcycle
img_022389.jpg,mtx3303,bj3434,False,6,0.1429,0.090181,motorcycle
img_022394.jpg,qrb1638,prb4892,False,5,0.2857,0.175211,motorcycle
img_022395.jpg,odh5452,ppb4522,False,5,0.2857,0.350897,motorcycle
img_022396.jpg,msz1632,m4342,False,5,0.2857,0.265093,motorcycle
img_022403.jpg,mqx7585,mo4782,False,4,0.4286,0.353545,motorcycle
img_022404.jpg,ppu9960,bpu688,False,5,0.2857,0.107847,motorcycle
img_022406.jpg,mto6028,ms089,False,5,0.2857,0.088058,motorcycle
img_022407.jpg,mtz0696,mjz480,False,5,0.2857,0.073341,motorcycle
img_022411.jpg,oye7983,qy5198,False,4,0.4286,0.091285,motorcycle
img_022425.jpg,odr4648,qpr4648,False,2,0.7143,0.523470,motorcycle
img_022426.jpg,mqm8584,bom49,False,6,0.1429,0.270149,motorcycle
img_022430.jpg,odr5971,qdr9971,False,2,0.7143,0.145704,motorcycle
img_022431.jpg,mtz0652,o538292,False,6,0.1429,0.060869,motorcycle
img_022432.jpg,odr4648,qp8489,False,6,0.1429,0.136159,motorcycle
img_022434.jpg,msu3152,iti9748,False,7,0.0000,0.008257,motorcycle
img_022436.jpg,oyg0158,dy6489,False,6,0.1429,0.237935,motorcycle
img_022444.jpg,msk4371,msk481,False,2,0.7143,0.250967,motorcycle
img_022446.jpg,mtd7702,mr8892,False,5,0.2857,0.138045,motorcycle
img_022449.jpg,mtv3898,mt8898,False,2,0.7143,0.247432,motorcycle
img_022452.jpg,odb4172,ddb414,False,3,0.5714,0.124795,motorcycle
img_022454.jpg,pvw2058,bva822,False,6,0.1429,0.155166,motorcycle
img_022464.jpg,oda0294,pda2994,False,3,0.5714,0.286474,motorcycle
img_022469.jpg,ppi2689,bp75694,False,5,0.2857,0.075018,motorcycle
img_022476.jpg,ppr4626,ppp4862,False,3,0.5714,0.220530,motorcycle
img_022479.jpg,mse7534,mse284,False,3,0.5714,0.644952,motorcycle
img_022480.jpg,mrn1317,irr4517,False,4,0.4286,0.123664,motorcycle
img_022492.jpg,ppw7986,ppi4782,False,4,0.4286,0.269872,motorcycle
img_022497.jpg,pps7741,pps4414,False,3,0.5714,0.208552,motorcycle
img_022500.jpg,mqy3046,mox465,False,5,0.2857,0.139236,motorcycle
img_027502.jpg,qrg4j82,qrg4892,False,2,0.7143,0.109643,motorcycle
img_027506.jpg,mtv5g99,biu488,False,7,0.0000,0.037846,motorcycle
img_027508.jpg,odr2i65,qpf884,False,7,0.0000,0.030755,motorcycle
img_027509.jpg,odt6a01,qij418,False,7,0.0000,0.068728,motorcycle
img_027510.jpg,msf3i23,ms6292,False,4,0.4286,0.291216,motorcycle
img_027511.jpg,qrf0e03,qr57892,False,5,0.2857,0.087959,motorcycle
img_027513.jpg,mrr2c85,bsi848,False,6,0.1429,0.118131,motorcycle
img_027515.jpg,ppr8e85,bp88480,False,4,0.4286,0.097953,motorcycle
img_027519.jpg,qrh2d22,ql92222,False,3,0.5714,0.060434,motorcycle
img_027520.jpg,puo0e01,spi4418,False,7,0.0000,0.105947,motorcycle
img_027525.jpg,ovf5h08,qv6548,False,4,0.4286,0.116514,motorcycle
img_027530.jpg,qre9g46,bibe48,False,6,0.1429,0.083477,motorcycle
img_027532.jpg,qrf9c92,elia424,False,7,0.0000,0.150281,motorcycle
img_027536.jpg,qrf9c92,sab422,False,6,0.1429,0.157034,motorcycle
img_027537.jpg,qrh2d22,eyub482,False,6,0.1429,0.010577,motorcycle
img_027542.jpg,ocz9e64,qi6448,False,7,0.0000,0.078081,motorcycle
img_027543.jpg,ppe5h61,fue488,False,6,0.1429,0.224951,motorcycle
img_027547.jpg,qrf1j03,eji6424,False,7,0.0000,0.014386,motorcycle
img_027551.jpg,qrf1j80,bjf100,False,4,0.4286,0.071650,motorcycle
img_027552.jpg,qrf9c92,cfi842,False,5,0.2857,0.126110,motorcycle
img_027554.jpg,qrf9c92,sint422,False,6,0.1429,0.145654,motorcycle
img_027555.jpg,qre9g46,8lb464,False,6,0.1429,0.023395,motorcycle
img_027563.jpg,lqk6d23,tok242,False,5,0.2857,0.013831,motorcycle
img_027566.jpg,qrf4i27,viba779,False,7,0.0000,0.042840,motorcycle
img_027571.jpg,qre0c75,ki4757,False,6,0.1429,0.050379,motorcycle
img_027574.jpg,qre0d36,iivu264,False,7,0.0000,0.012291,motorcycle
img_027575.jpg,qrf9c92,bfi884,False,6,0.1429,0.029141,motorcycle
img_027584.jpg,odr4d90,va470,False,5,0.2857,0.179607,motorcycle
img_027585.jpg,qri7h26,qu9248,False,6,0.1429,0.066493,motorcycle
img_027589.jpg,odr4d90,ivi480,False,5,0.2857,0.025989,motorcycle
img_027591.jpg,mtt0g70,ity470,False,4,0.4286,0.118407,motorcycle
img_027594.jpg,pps2d40,bits,False,7,0.0000,0.165458,motorcycle
img_027596.jpg,qrg2j03,cha7490,False,7,0.0000,0.009620,motorcycle
img_027602.jpg,lsv8i85,gy485,False,5,0.2857,0.147131,motorcycle
img_027603.jpg,mtt0g70,itj4780,False,5,0.2857,0.220671,motorcycle
img_027605.jpg,mtt0g70,mt4702,False,4,0.4286,0.110859,motorcycle
img_027614.jpg,qrg5b79,sty8879,False,5,0.2857,0.046710,motorcycle
img_027616.jpg,qrj5d28,uij84,False,6,0.1429,0.069200,motorcycle
img_027619.jpg,qre5g20,cru2802,False,6,0.1429,0.107983,motorcycle
img_027620.jpg,msw0e74,ilv4480,False,7,0.0000,0.061894,motorcycle
img_027623.jpg,odb5d78,idd788,False,4,0.4286,0.296208,motorcycle
img_027630.jpg,ovf5h08,jut4,False,7,0.0000,0.135939,motorcycle
img_027631.jpg,mqp8i71,sly4480,False,7,0.0000,0.299343,motorcycle
img_027632.jpg,qre3c98,diaj248,False,6,0.1429,0.018659,motorcycle
img_027634.jpg,qre9g46,qta460,False,5,0.2857,0.032516,motorcycle
img_027636.jpg,msy4d96,msv489,False,3,0.5714,0.348995,motorcycle
img_027641.jpg,qre6b81,qre488,False,3,0.5714,0.106504,motorcycle
img_027642.jpg,qrf8f39,gr3428,False,6,0.1429,0.072636,motorcycle
img_027652.jpg,qrj4a23,qr4928,False,3,0.5714,0.024046,motorcycle
img_027654.jpg,msx5a18,fja188,False,5,0.2857,0.418900,motorcycle
img_027655.jpg,qrh0f83,ibi448,False,6,0.1429,0.071261,motorcycle
img_027659.jpg,qre1j20,qke480,False,4,0.4286,0.063220,motorcycle
img_027665.jpg,qri5i88,bij888,False,4,0.4286,0.504020,motorcycle
img_027674.jpg,mtt0g70,ilj4788,False,7,0.0000,0.040021,motorcycle
img_027675.jpg,qrk5f43,jbr4792,False,7,0.0000,0.027741,motorcycle
img_027676.jpg,qri4d60,qhi880,False,4,0.4286,0.233613,motorcycle
img_027681.jpg,qre1h72,qua6772,False,4,0.4286,0.031806,motorcycle
img_027687.jpg,qre5g20,ciee400,False,5,0.2857,0.184774,motorcycle
img_027690.jpg,ppj7d86,fpy868,False,5,0.2857,0.297927,motorcycle
img_027700.jpg,ppn9j74,ppr479,False,4,0.4286,0.095592,motorcycle
img_027701.jpg,ocy1g98,qcy1890,False,3,0.5714,0.119659,motorcycle
img_027704.jpg,ocz9e64,qcz428,False,5,0.2857,0.076683,motorcycle
img_027706.jpg,qrb1g37,qb87892,False,6,0.1429,0.076436,motorcycle
img_027709.jpg,msx5a18,ma1842,False,5,0.2857,0.381120,motorcycle
img_027711.jpg,gkh4c99,lk4499,False,3,0.5714,0.030975,motorcycle
img_027712.jpg,qri2h49,yiz499,False,5,0.2857,0.174299,motorcycle
img_027716.jpg,qre5g20,qby2480,False,5,0.2857,0.106166,motorcycle
img_027720.jpg,qrk9b28,qrk589,False,4,0.4286,0.206911,motorcycle
img_027725.jpg,qrk9i41,qr4711,False,4,0.4286,0.405363,motorcycle
img_027730.jpg,fwx1e29,fix2992,False,5,0.2857,0.215860,motorcycle
img_027733.jpg,qre3c98,bits84,False,7,0.0000,0.173315,motorcycle
img_027735.jpg,qrk5f43,sky49,False,5,0.2857,0.027328,motorcycle
img_027737.jpg,qrh2d22,wi22242,False,5,0.2857,0.039744,motorcycle
img_027740.jpg,qri2h49,qi4499,False,4,0.4286,0.061511,motorcycle
img_027741.jpg,qrb1g37,qr8779,False,5,0.2857,0.096063,motorcycle
img_027742.jpg,qre5g20,qbi4802,False,6,0.1429,0.011793,motorcycle
img_027744.jpg,qrg5i84,sidi44,False,5,0.2857,0.226206,motorcycle
img_027751.jpg,qrg4j82,qk8789,False,5,0.2857,0.225169,motorcycle
img_027754.jpg,mts6i12,emus427,False,6,0.1429,0.019336,motorcycle
img_027755.jpg,qrk2h32,qpu2482,False,4,0.4286,0.045895,motorcycle
img_027756.jpg,qrk2h46,quk248,False,3,0.5714,0.115469,motorcycle
img_027757.jpg,qre5g20,quf420,False,4,0.4286,0.107402,motorcycle
img_027762.jpg,qrg4j82,fike,False,7,0.0000,0.242457,motorcycle
img_027765.jpg,odn8a70,qwy788,False,7,0.0000,0.359624,motorcycle
img_027766.jpg,odt6a01,qii4480,False,7,0.0000,0.026076,motorcycle
img_027770.jpg,qrl0b55,ibl744,False,6,0.1429,0.226352,motorcycle
img_027772.jpg,qre5g20,cr5f200,False,4,0.4286,0.127018,motorcycle
img_027779.jpg,qrh7j75,jk4779,False,5,0.2857,0.091696,motorcycle
img_027782.jpg,ovj6e24,quy2880,False,7,0.0000,0.127621,motorcycle
img_027785.jpg,odn8a70,qwa78,False,5,0.2857,0.396763,motorcycle
img_027786.jpg,ppv9c45,bpu455,False,5,0.2857,0.201719,motorcycle
img_027788.jpg,oda5c92,i469892,False,5,0.2857,0.017963,motorcycle
img_027789.jpg,qri2g10,bif474,False,6,0.1429,0.029315,motorcycle
img_027793.jpg,mtv7c99,inv2782,False,6,0.1429,0.011863,motorcycle
img_027794.jpg,qre5g64,q66449,False,6,0.1429,0.490501,motorcycle
img_027798.jpg,ppy6c55,lppy580,False,5,0.2857,0.229599,motorcycle
img_027800.jpg,qrm6e95,qbm99,False,4,0.4286,0.192734,motorcycle
img_027801.jpg,qrb1g37,qrr8577,False,4,0.4286,0.004582,motorcycle
img_027802.jpg,ppe5h61,fpe880,False,5,0.2857,0.077147,motorcycle
img_027809.jpg,qri4d60,qki600,False,4,0.4286,0.254667,motorcycle
img_027817.jpg,ppy6e40,zpv400,False,5,0.2857,0.128462,motorcycle
img_027818.jpg,qrg5b79,bij474,False,6,0.1429,0.038524,motorcycle
img_027825.jpg,qre1j20,puke220,False,5,0.2857,0.106542,motorcycle
img_027827.jpg,mtz8e66,st66782,False,6,0.1429,0.418486,motorcycle
img_027829.jpg,ovi2h93,qu6724,False,7,0.0000,0.074118,motorcycle
img_027836.jpg,qre4a41,qbe411,False,3,0.5714,0.049159,motorcycle
img_027838.jpg,qri4j59,iky1780,False,7,0.0000,0.060963,motorcycle
img_027839.jpg,ovi2h93,qv6744,False,6,0.1429,0.300990,motorcycle
img_027846.jpg,oda7g38,7da7892,False,4,0.4286,0.091644,motorcycle
img_027855.jpg,mts6i12,equ9877,False,7,0.0000,0.030027,motorcycle
img_027860.jpg,ovi2h93,bu24988,False,6,0.1429,0.226554,motorcycle
img_027863.jpg,qrh8a82,gru828,False,4,0.4286,0.209096,motorcycle
img_027878.jpg,qrh8a82,qui8822,False,4,0.4286,0.052633,motorcycle
img_027881.jpg,ovi6h87,qui544,False,6,0.1429,0.050331,motorcycle
img_027885.jpg,qrg5g11,bzi8741,False,6,0.1429,0.080738,motorcycle
img_027886.jpg,mtx4g86,fm8480,False,5,0.2857,0.148965,motorcycle
img_027890.jpg,qrf4i27,qb5427,False,3,0.5714,0.135867,motorcycle
img_027898.jpg,qrh8a82,abu7292,False,6,0.1429,0.101860,motorcycle
img_027899.jpg,qrg1d29,qrg9274,False,4,0.4286,0.076060,motorcycle
img_027901.jpg,qre1h72,que7772,False,3,0.5714,0.179676,motorcycle
img_027910.jpg,msp2a75,asp2480,False,4,0.4286,0.014932,motorcycle
img_027913.jpg,ovi2h93,qu47822,False,7,0.0000,0.029898,motorcycle
img_027914.jpg,mse6d09,mse702,False,3,0.5714,0.199077,motorcycle
img_027915.jpg,msw0e74,ijv448,False,7,0.0000,0.155776,motorcycle
img_027916.jpg,ovi2h93,quo948,False,7,0.0000,0.175824,motorcycle
img_027921.jpg,odg2h38,q9978,False,6,0.1429,0.394594,motorcycle
img_027924.jpg,qrl7h97,qu7777,False,4,0.4286,0.188380,motorcycle
img_027925.jpg,mqq1e63,frix744,False,7,0.0000,0.050062,motorcycle
img_027931.jpg,ppm0g72,epr4549,False,6,0.1429,0.022347,motorcycle
img_027936.jpg,ppi6d91,fpp4519,False,5,0.2857,0.091897,motorcycle
img_027937.jpg,msw0e74,fsv448,False,6,0.1429,0.175164,motorcycle
img_027938.jpg,qrl1a42,qqi4498,False,6,0.1429,0.015098,motorcycle
img_027940.jpg,msw0e74,msw492,False,4,0.4286,0.159868,motorcycle
img_027941.jpg,msp2a75,wsp48,False,5,0.2857,0.384247,motorcycle
img_027945.jpg,qrg6d57,big777,False,5,0.2857,0.181637,motorcycle
img_027947.jpg,qrh6b28,qbi7782,False,6,0.1429,0.059938,motorcycle
img_027948.jpg,qrg6d57,brk4577,False,5,0.2857,0.050713,motorcycle
img_027949.jpg,qrf0h69,44567,False,6,0.1429,0.015634,motorcycle
img_027950.jpg,msm6c05,msm384,False,4,0.4286,0.113731,motorcycle
img_027951.jpg,qrf0h69,ilc4,False,7,0.0000,0.074418,motorcycle
img_027952.jpg,qrg6d57,eirg487,False,5,0.2857,0.581812,motorcycle
img_027954.jpg,qrg6d57,brg4177,False,4,0.4286,0.139907,motorcycle
img_027955.jpg,hbo6a52,gbo482,False,4,0.4286,0.175286,motorcycle
img_027956.jpg,qrg6d57,bbi9777,False,6,0.1429,0.060690,motorcycle
img_027958.jpg,qrf0h69,eift4,False,6,0.1429,0.195576,motorcycle
img_027959.jpg,msm6c05,msm388,False,4,0.4286,0.204710,motorcycle
img_027962.jpg,qrf0h69,eikc4,False,7,0.0000,0.036905,motorcycle
img_027964.jpg,qrh2j12,qro4812,False,3,0.5714,0.200408,motorcycle
img_027965.jpg,qrg6d57,eikg948,False,7,0.0000,0.029973,motorcycle
img_027966.jpg,qrf0h69,tuk64,False,6,0.1429,0.082961,motorcycle
img_027968.jpg,qrf0h69,eir640,False,7,0.0000,0.044499,motorcycle
img_027969.jpg,msm6c05,msm234,False,4,0.4286,0.138800,motorcycle
img_027971.jpg,qrg6d57,fib488,False,7,0.0000,0.160411,motorcycle
img_027972.jpg,qrg6d57,ihz888,False,7,0.0000,0.079444,motorcycle
img_027973.jpg,qrf0h69,arc470,False,6,0.1429,0.148876,motorcycle
img_027974.jpg,qri8h59,aila288,False,7,0.0000,0.006308,motorcycle
img_027980.jpg,qrg6d57,bm2280,False,7,0.0000,0.044078,motorcycle
img_027982.jpg,oda7c99,ypa2884,False,6,0.1429,0.083666,motorcycle
img_027984.jpg,oyk0j72,fiba488,False,7,0.0000,0.091416,motorcycle
img_027989.jpg,ozw7a23,qzz4488,False,6,0.1429,0.016409,motorcycle
img_028005.jpg,mpa3a92,ippa228,False,5,0.2857,0.110746,motorcycle
img_028006.jpg,msx2b57,msx882,False,4,0.4286,0.243260,motorcycle
img_028007.jpg,ozw7a23,qz9280,False,6,0.1429,0.157756,motorcycle
img_028009.jpg,qrm9g80,qbig480,False,4,0.4286,0.067668,motorcycle
img_028011.jpg,pph2h33,vaz384,False,7,0.0000,0.089970,motorcycle
img_028014.jpg,pph2h33,ppu3382,False,5,0.2857,0.343068,motorcycle
img_028015.jpg,msf3i23,fbr2384,False,6,0.1429,0.039459,motorcycle
img_028019.jpg,mqs8d89,sq98922,False,5,0.2857,0.030628,motorcycle
img_028021.jpg,ozw7a23,q44480,False,7,0.0000,0.476230,motorcycle
img_028023.jpg,msw2i03,hisq244,False,6,0.1429,0.024765,motorcycle
img_028024.jpg,qrk3d06,dir4384,False,6,0.1429,0.119370,motorcycle
img_028026.jpg,ppy6c55,ppv7580,False,5,0.2857,0.273033,motorcycle
img_028027.jpg,qrl5j85,mr4288,False,5,0.2857,0.031318,motorcycle
img_028028.jpg,ppe9a12,qpe7289,False,5,0.2857,0.085302,motorcycle
img_028033.jpg,qrj8h83,au2448,False,6,0.1429,0.022562,motorcycle
img_028041.jpg,mtv0h43,aur3828,False,7,0.0000,0.005871,motorcycle
img_028047.jpg,msf3i23,ms489,False,5,0.2857,0.036944,motorcycle
img_028053.jpg,mtz1d24,itza484,False,4,0.4286,0.453751,motorcycle
img_028055.jpg,ovi4d13,qvy4884,False,5,0.2857,0.080436,motorcycle
img_028063.jpg,mqj0g55,mi35854,False,5,0.2857,0.059575,motorcycle
img_028068.jpg,qrg6d57,birg477,False,5,0.2857,0.743164,motorcycle
img_028075.jpg,oyi4h49,boa238,False,7,0.0000,0.069837,motorcycle
img_028076.jpg,msf3i23,flaa384,False,7,0.0000,0.261798,motorcycle
img_028078.jpg,qrl2c69,qff4882,False,6,0.1429,0.044669,motorcycle
img_028087.jpg,msf3i23,ila3284,False,6,0.1429,0.020993,motorcycle
img_028090.jpg,mtz1d24,ija4384,False,6,0.1429,0.071469,motorcycle
img_028091.jpg,ovi4d13,qva4889,False,5,0.2857,0.055862,motorcycle
img_028094.jpg,mpk7e29,lipr248,False,7,0.0000,0.106480,motorcycle
img_028096.jpg,mps6g32,ibp4882,False,6,0.1429,0.092148,motorcycle
img_028097.jpg,msq9e72,ns94872,False,4,0.4286,0.170197,motorcycle
img_028098.jpg,ovi4d13,ovya238,False,5,0.2857,0.153887,motorcycle
img_028115.jpg,mtz1d24,lia4242,False,6,0.1429,0.067541,motorcycle
img_028122.jpg,qrj4c82,ibu8380,False,6,0.1429,0.147056,motorcycle
img_028124.jpg,ocv8e03,divv482,False,6,0.1429,0.063024,motorcycle
img_028125.jpg,ozw7a23,qz64492,False,6,0.1429,0.067750,motorcycle
img_028129.jpg,mtq4f75,f193814,False,7,0.0000,0.017445,motorcycle
img_028140.jpg,moy4d15,low2824,False,6,0.1429,0.033883,motorcycle
img_028142.jpg,pph2h33,ppa5480,False,5,0.2857,0.068047,motorcycle
img_028147.jpg,msn4g35,ist4484,False,5,0.2857,0.054617,motorcycle
img_028149.jpg,qrf3c79,qbf782,False,5,0.2857,0.291882,motorcycle
img_028155.jpg,olz5g48,azz482,False,5,0.2857,0.226300,motorcycle
img_028161.jpg,qrg5g54,qr9480,False,5,0.2857,0.329486,motorcycle
img_028162.jpg,ocx2g95,q448884,False,7,0.0000,0.137710,motorcycle
img_028168.jpg,qrf0h69,iltt78,False,7,0.0000,0.016964,motorcycle
img_028172.jpg,pps7e09,pp50440,False,5,0.2857,0.050541,motorcycle
img_028177.jpg,mtq4f75,ma2734,False,6,0.1429,0.043900,motorcycle
img_028178.jpg,ppl8c51,bra4828,False,7,0.0000,0.033933,motorcycle
img_028179.jpg,oyf9h59,qy4999,False,4,0.4286,0.200463,motorcycle
img_028183.jpg,qrj1a37,ibi4738,False,6,0.1429,0.033742,motorcycle
img_028184.jpg,ppr7g88,yc8892,False,7,0.0000,0.143349,motorcycle
img_028185.jpg,qri6c82,q46829,False,4,0.4286,0.421851,motorcycle
img_028187.jpg,qre5g20,qbf7802,False,6,0.1429,0.044087,motorcycle
img_028190.jpg,qrk3d06,bwi448,False,7,0.0000,0.177557,motorcycle
img_028196.jpg,pph2h33,bpi1448,False,6,0.1429,0.017565,motorcycle
img_028199.jpg,qrf0h69,ikt7,False,7,0.0000,0.373420,motorcycle
img_028215.jpg,qri2f05,wbu442,False,7,0.0000,0.061914,motorcycle
img_028220.jpg,qrh3h92,qhi2922,False,4,0.4286,0.045893,motorcycle
img_028221.jpg,duz7g68,d57892,False,5,0.2857,0.027604,motorcycle
img_028230.jpg,odh6e75,qui458,False,7,0.0000,0.292859,motorcycle
img_028236.jpg,ocv8e03,qdv834,False,5,0.2857,0.121076,motorcycle
img_028239.jpg,oyf5f69,ava488,False,7,0.0000,0.138904,motorcycle
img_028247.jpg,qrh2g55,qli4789,False,6,0.1429,0.019193,motorcycle
img_028248.jpg,mtc6d64,bck1480,False,7,0.0000,0.005397,motorcycle
img_028249.jpg,mtz1d24,eiba488,False,7,0.0000,0.204983,motorcycle
img_028253.jpg,pud5d18,fu1238,False,5,0.2857,0.068633,motorcycle
img_028257.jpg,ppm5a98,spp7848,False,5,0.2857,0.084219,motorcycle
img_028262.jpg,mtz1d24,liga484,False,6,0.1429,0.286647,motorcycle
img_028264.jpg,qrh1b34,qb47480,False,6,0.1429,0.035496,motorcycle
img_028271.jpg,qrh5c50,qwi5282,False,5,0.2857,0.022014,motorcycle
img_028281.jpg,qre3c48,bif4848,False,5,0.2857,0.539869,motorcycle
img_028284.jpg,qrg1d29,vag799,False,5,0.2857,0.081531,motorcycle
img_028294.jpg,qrg5b41,bb449,False,6,0.1429,0.120384,motorcycle
img_028298.jpg,ppt2a23,bpr942,False,5,0.2857,0.067425,motorcycle
img_028304.jpg,puo0e01,zuq411,False,5,0.2857,0.022905,motorcycle
img_028305.jpg,qrg1d29,wivz24,False,6,0.1429,0.110290,motorcycle
img_028307.jpg,qrf0d45,qri445,False,3,0.5714,0.433201,motorcycle
img_028308.jpg,msz6j86,bs649,False,5,0.2857,0.242613,motorcycle
img_028314.jpg,lsv8i85,as9484,False,5,0.2857,0.147907,motorcycle
img_028318.jpg,mqr6b71,my448,False,6,0.1429,0.376971,motorcycle
img_028319.jpg,qrh5b63,qb499,False,6,0.1429,0.206043,motorcycle
img_028320.jpg,qrh2d22,qri7424,False,4,0.4286,0.143316,motorcycle
img_028321.jpg,odm6h99,qlm799,False,4,0.4286,0.196923,motorcycle
img_028324.jpg,gva1i94,gifa494,False,4,0.4286,0.007789,motorcycle
img_028335.jpg,ods3f87,ils722,False,6,0.1429,0.112055,motorcycle
img_028342.jpg,odj5g59,j250480,False,7,0.0000,0.086017,motorcycle
img_028344.jpg,ppt5j40,fia4480,False,6,0.1429,0.281846,motorcycle
img_028345.jpg,ppl7b10,lpp4488,False,6,0.1429,0.259164,motorcycle
img_028347.jpg,qre3g47,qbe982,False,5,0.2857,0.127547,motorcycle
img_028348.jpg,msv7i05,ins4484,False,7,0.0000,0.268634,motorcycle
img_028356.jpg,odr2i65,2p6982,False,7,0.0000,0.271822,motorcycle
img_028357.jpg,odj5g59,195584,False,6,0.1429,0.015237,motorcycle
img_028358.jpg,odt3g90,qp59888,False,7,0.0000,0.008870,motorcycle
img_028364.jpg,ppt5j40,fix2480,False,6,0.1429,0.067327,motorcycle
img_028365.jpg,ppo3j50,pp9940,False,4,0.4286,0.411725,motorcycle
img_028367.jpg,qrg2j03,q366449,False,6,0.1429,0.108680,motorcycle
img_028368.jpg,qre3c48,dr5848,False,4,0.4286,0.032385,motorcycle
img_028370.jpg,odt6a01,ql44882,False,7,0.0000,0.455823,motorcycle
img_028376.jpg,ppl0f98,pl4787,False,5,0.2857,0.111693,motorcycle
img_028378.jpg,qrh6b28,qby648,False,4,0.4286,0.266511,motorcycle
img_028381.jpg,odf2d01,qbf422,False,6,0.1429,0.092292,motorcycle
img_028384.jpg,oyk5j80,qy64280,False,4,0.4286,0.041172,motorcycle
img_028387.jpg,qrg5b79,qr96474,False,4,0.4286,0.147312,motorcycle
img_028394.jpg,qrg2c73,iju9480,False,7,0.0000,0.016747,motorcycle
img_028399.jpg,mpt7d28,aiy7482,False,6,0.1429,0.014409,motorcycle
img_028401.jpg,kzz8f62,k65898,False,5,0.2857,0.078443,motorcycle
img_028404.jpg,odg2h60,qu34880,False,6,0.1429,0.101976,motorcycle
img_028405.jpg,mqv9f73,rb9472,False,5,0.2857,0.099387,motorcycle
img_028406.jpg,mqv7e12,fru1280,False,7,0.0000,0.057148,motorcycle
img_028408.jpg,qrf1j80,quf480,False,3,0.5714,0.085569,motorcycle
img_028410.jpg,odj2g92,iqfy729,False,7,0.0000,0.034296,motorcycle
img_028414.jpg,qrg4j82,b46582,False,5,0.2857,0.029629,motorcycle
img_028416.jpg,qre2g64,q6f444,False,5,0.2857,0.167939,motorcycle
img_028422.jpg,msp2a75,hsy4882,False,6,0.1429,0.259097,motorcycle
img_028424.jpg,ovi7a98,quy848,False,6,0.1429,0.206610,motorcycle
img_028427.jpg,qrg5b79,qb9479,False,4,0.4286,0.509619,motorcycle
img_028432.jpg,odj5e46,qp4674,False,6,0.1429,0.205471,motorcycle
img_028436.jpg,oyk5j80,py67880,False,4,0.4286,0.280170,motorcycle
img_028439.jpg,ozw7a23,pk4480,False,7,0.0000,0.145566,motorcycle
img_028444.jpg,ppe5h61,fpe558,False,4,0.4286,0.178473,motorcycle
img_028447.jpg,ppt2a23,pry389,False,6,0.1429,0.008801,motorcycle
img_028455.jpg,qri1d52,y,False,7,0.0000,0.998104,motorcycle
img_028457.jpg,qrb8a37,brb599,False,5,0.2857,0.087714,motorcycle
img_028459.jpg,qre0c75,qr9974,False,4,0.4286,0.135447,motorcycle
img_028467.jpg,odj2g92,q467292,False,5,0.2857,0.778253,motorcycle
img_028468.jpg,ppn9j74,pp44749,False,4,0.4286,0.074272,motorcycle
img_028472.jpg,qrf4b90,qbbf70,False,5,0.2857,0.435278,motorcycle
img_028473.jpg,qrd8g66,8rf2880,False,6,0.1429,0.030853,motorcycle
img_028474.jpg,oyk9e73,bjs480,False,7,0.0000,0.170275,motorcycle
img_028475.jpg,qrh9e85,bli844,False,7,0.0000,0.100619,motorcycle
img_028480.jpg,pwu5j06,py8648,False,6,0.1429,0.266106,motorcycle
img_028486.jpg,qrc5d52,qrc5722,False,2,0.7143,0.124054,motorcycle
img_028489.jpg,qrf8d14,3d1482,False,6,0.1429,0.137742,motorcycle
img_028492.jpg,pwu5j06,pj6648,False,6,0.1429,0.129604,motorcycle
img_028496.jpg,qrf5a87,qr5479,False,4,0.4286,0.075723,motorcycle
img_028498.jpg,mqv9f73,gpf722,False,6,0.1429,0.026741,motorcycle
img_028499.jpg,msx4c00,isa4782,False,5,0.2857,0.112460,motorcycle
img_028507.jpg,qrg1e42,q44492,False,5,0.2857,0.162914,motorcycle
img_028510.jpg,msf3g39,izf6288,False,6,0.1429,0.015980,motorcycle
img_028511.jpg,qrg4h59,qaf3288,False,6,0.1429,0.041559,motorcycle
img_028512.jpg,fbh4b10,fbi6480,False,4,0.4286,0.087411,motorcycle
img_028520.jpg,qre9g46,bre388,False,5,0.2857,0.054190,motorcycle
img_028521.jpg,ozw7a23,oky488,False,6,0.1429,0.421857,motorcycle
img_028531.jpg,ppt6c15,ppri488,False,5,0.2857,0.216060,motorcycle
img_028534.jpg,qrj4h09,qi44480,False,5,0.2857,0.140856,motorcycle
img_028538.jpg,odj0i46,ippa492,False,7,0.0000,0.108253,motorcycle
img_028539.jpg,qrl8a56,ar42880,False,6,0.1429,0.142089,motorcycle
img_028540.jpg,jsu8a56,figa288,False,7,0.0000,0.135644,motorcycle
img_028541.jpg,ppr7g88,fppi848,False,5,0.2857,0.076591,motorcycle
img_028542.jpg,kob6d80,ksb488,False,4,0.4286,0.322616,motorcycle
img_028543.jpg,qrc5d52,pr55892,False,4,0.4286,0.057360,motorcycle
img_028545.jpg,qri7d06,q54478,False,6,0.1429,0.013124,motorcycle
img_028547.jpg,qri7h26,qr964,False,5,0.2857,0.116824,motorcycle
img_028553.jpg,qrg5b79,qb9779,False,4,0.4286,0.121776,motorcycle
img_028554.jpg,pps0e72,edv24,False,7,0.0000,0.111671,motorcycle
img_028555.jpg,qri4d60,q47540,False,5,0.2857,0.036826,motorcycle
img_028556.jpg,qrg5b79,9b9992,False,7,0.0000,0.036385,motorcycle
img_028559.jpg,ppr7g88,bpi6488,False,4,0.4286,0.206051,motorcycle
img_028564.jpg,odf2c66,qp6780,False,7,0.0000,0.133090,motorcycle
img_028567.jpg,qri3h51,3444,False,6,0.1429,0.117152,motorcycle
img_028568.jpg,msv7i05,isk4824,False,6,0.1429,0.055591,motorcycle
img_028578.jpg,odt3g50,1866480,False,6,0.1429,0.016907,motorcycle
img_028583.jpg,pwu5j06,py8648,False,6,0.1429,0.302793,motorcycle
img_028584.jpg,qri2j52,bk3822,False,6,0.1429,0.102547,motorcycle
img_028590.jpg,gva1i94,gvp444,False,4,0.4286,0.595251,motorcycle
img_028594.jpg,qri3c91,baa488,False,7,0.0000,0.338717,motorcycle
img_028595.jpg,odf2c66,qff428,False,6,0.1429,0.077224,motorcycle
img_028596.jpg,odf2c66,q26888,False,7,0.0000,0.076834,motorcycle
img_028597.jpg,odp9d77,q59777,False,4,0.4286,0.099095,motorcycle
img_028599.jpg,qrg2j03,wig78,False,6,0.1429,0.161249,motorcycle
img_028612.jpg,pwu5j06,ej6640,False,6,0.1429,0.036120,motorcycle
img_028614.jpg,ppg5h51,bia4814,False,7,0.0000,0.054208,motorcycle
img_028619.jpg,qrg0b96,qb9348,False,6,0.1429,0.306875,motorcycle
img_028620.jpg,ppy6c55,eppy782,False,5,0.2857,0.076387,motorcycle
img_028621.jpg,ppo9c66,pp9348,False,4,0.4286,0.144399,motorcycle
img_028623.jpg,ppc6i18,ppc9884,False,4,0.4286,0.067288,motorcycle
img_028627.jpg,mqv6a59,mov982,False,5,0.2857,0.207720,motorcycle
img_028629.jpg,qre5g20,bej4448,False,7,0.0000,0.162062,motorcycle
img_028630.jpg,qrf8d14,bbf488,False,6,0.1429,0.385586,motorcycle
img_028636.jpg,qrf1c30,qff700,False,4,0.4286,0.050231,motorcycle
img_028642.jpg,ovf5h08,quf4440,False,6,0.1429,0.103770,motorcycle
img_028650.jpg,ppn1b25,epp8288,False,6,0.1429,0.124511,motorcycle
img_028655.jpg,odf2c66,qf6888,False,6,0.1429,0.440334,motorcycle
img_028657.jpg,qrg0b96,qb98480,False,6,0.1429,0.072722,motorcycle
img_028660.jpg,qrg4h59,eago838,False,6,0.1429,0.068936,motorcycle
img_028667.jpg,ppq2f25,pp9475,False,4,0.4286,0.156793,motorcycle
img_028670.jpg,qrg7b26,qb94780,False,6,0.1429,0.152705,motorcycle
img_028672.jpg,qri2j52,iji3722,False,5,0.2857,0.009820,motorcycle
img_028679.jpg,ppc6i18,pp59482,False,5,0.2857,0.169741,motorcycle
img_028680.jpg,mqv7e12,foy29,False,7,0.0000,0.125941,motorcycle
img_028687.jpg,ppg5h51,fp84980,False,6,0.1429,0.014347,motorcycle
img_028697.jpg,ovi4d13,q44889,False,6,0.1429,0.285194,motorcycle
img_028705.jpg,oyk9e73,gh8484,False,7,0.0000,0.053363,motorcycle
img_028710.jpg,odl9b35,of55480,False,6,0.1429,0.077763,motorcycle
img_028712.jpg,qrg0b96,qbiz782,False,6,0.1429,0.150282,motorcycle
img_028713.jpg,jso4d70,j998880,False,5,0.2857,0.033725,motorcycle
img_028717.jpg,qri5i04,qr10480,False,5,0.2857,0.417588,motorcycle
img_028732.jpg,qre6c98,qff984,False,5,0.2857,0.026080,motorcycle
img_028740.jpg,ppg5h51,eia4880,False,7,0.0000,0.184829,motorcycle
img_028744.jpg,qrg3g25,p698282,False,7,0.0000,0.027331,motorcycle
img_028752.jpg,qrh8b53,qbi3292,False,6,0.1429,0.052437,motorcycle
img_028753.jpg,qrh6f77,bav3480,False,7,0.0000,0.207723,motorcycle
img_028756.jpg,qrh4e29,wby879,False,6,0.1429,0.076144,motorcycle
img_028760.jpg,aux9b64,awa44,False,5,0.2857,0.104805,motorcycle
img_028763.jpg,ppy6c55,fpy484,False,5,0.2857,0.214691,motorcycle
img_028764.jpg,ppg5h51,big4880,False,6,0.1429,0.036960,motorcycle
img_028765.jpg,pps2d40,erse40,False,4,0.4286,0.211278,motorcycle
img_028773.jpg,ppr7g88,ppb3489,False,4,0.4286,0.345392,motorcycle
img_028775.jpg,mtd2f50,ajg4882,False,7,0.0000,0.198212,motorcycle
img_028779.jpg,qri3e18,bbi8980,False,6,0.1429,0.089057,motorcycle
img_028781.jpg,ppy6c55,fpy4824,False,5,0.2857,0.364024,motorcycle
img_028782.jpg,mtx7c76,mf4882,False,6,0.1429,0.119708,motorcycle
img_028783.jpg,oum1g39,qu63722,False,6,0.1429,0.077833,motorcycle
img_028787.jpg,ppb1h72,br8999,False,7,0.0000,0.015412,motorcycle
img_028790.jpg,msp8d62,msi6298,False,5,0.2857,0.085634,motorcycle
img_028791.jpg,ppg5h51,bra1888,False,7,0.0000,0.114900,motorcycle
img_028793.jpg,oum1g39,qwi7792,False,7,0.0000,0.015006,motorcycle
img_028798.jpg,qrf3i26,in7488,False,7,0.0000,0.209956,motorcycle
img_028800.jpg,mta2e89,lig4782,False,6,0.1429,0.150275,motorcycle
img_028801.jpg,ppy6c55,fpy484,False,5,0.2857,0.198032,motorcycle
img_028803.jpg,qrj1i69,q68470,False,6,0.1429,0.164637,motorcycle
img_028806.jpg,msk2b04,esta222,False,6,0.1429,0.034972,motorcycle
img_028808.jpg,qrj6d59,exa872,False,7,0.0000,0.086182,motorcycle
img_028810.jpg,qrh5b66,ebj2288,False,7,0.0000,0.087201,motorcycle
img_028815.jpg,hjo9c32,gx95892,False,6,0.1429,0.031488,motorcycle
img_028822.jpg,qrb1f69,qab8882,False,5,0.2857,0.206171,motorcycle
img_028824.jpg,ppb1h72,ppb5492,False,3,0.5714,0.088787,motorcycle
img_028829.jpg,qrj5j61,prg551,False,4,0.4286,0.046320,motorcycle
img_028831.jpg,duz7g68,q46782,False,6,0.1429,0.190025,motorcycle
img_028835.jpg,qre6b81,que981,False,3,0.5714,0.056740,motorcycle
img_028836.jpg,ppy6c55,ppy484,False,4,0.4286,0.138390,motorcycle
img_028838.jpg,ocz3e21,q634884,False,7,0.0000,0.079429,motorcycle
img_028843.jpg,ppr7g88,sfa4480,False,6,0.1429,0.064559,motorcycle
img_028846.jpg,ppa7a55,bpa482,False,5,0.2857,0.290677,motorcycle
img_028847.jpg,qrf1j03,phi9482,False,7,0.0000,0.030690,motorcycle
img_028849.jpg,qrj8h83,84899,False,6,0.1429,0.520532,motorcycle
img_028850.jpg,qrj5c38,epfa28,False,6,0.1429,0.018379,motorcycle
img_028854.jpg,mtx1h46,eja4788,False,7,0.0000,0.185352,motorcycle
img_028856.jpg,qrh4e29,qr94792,False,4,0.4286,0.279892,motorcycle
img_028859.jpg,qri7h26,bu24480,False,7,0.0000,0.145847,motorcycle
img_028860.jpg,qrj4h09,qu4448,False,5,0.2857,0.094150,motorcycle
img_028863.jpg,mqr6b71,mor481,False,4,0.4286,0.043329,motorcycle
img_028868.jpg,mtx7c76,hi47684,False,6,0.1429,0.115435,motorcycle
img_028878.jpg,qrk9g40,qrk4842,False,3,0.5714,0.203853,motorcycle
img_028879.jpg,ppg5h51,epg4284,False,5,0.2857,0.047211,motorcycle
img_028884.jpg,msu3a87,bai7288,False,6,0.1429,0.196476,motorcycle
img_028888.jpg,qrj1i69,qkg482,False,6,0.1429,0.099146,motorcycle
img_028889.jpg,msw0e74,ijv488,False,7,0.0000,0.098517,motorcycle
img_028898.jpg,ppf2b19,fpb1742,False,6,0.1429,0.138433,motorcycle
img_028900.jpg,prn1a91,ppa718,False,5,0.2857,0.085632,motorcycle
img_028903.jpg,odg5f18,qpg8848,False,5,0.2857,0.070828,motorcycle
img_028906.jpg,oyf3b05,pz444,False,7,0.0000,0.112761,motorcycle
img_028915.jpg,ppg5h51,fpg4,False,5,0.2857,0.616104,motorcycle
img_028920.jpg,odi5g99,qfa7892,False,6,0.1429,0.089031,motorcycle
img_028928.jpg,mrw2c03,lr43882,False,6,0.1429,0.041317,motorcycle
img_028931.jpg,pps2d40,b5s4402,False,5,0.2857,0.005436,motorcycle
img_028944.jpg,mso8d44,bsq4482,False,6,0.1429,0.120282,motorcycle
img_028945.jpg,ppe0a33,ppp3882,False,5,0.2857,0.642160,motorcycle
img_028947.jpg,qrf3d72,qb55492,False,5,0.2857,0.057723,motorcycle
img_028951.jpg,qre1j20,q65480,False,5,0.2857,0.157784,motorcycle
img_028952.jpg,qri7e72,qby5492,False,5,0.2857,0.088483,motorcycle
img_028954.jpg,qrf6h73,ghz998,False,7,0.0000,0.054604,motorcycle
img_028973.jpg,ppu8b27,bpr4788,False,6,0.1429,0.009660,motorcycle
img_028974.jpg,qre0c75,qu97872,False,5,0.2857,0.025380,motorcycle
img_028975.jpg,qrg5g11,qb8419,False,5,0.2857,0.229556,motorcycle
img_028991.jpg,qrj4g88,qfg889,False,4,0.4286,0.173931,motorcycle
img_028993.jpg,qrg8f91,qag3480,False,5,0.2857,0.091261,motorcycle
img_028996.jpg,mtp1e92,fip529,False,5,0.2857,0.030479,motorcycle
img_028999.jpg,odg5f18,qd62480,False,6,0.1429,0.096593,motorcycle
img_029000.jpg,ppy6c55,fppy582,False,5,0.2857,0.147347,motorcycle
img_029007.jpg,jko1c51,ix9418,False,7,0.0000,0.063848,motorcycle
img_029010.jpg,mrl5f11,mr4788,False,5,0.2857,0.126580,motorcycle
img_029013.jpg,lmc6f52,le58832,False,5,0.2857,0.125819,motorcycle
img_029017.jpg,qrh3h92,qri7472,False,4,0.4286,0.016414,motorcycle
img_029018.jpg,qrk2h32,qir3572,False,5,0.2857,0.030948,motorcycle
img_029025.jpg,mtm8j36,by94880,False,7,0.0000,0.087497,motorcycle
img_029032.jpg,ppy6c55,fpy482,False,5,0.2857,0.250419,motorcycle
img_029035.jpg,mtx7c76,my4298,False,6,0.1429,0.035580,motorcycle
img_029040.jpg,ppy6c55,6py5740,False,5,0.2857,0.033152,motorcycle
img_029044.jpg,ppl1g49,ppi4472,False,5,0.2857,0.336692,motorcycle
img_029045.jpg,qrf5a87,qr6742,False,5,0.2857,0.297789,motorcycle
img_029048.jpg,qrb7j37,qpb878,False,5,0.2857,0.130093,motorcycle
img_029051.jpg,msa2d98,hysa289,False,4,0.4286,0.280486,motorcycle
img_029054.jpg,odh5h74,9b12280,False,7,0.0000,0.098447,motorcycle
img_029059.jpg,fyw0e20,fyy489,False,5,0.2857,0.072991,motorcycle
img_029063.jpg,msw0e74,fsv4880,False,6,0.1429,0.084053,motorcycle
img_029069.jpg,ppn1i54,ppea848,False,5,0.2857,0.124388,motorcycle
img_029072.jpg,qrg5b79,bba488,False,7,0.0000,0.091704,motorcycle
img_029075.jpg,odg7j05,q9678,False,6,0.1429,0.098680,motorcycle
img_029077.jpg,ppm6b36,sp4989,False,6,0.1429,0.013420,motorcycle
img_029085.jpg,ppe5h61,fre4880,False,6,0.1429,0.075882,motorcycle
img_029086.jpg,ppj7d86,b99864,False,6,0.1429,0.031597,motorcycle
img_029088.jpg,qrj4j25,qr9389,False,5,0.2857,0.070430,motorcycle
img_029093.jpg,qrj4h09,bid4480,False,6,0.1429,0.031382,motorcycle
img_029103.jpg,gzv3j93,gzv389,False,2,0.7143,0.054945,motorcycle
img_029110.jpg,ppy6c55,epy4884,False,5,0.2857,0.175937,motorcycle
img_029111.jpg,qrk2h46,qb4240,False,4,0.4286,0.138295,motorcycle
img_029112.jpg,qre6b81,qb65481,False,4,0.4286,0.062712,motorcycle
img_029113.jpg,oyd0i44,qyi4492,False,5,0.2857,0.091869,motorcycle
img_029119.jpg,qrf9c92,qkf5899,False,4,0.4286,0.051591,motorcycle
img_029124.jpg,hjo9c32,gx95892,False,6,0.1429,0.169358,motorcycle
img_029127.jpg,ppt5j40,ppy400,False,4,0.4286,0.610566,motorcycle
img_029128.jpg,qrg4i42,qr6489,False,4,0.4286,0.067542,motorcycle
img_029131.jpg,mtm5h09,fy67880,False,7,0.0000,0.240875,motorcycle
img_029133.jpg,qrk8e50,brk4880,False,4,0.4286,0.221311,motorcycle
img_029136.jpg,qrg4j82,vig942,False,5,0.2857,0.160839,motorcycle
img_029138.jpg,oda0e40,qka4580,False,5,0.2857,0.142253,motorcycle
img_029143.jpg,odr2i65,qpi6522,False,6,0.1429,0.031386,motorcycle
img_029144.jpg,gkh4c99,gi47794,False,5,0.2857,0.019660,motorcycle
img_029146.jpg,qri2j52,by5772,False,6,0.1429,0.030767,motorcycle
img_029150.jpg,qrk5j15,pr5540,False,5,0.2857,0.333039,motorcycle
img_029154.jpg,qre5g22,9r55729,False,4,0.4286,0.143132,motorcycle
img_029156.jpg,mrl5f11,fri7480,False,6,0.1429,0.352029,motorcycle
img_029165.jpg,qrj5d28,gby889,False,7,0.0000,0.162361,motorcycle
img_029169.jpg,qri2h49,gr4748,False,5,0.2857,0.029486,motorcycle
img_029171.jpg,odo7h15,qu9388,False,7,0.0000,0.075755,motorcycle
img_029172.jpg,msy8a54,msf498,False,5,0.2857,0.163223,motorcycle
img_029174.jpg,odc5d59,qba288,False,7,0.0000,0.028153,motorcycle
img_029176.jpg,mpi9a64,bx6488,False,7,0.0000,0.055816,motorcycle
img_029177.jpg,mpi9a64,jr6478,False,7,0.0000,0.073225,motorcycle
img_029178.jpg,qrh8b53,8b4589,False,6,0.1429,0.042955,motorcycle
img_029181.jpg,msv3h69,esk3738,False,5,0.2857,0.251479,motorcycle
img_029185.jpg,oyh6d96,qx4478,False,7,0.0000,0.193112,motorcycle
img_029187.jpg,mrs3j76,br56470,False,5,0.2857,0.019886,motorcycle
img_029198.jpg,odp8g56,obf6482,False,6,0.1429,0.124001,motorcycle
img_029199.jpg,qrk8i20,qr90480,False,4,0.4286,0.111480,motorcycle
img_029209.jpg,ppb4e77,pp85882,False,5,0.2857,0.049924,motorcycle
img_029216.jpg,ppv9c45,ppu4494,False,5,0.2857,0.231027,motorcycle
img_029224.jpg,qri2h49,ey,False,7,0.0000,0.214880,motorcycle
img_029228.jpg,mtz2i95,bj64884,False,7,0.0000,0.243950,motorcycle
img_029231.jpg,odt6a01,qli4488,False,7,0.0000,0.077205,motorcycle
img_029233.jpg,mst5a03,fa0324,False,6,0.1429,0.037376,motorcycle
img_029236.jpg,qri2h49,qr4999,False,4,0.4286,0.208623,motorcycle
img_029238.jpg,mpt7d28,fri7880,False,6,0.1429,0.094506,motorcycle
img_029244.jpg,qri4j59,qj6494,False,5,0.2857,0.109488,motorcycle
img_029248.jpg,ppy6c55,ppy4284,False,4,0.4286,0.508228,motorcycle
img_029256.jpg,qrf2i78,qk5789,False,5,0.2857,0.167763,motorcycle
img_029263.jpg,pph2b58,bpp4588,False,5,0.2857,0.157420,motorcycle
img_029265.jpg,mtb8a07,bil8742,False,6,0.1429,0.030480,motorcycle
img_029268.jpg,odl8c42,qp55440,False,6,0.1429,0.146015,motorcycle
img_029269.jpg,qrf8d05,fhi8888,False,6,0.1429,0.021894,motorcycle
img_029270.jpg,ppy6c55,ppy489,False,4,0.4286,0.534587,motorcycle
img_029276.jpg,ocw1a61,oc9488,False,5,0.2857,0.102778,motorcycle
img_029279.jpg,qrf5a39,qria238,False,4,0.4286,0.148390,motorcycle
img_029290.jpg,qrh5b66,qbr4488,False,6,0.1429,0.325884,motorcycle
img_029291.jpg,ppy6c55,ppy488,False,4,0.4286,0.975998,motorcycle
img_029295.jpg,qrj1i96,qma4892,False,5,0.2857,0.073934,motorcycle
img_029302.jpg,qri5b63,fb5449,False,6,0.1429,0.068060,motorcycle
img_029305.jpg,ovi3e42,qy48892,False,6,0.1429,0.581186,motorcycle
img_029306.jpg,ppg0f71,ppp4888,False,5,0.2857,0.398184,motorcycle
img_029312.jpg,ppf9d45,pp5454,False,4,0.4286,0.236275,motorcycle
img_029313.jpg,ocy0i57,ow98880,False,6,0.1429,0.082159,motorcycle
img_029318.jpg,nyx4g84,aza0380,False,6,0.1429,0.126557,motorcycle
img_029320.jpg,qrj5b44,ebm492,False,7,0.0000,0.086441,motorcycle
img_029326.jpg,ppk4e09,ppk499,False,2,0.7143,0.397255,motorcycle
img_029328.jpg,qrg0b96,qb6764,False,6,0.1429,0.133500,motorcycle
img_029329.jpg,qri2h49,q9a444,False,5,0.2857,0.065024,motorcycle
img_029334.jpg,mtm0f89,mim8248,False,5,0.2857,0.110977,motorcycle
img_029344.jpg,ppe0a55,qp54880,False,6,0.1429,0.290605,motorcycle
img_029347.jpg,ovf5h30,evf422,False,5,0.2857,0.078533,motorcycle
img_029348.jpg,mrw9h52,mp45882,False,5,0.2857,0.044381,motorcycle
img_029349.jpg,msp4b22,isb4882,False,4,0.4286,0.134465,motorcycle
img_029350.jpg,ppv9c45,ppy4744,False,4,0.4286,0.122547,motorcycle
img_029351.jpg,qrb1g37,qr8747,False,4,0.4286,0.142262,motorcycle
img_029353.jpg,msw0e74,asa2288,False,6,0.1429,0.131112,motorcycle
img_029354.jpg,ppy6c55,ppy4482,False,4,0.4286,0.196515,motorcycle
img_029366.jpg,odb4a87,ox6742,False,6,0.1429,0.044484,motorcycle
img_029372.jpg,llt9f03,ad93,False,5,0.2857,0.197916,motorcycle
img_029373.jpg,oyk5i74,pha2880,False,7,0.0000,0.175692,motorcycle
img_029376.jpg,mts9a68,ffl8938,False,6,0.1429,0.066067,motorcycle
img_029380.jpg,qrg4j82,qib4882,False,3,0.5714,0.142646,motorcycle
img_029381.jpg,mqk4h98,mo5932,False,6,0.1429,0.141604,motorcycle
img_029387.jpg,qrg4d71,qrgy282,False,4,0.4286,0.016585,motorcycle
img_029388.jpg,msw0e74,isa2884,False,5,0.2857,0.140222,motorcycle
img_029392.jpg,qrk9b28,qby8788,False,5,0.2857,0.413516,motorcycle
img_029402.jpg,mtm0f89,mmf824,False,4,0.4286,0.036557,motorcycle
img_029403.jpg,qrk8j99,qix4782,False,6,0.1429,0.212791,motorcycle
img_029404.jpg,ovk7i14,qyr4280,False,7,0.0000,0.099340,motorcycle
img_029411.jpg,oyk9b17,ovk8792,False,5,0.2857,0.058397,motorcycle
img_029412.jpg,qri7b05,qb4488,False,6,0.1429,0.233888,motorcycle
img_029414.jpg,ppo3d92,bpoo572,False,4,0.4286,0.110847,motorcycle
img_029422.jpg,qrh8g78,apr9898,False,5,0.2857,0.012988,motorcycle
img_029423.jpg,odg8b88,8b9888,False,4,0.4286,0.183053,motorcycle
img_029425.jpg,ppm0g72,bevb482,False,6,0.1429,0.103571,motorcycle
img_029427.jpg,mtz2i95,big4324,False,7,0.0000,0.055531,motorcycle
img_029440.jpg,qrf2a37,br5879,False,6,0.1429,0.061883,motorcycle
img_029448.jpg,qrj6f21,be82980,False,7,0.0000,0.035569,motorcycle
img_029453.jpg,ppn1i54,ppu2488,False,5,0.2857,0.136182,motorcycle
img_029454.jpg,msv4d70,asy4882,False,5,0.2857,0.050786,motorcycle
img_029455.jpg,ppk4i79,ppp4888,False,4,0.4286,0.421476,motorcycle
img_029456.jpg,ppo9c66,ppp4882,False,5,0.2857,0.132960,motorcycle
img_029458.jpg,qrk2h37,qrk977,False,3,0.5714,0.223247,motorcycle
img_029459.jpg,odp0h11,dpg1282,False,6,0.1429,0.158827,motorcycle
img_029478.jpg,ntp9j19,np4894,False,5,0.2857,0.048373,motorcycle
img_029485.jpg,mtw7c75,li94852,False,7,0.0000,0.011594,motorcycle
img_029488.jpg,ppn9j76,ppp4882,False,5,0.2857,0.052456,motorcycle
img_029506.jpg,ppr8e85,bpg8482,False,4,0.4286,0.123502,motorcycle
img_029511.jpg,mtw8i15,bt46840,False,6,0.1429,0.032814,motorcycle
img_029513.jpg,qrf2i78,tbi8824,False,7,0.0000,0.036967,motorcycle
img_029516.jpg,qrk2h37,qr59879,False,5,0.2857,0.206499,motorcycle
img_029526.jpg,qrf1j03,qif3892,False,5,0.2857,0.154752,motorcycle
img_029538.jpg,ovi4d13,ovi348,False,4,0.4286,0.121788,motorcycle
img_029546.jpg,msw0e74,asv4448,False,6,0.1429,0.125504,motorcycle
img_029547.jpg,qrj8d79,8by499,False,6,0.1429,0.099732,motorcycle
img_029549.jpg,ovh4c13,qyi3438,False,7,0.0000,0.212075,motorcycle
img_029552.jpg,qrk2h46,qba4880,False,6,0.1429,0.153074,motorcycle
img_029553.jpg,opu1e74,opy4848,False,5,0.2857,0.371535,motorcycle
img_029555.jpg,mtd8a61,biaa34,False,6,0.1429,0.068929,motorcycle
img_029557.jpg,qrh4a09,uph4494,False,5,0.2857,0.234481,motorcycle
img_029562.jpg,ovi2h93,q43482,False,7,0.0000,0.078115,motorcycle
img_029563.jpg,oda0e40,qpa2880,False,5,0.2857,0.430225,motorcycle
img_029564.jpg,ppu9a13,app5440,False,6,0.1429,0.030763,motorcycle
img_029567.jpg,qrh8g78,qry8789,False,3,0.5714,0.288061,motorcycle
img_029574.jpg,mtd8a61,bil4440,False,7,0.0000,0.236122,motorcycle
img_029581.jpg,msw0e74,epa2380,False,7,0.0000,0.547383,motorcycle
img_029583.jpg,qrc7g00,vac4892,False,6,0.1429,0.090222,motorcycle
img_029588.jpg,qri2h49,qu4840,False,5,0.2857,0.094088,motorcycle
img_029591.jpg,qrj6g02,qby489,False,6,0.1429,0.119414,motorcycle
img_029592.jpg,odg8b88,8b8492,False,6,0.1429,0.198878,motorcycle
img_029593.jpg,oyd1d89,eva2380,False,6,0.1429,0.204654,motorcycle
img_029597.jpg,ppe5h61,5ppe940,False,5,0.2857,0.172716,motorcycle
img_029601.jpg,mtv4h20,auy420,False,4,0.4286,0.870704,motorcycle
img_029604.jpg,oyg3c30,pxy4480,False,6,0.1429,0.069693,motorcycle
img_029607.jpg,qrl6e98,qbig889,False,6,0.1429,0.174948,motorcycle
img_029613.jpg,hgu4b06,agu2888,False,5,0.2857,0.005280,motorcycle
img_029614.jpg,ppi6d68,pp4548,False,4,0.4286,0.055871,motorcycle
img_029620.jpg,rba6b29,aba4279,False,4,0.4286,0.103019,motorcycle
img_029624.jpg,qrh8d56,8r4248,False,6,0.1429,0.084433,motorcycle
img_029626.jpg,qrh5b63,qbi779,False,6,0.1429,0.147656,motorcycle
img_029629.jpg,qrh8g78,qryg788,False,3,0.5714,0.179209,motorcycle
img_029633.jpg,msw2i03,fs53882,False,6,0.1429,0.011920,motorcycle
img_029636.jpg,qrh9b34,qbi4480,False,6,0.1429,0.135998,motorcycle
img_029637.jpg,qrk2h37,qrx9477,False,4,0.4286,0.233235,motorcycle
img_029640.jpg,qri5i04,qr42882,False,5,0.2857,0.117183,motorcycle
img_029642.jpg,qrk1j59,qr66788,False,5,0.2857,0.066740,motorcycle
img_029643.jpg,qrh4b72,qb4449,False,5,0.2857,0.142662,motorcycle
img_029647.jpg,jso4d70,ay94888,False,6,0.1429,0.070458,motorcycle
img_029659.jpg,qrh2d22,qby5482,False,5,0.2857,0.313111,motorcycle
img_029660.jpg,ocz2c56,q464882,False,7,0.0000,0.094854,motorcycle
img_029661.jpg,qre0c75,ory792,False,6,0.1429,0.156421,motorcycle
img_029663.jpg,qrh2d22,qbh3822,False,3,0.5714,0.033646,motorcycle
img_029665.jpg,qre3g47,q9r547,False,4,0.4286,0.114948,motorcycle
img_029669.jpg,ppm6b36,fp93482,False,6,0.1429,0.010265,motorcycle
img_029671.jpg,mtw7c75,bfy4824,False,7,0.0000,0.056623,motorcycle
img_029673.jpg,odr2i65,qdr8594,False,5,0.2857,0.040665,motorcycle
img_029675.jpg,qrg1e42,vib4222,False,6,0.1429,0.018553,motorcycle
img_029676.jpg,qrg2j03,qr84884,False,5,0.2857,0.066213,motorcycle
img_029677.jpg,odr2i65,dbr289,False,5,0.2857,0.104774,motorcycle
img_029678.jpg,qrg2j03,qh84884,False,6,0.1429,0.041152,motorcycle
img_029679.jpg,odg5f18,qf6882,False,7,0.0000,0.164131,motorcycle
img_029688.jpg,qrd0c17,qri4488,False,5,0.2857,0.077655,motorcycle
img_029689.jpg,ovi2h93,qu67822,False,7,0.0000,0.091541,motorcycle
img_029694.jpg,qri7h40,qri4880,False,3,0.5714,0.286230,motorcycle
img_029699.jpg,mrf9j59,bifa984,False,6,0.1429,0.112044,motorcycle
img_029702.jpg,ppp0c22,ppo8880,False,5,0.2857,0.208048,motorcycle
img_029705.jpg,qrg5g11,stie488,False,7,0.0000,0.026019,motorcycle
img_029708.jpg,qre0h80,erif788,False,5,0.2857,0.077004,motorcycle
img_029709.jpg,qrg5g11,pri2488,False,6,0.1429,0.010119,motorcycle
img_029710.jpg,inm7c44,ana,False,6,0.1429,0.646758,motorcycle
img_029711.jpg,ppn6c13,ipp4148,False,6,0.1429,0.059768,motorcycle
img_029718.jpg,qri1g92,itrig42,False,4,0.4286,0.015614,motorcycle
img_029721.jpg,ovj0h50,buz204,False,7,0.0000,0.069035,motorcycle
img_029723.jpg,qri6c82,for4648,False,5,0.2857,0.251490,motorcycle
img_029728.jpg,pph5b07,fpp4488,False,6,0.1429,0.207481,motorcycle
img_029731.jpg,qrh3d03,ibriz48,False,7,0.0000,0.016151,motorcycle
img_029732.jpg,ppb2a47,ppe444,False,4,0.4286,0.167646,motorcycle
img_029733.jpg,odc4h91,aucc488,False,6,0.1429,0.105033,motorcycle
img_029738.jpg,qrb3a73,irg288,False,6,0.1429,0.154235,motorcycle
img_029741.jpg,lry7g97,lift647,False,5,0.2857,0.030244,motorcycle
img_029742.jpg,msa8f37,bi47880,False,7,0.0000,0.091507,motorcycle
img_029744.jpg,qre0h80,wiz88,False,6,0.1429,0.031524,motorcycle
img_029745.jpg,qrh2c14,qri2484,False,3,0.5714,0.238299,motorcycle
img_029746.jpg,oyg7f39,atia234,False,6,0.1429,0.113502,motorcycle
img_029751.jpg,oyi8e42,qva2480,False,7,0.0000,0.036099,motorcycle
img_029753.jpg,qrg3f30,ibba288,False,7,0.0000,0.084833,motorcycle
img_029755.jpg,msv7i05,isr4484,False,6,0.1429,0.080574,motorcycle
img_029756.jpg,msr9b97,isb2888,False,6,0.1429,0.008256,motorcycle
img_029757.jpg,lry7g97,ipr4288,False,7,0.0000,0.163549,motorcycle
img_029758.jpg,oyk0j72,cyr8480,False,6,0.1429,0.047193,motorcycle
img_029760.jpg,oyg7f39,bia2380,False,7,0.0000,0.020634,motorcycle
img_029761.jpg,qrk1d63,chim638,False,6,0.1429,0.014146,motorcycle
img_029762.jpg,qri6c82,lin3388,False,6,0.1429,0.065010,motorcycle
img_029763.jpg,mrz9a40,mw484,False,5,0.2857,0.115698,motorcycle
img_029770.jpg,qod5a08,sif7284,False,7,0.0000,0.011264,motorcycle
img_029771.jpg,ppm1b13,ipp4848,False,6,0.1429,0.332484,motorcycle
img_029773.jpg,ppw7j99,ippa288,False,6,0.1429,0.147297,motorcycle
img_029774.jpg,qrk2h37,2iky47,False,5,0.2857,0.023692,motorcycle
img_029775.jpg,qrh8b53,birk488,False,7,0.0000,0.128570,motorcycle
img_029776.jpg,oyd5h74,evr4480,False,7,0.0000,0.262750,motorcycle
img_029778.jpg,oyk0j72,ov4848,False,6,0.1429,0.016686,motorcycle
img_029779.jpg,ppi3e57,app4788,False,6,0.1429,0.145280,motorcycle
img_029780.jpg,mrz9a40,fiz2380,False,5,0.2857,0.112325,motorcycle
img_029781.jpg,qrk1d63,fia2388,False,7,0.0000,0.022774,motorcycle
img_029789.jpg,krm7e95,ab24880,False,7,0.0000,0.061216,motorcycle
img_029790.jpg,odg8b88,ovg8880,False,3,0.5714,0.024728,motorcycle
img_029791.jpg,ppu0b42,ppa2380,False,5,0.2857,0.122161,motorcycle
img_029792.jpg,ppu6c58,bra2338,False,6,0.1429,0.113561,motorcycle
img_029793.jpg,qrb3a73,blu3480,False,6,0.1429,0.070129,motorcycle
img_029794.jpg,qrf4b12,qbi4488,False,5,0.2857,0.125770,motorcycle
img_029796.jpg,oyk0j72,foy2648,False,6,0.1429,0.044004,motorcycle
img_029797.jpg,qrg2c72,ff92380,False,6,0.1429,0.078696,motorcycle
img_029798.jpg,qre0h80,wi3,False,7,0.0000,0.076872,motorcycle
img_029800.jpg,mrz9a40,has388,False,7,0.0000,0.125609,motorcycle
img_029802.jpg,qrk3g62,qti9488,False,6,0.1429,0.041448,motorcycle
img_029803.jpg,qri6g68,hima284,False,6,0.1429,0.035716,motorcycle
img_029804.jpg,ppi3e57,ppp4574,False,4,0.4286,0.165034,motorcycle
img_029805.jpg,qrk1d63,bba2288,False,7,0.0000,0.195269,motorcycle
img_029807.jpg,ppj1f18,pp51480,False,4,0.4286,0.059487,motorcycle
img_029808.jpg,qrk3i24,fir2484,False,6,0.1429,0.053780,motorcycle
img_029810.jpg,qrd0c17,qri2488,False,5,0.2857,0.169821,motorcycle
img_029811.jpg,qrj4j25,ibi4888,False,6,0.1429,0.040574,motorcycle
img_029813.jpg,mta0b22,da23824,False,6,0.1429,0.092542,motorcycle
img_029814.jpg,oyg7i91,pigg284,False,6,0.1429,0.016489,motorcycle
img_029815.jpg,qri2d95,qri4885,False,3,0.5714,0.111290,motorcycle
img_029816.jpg,odg8b88,qdb8844,False,5,0.2857,0.065924,motorcycle
img_029818.jpg,qrg5f71,itha248,False,7,0.0000,0.106092,motorcycle
img_029820.jpg,ppu6c58,ippu248,False,4,0.4286,0.117737,motorcycle
img_029821.jpg,odf2h64,iqa4844,False,6,0.1429,0.025415,motorcycle
img_029824.jpg,ppy6c26,fpy6388,False,4,0.4286,0.046540,motorcycle
img_029825.jpg,ppn7d89,ppr4694,False,5,0.2857,0.221817,motorcycle
img_029826.jpg,ppw7j99,fir4384,False,7,0.0000,0.205660,motorcycle
img_029827.jpg,msr9b97,nsp2944,False,6,0.1429,0.019131,motorcycle
img_029829.jpg,lry7g97,firv638,False,7,0.0000,0.025401,motorcycle
img_029831.jpg,qrh2j12,qje8782,False,5,0.2857,0.016447,motorcycle
img_029832.jpg,ppr2d29,ppp488,False,5,0.2857,0.142258,motorcycle
img_029835.jpg,ppp5e34,spp244,False,4,0.4286,0.401185,motorcycle
img_029836.jpg,qod5a08,sau2488,False,6,0.1429,0.091738,motorcycle
img_029837.jpg,qrg4j82,vib4280,False,5,0.2857,0.144055,motorcycle
img_029843.jpg,ppj1f18,ppga238,False,4,0.4286,0.347208,motorcycle
img_029844.jpg,mtb6g74,itc484,False,5,0.2857,0.079028,motorcycle
img_029853.jpg,qri6g68,baa288,False,6,0.1429,0.518017,motorcycle
img_029854.jpg,qrd0c17,qri2788,False,5,0.2857,0.029754,motorcycle
img_029855.jpg,krm7e95,ama318,False,6,0.1429,0.022847,motorcycle
img_029866.jpg,ppq1j94,ppp4844,False,4,0.4286,0.075841,motorcycle
img_029867.jpg,ppq1j94,ppo4884,False,4,0.4286,0.388046,motorcycle
img_029868.jpg,ppq1j94,fpq4884,False,4,0.4286,0.110952,motorcycle
img_029874.jpg,fgx5b14,fcy8810,False,5,0.2857,0.065991,motorcycle
img_029876.jpg,qrh3i68,birb481,False,7,0.0000,0.228933,motorcycle
img_029878.jpg,qrj8d77,iai4444,False,7,0.0000,0.200734,motorcycle
img_029879.jpg,oyj0d42,baa3384,False,7,0.0000,0.050586,motorcycle
img_029884.jpg,odj1a82,qb82444,False,7,0.0000,0.005049,motorcycle
img_029885.jpg,ppj7d82,frp238,False,6,0.1429,0.089208,motorcycle
img_029893.jpg,ppn1b25,ppa6884,False,5,0.2857,0.057286,motorcycle
img_029894.jpg,ocv8d29,shy4284,False,7,0.0000,0.107731,motorcycle
img_029896.jpg,qrb3a73,gla3480,False,6,0.1429,0.011075,motorcycle
img_029897.jpg,qrf4b12,aic2884,False,7,0.0000,0.099152,motorcycle
img_029898.jpg,ppt2j19,bpr2884,False,5,0.2857,0.128100,motorcycle
img_029899.jpg,mqm8d57,gqr2488,False,6,0.1429,0.070471,motorcycle
img_029900.jpg,ppy6c26,ppy2882,False,4,0.4286,0.120153,motorcycle
img_029901.jpg,ppn1a71,fpp4488,False,6,0.1429,0.214332,motorcycle
img_029902.jpg,oyg7f39,afic288,False,7,0.0000,0.036349,motorcycle
img_029903.jpg,qri6c82,letb628,False,6,0.1429,0.016434,motorcycle
img_029904.jpg,mth4g39,itjx438,False,5,0.2857,0.015975,motorcycle
img_029906.jpg,lll4c56,whz2434,False,7,0.0000,0.011661,motorcycle
img_029907.jpg,lll4c56,ha23384,False,7,0.0000,0.069828,motorcycle
img_029908.jpg,mrz9a40,gly2880,False,6,0.1429,0.032707,motorcycle
img_029909.jpg,qri7d06,qua2880,False,6,0.1429,0.094296,motorcycle
img_029910.jpg,qrg5g11,ifiq488,False,7,0.0000,0.050250,motorcycle
img_029912.jpg,oyg0a69,qva2380,False,7,0.0000,0.028659,motorcycle
img_029918.jpg,qrd0c17,drd2480,False,5,0.2857,0.027677,motorcycle
img_029919.jpg,krm7e95,apa2880,False,7,0.0000,0.121189,motorcycle
img_029920.jpg,odg8b88,litag38,False,6,0.1429,0.022725,motorcycle
img_029921.jpg,mte6d68,cht2680,False,6,0.1429,0.093711,motorcycle
img_029922.jpg,ppp2d40,ppp4880,False,3,0.5714,0.459485,motorcycle
img_029923.jpg,ovk2c60,dva488,False,6,0.1429,0.081565,motorcycle
img_029927.jpg,ppy6c26,ppy2384,False,4,0.4286,0.148133,motorcycle
img_029929.jpg,odc4h91,auc481,False,4,0.4286,0.233777,motorcycle
img_029930.jpg,mrz9a40,brz284,False,4,0.4286,0.192547,motorcycle
img_029931.jpg,qrk1f26,ezrk788,False,6,0.1429,0.036841,motorcycle
img_029935.jpg,oyg0a69,cvr6248,False,7,0.0000,0.053010,motorcycle
img_029936.jpg,oda5c01,itpa248,False,7,0.0000,0.168567,motorcycle
img_029937.jpg,qrg7f09,itra238,False,7,0.0000,0.153735,motorcycle
img_029942.jpg,qri8i41,bila384,False,7,0.0000,0.111179,motorcycle
img_029944.jpg,qri7d06,fira288,False,7,0.0000,0.186826,motorcycle
img_029945.jpg,qrf4b12,acc484,False,6,0.1429,0.074625,motorcycle
img_029948.jpg,ppw7j99,ppu2884,False,5,0.2857,0.044110,motorcycle
img_029949.jpg,qrg3f30,fbo2288,False,7,0.0000,0.050916,motorcycle
img_029950.jpg,ppy6c26,ppyx884,False,4,0.4286,0.065358,motorcycle
img_029951.jpg,msa8f37,biaa238,False,5,0.2857,0.581655,motorcycle
img_029952.jpg,oyg7i91,dicg481,False,6,0.1429,0.058474,motorcycle
img_029953.jpg,msr9b97,fsp4887,False,5,0.2857,0.114043,motorcycle
img_029955.jpg,ppt2j19,ppr2880,False,4,0.4286,0.042086,motorcycle
img_029956.jpg,lry7g97,try2380,False,5,0.2857,0.054744,motorcycle
img_029958.jpg,qri6i06,qy4444,False,6,0.1429,0.016666,motorcycle
img_029959.jpg,oyk0j72,cyk8484,False,5,0.2857,0.020748,motorcycle
img_029960.jpg,qrh3i68,bixt784,False,7,0.0000,0.039752,motorcycle
img_029961.jpg,ppi3e57,ppy478,False,5,0.2857,0.091724,motorcycle
img_029963.jpg,mpp2g74,ipp2484,False,3,0.5714,0.127723,motorcycle
img_029965.jpg,qrj5e58,siby,False,7,0.0000,0.044050,motorcycle
img_029969.jpg,pph5b07,fpr8288,False,6,0.1429,0.091321,motorcycle
img_029972.jpg,msl7j36,is7416,False,4,0.4286,0.074748,motorcycle
img_029973.jpg,odf2h64,dpr4444,False,6,0.1429,0.085734,motorcycle
img_029974.jpg,ppy6c26,ppv2864,False,5,0.2857,0.111718,motorcycle
img_029975.jpg,ppt2j19,spr8288,False,6,0.1429,0.150999,motorcycle
img_029976.jpg,qri1d18,ihim248,False,5,0.2857,0.005284,motorcycle
img_029977.jpg,ppe6h42,fpe5789,False,5,0.2857,0.112409,motorcycle
img_029978.jpg,oyk0j72,cyr8648,False,6,0.1429,0.015923,motorcycle
img_029979.jpg,qri6i06,qir3484,False,6,0.1429,0.212024,motorcycle
img_029980.jpg,msu4g54,liu4884,False,4,0.4286,0.148719,motorcycle
img_029983.jpg,oyg7f39,vva6388,False,7,0.0000,0.068281,motorcycle
img_029988.jpg,oyk9b17,oyis242,False,5,0.2857,0.083173,motorcycle
img_029989.jpg,odo7h15,ql94880,False,7,0.0000,0.185870,motorcycle
img_029990.jpg,qod5a08,siop728,False,6,0.1429,0.031250,motorcycle
img_029992.jpg,qip2b63,firi448,False,6,0.1429,0.013023,motorcycle
img_029993.jpg,qrd0c17,qro2388,False,5,0.2857,0.053790,motorcycle
img_029994.jpg,krm7e95,vp44880,False,7,0.0000,0.090765,motorcycle
img_029995.jpg,qrj4j25,iri4388,False,5,0.2857,0.031311,motorcycle
img_029996.jpg,msl7j36,hs,False,6,0.1429,0.125540,motorcycle
img_029997.jpg,odg8b88,qd489,False,5,0.2857,0.104100,motorcycle
img_029998.jpg,ppw7j99,ppu4389,False,4,0.4286,0.093986,motorcycle
img_030000.jpg,ppn7d89,ppu8992,False,5,0.2857,0.424361,motorcycle
img_030001.jpg,ppt2j19,bp7289,False,4,0.4286,0.011750,motorcycle
img_030003.jpg,pxu7h47,filam38,False,7,0.0000,0.019347,motorcycle
img_030008.jpg,oyd8e20,dvo2488,False,7,0.0000,0.026830,motorcycle
img_030009.jpg,qri6i06,pri2384,False,5,0.2857,0.031725,motorcycle
img_030012.jpg,qri7b05,circ888,False,7,0.0000,0.027594,motorcycle
img_030013.jpg,mpp2g74,ipp4488,False,5,0.2857,0.124691,motorcycle
img_030015.jpg,pjz8d82,br48884,False,5,0.2857,0.066775,motorcycle
img_030020.jpg,qnk8h24,blyo248,False,6,0.1429,0.043842,motorcycle
img_030021.jpg,oyg0a69,iva8238,False,7,0.0000,0.019216,motorcycle
img_030022.jpg,qrj2c93,lf9488,False,7,0.0000,0.040421,motorcycle
img_030023.jpg,qrj2c93,qti8384,False,6,0.1429,0.080085,motorcycle
img_030024.jpg,qrj2c93,ffy488,False,7,0.0000,0.055348,motorcycle
img_030025.jpg,qrj2c93,itz3480,False,7,0.0000,0.004140,motorcycle
img_030026.jpg,qrj2c93,do2480,False,6,0.1429,0.008306,motorcycle
img_030027.jpg,ppm7c49,app4848,False,5,0.2857,0.037618,motorcycle
img_030028.jpg,ppt2j19,fpt2880,False,4,0.4286,0.041001,motorcycle
img_030029.jpg,lqy7h23,iaa338,False,7,0.0000,0.114242,motorcycle
img_030030.jpg,lqy7h23,lam280,False,6,0.1429,0.026093,motorcycle
img_030033.jpg,qrg7g51,fag4314,False,6,0.1429,0.037673,motorcycle
img_030034.jpg,qrh0g84,frr2488,False,5,0.2857,0.035215,motorcycle
img_030037.jpg,krm7e95,kpu3480,False,6,0.1429,0.047476,motorcycle
img_030041.jpg,ovi2f50,dvv280,False,4,0.4286,0.122752,motorcycle
img_030047.jpg,qrf4b12,quig488,False,6,0.1429,0.037081,motorcycle
img_030049.jpg,oyk0j72,cor4488,False,7,0.0000,0.046346,motorcycle
img_030056.jpg,qrg0j89,qr64894,False,4,0.4286,0.236377,motorcycle
img_030057.jpg,ppg6h84,fpc2288,False,5,0.2857,0.169173,motorcycle
img_030059.jpg,lmc6f52,flug488,False,7,0.0000,0.032073,motorcycle
img_030060.jpg,ppb2a47,dpra788,False,6,0.1429,0.025211,motorcycle
img_030064.jpg,mrx4b05,ibra238,False,7,0.0000,0.076948,motorcycle
img_030066.jpg,evl6g60,izz4680,False,6,0.1429,0.058474,motorcycle
img_030067.jpg,evl6g60,fez4680,False,5,0.2857,0.024140,motorcycle
img_030071.jpg,qre7j97,fib2480,False,7,0.0000,0.220931,motorcycle
img_030076.jpg,qrc1h58,i4g4880,False,7,0.0000,0.050673,motorcycle
img_030078.jpg,lrz6j19,inka,False,7,0.0000,0.394801,motorcycle
img_030082.jpg,qrj6j27,fja2857,False,6,0.1429,0.035404,motorcycle
img_030085.jpg,qrf0g88,qu86488,False,4,0.4286,0.101796,motorcycle
img_030087.jpg,qrh3i68,spp2488,False,6,0.1429,0.190000,motorcycle
img_030088.jpg,oyg7f39,dov6384,False,7,0.0000,0.134907,motorcycle
img_030089.jpg,qrj6d99,efa2884,False,7,0.0000,0.010618,motorcycle
img_030090.jpg,qrk1d63,ima7480,False,7,0.0000,0.076563,motorcycle
img_030092.jpg,ppi3e57,ppr478,False,5,0.2857,0.137096,motorcycle
img_030093.jpg,pps2f00,ppss48,False,4,0.4286,0.154097,motorcycle
img_030094.jpg,mpp2g74,ppp144,False,4,0.4286,0.060145,motorcycle
img_030096.jpg,qrj5e58,bba284,False,7,0.0000,0.012706,motorcycle
img_030098.jpg,qrf8d05,hi2284,False,7,0.0000,0.128348,motorcycle
img_030099.jpg,qrk3g62,stig248,False,7,0.0000,0.280802,motorcycle
img_030101.jpg,oyg0a69,iffa233,False,7,0.0000,0.043702,motorcycle
img_030103.jpg,qrd0c17,qri2887,False,4,0.4286,0.084578,motorcycle
img_030105.jpg,odp7e69,cipc424,False,6,0.1429,0.013544,motorcycle
img_030107.jpg,qri7b05,bop4380,False,7,0.0000,0.113861,motorcycle
img_030108.jpg,krm7e95,air4380,False,7,0.0000,0.234425,motorcycle
img_030109.jpg,qrg5g11,ffi4480,False,7,0.0000,0.087818,motorcycle
img_030114.jpg,msv8g97,ijy4884,False,7,0.0000,0.047464,motorcycle
img_030116.jpg,odf2h64,djp1442,False,6,0.1429,0.007501,motorcycle
img_030121.jpg,qrg3f30,ivr3488,False,6,0.1429,0.181685,motorcycle
img_030122.jpg,qrf4b12,lbf4242,False,4,0.4286,0.114391,motorcycle
img_030123.jpg,oyg7i91,fix8244,False,7,0.0000,0.029700,motorcycle
img_030124.jpg,msn4g28,ibp288,False,6,0.1429,0.076787,motorcycle
img_030127.jpg,lry7g97,irx488,False,6,0.1429,0.395555,motorcycle
img_030129.jpg,oyg7f39,fuv6844,False,7,0.0000,0.124180,motorcycle
img_030132.jpg,odc4h91,lud4218,False,6,0.1429,0.026929,motorcycle
img_030136.jpg,krm7e95,aii2484,False,7,0.0000,0.021660,motorcycle
img_030142.jpg,mta0b22,haa2884,False,6,0.1429,0.195491,motorcycle
img_030143.jpg,msa8f37,faa2380,False,6,0.1429,0.108696,motorcycle
img_030145.jpg,qrf4b12,lbb4812,False,4,0.4286,0.040352,motorcycle
img_030146.jpg,qrf0g88,ibb6888,False,5,0.2857,0.028354,motorcycle
img_030147.jpg,oyk0j72,cyr8688,False,6,0.1429,0.064530,motorcycle
img_030148.jpg,qrj7b45,qbu8480,False,6,0.1429,0.158015,motorcycle
img_030150.jpg,qrf8d05,skf4881,False,6,0.1429,0.112597,motorcycle
img_030151.jpg,mpp2g74,ptye744,False,5,0.2857,0.017044,motorcycle
img_030152.jpg,ppi3e57,fpi4587,False,4,0.4286,0.119717,motorcycle
img_030153.jpg,qri8i41,gir4248,False,6,0.1429,0.124645,motorcycle
img_030155.jpg,qre5c34,stz428,False,7,0.0000,0.014256,motorcycle
img_030158.jpg,qnk8h24,bixx248,False,6,0.1429,0.128105,motorcycle
img_030159.jpg,ocv8d29,shy4284,False,7,0.0000,0.121375,motorcycle
img_030160.jpg,qrj3d82,ir74884,False,5,0.2857,0.019430,motorcycle
img_030162.jpg,ppf6g42,frr2380,False,7,0.0000,0.080497,motorcycle
img_030163.jpg,qrd0c17,qri1218,False,4,0.4286,0.078113,motorcycle
img_030165.jpg,krm7e95,vbu2384,False,7,0.0000,0.017292,motorcycle
img_030166.jpg,qrg5g11,fr94284,False,6,0.1429,0.010043,motorcycle
img_030169.jpg,odg8b88,bbb6844,False,7,0.0000,0.024460,motorcycle
img_030170.jpg,ppq7j11,ppp4288,False,5,0.2857,0.406257,motorcycle
img_030171.jpg,odf2h64,diri444,False,6,0.1429,0.173172,motorcycle
img_030172.jpg,ppg6h84,bpp4488,False,5,0.2857,0.015845,motorcycle
img_030173.jpg,odc7e88,yb6488,False,5,0.2857,0.187854,motorcycle
img_030174.jpg,ppt2j19,ppx2884,False,4,0.4286,0.149596,motorcycle
img_030175.jpg,ocx8b18,beg3248,False,6,0.1429,0.035275,motorcycle
img_030178.jpg,msr9b97,ffa274,False,7,0.0000,0.088195,motorcycle
img_030179.jpg,oyk0j72,pov4380,False,7,0.0000,0.046039,motorcycle
img_030180.jpg,ppe6h42,fpre748,False,5,0.2857,0.261360,motorcycle
img_030181.jpg,ppp2d40,jpp4880,False,4,0.4286,0.144445,motorcycle
img_030182.jpg,ppi3e57,ppp4574,False,4,0.4286,0.564968,motorcycle
img_030184.jpg,qrk0i56,clu1888,False,7,0.0000,0.065748,motorcycle
img_030188.jpg,qrk3g62,azi6428,False,7,0.0000,0.072070,motorcycle
img_030191.jpg,qnk8h24,bix2380,False,7,0.0000,0.047653,motorcycle
img_030194.jpg,ppm5a98,ibra288,False,6,0.1429,0.078863,motorcycle
img_030196.jpg,ppb2a47,ppe2844,False,3,0.5714,0.070993,motorcycle
img_030198.jpg,qrd0c17,qriz884,False,5,0.2857,0.041433,motorcycle
img_030200.jpg,krm7e95,abi2480,False,7,0.0000,0.091917,motorcycle
img_030201.jpg,jko1c51,bx94880,False,7,0.0000,0.052302,motorcycle
img_030205.jpg,msl7j36,ys2284,False,6,0.1429,0.092663,motorcycle
img_030207.jpg,qrb3a73,grbi838,False,5,0.2857,0.072158,motorcycle
img_030209.jpg,ppn7d89,ppn4894,False,3,0.5714,0.440522,motorcycle
img_030210.jpg,oyd5h74,sw2444,False,6,0.1429,0.179177,motorcycle
img_030211.jpg,msn4g28,ijp4488,False,5,0.2857,0.103473,motorcycle
img_030213.jpg,qrf4b12,dic4888,False,6,0.1429,0.023688,motorcycle
img_030214.jpg,qrf0g88,qb66888,False,4,0.4286,0.144374,motorcycle
img_030215.jpg,qrj5c38,fri288,False,5,0.2857,0.153670,motorcycle
img_030216.jpg,msr9b97,psb484,False,6,0.1429,0.070367,motorcycle
img_030217.jpg,ppn1a71,pppa814,False,4,0.4286,0.279732,motorcycle
img_030218.jpg,oyk0j72,for238,False,7,0.0000,0.187478,motorcycle
img_030219.jpg,ppw6c70,ppp4780,False,4,0.4286,0.208379,motorcycle
img_030220.jpg,ppe6h42,fpe2384,False,5,0.2857,0.167865,motorcycle
img_030221.jpg,qri6h84,fw8248,False,6,0.1429,0.137171,motorcycle
img_030222.jpg,lmu8e22,bju4880,False,6,0.1429,0.172896,motorcycle
img_030226.jpg,qnk8h24,bix2384,False,6,0.1429,0.034793,motorcycle
img_030228.jpg,ocv8d29,biy2284,False,7,0.0000,0.056073,motorcycle
img_030229.jpg,ppp2d40,spp488,False,5,0.2857,0.634476,motorcycle
img_030230.jpg,mrt6g63,flug,False,6,0.1429,0.130813,motorcycle
img_030231.jpg,odg8b88,bqd6812,False,6,0.1429,0.194310,motorcycle
img_030239.jpg,msv7i05,iff2484,False,7,0.0000,0.016551,motorcycle
img_030243.jpg,qrj7b45,qbu288,False,6,0.1429,0.138386,motorcycle
img_030245.jpg,qrg5e53,sbr4248,False,7,0.0000,0.072158,motorcycle
img_030246.jpg,mrr2c85,fbr4651,False,6,0.1429,0.039642,motorcycle
img_030248.jpg,msz6j86,fba2880,False,6,0.1429,0.099261,motorcycle
img_030250.jpg,qrj8d77,fbu888,False,6,0.1429,0.042216,motorcycle
img_030251.jpg,odq4j10,ibb2488,False,7,0.0000,0.044702,motorcycle
img_030255.jpg,ovl5g55,itta233,False,7,0.0000,0.048899,motorcycle
img_030258.jpg,mqj5b04,mb14480,False,6,0.1429,0.018606,motorcycle
img_030264.jpg,ppp8h46,bu144,False,6,0.1429,0.178236,motorcycle
img_030265.jpg,qrf3j27,kie288,False,7,0.0000,0.302714,motorcycle
img_030268.jpg,mrf3f99,hp88984,False,7,0.0000,0.054786,motorcycle
img_030269.jpg,ove8b94,qqu888,False,6,0.1429,0.044417,motorcycle
img_030270.jpg,qri4f41,qua488,False,5,0.2857,0.053496,motorcycle
img_030274.jpg,mrt7c71,aba388,False,7,0.0000,0.168389,motorcycle
img_030278.jpg,qrj6j27,fba288,False,7,0.0000,0.440660,motorcycle
img_030283.jpg,oyd5h74,ivy2488,False,7,0.0000,0.119388,motorcycle
img_030285.jpg,qrk2i01,dir4488,False,7,0.0000,0.108096,motorcycle
img_030286.jpg,mta0b22,abo2384,False,7,0.0000,0.046871,motorcycle
img_030291.jpg,ppn6c13,ipp2648,False,5,0.2857,0.117679,motorcycle
img_030292.jpg,ppn6c13,kpa6384,False,5,0.2857,0.016370,motorcycle
img_030295.jpg,qrg5i84,dia2380,False,6,0.1429,0.243701,motorcycle
img_030296.jpg,odh6e52,qui8488,False,7,0.0000,0.058662,motorcycle
img_030297.jpg,mqt5h23,inas238,False,6,0.1429,0.093115,motorcycle
img_030301.jpg,ppi6d68,firaf38,False,6,0.1429,0.209983,motorcycle
img_030303.jpg,kqt6a75,koc7380,False,6,0.1429,0.032463,motorcycle
img_030304.jpg,qre9i84,qri448,False,4,0.4286,0.129199,motorcycle
img_030305.jpg,mtw8h22,bux4840,False,7,0.0000,0.036857,motorcycle
img_030311.jpg,oyf9h45,gvf188,False,6,0.1429,0.047039,motorcycle
img_030312.jpg,qrh2c14,qui6880,False,6,0.1429,0.022147,motorcycle
img_030316.jpg,qrg5e53,eb9148,False,7,0.0000,0.041995,motorcycle
img_030318.jpg,ppp5e34,ppp8480,False,4,0.4286,0.238161,motorcycle
img_030321.jpg,mpp2g74,itpp488,False,6,0.1429,0.401766,motorcycle
img_030324.jpg,qrj5e58,ser4888,False,6,0.1429,0.069889,motorcycle
img_030325.jpg,qrg5g11,kr94384,False,6,0.1429,0.038832,motorcycle
img_030327.jpg,ppl0f59,bias,False,7,0.0000,0.129779,motorcycle
img_030328.jpg,qnk8h24,idux288,False,7,0.0000,0.013533,motorcycle
img_030330.jpg,qrd0c17,new8480,False,7,0.0000,0.007385,motorcycle
img_030331.jpg,krm7e95,abu288,False,7,0.0000,0.018344,motorcycle
img_030332.jpg,qrk7c46,fix2288,False,7,0.0000,0.296871,motorcycle
img_030333.jpg,qrg2c72,lib2488,False,6,0.1429,0.044914,motorcycle
img_030335.jpg,qrk1d45,mbr2444,False,6,0.1429,0.070495,motorcycle
img_030338.jpg,ppy6c26,ppy864,False,4,0.4286,0.269539,motorcycle
img_030340.jpg,qrf0g88,qur6884,False,5,0.2857,0.029860,motorcycle
img_030341.jpg,oyd5h74,evr2448,False,7,0.0000,0.088310,motorcycle
img_030343.jpg,qrj7b45,qba2380,False,6,0.1429,0.058347,motorcycle
img_030345.jpg,qri6h84,fu24844,False,6,0.1429,0.065109,motorcycle
img_030346.jpg,oyg7f39,qyo2380,False,6,0.1429,0.136519,motorcycle
img_030347.jpg,oyg4j99,blta,False,7,0.0000,0.051190,motorcycle
img_030349.jpg,qrj6d99,elba,False,7,0.0000,0.094693,motorcycle
img_030352.jpg,ppb4e77,ppb2488,False,4,0.4286,0.366148,motorcycle
img_030353.jpg,oyd3c85,dx9489,False,6,0.1429,0.082866,motorcycle
img_030354.jpg,ppi6d68,fpr2480,False,6,0.1429,0.045729,motorcycle
img_030360.jpg,qrg3i72,ki82380,False,7,0.0000,0.217349,motorcycle
img_030361.jpg,msn4g28,itya238,False,6,0.1429,0.120991,motorcycle
img_030363.jpg,mth4g39,iqu6884,False,7,0.0000,0.025097,motorcycle
img_030364.jpg,qrg5g11,kfi9488,False,7,0.0000,0.032426,motorcycle
img_030365.jpg,pph5b07,ppr4848,False,5,0.2857,0.139572,motorcycle
img_030366.jpg,odf2h64,ijf4284,False,5,0.2857,0.015448,motorcycle
img_030371.jpg,oyi8e42,idia238,False,6,0.1429,0.040400,motorcycle
img_030372.jpg,qrf4b12,qqi4481,False,5,0.2857,0.100558,motorcycle
img_030373.jpg,msv7i05,fsa2884,False,6,0.1429,0.010387,motorcycle
img_030374.jpg,qrj5c38,fri488,False,5,0.2857,0.447379,motorcycle
img_030376.jpg,qrf6g77,irf6787,False,3,0.5714,0.026988,motorcycle
img_030381.jpg,qrg5g11,iff4188,False,7,0.0000,0.002467,motorcycle
img_030382.jpg,ppf5f02,frr4388,False,7,0.0000,0.175659,motorcycle
img_030383.jpg,qnk8h24,buxt384,False,6,0.1429,0.048268,motorcycle
img_030386.jpg,qre7d40,vila248,False,6,0.1429,0.063827,motorcycle
img_030387.jpg,qrh8b53,ir2484,False,6,0.1429,0.218908,motorcycle
img_030392.jpg,qrd0c17,qr42874,False,5,0.2857,0.040411,motorcycle
img_030394.jpg,krm7e95,irm2384,False,5,0.2857,0.225966,motorcycle
img_030397.jpg,qrj6a92,era428,False,5,0.2857,0.239675,motorcycle
img_030398.jpg,mqj0h69,ma7484,False,6,0.1429,0.023983,motorcycle
img_030399.jpg,msu4g54,lium884,False,5,0.2857,0.054590,motorcycle
img_030400.jpg,ppi3e57,ppp4588,False,5,0.2857,0.375363,motorcycle
img_030401.jpg,lmu8e22,giu1288,False,6,0.1429,0.006271,motorcycle
img_030403.jpg,pps5j06,fr5288,False,6,0.1429,0.115609,motorcycle
img_030405.jpg,oyg7f39,lova888,False,7,0.0000,0.071357,motorcycle
img_030408.jpg,oyd1d60,lova288,False,7,0.0000,0.143532,motorcycle
img_030409.jpg,qnk8h24,bmx2340,False,7,0.0000,0.063021,motorcycle
img_030410.jpg,qrk3g62,sta4488,False,7,0.0000,0.034817,motorcycle
img_030412.jpg,oyg0a69,lova248,False,7,0.0000,0.087978,motorcycle
img_030413.jpg,qri6c82,etra248,False,6,0.1429,0.067248,motorcycle
img_030414.jpg,qrh2c14,qti4488,False,6,0.1429,0.045254,motorcycle
img_030418.jpg,qrj9d60,gq14240,False,6,0.1429,0.017869,motorcycle
img_030419.jpg,odg8b88,qvb8824,False,6,0.1429,0.026624,motorcycle
img_030421.jpg,ppp7f23,ppp1238,False,3,0.5714,0.127692,motorcycle
img_030423.jpg,odf2h64,duf648,False,5,0.2857,0.266540,motorcycle
img_030425.jpg,ppq7j11,fra238,False,7,0.0000,0.260577,motorcycle
img_030426.jpg,ppn7d89,ppr8892,False,4,0.4286,0.135025,motorcycle
img_030427.jpg,oyd5h74,covp448,False,7,0.0000,0.028796,motorcycle
img_030428.jpg,oyg7i91,pic4381,False,6,0.1429,0.031268,motorcycle
img_030431.jpg,ppn1a71,cpp4448,False,6,0.1429,0.094003,motorcycle
img_030435.jpg,lry7g97,try2384,False,5,0.2857,0.203270,motorcycle
img_030436.jpg,ppw6c70,ppu448,False,5,0.2857,0.204452,motorcycle
img_030437.jpg,msu4g54,itu4854,False,3,0.5714,0.044008,motorcycle
img_030438.jpg,ppb2a47,ppp2844,False,3,0.5714,0.338208,motorcycle
img_030440.jpg,qrg5e53,ibig488,False,7,0.0000,0.132513,motorcycle
img_030448.jpg,ppe0a55,ippa238,False,6,0.1429,0.477260,motorcycle
img_030449.jpg,qrk3g62,sti6488,False,7,0.0000,0.173514,motorcycle
img_030451.jpg,mrq7d51,mra2881,False,4,0.4286,0.059030,motorcycle
img_030453.jpg,qnk8h24,goz2484,False,6,0.1429,0.052695,motorcycle
img_030454.jpg,qri7b05,bbaz288,False,7,0.0000,0.008281,motorcycle
img_030455.jpg,ppc3d50,fpp8880,False,5,0.2857,0.296527,motorcycle
img_030457.jpg,ods3f87,ybs444,False,6,0.1429,0.055082,motorcycle
img_030459.jpg,odp8h17,bur2794,False,7,0.0000,0.035658,motorcycle
img_030461.jpg,ppp2d40,dpp2888,False,4,0.4286,0.303934,motorcycle
img_030464.jpg,qrg5g11,ffg4388,False,6,0.1429,0.028124,motorcycle
img_030465.jpg,qrd0c17,qri2238,False,5,0.2857,0.076004,motorcycle
img_030466.jpg,krm7e95,kiq449,False,5,0.2857,0.006725,motorcycle
img_030474.jpg,qrf4b12,abi4488,False,6,0.1429,0.043960,motorcycle
img_030478.jpg,qrh3d03,ghi8788,False,7,0.0000,0.022538,motorcycle
img_030480.jpg,ppy6c55,fpv489,False,6,0.1429,0.210906,motorcycle
img_030486.jpg,mtx4g86,iti,False,6,0.1429,0.854659,motorcycle
img_030487.jpg,ovh0i30,iv51388,False,6,0.1429,0.080369,motorcycle
img_030492.jpg,ovl5g55,itit238,False,7,0.0000,0.001924,motorcycle
img_030494.jpg,qrg5g11,kf4428,False,7,0.0000,0.094566,motorcycle
img_030495.jpg,qnk8h24,blyt448,False,7,0.0000,0.090423,motorcycle
img_030498.jpg,ppe0a55,liaa284,False,7,0.0000,0.014176,motorcycle
img_030500.jpg,oyg0a69,qvr4484,False,7,0.0000,0.024871,motorcycle
img_030501.jpg,ppj1f18,phi2488,False,5,0.2857,0.029466,motorcycle
img_030504.jpg,qri5i88,lini444,False,6,0.1429,0.021626,motorcycle
img_030505.jpg,qri5i88,lin4380,False,6,0.1429,0.014131,motorcycle
img_030506.jpg,qrd0c17,qri2481,False,5,0.2857,0.200059,motorcycle
img_030509.jpg,ppn7d89,ppp4894,False,4,0.4286,0.055895,motorcycle
img_030510.jpg,ppc3d50,fpp2880,False,5,0.2857,0.219558,motorcycle
img_030511.jpg,qre5i79,iby4880,False,7,0.0000,0.055905,motorcycle
img_030513.jpg,qrh0g84,hea2238,False,7,0.0000,0.031163,motorcycle
img_030522.jpg,qrk3g62,fiq4844,False,7,0.0000,0.337381,motorcycle
img_030524.jpg,qrh2c14,byi438,False,7,0.0000,0.083806,motorcycle
img_030525.jpg,ppc3d50,fra2388,False,7,0.0000,0.185119,motorcycle
img_030531.jpg,odj9i87,bpb2288,False,6,0.1429,0.007286,motorcycle
img_030532.jpg,ppd2f65,ppp481,False,5,0.2857,0.351137,motorcycle
img_030534.jpg,qrf0g88,qbb8888,False,4,0.4286,0.228451,motorcycle
img_030535.jpg,qri6i06,qi4384,False,5,0.2857,0.031446,motorcycle
img_030537.jpg,lry7g97,tpy2380,False,6,0.1429,0.024419,motorcycle
img_030541.jpg,odc4h91,iucc488,False,6,0.1429,0.104548,motorcycle
img_030543.jpg,ppi3e57,fpp4878,False,6,0.1429,0.112529,motorcycle
img_030544.jpg,krm7e95,qpi4488,False,7,0.0000,0.273117,motorcycle
img_030547.jpg,qrg5g11,lig4288,False,6,0.1429,0.192590,motorcycle
img_030549.jpg,odg8b88,bibi6,False,6,0.1429,0.093432,motorcycle
img_030552.jpg,ppg6h84,bib4480,False,6,0.1429,0.023844,motorcycle
img_030554.jpg,ppu6c58,ppr4238,False,4,0.4286,0.047913,motorcycle
img_030555.jpg,ppm5a98,ipp4888,False,5,0.2857,0.151816,motorcycle
img_030556.jpg,oyi8e42,gix4880,False,7,0.0000,0.035278,motorcycle
img_030558.jpg,oyd5h74,evr2488,False,7,0.0000,0.176391,motorcycle
img_030559.jpg,qri6i06,cyra238,False,7,0.0000,0.221564,motorcycle
img_030562.jpg,odc4h91,iuc4848,False,5,0.2857,0.089052,motorcycle
img_030564.jpg,ppc3d50,bpa2388,False,6,0.1429,0.216959,motorcycle
img_030565.jpg,qnk8h24,buyz248,False,6,0.1429,0.078408,motorcycle
img_030566.jpg,lry7g97,civ4348,False,7,0.0000,0.022833,motorcycle
img_030567.jpg,oyg0a69,dxv8238,False,7,0.0000,0.025520,motorcycle
img_030568.jpg,odc1b90,ibp2438,False,7,0.0000,0.019734,motorcycle
img_030572.jpg,krm7e95,ar42880,False,6,0.1429,0.020935,motorcycle
img_030573.jpg,ppy6c26,ppy267,False,3,0.5714,0.139591,motorcycle
img_030574.jpg,ppu6c58,pppa238,False,4,0.4286,0.118340,motorcycle
img_030577.jpg,msl7j36,hsl2444,False,5,0.2857,0.118497,motorcycle
img_030578.jpg,mqm8d57,ira2384,False,7,0.0000,0.344636,motorcycle
img_030579.jpg,qrg3f30,bia,False,7,0.0000,0.283311,motorcycle
img_030580.jpg,qrb3a73,gre7888,False,6,0.1429,0.041623,motorcycle
img_030581.jpg,mst5a03,iar2431,False,7,0.0000,0.022451,motorcycle
img_030582.jpg,qrg7c99,ffg2884,False,6,0.1429,0.046990,motorcycle
img_030584.jpg,odk9c02,ip,False,7,0.0000,0.862243,motorcycle
img_030585.jpg,qrf4b12,lyig488,False,7,0.0000,0.073452,motorcycle
img_030586.jpg,msv7i05,ms4284,False,5,0.2857,0.071536,motorcycle
img_030587.jpg,qrf0g88,qur6884,False,5,0.2857,0.028169,motorcycle
img_030588.jpg,qrj7b45,ibu8889,False,7,0.0000,0.124427,motorcycle
img_030589.jpg,msr9b97,psa4344,False,6,0.1429,0.145624,motorcycle
img_030593.jpg,lmu3c65,itw388,False,6,0.1429,0.040156,motorcycle
img_030595.jpg,krm7e95,api8488,False,7,0.0000,0.083264,motorcycle
img_030596.jpg,qrg5g11,kf4448,False,7,0.0000,0.073888,motorcycle
img_030597.jpg,ppp2d40,fpp4880,False,4,0.4286,0.291299,motorcycle
img_030598.jpg,msl7j36,ns22448,False,6,0.1429,0.038189,motorcycle
img_030599.jpg,odg8b88,cog4864,False,6,0.1429,0.032466,motorcycle
img_030602.jpg,qri1d18,iffa238,False,6,0.1429,0.153425,motorcycle
img_030603.jpg,ppq7j11,ipp4238,False,6,0.1429,0.187093,motorcycle
img_030604.jpg,qrb3a73,dr8138,False,6,0.1429,0.144937,motorcycle
img_030605.jpg,qrf4b12,lbi4888,False,6,0.1429,0.010576,motorcycle
img_030606.jpg,qrg7c99,ftgi238,False,6,0.1429,0.028879,motorcycle
img_030607.jpg,qrj7b45,qbu188,False,6,0.1429,0.017824,motorcycle
img_030608.jpg,lry7g97,try438,False,5,0.2857,0.194122,motorcycle
img_030609.jpg,qri6i06,piri188,False,6,0.1429,0.181825,motorcycle
img_030610.jpg,oyd5h74,evr2488,False,7,0.0000,0.124068,motorcycle
img_030611.jpg,qrg5g11,ltig418,False,6,0.1429,0.077296,motorcycle
img_030612.jpg,qrj5e58,ivi8488,False,6,0.1429,0.097628,motorcycle
img_030614.jpg,qnk8h24,bux488,False,7,0.0000,0.267751,motorcycle
img_030615.jpg,mta0b22,ilaa238,False,6,0.1429,0.105801,motorcycle
img_030616.jpg,oku4e38,qky488,False,4,0.4286,0.521795,motorcycle
img_030617.jpg,qrb3a73,blag238,False,6,0.1429,0.231674,motorcycle
img_030618.jpg,qrk8h41,bpx442,False,6,0.1429,0.025298,motorcycle
img_030620.jpg,ppu6c58,ppp4648,False,4,0.4286,0.138177,motorcycle
img_030621.jpg,qrf4b12,qu6488,False,5,0.2857,0.104218,motorcycle
img_030623.jpg,qrg7c99,vig4288,False,6,0.1429,0.063401,motorcycle
img_030625.jpg,msv7i05,iss4444,False,6,0.1429,0.050219,motorcycle
img_030626.jpg,qrj5c38,ff32282,False,7,0.0000,0.047504,motorcycle
img_030628.jpg,ppw6c70,ppp4448,False,5,0.2857,0.379665,motorcycle
img_030630.jpg,oyh6d96,bva2880,False,7,0.0000,0.195477,motorcycle
img_030634.jpg,mqm8d57,bor4482,False,7,0.0000,0.044760,motorcycle
img_030636.jpg,odf2h64,ipr444,False,6,0.1429,0.074190,motorcycle
img_030641.jpg,qip2b63,bir2680,False,5,0.2857,0.013408,motorcycle
img_030642.jpg,qip2b63,hi2488,False,5,0.2857,0.105383,motorcycle
img_030643.jpg,ppn1a71,ippa288,False,6,0.1429,0.150084,motorcycle
img_030645.jpg,msv7i05,fva284,False,6,0.1429,0.059137,motorcycle
img_030646.jpg,ppn7d89,ppr4898,False,4,0.4286,0.166469,motorcycle
img_030649.jpg,qri4e87,ibb478,False,5,0.2857,0.317363,motorcycle
img_030650.jpg,ppp8h46,bpp446,False,3,0.5714,0.677730,motorcycle
img_030651.jpg,qrj7b45,qbi848,False,5,0.2857,0.069144,motorcycle
img_030655.jpg,qrh2c14,qfi1438,False,6,0.1429,0.022576,motorcycle
img_030656.jpg,ppb2a47,ppe444,False,4,0.4286,0.229617,motorcycle
img_030657.jpg,odc4h91,luc4889,False,5,0.2857,0.165701,motorcycle
img_030660.jpg,ovl5g55,low384,False,7,0.0000,0.110007,motorcycle
img_030661.jpg,odm9j19,ijjr448,False,7,0.0000,0.024648,motorcycle
img_030670.jpg,qnk8h24,bjx4384,False,6,0.1429,0.040500,motorcycle
img_030671.jpg,qre0g07,qtig678,False,5,0.2857,0.184648,motorcycle
img_030673.jpg,oyg0a69,dxva238,False,7,0.0000,0.022035,motorcycle
img_030679.jpg,qrk8h41,qrx488,False,5,0.2857,0.076121,motorcycle
img_030683.jpg,qre3a37,fit2884,False,7,0.0000,0.113968,motorcycle
img_030685.jpg,oyf9h45,bila223,False,7,0.0000,0.163459,motorcycle
img_030687.jpg,qrf4b12,qq6488,False,5,0.2857,0.132223,motorcycle
img_030689.jpg,qrg7c99,qf6788,False,5,0.2857,0.107639,motorcycle
img_030691.jpg,qrf0g88,otug888,False,5,0.2857,0.107469,motorcycle
img_030693.jpg,qrk7c46,qrk2780,False,4,0.4286,0.243347,motorcycle
img_030695.jpg,ovl5g55,lomi343,False,7,0.0000,0.027611,motorcycle
img_030698.jpg,kob6d80,aba4880,False,5,0.2857,0.036380,motorcycle
img_030700.jpg,mtw7a10,aia2384,False,7,0.0000,0.177102,motorcycle
img_030706.jpg,qri4d60,eri4480,False,3,0.5714,0.240593,motorcycle
img_030707.jpg,qre3a37,gre238,False,4,0.4286,0.146251,motorcycle
img_030714.jpg,kqw4b34,loz2380,False,7,0.0000,0.097872,motorcycle
img_030715.jpg,ppf6g42,fpre648,False,5,0.2857,0.185477,motorcycle
img_030720.jpg,qrk3g62,dir6488,False,7,0.0000,0.203668,motorcycle
img_030721.jpg,ppd2f65,ppp288,False,4,0.4286,0.219244,motorcycle
img_030722.jpg,mty3f94,juz38,False,6,0.1429,0.076731,motorcycle
img_030724.jpg,qrj6g51,kty288,False,7,0.0000,0.030088,motorcycle
img_030726.jpg,hfa9d65,iaa2884,False,6,0.1429,0.062683,motorcycle
img_030727.jpg,qrf8d14,bbf148,False,5,0.2857,0.084933,motorcycle
img_030729.jpg,qnk8h24,bixa444,False,6,0.1429,0.006385,motorcycle
img_030730.jpg,mtw7a10,inia288,False,7,0.0000,0.031420,motorcycle
img_030731.jpg,ppn1b25,pp44884,False,5,0.2857,0.030037,motorcycle
img_030733.jpg,ppi3e57,ippa248,False,6,0.1429,0.117266,motorcycle
img_030734.jpg,hlz9e18,hy3484,False,6,0.1429,0.039682,motorcycle
img_030736.jpg,qrg6f51,fys7881,False,6,0.1429,0.063791,motorcycle
img_030737.jpg,odf2h64,dff444,False,4,0.4286,0.452922,motorcycle
img_030738.jpg,oyk0j72,quy8280,False,7,0.0000,0.056606,motorcycle
img_030740.jpg,ppn7d89,ppx6894,False,4,0.4286,0.054266,motorcycle
img_030743.jpg,qrg7f50,qug6380,False,4,0.4286,0.155970,motorcycle
img_030745.jpg,qre1e56,qre7384,False,4,0.4286,0.083892,motorcycle
img_030746.jpg,qnk8h24,bjy4444,False,6,0.1429,0.020907,motorcycle
img_030749.jpg,qrj7b45,qi44881,False,6,0.1429,0.018064,motorcycle
img_030750.jpg,lry7g97,trx4880,False,6,0.1429,0.058335,motorcycle
img_030753.jpg,ppi3e57,ppr4574,False,4,0.4286,0.092940,motorcycle
img_030754.jpg,qrh2e34,qbi1748,False,6,0.1429,0.113207,motorcycle
img_030755.jpg,kvm7j40,au238,False,7,0.0000,0.096158,motorcycle
img_030757.jpg,qrk8c15,lirk78,False,6,0.1429,0.553443,motorcycle
img_030758.jpg,qrk1d63,vb14484,False,7,0.0000,0.009746,motorcycle
img_030759.jpg,hfa9d65,gla2664,False,5,0.2857,0.092202,motorcycle
img_030760.jpg,qre5c34,sha2444,False,6,0.1429,0.012213,motorcycle
img_030761.jpg,qrg5g11,stig488,False,7,0.0000,0.129828,motorcycle
img_030762.jpg,odj2i40,qp24880,False,6,0.1429,0.136187,motorcycle
img_030763.jpg,mtm8j36,bwz334,False,6,0.1429,0.074755,motorcycle
img_030765.jpg,qrh1d06,for4488,False,7,0.0000,0.059242,motorcycle
img_030771.jpg,qrg5g11,ffi4488,False,7,0.0000,0.170032,motorcycle
img_030774.jpg,qri7d24,iri4880,False,5,0.2857,0.150304,motorcycle
img_030776.jpg,qri1d18,ihi3438,False,5,0.2857,0.011891,motorcycle
img_030778.jpg,oyg7i91,pyc4484,False,6,0.1429,0.125925,motorcycle
img_030779.jpg,ppn1a71,ppu2880,False,5,0.2857,0.211425,motorcycle
img_030782.jpg,odk9c02,qp67484,False,7,0.0000,0.046490,motorcycle
img_030783.jpg,msu6e57,psu2488,False,5,0.2857,0.028885,motorcycle
img_030784.jpg,qrj7b45,ir4884,False,5,0.2857,0.147446,motorcycle
img_030789.jpg,lry7g97,try438,False,5,0.2857,0.218740,motorcycle
img_030790.jpg,qri6h84,bu22480,False,6,0.1429,0.075994,motorcycle
img_030791.jpg,mtw7a10,air2488,False,7,0.0000,0.027695,motorcycle
img_030792.jpg,ppp5e34,ppp8348,False,3,0.5714,0.072309,motorcycle
img_030794.jpg,mpp2g74,ipp480,False,5,0.2857,0.579775,motorcycle
img_030795.jpg,oyk5i74,imp8488,False,7,0.0000,0.032356,motorcycle
img_030796.jpg,qri6g68,lipz288,False,6,0.1429,0.112076,motorcycle
img_030797.jpg,qri1d18,qur3433,False,6,0.1429,0.004788,motorcycle
img_030801.jpg,qnk8h24,bux4380,False,7,0.0000,0.078801,motorcycle
img_030804.jpg,ocv8d29,shy2299,False,6,0.1429,0.018407,motorcycle
img_030807.jpg,qrg2c72,lian388,False,7,0.0000,0.074538,motorcycle
img_030808.jpg,krm7e95,apa254,False,7,0.0000,0.060093,motorcycle
img_030810.jpg,ppn1a71,appn448,False,5,0.2857,0.161567,motorcycle
img_030813.jpg,odq0h16,bra2388,False,7,0.0000,0.270650,motorcycle
img_030815.jpg,qrk7i91,qix4480,False,6,0.1429,0.240986,motorcycle
img_030816.jpg,ovl5g55,iti4448,False,7,0.0000,0.049007,motorcycle
img_030818.jpg,odk9c02,ipp5588,False,7,0.0000,0.073054,motorcycle
img_030820.jpg,prn1a91,fiqu238,False,7,0.0000,0.019378,motorcycle
img_030821.jpg,qrf0g88,qwi4880,False,5,0.2857,0.040520,motorcycle
img_030822.jpg,msr9b97,nsr8972,False,4,0.4286,0.052182,motorcycle
img_030824.jpg,lry7g97,irv2380,False,6,0.1429,0.147668,motorcycle
img_030825.jpg,qri6h84,fwa,False,7,0.0000,0.122156,motorcycle
img_030826.jpg,qrj7b45,qi41810,False,6,0.1429,0.008545,motorcycle
img_030827.jpg,ppe6h42,fpe2484,False,5,0.2857,0.152191,motorcycle
img_030828.jpg,ppg6h84,fpc4388,False,5,0.2857,0.245374,motorcycle
img_030832.jpg,kvm7j40,kv4488,False,5,0.2857,0.173808,motorcycle
img_030833.jpg,qrf8f39,dbra128,False,7,0.0000,0.047237,motorcycle
img_030836.jpg,qri6g68,itax,False,6,0.1429,0.108762,motorcycle
img_030838.jpg,mqm8d57,bo53742,False,7,0.0000,0.013490,motorcycle
img_030839.jpg,qrg5g11,lig4838,False,6,0.1429,0.045609,motorcycle
img_030840.jpg,krm7e95,vpu6482,False,7,0.0000,0.067931,motorcycle
img_030841.jpg,oyj7g94,itva48,False,7,0.0000,0.173757,motorcycle
img_030842.jpg,ppi2d67,ppa2887,False,3,0.5714,0.177441,motorcycle
img_030843.jpg,qrk7i91,yk44980,False,6,0.1429,0.039617,motorcycle
img_030844.jpg,qrf4b12,bibi248,False,7,0.0000,0.039480,motorcycle
img_030846.jpg,ppe6h42,fpref48,False,5,0.2857,0.148918,motorcycle
img_030847.jpg,qrg2c72,df94884,False,7,0.0000,0.014393,motorcycle
img_030850.jpg,oyg7f39,dy48484,False,6,0.1429,0.024236,motorcycle
img_030851.jpg,ppp5e34,ppp744,False,3,0.5714,0.476148,motorcycle
img_030853.jpg,kvm7j40,kv4488,False,5,0.2857,0.231761,motorcycle
img_030855.jpg,odj2i40,dip7188,False,7,0.0000,0.279627,motorcycle
img_030856.jpg,qrk9i28,qi48480,False,6,0.1429,0.063566,motorcycle
img_030860.jpg,qnk8h24,bix4444,False,6,0.1429,0.036674,motorcycle
img_030866.jpg,qrg3i72,pha2380,False,7,0.0000,0.204859,motorcycle
img_030868.jpg,qrd0c17,qri2288,False,5,0.2857,0.025740,motorcycle
img_030869.jpg,mta0b22,iaa3884,False,6,0.1429,0.098967,motorcycle
img_030870.jpg,qrg5g11,ffi4484,False,7,0.0000,0.066591,motorcycle
img_030872.jpg,qrj4j25,qri2884,False,5,0.2857,0.031210,motorcycle
img_030873.jpg,qrg5j58,iiig,False,7,0.0000,0.039212,motorcycle
img_030874.jpg,mqm8d57,brr6238,False,7,0.0000,0.012296,motorcycle
img_030875.jpg,mqj0h69,ma2484,False,6,0.1429,0.084605,motorcycle
img_030877.jpg,ppn7d89,ppr4691,False,5,0.2857,0.026809,motorcycle
img_030878.jpg,qrg7c99,xt8288,False,7,0.0000,0.034797,motorcycle
img_030885.jpg,qrh0g84,qra7884,False,3,0.5714,0.048668,motorcycle
img_030886.jpg,qrh8b53,bir8588,False,6,0.1429,0.207327,motorcycle
img_030889.jpg,ppw6c70,ppp4488,False,5,0.2857,0.349831,motorcycle
img_030890.jpg,qrj5c38,shi2484,False,7,0.0000,0.106361,motorcycle
img_030891.jpg,qrh3i68,dki648,False,5,0.2857,0.126809,motorcycle
img_030892.jpg,msw9j22,1542884,False,7,0.0000,0.017575,motorcycle
img_030893.jpg,odc7e88,itia288,False,5,0.2857,0.027425,motorcycle
img_030894.jpg,mtv0h43,itwa344,False,5,0.2857,0.127002,motorcycle
img_030895.jpg,ppr2d29,dpr8489,False,4,0.4286,0.103791,motorcycle
img_030897.jpg,qrj2c93,qki4480,False,6,0.1429,0.045255,motorcycle
img_030898.jpg,qrj2c93,ffo2880,False,6,0.1429,0.142017,motorcycle
img_030899.jpg,qrj2c93,ftz248,False,6,0.1429,0.065648,motorcycle
img_030900.jpg,qrj2c93,lima,False,7,0.0000,0.117408,motorcycle
img_030901.jpg,qrj2c93,qfi3480,False,6,0.1429,0.127934,motorcycle
img_030905.jpg,msr8d29,bixi774,False,7,0.0000,0.012548,motorcycle
img_030909.jpg,qrh0g84,ftig238,False,7,0.0000,0.058052,motorcycle
img_030911.jpg,ppp1f55,pppp288,False,4,0.4286,0.217693,motorcycle
img_030913.jpg,pps2e38,pps4884,False,4,0.4286,0.377611,motorcycle
img_030914.jpg,qrf3d40,kbf288,False,6,0.1429,0.082792,motorcycle
img_030916.jpg,oxc2i37,fas238,False,5,0.2857,0.203302,motorcycle
img_030917.jpg,qrj4j73,ero488,False,5,0.2857,0.256394,motorcycle
img_030918.jpg,qrj4j73,qri488,False,4,0.4286,0.269698,motorcycle
img_030920.jpg,ppq1j94,ppo4884,False,4,0.4286,0.171246,motorcycle
img_030923.jpg,lsz4g57,izz481,False,5,0.2857,0.105543,motorcycle
img_030926.jpg,msu6e57,fsu4484,False,5,0.2857,0.179967,motorcycle
img_030927.jpg,lly3d58,fla3280,False,5,0.2857,0.008902,motorcycle
img_030928.jpg,qrf8d14,biff284,False,5,0.2857,0.043019,motorcycle
img_030935.jpg,qrj6j27,pra4887,False,5,0.2857,0.100694,motorcycle
img_030942.jpg,ppn4j54,ppp2544,False,4,0.4286,0.124219,motorcycle
img_030944.jpg,lph6h40,gpi4488,False,6,0.1429,0.155848,motorcycle
img_030948.jpg,qrg5g11,sti9388,False,7,0.0000,0.169073,motorcycle
img_030949.jpg,qnk8h24,bixa248,False,6,0.1429,0.127587,motorcycle
img_030950.jpg,mtg7c88,fta2384,False,5,0.2857,0.063085,motorcycle
img_030951.jpg,oyg0a69,avr3488,False,7,0.0000,0.028990,motorcycle
img_030952.jpg,qrj9d60,giza238,False,7,0.0000,0.231957,motorcycle
img_030955.jpg,krm7e95,abm2380,False,6,0.1429,0.060808,motorcycle
img_030956.jpg,qrf8d05,eif7384,False,6,0.1429,0.153225,motorcycle
img_030959.jpg,qrb3a73,gr87880,False,6,0.1429,0.234081,motorcycle
img_030960.jpg,qri1d18,qqua233,False,6,0.1429,0.079272,motorcycle
img_030961.jpg,odk9c02,fipk348,False,7,0.0000,0.066561,motorcycle
img_030962.jpg,qrk8h41,burk148,False,5,0.2857,0.228276,motorcycle
img_030963.jpg,ppn1a71,cpp4288,False,6,0.1429,0.107574,motorcycle
img_030964.jpg,oyi8e42,gize424,False,4,0.4286,0.062586,motorcycle
img_030966.jpg,oyk0j72,dir7482,False,6,0.1429,0.007451,motorcycle
img_030967.jpg,mqu3e04,ibjy488,False,7,0.0000,0.017286,motorcycle
img_030970.jpg,pkc2h29,qug4874,False,7,0.0000,0.153614,motorcycle
img_030971.jpg,ppi3e57,ppr2882,False,5,0.2857,0.048774,motorcycle
img_030973.jpg,qrh2e34,qbi2484,False,4,0.4286,0.439106,motorcycle
img_030978.jpg,qrg5g11,stiai28,False,7,0.0000,0.024158,motorcycle
img_030980.jpg,qrh3d03,bir2884,False,7,0.0000,0.165893,motorcycle
img_030982.jpg,qrg5g11,ifig488,False,7,0.0000,0.035063,motorcycle
img_030985.jpg,oyi8e42,qvi4488,False,6,0.1429,0.117500,motorcycle
img_030986.jpg,msu6e57,isu348,False,5,0.2857,0.139007,motorcycle
img_030990.jpg,qrb3a73,ghz2488,False,7,0.0000,0.059052,motorcycle
img_030993.jpg,ppy6c26,fpy4384,False,5,0.2857,0.021982,motorcycle
img_030995.jpg,qrg3f30,kia2388,False,7,0.0000,0.384733,motorcycle
img_030996.jpg,qrf4b12,abc3884,False,7,0.0000,0.039926,motorcycle
img_031000.jpg,qrg5e53,fbi2488,False,7,0.0000,0.006608,motorcycle
img_031001.jpg,oyg7f39,qyx2940,False,6,0.1429,0.041389,motorcycle
img_031002.jpg,mty3f94,bjv448,False,7,0.0000,0.544471,motorcycle
img_031003.jpg,mrr7e95,fir2380,False,6,0.1429,0.204554,motorcycle
img_031006.jpg,mtd9c35,itia238,False,5,0.2857,0.273455,motorcycle
img_031010.jpg,qrg3i72,fib2484,False,7,0.0000,0.274360,motorcycle
img_031011.jpg,ovi6i29,iqiya84,False,6,0.1429,0.309463,motorcycle
img_031012.jpg,ocv8d29,8154248,False,7,0.0000,0.023651,motorcycle
img_031013.jpg,qrg2c72,lim,False,7,0.0000,0.468273,motorcycle
img_031014.jpg,ode5h79,ija4242,False,7,0.0000,0.045313,motorcycle
img_031016.jpg,ppm5a98,fpp4488,False,5,0.2857,0.141222,motorcycle
img_031018.jpg,qrf4b12,qqr4248,False,5,0.2857,0.050863,motorcycle
img_031019.jpg,ppf2h27,ppe3484,False,5,0.2857,0.096864,motorcycle
img_031020.jpg,ppf2h27,ppe3484,False,5,0.2857,0.080248,motorcycle
img_031021.jpg,ppf2h27,ppez487,False,4,0.4286,0.052759,motorcycle
img_031022.jpg,ppf2h27,bpr388,False,6,0.1429,0.066617,motorcycle
img_031023.jpg,ppf2h27,bib4880,False,7,0.0000,0.165356,motorcycle
img_031024.jpg,ppf2h27,ppe7488,False,5,0.2857,0.169446,motorcycle
img_031025.jpg,ppf2h27,ppe4887,False,4,0.4286,0.166709,motorcycle
img_031026.jpg,ppf2h27,spe2884,False,5,0.2857,0.036644,motorcycle
img_031030.jpg,qrj7b45,ibu2842,False,6,0.1429,0.017080,motorcycle
img_031033.jpg,pkc2h29,bm2288,False,6,0.1429,0.049899,motorcycle
img_031034.jpg,ppi3e57,ipp4888,False,6,0.1429,0.009504,motorcycle
img_031035.jpg,qrh2e34,qki2488,False,5,0.2857,0.139269,motorcycle
img_031037.jpg,qre7b39,vira228,False,7,0.0000,0.027325,motorcycle
img_031039.jpg,qre5c34,kiz2484,False,6,0.1429,0.124144,motorcycle
img_031040.jpg,ppl0f59,itaa384,False,7,0.0000,0.069003,motorcycle
img_031042.jpg,qrg5g11,stiaz,False,7,0.0000,0.134287,motorcycle
img_031044.jpg,mtm8j36,bwz244,False,7,0.0000,0.128185,motorcycle
img_031045.jpg,mrn2c91,w61448,False,7,0.0000,0.079397,motorcycle
img_031050.jpg,qre7b39,quc838,False,5,0.2857,0.046155,motorcycle
img_031051.jpg,ppn1a71,ipp4838,False,6,0.1429,0.118312,motorcycle
img_031053.jpg,ppf6g42,ipreq,False,6,0.1429,0.078046,motorcycle
img_031054.jpg,qrk8h41,bixk380,False,7,0.0000,0.255904,motorcycle
img_031055.jpg,qrb3a73,drb488,False,5,0.2857,0.129488,motorcycle
img_031056.jpg,ppn7d89,ppx4894,False,4,0.4286,0.193650,motorcycle
img_031057.jpg,oyd5h74,evr2480,False,7,0.0000,0.098752,motorcycle
img_031058.jpg,ppq7j11,fpp4338,False,6,0.1429,0.099415,motorcycle
img_031059.jpg,qrf4b12,qqi4488,False,5,0.2857,0.018990,motorcycle
img_031060.jpg,qrf0g88,qbi6888,False,4,0.4286,0.085216,motorcycle
img_031061.jpg,mps6c41,imps419,False,4,0.4286,0.110089,motorcycle
img_031064.jpg,oyk0j72,ovr2480,False,6,0.1429,0.052060,motorcycle
img_031065.jpg,qrj7b45,fail448,False,6,0.1429,0.010367,motorcycle
img_031066.jpg,qrg2c72,qfi4488,False,6,0.1429,0.046455,motorcycle
img_031070.jpg,mtv7c99,ijv4824,False,6,0.1429,0.081569,motorcycle
img_031072.jpg,qrg5g11,strg488,False,6,0.1429,0.241996,motorcycle
img_031075.jpg,qnk8h24,bixk480,False,7,0.0000,0.084092,motorcycle
img_031076.jpg,ocv8d29,8199284,False,7,0.0000,0.048060,motorcycle
img_031078.jpg,odf9g70,foff788,False,6,0.1429,0.146866,motorcycle
img_031081.jpg,ppp2d40,dpp4880,False,4,0.4286,0.201638,motorcycle
img_031083.jpg,qrg5g11,lb46480,False,7,0.0000,0.051543,motorcycle
img_031085.jpg,qrd0c17,qri2288,False,5,0.2857,0.171092,motorcycle
img_031088.jpg,ppq7j11,ppo4388,False,5,0.2857,0.285771,motorcycle
img_031095.jpg,qrj7b45,ib1488,False,7,0.0000,0.025893,motorcycle
img_031101.jpg,ppg6h84,fpc2484,False,4,0.4286,0.569251,motorcycle
img_031102.jpg,qrf8d14,eka2480,False,7,0.0000,0.049922,motorcycle
img_031103.jpg,qrk3g62,bl5428,False,7,0.0000,0.021076,motorcycle
img_031104.jpg,qrk1d63,vb44887,False,7,0.0000,0.026762,motorcycle
img_031108.jpg,qre4d57,hia338,False,7,0.0000,0.097677,motorcycle
img_031111.jpg,qrk9i28,qly4488,False,5,0.2857,0.016164,motorcycle
img_031112.jpg,qrg5g11,kbu248,False,7,0.0000,0.035223,motorcycle
img_031116.jpg,qrj4h75,aba388,False,7,0.0000,0.055503,motorcycle
img_031117.jpg,qnk8h24,bux4288,False,7,0.0000,0.116903,motorcycle
img_031123.jpg,oyg0a69,bx22380,False,7,0.0000,0.148120,motorcycle
img_031125.jpg,ppo2j11,qpa2380,False,5,0.2857,0.140574,motorcycle
img_031127.jpg,ppn1a71,ipp4888,False,6,0.1429,0.115196,motorcycle
img_031128.jpg,qrj0c65,gri2651,False,5,0.2857,0.133993,motorcycle
img_031129.jpg,qrj0c65,qai3584,False,6,0.1429,0.034030,motorcycle
img_031130.jpg,qrj6f36,evia228,False,7,0.0000,0.027365,motorcycle
img_031131.jpg,ppg5h25,fpc4388,False,6,0.1429,0.130790,motorcycle
img_031132.jpg,ops9d87,fpp8272,False,6,0.1429,0.016056,motorcycle
img_031133.jpg,frt1a83,wit2838,False,5,0.2857,0.021467,motorcycle
img_031134.jpg,qrh7f48,quaz388,False,5,0.2857,0.023355,motorcycle
img_031138.jpg,qre1a74,fth2244,False,6,0.1429,0.030675,motorcycle
img_031139.jpg,msw0e21,ps4384,False,6,0.1429,0.040097,motorcycle
img_031140.jpg,oyk0j72,cyx4384,False,6,0.1429,0.077906,motorcycle
img_031141.jpg,ppg6h84,fpg248,False,4,0.4286,0.110608,motorcycle
img_031144.jpg,qrh1d06,fyraz88,False,7,0.0000,0.032471,motorcycle
img_031148.jpg,odc7e88,fibo788,False,5,0.2857,0.172931,motorcycle
img_031152.jpg,mrt0j40,irx238,False,6,0.1429,0.020697,motorcycle
img_031153.jpg,mrt0j40,irx438,False,6,0.1429,0.083421,motorcycle
img_031154.jpg,ppn6c13,hppr848,False,6,0.1429,0.069930,motorcycle
img_031155.jpg,ppn6c13,ippri14,False,5,0.2857,0.071565,motorcycle
img_031157.jpg,mtx4g86,it7288,False,5,0.2857,0.140287,motorcycle
img_031158.jpg,odm6g18,llpit73,False,7,0.0000,0.018442,motorcycle
img_031159.jpg,adk8i08,ala1788,False,5,0.2857,0.066676,motorcycle
img_031160.jpg,adk8i08,ina,False,6,0.1429,0.120124,motorcycle
img_031162.jpg,bav7i02,bav488,False,4,0.4286,0.278210,motorcycle
img_031167.jpg,mpa3a92,ippa228,False,5,0.2857,0.234602,motorcycle
img_031169.jpg,ocz2d23,divz238,False,6,0.1429,0.486618,motorcycle
img_031170.jpg,ocz2d23,dv93338,False,7,0.0000,0.015395,motorcycle
img_031172.jpg,qri6h84,fwo448,False,6,0.1429,0.081225,motorcycle
img_031175.jpg,qrk3g62,birk488,False,6,0.1429,0.411152,motorcycle
img_031176.jpg,oyi8e42,qva248,False,6,0.1429,0.057731,motorcycle
img_031179.jpg,lmu8e22,alo288,False,6,0.1429,0.010302,motorcycle
img_031181.jpg,mtv3h81,iuy488,False,6,0.1429,0.119066,motorcycle
img_031185.jpg,qrg5e53,db448,False,7,0.0000,0.357802,motorcycle
img_031187.jpg,qre4i82,pibb282,False,5,0.2857,0.082706,motorcycle
img_031191.jpg,oyg0a69,dvv2338,False,7,0.0000,0.061959,motorcycle
img_031192.jpg,qri1d52,qri7480,False,4,0.4286,0.059598,motorcycle
img_031193.jpg,krm7e95,kp44384,False,6,0.1429,0.041293,motorcycle
img_031194.jpg,odp7e69,vib8488,False,7,0.0000,0.204031,motorcycle
img_031196.jpg,qre3a37,she2484,False,6,0.1429,0.055164,motorcycle
img_031198.jpg,ppl5g40,ippu148,False,5,0.2857,0.058483,motorcycle
img_031199.jpg,mqm8d57,pqu488,False,6,0.1429,0.009274,motorcycle
img_031201.jpg,qrk8h41,burk484,False,5,0.2857,0.535231,motorcycle
img_031202.jpg,ovj8c54,dva2384,False,5,0.2857,0.126947,motorcycle
img_031204.jpg,ppd2f65,ppp2380,False,4,0.4286,0.188056,motorcycle
img_031205.jpg,qrf4b12,qqu1184,False,6,0.1429,0.004685,motorcycle
img_031206.jpg,kwz7d77,azz38,False,6,0.1429,0.141080,motorcycle
img_031207.jpg,msg0b91,psg1412,False,5,0.2857,0.019438,motorcycle
img_031208.jpg,qrh2e34,qfi2238,False,4,0.4286,0.092044,motorcycle
img_031209.jpg,qrk1d63,haa2334,False,7,0.0000,0.110396,motorcycle
img_031211.jpg,qrg5g11,frg4880,False,5,0.2857,0.057883,motorcycle
img_031212.jpg,msu6e57,hsa2438,False,6,0.1429,0.069419,motorcycle
img_031213.jpg,ppu6c58,ippus48,False,4,0.4286,0.107320,motorcycle
img_031214.jpg,pps0e98,pps4380,False,4,0.4286,0.264242,motorcycle
img_031215.jpg,qri6h84,bu2488,False,6,0.1429,0.138804,motorcycle
img_031216.jpg,oyd5h74,evo2488,False,7,0.0000,0.041912,motorcycle
img_031217.jpg,lry7g97,irv4384,False,6,0.1429,0.250493,motorcycle
img_031218.jpg,qrj7b45,qri8488,False,5,0.2857,0.080883,motorcycle
img_031219.jpg,qri6i06,qja2880,False,6,0.1429,0.012867,motorcycle
img_031221.jpg,oyg7f39,qx62480,False,7,0.0000,0.150335,motorcycle
img_031222.jpg,oyk0j72,dy4482,False,5,0.2857,0.203157,motorcycle
img_031223.jpg,oyg7f39,fova388,False,7,0.0000,0.035847,motorcycle
img_031225.jpg,qrg5g11,ktg4280,False,6,0.1429,0.044409,motorcycle
img_031226.jpg,lll1e15,hiliv48,False,6,0.1429,0.042511,motorcycle
img_031228.jpg,qrg5g11,stag288,False,7,0.0000,0.128118,motorcycle
img_031229.jpg,krm7e95,ail4380,False,7,0.0000,0.068406,motorcycle
img_031231.jpg,msa8f37,bsa2380,False,5,0.2857,0.219252,motorcycle
img_031232.jpg,ppt2j19,ppt488,False,4,0.4286,0.241967,motorcycle
img_031233.jpg,ppn7d89,ppu4894,False,4,0.4286,0.066433,motorcycle
img_031234.jpg,msr9b97,fra2874,False,6,0.1429,0.015303,motorcycle
img_031236.jpg,qnk8h24,qux8244,False,4,0.4286,0.060326,motorcycle
img_031239.jpg,ppy6c26,ppy864,False,4,0.4286,0.229352,motorcycle
img_031240.jpg,qrj7b45,qua3384,False,6,0.1429,0.043418,motorcycle
img_031242.jpg,pps5j06,fis248,False,6,0.1429,0.471714,motorcycle
img_031243.jpg,qrg5g11,stg9338,False,6,0.1429,0.009235,motorcycle
img_031244.jpg,qnk8h24,qux4844,False,5,0.2857,0.046007,motorcycle
img_031245.jpg,odt3g50,ippr288,False,7,0.0000,0.206074,motorcycle
img_031246.jpg,ocv8d29,sicy299,False,6,0.1429,0.017768,motorcycle
img_031248.jpg,oyd5h74,dri2488,False,7,0.0000,0.097939,motorcycle
img_031249.jpg,qrk8h41,brk482,False,5,0.2857,0.141537,motorcycle
img_031250.jpg,oda8e46,bpa2338,False,6,0.1429,0.210218,motorcycle
img_031251.jpg,ppn7d89,ppx4884,False,4,0.4286,0.212242,motorcycle
img_031254.jpg,qri7f71,qri438,False,4,0.4286,0.104078,motorcycle
img_031259.jpg,ppc3d50,ppr4888,False,5,0.2857,0.052619,motorcycle
img_031266.jpg,mtj6a61,filu338,False,7,0.0000,0.220068,motorcycle
img_031268.jpg,ppn1b25,ipp4888,False,6,0.1429,0.181977,motorcycle
img_031269.jpg,ocv8d29,qcc5289,False,5,0.2857,0.058801,motorcycle
img_031270.jpg,ppp2d40,spp438,False,5,0.2857,0.146730,motorcycle
img_031271.jpg,qrg5g11,qrig438,False,5,0.2857,0.031297,motorcycle
img_031272.jpg,oyk0j72,dv4248,False,7,0.0000,0.027190,motorcycle
img_031273.jpg,ppt2j19,pp77884,False,5,0.2857,0.052414,motorcycle
img_031274.jpg,qrf4b12,qibi848,False,6,0.1429,0.027919,motorcycle
img_031275.jpg,qrb3a73,qr8434,False,5,0.2857,0.094073,motorcycle
img_031276.jpg,qri7f71,qr2488,False,5,0.2857,0.163400,motorcycle
img_031277.jpg,qri6h84,fwa2380,False,6,0.1429,0.011944,motorcycle
img_031278.jpg,oyg7f39,qx61380,False,7,0.0000,0.078070,motorcycle
img_031279.jpg,qrj5e58,wi4444,False,7,0.0000,0.046911,motorcycle
img_031280.jpg,qnk8h24,bux438,False,7,0.0000,0.145120,motorcycle
img_031281.jpg,qrj9h92,gwa2280,False,7,0.0000,0.007258,motorcycle
img_031283.jpg,qrk1d63,ihai380,False,7,0.0000,0.043391,motorcycle
img_031285.jpg,qri6h84,fi24384,False,5,0.2857,0.047613,motorcycle
img_031286.jpg,qrb3a73,dro9388,False,6,0.1429,0.027400,motorcycle
img_031287.jpg,qrf4b12,qqc2388,False,6,0.1429,0.008381,motorcycle
img_031289.jpg,ppn1a71,ppp4248,False,5,0.2857,0.267022,motorcycle
img_031290.jpg,kyq1g04,yro2884,False,6,0.1429,0.506585,motorcycle
img_031293.jpg,oyg7f39,dov6488,False,7,0.0000,0.223526,motorcycle
img_031294.jpg,qrg5g11,frg4884,False,5,0.2857,0.036293,motorcycle
img_031295.jpg,qnk8h24,gux4448,False,7,0.0000,0.090430,motorcycle
img_031296.jpg,ppi2d67,ppp4484,False,5,0.2857,0.075463,motorcycle
img_031297.jpg,qrf4b12,abc888,False,7,0.0000,0.068023,motorcycle
img_031298.jpg,qrh8b53,qri8489,False,4,0.4286,0.033742,motorcycle
img_031299.jpg,oyg7f39,qu6484,False,7,0.0000,0.309169,motorcycle
img_031303.jpg,mtw7a10,fira244,False,7,0.0000,0.125822,motorcycle
img_031304.jpg,qri6h84,for4388,False,6,0.1429,0.066579,motorcycle
img_031305.jpg,qrk3g62,qibr438,False,6,0.1429,0.085805,motorcycle
img_031306.jpg,qri6i06,qri2384,False,4,0.4286,0.107654,motorcycle
img_031308.jpg,qrg5e53,qb948,False,6,0.1429,0.046750,motorcycle
img_031309.jpg,qrg5g11,stigi38,False,7,0.0000,0.105872,motorcycle
img_031310.jpg,pph5b07,spp4238,False,6,0.1429,0.286883,motorcycle
img_031312.jpg,ocv8d29,biv4288,False,6,0.1429,0.040306,motorcycle
img_031313.jpg,mrl6j44,fru2344,False,4,0.4286,0.430501,motorcycle
img_031317.jpg,ppq7j11,bpp4288,False,6,0.1429,0.049788,motorcycle
img_031320.jpg,qrk8h41,brx448,False,5,0.2857,0.202376,motorcycle
img_031321.jpg,ppy6c26,ppy2484,False,4,0.4286,0.111827,motorcycle
img_031322.jpg,oyk0j72,fix2380,False,7,0.0000,0.322321,motorcycle
img_031324.jpg,lry7g97,try4381,False,5,0.2857,0.296003,motorcycle
img_031325.jpg,ppl7j55,ppp4381,False,5,0.2857,0.198612,motorcycle
img_031327.jpg,ppr0d29,frra484,False,6,0.1429,0.034738,motorcycle
img_031328.jpg,kyr9d53,kwa3384,False,6,0.1429,0.006807,motorcycle
img_031330.jpg,ppw3g67,fpp4288,False,6,0.1429,0.325430,motorcycle
img_031331.jpg,ppn1a71,ippa248,False,6,0.1429,0.323544,motorcycle
img_031332.jpg,ppn7d89,ppp4888,False,4,0.4286,0.354686,motorcycle
img_031333.jpg,ppt2j19,fpp288,False,5,0.2857,0.065275,motorcycle
img_031334.jpg,oye9b10,foye488,False,5,0.2857,0.114841,motorcycle
img_031336.jpg,oyd5h74,fvr2480,False,7,0.0000,0.194951,motorcycle
img_031337.jpg,ppg6h84,fpg2484,False,3,0.5714,0.187712,motorcycle
img_031339.jpg,ppr0d29,ppr4894,False,4,0.4286,0.410554,motorcycle
img_031340.jpg,mtw4i60,my2488,False,5,0.2857,0.025825,motorcycle
img_031344.jpg,msr9b97,nsp2384,False,6,0.1429,0.138359,motorcycle
img_031346.jpg,lry7g97,ipv8380,False,7,0.0000,0.018145,motorcycle
img_031347.jpg,ppg6h84,bpp2488,False,5,0.2857,0.079234,motorcycle
img_031349.jpg,msy1h23,isv438,False,6,0.1429,0.156415,motorcycle
img_031351.jpg,pps5j06,pri4488,False,6,0.1429,0.032292,motorcycle
img_031352.jpg,pph5b07,ipph228,False,5,0.2857,0.055926,motorcycle
img_031353.jpg,qre3f28,phi7880,False,7,0.0000,0.015018,motorcycle
img_031354.jpg,ppt6c15,ppp1884,False,5,0.2857,0.101182,motorcycle
img_031355.jpg,oyg0a69,dvoi388,False,7,0.0000,0.057154,motorcycle
img_031357.jpg,qrg5g11,qfaq288,False,6,0.1429,0.033971,motorcycle
img_031360.jpg,qrk8h41,birk28,False,6,0.1429,0.380950,motorcycle
img_031361.jpg,mqm8d57,fqu8384,False,5,0.2857,0.033704,motorcycle
img_031362.jpg,ovh6b79,qvy484,False,6,0.1429,0.077542,motorcycle
img_031363.jpg,ppn7d89,fpp4288,False,5,0.2857,0.124126,motorcycle
img_031364.jpg,ppn1a71,appu248,False,6,0.1429,0.050480,motorcycle
img_031367.jpg,pph5b07,fpp4238,False,6,0.1429,0.267155,motorcycle
img_031369.jpg,msv7i05,fisu288,False,7,0.0000,0.167558,motorcycle
img_031370.jpg,oyk0j72,dys2474,False,5,0.2857,0.045404,motorcycle
img_031371.jpg,kyq1g04,fro484,False,6,0.1429,0.164646,motorcycle
img_031372.jpg,ppy6c26,ppy2484,False,4,0.4286,0.062676,motorcycle
img_031373.jpg,lry7g97,hiv2380,False,7,0.0000,0.156143,motorcycle
img_031375.jpg,ppg6h84,fpc4384,False,4,0.4286,0.139021,motorcycle
img_031379.jpg,mqm8d57,fqr2384,False,6,0.1429,0.028899,motorcycle
img_031380.jpg,ppt2j19,ppt2584,False,3,0.5714,0.077003,motorcycle
img_031382.jpg,qrb3a73,diz488,False,7,0.0000,0.097542,motorcycle
img_031383.jpg,ppw6c70,ppu1480,False,4,0.4286,0.132307,motorcycle
img_031386.jpg,ppg6h84,fpr8448,False,6,0.1429,0.190309,motorcycle
img_031388.jpg,mtx4g86,ija4380,False,5,0.2857,0.050084,motorcycle
img_031389.jpg,qrg5g11,frg2384,False,5,0.2857,0.324717,motorcycle
img_031390.jpg,ppc3d50,ppc4380,False,3,0.5714,0.129172,motorcycle
img_031391.jpg,oyh8f44,dvr2442,False,6,0.1429,0.164260,motorcycle
img_031392.jpg,ppt6c15,ppp154,False,4,0.4286,0.058393,motorcycle
img_031394.jpg,qrk1d63,liaz238,False,7,0.0000,0.086462,motorcycle
img_031396.jpg,oyg0a69,dva7480,False,7,0.0000,0.160611,motorcycle
img_031397.jpg,pzq4g21,p9938,False,6,0.1429,0.294490,motorcycle
img_031398.jpg,pzq4g21,p99381,False,5,0.2857,0.206908,motorcycle
img_031399.jpg,qrk8h41,bixk488,False,7,0.0000,0.095207,motorcycle
img_031400.jpg,ocv8d29,bocy338,False,6,0.1429,0.024877,motorcycle
img_031405.jpg,oda5b02,difai24,False,6,0.1429,0.036510,motorcycle
img_031406.jpg,ppn7d89,ppp4884,False,4,0.4286,0.166200,motorcycle
img_031407.jpg,qri7f71,qb4238,False,6,0.1429,0.022819,motorcycle
img_031408.jpg,ppc3d50,ppp238,False,5,0.2857,0.344444,motorcycle
img_031411.jpg,qrh0f83,dra2388,False,5,0.2857,0.190764,motorcycle
img_031413.jpg,qri6h84,bou2488,False,6,0.1429,0.025181,motorcycle
img_031415.jpg,lry7g97,tpy8380,False,6,0.1429,0.100418,motorcycle
img_031416.jpg,msr9b97,nsp4874,False,6,0.1429,0.302418,motorcycle
img_031417.jpg,qrg5e53,qri488,False,5,0.2857,0.046673,motorcycle
img_031419.jpg,qre5c34,hha2384,False,6,0.1429,0.065303,motorcycle
img_031423.jpg,pxz4g96,paz784,False,5,0.2857,0.248816,motorcycle
img_031425.jpg,mrl6j44,fr42380,False,6,0.1429,0.136829,motorcycle
img_031431.jpg,ppn6b97,ppp2381,False,5,0.2857,0.056587,motorcycle
img_031432.jpg,qrk8h41,birk480,False,6,0.1429,0.392242,motorcycle
img_031433.jpg,ppn7d89,ppp4288,False,4,0.4286,0.131264,motorcycle
img_031436.jpg,oyg7f39,dica258,False,7,0.0000,0.010103,motorcycle
img_031440.jpg,msy1h23,iiva488,False,7,0.0000,0.047414,motorcycle
img_031442.jpg,qrg5g11,ffi2288,False,7,0.0000,0.031896,motorcycle
img_031444.jpg,ppr0d29,prr4484,False,5,0.2857,0.170080,motorcycle
img_031445.jpg,kyr9d53,ivr4584,False,6,0.1429,0.050728,motorcycle
img_031449.jpg,ppw3g67,pppa238,False,5,0.2857,0.157643,motorcycle
img_031451.jpg,qrd0c17,prp2880,False,6,0.1429,0.092517,motorcycle
img_031454.jpg,msl7j36,ps2284,False,6,0.1429,0.019882,motorcycle
img_031455.jpg,qre7b39,quf2884,False,6,0.1429,0.341709,motorcycle
img_031460.jpg,qri1d18,qba2388,False,5,0.2857,0.055571,motorcycle
img_031461.jpg,ppi3e80,ppt4280,False,3,0.5714,0.215528,motorcycle
img_031462.jpg,qrj7j46,quta484,False,6,0.1429,0.025023,motorcycle
img_031463.jpg,qrh8b53,qr48884,False,4,0.4286,0.265125,motorcycle
img_031464.jpg,ppu6c58,ppp1848,False,4,0.4286,0.100519,motorcycle
img_031465.jpg,ppw6c70,fpp4288,False,6,0.1429,0.021871,motorcycle
img_031467.jpg,ocx2g40,dix4388,False,6,0.1429,0.121069,motorcycle
img_031468.jpg,oyi8e42,qun344,False,6,0.1429,0.015093,motorcycle
img_031469.jpg,oyk0j72,byx2480,False,6,0.1429,0.072034,motorcycle
img_031470.jpg,ppg6h84,fpr3488,False,5,0.2857,0.054388,motorcycle
img_031473.jpg,oyg7f39,dig4488,False,6,0.1429,0.173478,motorcycle
img_031474.jpg,qri7d06,qif2288,False,6,0.1429,0.021391,motorcycle
img_031475.jpg,qrg3i72,fag488,False,6,0.1429,0.107532,motorcycle
img_031476.jpg,ovh6b79,qvy8980,False,6,0.1429,0.032232,motorcycle
img_031477.jpg,kyr9d53,kwr3444,False,5,0.2857,0.027118,motorcycle
img_031478.jpg,eqe8g79,boe877,False,4,0.4286,0.133340,motorcycle
img_031481.jpg,qri1d18,ibrai83,False,7,0.0000,0.049146,motorcycle
img_031483.jpg,qrg2c72,ffq4388,False,7,0.0000,0.067319,motorcycle
img_031486.jpg,msu6e57,psu4434,False,5,0.2857,0.067836,motorcycle
img_031488.jpg,oye9b10,dva2388,False,7,0.0000,0.193958,motorcycle
img_031490.jpg,oyg7f39,qt6444,False,7,0.0000,0.012839,motorcycle
img_031492.jpg,qrk0i56,qra1588,False,5,0.2857,0.353439,motorcycle
img_031494.jpg,mth4g39,itt6638,False,5,0.2857,0.024977,motorcycle
img_031496.jpg,ppr0d29,fpr4438,False,5,0.2857,0.077705,motorcycle
img_031497.jpg,oda5c01,lpa2588,False,6,0.1429,0.029758,motorcycle
img_031498.jpg,ppw3g67,ppp4888,False,5,0.2857,0.118797,motorcycle
img_031499.jpg,kyr9d53,kv43380,False,6,0.1429,0.041817,motorcycle
img_031500.jpg,qrj3d82,bri2484,False,5,0.2857,0.115422,motorcycle
img_031504.jpg,qrg0j89,ficc288,False,6,0.1429,0.156334,motorcycle
img_031506.jpg,ovi7b50,pyxa288,False,7,0.0000,0.037189,motorcycle
img_031507.jpg,lry7g97,ftx438,False,7,0.0000,0.020521,motorcycle
img_031509.jpg,msg0b91,fsg4314,False,5,0.2857,0.025400,motorcycle
img_031512.jpg,qrk8c68,sr12680,False,5,0.2857,0.005427,motorcycle
img_031515.jpg,ppr0d29,ppr4884,False,4,0.4286,0.735732,motorcycle
img_031517.jpg,kyr9d53,fvi7489,False,7,0.0000,0.015234,motorcycle
img_031518.jpg,ppw3g67,ppw487,False,3,0.5714,0.401754,motorcycle
img_031522.jpg,qri6h84,bu22384,False,5,0.2857,0.167676,motorcycle
img_031523.jpg,qrg5g11,ffi3488,False,7,0.0000,0.020882,motorcycle
img_031524.jpg,qrj4j25,qrj7389,False,4,0.4286,0.080644,motorcycle
img_031525.jpg,msl7j36,pst2288,False,6,0.1429,0.139914,motorcycle
img_031526.jpg,mqm8d57,bmr2379,False,6,0.1429,0.042757,motorcycle
img_031527.jpg,grm5a80,fru2480,False,4,0.4286,0.038736,motorcycle
img_031528.jpg,mqx5a93,fox2380,False,6,0.1429,0.087967,motorcycle
img_031530.jpg,qrh8b53,br4288,False,6,0.1429,0.047580,motorcycle
img_031531.jpg,gyp5f52,itp4880,False,6,0.1429,0.076858,motorcycle
img_031536.jpg,qrg5g11,hig4888,False,6,0.1429,0.039922,motorcycle
img_031539.jpg,ppr0d29,fpr4488,False,5,0.2857,0.141697,motorcycle
img_031542.jpg,qre3f28,gby828,False,5,0.2857,0.017089,motorcycle
img_031544.jpg,odn3f45,lpa2384,False,6,0.1429,0.115295,motorcycle
img_031546.jpg,ocv8d29,biv5238,False,6,0.1429,0.025470,motorcycle
img_031547.jpg,ppy6c26,ppy2884,False,4,0.4286,0.443075,motorcycle
img_031548.jpg,kyr9d53,kwa324,False,6,0.1429,0.035088,motorcycle
img_031550.jpg,qrj2c93,ffi3480,False,7,0.0000,0.054498,motorcycle
img_031551.jpg,qrj2c93,vri488,False,6,0.1429,0.136893,motorcycle
img_031554.jpg,ppm5a98,fpp4888,False,5,0.2857,0.607236,motorcycle
img_031556.jpg,ppy8a72,ipp2488,False,6,0.1429,0.260713,motorcycle
img_031557.jpg,qrk6d29,exic238,False,7,0.0000,0.249373,motorcycle
img_031558.jpg,qri7d06,fira238,False,7,0.0000,0.401692,motorcycle
img_031560.jpg,mrt0j40,frr2380,False,5,0.2857,0.135140,motorcycle
img_031561.jpg,mrt0j40,frx4884,False,6,0.1429,0.047553,motorcycle
img_031562.jpg,mrt0j40,frr4888,False,6,0.1429,0.163959,motorcycle
img_031563.jpg,mrt0j40,frt288,False,5,0.2857,0.206106,motorcycle
img_031567.jpg,qri6h84,bultz38,False,7,0.0000,0.017993,motorcycle
img_031568.jpg,ppu5f03,ppp4848,False,5,0.2857,0.187897,motorcycle
img_031571.jpg,qrf1f85,yef481,False,5,0.2857,0.033668,motorcycle
img_031572.jpg,oyk0j72,quy8484,False,7,0.0000,0.077958,motorcycle
img_031573.jpg,lry7g97,try4384,False,5,0.2857,0.320995,motorcycle
img_031574.jpg,qri7i48,qri248,False,2,0.7143,0.060655,motorcycle
img_031575.jpg,ppg5h25,fpr4738,False,6,0.1429,0.224993,motorcycle
img_031576.jpg,ppg6h84,ppp4288,False,4,0.4286,0.117681,motorcycle
img_031579.jpg,ode1d75,qbe2389,False,6,0.1429,0.062610,motorcycle
img_031580.jpg,ocx2g40,btz2238,False,6,0.1429,0.112668,motorcycle
img_031581.jpg,ppe0g58,ippaf38,False,5,0.2857,0.493483,motorcycle
img_031582.jpg,ppn1b25,pfp4384,False,6,0.1429,0.081732,motorcycle
img_031583.jpg,mtv0h43,fil2384,False,7,0.0000,0.138224,motorcycle
img_031584.jpg,kyr9d53,kyr2382,False,4,0.4286,0.033903,motorcycle
img_031585.jpg,qrj4a23,ibi2488,False,7,0.0000,0.157821,motorcycle
img_031591.jpg,mtd2f50,py1288,False,6,0.1429,0.158048,motorcycle
img_031594.jpg,qre3f47,blr2284,False,6,0.1429,0.042900,motorcycle
img_031595.jpg,msh8c13,ism4444,False,6,0.1429,0.017960,motorcycle
img_031596.jpg,lry7g97,try238,False,5,0.2857,0.192687,motorcycle
img_031599.jpg,ppu2e59,ppu4488,False,4,0.4286,0.178414,motorcycle
img_031603.jpg,ovh6b79,dva2880,False,6,0.1429,0.048182,motorcycle
img_031608.jpg,qrk8h41,bix438,False,7,0.0000,0.391422,motorcycle
img_031609.jpg,ppk8i62,cpp1628,False,5,0.2857,0.094496,motorcycle
img_031611.jpg,ppy6c26,ppx2384,False,5,0.2857,0.121945,motorcycle
img_031612.jpg,qrh8b53,irm284,False,6,0.1429,0.092577,motorcycle
img_031616.jpg,qrj6g51,etha238,False,7,0.0000,0.010933,motorcycle
img_031619.jpg,ppt6c15,ppp2884,False,5,0.2857,0.091425,motorcycle
img_031621.jpg,qrg3i72,pha2380,False,7,0.0000,0.076630,motorcycle
img_031623.jpg,ppw3g67,fpp4238,False,6,0.1429,0.324046,motorcycle
img_031624.jpg,oyh8f44,qvr3388,False,7,0.0000,0.058887,motorcycle
img_031625.jpg,qrf4b12,aice888,False,7,0.0000,0.017433,motorcycle
img_031629.jpg,ppu6c58,ppp4438,False,4,0.4286,0.101371,motorcycle
img_031631.jpg,ppm5a98,epp4248,False,5,0.2857,0.144133,motorcycle
img_031634.jpg,ppe3h79,fpe7488,False,5,0.2857,0.149755,motorcycle
img_031635.jpg,lry7g97,irv487,False,5,0.2857,0.118137,motorcycle
img_031638.jpg,qod5a08,400p748,False,6,0.1429,0.154992,motorcycle
img_031642.jpg,mqz0g16,m92584,False,6,0.1429,0.097052,motorcycle
img_031644.jpg,qrf8d14,bifa248,False,6,0.1429,0.046238,motorcycle
img_031645.jpg,kyr9d53,kvr3389,False,5,0.2857,0.032276,motorcycle
img_031646.jpg,msb5i34,issa444,False,5,0.2857,0.194436,motorcycle
img_031648.jpg,qrk2j55,dic428,False,7,0.0000,0.064161,motorcycle
img_031649.jpg,qre4i82,ireq384,False,4,0.4286,0.244812,motorcycle
img_031650.jpg,qrf4b12,lie8480,False,7,0.0000,0.036349,motorcycle
img_031655.jpg,mqm8d57,8172480,False,7,0.0000,0.010960,motorcycle
img_031659.jpg,ppe6h42,frr2338,False,7,0.0000,0.101346,motorcycle
img_031660.jpg,ppl2i00,ppp4288,False,5,0.2857,0.128428,motorcycle
img_031662.jpg,ppm5a98,ipph488,False,5,0.2857,0.196260,motorcycle
img_031663.jpg,msu6e57,fsu4434,False,5,0.2857,0.040280,motorcycle
img_031666.jpg,mpp2g74,ipp2888,False,4,0.4286,0.112405,motorcycle
img_031669.jpg,qrk8c68,ari4480,False,6,0.1429,0.086499,motorcycle
img_031670.jpg,odh9h88,gub2888,False,5,0.2857,0.015332,motorcycle
img_031672.jpg,kyr9d53,fri4384,False,7,0.0000,0.009128,motorcycle
img_031674.jpg,ppm5a98,fpp7248,False,5,0.2857,0.124946,motorcycle
img_031675.jpg,ppn7d89,ppr4888,False,4,0.4286,0.154467,motorcycle
img_031676.jpg,msn1c75,hai338,False,7,0.0000,0.320132,motorcycle
img_031677.jpg,ppy6c26,ppy4884,False,4,0.4286,0.182510,motorcycle
img_031680.jpg,msv7b98,asm4894,False,5,0.2857,0.070910,motorcycle
img_031681.jpg,odl8j75,fiz2384,False,7,0.0000,0.084665,motorcycle
img_031683.jpg,lry7g97,tpy638,False,6,0.1429,0.130822,motorcycle
img_031686.jpg,mtw4i60,itt4248,False,5,0.2857,0.015330,motorcycle
img_031688.jpg,mqf6i83,hz22444,False,7,0.0000,0.072455,motorcycle
img_031689.jpg,qrk8c68,brx4884,False,6,0.1429,0.024998,motorcycle
img_031690.jpg,ppn1a71,fpp4788,False,6,0.1429,0.100408,motorcycle
img_031691.jpg,oda9j27,qja2384,False,6,0.1429,0.253472,motorcycle
img_031694.jpg,qrd0c17,qri2884,False,5,0.2857,0.055908,motorcycle
img_031698.jpg,qrf4b12,qib8288,False,6,0.1429,0.054686,motorcycle
img_031699.jpg,qrj6j27,ffa2388,False,7,0.0000,0.212391,motorcycle
img_031702.jpg,ode8b11,sp4848,False,6,0.1429,0.021711,motorcycle
img_031705.jpg,gyp5f52,dvp7388,False,6,0.1429,0.179286,motorcycle
img_031706.jpg,ows6g04,forsi44,False,5,0.2857,0.293649,motorcycle
img_031711.jpg,qre7b39,qra2344,False,5,0.2857,0.120322,motorcycle
img_031712.jpg,pps2e38,bpr2384,False,4,0.4286,0.013580,motorcycle
img_031714.jpg,qrj5c38,ab2484,False,7,0.0000,0.067659,motorcycle
img_031716.jpg,ppn1a71,ppp4388,False,5,0.2857,0.175362,motorcycle
img_031717.jpg,kyr9d53,kyr4384,False,4,0.4286,0.158354,motorcycle
img_031724.jpg,ppn7d89,fpri248,False,6,0.1429,0.095953,motorcycle
img_031728.jpg,ppo2j11,ppr4338,False,5,0.2857,0.049298,motorcycle
img_031729.jpg,mqr4j53,fqu4638,False,5,0.2857,0.073087,motorcycle
img_031731.jpg,pjx3f88,baz388,False,4,0.4286,0.060516,motorcycle
img_031738.jpg,qrl3g77,fix4248,False,7,0.0000,0.065674,motorcycle
img_031740.jpg,mrx1b30,hrv238,False,5,0.2857,0.199143,motorcycle
img_031741.jpg,knw2h83,bili248,False,6,0.1429,0.006372,motorcycle
img_031745.jpg,qrg7f50,qura138,False,6,0.1429,0.053430,motorcycle
img_031747.jpg,kyn5j13,ax2484,False,7,0.0000,0.216201,motorcycle
img_031749.jpg,qrj5c38,fro2880,False,6,0.1429,0.314324,motorcycle
img_031752.jpg,oda5c01,issa428,False,7,0.0000,0.049340,motorcycle
img_031760.jpg,ppt2j19,ppa2384,False,4,0.4286,0.116058,motorcycle
img_031761.jpg,qrh3d03,bra2280,False,6,0.1429,0.066332,motorcycle
img_031766.jpg,ppm5a98,fpph284,False,6,0.1429,0.153991,motorcycle
img_031768.jpg,qrk1a20,ibr4288,False,7,0.0000,0.119994,motorcycle
img_031769.jpg,lry7g97,try2381,False,5,0.2857,0.220458,motorcycle
img_031770.jpg,oyk0j72,cyv2382,False,5,0.2857,0.107708,motorcycle
img_031774.jpg,odn3f45,fpp2388,False,7,0.0000,0.086022,motorcycle
img_031776.jpg,qri2d95,cri2480,False,4,0.4286,0.259299,motorcycle
img_031780.jpg,ppu6c58,pppa288,False,4,0.4286,0.056618,motorcycle
img_031782.jpg,msr9b97,nsb4724,False,6,0.1429,0.045073,motorcycle
img_031783.jpg,qrh8b53,grr8258,False,4,0.4286,0.031544,motorcycle
img_031785.jpg,ppj7f37,pri4824,False,6,0.1429,0.010186,motorcycle
img_031786.jpg,qri7i48,qia2388,False,5,0.2857,0.384653,motorcycle
img_031791.jpg,kyr9d53,ivr8324,False,6,0.1429,0.140275,motorcycle
img_031793.jpg,mrz1h74,bisa488,False,7,0.0000,0.347790,motorcycle
img_031794.jpg,qrm0i27,qbi1780,False,6,0.1429,0.089554,motorcycle
img_031795.jpg,oye9b10,dva2384,False,7,0.0000,0.124842,motorcycle
img_031796.jpg,qrk3g62,btr4288,False,7,0.0000,0.091072,motorcycle
img_031801.jpg,ovl3i74,gly8884,False,6,0.1429,0.132891,motorcycle
img_031804.jpg,ocv8d29,b164249,False,6,0.1429,0.002865,motorcycle
img_031805.jpg,kyr9d53,kyr7884,False,4,0.4286,0.027330,motorcycle
img_031807.jpg,qrf4b12,iifa288,False,6,0.1429,0.015780,motorcycle
img_031811.jpg,odl5h42,cip4288,False,7,0.0000,0.064388,motorcycle
img_031813.jpg,qrh0g84,qurg388,False,5,0.2857,0.035989,motorcycle
img_031814.jpg,ppu6c58,ppp4548,False,4,0.4286,0.210561,motorcycle
img_031817.jpg,mss0h30,ws3480,False,5,0.2857,0.038881,motorcycle
img_031818.jpg,odl5h44,qp24480,False,7,0.0000,0.421156,motorcycle
img_031821.jpg,pjx3f88,pir2380,False,5,0.2857,0.185607,motorcycle
img_031823.jpg,qnk8h24,elyx238,False,7,0.0000,0.036884,motorcycle
img_031824.jpg,kyr9d53,k164884,False,6,0.1429,0.016124,motorcycle
img_031826.jpg,odl8j75,qizz384,False,7,0.0000,0.049224,motorcycle
img_031832.jpg,qrl3g77,iru338,False,5,0.2857,0.084880,motorcycle
img_031834.jpg,lry7g97,fry4374,False,5,0.2857,0.126747,motorcycle
img_031835.jpg,ppf2h27,ppe6887,False,4,0.4286,0.149044,motorcycle
img_031836.jpg,ppf2h27,qup8388,False,7,0.0000,0.082260,motorcycle
img_031837.jpg,gyp5f52,ivypa28,False,6,0.1429,0.165070,motorcycle
img_031838.jpg,ppj5i28,fba2384,False,7,0.0000,0.096837,motorcycle
img_031839.jpg,ocv8d29,biv2280,False,6,0.1429,0.021418,motorcycle
img_031841.jpg,qre3f28,gbre238,False,5,0.2857,0.033588,motorcycle
img_031848.jpg,ppb9c89,ppp8484,False,4,0.4286,0.131900,motorcycle
img_031851.jpg,oyk0j72,ovy6389,False,6,0.1429,0.057790,motorcycle
img_031855.jpg,lry7g97,tpy2880,False,6,0.1429,0.109138,motorcycle
img_031859.jpg,msr8d29,his,False,7,0.0000,0.348435,motorcycle
img_031868.jpg,mrt1c57,fri2484,False,6,0.1429,0.051993,motorcycle
img_031870.jpg,kyr9d53,kw48384,False,6,0.1429,0.014354,motorcycle
img_031873.jpg,qrk3g62,qur4288,False,6,0.1429,0.125935,motorcycle
img_031877.jpg,kyn5j13,ima2584,False,7,0.0000,0.021095,motorcycle
img_031879.jpg,qrl4i86,liri348,False,6,0.1429,0.015891,motorcycle
img_031880.jpg,pps5j06,fps2480,False,5,0.2857,0.288102,motorcycle
img_031884.jpg,pph5b07,fpp2238,False,6,0.1429,0.073500,motorcycle
img_031885.jpg,msy1h23,hiv2488,False,7,0.0000,0.067483,motorcycle
img_031886.jpg,hgy0f48,crvf288,False,6,0.1429,0.010030,motorcycle
img_031887.jpg,ppn1b25,ipp4248,False,6,0.1429,0.076447,motorcycle
img_031888.jpg,ppc6h94,ipp4288,False,6,0.1429,0.114605,motorcycle
img_031889.jpg,ppc6h94,fpo2384,False,5,0.2857,0.197711,motorcycle
img_031891.jpg,ppr5j25,frr2284,False,6,0.1429,0.277545,motorcycle
img_031899.jpg,ppr0d29,ppr4884,False,4,0.4286,0.427175,motorcycle
img_031903.jpg,ecf8f62,lites,False,7,0.0000,0.109104,motorcycle
img_031904.jpg,kyr9d53,kyr459,False,3,0.5714,0.348592,motorcycle
img_031905.jpg,ppj5i28,fpp2388,False,5,0.2857,0.250209,motorcycle
img_031911.jpg,odl8j75,fix7384,False,7,0.0000,0.083610,motorcycle
img_031913.jpg,qrj8d77,fba2384,False,7,0.0000,0.166923,motorcycle
img_031914.jpg,ppm5a98,eppu848,False,5,0.2857,0.076601,motorcycle
img_031915.jpg,msb5i87,faa2384,False,6,0.1429,0.129550,motorcycle
img_031917.jpg,odg8e93,qp94874,False,7,0.0000,0.044127,motorcycle
img_031921.jpg,ppg8b33,itag234,False,6,0.1429,0.011270,motorcycle
img_031922.jpg,oyd7h98,qwo288,False,6,0.1429,0.119041,motorcycle
img_031924.jpg,ppg6h84,fpc248,False,5,0.2857,0.226135,motorcycle
img_031926.jpg,okv9e79,fru2384,False,7,0.0000,0.025583,motorcycle
img_031927.jpg,mrm7c18,ipp2388,False,6,0.1429,0.109913,motorcycle
img_031928.jpg,mte9i16,bila448,False,7,0.0000,0.107806,motorcycle
img_031930.jpg,ppn9j76,ppra438,False,5,0.2857,0.071484,motorcycle
img_031934.jpg,qrh3d03,pirm288,False,7,0.0000,0.017101,motorcycle
img_031935.jpg,ppc3d50,ppc2384,False,4,0.4286,0.218519,motorcycle
img_031937.jpg,qhz2h65,cow238,False,6,0.1429,0.088248,motorcycle
img_031938.jpg,ppe3h79,bpr4788,False,6,0.1429,0.091825,motorcycle
img_031939.jpg,ppr0d29,ppr4889,False,3,0.5714,0.390282,motorcycle
img_031940.jpg,msx3d02,iss4444,False,6,0.1429,0.068489,motorcycle
img_031945.jpg,ppp2d40,ppp2488,False,3,0.5714,0.315302,motorcycle
img_031948.jpg,kyr9d53,fwr2544,False,6,0.1429,0.037544,motorcycle
img_031949.jpg,msu6e57,ps42887,False,5,0.2857,0.064660,motorcycle
img_031950.jpg,ppy6c26,ppx2380,False,5,0.2857,0.137139,motorcycle
img_031951.jpg,pjz8d82,bp2878,False,5,0.2857,0.076002,motorcycle
img_031959.jpg,qrg9h72,gha2388,False,7,0.0000,0.057664,motorcycle
img_031960.jpg,qrh0h10,qra2884,False,5,0.2857,0.039630,motorcycle
img_031961.jpg,oyi2i87,for3384,False,6,0.1429,0.066163,motorcycle
img_031962.jpg,ppw7j99,ppr4399,False,3,0.5714,0.056499,motorcycle
img_031963.jpg,msy1h23,wi44844,False,7,0.0000,0.025075,motorcycle
img_031964.jpg,qrh2c14,qun444,False,5,0.2857,0.125606,motorcycle
img_031969.jpg,qri2d95,fri788,False,5,0.2857,0.049024,motorcycle
img_031970.jpg,ppy6c26,ippy188,False,5,0.2857,0.299092,motorcycle
img_031975.jpg,ppp4d76,ppp488,False,3,0.5714,0.238170,motorcycle
img_031976.jpg,msr9b97,nsp2384,False,6,0.1429,0.135012,motorcycle
img_031977.jpg,qrf9b57,fra2387,False,5,0.2857,0.143183,motorcycle
img_031979.jpg,lry7g97,irv2380,False,6,0.1429,0.232406,motorcycle
img_031981.jpg,msg0b91,ffg3324,False,6,0.1429,0.038411,motorcycle
img_031982.jpg,msv3h69,iss4844,False,6,0.1429,0.095424,motorcycle
img_031983.jpg,msu6e57,fig474,False,7,0.0000,0.016183,motorcycle
img_031984.jpg,ppp5e34,pppp184,False,3,0.5714,0.063080,motorcycle
img_031985.jpg,ppr0d29,fpr2488,False,5,0.2857,0.061660,motorcycle
img_031987.jpg,mrx7j70,wx487,False,5,0.2857,0.493842,motorcycle
img_031990.jpg,odl8j75,tjy4438,False,7,0.0000,0.069313,motorcycle
img_031991.jpg,ppl2i00,spp7838,False,6,0.1429,0.119392,motorcycle
img_031992.jpg,ovh3a27,dvv238,False,6,0.1429,0.153511,motorcycle
img_031996.jpg,ppp5e34,ppp2488,False,4,0.4286,0.169920,motorcycle
img_031998.jpg,ocv8d29,bi5w282,False,7,0.0000,0.011633,motorcycle
img_032005.jpg,qrd0c17,qra2384,False,5,0.2857,0.062146,motorcycle
img_032010.jpg,odl5h42,epp4322,False,6,0.1429,0.013952,motorcycle
img_032011.jpg,mta0b22,fya2838,False,6,0.1429,0.112526,motorcycle
img_032012.jpg,oda9j22,gua2338,False,6,0.1429,0.061109,motorcycle
img_032013.jpg,oyk0j72,cvr4488,False,7,0.0000,0.084043,motorcycle
img_032015.jpg,qrh3d03,bitz248,False,7,0.0000,0.111725,motorcycle
img_032016.jpg,mtw4i60,fvi4238,False,6,0.1429,0.025604,motorcycle
img_032018.jpg,ppo2j11,fro2382,False,5,0.2857,0.178354,motorcycle
img_032019.jpg,qrk8h41,bix4244,False,6,0.1429,0.204318,motorcycle
img_032023.jpg,oyi8e42,bro4238,False,7,0.0000,0.005029,motorcycle
img_032025.jpg,oyk0j72,cvy6488,False,7,0.0000,0.061444,motorcycle
img_032030.jpg,ppz1d87,irp2388,False,6,0.1429,0.295345,motorcycle
img_032035.jpg,odf9g70,otf678,False,4,0.4286,0.415791,motorcycle
img_032040.jpg,qrj7i24,pbo2380,False,7,0.0000,0.026753,motorcycle
img_032043.jpg,ppl2i00,dpp5238,False,5,0.2857,0.097221,motorcycle
img_032045.jpg,oyk0j72,cyr8648,False,6,0.1429,0.028589,motorcycle
img_032046.jpg,lry7g97,ipr4284,False,7,0.0000,0.013912,motorcycle
img_032050.jpg,ppm6b38,pprib48,False,3,0.5714,0.211744,motorcycle
img_032052.jpg,ppt9b63,lpp4248,False,6,0.1429,0.069484,motorcycle
img_032053.jpg,ocv8d29,p954238,False,7,0.0000,0.001431,motorcycle
img_032055.jpg,odn2j97,qjm4888,False,7,0.0000,0.017937,motorcycle
img_032057.jpg,qrk8h41,bik438,False,6,0.1429,0.062452,motorcycle
img_032059.jpg,ppt2i88,bib7480,False,6,0.1429,0.437081,motorcycle
img_032061.jpg,qre0g07,qre3880,False,4,0.4286,0.190397,motorcycle
img_032063.jpg,pps0e98,pps4894,False,3,0.5714,0.273690,motorcycle
img_032065.jpg,mtu4j76,ivu3384,False,6,0.1429,0.301255,motorcycle
img_032069.jpg,oyk0j72,dv4382,False,6,0.1429,0.037347,motorcycle
img_032073.jpg,ppp0c22,ippp738,False,5,0.2857,0.128636,motorcycle
img_032075.jpg,oku4e38,dy49380,False,5,0.2857,0.021323,motorcycle
img_032082.jpg,msx3d02,bi44248,False,7,0.0000,0.151088,motorcycle
img_032089.jpg,qrk7i91,frc4381,False,5,0.2857,0.135423,motorcycle
img_032091.jpg,lry7g97,irv4877,False,5,0.2857,0.258489,motorcycle
img_032092.jpg,pps2f00,apps748,False,5,0.2857,0.082981,motorcycle
img_032095.jpg,kpw5j42,ki4238,False,6,0.1429,0.414825,motorcycle
img_032096.jpg,qrf4b12,ake8488,False,7,0.0000,0.083368,motorcycle
img_032097.jpg,ppu6c58,ppp4648,False,4,0.4286,0.072344,motorcycle
img_032098.jpg,odk9c02,pip5288,False,7,0.0000,0.041166,motorcycle
img_032099.jpg,msr9b97,psp4387,False,5,0.2857,0.047609,motorcycle
img_032100.jpg,qrg3c18,qfg282,False,5,0.2857,0.009869,motorcycle
img_032105.jpg,mtx4g86,ftp238,False,5,0.2857,0.196871,motorcycle
img_032107.jpg,ode8b11,bifa488,False,7,0.0000,0.022845,motorcycle
img_032108.jpg,qrm2d38,diri243,False,5,0.2857,0.032606,motorcycle
img_032116.jpg,qrl3f45,jil238,False,6,0.1429,0.111407,motorcycle
img_032118.jpg,ovh6b79,qvy888,False,6,0.1429,0.117954,motorcycle
img_032120.jpg,oyi8e42,qva2388,False,7,0.0000,0.096455,motorcycle
img_032121.jpg,oyk0j72,dv42480,False,7,0.0000,0.080553,motorcycle
img_032122.jpg,lry7g97,irv4380,False,6,0.1429,0.088947,motorcycle
img_032124.jpg,pjs0h50,irs4380,False,5,0.2857,0.032773,motorcycle
img_032126.jpg,mst5a03,itsa234,False,5,0.2857,0.053337,motorcycle
img_032127.jpg,ppr0d29,ppr2488,False,4,0.4286,0.072806,motorcycle
img_032128.jpg,krm7e95,abm482,False,6,0.1429,0.037903,motorcycle
img_032132.jpg,qrk8h41,brk282,False,5,0.2857,0.145913,motorcycle
img_032135.jpg,odk9c02,lipk248,False,7,0.0000,0.278405,motorcycle
img_032136.jpg,mst5a03,fix488,False,7,0.0000,0.034933,motorcycle
img_032139.jpg,mtw4i60,wia238,False,7,0.0000,0.161482,motorcycle
img_032141.jpg,qrk8c68,bro484,False,6,0.1429,0.066486,motorcycle
img_032142.jpg,qrj3d82,grb424,False,6,0.1429,0.022776,motorcycle
img_032145.jpg,ovh6b79,evy6788,False,5,0.2857,0.129743,motorcycle
img_032146.jpg,msu6e57,tiu4877,False,5,0.2857,0.097228,motorcycle
img_032147.jpg,ppo3j63,ippo238,False,5,0.2857,0.050454,motorcycle
img_032148.jpg,odk9c02,qipk288,False,7,0.0000,0.045196,motorcycle
img_032153.jpg,oyi8e42,qva2384,False,7,0.0000,0.111591,motorcycle
img_032155.jpg,ovh6b79,dva2484,False,6,0.1429,0.211743,motorcycle
img_032157.jpg,qri6h84,fra2682,False,5,0.2857,0.031761,motorcycle
img_032160.jpg,qrk5e44,qbi4438,False,6,0.1429,0.036210,motorcycle
img_032166.jpg,odk9c02,qpp3284,False,7,0.0000,0.078645,motorcycle
img_032169.jpg,ode8b11,quc6384,False,7,0.0000,0.032983,motorcycle
img_032171.jpg,qrg2c72,qfg4380,False,5,0.2857,0.027006,motorcycle
img_032172.jpg,msu6e57,isu3887,False,4,0.4286,0.204721,motorcycle
img_032173.jpg,oyg7f39,qva2342,False,7,0.0000,0.054481,motorcycle
img_032175.jpg,odk9c02,qpp5288,False,7,0.0000,0.129068,motorcycle
img_032176.jpg,ppm5a98,fpp1848,False,5,0.2857,0.132044,motorcycle
img_032178.jpg,mtw4i60,wi3288,False,7,0.0000,0.152948,motorcycle
img_032180.jpg,ode8b11,ijit488,False,7,0.0000,0.016585,motorcycle
img_032182.jpg,ovh6b79,avy2744,False,6,0.1429,0.031766,motorcycle
img_032185.jpg,krm7e95,air2380,False,7,0.0000,0.036083,motorcycle
img_032187.jpg,mta0b22,fya238,False,6,0.1429,0.495782,motorcycle
img_032190.jpg,qrb3a73,bag480,False,7,0.0000,0.099913,motorcycle
img_032192.jpg,ode8b11,fodc818,False,4,0.4286,0.092477,motorcycle
img_032194.jpg,qrh8b53,qri6488,False,5,0.2857,0.108347,motorcycle
img_032195.jpg,ntu3d84,nj4384,False,3,0.5714,0.119367,motorcycle
img_032196.jpg,ovi7b50,pyra238,False,7,0.0000,0.434182,motorcycle
img_032197.jpg,ppu5f46,ppr4448,False,4,0.4286,0.286932,motorcycle
img_032200.jpg,ppy6c26,ppvz64,False,5,0.2857,0.057042,motorcycle
img_032201.jpg,ovh6b79,ovy888,False,5,0.2857,0.249488,motorcycle
img_032203.jpg,hlz9e18,h23384,False,6,0.1429,0.026138,motorcycle
img_032204.jpg,krm7e95,ar2380,False,6,0.1429,0.305261,motorcycle
img_032210.jpg,ppu5f46,ppr4448,False,4,0.4286,0.207775,motorcycle
img_032213.jpg,qhz2h65,foz384,False,6,0.1429,0.059771,motorcycle
img_032215.jpg,oyk0j72,qu42380,False,7,0.0000,0.018923,motorcycle
img_032216.jpg,qrm8c16,bir7480,False,7,0.0000,0.063109,motorcycle
img_032217.jpg,qrm8c16,brr7484,False,6,0.1429,0.036985,motorcycle
img_032219.jpg,ntu3d84,f17484,False,5,0.2857,0.017229,motorcycle
img_032221.jpg,qrm0i27,qra2880,False,5,0.2857,0.097058,motorcycle
img_032224.jpg,oyg7f39,vib448,False,7,0.0000,0.033436,motorcycle
img_032226.jpg,ppp5e34,ppp4840,False,4,0.4286,0.163540,motorcycle
img_032227.jpg,pps5j06,ppp448,False,5,0.2857,0.156232,motorcycle
img_032228.jpg,mpp2g74,ipp2488,False,4,0.4286,0.307158,motorcycle
img_032230.jpg,mtx4g86,ija3864,False,6,0.1429,0.081423,motorcycle
img_032234.jpg,qrk8h41,grk448,False,4,0.4286,0.131131,motorcycle
img_032235.jpg,qrg7c99,fig2488,False,6,0.1429,0.062944,motorcycle
img_032243.jpg,qrj8h66,buz644,False,7,0.0000,0.054724,motorcycle
img_032244.jpg,ppu6c58,ppr4644,False,5,0.2857,0.101408,motorcycle
img_032246.jpg,mps6c41,fps4414,False,4,0.4286,0.154917,motorcycle
img_032247.jpg,odk9c02,lipk242,False,6,0.1429,0.072648,motorcycle
img_032249.jpg,ppc3d50,ppc438,False,4,0.4286,0.122698,motorcycle
img_032256.jpg,qrf4b12,qui8488,False,6,0.1429,0.137649,motorcycle
img_032257.jpg,oyk0j72,qya2334,False,6,0.1429,0.021489,motorcycle
img_032259.jpg,qre7b39,qbe288,False,5,0.2857,0.165066,motorcycle
img_032263.jpg,ppu5f46,ppr4438,False,5,0.2857,0.058888,motorcycle
img_032264.jpg,oyk0j72,dys2382,False,5,0.2857,0.064258,motorcycle
img_032265.jpg,qrj7j46,fjea888,False,7,0.0000,0.243428,motorcycle
img_032269.jpg,ppk5d62,fr34284,False,7,0.0000,0.029363,motorcycle
img_032274.jpg,odj6h20,app4248,False,7,0.0000,0.103804,motorcycle
img_032276.jpg,ppt2j19,fpt2484,False,4,0.4286,0.239142,motorcycle
img_032277.jpg,qri7g82,qac2384,False,5,0.2857,0.124688,motorcycle
img_032280.jpg,ppn7d89,ppy2884,False,4,0.4286,0.214619,motorcycle
img_032282.jpg,qrm3b94,qiaz238,False,6,0.1429,0.003205,motorcycle
img_032286.jpg,pkc2h29,qux8884,False,7,0.0000,0.111175,motorcycle
img_032290.jpg,krm7e95,app3384,False,7,0.0000,0.112213,motorcycle
img_032294.jpg,qrg2j03,dj92384,False,6,0.1429,0.043653,motorcycle
img_032296.jpg,qrf4b12,ibra288,False,7,0.0000,0.039511,motorcycle
img_032300.jpg,oyd5h74,evr4480,False,7,0.0000,0.019848,motorcycle
img_032303.jpg,qrf0g88,ffr6888,False,5,0.2857,0.167927,motorcycle
img_032304.jpg,ovh6b79,ova8794,False,4,0.4286,0.138791,motorcycle
img_032305.jpg,msr9b97,nsp2880,False,6,0.1429,0.129408,motorcycle
img_032306.jpg,oyk0j72,qya2284,False,6,0.1429,0.020059,motorcycle
img_032309.jpg,lry7g97,ipv4380,False,7,0.0000,0.265210,motorcycle
img_032310.jpg,qri6i06,qri2788,False,4,0.4286,0.278538,motorcycle
img_032311.jpg,qrf9c93,quiz894,False,5,0.2857,0.005559,motorcycle
img_032317.jpg,ppj7f37,ppr2288,False,5,0.2857,0.224315,motorcycle
img_032318.jpg,qrd0c17,pri2488,False,6,0.1429,0.077300,motorcycle
img_032320.jpg,krm7e95,fil238,False,7,0.0000,0.190550,motorcycle
img_032321.jpg,msl7j36,psa2484,False,6,0.1429,0.084808,motorcycle
img_032322.jpg,hfv6g69,itz2388,False,7,0.0000,0.150507,motorcycle
img_032327.jpg,qrk9i28,qlif282,False,5,0.2857,0.013623,motorcycle
img_032328.jpg,ove0j86,ova284,False,4,0.4286,0.296557,motorcycle
img_032329.jpg,ppu6c58,ppruc48,False,3,0.5714,0.513684,motorcycle
img_032330.jpg,qrb3a73,sk9238,False,7,0.0000,0.182770,motorcycle
img_032334.jpg,qri6h84,bw2244,False,6,0.1429,0.232480,motorcycle
img_032335.jpg,pph5b07,fpp4748,False,6,0.1429,0.039691,motorcycle
img_032337.jpg,ode8b11,ipp8384,False,6,0.1429,0.013679,motorcycle
img_032339.jpg,oyk0j72,cyy4448,False,6,0.1429,0.027700,motorcycle
img_032340.jpg,qrh8b53,qbri248,False,6,0.1429,0.136521,motorcycle
img_032341.jpg,kyn5j13,ky42338,False,5,0.2857,0.057887,motorcycle
img_032347.jpg,mst5a03,irsq388,False,7,0.0000,0.033938,motorcycle
img_032348.jpg,krm7e95,app4348,False,7,0.0000,0.222773,motorcycle
img_032349.jpg,kyr9d53,ivi4438,False,7,0.0000,0.039640,motorcycle
img_032350.jpg,ppl2b61,bpr4688,False,6,0.1429,0.087228,motorcycle
img_032354.jpg,pxz4g96,pyz784,False,5,0.2857,0.163208,motorcycle
img_032357.jpg,ovi7b50,fvr338,False,6,0.1429,0.056495,motorcycle
img_032358.jpg,oyk0j72,fva2384,False,7,0.0000,0.043751,motorcycle
img_032359.jpg,ppg6h84,epc2448,False,6,0.1429,0.035210,motorcycle
img_032364.jpg,krm7e95,fiq2380,False,7,0.0000,0.087507,motorcycle
img_032366.jpg,qrk8h41,birk481,False,5,0.2857,0.130460,motorcycle
img_032368.jpg,odk9c02,fpp5484,False,7,0.0000,0.126717,motorcycle
img_032371.jpg,lry7g97,tpy2384,False,6,0.1429,0.092995,motorcycle
img_032372.jpg,oyk0j72,dva2384,False,7,0.0000,0.252058,motorcycle
img_032373.jpg,qri6h84,frx2424,False,5,0.2857,0.015253,motorcycle
img_032374.jpg,oyk0j72,cyr2248,False,6,0.1429,0.035937,motorcycle
img_032380.jpg,mtx4g86,itig488,False,5,0.2857,0.177134,motorcycle
img_032386.jpg,grm5a80,ibra288,False,6,0.1429,0.125509,motorcycle
img_032387.jpg,mrx6d91,fix4380,False,6,0.1429,0.011644,motorcycle
img_032388.jpg,ppg3g33,ippa233,False,4,0.4286,0.058242,motorcycle
img_032389.jpg,ppt2j19,ppr2880,False,4,0.4286,0.166983,motorcycle
img_032395.jpg,mtv0h12,hiam284,False,7,0.0000,0.081729,motorcycle
img_032396.jpg,oyk0j72,ovy328,False,6,0.1429,0.034153,motorcycle
img_032400.jpg,ovi1e95,faa238,False,7,0.0000,0.114357,motorcycle
img_032401.jpg,qrj8j70,qro4880,False,4,0.4286,0.142122,motorcycle
img_032402.jpg,qrm4j35,arm4384,False,4,0.4286,0.031363,motorcycle
img_032403.jpg,ovl5g55,ivy3438,False,6,0.1429,0.121241,motorcycle
img_032407.jpg,mpk7e29,ibb2384,False,7,0.0000,0.074408,motorcycle
img_032411.jpg,ppc3d50,fpc8388,False,5,0.2857,0.170416,motorcycle
img_032412.jpg,mto7c11,ho2381,False,5,0.2857,0.191268,motorcycle
img_032413.jpg,ppo2j11,ppo2381,False,2,0.7143,0.134111,motorcycle
img_032419.jpg,oyi8g44,brx4238,False,7,0.0000,0.018717,motorcycle
img_032420.jpg,qrm2d38,fira248,False,5,0.2857,0.086396,motorcycle
img_032421.jpg,oyg7f39,py64394,False,5,0.2857,0.053849,motorcycle
img_032423.jpg,qrk8c68,birk680,False,5,0.2857,0.119380,motorcycle
img_032426.jpg,qrd0c17,arp2488,False,6,0.1429,0.115397,motorcycle
img_032427.jpg,ove8b94,eva2384,False,5,0.2857,0.085010,motorcycle
img_032428.jpg,msl7j36,hsp2444,False,6,0.1429,0.017112,motorcycle
img_032430.jpg,ppl5f92,fpp5448,False,5,0.2857,0.197541,motorcycle
img_032431.jpg,qrf4b12,aire288,False,7,0.0000,0.181009,motorcycle
img_032432.jpg,ppw7j79,pyx4844,False,6,0.1429,0.267079,motorcycle
img_032436.jpg,odk9c02,qui5248,False,7,0.0000,0.020650,motorcycle
img_032437.jpg,msr9b97,fsp4844,False,6,0.1429,0.202085,motorcycle
img_032439.jpg,qre5c34,iffa438,False,6,0.1429,0.040907,motorcycle
img_032443.jpg,krm7e95,apu2384,False,7,0.0000,0.218923,motorcycle
img_032445.jpg,ppu5f46,ppruf38,False,4,0.4286,0.242160,motorcycle
img_032446.jpg,qri7f71,vra288,False,6,0.1429,0.013787,motorcycle
img_032447.jpg,ppw7j79,fpr4380,False,6,0.1429,0.282388,motorcycle
img_032448.jpg,ode8b11,od48311,False,2,0.7143,0.012761,motorcycle
img_032449.jpg,qrg2c72,qba2488,False,5,0.2857,0.139369,motorcycle
img_032451.jpg,odj3h43,ipix484,False,7,0.0000,0.026669,motorcycle
img_032453.jpg,ppm5a98,fpu2480,False,6,0.1429,0.103578,motorcycle
img_032456.jpg,odg8b88,qri8488,False,4,0.4286,0.015240,motorcycle
img_032458.jpg,pph5b07,frra248,False,7,0.0000,0.177450,motorcycle
img_032460.jpg,ppt2j19,ppy8384,False,5,0.2857,0.116629,motorcycle
img_032462.jpg,ppn7d89,ppp4288,False,4,0.4286,0.061369,motorcycle
img_032465.jpg,odj3h43,bwr2344,False,6,0.1429,0.134497,motorcycle
img_032466.jpg,lmu3c65,iri3388,False,6,0.1429,0.037380,motorcycle
img_032470.jpg,ppt2j19,ppu1944,False,5,0.2857,0.049740,motorcycle
img_032471.jpg,ppt2j19,dp71994,False,6,0.1429,0.064169,motorcycle
img_032473.jpg,ppm5a98,blap480,False,7,0.0000,0.143191,motorcycle
img_032478.jpg,qrg5g11,lbb448,False,7,0.0000,0.075146,motorcycle
img_032480.jpg,ppj1f18,app3842,False,6,0.1429,0.125913,motorcycle
img_032481.jpg,qnk8h24,8w8444,False,5,0.2857,0.111828,motorcycle
img_032485.jpg,krm7e95,krm982,False,4,0.4286,0.201682,motorcycle
img_032486.jpg,oda5c01,ipa4248,False,6,0.1429,0.181416,motorcycle
img_032487.jpg,qrj7j46,qr4678,False,5,0.2857,0.224908,motorcycle
img_032489.jpg,ppw7j99,ppu494,False,4,0.4286,0.118666,motorcycle
img_032490.jpg,oyd5h74,qu24980,False,7,0.0000,0.151115,motorcycle
img_032497.jpg,qre4i82,q565892,False,5,0.2857,0.103312,motorcycle
img_032498.jpg,lry7g97,irv4874,False,6,0.1429,0.065080,motorcycle
