img,label,pred,correct,edit_dist,norm_ed,confidence,vehicle_type
img_000002.jpg,ppc5431,ppc5431,True,0,1.0000,0.999914,car
img_000004.jpg,ovk7900,ovk7900,True,0,1.0000,0.999778,car
img_000010.jpg,oye3384,oye3384,True,0,1.0000,0.999944,car
img_000020.jpg,lse1695,lse1695,True,0,1.0000,0.999961,car
img_000044.jpg,jsv4493,jsv4493,True,0,1.0000,0.999913,car
img_000050.jpg,ppk6012,ppk6012,True,0,1.0000,0.999900,car
img_000051.jpg,ppn1470,ppn1470,True,0,1.0000,0.999959,car
img_000071.jpg,ppz3525,ppz3525,True,0,1.0000,0.999945,car
img_000073.jpg,qrd8410,qrd8410,True,0,1.0000,0.999953,car
img_000076.jpg,mrz7550,mrz7550,True,0,1.0000,0.999830,car
img_000078.jpg,eyo3502,eyo3502,True,0,1.0000,0.997756,car
img_000084.jpg,msf1046,msf1046,True,0,1.0000,0.998406,car
img_000085.jpg,oyh9528,oyh9528,True,0,1.0000,0.999905,car
img_000092.jpg,ppu0879,ppu0879,True,0,1.0000,0.999370,car
img_000095.jpg,mrp2989,mrp2989,True,0,1.0000,0.999715,car
img_000105.jpg,ovf4168,oyf4169,False,2,0.7143,0.508902,car
img_000107.jpg,mtp5026,mtp5026,True,0,1.0000,0.999967,car
img_000111.jpg,mtj5833,mtj5833,True,0,1.0000,0.999647,car
img_000112.jpg,ppw4661,ppw4661,True,0,1.0000,0.999967,car
img_000113.jpg,gmf8421,gmf8421,True,0,1.0000,0.999026,car
img_000114.jpg,ppw1889,ppw1889,True,0,1.0000,0.999938,car
img_000116.jpg,ppp4907,ppp4907,True,0,1.0000,0.999898,car
img_000117.jpg,ods3662,ods3662,True,0,1.0000,0.999955,car
img_000121.jpg,odt9984,odt9984,True,0,1.0000,0.999974,car
img_000122.jpg,msa3310,msa3310,True,0,1.0000,0.999822,car
img_000128.jpg,odo9891,odo9891,True,0,1.0000,0.999923,car
img_000130.jpg,msr1353,msr1353,True,0,1.0000,0.997374,car
img_000131.jpg,odg5904,odg5904,True,0,1.0000,0.999965,car
img_000133.jpg,mtz3256,mtz3256,True,0,1.0000,0.998561,car
img_000134.jpg,mst8531,mst8531,True,0,1.0000,0.999884,car
img_000137.jpg,ppw4661,ppw4661,True,0,1.0000,0.999917,car
img_000141.jpg,ppx4854,ppx4854,True,0,1.0000,0.999916,car
img_000145.jpg,ovf6363,ovf6363,True,0,1.0000,0.999907,car
img_000146.jpg,odr3127,odr3127,True,0,1.0000,0.999692,car
img_000149.jpg,kzg4329,xzg4329,False,1,0.8571,0.548343,car
img_000153.jpg,ppw4661,ppw4661,True,0,1.0000,0.999521,car
img_000156.jpg,odf5623,odf5623,True,0,1.0000,0.999972,car
img_000157.jpg,odt6208,odt6208,True,0,1.0000,0.999874,car
img_000158.jpg,ods2590,ods2590,True,0,1.0000,0.999882,car
img_000159.jpg,ods3662,ods3662,True,0,1.0000,0.999968,car
img_000161.jpg,odg3176,odg3176,True,0,1.0000,0.998077,car
img_000164.jpg,msb4766,msb4766,True,0,1.0000,0.999682,car
img_000167.jpg,odt6181,odt6181,True,0,1.0000,0.999975,car
img_000168.jpg,mry7465,mry7465,True,0,1.0000,0.991107,car
img_000169.jpg,odr3127,odr3127,True,0,1.0000,0.999924,car
img_000170.jpg,ode6371,ode6371,True,0,1.0000,0.999951,car
img_000171.jpg,ppp7674,ppp7674,True,0,1.0000,0.999974,car
img_000173.jpg,mtc0626,mtc0626,True,0,1.0000,0.999662,car
img_000176.jpg,ppx0155,ppx0155,True,0,1.0000,0.999954,car
img_000178.jpg,qrd3012,qrd3012,True,0,1.0000,0.999599,car
img_000179.jpg,ppv2861,ppv2861,True,0,1.0000,0.999958,car
img_000182.jpg,mts7362,mts7362,True,0,1.0000,0.999952,car
img_000184.jpg,ppw4661,ppw4661,True,0,1.0000,0.999946,car
img_000185.jpg,ods2590,ods2590,True,0,1.0000,0.999837,car
img_000186.jpg,mtj5833,mtj5833,True,0,1.0000,0.998962,car
img_000187.jpg,ppw0076,ppw0076,True,0,1.0000,0.999923,car
img_000188.jpg,odg4873,odg4873,True,0,1.0000,0.999982,car
img_000189.jpg,odg3176,odg3176,True,0,1.0000,0.999748,car
img_000190.jpg,fda4010,fda4010,True,0,1.0000,0.999636,car
img_000191.jpg,msb4766,msb4766,True,0,1.0000,0.999836,car
img_000192.jpg,odt6092,odt6092,True,0,1.0000,0.999877,car
img_000193.jpg,odr3127,odr3127,True,0,1.0000,0.999870,car
img_000195.jpg,mtx0171,mtx0171,True,0,1.0000,0.999904,car
img_000198.jpg,mtz3256,mtz3256,True,0,1.0000,0.999222,car
img_000199.jpg,qrc6770,qrc6770,True,0,1.0000,0.999892,car
img_000201.jpg,odr3984,odr3984,True,0,1.0000,0.999955,car
img_000202.jpg,odt6140,odt6140,True,0,1.0000,0.999960,car
img_000210.jpg,ppw0076,ppw0076,True,0,1.0000,0.999917,car
img_000212.jpg,odg6312,odg6312,True,0,1.0000,0.999947,car
img_000214.jpg,msf9531,msf9531,True,0,1.0000,0.993506,car
img_000215.jpg,msk5187,msk5187,True,0,1.0000,0.999900,car
img_000219.jpg,odm9447,odm9447,True,0,1.0000,0.999405,car
img_000220.jpg,ppb0869,ppb0869,True,0,1.0000,0.999766,car
img_000222.jpg,ovf6363,ovf6363,True,0,1.0000,0.999933,car
img_000225.jpg,ppw0076,ppw0076,True,0,1.0000,0.999970,car
img_000228.jpg,ovf6363,ovf6363,True,0,1.0000,0.997991,car
img_000231.jpg,ppa7949,ppa7949,True,0,1.0000,0.999978,car
img_000233.jpg,msm2996,msm2996,True,0,1.0000,0.999877,car
img_000234.jpg,ppp7010,ppp7010,True,0,1.0000,0.999969,car
img_000235.jpg,ppx4854,ppx4854,True,0,1.0000,0.999914,car
img_000236.jpg,mqw8039,mqw8039,True,0,1.0000,0.999888,car
img_000239.jpg,odo0659,odo0659,True,0,1.0000,0.999829,car
img_000240.jpg,odg6312,odg6312,True,0,1.0000,0.999182,car
img_000242.jpg,odr3127,odr3127,True,0,1.0000,0.999684,car
img_000245.jpg,ovf6363,ovf6363,True,0,1.0000,0.999905,car
img_000246.jpg,ppp6749,ppp6749,True,0,1.0000,0.995733,car
img_000247.jpg,odr4149,odr4149,True,0,1.0000,0.999804,car
img_000248.jpg,ods6243,ods6243,True,0,1.0000,0.999924,car
img_000249.jpg,ppw4661,ppw4661,True,0,1.0000,0.999952,car
img_000250.jpg,odi1892,odi1892,True,0,1.0000,0.999448,car
img_000252.jpg,odg5904,odg5904,True,0,1.0000,0.999969,car
img_000255.jpg,mtn9522,mtn9522,True,0,1.0000,0.999806,car
img_000256.jpg,ppx4854,ppx4854,True,0,1.0000,0.999879,car
img_000257.jpg,ppc9486,ppc9486,True,0,1.0000,0.920429,car
img_000258.jpg,ovf6363,ovf6363,True,0,1.0000,0.999868,car
img_000259.jpg,msf9531,msf9531,True,0,1.0000,0.999904,car
img_000261.jpg,odr4042,odr4042,True,0,1.0000,0.998299,car
img_000264.jpg,ppw0032,ppw0032,True,0,1.0000,0.999973,car
img_000265.jpg,ppp6110,ppp6110,True,0,1.0000,0.999907,car
img_000266.jpg,gmf8421,gmf8421,True,0,1.0000,0.993077,car
img_000268.jpg,ods6243,ods6243,True,0,1.0000,0.999936,car
img_000270.jpg,ppx9984,ppx9984,True,0,1.0000,0.999981,car
img_000271.jpg,qnr5824,qnr5824,True,0,1.0000,0.999952,car
img_000274.jpg,ppp4907,ppp4907,True,0,1.0000,0.999906,car
img_000279.jpg,oko0458,oko0458,True,0,1.0000,0.999284,car
img_000280.jpg,mtp5026,mtp5026,True,0,1.0000,0.999960,car
img_000283.jpg,ppp7519,ppp7519,True,0,1.0000,0.999973,car
img_000286.jpg,ods6243,ods6243,True,0,1.0000,0.999850,car
img_000293.jpg,ppw4661,ppw4661,True,0,1.0000,0.999944,car
img_000294.jpg,mtj5833,mtj5833,True,0,1.0000,0.999862,car
img_000295.jpg,msd0247,msd0247,True,0,1.0000,0.999922,car
img_000296.jpg,msk5187,msk5187,True,0,1.0000,0.999901,car
img_000297.jpg,mtz3256,mtz3256,True,0,1.0000,0.999805,car
img_000298.jpg,ods6243,ods6243,True,0,1.0000,0.999938,car
img_000300.jpg,qrd5027,qrd5027,True,0,1.0000,0.999953,car
img_000301.jpg,ppw4039,ppw4039,True,0,1.0000,0.999901,car
img_000302.jpg,ppp7010,ppp7010,True,0,1.0000,0.999894,car
img_000304.jpg,ppp3628,ppp3628,True,0,1.0000,0.999952,car
img_000305.jpg,qrb5219,qrb5219,True,0,1.0000,0.999771,car
img_000306.jpg,ppw0076,ppw0076,True,0,1.0000,0.999969,car
img_000307.jpg,mka7333,mka7333,True,0,1.0000,0.999611,car
img_000309.jpg,qrc6790,qrc6790,True,0,1.0000,0.999948,car
img_000310.jpg,odt6251,odt6251,True,0,1.0000,0.999939,car
img_000311.jpg,ppx0155,ppx0155,True,0,1.0000,0.999943,car
img_000317.jpg,ppp6749,ppp6749,True,0,1.0000,0.999966,car
img_000320.jpg,odr3127,odr3127,True,0,1.0000,0.999947,car
img_000322.jpg,odt6173,odt6173,True,0,1.0000,0.999881,car
img_000323.jpg,odh1374,odh1374,True,0,1.0000,0.991270,car
img_000324.jpg,odg3176,odg3176,True,0,1.0000,0.999028,car
img_000325.jpg,mst4686,mst4686,True,0,1.0000,0.999909,car
img_000328.jpg,odg3967,odg3967,True,0,1.0000,0.999924,car
img_000330.jpg,mtz3549,mtz3549,True,0,1.0000,0.999805,car
img_000331.jpg,odt9984,odt9984,True,0,1.0000,0.999982,car
img_000334.jpg,ppe0807,ppe0807,True,0,1.0000,0.999651,car
img_000337.jpg,ppx0700,ppx0700,True,0,1.0000,0.999879,car
img_000339.jpg,odo9891,odo9891,True,0,1.0000,0.999938,car
img_000340.jpg,mqk4229,mqk4229,True,0,1.0000,0.999920,car
img_000341.jpg,ods4852,ods4852,True,0,1.0000,0.999537,car
img_000342.jpg,ppp3628,ppp3628,True,0,1.0000,0.999957,car
img_000345.jpg,ode6371,ode6371,True,0,1.0000,0.999945,car
img_000346.jpg,mts7362,mts7362,True,0,1.0000,0.999921,car
img_000347.jpg,odr3127,odr3127,True,0,1.0000,0.999933,car
img_000348.jpg,ppc5281,ppc5281,True,0,1.0000,0.999901,car
img_000354.jpg,fsh5743,fsh5743,True,0,1.0000,0.999843,car
img_000356.jpg,ppl5787,ppl5787,True,0,1.0000,0.999945,car
img_000357.jpg,qrc0461,qrc0461,True,0,1.0000,0.999927,car
img_000358.jpg,odr1528,odr1528,True,0,1.0000,0.999850,car
img_000361.jpg,ppx9986,ppx9986,True,0,1.0000,0.999936,car
img_000362.jpg,ovf6363,ovf6363,True,0,1.0000,0.999951,car
img_000364.jpg,msi3690,msi3690,True,0,1.0000,0.999893,car
img_000366.jpg,ods2624,ods2624,True,0,1.0000,0.999903,car
img_000367.jpg,odg3967,odg3967,True,0,1.0000,0.999888,car
img_000368.jpg,ppx4010,ppx4010,True,0,1.0000,0.999942,car
img_000369.jpg,odf5623,odf5623,True,0,1.0000,0.999913,car
img_000370.jpg,mtz3549,mtz3549,True,0,1.0000,0.999911,car
img_000371.jpg,odi1892,odi1892,True,0,1.0000,0.999603,car
img_000374.jpg,odt6092,odt6092,True,0,1.0000,0.999863,car
img_000375.jpg,odt6064,odt6064,True,0,1.0000,0.999974,car
img_000378.jpg,mtz3256,mtz3256,True,0,1.0000,0.998956,car
img_000381.jpg,ppw4039,ppw4039,True,0,1.0000,0.999889,car
img_000384.jpg,odg6312,odg6312,True,0,1.0000,0.999652,car
img_000389.jpg,ppw4661,ppw4661,True,0,1.0000,0.999964,car
img_000391.jpg,msd0247,msd0247,True,0,1.0000,0.999715,car
img_000392.jpg,msa1557,msa1557,True,0,1.0000,0.999905,car
img_000393.jpg,odg3967,odg3967,True,0,1.0000,0.999845,car
img_000394.jpg,odg3176,odg3176,True,0,1.0000,0.999815,car
img_000395.jpg,odi1892,odi1892,True,0,1.0000,0.999157,car
img_000396.jpg,msb4766,msb4766,True,0,1.0000,0.998279,car
img_000397.jpg,ppx0700,ppx0700,True,0,1.0000,0.999813,car
img_000398.jpg,odt6462,odt6462,True,0,1.0000,0.999955,car
img_000400.jpg,nzf9172,nzf9172,True,0,1.0000,0.999935,car
img_000403.jpg,odo9891,odo9891,True,0,1.0000,0.999795,car
img_000404.jpg,odt6251,odt6251,True,0,1.0000,0.999955,car
img_000405.jpg,odt6482,odt6482,True,0,1.0000,0.999814,car
img_000408.jpg,mts7362,mts7362,True,0,1.0000,0.999949,car
img_000410.jpg,odr3127,odr3127,True,0,1.0000,0.999263,car
img_000411.jpg,ppx4010,ppx4010,True,0,1.0000,0.999920,car
img_000414.jpg,odf4543,odf4543,True,0,1.0000,0.999869,car
img_000415.jpg,msk7666,msk7666,True,0,1.0000,0.999864,car
img_000419.jpg,ppp3410,ppp3410,True,0,1.0000,0.999934,car
img_000420.jpg,mpi7944,mpi7944,True,0,1.0000,0.479604,car
img_000422.jpg,ppw2922,ppw2922,True,0,1.0000,0.999649,car
img_000426.jpg,oyk4286,oyk4286,True,0,1.0000,0.999753,car
img_000430.jpg,odg3967,odg3967,True,0,1.0000,0.999814,car
img_000432.jpg,qrd5027,qrd5027,True,0,1.0000,0.999923,car
img_000433.jpg,odg3176,odg3176,True,0,1.0000,0.999758,car
img_000434.jpg,ppw4039,ppw4039,True,0,1.0000,0.999946,car
img_000436.jpg,odr3127,odr3127,True,0,1.0000,0.999905,car
img_000439.jpg,mts7362,mts7362,True,0,1.0000,0.999948,car
img_000441.jpg,ods4852,ods4852,True,0,1.0000,0.974964,car
img_000445.jpg,ppv2861,ppv2861,True,0,1.0000,0.999947,car
img_000456.jpg,odr4149,odr4149,True,0,1.0000,0.981756,car
img_000459.jpg,ppx4024,ppx4024,True,0,1.0000,0.999940,car
img_000460.jpg,ppw2480,ppw2480,True,0,1.0000,0.999956,car
img_000468.jpg,odq9369,odq9369,True,0,1.0000,0.999923,car
img_000469.jpg,odr3706,odr3706,True,0,1.0000,0.999882,car
img_000470.jpg,odg9132,odg9132,True,0,1.0000,0.999920,car
img_000471.jpg,odf4543,odf4543,True,0,1.0000,0.999516,car
img_000472.jpg,ppp7505,ppp7505,True,0,1.0000,0.999975,car
img_000474.jpg,ppx0700,ppx0700,True,0,1.0000,0.999936,car
img_000475.jpg,msa1557,msa1557,True,0,1.0000,0.999903,car
img_000476.jpg,qrc6770,qrc6770,True,0,1.0000,0.999930,car
img_000477.jpg,mtz9247,mtz9247,True,0,1.0000,0.999858,car
img_000478.jpg,msa8486,msa8486,True,0,1.0000,0.999291,car
img_000484.jpg,ppx0155,ppx0155,True,0,1.0000,0.999966,car
img_000485.jpg,mtt0954,mtt0954,True,0,1.0000,0.999833,car
img_000486.jpg,msa7262,msa7262,True,0,1.0000,0.999876,car
img_000489.jpg,odr3127,odr3127,True,0,1.0000,0.999885,car
img_000490.jpg,mts7362,mts7362,True,0,1.0000,0.999936,car
img_000491.jpg,odr5917,odr5917,True,0,1.0000,0.999950,car
img_000495.jpg,msa1557,msa1557,True,0,1.0000,0.999888,car
img_000498.jpg,ovl4669,ovl4669,True,0,1.0000,0.991045,car
img_000501.jpg,mqv6554,mqv6554,True,0,1.0000,0.999878,car
img_000502.jpg,qol8801,ool6801,False,2,0.7143,0.974424,car
img_000505.jpg,odg1753,odg1753,True,0,1.0000,0.999201,car
img_000507.jpg,ppx4854,ppx4854,True,0,1.0000,0.999873,car
img_000509.jpg,odi1892,odi1892,True,0,1.0000,0.998994,car
img_000512.jpg,odr3127,odr3127,True,0,1.0000,0.983673,car
img_000516.jpg,oda4892,oda4892,True,0,1.0000,0.999896,car
img_000517.jpg,mtz3549,mtz3549,True,0,1.0000,0.999911,car
img_000519.jpg,mtg5739,mtg5739,True,0,1.0000,0.996650,car
img_000520.jpg,odt6181,odt6181,True,0,1.0000,0.999960,car
img_000521.jpg,odo9891,odo9891,True,0,1.0000,0.999832,car
img_000522.jpg,msd0247,msd0247,True,0,1.0000,0.999941,car
img_000523.jpg,msa1557,msa1557,True,0,1.0000,0.999527,car
img_000524.jpg,ppw0076,ppw0076,True,0,1.0000,0.999973,car
img_000525.jpg,ods2015,ods2015,True,0,1.0000,0.999980,car
img_000526.jpg,mrg6866,mrg6866,True,0,1.0000,0.999835,car
img_000527.jpg,odr3127,odr3127,True,0,1.0000,0.999704,car
img_000528.jpg,qrc6770,qrc6770,True,0,1.0000,0.999963,car
img_000529.jpg,mql2952,mql2952,True,0,1.0000,0.999695,car
img_000530.jpg,mte5140,mte5140,True,0,1.0000,0.999860,car
img_000535.jpg,odi1892,odi1892,True,0,1.0000,0.999707,car
img_000536.jpg,odt6482,odt6482,True,0,1.0000,0.999947,car
img_000537.jpg,ppx4040,ppx4040,True,0,1.0000,0.999927,car
img_000542.jpg,odr3984,odr3984,True,0,1.0000,0.999947,car
img_000544.jpg,msn8551,msn8551,True,0,1.0000,0.999963,car
img_000545.jpg,ppw4039,ppw4039,True,0,1.0000,0.999868,car
img_000547.jpg,ovf6363,ovf6363,True,0,1.0000,0.999938,car
img_000548.jpg,odg3176,odg3176,True,0,1.0000,0.999843,car
img_000549.jpg,ppp9250,ppp9250,True,0,1.0000,0.992171,car
img_000550.jpg,ods2861,ods2861,True,0,1.0000,0.999957,car
img_000552.jpg,mtg5739,mtg5739,True,0,1.0000,0.998094,car
img_000555.jpg,ppx0696,ppx0696,True,0,1.0000,0.999936,car
img_000557.jpg,ppg3724,ppg3724,True,0,1.0000,0.999977,car
img_000561.jpg,odr3127,odr3127,True,0,1.0000,0.998893,car
img_000562.jpg,mtz3549,mtz3549,True,0,1.0000,0.999873,car
img_000563.jpg,qrc6770,qrc6770,True,0,1.0000,0.999944,car
img_000565.jpg,fda4010,fda4010,True,0,1.0000,0.999718,car
img_000568.jpg,qnr5824,qnr5824,True,0,1.0000,0.999939,car
img_000571.jpg,qrb9955,qrb9955,True,0,1.0000,0.999719,car
img_000572.jpg,odo0659,odo0659,True,0,1.0000,0.999924,car
img_000575.jpg,ppx4024,ppx4024,True,0,1.0000,0.999906,car
img_000576.jpg,mts7362,mts7362,True,0,1.0000,0.999937,car
img_000577.jpg,odr3127,odr3127,True,0,1.0000,0.999914,car
img_000579.jpg,mtt0954,mtt0954,True,0,1.0000,0.999758,car
img_000580.jpg,odo1303,odo1303,True,0,1.0000,0.997272,car
img_000582.jpg,odg3967,odg3967,True,0,1.0000,0.999873,car
img_000583.jpg,odt6140,odt6140,True,0,1.0000,0.999952,car
img_000584.jpg,ovf6315,oyf6315,False,1,0.8571,0.964964,car
img_000587.jpg,qqg7579,qqg7579,True,0,1.0000,0.996189,car
img_000589.jpg,ppp6853,ppp6853,True,0,1.0000,0.999939,car
img_000591.jpg,dqf5959,dqf5959,True,0,1.0000,0.999890,car
img_000592.jpg,odg1753,odg1753,True,0,1.0000,0.999847,car
img_000601.jpg,pph7923,pph7923,True,0,1.0000,0.999250,car
img_000607.jpg,odb9073,odb9073,True,0,1.0000,0.999930,car
img_000609.jpg,ods2861,ods2861,True,0,1.0000,0.982877,car
img_000615.jpg,odf1587,odf1587,True,0,1.0000,0.999880,car
img_000616.jpg,odp0519,odp0519,True,0,1.0000,0.999699,car
img_000617.jpg,ppw0076,ppw0076,True,0,1.0000,0.999962,car
img_000618.jpg,mtx0171,mtx0171,True,0,1.0000,0.999907,car
img_000619.jpg,odg3176,odg3176,True,0,1.0000,0.999795,car
img_000623.jpg,qrc6770,qrc6770,True,0,1.0000,0.999960,car
img_000625.jpg,odr3706,odr3706,True,0,1.0000,0.971514,car
img_000627.jpg,ppw9332,ppw9332,True,0,1.0000,0.999989,car
img_000631.jpg,mtx0171,mtx0171,True,0,1.0000,0.999875,car
img_000632.jpg,odr3127,odr3127,True,0,1.0000,0.999916,car
img_000633.jpg,ppw4039,ppw4039,True,0,1.0000,0.999961,car
img_000636.jpg,msa1557,msa1557,True,0,1.0000,0.999907,car
img_000641.jpg,ocz6223,ocz6223,True,0,1.0000,0.999774,car
img_000646.jpg,ppx4854,ppx4854,True,0,1.0000,0.999710,car
img_000649.jpg,odr3127,odr3127,True,0,1.0000,0.997526,car
img_000650.jpg,odm6350,odm6350,True,0,1.0000,0.995798,car
img_000656.jpg,msd0247,msd0247,True,0,1.0000,0.999735,car
img_000657.jpg,msa1557,msa1557,True,0,1.0000,0.999662,car
img_000660.jpg,ppw1889,ppw1889,True,0,1.0000,0.999960,car
img_000661.jpg,mst8531,mst8531,True,0,1.0000,0.999934,car
img_000663.jpg,odi1892,odi1892,True,0,1.0000,0.999287,car
img_000664.jpg,msa7262,msa7262,True,0,1.0000,0.999688,car
img_000668.jpg,ocv7476,ocv7476,True,0,1.0000,0.999877,car
img_000669.jpg,ovk3888,ovk3888,True,0,1.0000,0.999881,car
img_000673.jpg,msf9531,msf9531,True,0,1.0000,0.999721,car
img_000678.jpg,qqr8453,qqr8453,True,0,1.0000,0.999929,car
img_000679.jpg,ppp9250,ppp3250,False,1,0.8571,0.566506,car
img_000680.jpg,ocv2491,ocv2491,True,0,1.0000,0.999373,car
img_000682.jpg,mrq2842,mrq2842,True,0,1.0000,0.995564,car
img_000684.jpg,euv4667,euv4667,True,0,1.0000,0.999923,car
img_000686.jpg,oye0941,oye0941,True,0,1.0000,0.999973,car
img_000689.jpg,qrc6770,qrc6770,True,0,1.0000,0.999954,car
img_000692.jpg,odg3176,odg3176,True,0,1.0000,0.997870,car
img_000693.jpg,mtk8020,mtk8020,True,0,1.0000,0.999914,car
img_000696.jpg,nzt9498,nzt9498,True,0,1.0000,0.999709,car
img_000697.jpg,nzt9498,nzt9498,True,0,1.0000,0.928358,car
img_000699.jpg,ppw4661,ppw4661,True,0,1.0000,0.999782,car
img_000700.jpg,odt6061,odt6061,True,0,1.0000,0.999932,car
img_000701.jpg,msa1557,msa1557,True,0,1.0000,0.999793,car
img_000702.jpg,odt6208,odt6208,True,0,1.0000,0.999826,car
img_000705.jpg,msa7262,msa7262,True,0,1.0000,0.999799,car
img_000706.jpg,ppw9332,ppw9332,True,0,1.0000,0.999988,car
img_000707.jpg,odr3127,odr3127,True,0,1.0000,0.999811,car
img_000709.jpg,qrc9801,qrc9801,True,0,1.0000,0.999963,car
img_000711.jpg,odr3127,odr3127,True,0,1.0000,0.999765,car
img_000712.jpg,msa1557,msa1557,True,0,1.0000,0.999860,car
img_000716.jpg,ppv7264,ppv7264,True,0,1.0000,0.999921,car
img_000719.jpg,ppp7674,ppp7674,True,0,1.0000,0.999954,car
img_000722.jpg,odm8060,oom8060,False,1,0.8571,0.980814,car
img_000726.jpg,msm2979,msm2979,True,0,1.0000,0.999975,car
img_000727.jpg,ppp6853,ppp6853,True,0,1.0000,0.999924,car
img_000728.jpg,qjk6374,qjk6374,True,0,1.0000,0.999702,car
img_000729.jpg,msa1557,msa1557,True,0,1.0000,0.999943,car
img_000730.jpg,ods3662,ods3662,True,0,1.0000,0.999961,car
img_000731.jpg,odp0519,odp0519,True,0,1.0000,0.999754,car
img_000732.jpg,odg3176,odg3176,True,0,1.0000,0.996910,car
img_000733.jpg,ods2590,ods2590,True,0,1.0000,0.999918,car
img_000736.jpg,odr5274,odr5274,True,0,1.0000,0.999951,car
img_000746.jpg,msg7196,msg7196,True,0,1.0000,0.999934,car
img_000761.jpg,ods9896,ods9896,True,0,1.0000,0.999943,car
img_000771.jpg,mtb6923,mtb6923,True,0,1.0000,0.709132,car
img_000776.jpg,mpj4391,mpj4391,True,0,1.0000,0.999962,car
img_000780.jpg,qny4536,qny4536,True,0,1.0000,0.999829,car
img_000786.jpg,ppq7354,ppq7354,True,0,1.0000,0.994784,car
img_000789.jpg,jqj0456,jqj0456,True,0,1.0000,0.985564,car
img_000794.jpg,dam5437,oam5437,False,1,0.8571,0.772431,car
img_000795.jpg,msr4057,msr4057,True,0,1.0000,0.999674,car
img_000798.jpg,odf8178,odf8178,True,0,1.0000,0.959411,car
img_000810.jpg,mtw3110,mtw3110,True,0,1.0000,0.999349,car
img_000824.jpg,ovf0629,ovf0629,True,0,1.0000,0.999819,car
img_000825.jpg,aud9870,auj9870,False,1,0.8571,0.973215,car
img_000831.jpg,msy5362,msy5362,True,0,1.0000,0.999937,car
img_000832.jpg,mss6605,mss6605,True,0,1.0000,0.999588,car
img_000836.jpg,msa2212,msa2212,True,0,1.0000,0.999784,car
img_000840.jpg,oyk7891,oyk7891,True,0,1.0000,0.999839,car
img_000841.jpg,ppm2757,ppm2757,True,0,1.0000,0.999970,car
img_000844.jpg,flu3653,flu3653,True,0,1.0000,0.999917,car
img_000854.jpg,mts0837,mts0837,True,0,1.0000,0.999767,car
img_000857.jpg,mtq6935,mtq6935,True,0,1.0000,0.993565,car
img_000859.jpg,ove2395,ove2395,True,0,1.0000,0.999922,car
img_000863.jpg,msy0949,msy0949,True,0,1.0000,0.999853,car
img_000867.jpg,ppu0714,ppu0714,True,0,1.0000,0.999802,car
img_000872.jpg,ppv8752,ppv8752,True,0,1.0000,0.999930,car
img_000873.jpg,hmi7411,hmi7411,True,0,1.0000,0.999828,car
img_000877.jpg,eeo7107,eeo7107,True,0,1.0000,0.999359,car
img_000880.jpg,mss2913,mss2913,True,0,1.0000,0.999967,car
img_000881.jpg,qrb2043,qrb2043,True,0,1.0000,0.999908,car
img_000892.jpg,mqp6736,mqp6736,True,0,1.0000,0.999933,car
img_000893.jpg,odb9830,odb9830,True,0,1.0000,0.999938,car
img_000898.jpg,ppx0617,ppx0617,True,0,1.0000,0.999916,car
img_000911.jpg,ppz2798,ppz2798,True,0,1.0000,0.999878,car
img_000926.jpg,odn5493,odn5493,True,0,1.0000,0.999918,car
img_000935.jpg,ppo4393,ppo4393,True,0,1.0000,0.999924,car
img_000938.jpg,kpw4529,kpw4529,True,0,1.0000,0.999944,car
img_000939.jpg,hcq3053,hcq3053,True,0,1.0000,0.999818,car
img_000945.jpg,ppe5615,ppe5615,True,0,1.0000,0.999963,car
img_000953.jpg,pvd3867,pvd3867,True,0,1.0000,0.999941,car
img_000954.jpg,ppb0307,ppb0307,True,0,1.0000,0.999820,car
img_000967.jpg,mrd0953,mrd0953,True,0,1.0000,0.999770,car
img_000971.jpg,msj7415,msj7415,True,0,1.0000,0.999931,car
img_000974.jpg,euv4667,euv4667,True,0,1.0000,0.999960,car
img_000978.jpg,gzv6241,gzv6241,True,0,1.0000,0.999802,car
img_000980.jpg,msr4148,msr4148,True,0,1.0000,0.999928,car
img_000994.jpg,odq7295,odq7295,True,0,1.0000,0.999592,car
img_000998.jpg,mqv6554,mqv6554,True,0,1.0000,0.999956,car
img_001028.jpg,lqk5610,lqk5610,True,0,1.0000,0.984933,car
img_001033.jpg,ppm2725,ppm2725,True,0,1.0000,0.999903,car
img_001037.jpg,ode3578,ode3578,True,0,1.0000,0.999934,car
img_001041.jpg,odc0482,odc0482,True,0,1.0000,0.999840,car
img_001050.jpg,ovj6155,ovj6155,True,0,1.0000,0.999927,car
img_001061.jpg,pjv8445,pjv8445,True,0,1.0000,0.998508,car
img_001065.jpg,qrb8380,qrb8380,True,0,1.0000,0.999966,car
img_001069.jpg,ppx4940,ppx4940,True,0,1.0000,0.999939,car
img_001076.jpg,ppx5303,ppx5303,True,0,1.0000,0.999968,car
img_001081.jpg,mtf1704,mtf1704,True,0,1.0000,0.999921,car
img_001084.jpg,ppw9117,ppw9117,True,0,1.0000,0.999876,car
img_001087.jpg,pxd9590,pxd9590,True,0,1.0000,0.560918,car
img_001090.jpg,owp0505,owp0505,True,0,1.0000,0.999587,car
img_001092.jpg,jiy2883,jiy2883,True,0,1.0000,0.999694,car
img_001095.jpg,ppc7990,ppc7990,True,0,1.0000,0.999938,car
img_001109.jpg,mts5428,mts5428,True,0,1.0000,0.999920,car
img_001110.jpg,odq9418,odq9418,True,0,1.0000,0.999968,car
img_001122.jpg,ocz0909,ocz0909,True,0,1.0000,0.997853,car
img_001124.jpg,ppu4196,ppu4196,True,0,1.0000,0.999754,car
img_001127.jpg,ods7161,ods7161,True,0,1.0000,0.999961,car
img_001141.jpg,msb1993,msb1993,True,0,1.0000,0.999481,car
img_001142.jpg,odc7593,odc7593,True,0,1.0000,0.999956,car
img_001145.jpg,odi4526,odi4526,True,0,1.0000,0.999934,car
img_001146.jpg,ppu1195,ppu1195,True,0,1.0000,0.999865,car
img_001152.jpg,mox4428,mox4428,True,0,1.0000,0.977557,car
img_001154.jpg,ppv2253,ppv2253,True,0,1.0000,0.999935,car
img_001156.jpg,ppo6642,ppo6b42,False,1,0.8571,0.848979,car
img_001159.jpg,qpk3360,qpk3360,True,0,1.0000,0.999818,car
img_001160.jpg,ppw2400,ppw2400,True,0,1.0000,0.999934,car
img_001163.jpg,mqj5849,mqj5849,True,0,1.0000,0.998641,car
img_001164.jpg,msx8326,msx8326,True,0,1.0000,0.999389,car
img_001165.jpg,msq4244,msq4244,True,0,1.0000,0.996286,car
img_001166.jpg,mtc5704,mtc5704,True,0,1.0000,0.998847,car
img_001167.jpg,ove1875,ove1875,True,0,1.0000,0.999978,car
img_001177.jpg,ppk8945,ppk8945,True,0,1.0000,0.999639,car
img_001182.jpg,mss2308,mss2308,True,0,1.0000,0.802367,car
img_001185.jpg,odr7608,odr7608,True,0,1.0000,0.999832,car
img_001189.jpg,odf4825,odf4825,True,0,1.0000,0.999903,car
img_001190.jpg,odc0569,odc0569,True,0,1.0000,0.680401,car
img_001191.jpg,ppx5172,ppx5172,True,0,1.0000,0.999956,car
img_001192.jpg,odg6312,odg6312,True,0,1.0000,0.999952,car
img_001194.jpg,mtd3867,mtd3867,True,0,1.0000,0.999904,car
img_001198.jpg,odt6112,odt6112,True,0,1.0000,0.999974,car
img_001199.jpg,mqo6017,mqo6017,True,0,1.0000,0.999927,car
img_001200.jpg,odt6061,odt6061,True,0,1.0000,0.999905,car
img_001201.jpg,mtj5833,mtj5833,True,0,1.0000,0.999895,car
img_001204.jpg,odg3176,odg3176,True,0,1.0000,0.999604,car
img_001205.jpg,mtx0171,mtx0171,True,0,1.0000,0.999850,car
img_001206.jpg,qrc6770,qrc6770,True,0,1.0000,0.999939,car
img_001208.jpg,odi1892,odi1892,True,0,1.0000,0.999780,car
img_001211.jpg,ppx4854,ppx4854,True,0,1.0000,0.999918,car
img_001212.jpg,mtz9247,mtz9247,True,0,1.0000,0.999878,car
img_001213.jpg,mka7333,mka7333,True,0,1.0000,0.999810,car
img_001214.jpg,odt6162,odt6162,True,0,1.0000,0.999947,car
img_001216.jpg,odr3706,odr3706,True,0,1.0000,0.993353,car
img_001217.jpg,odt6092,odt6092,True,0,1.0000,0.999620,car
img_001219.jpg,oye0941,oye0941,True,0,1.0000,0.999978,car
img_001220.jpg,odr5548,odr5548,True,0,1.0000,0.999905,car
img_001221.jpg,odr3127,odr3127,True,0,1.0000,0.999507,car
img_001223.jpg,qrc9801,qrc9801,True,0,1.0000,0.999949,car
img_001226.jpg,odr3984,odr3984,True,0,1.0000,0.999941,car
img_001228.jpg,oye0941,oye0941,True,0,1.0000,0.999960,car
img_001229.jpg,ppx4854,ppx4854,True,0,1.0000,0.999900,car
img_001231.jpg,qrb1720,qrb1720,True,0,1.0000,0.999960,car
img_001232.jpg,ovf6363,ovf6363,True,0,1.0000,0.572231,car
img_001233.jpg,qrc0461,qrc0461,True,0,1.0000,0.999937,car
img_001235.jpg,msr2924,msr2924,True,0,1.0000,0.999841,car
img_001236.jpg,ods2861,ods2861,True,0,1.0000,0.999973,car
img_001238.jpg,ppx6781,ppx6781,True,0,1.0000,0.999971,car
img_001240.jpg,msa1557,msa1557,True,0,1.0000,0.999890,car
img_001241.jpg,mtz8488,lttz848,False,3,0.5714,0.538248,car
img_001242.jpg,msm2979,msm2979,True,0,1.0000,0.999968,car
img_001243.jpg,odo9891,odo9891,True,0,1.0000,0.999832,car
img_001244.jpg,odp0519,odp0519,True,0,1.0000,0.999764,car
img_001245.jpg,odg3176,odg3176,True,0,1.0000,0.996097,car
img_001247.jpg,mty0063,mty0063,True,0,1.0000,0.999739,car
img_001248.jpg,ocz6223,ocz6223,True,0,1.0000,0.999678,car
img_001250.jpg,odt6162,odt6162,True,0,1.0000,0.999924,car
img_001253.jpg,ppx4010,ppx4010,True,0,1.0000,0.999969,car
img_001254.jpg,ppp6398,ppp6398,True,0,1.0000,0.999765,car
img_001255.jpg,odr3127,odr3127,True,0,1.0000,0.999889,car
img_001256.jpg,odo9891,odo9891,True,0,1.0000,0.999853,car
img_001258.jpg,ppp7519,ppp7519,True,0,1.0000,0.999974,car
img_001259.jpg,ppz5238,ppz5238,True,0,1.0000,0.999951,car
img_001260.jpg,msi3655,msi3655,True,0,1.0000,0.999836,car
img_001264.jpg,mtn9522,mtn9522,True,0,1.0000,0.999851,car
img_001265.jpg,ppx0696,ppx0696,True,0,1.0000,0.999919,car
img_001266.jpg,odr3127,odr3127,True,0,1.0000,0.999876,car
img_001267.jpg,odg3176,odg3176,True,0,1.0000,0.999534,car
img_001269.jpg,odo9891,odo9891,True,0,1.0000,0.999843,car
img_001271.jpg,ppx4854,ppx4854,True,0,1.0000,0.999901,car
img_001272.jpg,odi1892,odi1892,True,0,1.0000,0.999764,car
img_001276.jpg,qrc6790,qrc6790,True,0,1.0000,0.999924,car
img_001278.jpg,odr2139,odr2139,True,0,1.0000,0.999855,car
img_001280.jpg,byq3760,byq3760,True,0,1.0000,0.999558,car
img_001281.jpg,mrq2842,mrq2842,True,0,1.0000,0.999742,car
img_001283.jpg,odp0519,odp0519,True,0,1.0000,0.999904,car
img_001284.jpg,qrd1477,qrd1477,True,0,1.0000,0.999909,car
img_001286.jpg,ods5913,ods5913,True,0,1.0000,0.999934,car
img_001287.jpg,msk5187,msk5187,True,0,1.0000,0.999900,car
img_001289.jpg,byq3760,byq3760,True,0,1.0000,0.998997,car
img_001290.jpg,mqx3427,mqx3427,True,0,1.0000,0.999482,car
img_001295.jpg,bqs6540,bqs6540,True,0,1.0000,0.999430,car
img_001296.jpg,odt3275,odt3275,True,0,1.0000,0.990490,car
img_001297.jpg,odt6142,odt6142,True,0,1.0000,0.999963,car
img_001309.jpg,ocz2846,ocz2846,True,0,1.0000,0.999592,car
img_001310.jpg,byq3760,byq3760,True,0,1.0000,0.999187,car
img_001312.jpg,ocx7051,ocx7051,True,0,1.0000,0.999958,car
img_001314.jpg,odg3176,odg3176,True,0,1.0000,0.996645,car
img_001316.jpg,odt6061,odt6061,True,0,1.0000,0.999926,car
img_001318.jpg,ovk9607,ovk9607,True,0,1.0000,0.957932,car
img_001319.jpg,odg3176,odg3176,True,0,1.0000,0.998375,car
img_001320.jpg,qjk6374,qjk6374,True,0,1.0000,0.997510,car
img_001321.jpg,odt6129,odt6129,True,0,1.0000,0.999968,car
img_001322.jpg,odf5623,odf5623,True,0,1.0000,0.999935,car
img_001324.jpg,odt6064,odt6064,True,0,1.0000,0.999953,car
img_001326.jpg,ppw4039,ppw4039,True,0,1.0000,0.999890,car
img_001327.jpg,odr5274,odr5274,True,0,1.0000,0.999947,car
img_001328.jpg,ppp3628,ppp3628,True,0,1.0000,0.999974,car
img_001331.jpg,ppw0076,ppw0076,True,0,1.0000,0.999965,car
img_001332.jpg,ppx4024,ppx4024,True,0,1.0000,0.999942,car
img_001333.jpg,odr3127,odr3127,True,0,1.0000,0.996845,car
img_001334.jpg,mtx0171,mtx0171,True,0,1.0000,0.999811,car
img_001336.jpg,msr1117,msr1117,True,0,1.0000,0.999792,car
img_001337.jpg,mtz3256,mtz3256,True,0,1.0000,0.999808,car
img_001340.jpg,odg1753,odg1753,True,0,1.0000,0.999781,car
img_001343.jpg,odg6312,odg6312,True,0,1.0000,0.999741,car
img_001344.jpg,msf9531,msf9531,True,0,1.0000,0.813149,car
img_001348.jpg,odt6482,odt6482,True,0,1.0000,0.999944,car
img_001349.jpg,mtz3256,mtz3256,True,0,1.0000,0.997075,car
img_001350.jpg,ppw0076,ppw0076,True,0,1.0000,0.999654,car
img_001352.jpg,qrc6770,qrc6770,True,0,1.0000,0.999962,car
img_001353.jpg,ods3662,ods3662,True,0,1.0000,0.999966,car
img_001354.jpg,ppn7838,ppn7838,True,0,1.0000,0.999947,car
img_001356.jpg,odp0519,odp0519,True,0,1.0000,0.999909,car
img_001357.jpg,loy5808,loy5808,True,0,1.0000,0.999818,car
img_001358.jpg,msa7262,msa7262,True,0,1.0000,0.999758,car
img_001361.jpg,odr3127,odr3127,True,0,1.0000,0.999885,car
img_001364.jpg,odo9891,odo9891,True,0,1.0000,0.999950,car
img_001367.jpg,odf2786,odf2786,True,0,1.0000,0.999968,car
img_001371.jpg,mrx3194,mrx3194,True,0,1.0000,0.999221,car
img_001372.jpg,odg1893,odg1893,True,0,1.0000,0.999505,car
img_001373.jpg,odk8117,odk8117,True,0,1.0000,0.999603,car
img_001374.jpg,ovf6363,ovf6363,True,0,1.0000,0.936299,car
img_001376.jpg,odp0519,odp0519,True,0,1.0000,0.999490,car
img_001377.jpg,ppx0155,ppx0155,True,0,1.0000,0.999760,car
img_001380.jpg,mpe2451,mpe2451,True,0,1.0000,0.999857,car
img_001384.jpg,ods2861,ods2861,True,0,1.0000,0.999948,car
img_001386.jpg,byq3760,byq3760,True,0,1.0000,0.999631,car
img_001388.jpg,byq3760,byq3760,True,0,1.0000,0.950438,car
img_001389.jpg,ppv2861,ppv2861,True,0,1.0000,0.999947,car
img_001391.jpg,oye0941,oye0941,True,0,1.0000,0.999924,car
img_001392.jpg,odt6208,odt6208,True,0,1.0000,0.999959,car
img_001393.jpg,odg3967,odg3967,True,0,1.0000,0.999898,car
img_001395.jpg,ppx5163,ppx5163,True,0,1.0000,0.999338,car
img_001396.jpg,mtz3549,mtz3549,True,0,1.0000,0.999862,car
img_001397.jpg,odp0519,odp0519,True,0,1.0000,0.999807,car
img_001398.jpg,qrc6770,qrc6770,True,0,1.0000,0.999939,car
img_001399.jpg,ods3398,ods3398,True,0,1.0000,0.999971,car
img_001400.jpg,fda4010,fda4010,True,0,1.0000,0.999840,car
img_001401.jpg,odo9891,odo9891,True,0,1.0000,0.999941,car
img_001404.jpg,ppw0076,ppw0076,True,0,1.0000,0.999966,car
img_001406.jpg,ods6881,ods6881,True,0,1.0000,0.999925,car
img_001407.jpg,odr3127,odr3127,True,0,1.0000,0.999587,car
img_001408.jpg,odf4543,odf4543,True,0,1.0000,0.999892,car
img_001409.jpg,msc9128,msc9128,True,0,1.0000,0.999943,car
img_001410.jpg,ppt9994,ppt9994,True,0,1.0000,0.999980,car
img_001416.jpg,odp0519,odp0519,True,0,1.0000,0.999911,car
img_001417.jpg,odg6312,odg6312,True,0,1.0000,0.999961,car
img_001418.jpg,hai9942,hai9942,True,0,1.0000,0.999906,car
img_001419.jpg,ocv6153,ocv6153,True,0,1.0000,0.999862,car
img_001424.jpg,ppp7505,ppp7505,True,0,1.0000,0.999974,car
img_001427.jpg,mqn5440,mqn5440,True,0,1.0000,0.999902,car
img_001430.jpg,ovi1629,ovi1629,True,0,1.0000,0.999869,car
img_001432.jpg,ppp4341,ppp4341,True,0,1.0000,0.999970,car
img_001434.jpg,mtz3549,mtz3549,True,0,1.0000,0.999802,car
img_001436.jpg,ppp7519,ppp7519,True,0,1.0000,0.999964,car
img_001446.jpg,oqi5224,oqi5224,True,0,1.0000,0.998919,car
img_001453.jpg,byq3760,byo3760,False,1,0.8571,0.968804,car
img_001455.jpg,mtx0171,mtx0171,True,0,1.0000,0.999915,car
img_001456.jpg,odt6063,odt6063,True,0,1.0000,0.999794,car
img_001461.jpg,mrl3604,mrl3604,True,0,1.0000,0.954366,car
img_001462.jpg,odr4149,odr4149,True,0,1.0000,0.999939,car
img_001463.jpg,mtz3549,mtz3549,True,0,1.0000,0.999810,car
img_001464.jpg,odt7199,odt7199,True,0,1.0000,0.999946,car
img_001465.jpg,mtz3256,mtz3256,True,0,1.0000,0.999834,car
img_001469.jpg,msa7262,msa7262,True,0,1.0000,0.999922,car
img_001472.jpg,odt7297,odt7297,True,0,1.0000,0.999965,car
img_001475.jpg,ods2015,ods2015,True,0,1.0000,0.999981,car
img_001476.jpg,odo9891,odo9891,True,0,1.0000,0.999264,car
img_001477.jpg,pps5495,pps5495,True,0,1.0000,0.999856,car
img_001478.jpg,msa1557,msa1557,True,0,1.0000,0.999876,car
img_001481.jpg,odp0519,odp0519,True,0,1.0000,0.999958,car
img_001482.jpg,mry9914,mry9914,True,0,1.0000,0.999969,car
img_001484.jpg,ovf6363,ovf6363,True,0,1.0000,0.999947,car
img_001488.jpg,odr3127,odr3127,True,0,1.0000,0.992221,car
img_001492.jpg,mpw8555,mpw8555,True,0,1.0000,0.999750,car
img_001494.jpg,mtn9522,mtn9522,True,0,1.0000,0.999361,car
img_001495.jpg,odr3127,odr3127,True,0,1.0000,0.996035,car
img_001497.jpg,iwd5655,iwd5655,True,0,1.0000,0.999148,car
img_001498.jpg,ppx4048,ppx4048,True,0,1.0000,0.999815,car
img_001499.jpg,odg3967,odg3967,True,0,1.0000,0.999940,car
img_001500.jpg,ppx7377,ppx7377,True,0,1.0000,0.999773,car
img_001501.jpg,ppx5165,ppx5165,True,0,1.0000,0.999923,car
img_001504.jpg,ppv2861,ppv2861,True,0,1.0000,0.999967,car
img_001505.jpg,mtz3256,mtz3256,True,0,1.0000,0.996157,car
img_001507.jpg,msb4766,msb4766,True,0,1.0000,0.999322,car
img_001508.jpg,ppp6853,ppp6853,True,0,1.0000,0.999927,car
img_001509.jpg,ppp3628,ppp3628,True,0,1.0000,0.999872,car
img_001511.jpg,msb8136,msb8136,True,0,1.0000,0.999822,car
img_001514.jpg,ods2015,ods2015,True,0,1.0000,0.999971,car
img_001516.jpg,ods6119,ods6119,True,0,1.0000,0.999956,car
img_001517.jpg,msa1557,msa1557,True,0,1.0000,0.999919,car
img_001520.jpg,msk2049,msk2049,True,0,1.0000,0.999952,car
img_001521.jpg,ovf6363,ovf6363,True,0,1.0000,0.999908,car
img_001522.jpg,mrx3194,mrx3194,True,0,1.0000,0.999903,car
img_001524.jpg,mrx3194,mrx3194,True,0,1.0000,0.999895,car
img_001526.jpg,mry9914,mry9914,True,0,1.0000,0.999938,car
img_001527.jpg,odg6312,odg6312,True,0,1.0000,0.999921,car
img_001528.jpg,ppv2861,ppv2861,True,0,1.0000,0.999219,car
img_001534.jpg,odt6162,odt6162,True,0,1.0000,0.999802,car
img_001535.jpg,qrc6770,qrc6770,True,0,1.0000,0.999942,car
img_001536.jpg,ppx5165,ppx5165,True,0,1.0000,0.999948,car
img_001537.jpg,ppx0691,ppx0691,True,0,1.0000,0.999959,car
img_001540.jpg,ppx5163,ppx5163,True,0,1.0000,0.999627,car
img_001541.jpg,mtk9460,mtk9460,True,0,1.0000,0.999307,car
img_001542.jpg,odr3127,odr3127,True,0,1.0000,0.999959,car
img_001544.jpg,pyd9944,pyd9944,True,0,1.0000,0.999938,car
img_001545.jpg,ods2590,ods2590,True,0,1.0000,0.999910,car
img_001549.jpg,mts7362,mts7362,True,0,1.0000,0.999911,car
img_001551.jpg,odf3904,odf3904,True,0,1.0000,0.999583,car
img_001552.jpg,odi4526,odi4526,True,0,1.0000,0.999945,car
img_001554.jpg,ppp7010,ppp7010,True,0,1.0000,0.999885,car
img_001556.jpg,mpj4590,mpj4590,True,0,1.0000,0.999938,car
img_001557.jpg,qrd3004,qrd3004,True,0,1.0000,0.999833,car
img_001565.jpg,ppw0076,ppw0076,True,0,1.0000,0.999462,car
img_001566.jpg,byq3760,byq3760,True,0,1.0000,0.999238,car
img_001567.jpg,odh0279,odh0279,True,0,1.0000,0.999658,car
img_001569.jpg,msb4766,msb4766,True,0,1.0000,0.999135,car
img_001570.jpg,odr4149,odr4149,True,0,1.0000,0.999194,car
img_001573.jpg,ppx0696,ppx0696,True,0,1.0000,0.999923,car
img_001574.jpg,ocx3790,ocx3790,True,0,1.0000,0.999946,car
img_001575.jpg,mtn9622,mtn9622,True,0,1.0000,0.999849,car
img_001576.jpg,msa7262,msa7262,True,0,1.0000,0.999818,car
img_001578.jpg,odr3127,odr3127,True,0,1.0000,0.999772,car
img_001580.jpg,ppx4040,ppx4040,True,0,1.0000,0.999918,car
img_001581.jpg,gvp0415,gvp0415,True,0,1.0000,0.998699,car
img_001584.jpg,ppp6398,ppp6398,True,0,1.0000,0.999956,car
img_001585.jpg,odg5904,odg5904,True,0,1.0000,0.999979,car
img_001588.jpg,odg3176,odg3176,True,0,1.0000,0.999644,car
img_001589.jpg,ppo7252,ppo7252,True,0,1.0000,0.999857,car
img_001597.jpg,odg1753,odg1753,True,0,1.0000,0.999803,car
img_001601.jpg,odr3127,odr3127,True,0,1.0000,0.999695,car
img_001606.jpg,odc6531,odc6531,True,0,1.0000,0.999807,car
img_001607.jpg,mte5192,mte5192,True,0,1.0000,0.999843,car
img_001608.jpg,ods3662,ods3662,True,0,1.0000,0.999893,car
img_001609.jpg,ppo4419,ppo4419,True,0,1.0000,0.999730,car
img_001610.jpg,odt6129,odt6129,True,0,1.0000,0.999941,car
img_001612.jpg,qjk6374,qjk6374,True,0,1.0000,0.999409,car
img_001613.jpg,ppx0160,ppx0160,True,0,1.0000,0.999967,car
img_001614.jpg,msb4766,msb4766,True,0,1.0000,0.999711,car
img_001616.jpg,odt6092,odt6092,True,0,1.0000,0.999806,car
img_001622.jpg,ods2624,ods2624,True,0,1.0000,0.999846,car
img_001626.jpg,ppp2796,ppp2796,True,0,1.0000,0.999932,car
img_001627.jpg,odf2786,odf2786,True,0,1.0000,0.999966,car
img_001628.jpg,oyj3918,oyj3918,True,0,1.0000,0.999869,car
img_001629.jpg,ppz9135,ppz9135,True,0,1.0000,0.999689,car
img_001630.jpg,odg3967,odg3967,True,0,1.0000,0.999934,car
img_001631.jpg,ppx0155,ppx0155,True,0,1.0000,0.999955,car
img_001633.jpg,odt6112,odt6112,True,0,1.0000,0.999828,car
img_001634.jpg,mrx7902,mrx7902,True,0,1.0000,0.999625,car
img_001637.jpg,mts7362,mts7362,True,0,1.0000,0.998814,car
img_001640.jpg,mtz3549,mtz3549,True,0,1.0000,0.999907,car
img_001643.jpg,odf7548,odf7548,True,0,1.0000,0.999966,car
img_001645.jpg,ppp9250,ppp9250,True,0,1.0000,0.999908,car
img_001646.jpg,odr3127,odr3127,True,0,1.0000,0.999861,car
img_001647.jpg,msk5187,msk5187,True,0,1.0000,0.999879,car
img_001651.jpg,qrc6770,qrc6770,True,0,1.0000,0.999837,car
img_001653.jpg,ppp6749,ppp6749,True,0,1.0000,0.999963,car
img_001658.jpg,ppb5250,ppb5250,True,0,1.0000,0.976924,car
img_001660.jpg,evz7529,evz7529,True,0,1.0000,0.999039,car
img_001661.jpg,ppx4024,ppx4024,True,0,1.0000,0.999942,car
img_001664.jpg,ppp9250,ppp9250,True,0,1.0000,0.999962,car
img_001667.jpg,ppw0032,ppw0032,True,0,1.0000,0.999964,car
img_001669.jpg,ppx9984,ppa9584,False,2,0.7143,0.444322,car
img_001671.jpg,odt6142,odt6142,True,0,1.0000,0.999961,car
img_001672.jpg,odt6129,odt6129,True,0,1.0000,0.999935,car
img_001674.jpg,ovf6363,ovf6363,True,0,1.0000,0.955162,car
img_001676.jpg,odr3694,odr3694,True,0,1.0000,0.999929,car
img_001677.jpg,mtx0171,mtx0171,True,0,1.0000,0.999914,car
img_001678.jpg,qrc6770,qrc6770,True,0,1.0000,0.999938,car
img_001679.jpg,odo9891,odo9891,True,0,1.0000,0.999817,car
img_001680.jpg,mtz9247,mtz9247,True,0,1.0000,0.998696,car
img_001682.jpg,ppw0076,ppw0076,True,0,1.0000,0.999975,car
img_001685.jpg,msa7262,msa7262,True,0,1.0000,0.999879,car
img_001687.jpg,qnr5824,qnr5824,True,0,1.0000,0.999941,car
img_001688.jpg,ppl5787,ppl5787,True,0,1.0000,0.999860,car
img_001692.jpg,mtx0171,mtx0171,True,0,1.0000,0.999921,car
img_001693.jpg,odr3127,odr3127,True,0,1.0000,0.999115,car
img_001696.jpg,mts7362,mts7362,True,0,1.0000,0.999941,car
img_001698.jpg,ppj4189,ppj4189,True,0,1.0000,0.999950,car
img_001700.jpg,ovk3888,oyk3888,False,1,0.8571,0.998603,car
img_001705.jpg,odr3127,odr3127,True,0,1.0000,0.999860,car
img_001708.jpg,ovk3888,ovk3888,True,0,1.0000,0.999237,car
img_001710.jpg,odg4873,odg4873,True,0,1.0000,0.999978,car
img_001712.jpg,qrc6770,qrc6770,True,0,1.0000,0.999894,car
img_001713.jpg,mtz4291,mtz4291,True,0,1.0000,0.882696,car
img_001714.jpg,ppp6853,ppp6853,True,0,1.0000,0.999935,car
img_001716.jpg,odt6092,odt6092,True,0,1.0000,0.999860,car
img_001717.jpg,ppw9332,ppw9332,True,0,1.0000,0.999989,car
img_001719.jpg,ods6881,ods6881,True,0,1.0000,0.999950,car
img_001722.jpg,ppu6390,ppu6390,True,0,1.0000,0.999868,car
img_001723.jpg,odr3127,odr3127,True,0,1.0000,0.999895,car
img_001726.jpg,ppz5238,ppz5238,True,0,1.0000,0.999872,car
img_001727.jpg,ppp9250,ppp9250,True,0,1.0000,0.999956,car
img_001728.jpg,odt6129,odt6129,True,0,1.0000,0.999981,car
img_001737.jpg,odt6061,odt6061,True,0,1.0000,0.999786,car
img_001738.jpg,ppx0696,ppx0696,True,0,1.0000,0.999948,car
img_001740.jpg,qjk6374,qjk6374,True,0,1.0000,0.998321,car
img_001742.jpg,mtz3256,mtz3256,True,0,1.0000,0.993551,car
img_001744.jpg,ovk5846,ovk5846,True,0,1.0000,0.999884,car
img_001746.jpg,ppx5170,ppx5170,True,0,1.0000,0.999909,car
img_001747.jpg,odt6482,odt6482,True,0,1.0000,0.999954,car
img_001748.jpg,mtz9247,mtz9247,True,0,1.0000,0.999865,car
img_001749.jpg,ppw0076,ppw0076,True,0,1.0000,0.999970,car
img_001750.jpg,qjk6374,qjk6374,True,0,1.0000,0.999549,car
img_001751.jpg,msk5187,msk5187,True,0,1.0000,0.999942,car
img_001752.jpg,odt6092,odt6092,True,0,1.0000,0.999802,car
img_001754.jpg,odi1892,odi1892,True,0,1.0000,0.999656,car
img_001755.jpg,mts7362,mts7362,True,0,1.0000,0.999947,car
img_001756.jpg,odr3127,odr3127,True,0,1.0000,0.999852,car
img_001757.jpg,qrd2970,qrd2970,True,0,1.0000,0.999959,car
img_001759.jpg,mst8531,mst8531,True,0,1.0000,0.999895,car
img_001760.jpg,odm0438,odm0438,True,0,1.0000,0.999956,car
img_001763.jpg,olq5547,olq5547,True,0,1.0000,0.997534,car
img_001767.jpg,ppx0700,ppx0700,True,0,1.0000,0.999954,car
img_001770.jpg,mst4686,mst4686,True,0,1.0000,0.999727,car
img_001771.jpg,odh0279,odh0279,True,0,1.0000,0.985069,car
img_001772.jpg,odt6142,odt6142,True,0,1.0000,0.998889,car
img_001774.jpg,mts7362,mts7362,True,0,1.0000,0.999653,car
img_001775.jpg,mst8531,mst8531,True,0,1.0000,0.999450,car
img_001776.jpg,mpu1861,mpu1861,True,0,1.0000,0.998369,car
img_001778.jpg,mtg5739,mtg5739,True,0,1.0000,0.998046,car
img_001782.jpg,odt6112,odt6112,True,0,1.0000,0.999961,car
img_001783.jpg,ppx0696,ppx0696,True,0,1.0000,0.999960,car
img_001784.jpg,ppx4048,ppx4048,True,0,1.0000,0.999950,car
img_001785.jpg,odt6208,odt6208,True,0,1.0000,0.999906,car
img_001787.jpg,mtx0171,mtx0171,True,0,1.0000,0.999865,car
img_001788.jpg,mty6370,mty6370,True,0,1.0000,0.999840,car
img_001789.jpg,ovf6363,ovf6363,True,0,1.0000,0.999862,car
img_001790.jpg,msb4766,msb4766,True,0,1.0000,0.999869,car
img_001792.jpg,byq3760,byq3760,True,0,1.0000,0.999746,car
img_001793.jpg,odo1303,odo1303,True,0,1.0000,0.999034,car
img_001794.jpg,msa7262,msa7262,True,0,1.0000,0.999874,car
img_001797.jpg,odr3127,odr3127,True,0,1.0000,0.999954,car
img_001798.jpg,ppv7264,ppv7264,True,0,1.0000,0.999742,car
img_001800.jpg,qrc6742,qrc6742,True,0,1.0000,0.999941,car
img_001802.jpg,ods3398,ods3398,True,0,1.0000,0.999967,car
img_001803.jpg,ode6371,ode6371,True,0,1.0000,0.999880,car
img_001804.jpg,odr4042,odr4042,True,0,1.0000,0.999770,car
img_001805.jpg,ppz2988,ppz2988,True,0,1.0000,0.999943,car
img_001806.jpg,odr3127,odr3127,True,0,1.0000,0.999754,car
img_001807.jpg,ppz5238,ppz5238,True,0,1.0000,0.999935,car
img_001808.jpg,ods6119,ods6119,True,0,1.0000,0.999954,car
img_001811.jpg,ppw3952,ppw3952,True,0,1.0000,0.999874,car
img_001813.jpg,odi1892,odi1892,True,0,1.0000,0.999786,car
img_001819.jpg,odr3127,odr3127,True,0,1.0000,0.997911,car
img_001823.jpg,mtn9522,mtn9522,True,0,1.0000,0.999806,car
img_001825.jpg,odt6061,odt6061,True,0,1.0000,0.999929,car
img_001826.jpg,qwt4740,qwt4740,True,0,1.0000,0.999863,car
img_001828.jpg,odt6112,odt6112,True,0,1.0000,0.999945,car
img_001829.jpg,msk5187,msk5187,True,0,1.0000,0.999963,car
img_001830.jpg,ppi8255,ppi8255,True,0,1.0000,0.999860,car
img_001831.jpg,mqq9045,mqq9045,True,0,1.0000,0.998911,car
img_001832.jpg,ods3662,ods3662,True,0,1.0000,0.999957,car
img_001835.jpg,qrc6770,qrc6770,True,0,1.0000,0.999863,car
img_001838.jpg,mtz9247,mtz9247,True,0,1.0000,0.989500,car
img_001839.jpg,odr3127,odr3127,True,0,1.0000,0.999943,car
img_001840.jpg,odt6251,odt6251,True,0,1.0000,0.999944,car
img_001841.jpg,msb4766,msb4766,True,0,1.0000,0.999845,car
img_001843.jpg,msa7262,msa7262,True,0,1.0000,0.999881,car
img_001844.jpg,ovk5846,ovk5846,True,0,1.0000,0.999887,car
img_001850.jpg,gwq6575,gwq6575,True,0,1.0000,0.976253,car
img_001856.jpg,mqv6554,mqv6554,True,0,1.0000,0.999892,car
img_001857.jpg,odf2786,odf2786,True,0,1.0000,0.972913,car
img_001858.jpg,odg3967,odg3967,True,0,1.0000,0.999783,car
img_001859.jpg,ppp2796,ppp2796,True,0,1.0000,0.999918,car
img_001860.jpg,odg6312,odg6312,True,0,1.0000,0.999941,car
img_001861.jpg,ocx7051,ocx7051,True,0,1.0000,0.999962,car
img_001862.jpg,ppw4661,ppw4661,True,0,1.0000,0.999755,car
img_001863.jpg,qrb1690,qrb1690,True,0,1.0000,0.999856,car
img_001866.jpg,mtz8488,mtz8488,True,0,1.0000,0.850420,car
img_001870.jpg,odt6061,odt6061,True,0,1.0000,0.999914,car
img_001871.jpg,qhl7752,qhl7752,True,0,1.0000,0.936235,car
img_001873.jpg,odr0379,odr0379,True,0,1.0000,0.999774,car
img_001874.jpg,odr3127,odr3127,True,0,1.0000,0.998849,car
img_001876.jpg,byq3760,byq3760,True,0,1.0000,0.999660,car
img_001882.jpg,ppx7377,ppx7377,True,0,1.0000,0.999821,car
img_001885.jpg,ppx0700,ppx0700,True,0,1.0000,0.999949,car
img_001886.jpg,odf7548,odf7548,True,0,1.0000,0.999971,car
img_001887.jpg,ovf7961,ovf7961,True,0,1.0000,0.999926,car
img_001888.jpg,odt6112,odt6112,True,0,1.0000,0.999929,car
img_001889.jpg,odg3967,odg3967,True,0,1.0000,0.999674,car
img_001890.jpg,qjk6374,qjk6374,True,0,1.0000,0.999411,car
img_001891.jpg,ppx4024,ppx4024,True,0,1.0000,0.999954,car
img_001892.jpg,ods3662,ods3662,True,0,1.0000,0.999968,car
img_001893.jpg,mtz3256,mtz3256,True,0,1.0000,0.999690,car
img_001895.jpg,qrc6770,qrc6770,True,0,1.0000,0.999936,car
img_001896.jpg,odt6169,odt6169,True,0,1.0000,0.999962,car
img_001897.jpg,mqm4704,mqm4704,True,0,1.0000,0.999977,car
img_001898.jpg,mts7362,mts7362,True,0,1.0000,0.999885,car
img_001899.jpg,ppp3628,ppp3628,True,0,1.0000,0.999968,car
img_001900.jpg,odr3694,odr3694,True,0,1.0000,0.999444,car
img_001901.jpg,ppp2796,ppp2796,True,0,1.0000,0.999881,car
img_001902.jpg,mtz9247,mtz9247,True,0,1.0000,0.999837,car
img_001905.jpg,odr3706,odr3706,True,0,1.0000,0.999250,car
img_001906.jpg,msa7262,msa7262,True,0,1.0000,0.999652,car
img_001907.jpg,mka7333,mka7333,True,0,1.0000,0.999695,car
img_001908.jpg,ods3004,ods3004,True,0,1.0000,0.999981,car
img_001909.jpg,ods2590,ods2590,True,0,1.0000,0.999835,car
img_001911.jpg,mtz3256,mtz3256,True,0,1.0000,0.999678,car
img_001912.jpg,odr4042,odr4042,True,0,1.0000,0.964538,car
img_001914.jpg,qrb1720,qrb1720,True,0,1.0000,0.999970,car
img_001917.jpg,ppv0918,ppv0918,True,0,1.0000,0.999912,car
img_001918.jpg,mry9914,mry9914,True,0,1.0000,0.999945,car
img_001919.jpg,ods3861,ods3861,True,0,1.0000,0.999964,car
img_001924.jpg,qrc6790,qrc6790,True,0,1.0000,0.999899,car
img_001926.jpg,ppz2988,ppz2988,True,0,1.0000,0.999667,car
img_001928.jpg,mpu1861,mpu1861,True,0,1.0000,0.999897,car
img_001929.jpg,odi5590,odi5590,True,0,1.0000,0.999915,car
img_001930.jpg,odt6061,odt6061,True,0,1.0000,0.999927,car
img_001932.jpg,odr4149,odr4149,True,0,1.0000,0.999914,car
img_001933.jpg,mtz3256,mtz3256,True,0,1.0000,0.998890,car
img_001935.jpg,qjk6374,qjk6374,True,0,1.0000,0.999727,car
img_001936.jpg,qrc6770,qrc6770,True,0,1.0000,0.999871,car
img_001937.jpg,odr3127,odr3127,True,0,1.0000,0.999943,car
img_001938.jpg,ppx4048,ppx4048,True,0,1.0000,0.999927,car
img_001940.jpg,ppx4024,ppx4024,True,0,1.0000,0.999889,car
img_001941.jpg,mtz4291,mtz5291,False,1,0.8571,0.691949,car
img_001942.jpg,mty0063,mty0063,True,0,1.0000,0.999435,car
img_001943.jpg,odt6064,odt6064,True,0,1.0000,0.999939,car
img_001945.jpg,ppx4034,ppx4034,True,0,1.0000,0.999945,car
img_001946.jpg,ods3398,ods3398,True,0,1.0000,0.999985,car
img_001947.jpg,ovf6320,ovf6320,True,0,1.0000,0.999711,car
img_001951.jpg,odr3127,odr3127,True,0,1.0000,0.999753,car
img_001953.jpg,mtx0171,mtx0171,True,0,1.0000,0.999919,car
img_001954.jpg,mts7362,mts7362,True,0,1.0000,0.999967,car
img_001957.jpg,odt6064,odt6064,True,0,1.0000,0.999006,car
img_001958.jpg,mka7333,mka7333,True,0,1.0000,0.999708,car
img_001960.jpg,odp0519,odp0519,True,0,1.0000,0.999707,car
img_001964.jpg,ppz5238,ppz5238,True,0,1.0000,0.999941,car
img_001965.jpg,ppp5321,ppp5321,True,0,1.0000,0.999716,car
img_001969.jpg,ppx0700,ppx0700,True,0,1.0000,0.999632,car
img_001970.jpg,odi5590,odi5590,True,0,1.0000,0.999934,car
img_001971.jpg,ods4776,ods4776,True,0,1.0000,0.991994,car
img_001972.jpg,odp0519,odp0519,True,0,1.0000,0.999621,car
img_001973.jpg,mtz8488,mtz8483,False,1,0.8571,0.429663,car
img_001974.jpg,mtz9247,mtz9247,True,0,1.0000,0.998514,car
img_001975.jpg,ppx5165,ppx5165,True,0,1.0000,0.999931,car
img_001976.jpg,odr3127,odr3127,True,0,1.0000,0.999911,car
img_001977.jpg,odh1374,odh1374,True,0,1.0000,0.998919,car
img_001978.jpg,odt6162,odt6162,True,0,1.0000,0.999956,car
img_001979.jpg,ppl5787,ppl5787,True,0,1.0000,0.999788,car
img_001981.jpg,ocz6223,ocz6223,True,0,1.0000,0.999598,car
img_001982.jpg,mtx0171,mtx0171,True,0,1.0000,0.999924,car
img_001983.jpg,mtz3256,mtz3256,True,0,1.0000,0.999527,car
img_001984.jpg,ods4776,ods4776,True,0,1.0000,0.999902,car
img_001985.jpg,ppw9578,ppw9578,True,0,1.0000,0.999942,car
img_001987.jpg,odf2786,odf27e6,False,1,0.8571,0.984663,car
img_001990.jpg,ppw0162,ppw0162,True,0,1.0000,0.999942,car
img_001993.jpg,ppx0696,ppx0696,True,0,1.0000,0.999915,car
img_001997.jpg,ppx0691,ppx0691,True,0,1.0000,0.999940,car
img_001998.jpg,ods3662,ods3662,True,0,1.0000,0.999964,car
img_001999.jpg,odr3694,odr3694,True,0,1.0000,0.999790,car
img_002000.jpg,odt6482,odt6482,True,0,1.0000,0.999926,car
img_002001.jpg,ppw0076,ppw0076,True,0,1.0000,0.999968,car
img_002003.jpg,odr3127,odr3127,True,0,1.0000,0.999618,car
img_002005.jpg,mry9914,mry9914,True,0,1.0000,0.999961,car
img_002007.jpg,ppx6781,ppx6781,True,0,1.0000,0.999952,car
img_002008.jpg,msb4766,msb4766,True,0,1.0000,0.999554,car
img_002010.jpg,odt6112,odt6112,True,0,1.0000,0.999963,car
img_002012.jpg,ods3398,ods3398,True,0,1.0000,0.999927,car
img_002015.jpg,odt6142,odt6142,True,0,1.0000,0.999964,car
img_002016.jpg,ovf6363,ovf6363,True,0,1.0000,0.941713,car
img_002020.jpg,odt6129,odt6129,True,0,1.0000,0.999941,car
img_002021.jpg,ppx0696,ppx0696,True,0,1.0000,0.999923,car
img_002022.jpg,odt6112,odt6112,True,0,1.0000,0.999949,car
img_002026.jpg,odp0519,odp0519,True,0,1.0000,0.999879,car
img_002027.jpg,ods3662,ods3662,True,0,1.0000,0.999959,car
img_002028.jpg,odr3127,odr3127,True,0,1.0000,0.999260,car
img_002029.jpg,odt6162,odt6162,True,0,1.0000,0.999955,car
img_002030.jpg,byq3760,byq3760,True,0,1.0000,0.999809,car
img_002031.jpg,ppp7010,ppp7010,True,0,1.0000,0.999969,car
img_002035.jpg,ppw0076,ppw0076,True,0,1.0000,0.999971,car
img_002037.jpg,msa7262,msa7262,True,0,1.0000,0.999811,car
img_002038.jpg,ppx0155,ppx0155,True,0,1.0000,0.999941,car
img_002041.jpg,odf4543,odf4543,True,0,1.0000,0.999934,car
img_002042.jpg,odg9132,odg9132,True,0,1.0000,0.999870,car
img_002043.jpg,mtx0171,mtx0171,True,0,1.0000,0.999915,car
img_002044.jpg,mtz3256,mtz3256,True,0,1.0000,0.999440,car
img_002045.jpg,odg1753,odg1753,True,0,1.0000,0.999609,car
img_002049.jpg,ppx5172,ppx5172,True,0,1.0000,0.999954,car
img_002051.jpg,qrc6742,qrc6742,True,0,1.0000,0.970509,car
img_002057.jpg,ppp7674,ppp7674,True,0,1.0000,0.999868,car
img_002058.jpg,ppv9053,ppv9053,True,0,1.0000,0.999962,car
img_002060.jpg,ppp2796,ppp2796,True,0,1.0000,0.999928,car
img_002062.jpg,ppp7519,ppp7519,True,0,1.0000,0.999966,car
img_002064.jpg,ods4776,ods4776,True,0,1.0000,0.999972,car
img_002067.jpg,odr4149,odr4149,True,0,1.0000,0.999879,car
img_002071.jpg,ppl5787,ppl5787,True,0,1.0000,0.994837,car
img_002075.jpg,mtg5739,mtg5739,True,0,1.0000,0.989914,car
img_002076.jpg,ppi2549,ppi2549,True,0,1.0000,0.999960,car
img_002079.jpg,odg3990,odg3990,True,0,1.0000,0.999920,car
img_002080.jpg,odt6061,odt6061,True,0,1.0000,0.999918,car
img_002083.jpg,ppw1889,ppw1889,True,0,1.0000,0.999926,car
img_002084.jpg,odt6112,odt6112,True,0,1.0000,0.999962,car
img_002085.jpg,ppx0700,ppx0700,True,0,1.0000,0.999928,car
img_002086.jpg,odp0519,odp0519,True,0,1.0000,0.999889,car
img_002087.jpg,ods3662,ods3662,True,0,1.0000,0.999970,car
img_002088.jpg,ppw0076,ppw0076,True,0,1.0000,0.999945,car
img_002089.jpg,odr3127,odr3127,True,0,1.0000,0.999387,car
img_002090.jpg,odg9132,odg9132,True,0,1.0000,0.999744,car
img_002091.jpg,odo0659,odo0659,True,0,1.0000,0.999912,car
img_002092.jpg,mtz3256,mtz3256,True,0,1.0000,0.997132,car
img_002094.jpg,msb4766,msb4766,True,0,1.0000,0.999529,car
img_002095.jpg,mtx0171,mtx0171,True,0,1.0000,0.999837,car
img_002096.jpg,ovl4093,ovl4093,True,0,1.0000,0.999031,car
img_002097.jpg,ppp5321,ppp5321,True,0,1.0000,0.999969,car
img_002098.jpg,mry9914,mry9914,True,0,1.0000,0.999872,car
img_002101.jpg,ods2861,ods2861,True,0,1.0000,0.999811,car
img_002106.jpg,odr3127,odr3127,True,0,1.0000,0.989723,car
img_002107.jpg,ppw9332,ppw9332,True,0,1.0000,0.999915,car
img_002110.jpg,ppp6110,ppp6110,True,0,1.0000,0.857398,car
img_002113.jpg,qrc0461,qrc0461,True,0,1.0000,0.999939,car
img_002119.jpg,mtz3256,mtz3256,True,0,1.0000,0.980315,car
img_002120.jpg,ppx4048,ppx4048,True,0,1.0000,0.999955,car
img_002121.jpg,ovf6363,ovf6363,True,0,1.0000,0.994874,car
img_002122.jpg,mtx0171,mtx0171,True,0,1.0000,0.999860,car
img_002123.jpg,odt6061,odt6061,True,0,1.0000,0.999892,car
img_002125.jpg,odr3127,odr3127,True,0,1.0000,0.999654,car
img_002126.jpg,ods3662,ods3662,True,0,1.0000,0.999967,car
img_002128.jpg,mka7333,mka7333,True,0,1.0000,0.999308,car
img_002129.jpg,msb4766,msb4766,True,0,1.0000,0.999731,car
img_002130.jpg,odh4584,odh4584,True,0,1.0000,0.999914,car
img_002133.jpg,mtz3256,mtz3256,True,0,1.0000,0.998659,car
img_002135.jpg,mst8531,mst8531,True,0,1.0000,0.999908,car
img_002137.jpg,ppp7010,ppp7010,True,0,1.0000,0.999976,car
img_002141.jpg,odr4042,odr4042,True,0,1.0000,0.997398,car
img_002145.jpg,jju1909,jju1909,True,0,1.0000,0.999943,car
img_002146.jpg,odr4149,odr4149,True,0,1.0000,0.999894,car
img_002147.jpg,mtg5739,mtg5739,True,0,1.0000,0.996109,car
img_002149.jpg,faz6945,faz5945,False,1,0.8571,0.607527,car
img_002150.jpg,odt6112,odt6112,True,0,1.0000,0.999966,car
img_002151.jpg,ppp5346,ppp5346,True,0,1.0000,0.999926,car
img_002152.jpg,ppx4025,ppx4025,True,0,1.0000,0.999952,car
img_002153.jpg,mqv6554,mqv6554,True,0,1.0000,0.999938,car
img_002154.jpg,ods2590,ods2590,True,0,1.0000,0.999959,car
img_002155.jpg,ods3398,ods3398,True,0,1.0000,0.999967,car
img_002156.jpg,mtz3256,mtz3256,True,0,1.0000,0.989424,car
img_002157.jpg,odp0519,odp0519,True,0,1.0000,0.999944,car
img_002158.jpg,ocv6153,ocv6153,True,0,1.0000,0.999894,car
img_002159.jpg,mtx0171,mtx0171,True,0,1.0000,0.999885,car
img_002160.jpg,mro1902,mro1902,True,0,1.0000,0.998606,car
img_002163.jpg,mst4686,mst4686,True,0,1.0000,0.999940,car
img_002164.jpg,ppp3628,ppp3628,True,0,1.0000,0.999961,car
img_002166.jpg,msa7262,msa7262,True,0,1.0000,0.999771,car
img_002167.jpg,odt6482,odt6482,True,0,1.0000,0.999914,car
img_002170.jpg,mtx0171,mtx0171,True,0,1.0000,0.999942,car
img_002171.jpg,odr3127,odr3127,True,0,1.0000,0.999931,car
img_002172.jpg,odh4584,odh4584,True,0,1.0000,0.999876,car
img_002173.jpg,ppx0682,ppx0682,True,0,1.0000,0.999904,car
img_002174.jpg,ppx5165,ppx5165,True,0,1.0000,0.999921,car
img_002175.jpg,odt6064,odt6064,True,0,1.0000,0.999922,car
img_002176.jpg,odt6482,odt6482,True,0,1.0000,0.999960,car
img_002177.jpg,ppp3628,ppp3628,True,0,1.0000,0.999964,car
img_002181.jpg,ppx0700,ppx0700,True,0,1.0000,0.999923,car
img_002183.jpg,odp0519,odp0519,True,0,1.0000,0.999130,car
img_002186.jpg,ovf6363,ovf6363,True,0,1.0000,0.999470,car
img_002195.jpg,odr3694,odr3694,True,0,1.0000,0.999849,car
img_002196.jpg,ods2624,ods2624,True,0,1.0000,0.999961,car
img_002197.jpg,mtz3256,mtz3256,True,0,1.0000,0.998545,car
img_002199.jpg,mql2952,mql2952,True,0,1.0000,0.999956,car
img_002200.jpg,ods3662,ods3662,True,0,1.0000,0.999967,car
img_002202.jpg,ovh8488,ovh8488,True,0,1.0000,0.846396,car
img_002204.jpg,odo0659,odo0659,True,0,1.0000,0.999890,car
img_002205.jpg,odr4042,odr4042,True,0,1.0000,0.996444,car
img_002207.jpg,ppw9332,ppw9332,True,0,1.0000,0.999990,car
img_002208.jpg,msb4766,msb4766,True,0,1.0000,0.999499,car
img_002209.jpg,mtx0171,mtx0171,True,0,1.0000,0.999855,car
img_002210.jpg,mtz3256,mtz3256,True,0,1.0000,0.999608,car
img_002211.jpg,ppp3628,ppp3628,True,0,1.0000,0.999971,car
img_002214.jpg,odt6064,odt6064,True,0,1.0000,0.999918,car
img_002215.jpg,mtn9652,mtn9652,True,0,1.0000,0.999493,car
img_002216.jpg,msk7666,msk7666,True,0,1.0000,0.999921,car
img_002217.jpg,ppx0155,ppx0155,True,0,1.0000,0.999943,car
img_002218.jpg,odp0519,odp0519,True,0,1.0000,0.999377,car
img_002222.jpg,ppz2695,ppz2695,True,0,1.0000,0.999699,car
img_002223.jpg,odh4216,odh4216,True,0,1.0000,0.999947,car
img_002227.jpg,ovf6363,ovf6363,True,0,1.0000,0.998647,car
img_002234.jpg,odg3967,odg3967,True,0,1.0000,0.999955,car
img_002235.jpg,ppx0696,ppx0696,True,0,1.0000,0.999944,car
img_002236.jpg,ods3398,ods3398,True,0,1.0000,0.999935,car
img_002237.jpg,odr4149,odr4149,True,0,1.0000,0.999844,car
img_002239.jpg,mtj5833,mtj5833,True,0,1.0000,0.999923,car
img_002240.jpg,odf5714,odf5714,True,0,1.0000,0.999899,car
img_002241.jpg,ppp3628,ppp3628,True,0,1.0000,0.999963,car
img_002242.jpg,ppx0700,ppx0700,True,0,1.0000,0.999922,car
img_002244.jpg,ovl6090,ovl6090,True,0,1.0000,0.999627,car
img_002245.jpg,odf4543,odf4543,True,0,1.0000,0.999949,car
img_002247.jpg,ppx5165,ppx5165,True,0,1.0000,0.999950,car
img_002249.jpg,ppx5163,ppx5163,True,0,1.0000,0.999223,car
img_002250.jpg,odt6129,odt6129,True,0,1.0000,0.999977,car
img_002251.jpg,mqv6554,mqv6554,True,0,1.0000,0.999962,car
img_002252.jpg,ppw9332,ppw9332,True,0,1.0000,0.999982,car
img_002253.jpg,msa7262,msa7262,True,0,1.0000,0.999891,car
img_002254.jpg,ppp2796,ppp2796,True,0,1.0000,0.999916,car
img_002256.jpg,mtn9652,mtn9652,True,0,1.0000,0.999728,car
img_002257.jpg,mtz3256,mtz3256,True,0,1.0000,0.999620,car
img_002258.jpg,ppx0691,ppx0691,True,0,1.0000,0.999954,car
img_002259.jpg,odr3127,odr3127,True,0,1.0000,0.999787,car
img_002260.jpg,ppx4048,ppx4048,True,0,1.0000,0.999959,car
img_002262.jpg,cvt3644,cvt3644,True,0,1.0000,0.999802,car
img_002267.jpg,pki3355,pki3355,True,0,1.0000,0.999869,car
img_002268.jpg,odr3127,odr3127,True,0,1.0000,0.999911,car
img_002270.jpg,owv9793,owv9793,True,0,1.0000,0.999468,car
img_002272.jpg,pph5379,pph5379,True,0,1.0000,0.999739,car
img_002274.jpg,ppw2922,ppw2922,True,0,1.0000,0.994470,car
img_002275.jpg,ppx0700,ppx0700,True,0,1.0000,0.999907,car
img_002276.jpg,mtz3256,mtz3256,True,0,1.0000,0.998308,car
img_002277.jpg,ppx0700,ppx0700,True,0,1.0000,0.999944,car
img_002286.jpg,lcl4337,lcl4337,True,0,1.0000,0.994621,car
img_002287.jpg,mtz8488,tz8488,False,1,0.8571,0.987077,car
img_002288.jpg,mtz3256,mtz3256,True,0,1.0000,0.998900,car
img_002291.jpg,odt6181,odt6181,True,0,1.0000,0.999951,car
img_002292.jpg,mtx0269,mtx0269,True,0,1.0000,0.996040,car
img_002294.jpg,dml6340,dml6340,True,0,1.0000,0.994976,car
img_002295.jpg,ppz7593,ppz7593,True,0,1.0000,0.999877,car
img_002296.jpg,mqh6337,mqh6337,True,0,1.0000,0.999960,car
img_002297.jpg,mtz3549,mtz3549,True,0,1.0000,0.999742,car
img_002300.jpg,ppp4907,ppp4907,True,0,1.0000,0.999946,car
img_002302.jpg,ppp6110,ppp6110,True,0,1.0000,0.999950,car
img_002305.jpg,byq3760,byq3760,True,0,1.0000,0.999283,car
img_002307.jpg,mtj5833,mtj5833,True,0,1.0000,0.999838,car
img_002308.jpg,msd0247,msd0247,True,0,1.0000,0.999546,car
img_002309.jpg,odf5623,odf5623,True,0,1.0000,0.999911,car
img_002311.jpg,ppp7519,ppp7519,True,0,1.0000,0.999973,car
img_002312.jpg,odr5274,odr5274,True,0,1.0000,0.999950,car
img_002314.jpg,mtz3549,mtz3549,True,0,1.0000,0.999600,car
img_002315.jpg,ppw0076,ppw0076,True,0,1.0000,0.999969,car
img_002316.jpg,ods3662,ods3662,True,0,1.0000,0.999967,car
img_002318.jpg,ppw9332,ppw9332,True,0,1.0000,0.999975,car
img_002320.jpg,odh0228,odh0228,True,0,1.0000,0.997868,car
img_002321.jpg,ods2624,ods2624,True,0,1.0000,0.999867,car
img_002329.jpg,ppw4661,ppw4661,True,0,1.0000,0.999964,car
img_002332.jpg,odg3176,odg3176,True,0,1.0000,0.995770,car
img_002335.jpg,odh1374,odh1374,True,0,1.0000,0.998422,car
img_002336.jpg,qrd3021,qrd3021,True,0,1.0000,0.999966,car
img_002338.jpg,ppw1889,ppw1889,True,0,1.0000,0.999960,car
img_002340.jpg,odt6092,odt6092,True,0,1.0000,0.999816,car
img_002341.jpg,ppp3628,ppp3628,True,0,1.0000,0.999971,car
img_002343.jpg,ods3398,ods3398,True,0,1.0000,0.999967,car
img_002344.jpg,msx9073,msx9073,True,0,1.0000,0.999877,car
img_002347.jpg,mts7362,mts7362,True,0,1.0000,0.999952,car
img_002348.jpg,qjk6374,qjk6374,True,0,1.0000,0.999878,car
img_002351.jpg,odo1303,odo1303,True,0,1.0000,0.999485,car
img_002352.jpg,ppe8144,ppe8144,True,0,1.0000,0.999611,car
img_002360.jpg,mqs2638,mqs2638,True,0,1.0000,0.999196,car
img_002361.jpg,koo9144,koo9144,True,0,1.0000,0.984686,car
img_002362.jpg,ppp7519,ppp7519,True,0,1.0000,0.999969,car
img_002364.jpg,qjk6374,qjk6374,True,0,1.0000,0.999463,car
img_002365.jpg,qrd3021,qrd3021,True,0,1.0000,0.999909,car
img_002369.jpg,odr5274,odr5274,True,0,1.0000,0.999923,car
img_002370.jpg,ods3662,ods3662,True,0,1.0000,0.999971,car
img_002371.jpg,ods3398,ods3398,True,0,1.0000,0.999957,car
img_002372.jpg,lpf4692,lpf4692,True,0,1.0000,0.999877,car
img_002375.jpg,odg3065,odg3065,True,0,1.0000,0.999951,car
img_002376.jpg,odt6064,odt6064,True,0,1.0000,0.999670,car
img_002377.jpg,mtx0269,mtx0269,True,0,1.0000,0.999807,car
img_002378.jpg,ppw0076,ppw0076,True,0,1.0000,0.999958,car
img_002380.jpg,mtg5739,mtg5739,True,0,1.0000,0.998034,car
img_002381.jpg,ppm1763,ppm1763,True,0,1.0000,0.999876,car
img_002383.jpg,odg4873,odg4873,True,0,1.0000,0.999930,car
img_002388.jpg,ppz2988,ppz2988,True,0,1.0000,0.999917,car
img_002390.jpg,odf2786,odf2786,True,0,1.0000,0.999711,car
img_002391.jpg,ppw4661,ppw4661,True,0,1.0000,0.999957,car
img_002392.jpg,odt6251,odt6251,True,0,1.0000,0.999882,car
img_002393.jpg,ppx5163,ppx5163,True,0,1.0000,0.999604,car
img_002395.jpg,msa1557,msa1557,True,0,1.0000,0.999845,car
img_002396.jpg,ppw1889,ppw1889,True,0,1.0000,0.999953,car
img_002398.jpg,ods3398,ods3398,True,0,1.0000,0.999965,car
img_002399.jpg,ppp3628,ppp3628,True,0,1.0000,0.999979,car
img_002401.jpg,ods3662,ods3662,True,0,1.0000,0.999964,car
img_002404.jpg,msd0247,msd0247,True,0,1.0000,0.999728,car
img_002407.jpg,odh0228,odh0228,True,0,1.0000,0.891104,car
img_002410.jpg,odg1753,odg1753,True,0,1.0000,0.999480,car
img_002412.jpg,mtm4102,mtm4102,True,0,1.0000,0.999954,car
img_002413.jpg,odp0519,odp0519,True,0,1.0000,0.999685,car
img_002414.jpg,ppx5167,ppx5167,True,0,1.0000,0.999769,car
img_002416.jpg,qjk6374,qjk6374,True,0,1.0000,0.999756,car
img_002417.jpg,odg4873,odg4873,True,0,1.0000,0.999965,car
img_002418.jpg,mtz8488,mtz8488,True,0,1.0000,0.744756,car
img_002419.jpg,odp0519,odp0519,True,0,1.0000,0.999944,car
img_002420.jpg,mqn3600,mqn3600,True,0,1.0000,0.999954,car
img_002421.jpg,mtx0171,mtx0171,True,0,1.0000,0.999793,car
img_002423.jpg,qrc6770,qrc6770,True,0,1.0000,0.999946,car
img_002424.jpg,ppp7519,ppp7519,True,0,1.0000,0.999978,car
img_002425.jpg,odt6092,odt6092,True,0,1.0000,0.999821,car
img_002426.jpg,ppi4116,ppi4116,True,0,1.0000,0.999568,car
img_002430.jpg,odf4825,odf4825,True,0,1.0000,0.999932,car
img_002431.jpg,ovf6363,ovf6363,True,0,1.0000,0.999812,car
img_002432.jpg,odt6061,odt6061,True,0,1.0000,0.999918,car
img_002437.jpg,ovf6363,ovf6363,True,0,1.0000,0.999935,car
img_002439.jpg,ppp7519,ppp7519,True,0,1.0000,0.999977,car
img_002444.jpg,qrc0464,qrc0464,True,0,1.0000,0.999912,car
img_002446.jpg,mtz3549,mtz3549,True,0,1.0000,0.999832,car
img_002448.jpg,mqu5385,mqu5385,True,0,1.0000,0.997686,car
img_002450.jpg,mtg5739,mtg5739,True,0,1.0000,0.998234,car
img_002451.jpg,odf7548,odf7548,True,0,1.0000,0.999969,car
img_002453.jpg,ods6881,ods6881,True,0,1.0000,0.999953,car
img_002455.jpg,ovh0550,ovh0550,True,0,1.0000,0.998736,car
img_002456.jpg,mtg5739,mtg5739,True,0,1.0000,0.995754,car
img_002457.jpg,odf7548,odf7548,True,0,1.0000,0.999974,car
img_002458.jpg,odt6061,odt6061,True,0,1.0000,0.999889,car
img_002459.jpg,odh0102,odh0102,True,0,1.0000,0.999058,car
img_002460.jpg,ppp3628,ppp3628,True,0,1.0000,0.999975,car
img_002461.jpg,ppt9994,ppt9994,True,0,1.0000,0.999976,car
img_002462.jpg,ppw0076,ppw0076,True,0,1.0000,0.999972,car
img_002463.jpg,ppw1889,ppw1889,True,0,1.0000,0.999949,car
img_002464.jpg,ppp6190,ppp6190,True,0,1.0000,0.999971,car
img_002465.jpg,odr3127,odr3127,True,0,1.0000,0.999773,car
img_002466.jpg,odm3563,odm3563,True,0,1.0000,0.998857,car
img_002468.jpg,mtx0171,mtx0171,True,0,1.0000,0.999846,car
img_002469.jpg,odr3694,odr3694,True,0,1.0000,0.999699,car
img_002470.jpg,odr5274,odr5274,True,0,1.0000,0.999945,car
img_002471.jpg,ppp7519,ppp7519,True,0,1.0000,0.999968,car
img_002472.jpg,mka7333,mka7333,True,0,1.0000,0.999441,car
img_002476.jpg,msd0247,msd0247,True,0,1.0000,0.999855,car
img_002478.jpg,ods3398,ods3398,True,0,1.0000,0.999967,car
img_002482.jpg,odr3127,odr3127,True,0,1.0000,0.999832,car
img_002483.jpg,mts7362,mts7362,True,0,1.0000,0.999301,car
img_002488.jpg,ppv2861,ppv2861,True,0,1.0000,0.999948,car
img_002489.jpg,mry6685,mry6685,True,0,1.0000,0.999876,car
img_002491.jpg,odg3967,odg3967,True,0,1.0000,0.999917,car
img_002493.jpg,mrx7902,mrx7902,True,0,1.0000,0.999822,car
img_002496.jpg,odr4149,odr4149,True,0,1.0000,0.999616,car
img_002497.jpg,odt6061,odt6061,True,0,1.0000,0.999940,car
img_002499.jpg,odt6251,odt6251,True,0,1.0000,0.999954,car
img_002500.jpg,qpz8234,qpz8234,True,0,1.0000,0.999897,car
img_002502.jpg,odp0519,odp0519,True,0,1.0000,0.999656,car
img_002503.jpg,ppx0682,ppx0682,True,0,1.0000,0.999946,car
img_002507.jpg,ppe5416,ppe5416,True,0,1.0000,0.999865,car
img_002508.jpg,odh1374,odh1374,True,0,1.0000,0.999923,car
img_002509.jpg,ppp4907,ppp4907,True,0,1.0000,0.999959,car
img_002511.jpg,ods3398,ods3398,True,0,1.0000,0.999959,car
img_002512.jpg,mst4686,mst4686,True,0,1.0000,0.999263,car
img_002518.jpg,odp0519,odp0519,True,0,1.0000,0.999806,car
img_002519.jpg,ove9712,ove9712,True,0,1.0000,0.993704,car
img_002523.jpg,ods6881,ods6881,True,0,1.0000,0.999760,car
img_002526.jpg,odf7548,odf7548,True,0,1.0000,0.999959,car
img_002529.jpg,odp0519,odp0519,True,0,1.0000,0.999582,car
img_002531.jpg,ods2590,ods2590,True,0,1.0000,0.999945,car
img_002532.jpg,odr5274,odr5274,True,0,1.0000,0.999956,car
img_002534.jpg,mtj5833,mtj5833,True,0,1.0000,0.999839,car
img_002535.jpg,ppp8410,ppp8410,True,0,1.0000,0.999933,car
img_002536.jpg,ods2590,ods2590,True,0,1.0000,0.999965,car
img_002538.jpg,ppw1889,ppw1889,True,0,1.0000,0.999949,car
img_002539.jpg,odg1893,odg1893,True,0,1.0000,0.999168,car
img_002542.jpg,ppx5172,ppx5172,True,0,1.0000,0.999910,car
img_002547.jpg,byq3760,byo3760,False,1,0.8571,0.928797,car
img_002548.jpg,ppl5787,ppl5787,True,0,1.0000,0.999883,car
img_002549.jpg,mqj7289,mqj7289,True,0,1.0000,0.999374,car
img_002553.jpg,mte5192,mte5192,True,0,1.0000,0.999562,car
img_002555.jpg,msx8597,msx8597,True,0,1.0000,0.999881,car
img_002557.jpg,ods2590,ods2590,True,0,1.0000,0.999970,car
img_002558.jpg,ppp5346,ppp5346,True,0,1.0000,0.999948,car
img_002559.jpg,ppw3952,ppw3952,True,0,1.0000,0.999826,car
img_002561.jpg,qrc0723,qrc0723,True,0,1.0000,0.999510,car
img_002562.jpg,mtx0171,mtx0171,True,0,1.0000,0.999925,car
img_002564.jpg,ods3398,ods3398,True,0,1.0000,0.999886,car
img_002565.jpg,odg1753,odg1753,True,0,1.0000,0.999645,car
img_002566.jpg,odr5548,odr5548,True,0,1.0000,0.999833,car
img_002567.jpg,msa1557,msa1557,True,0,1.0000,0.999635,car
img_002568.jpg,ppx5167,ppx5167,True,0,1.0000,0.999846,car
img_002570.jpg,mtz8488,ltz8488,False,1,0.8571,0.567842,car
img_002573.jpg,ppp3628,ppp3628,True,0,1.0000,0.999970,car
img_002580.jpg,mts0261,mts0261,True,0,1.0000,0.988637,car
img_002581.jpg,oyg6189,oyg6189,True,0,1.0000,0.999940,car
img_002582.jpg,odf1587,odf1587,True,0,1.0000,0.999949,car
img_002584.jpg,ppp5346,ppp5346,True,0,1.0000,0.999908,car
img_002585.jpg,odg3967,odg3967,True,0,1.0000,0.999926,car
img_002586.jpg,qjk6374,qjk6374,True,0,1.0000,0.999808,car
img_002587.jpg,mtz3256,mtz3256,True,0,1.0000,0.998479,car
img_002589.jpg,ppp7519,ppp7519,True,0,1.0000,0.999965,car
img_002590.jpg,odr5274,odr5274,True,0,1.0000,0.999962,car
img_002591.jpg,ppw1889,ppw1889,True,0,1.0000,0.999914,car
img_002592.jpg,ppp7010,ppp7010,True,0,1.0000,0.999948,car
img_002593.jpg,ppp6398,ppp6398,True,0,1.0000,0.999956,car
img_002596.jpg,ppk2695,ppk2695,True,0,1.0000,0.999478,car
img_002598.jpg,odr3694,odr3694,True,0,1.0000,0.999862,car
img_002599.jpg,ppw1889,ppw1889,True,0,1.0000,0.999842,car
img_002600.jpg,odg3176,odg3176,True,0,1.0000,0.998748,car
img_002601.jpg,odg4873,odg4873,True,0,1.0000,0.999976,car
img_002602.jpg,odh3455,odh3455,True,0,1.0000,0.999826,car
img_002603.jpg,qjk6374,qjk6374,True,0,1.0000,0.995780,car
img_002604.jpg,odt6064,odt6064,True,0,1.0000,0.999902,car
img_002605.jpg,ppw0076,ppw0076,True,0,1.0000,0.999951,car
img_002606.jpg,odr3706,odr3706,True,0,1.0000,0.995361,car
img_002607.jpg,msb4766,msb4766,True,0,1.0000,0.971837,car
img_002609.jpg,qhl7752,qhl7752,True,0,1.0000,0.999835,car
img_002611.jpg,odt6064,odt6064,True,0,1.0000,0.999939,car
img_002612.jpg,odg3065,odg3065,True,0,1.0000,0.999932,car
img_002615.jpg,qrd3012,qrd3012,True,0,1.0000,0.999913,car
img_002616.jpg,odm6350,odm6350,True,0,1.0000,0.784500,car
img_002618.jpg,ppp7010,ppp7010,True,0,1.0000,0.999954,car
img_002620.jpg,qrd3045,qrd3045,True,0,1.0000,0.999964,car
img_002627.jpg,ppp8356,ppp8356,True,0,1.0000,0.999921,car
img_002628.jpg,ppx0696,ppx0696,True,0,1.0000,0.999901,car
img_002630.jpg,ppx0682,ppx0682,True,0,1.0000,0.999682,car
img_002631.jpg,ppx5165,ppx5165,True,0,1.0000,0.999898,car
img_002632.jpg,ppx5163,ppx5163,True,0,1.0000,0.999827,car
img_002633.jpg,ppw1889,ppw1889,True,0,1.0000,0.999904,car
img_002634.jpg,mtz3549,mtz3549,True,0,1.0000,0.999762,car
img_002635.jpg,ppp6764,ppp6764,True,0,1.0000,0.999967,car
img_002636.jpg,ods3398,ods3398,True,0,1.0000,0.999965,car
img_002639.jpg,msk5187,msk5187,True,0,1.0000,0.999946,car
img_002640.jpg,odr3706,odr3706,True,0,1.0000,0.999217,car
img_002641.jpg,ppw4039,ppw4039,True,0,1.0000,0.999959,car
img_002642.jpg,odr0379,odr0379,True,0,1.0000,0.999711,car
img_002643.jpg,ppx4025,ppx4025,True,0,1.0000,0.999952,car
img_002647.jpg,mts7362,mts7362,True,0,1.0000,0.999922,car
img_002650.jpg,ppp6764,ppp6764,True,0,1.0000,0.999965,car
img_002651.jpg,ppp8356,ppp8356,True,0,1.0000,0.999936,car
img_002652.jpg,ppx0160,ppx0160,True,0,1.0000,0.999965,car
img_002653.jpg,ppx0682,ppx0682,True,0,1.0000,0.999896,car
img_002654.jpg,ods3398,ods3398,True,0,1.0000,0.999939,car
img_002657.jpg,odr5274,odr5274,True,0,1.0000,0.999904,car
img_002659.jpg,ppw0076,ppw0076,True,0,1.0000,0.999974,car
img_002660.jpg,ods4852,ods4852,True,0,1.0000,0.999912,car
img_002669.jpg,mtz8488,mtz8188,False,1,0.8571,0.519020,car
img_002672.jpg,ppx4024,ppx4024,True,0,1.0000,0.999922,car
img_002673.jpg,odk9040,odk9040,True,0,1.0000,0.999873,car
img_002674.jpg,ppp6853,ppp6853,True,0,1.0000,0.999628,car
img_002675.jpg,ppv3922,ppv3922,True,0,1.0000,0.999889,car
img_002676.jpg,odr4149,odr4149,True,0,1.0000,0.999087,car
img_002677.jpg,odt6181,odt6181,True,0,1.0000,0.999968,car
img_002679.jpg,odt6169,odt6169,True,0,1.0000,0.999959,car
img_002681.jpg,mtz3549,mtz3549,True,0,1.0000,0.999761,car
img_002682.jpg,odg1791,odg1791,True,0,1.0000,0.999266,car
img_002683.jpg,ppp7010,ppp7010,True,0,1.0000,0.999941,car
img_002684.jpg,mtx0171,mtx0171,True,0,1.0000,0.999860,car
img_002685.jpg,odr5274,odr5274,True,0,1.0000,0.999917,car
img_002686.jpg,ppp6764,ppp6764,True,0,1.0000,0.999963,car
img_002687.jpg,ppp7519,ppp7519,True,0,1.0000,0.999974,car
img_002689.jpg,odt6092,odt6092,True,0,1.0000,0.999829,car
img_002690.jpg,ods3398,ods3398,True,0,1.0000,0.999971,car
img_002691.jpg,ppw0076,ppw0076,True,0,1.0000,0.999944,car
img_002693.jpg,mts7362,mts7362,True,0,1.0000,0.999919,car
img_002695.jpg,odt6140,odt6140,True,0,1.0000,0.999964,car
img_002696.jpg,ods6119,ods6119,True,0,1.0000,0.999974,car
img_002699.jpg,oyf4944,oyf4944,True,0,1.0000,0.999811,car
img_002702.jpg,mqc1355,mqc1355,True,0,1.0000,0.999936,car
img_002703.jpg,qjk6374,qjk6374,True,0,1.0000,0.998300,car
img_002704.jpg,ppw1889,ppw1889,True,0,1.0000,0.999948,car
img_002706.jpg,odt6092,odt6092,True,0,1.0000,0.999788,car
img_002707.jpg,ppw0076,ppw0076,True,0,1.0000,0.999946,car
img_002708.jpg,ppp6398,ppp6398,True,0,1.0000,0.999941,car
img_002709.jpg,mts7362,mts7362,True,0,1.0000,0.999893,car
img_002710.jpg,ppm1763,ppm1763,True,0,1.0000,0.999339,car
img_002711.jpg,odr0379,odr0379,True,0,1.0000,0.999829,car
img_002713.jpg,odh1374,odh1374,True,0,1.0000,0.999715,car
img_002714.jpg,odt6129,odt6129,True,0,1.0000,0.999952,car
img_002715.jpg,odg3176,odg3176,True,0,1.0000,0.999776,car
img_002716.jpg,ppp6764,ppp6764,True,0,1.0000,0.999955,car
img_002718.jpg,mtz3549,mtz3549,True,0,1.0000,0.999813,car
img_002719.jpg,odh4216,odh4216,True,0,1.0000,0.999750,car
img_002720.jpg,ppp7519,ppp7519,True,0,1.0000,0.999963,car
img_002721.jpg,odr5274,odr5274,True,0,1.0000,0.999957,car
img_002726.jpg,ppx4034,ppx4034,True,0,1.0000,0.999956,car
img_002729.jpg,ocz6223,ocz6223,True,0,1.0000,0.999447,car
img_002731.jpg,pph4925,pph4925,True,0,1.0000,0.999961,car
img_002732.jpg,mst4686,mst4686,True,0,1.0000,0.999924,car
img_002733.jpg,ppl5787,ppl5787,True,0,1.0000,0.999929,car
img_002735.jpg,ppr3512,ppr3512,True,0,1.0000,0.999957,car
img_002738.jpg,odf3904,odf3904,True,0,1.0000,0.999958,car
img_002739.jpg,odh4216,odh4216,True,0,1.0000,0.999902,car
img_002741.jpg,oyk7770,oyk7770,True,0,1.0000,0.999731,car
img_002743.jpg,ppk0655,ppk0655,True,0,1.0000,0.999919,car
img_002744.jpg,mqc1355,mqc1355,True,0,1.0000,0.999954,car
img_002745.jpg,ppp8356,ppp8356,True,0,1.0000,0.999944,car
img_002747.jpg,odi1892,odi1892,True,0,1.0000,0.999216,car
img_002749.jpg,odg3176,odg3176,True,0,1.0000,0.999268,car
img_002750.jpg,mtz3549,mtz3549,True,0,1.0000,0.999741,car
img_002751.jpg,ppw3176,ppw3176,True,0,1.0000,0.999892,car
img_002752.jpg,ppw0076,ppw0076,True,0,1.0000,0.998088,car
img_002754.jpg,odr5274,odr5274,True,0,1.0000,0.999939,car
img_002755.jpg,ppp7519,ppp7519,True,0,1.0000,0.999968,car
img_002756.jpg,ods3398,ods3398,True,0,1.0000,0.999956,car
img_002757.jpg,ppl5787,ppl5787,True,0,1.0000,0.999868,car
img_002758.jpg,mti4774,mti4774,True,0,1.0000,0.999955,car
img_002759.jpg,odr3127,odr3127,True,0,1.0000,0.999856,car
img_002760.jpg,mts7362,mts7362,True,0,1.0000,0.999819,car
img_002762.jpg,ppx0155,ppx0155,True,0,1.0000,0.999921,car
img_002763.jpg,mtx0171,mtx0171,True,0,1.0000,0.999762,car
img_002765.jpg,ppx4048,ppx4048,True,0,1.0000,0.999961,car
img_002767.jpg,mst8531,mst8531,True,0,1.0000,0.999669,car
img_002768.jpg,ppm1763,ppm1763,True,0,1.0000,0.999222,car
img_002769.jpg,odo9891,odo9891,True,0,1.0000,0.999933,car
img_002770.jpg,odg3176,odg3176,True,0,1.0000,0.998516,car
img_002773.jpg,ppp7519,ppp7519,True,0,1.0000,0.999891,car
img_002778.jpg,ppx9984,ppx9984,True,0,1.0000,0.999926,car
img_002779.jpg,mtg8276,mtg8276,True,0,1.0000,0.999865,car
img_002781.jpg,ppp7010,ppp7010,True,0,1.0000,0.999963,car
img_002784.jpg,msd0247,msd0247,True,0,1.0000,0.999813,car
img_002785.jpg,ppp2796,ppp2796,True,0,1.0000,0.999943,car
img_002789.jpg,mtw7816,mtw7816,True,0,1.0000,0.999946,car
img_002791.jpg,ovh1838,ovh1838,True,0,1.0000,0.999953,car
img_002792.jpg,ppz7593,ppz7593,True,0,1.0000,0.999938,car
img_002793.jpg,mtz6794,mtz6194,False,1,0.8571,0.967373,car
img_002795.jpg,mqc1355,mqc1355,True,0,1.0000,0.999853,car
img_002796.jpg,ppp8761,ppp8761,True,0,1.0000,0.999939,car
img_002797.jpg,qjk6374,qjk6374,True,0,1.0000,0.998852,car
img_002798.jpg,odh4216,odh4216,True,0,1.0000,0.999162,car
img_002803.jpg,odr3127,odr3127,True,0,1.0000,0.999872,car
img_002804.jpg,mtx0171,mtx0171,True,0,1.0000,0.999869,car
img_002805.jpg,mts0261,mts0261,True,0,1.0000,0.998725,car
img_002806.jpg,odr2162,odr2162,True,0,1.0000,0.999800,car
img_002809.jpg,ppt9994,ppt9994,True,0,1.0000,0.999946,car
img_002810.jpg,ppw3952,ppw3952,True,0,1.0000,0.999691,car
img_002811.jpg,qrc6770,qrc6770,True,0,1.0000,0.999920,car
img_002813.jpg,odt6129,odt6129,True,0,1.0000,0.999954,car
img_002814.jpg,qjk6374,qjk6374,True,0,1.0000,0.999937,car
img_002815.jpg,ods4776,ods4776,True,0,1.0000,0.999859,car
img_002816.jpg,mtz8488,ltz8488,False,1,0.8571,0.652918,car
img_002817.jpg,odf5623,odf5623,True,0,1.0000,0.999967,car
img_002818.jpg,msa1557,msa1557,True,0,1.0000,0.999356,car
img_002820.jpg,odh4216,odh4216,True,0,1.0000,0.999803,car
img_002821.jpg,ppw3952,ppw3952,True,0,1.0000,0.999898,car
img_002822.jpg,ppw0076,ppw0076,True,0,1.0000,0.999975,car
img_002824.jpg,odh1374,odh1374,True,0,1.0000,0.999947,car
img_002825.jpg,ods3398,ods3398,True,0,1.0000,0.999974,car
img_002826.jpg,ppw9332,ppw9332,True,0,1.0000,0.999980,car
img_002828.jpg,ods3662,ods3662,True,0,1.0000,0.999929,car
img_002832.jpg,odt6064,odt6064,True,0,1.0000,0.999863,car
img_002834.jpg,odo0659,odo0659,True,0,1.0000,0.999899,car
img_002835.jpg,odf4543,odf4543,True,0,1.0000,0.999930,car
img_002836.jpg,ppz5238,ppz5238,True,0,1.0000,0.999864,car
img_002837.jpg,ppw4039,ppw4039,True,0,1.0000,0.999949,car
img_002838.jpg,mqf7485,mqf7485,True,0,1.0000,0.999941,car
img_002839.jpg,ove8718,ove8718,True,0,1.0000,0.999914,car
img_002841.jpg,qjk6374,qjk6374,True,0,1.0000,0.999903,car
img_002844.jpg,odh4216,odh4216,True,0,1.0000,0.999695,car
img_002845.jpg,ppz5238,ppz5238,True,0,1.0000,0.999888,car
img_002846.jpg,odf1587,odf1587,True,0,1.0000,0.999781,car
img_002847.jpg,ppp7010,ppp7010,True,0,1.0000,0.999946,car
img_002848.jpg,msk2049,msk2049,True,0,1.0000,0.999817,car
img_002849.jpg,mts7362,mts7362,True,0,1.0000,0.999904,car
img_002850.jpg,ppz5238,ppz5238,True,0,1.0000,0.999874,car
img_002851.jpg,mtx0171,mtx0171,True,0,1.0000,0.999825,car
img_002856.jpg,ods6175,ods6175,True,0,1.0000,0.999961,car
img_002857.jpg,ppx0696,ppx0696,True,0,1.0000,0.999959,car
img_002858.jpg,mts7362,mts7362,True,0,1.0000,0.999906,car
img_002859.jpg,ppp6764,ppp6764,True,0,1.0000,0.999971,car
img_002861.jpg,ppp7519,ppp7519,True,0,1.0000,0.999975,car
img_002868.jpg,odg3176,odg3176,True,0,1.0000,0.999792,car
img_002869.jpg,ppw0076,ppw0076,True,0,1.0000,0.999898,car
img_002871.jpg,qrc6742,qrc6742,True,0,1.0000,0.999954,car
img_002873.jpg,odr1805,odr1805,True,0,1.0000,0.999924,car
img_002874.jpg,odg3176,odg3176,True,0,1.0000,0.999807,car
img_002875.jpg,mts7362,mts7362,True,0,1.0000,0.999913,car
img_002878.jpg,ppl5787,ppl5787,True,0,1.0000,0.999473,car
img_002879.jpg,odg3176,odg3176,True,0,1.0000,0.998299,car
img_002881.jpg,odr4042,odr4042,True,0,1.0000,0.999725,car
img_002883.jpg,ocx7051,ocx7051,True,0,1.0000,0.999695,car
img_002886.jpg,mtz6794,mtz5794,False,1,0.8571,0.856166,car
img_002887.jpg,odg3967,odg3967,True,0,1.0000,0.999845,car
img_002888.jpg,mtz6860,mtz6860,True,0,1.0000,0.999785,car
img_002889.jpg,mtj5833,mtj5833,True,0,1.0000,0.999714,car
img_002891.jpg,ods2590,ods2590,True,0,1.0000,0.999959,car
img_002892.jpg,odf5623,odf5623,True,0,1.0000,0.999781,car
img_002896.jpg,ppp4197,ppp4197,True,0,1.0000,0.999958,car
img_002897.jpg,ppp6764,ppp6764,True,0,1.0000,0.999898,car
img_002898.jpg,ppp7519,ppp7519,True,0,1.0000,0.999972,car
img_002901.jpg,ppp4197,ppp4197,True,0,1.0000,0.999925,car
img_002902.jpg,ppi4116,ppi4116,True,0,1.0000,0.999456,car
img_002903.jpg,ods3662,ods3662,True,0,1.0000,0.999968,car
img_002904.jpg,odh1374,odh1374,True,0,1.0000,0.999738,car
img_002905.jpg,ppw4039,ppw4039,True,0,1.0000,0.999941,car
img_002907.jpg,ppw9332,ppw9332,True,0,1.0000,0.999964,car
img_002908.jpg,ppp2796,ppp2796,True,0,1.0000,0.999411,car
img_002910.jpg,ppl5787,ppl5787,True,0,1.0000,0.999917,car
img_002911.jpg,odg3065,odg3065,True,0,1.0000,0.999965,car
img_002913.jpg,mts7362,mts7362,True,0,1.0000,0.999934,car
img_002914.jpg,mtz6860,mtz6860,True,0,1.0000,0.999691,car
img_002917.jpg,mrx3194,mrx3194,True,0,1.0000,0.995422,car
img_002918.jpg,odt6129,odt6129,True,0,1.0000,0.999691,car
img_002924.jpg,mtz6860,mtz6860,True,0,1.0000,0.999864,car
img_002925.jpg,odg3967,odg3967,True,0,1.0000,0.999632,car
img_002926.jpg,odg3176,odg3176,True,0,1.0000,0.999690,car
img_002927.jpg,msd0247,msd0247,True,0,1.0000,0.999881,car
img_002928.jpg,qjk6374,qjk6374,True,0,1.0000,0.999810,car
img_002929.jpg,qrc6742,qrc6742,True,0,1.0000,0.999954,car
img_002930.jpg,ppw1889,ppw1889,True,0,1.0000,0.999887,car
img_002931.jpg,orb3168,orb3168,True,0,1.0000,0.999185,car
img_002932.jpg,odo9889,odo9889,True,0,1.0000,0.999932,car
img_002933.jpg,odf5623,odf5623,True,0,1.0000,0.994963,car
img_002935.jpg,msk2049,msk2049,True,0,1.0000,0.999812,car
img_002936.jpg,ods3398,ods3398,True,0,1.0000,0.999958,car
img_002940.jpg,odr3127,odr3127,True,0,1.0000,0.999946,car
img_002943.jpg,puk3709,puk3709,True,0,1.0000,0.999967,car
img_002947.jpg,odg4873,odg4873,True,0,1.0000,0.999981,car
img_002948.jpg,qjk6374,qjk6374,True,0,1.0000,0.999641,car
img_002949.jpg,odg3967,odg3967,True,0,1.0000,0.999496,car
img_002950.jpg,ppp9789,ppp9789,True,0,1.0000,0.999707,car
img_002951.jpg,ppw9578,ppw9578,True,0,1.0000,0.999909,car
img_002952.jpg,qrc6742,qrc6742,True,0,1.0000,0.999815,car
img_002953.jpg,ppw1889,ppw1889,True,0,1.0000,0.999902,car
img_002955.jpg,ppx5163,ppx5163,True,0,1.0000,0.999947,car
img_002956.jpg,oyd0023,oyd0023,True,0,1.0000,0.999830,car
img_002957.jpg,ppx5172,ppx5172,True,0,1.0000,0.999913,car
img_002960.jpg,odf1587,odf1587,True,0,1.0000,0.999909,car
img_002961.jpg,ppp7519,ppp7519,True,0,1.0000,0.999971,car
img_002962.jpg,pps4432,pps4432,True,0,1.0000,0.999861,car
img_002963.jpg,ppp6764,ppp6764,True,0,1.0000,0.999898,car
img_002964.jpg,odr3127,odr3127,True,0,1.0000,0.999496,car
img_002967.jpg,ods2590,ods2590,True,0,1.0000,0.999962,car
img_002970.jpg,mtn9522,mtn9522,True,0,1.0000,0.996789,car
img_002972.jpg,ppw9578,ppw9578,True,0,1.0000,0.999951,car
img_002974.jpg,mtj5833,mtj5833,True,0,1.0000,0.999661,car
img_002975.jpg,qjk6374,qjk6374,True,0,1.0000,0.999924,car
img_002976.jpg,msd0247,msd0247,True,0,1.0000,0.999883,car
img_002977.jpg,ods2590,ods2590,True,0,1.0000,0.999904,car
img_002978.jpg,mtz3549,mtz3549,True,0,1.0000,0.999014,car
img_002980.jpg,ppw1889,ppw1889,True,0,1.0000,0.999937,car
img_002981.jpg,ppv0918,ppv0918,True,0,1.0000,0.999955,car
img_002984.jpg,odg1893,odg1893,True,0,1.0000,0.995709,car
img_002985.jpg,ppp6764,ppp6764,True,0,1.0000,0.999970,car
img_002986.jpg,ppw3952,ppw3952,True,0,1.0000,0.999867,car
img_002987.jpg,odf1587,odf1587,True,0,1.0000,0.999874,car
img_002988.jpg,ods3398,ods3398,True,0,1.0000,0.999945,car
img_002990.jpg,odi1892,odi1892,True,0,1.0000,0.999452,car
img_002991.jpg,odo1303,odo1303,True,0,1.0000,0.999161,car
img_002992.jpg,odr3127,odr3127,True,0,1.0000,0.999894,car
img_002995.jpg,ods2624,ods2624,True,0,1.0000,0.999627,car
img_002996.jpg,ods2167,ods2167,True,0,1.0000,0.999973,car
img_002997.jpg,odg1753,odg1753,True,0,1.0000,0.999465,car
img_003000.jpg,ppo0839,ppo0839,True,0,1.0000,0.979358,car
img_003001.jpg,odt6140,odt6140,True,0,1.0000,0.999937,car
img_003002.jpg,mts7362,mts7362,True,0,1.0000,0.999873,car
img_003003.jpg,epk6958,epk6958,True,0,1.0000,0.999615,car
img_003004.jpg,odg4873,odg4873,True,0,1.0000,0.999981,car
img_003006.jpg,ppw1889,ppw1889,True,0,1.0000,0.999951,car
img_003013.jpg,ods3398,ods3398,True,0,1.0000,0.999966,car
img_003018.jpg,odg3967,odg3967,True,0,1.0000,0.999757,car
img_003020.jpg,mtz6860,mtz6860,True,0,1.0000,0.999867,car
img_003023.jpg,mts7362,mts7362,True,0,1.0000,0.999954,car
img_003024.jpg,odi1892,odi1892,True,0,1.0000,0.999840,car
img_003029.jpg,odr4042,odr4042,True,0,1.0000,0.999089,car
img_003031.jpg,okl2076,okl2076,True,0,1.0000,0.999711,car
img_003032.jpg,odr4042,odr4042,True,0,1.0000,0.999891,car
img_003035.jpg,ppl5787,ppl5787,True,0,1.0000,0.999844,car
img_003040.jpg,mtz6794,mtz6734,False,1,0.8571,0.943510,car
img_003041.jpg,ppx2707,ppx2707,True,0,1.0000,0.999962,car
img_003043.jpg,qhl7752,qhl7752,True,0,1.0000,0.999707,car
img_003044.jpg,mtz3256,mtz3256,True,0,1.0000,0.998689,car
img_003045.jpg,ppp8761,ppp8761,True,0,1.0000,0.999913,car
img_003046.jpg,msd0247,msd0247,True,0,1.0000,0.999903,car
img_003047.jpg,odg4873,odg4873,True,0,1.0000,0.999982,car
img_003048.jpg,ppw9578,ppw9578,True,0,1.0000,0.999896,car
img_003049.jpg,ppw1889,ppw1889,True,0,1.0000,0.999906,car
img_003050.jpg,odr5274,odr5274,True,0,1.0000,0.999976,car
img_003051.jpg,ppp6764,ppp6764,True,0,1.0000,0.999965,car
img_003053.jpg,ods3398,ods3398,True,0,1.0000,0.999959,car
img_003055.jpg,odt6162,odt6162,True,0,1.0000,0.999751,car
img_003058.jpg,mtz6860,mtz6860,True,0,1.0000,0.999670,car
img_003059.jpg,odr3127,odr3127,True,0,1.0000,0.999275,car
img_003060.jpg,mtz3256,mtz3256,True,0,1.0000,0.997439,car
img_003061.jpg,ppg5552,ppg5552,True,0,1.0000,0.999594,car
img_003062.jpg,odr4042,odr4042,True,0,1.0000,0.999065,car
img_003065.jpg,mtj5833,mtj5833,True,0,1.0000,0.999887,car
img_003066.jpg,mst8531,mst8531,True,0,1.0000,0.999590,car
img_003067.jpg,odg4873,odg4873,True,0,1.0000,0.999978,car
img_003068.jpg,msd0247,msd0247,True,0,1.0000,0.999869,car
img_003071.jpg,ppr3512,ppr3512,True,0,1.0000,0.999966,car
img_003072.jpg,ods3398,ods3398,True,0,1.0000,0.999936,car
img_003073.jpg,ppp6764,ppp6764,True,0,1.0000,0.999946,car
img_003075.jpg,ppp7519,ppp7519,True,0,1.0000,0.999980,car
img_003077.jpg,ppw1889,ppw1889,True,0,1.0000,0.999951,car
img_003078.jpg,qrc6742,qrc6742,True,0,1.0000,0.999938,car
img_003079.jpg,odr5274,odr5274,True,0,1.0000,0.999961,car
img_003080.jpg,odp0519,odp0519,True,0,1.0000,0.999359,car
img_003081.jpg,odo9891,odo9891,True,0,1.0000,0.999930,car
img_003083.jpg,odt6162,odt6162,True,0,1.0000,0.999951,car
img_003085.jpg,odf1587,odf1587,True,0,1.0000,0.999852,car
img_003088.jpg,mts7362,mts7362,True,0,1.0000,0.999912,car
img_003090.jpg,ppn9005,ppn9005,True,0,1.0000,0.999871,car
img_003092.jpg,ppx6781,ppx6781,True,0,1.0000,0.999831,car
img_003095.jpg,odp0519,odp0519,True,0,1.0000,0.999517,car
img_003096.jpg,ppp9789,ppp9789,True,0,1.0000,0.999925,car
img_003097.jpg,qrc6742,qrc6742,True,0,1.0000,0.999916,car
img_003098.jpg,mtz6860,mtz6860,True,0,1.0000,0.999835,car
img_003099.jpg,odg3176,odg3176,True,0,1.0000,0.999887,car
img_003102.jpg,ppp5346,ppp5346,True,0,1.0000,0.999855,car
img_003103.jpg,mtn9701,mtn9701,True,0,1.0000,0.999690,car
img_003105.jpg,mtz8488,ltzz848,False,3,0.5714,0.435012,car
img_003106.jpg,odr5274,odr5274,True,0,1.0000,0.999950,car
img_003108.jpg,ppp6764,ppp6764,True,0,1.0000,0.999936,car
img_003109.jpg,qhl7752,qhl7752,True,0,1.0000,0.999832,car
img_003113.jpg,ods3398,ods3398,True,0,1.0000,0.999967,car
img_003115.jpg,ppw4039,ppw4039,True,0,1.0000,0.999956,car
img_003116.jpg,odt6162,odt6162,True,0,1.0000,0.999941,car
img_003117.jpg,oyd0023,oyd0023,True,0,1.0000,0.999716,car
img_003119.jpg,msa5334,msa5334,True,0,1.0000,0.999408,car
img_003120.jpg,odt6064,odt6064,True,0,1.0000,0.999850,car
img_003122.jpg,ppz5238,ppz5238,True,0,1.0000,0.999922,car
img_003127.jpg,odt6217,odt6217,True,0,1.0000,0.999933,car
img_003128.jpg,qrc0461,qrc0461,True,0,1.0000,0.999918,car
img_003130.jpg,msm2996,msm2996,True,0,1.0000,0.999224,car
img_003131.jpg,dru0900,dru0900,True,0,1.0000,0.999346,car
img_003133.jpg,mtn9522,mtn9522,True,0,1.0000,0.999762,car
img_003134.jpg,mtz6860,mtz6860,True,0,1.0000,0.999788,car
img_003136.jpg,odt6129,odt6129,True,0,1.0000,0.999905,car
img_003138.jpg,ppw9578,ppw9578,True,0,1.0000,0.999859,car
img_003140.jpg,mtn9701,mtn9701,True,0,1.0000,0.999831,car
img_003143.jpg,ppp6764,ppp6764,True,0,1.0000,0.999968,car
img_003144.jpg,ppp4197,ppp4197,True,0,1.0000,0.999941,car
img_003146.jpg,ppw0076,ppw0076,True,0,1.0000,0.999962,car
img_003147.jpg,ods3398,ods3398,True,0,1.0000,0.999964,car
img_003148.jpg,odf1587,odf1587,True,0,1.0000,0.999943,car
img_003150.jpg,ppp7519,ppp7519,True,0,1.0000,0.999970,car
img_003152.jpg,lre2424,lre2424,True,0,1.0000,0.999711,car
img_003155.jpg,ppp6764,ppp6764,True,0,1.0000,0.999949,car
img_003156.jpg,msi3655,msi3655,True,0,1.0000,0.999849,car
img_003157.jpg,ppp6398,ppp6398,True,0,1.0000,0.999906,car
img_003158.jpg,ppa0934,ppa0934,True,0,1.0000,0.999973,car
img_003161.jpg,odt6181,odt6181,True,0,1.0000,0.999965,car
img_003162.jpg,msd0247,msd0247,True,0,1.0000,0.999570,car
img_003163.jpg,odg3967,odg3967,True,0,1.0000,0.999611,car
img_003165.jpg,odp0519,odp0519,True,0,1.0000,0.999813,car
img_003166.jpg,ppx6781,ppx6781,True,0,1.0000,0.999959,car
img_003167.jpg,odt6162,odt6162,True,0,1.0000,0.999941,car
img_003170.jpg,ppp9789,ppp9789,True,0,1.0000,0.999877,car
img_003172.jpg,qrd3044,qrd3044,True,0,1.0000,0.999967,car
img_003173.jpg,qrb2775,qrb2775,True,0,1.0000,0.999932,car
img_003176.jpg,odg1791,odg1791,True,0,1.0000,0.999913,car
img_003177.jpg,ppe5416,ppe5416,True,0,1.0000,0.999220,car
img_003179.jpg,ocz9247,ocz9247,True,0,1.0000,0.999865,car
img_003181.jpg,odg3176,odg3176,True,0,1.0000,0.998063,car
img_003182.jpg,ppz5238,ppz5238,True,0,1.0000,0.999927,car
img_003183.jpg,ppz7593,ppz7593,True,0,1.0000,0.999813,car
img_003186.jpg,mts7362,mts7362,True,0,1.0000,0.999956,car
img_003187.jpg,ppa9043,ppa9043,True,0,1.0000,0.999965,car
img_003190.jpg,ppw0076,ppw0076,True,0,1.0000,0.999962,car
img_003193.jpg,ppw0162,ppw0162,True,0,1.0000,0.999875,car
img_003195.jpg,odt6129,odt6129,True,0,1.0000,0.999973,car
img_003196.jpg,mtn9522,mtn9522,True,0,1.0000,0.999862,car
img_003197.jpg,ppp8761,ppp8761,True,0,1.0000,0.999954,car
img_003198.jpg,ppw0076,ppw0076,True,0,1.0000,0.999970,car
img_003199.jpg,odg4873,odg4873,True,0,1.0000,0.999979,car
img_003200.jpg,msz7325,msz7325,True,0,1.0000,0.999665,car
img_003201.jpg,ods2590,ods2590,True,0,1.0000,0.999886,car
img_003202.jpg,odt6162,odt6162,True,0,1.0000,0.999958,car
img_003204.jpg,odf5623,odf5623,True,0,1.0000,0.998239,car
img_003206.jpg,qrc6742,qrc6742,True,0,1.0000,0.999930,car
img_003207.jpg,ppw3952,ppw3952,True,0,1.0000,0.999842,car
img_003208.jpg,odp0519,odp0519,True,0,1.0000,0.999890,car
img_003209.jpg,ppp8761,ppp8761,True,0,1.0000,0.999903,car
img_003211.jpg,odr1805,odr1805,True,0,1.0000,0.999777,car
img_003215.jpg,odf4543,odf4543,True,0,1.0000,0.999737,car
img_003217.jpg,ppw4039,ppw4039,True,0,1.0000,0.999929,car
img_003219.jpg,ppp6853,ppp6853,True,0,1.0000,0.999944,car
img_003220.jpg,ovf6363,ovf6363,True,0,1.0000,0.548984,car
img_003221.jpg,ppw0076,ppw0076,True,0,1.0000,0.999957,car
img_003227.jpg,odt6129,odt6129,True,0,1.0000,0.996434,car
img_003228.jpg,qrc0727,qrc0727,True,0,1.0000,0.999103,car
img_003229.jpg,msa1557,msa1557,True,0,1.0000,0.999911,car
img_003230.jpg,odt6181,odt6181,True,0,1.0000,0.999914,car
img_003231.jpg,msd0247,msd0247,True,0,1.0000,0.999896,car
img_003232.jpg,ovf6363,ovf6363,True,0,1.0000,0.999817,car
img_003233.jpg,odg3176,odg3176,True,0,1.0000,0.999715,car
img_003234.jpg,oyk7514,oyk7514,True,0,1.0000,0.999925,car
img_003235.jpg,oyd0023,oyd0023,True,0,1.0000,0.999102,car
img_003236.jpg,odt6061,odt6061,True,0,1.0000,0.999925,car
img_003239.jpg,odp0519,odp0519,True,0,1.0000,0.999379,car
img_003240.jpg,qrc6742,qrc6742,True,0,1.0000,0.999936,car
img_003241.jpg,ods6953,ods6953,True,0,1.0000,0.995890,car
img_003243.jpg,ods3398,ods3398,True,0,1.0000,0.999900,car
img_003244.jpg,odr4042,odr4042,True,0,1.0000,0.999276,car
img_003245.jpg,mry6685,mry6685,True,0,1.0000,0.999801,car
img_003247.jpg,ppw9332,ppw9332,True,0,1.0000,0.999982,car
img_003248.jpg,ppw4039,ppw4039,True,0,1.0000,0.999955,car
img_003249.jpg,pph7380,pph7380,True,0,1.0000,0.999892,car
img_003255.jpg,odr3694,odr3694,True,0,1.0000,0.999886,car
img_003257.jpg,mtz3549,mtz3549,True,0,1.0000,0.996914,car
img_003258.jpg,ppp8761,ppp8761,True,0,1.0000,0.999876,car
img_003259.jpg,odg3967,odg3967,True,0,1.0000,0.999682,car
img_003260.jpg,oyd0023,oyd0023,True,0,1.0000,0.999787,car
img_003261.jpg,odg3176,odg3176,True,0,1.0000,0.999884,car
img_003262.jpg,ods2590,ods2590,True,0,1.0000,0.999838,car
img_003264.jpg,ppw3952,ppw3952,True,0,1.0000,0.999666,car
img_003265.jpg,qrc6742,qrc6742,True,0,1.0000,0.999952,car
img_003266.jpg,odg1893,odg1893,True,0,1.0000,0.999727,car
img_003267.jpg,ppp7519,ppp7519,True,0,1.0000,0.999971,car
img_003268.jpg,ppp6853,ppp6853,True,0,1.0000,0.999917,car
img_003271.jpg,ods3398,ods3398,True,0,1.0000,0.999979,car
img_003272.jpg,qrb5219,qrb5219,True,0,1.0000,0.999194,car
img_003273.jpg,ppw9332,ppw9332,True,0,1.0000,0.999985,car
img_003274.jpg,ods6881,ods6881,True,0,1.0000,0.999955,car
img_003276.jpg,mts7362,mts7362,True,0,1.0000,0.999950,car
img_003277.jpg,ppw3952,ppw3952,True,0,1.0000,0.999784,car
img_003279.jpg,msa1557,msa1557,True,0,1.0000,0.999767,car
img_003282.jpg,ods2624,ods2624,True,0,1.0000,0.999823,car
img_003284.jpg,ove8718,ove8718,True,0,1.0000,0.999970,car
img_003290.jpg,ppe4457,ppe4457,True,0,1.0000,0.999890,car
img_003291.jpg,msa1557,msa1557,True,0,1.0000,0.999796,car
img_003292.jpg,odh1374,odh1374,True,0,1.0000,0.999655,car
img_003295.jpg,odg3967,odg3967,True,0,1.0000,0.999889,car
img_003296.jpg,odg4873,odg4873,True,0,1.0000,0.999982,car
img_003297.jpg,ppw9578,ppw9578,True,0,1.0000,0.999871,car
img_003298.jpg,ppx0682,ppx0682,True,0,1.0000,0.999839,car
img_003299.jpg,oyd0023,oyd0023,True,0,1.0000,0.999701,car
img_003300.jpg,odg3176,odg3176,True,0,1.0000,0.999112,car
img_003301.jpg,ppw1889,ppw1889,True,0,1.0000,0.999923,car
img_003302.jpg,ods3398,ods3398,True,0,1.0000,0.999908,car
img_003305.jpg,qjk6374,qjk5374,False,1,0.8571,0.926305,car
img_003306.jpg,mtz3549,mtz3549,True,0,1.0000,0.999923,car
img_003307.jpg,qrc6742,qrc6742,True,0,1.0000,0.999933,car
img_003309.jpg,ppp4197,ppp4197,True,0,1.0000,0.999930,car
img_003313.jpg,odr4042,odr4042,True,0,1.0000,0.999635,car
img_003314.jpg,odt6173,odt6173,True,0,1.0000,0.999943,car
img_003316.jpg,mts7362,mts7362,True,0,1.0000,0.999939,car
img_003317.jpg,ods2624,ods2624,True,0,1.0000,0.999973,car
img_003318.jpg,ppp6398,ppp6398,True,0,1.0000,0.999955,car
img_003319.jpg,odr4042,odr4042,True,0,1.0000,0.723700,car
img_003322.jpg,odq9368,odq9368,True,0,1.0000,0.999959,car
img_003324.jpg,mtz3256,mtz3256,True,0,1.0000,0.999711,car
img_003326.jpg,mtz6860,mtz6860,True,0,1.0000,0.999842,car
img_003329.jpg,ppx0682,ppx0682,True,0,1.0000,0.999883,car
img_003332.jpg,oyk4283,oyk4283,True,0,1.0000,0.999795,car
img_003333.jpg,ppw0076,ppw0076,True,0,1.0000,0.999970,car
img_003334.jpg,ods6881,ods6881,True,0,1.0000,0.999962,car
img_003335.jpg,ppp7519,ppp7519,True,0,1.0000,0.999973,car
img_003337.jpg,odr3127,odr3127,True,0,1.0000,0.999580,car
img_003338.jpg,mtx0171,mtx0171,True,0,1.0000,0.999678,car
img_003339.jpg,ppw0076,ppw0076,True,0,1.0000,0.999952,car
img_003340.jpg,ppi4116,ppi4116,True,0,1.0000,0.999761,car
img_003344.jpg,mpb0290,mpb0290,True,0,1.0000,0.999749,car
img_003345.jpg,odp0519,odp0519,True,0,1.0000,0.999884,car
img_003346.jpg,ppp7010,ppp7010,True,0,1.0000,0.999955,car
img_003347.jpg,ppx0682,ppx0682,True,0,1.0000,0.999803,car
img_003348.jpg,mtz3549,mtz3549,True,0,1.0000,0.999526,car
img_003349.jpg,mhn2867,mhn2867,True,0,1.0000,0.999406,car
img_003354.jpg,mqu4192,mqu4192,True,0,1.0000,0.999339,car
img_003355.jpg,ppl5787,ppl5787,True,0,1.0000,0.999942,car
img_003356.jpg,ove9965,ove9965,True,0,1.0000,0.958286,car
img_003358.jpg,ppu6390,ppu6390,True,0,1.0000,0.999808,car
img_003359.jpg,mtz3549,mtz3549,True,0,1.0000,0.999852,car
img_003365.jpg,ppp7505,ppp7505,True,0,1.0000,0.999844,car
img_003366.jpg,mty1273,mty1273,True,0,1.0000,0.997313,car
img_003368.jpg,ppp8761,ppp8761,True,0,1.0000,0.999931,car
img_003369.jpg,mtz6860,mtz6860,True,0,1.0000,0.999836,car
img_003370.jpg,mtz3549,mtz3549,True,0,1.0000,0.999802,car
img_003371.jpg,odp0519,odp0519,True,0,1.0000,0.992569,car
img_003372.jpg,odt6169,odt6169,True,0,1.0000,0.999957,car
img_003373.jpg,ove8718,ove8718,True,0,1.0000,0.999882,car
img_003375.jpg,ppp2841,ppp2841,True,0,1.0000,0.999562,car
img_003376.jpg,odg6312,odg6312,True,0,1.0000,0.999924,car
img_003377.jpg,odt6061,odt6061,True,0,1.0000,0.999944,car
img_003381.jpg,odo1303,odo1303,True,0,1.0000,0.974053,car
img_003387.jpg,eyo3502,eyo3502,True,0,1.0000,0.999096,car
img_003394.jpg,mqm4744,mqm4744,True,0,1.0000,0.999968,car
img_003398.jpg,ppk1316,ppk1316,True,0,1.0000,0.895249,car
img_003401.jpg,mts7362,mts7362,True,0,1.0000,0.999941,car
img_003406.jpg,mts7362,mts7362,True,0,1.0000,0.999916,car
img_003407.jpg,odt6061,odt6061,True,0,1.0000,0.999930,car
img_003410.jpg,mss7380,mss7380,True,0,1.0000,0.999927,car
img_003413.jpg,ppp5321,ppp5321,True,0,1.0000,0.999896,car
img_003414.jpg,odg1791,odg1791,True,0,1.0000,0.999691,car
img_003415.jpg,mtz6860,mtz6860,True,0,1.0000,0.999858,car
img_003417.jpg,ppx0682,ppx0682,True,0,1.0000,0.999944,car
img_003420.jpg,mtz3549,mtz3549,True,0,1.0000,0.999836,car
img_003421.jpg,odo2523,odo2523,True,0,1.0000,0.999929,car
img_003422.jpg,ppw3952,ppw3952,True,0,1.0000,0.999891,car
img_003423.jpg,ppp4197,ppp4197,True,0,1.0000,0.999933,car
img_003424.jpg,odg3176,odg3176,True,0,1.0000,0.998698,car
img_003425.jpg,odg1893,odg1893,True,0,1.0000,0.999474,car
img_003426.jpg,ppw9332,ppw9332,True,0,1.0000,0.999976,car
img_003429.jpg,ppz2988,ppz2988,True,0,1.0000,0.999954,car
img_003431.jpg,ods6881,ods6881,True,0,1.0000,0.999929,car
img_003432.jpg,ppc9436,ppc9436,True,0,1.0000,0.999946,car
img_003433.jpg,mtz3256,mtz3256,True,0,1.0000,0.997508,car
img_003434.jpg,msp6328,msp6328,True,0,1.0000,0.999949,car
img_003435.jpg,mst8531,mst8531,True,0,1.0000,0.999738,car
img_003436.jpg,odo2523,odo2523,True,0,1.0000,0.999921,car
img_003442.jpg,ppl5787,ppl5787,True,0,1.0000,0.999910,car
img_003444.jpg,odg3176,odg3176,True,0,1.0000,0.999316,car
img_003446.jpg,odt6129,odt6129,True,0,1.0000,0.999929,car
img_003462.jpg,ods9679,ods9679,True,0,1.0000,0.999889,car
img_003468.jpg,oda9324,oda9324,True,0,1.0000,0.999983,car
img_003470.jpg,mrd3230,mrd3230,True,0,1.0000,0.999182,car
img_003472.jpg,oyg3795,oyg3795,True,0,1.0000,0.999933,car
img_003476.jpg,jpe2677,jpe2677,True,0,1.0000,0.999952,car
img_003477.jpg,ppi2537,ppi2537,True,0,1.0000,0.999943,car
img_003478.jpg,mrz0866,mrz0866,True,0,1.0000,0.999540,car
img_003482.jpg,mst3381,mst3381,True,0,1.0000,0.999784,car
img_003484.jpg,mpk0306,mpk0306,True,0,1.0000,0.999918,car
img_003491.jpg,qrb7717,qrb7717,True,0,1.0000,0.999896,car
img_003493.jpg,oyh3829,oyh3829,True,0,1.0000,0.999927,car
img_003497.jpg,mrd2754,mrd2754,True,0,1.0000,0.999964,car
img_003500.jpg,ppl5835,ppl5835,True,0,1.0000,0.999953,car
img_003519.jpg,mts0601,mts0601,True,0,1.0000,0.999909,car
img_003522.jpg,ppy0074,ppy0074,True,0,1.0000,0.999862,car
img_003529.jpg,mtq5314,mtq5314,True,0,1.0000,0.999702,car
img_003530.jpg,mpj6102,mpj6102,True,0,1.0000,0.999907,car
img_003536.jpg,mrz1196,mrz1196,True,0,1.0000,0.999739,car
img_003544.jpg,odf2508,odf2508,True,0,1.0000,0.999963,car
img_003555.jpg,ppz2695,ppz2695,True,0,1.0000,0.999298,car
img_003556.jpg,odk9096,odk9096,True,0,1.0000,0.999915,car
img_003559.jpg,mjd4789,mjd4789,True,0,1.0000,0.999880,car
img_003562.jpg,amy4727,amy4727,True,0,1.0000,0.998656,car
img_003564.jpg,krx4720,krx4720,True,0,1.0000,0.999953,car
img_003566.jpg,mhg7583,mhg7583,True,0,1.0000,0.999969,car
img_003568.jpg,kye4676,kye4676,True,0,1.0000,0.999936,car
img_003569.jpg,mor2356,mqr2356,False,1,0.8571,0.539118,car
img_003579.jpg,eqt0490,eqt0490,True,0,1.0000,0.997880,car
img_003582.jpg,ppp0105,ppp0105,True,0,1.0000,0.999963,car
img_003585.jpg,odm3765,odm3765,True,0,1.0000,0.999927,car
img_003593.jpg,ppy8837,ppy8837,True,0,1.0000,0.999928,car
img_003594.jpg,loo2541,lod2541,False,1,0.8571,0.936300,car
img_003596.jpg,mqm0465,mqm0465,True,0,1.0000,0.999861,car
img_003598.jpg,lpd1908,lpd1908,True,0,1.0000,0.999939,car
img_003599.jpg,mtc2892,mtc2892,True,0,1.0000,0.999759,car
img_003601.jpg,jig2094,jig2094,True,0,1.0000,0.998548,car
img_003602.jpg,jht7994,jht7994,True,0,1.0000,0.999528,car
img_003610.jpg,mqq7117,mqq7117,True,0,1.0000,0.980278,car
img_003611.jpg,dga9115,dga9115,True,0,1.0000,0.999551,car
img_003618.jpg,ouv7590,ouv7590,True,0,1.0000,0.999785,car
img_003619.jpg,qrd6529,qrd6529,True,0,1.0000,0.999957,car
img_003628.jpg,ppg6826,ppg6826,True,0,1.0000,0.999956,car
img_003630.jpg,oyg3856,oyg3856,True,0,1.0000,0.998310,car
img_003644.jpg,pph0682,pph0682,True,0,1.0000,0.999893,car
img_003653.jpg,jhc0151,jhc0151,True,0,1.0000,0.999928,car
img_003668.jpg,kxs4485,kxs4485,True,0,1.0000,0.997994,car
img_003674.jpg,mqo1197,mqo1197,True,0,1.0000,0.997565,car
img_003682.jpg,ppd6888,ppd6888,True,0,1.0000,0.999937,car
img_003684.jpg,ppv5029,ppv5029,True,0,1.0000,0.999890,car
img_003687.jpg,ovh9811,ovh9811,True,0,1.0000,0.999937,car
img_003690.jpg,ppl4836,ppl4836,True,0,1.0000,0.999960,car
img_003694.jpg,pxd5882,pxd5882,True,0,1.0000,0.823283,car
img_003711.jpg,ppp8104,ppp8104,True,0,1.0000,0.999965,car
img_003714.jpg,mtb6924,mtb6924,True,0,1.0000,0.997196,car
img_003722.jpg,ode3260,ode3260,True,0,1.0000,0.999956,car
img_003723.jpg,pec1230,pec1230,True,0,1.0000,0.999947,car
img_003735.jpg,hmt9147,hmt9147,True,0,1.0000,0.998729,car
img_003736.jpg,ppp0105,ppp0105,True,0,1.0000,0.999982,car
img_003739.jpg,ppj1029,ppj1029,True,0,1.0000,0.999980,car
img_003740.jpg,ppp1881,ppp1881,True,0,1.0000,0.999684,car
img_003741.jpg,ppm6755,ppm6755,True,0,1.0000,0.999906,car
img_003746.jpg,fda4010,fda4010,True,0,1.0000,0.999803,car
img_003752.jpg,msy6522,msy6522,True,0,1.0000,0.999600,car
img_003753.jpg,ppk5450,ppk5450,True,0,1.0000,0.999914,car
img_003754.jpg,mtv8795,mtv8795,True,0,1.0000,0.999148,car
img_003757.jpg,msl0095,msl0095,True,0,1.0000,0.999907,car
img_003759.jpg,qqy3281,qqy3281,True,0,1.0000,0.999909,car
img_003762.jpg,oqt1172,oqt1172,True,0,1.0000,0.992816,car
img_003768.jpg,evg8074,evg8074,True,0,1.0000,0.999953,car
img_003778.jpg,lqh9876,lqh9876,True,0,1.0000,0.999949,car
img_003783.jpg,ppp3628,ppp3628,True,0,1.0000,0.999977,car
img_003786.jpg,ovk1635,ovk1635,True,0,1.0000,0.999787,car
img_003789.jpg,anj1023,anj1023,True,0,1.0000,0.999957,car
img_003792.jpg,mrk8744,mrk8744,True,0,1.0000,0.999940,car
img_003794.jpg,mtt1750,mtt1750,True,0,1.0000,0.999554,car
img_003797.jpg,nzs9628,nzs9628,True,0,1.0000,0.999784,car
img_003801.jpg,mrp4490,mrp4490,True,0,1.0000,0.978655,car
img_003803.jpg,knq0954,knq0954,True,0,1.0000,0.999672,car
img_003805.jpg,pwa6022,pwa6022,True,0,1.0000,0.999899,car
img_003814.jpg,ocz2157,ocz2157,True,0,1.0000,0.999732,car
img_003823.jpg,pxu7775,pxu7775,True,0,1.0000,0.994322,car
img_003826.jpg,pph0682,pph0682,True,0,1.0000,0.999879,car
img_003827.jpg,odp9719,odp9719,True,0,1.0000,0.999977,car
img_003829.jpg,msx0755,msx0755,True,0,1.0000,0.999969,car
img_003831.jpg,mth2345,mth2345,True,0,1.0000,0.999741,car
img_003839.jpg,odp6379,odp6379,True,0,1.0000,0.999957,car
img_003840.jpg,ppo7765,ppo7765,True,0,1.0000,0.999876,car
img_003844.jpg,msi3444,msi3444,True,0,1.0000,0.999860,car
img_003856.jpg,ppw9332,ppw9332,True,0,1.0000,0.999988,car
img_003861.jpg,odg6256,odg6256,True,0,1.0000,0.999912,car
img_003865.jpg,mss7130,mss7130,True,0,1.0000,0.999966,car
img_003868.jpg,mrj3434,mrj2434,False,1,0.8571,0.973288,car
img_003872.jpg,msz2300,msz2300,True,0,1.0000,0.999546,car
img_003880.jpg,mqg0481,mqg0481,True,0,1.0000,0.999827,car
img_003882.jpg,ppx9714,ppx9714,True,0,1.0000,0.999940,car
img_003885.jpg,ppj6139,ppj6139,True,0,1.0000,0.999166,car
img_003887.jpg,ppd0706,ppd0706,True,0,1.0000,0.999664,car
img_003889.jpg,mqo1197,mqo1197,True,0,1.0000,0.998034,car
img_003892.jpg,ode8151,ode8151,True,0,1.0000,0.999909,car
img_003893.jpg,msd0588,msd0588,True,0,1.0000,0.999951,car
img_003898.jpg,kvs9534,mys9534,False,2,0.7143,0.986981,car
img_003900.jpg,ovj1856,ovj1856,True,0,1.0000,0.999923,car
img_003903.jpg,odm5316,odm5316,True,0,1.0000,0.999856,car
img_003906.jpg,jhc0151,jhc0151,True,0,1.0000,0.999435,car
img_003910.jpg,ppn5445,ppn5445,True,0,1.0000,0.999907,car
img_003911.jpg,ocw1462,ocw1462,True,0,1.0000,0.999931,car
img_003918.jpg,qqs1833,qqs1833,True,0,1.0000,0.996730,car
img_003932.jpg,qpw7955,qpw7955,True,0,1.0000,0.998651,car
img_003933.jpg,ppw2262,ppw2262,True,0,1.0000,0.999248,car
img_003934.jpg,nys3671,nys3671,True,0,1.0000,0.999372,car
img_003938.jpg,ipr2535,ipr2535,True,0,1.0000,0.944558,car
img_003941.jpg,qnv9350,qnv9350,True,0,1.0000,0.999942,car
img_003945.jpg,mki9203,mki9203,True,0,1.0000,0.999912,car
img_003956.jpg,mcm0133,mcm0133,True,0,1.0000,0.999844,car
img_003958.jpg,odh7694,odh7694,True,0,1.0000,0.999924,car
img_003959.jpg,qrb2791,qrb2791,True,0,1.0000,0.999970,car
img_003967.jpg,ovl9107,ovl9107,True,0,1.0000,0.999963,car
img_003972.jpg,ods3923,ods3923,True,0,1.0000,0.999919,car
img_003977.jpg,mti4428,mti4428,True,0,1.0000,0.999860,car
img_003978.jpg,mqm4704,mqm4704,True,0,1.0000,0.985301,car
img_003989.jpg,mqv8494,mqv8494,True,0,1.0000,0.999876,car
img_003997.jpg,kvi4844,kvi4844,True,0,1.0000,0.999779,car
img_003998.jpg,mql4969,mql4969,True,0,1.0000,0.999793,car
img_004021.jpg,lkw3018,lkw3018,True,0,1.0000,0.999897,car
img_004031.jpg,okd8127,okd8127,True,0,1.0000,0.999817,car
img_004040.jpg,ppn9051,ppn9051,True,0,1.0000,0.999940,car
img_004047.jpg,odt1522,odt1522,True,0,1.0000,0.999940,car
img_004048.jpg,oyh0131,oyh0131,True,0,1.0000,0.999508,car
img_004050.jpg,mqn9353,mqn9353,True,0,1.0000,0.999906,car
img_004064.jpg,jov9159,jov9159,True,0,1.0000,0.990465,car
img_004069.jpg,ppk5450,ppk5450,True,0,1.0000,0.999916,car
img_004070.jpg,ppf8791,ppf8791,True,0,1.0000,0.999951,car
img_004077.jpg,odc9587,odc9587,True,0,1.0000,0.999900,car
img_004078.jpg,odb1956,odb1956,True,0,1.0000,0.999727,car
img_004087.jpg,ovl9154,ovl9154,True,0,1.0000,0.999962,car
img_004089.jpg,dqo0483,dqo0483,True,0,1.0000,0.999480,car
img_004092.jpg,oqt1172,oqt1172,True,0,1.0000,0.998432,car
img_004094.jpg,mpw5596,mpw5596,True,0,1.0000,0.999936,car
img_004101.jpg,pzl5312,pzl5312,True,0,1.0000,0.999891,car
img_004102.jpg,mqg0481,mqg0481,True,0,1.0000,0.987152,car
img_004103.jpg,ppw2533,ppw2533,True,0,1.0000,0.999824,car
img_004111.jpg,mtp3636,mtp3636,True,0,1.0000,0.999943,car
img_004113.jpg,hdr2378,hdr2378,True,0,1.0000,0.999955,car
img_004140.jpg,ppz2988,ppz2988,True,0,1.0000,0.999783,car
img_004147.jpg,kvs9534,kys9534,False,1,0.8571,0.992283,car
img_004155.jpg,mtl0940,mtl0940,True,0,1.0000,0.998852,car
img_004171.jpg,odt3275,odt3275,True,0,1.0000,0.999939,car
img_004174.jpg,ppg6004,ppg6004,True,0,1.0000,0.999982,car
img_004175.jpg,dne4018,dne4018,True,0,1.0000,0.995654,car
img_004178.jpg,oda0782,oda07b2,False,1,0.8571,0.807613,car
img_004180.jpg,mtb4601,mtb4601,True,0,1.0000,0.999927,car
img_004181.jpg,eex3746,eex3746,True,0,1.0000,0.999888,car
img_004182.jpg,ppn5781,ppn5781,True,0,1.0000,0.999783,car
img_004199.jpg,mqr8242,mqr8242,True,0,1.0000,0.999870,car
img_004202.jpg,ppo9492,ppo9492,True,0,1.0000,0.999602,car
img_004207.jpg,ppz2988,ppz2988,True,0,1.0000,0.999947,car
img_004208.jpg,qrb3288,qrb3288,True,0,1.0000,0.999969,car
img_004214.jpg,odg3184,odg3184,True,0,1.0000,0.999970,car
img_004218.jpg,odg6256,odg6256,True,0,1.0000,0.999954,car
img_004221.jpg,msr6079,msr6079,True,0,1.0000,0.999555,car
img_004222.jpg,oqr1982,oqr1982,True,0,1.0000,0.996011,car
img_004225.jpg,msi4228,msi4228,True,0,1.0000,0.999942,car
img_004226.jpg,hlp4594,hlp4594,True,0,1.0000,0.996647,car
img_004228.jpg,msz5769,msz5769,True,0,1.0000,0.998819,car
img_004234.jpg,eex3746,eex3746,True,0,1.0000,0.999866,car
img_004238.jpg,qqy3281,qqy3281,True,0,1.0000,0.999799,car
img_004240.jpg,hll2570,hll2570,True,0,1.0000,0.999931,car
img_004247.jpg,odl3330,odl3330,True,0,1.0000,0.999931,car
img_004253.jpg,ntg9212,ntg9212,True,0,1.0000,0.999868,car
img_004254.jpg,msc3276,msc3276,True,0,1.0000,0.999935,car
img_004259.jpg,abh2224,abh2224,True,0,1.0000,0.999716,car
img_004263.jpg,odf4930,odf4930,True,0,1.0000,0.999957,car
img_004267.jpg,gxu7640,gyu7640,False,1,0.8571,0.942852,car
img_004273.jpg,kvs9534,kvs9534,True,0,1.0000,0.935654,car
img_004275.jpg,mrs9832,mrs9832,True,0,1.0000,0.999852,car
img_004283.jpg,qrb7802,qrb7802,True,0,1.0000,0.999967,car
img_004286.jpg,ppa3996,ppa3996,True,0,1.0000,0.999944,car
img_004288.jpg,ppx9714,ppx9714,True,0,1.0000,0.999943,car
img_004294.jpg,msc3276,msc3276,True,0,1.0000,0.999942,car
img_004297.jpg,ocv8772,ocv8772,True,0,1.0000,0.997309,car
img_004298.jpg,lpd1908,lpd1908,True,0,1.0000,0.999806,car
img_004303.jpg,odq0904,odq0904,True,0,1.0000,0.999908,car
img_004306.jpg,mro8294,mro8294,True,0,1.0000,0.999559,car
img_004310.jpg,qow7372,qow7372,True,0,1.0000,0.995192,car
img_004313.jpg,ppi9341,ppi9341,True,0,1.0000,0.999959,car
img_004326.jpg,ppw2254,ppw2254,True,0,1.0000,0.999771,car
img_004328.jpg,msl0095,msl0095,True,0,1.0000,0.999890,car
img_004329.jpg,ppg6826,ppg6826,True,0,1.0000,0.999861,car
img_004330.jpg,kox5667,kox5667,True,0,1.0000,0.999849,car
img_004333.jpg,fpq0829,fpq0829,True,0,1.0000,0.999885,car
img_004335.jpg,ppw9916,ppw9916,True,0,1.0000,0.999920,car
img_004340.jpg,nqp2386,nqp2386,True,0,1.0000,0.999848,car
img_004348.jpg,lse4561,lse4561,True,0,1.0000,0.999790,car
img_004353.jpg,lqq9882,lqq9882,True,0,1.0000,0.999770,car
img_004359.jpg,ods4263,ods4263,True,0,1.0000,0.999788,car
img_004368.jpg,kvs9534,mms9534,False,2,0.7143,0.532384,car
img_004369.jpg,haq9821,haq9821,True,0,1.0000,0.633285,car
img_004375.jpg,mte5192,mte6192,False,1,0.8571,0.548203,car
img_004380.jpg,mql2242,mql2242,True,0,1.0000,0.999100,car
img_004382.jpg,mqm4704,mqm4704,True,0,1.0000,0.966677,car
img_004383.jpg,ppw2332,ppw2332,True,0,1.0000,0.999976,car
img_004384.jpg,qnl5207,qnl5207,True,0,1.0000,0.999849,car
img_004386.jpg,dqs5659,dqs5659,True,0,1.0000,0.999759,car
img_004393.jpg,mqi4385,mqi4385,True,0,1.0000,0.999728,car
img_004394.jpg,lvc9418,lvc9418,True,0,1.0000,0.999938,car
img_004395.jpg,oyk1804,oyk1804,True,0,1.0000,0.999825,car
img_004397.jpg,mtt3179,mtt3179,True,0,1.0000,0.999917,car
img_004411.jpg,dwk3417,dwk3417,True,0,1.0000,0.999663,car
img_004415.jpg,mtv9714,mtv9714,True,0,1.0000,0.998480,car
img_004419.jpg,mtb6924,mtb6926,False,1,0.8571,0.826208,car
img_004423.jpg,krf8880,krf8880,True,0,1.0000,0.999875,car
img_004427.jpg,qui3394,qui3394,True,0,1.0000,0.999479,car
img_004429.jpg,qoc6984,qoc6984,True,0,1.0000,0.998349,car
img_004443.jpg,ocz2526,ocz2526,True,0,1.0000,0.999792,car
img_004445.jpg,mtb4490,mtb4490,True,0,1.0000,0.913748,car
img_004447.jpg,ppo5037,ppo5037,True,0,1.0000,0.999948,car
img_004451.jpg,qrc7572,qrc7572,True,0,1.0000,0.999924,car
img_004455.jpg,oyj8962,oyj8962,True,0,1.0000,0.999796,car
img_004459.jpg,ppx9714,ppx9714,True,0,1.0000,0.999903,car
img_004461.jpg,ppm6755,ppm6755,True,0,1.0000,0.879921,car
img_004462.jpg,odi4208,odi4208,True,0,1.0000,0.999979,car
img_004465.jpg,eqo6813,eqo6813,True,0,1.0000,0.999478,car
img_004485.jpg,mrf3420,mrf3420,True,0,1.0000,0.999782,car
img_004486.jpg,gmk5871,gmk5871,True,0,1.0000,0.445572,car
img_004494.jpg,kph5146,kph5146,True,0,1.0000,0.999633,car
img_004502.jpg,qpq7623,qpq7623,True,0,1.0000,0.999737,car
img_004506.jpg,mty8669,mty8669,True,0,1.0000,0.999945,car
img_004509.jpg,jhc0151,jhc0151,True,0,1.0000,0.990732,car
img_004510.jpg,kya2043,kya2043,True,0,1.0000,0.999880,car
img_004511.jpg,msx0755,msx0755,True,0,1.0000,0.999967,car
img_004517.jpg,mse5564,mse5564,True,0,1.0000,0.999846,car
img_004527.jpg,ovl5815,ovl5815,True,0,1.0000,0.999888,car
img_004529.jpg,ppn4120,ppn4120,True,0,1.0000,0.992037,car
img_004530.jpg,odc0749,odc0749,True,0,1.0000,0.999917,car
img_004534.jpg,mtw3833,mtw3833,True,0,1.0000,0.999244,car
img_004537.jpg,ppx0709,ppx0709,True,0,1.0000,0.999732,car
img_004538.jpg,neh2104,neh2104,True,0,1.0000,0.999592,car
img_004544.jpg,oyh6794,oyh6794,True,0,1.0000,0.999911,car
img_004551.jpg,odg6256,odg6256,True,0,1.0000,0.999941,car
img_004555.jpg,mti4428,mti4428,True,0,1.0000,0.999864,car
img_004558.jpg,qrb0987,qrb0987,True,0,1.0000,0.999872,car
img_004561.jpg,ppq2622,ppq2622,True,0,1.0000,0.999876,car
img_004562.jpg,ppt0211,ppt0211,True,0,1.0000,0.999870,car
img_004569.jpg,pyr2725,pyr2725,True,0,1.0000,0.999827,car
img_004573.jpg,mtt3179,mtt3179,True,0,1.0000,0.999898,car
img_004578.jpg,msm5854,msm5854,True,0,1.0000,0.999883,car
img_004579.jpg,oyd8993,oyd8993,True,0,1.0000,0.999952,car
img_004581.jpg,oyd0023,oyd0023,True,0,1.0000,0.999707,car
img_004582.jpg,oyd0384,oyd0384,True,0,1.0000,0.999952,car
img_004588.jpg,ppu4426,ppu4426,True,0,1.0000,0.999824,car
img_004593.jpg,msx0755,msx0755,True,0,1.0000,0.999958,car
img_004600.jpg,mqo1197,mqo1197,True,0,1.0000,0.996733,car
img_004603.jpg,ods3923,ods3923,True,0,1.0000,0.999933,car
img_004604.jpg,nzj1306,nzj1306,True,0,1.0000,0.999660,car
img_004606.jpg,ppp0105,ppp0105,True,0,1.0000,0.999986,car
img_004607.jpg,ppt2998,ppt2998,True,0,1.0000,0.999971,car
img_004612.jpg,ocy4344,ocy4344,True,0,1.0000,0.999836,car
img_004627.jpg,qqq1958,qqq1958,True,0,1.0000,0.999390,car
img_004636.jpg,mtp3636,mtp3636,True,0,1.0000,0.999897,car
img_004639.jpg,pph6494,pph6494,True,0,1.0000,0.999928,car
img_004643.jpg,mqf1825,mqf1825,True,0,1.0000,0.999864,car
img_004646.jpg,mtn7357,mtn7357,True,0,1.0000,0.999967,car
img_004651.jpg,mst3293,mst3293,True,0,1.0000,0.999980,car
img_004664.jpg,mrg0195,mrg0195,True,0,1.0000,0.999951,car
img_004669.jpg,odt6208,odt6208,True,0,1.0000,0.999938,car
img_004670.jpg,quk6465,quk6465,True,0,1.0000,0.999932,car
img_004680.jpg,mrs7313,mrs7313,True,0,1.0000,0.999940,car
img_004687.jpg,oql2352,oql2352,True,0,1.0000,0.999539,car
img_004696.jpg,oyd9025,oyd9025,True,0,1.0000,0.999923,car
img_004697.jpg,qqt8226,qqt8226,True,0,1.0000,0.982970,car
img_004719.jpg,ove9064,ove9064,True,0,1.0000,0.993838,car
img_004738.jpg,ppj8278,ppj8278,True,0,1.0000,0.999191,car
img_004741.jpg,hoi3150,hoi3150,True,0,1.0000,0.997564,car
img_004742.jpg,opa3094,opa3094,True,0,1.0000,0.999950,car
img_004743.jpg,qux7702,qux7702,True,0,1.0000,0.999954,car
img_004744.jpg,ppb7779,ppb7779,True,0,1.0000,0.999960,car
img_004746.jpg,cma9593,cma0593,False,1,0.8571,0.783740,car
img_004749.jpg,ods2861,ods2861,True,0,1.0000,0.999951,car
img_004751.jpg,oyi6048,oyi6048,True,0,1.0000,0.999795,car
img_004754.jpg,msm5854,msm5854,True,0,1.0000,0.999910,car
img_004755.jpg,mqg0481,mqg0481,True,0,1.0000,0.999852,car
img_004774.jpg,odq0904,odq0904,True,0,1.0000,0.998858,car
img_004788.jpg,koa8428,koa8428,True,0,1.0000,0.999903,car
img_004790.jpg,mrv1063,mrv5063,False,1,0.8571,0.821715,car
img_004795.jpg,ovl5815,ovl5815,True,0,1.0000,0.999829,car
img_004796.jpg,ppo8840,ppo8840,True,0,1.0000,0.999882,car
img_004800.jpg,mrp6098,mrp6098,True,0,1.0000,0.860902,car
img_004804.jpg,mqo8460,mqo8460,True,0,1.0000,0.999889,car
img_004805.jpg,mru1092,mru1092,True,0,1.0000,0.999862,car
img_004826.jpg,egk9741,egk5741,False,1,0.8571,0.522584,car
img_004827.jpg,nja5615,nja5615,True,0,1.0000,0.999964,car
img_004845.jpg,qpl9796,qpl9796,True,0,1.0000,0.999546,car
img_004849.jpg,qqw6897,qqw6897,True,0,1.0000,0.999761,car
img_004850.jpg,ipr2535,ipr2535,True,0,1.0000,0.923026,car
img_004853.jpg,ppz2450,ppz2450,True,0,1.0000,0.999949,car
img_004857.jpg,kwk6703,kwk6703,True,0,1.0000,0.999654,car
img_004858.jpg,mso4987,mso4987,True,0,1.0000,0.999822,car
img_004860.jpg,odh7986,odh7986,True,0,1.0000,0.933459,car
img_004866.jpg,oql2352,oql2352,True,0,1.0000,0.997506,car
img_004868.jpg,ove4468,ove4468,True,0,1.0000,0.999885,car
img_004874.jpg,jvt2910,jvt2910,True,0,1.0000,0.999788,car
img_004875.jpg,ppw6134,ppw6134,True,0,1.0000,0.999930,car
img_004876.jpg,pxn6234,pxn6234,True,0,1.0000,0.999421,car
img_004879.jpg,ppu3886,ppu3886,True,0,1.0000,0.999962,car
img_004884.jpg,oyg3845,oyg3845,True,0,1.0000,0.999892,car
img_004885.jpg,ppu9850,ppu9850,True,0,1.0000,0.999964,car
img_004892.jpg,par2765,par2765,True,0,1.0000,0.979844,car
img_004893.jpg,qos4398,qos4398,True,0,1.0000,0.997775,car
img_004894.jpg,odt1522,odt1522,True,0,1.0000,0.999669,car
img_004901.jpg,dlr1298,dlr1298,True,0,1.0000,0.998508,car
img_004906.jpg,ppz4128,ppz4128,True,0,1.0000,0.999872,car
img_004908.jpg,ppu9756,ppu9756,True,0,1.0000,0.999869,car
img_004913.jpg,kvv4055,kvv4055,True,0,1.0000,0.999945,car
img_004914.jpg,ajs8928,ajs8928,True,0,1.0000,0.951031,car
img_004915.jpg,ppo6441,ppo6441,True,0,1.0000,0.999787,car
img_004924.jpg,bao4362,bao4362,True,0,1.0000,0.999285,car
img_004936.jpg,pph0712,pph0712,True,0,1.0000,0.999833,car
img_004938.jpg,odg6256,odg6256,True,0,1.0000,0.999939,car
img_004942.jpg,odk1696,odk1696,True,0,1.0000,0.999923,car
img_004943.jpg,qww1321,oww1321,False,1,0.8571,0.997044,car
img_004947.jpg,loy6261,loy6261,True,0,1.0000,0.999932,car
img_004951.jpg,pwj6866,pwj6866,True,0,1.0000,0.999730,car
img_004952.jpg,mqf8976,mqf8976,True,0,1.0000,0.999443,car
img_004957.jpg,msg6735,msg6735,True,0,1.0000,0.999929,car
img_004963.jpg,pps0435,pps0435,True,0,1.0000,0.999751,car
img_004970.jpg,hay5895,hay5895,True,0,1.0000,0.999446,car
img_004973.jpg,ppt6997,ppt6997,True,0,1.0000,0.999946,car
img_004975.jpg,qov4888,qov4888,True,0,1.0000,0.999898,car
img_004976.jpg,mqy8942,mqy8942,True,0,1.0000,0.999768,car
img_004979.jpg,mtu2844,mtu2844,True,0,1.0000,0.999059,car
img_004990.jpg,ovk2611,ovk2611,True,0,1.0000,0.999756,car
img_004991.jpg,mtp8313,mtp8313,True,0,1.0000,0.999822,car
img_004996.jpg,mpk8098,mpk8098,True,0,1.0000,0.999896,car
img_010003.jpg,kxg9j64,kxg9j64,True,0,1.0000,0.999902,car
img_010010.jpg,qre4e43,qre4e43,True,0,1.0000,0.999920,car
img_010016.jpg,qrf7b72,qrf7b72,True,0,1.0000,0.999918,car
img_010018.jpg,qre4f49,qre4f49,True,0,1.0000,0.999935,car
img_010020.jpg,fyo2e04,fyo2e04,True,0,1.0000,0.999079,car
img_010021.jpg,mtc2e14,mtc2e14,True,0,1.0000,0.999969,car
img_010024.jpg,qre8i54,qre8i54,True,0,1.0000,0.999966,car
img_010026.jpg,qre1i11,qre1i11,True,0,1.0000,0.999796,car
img_010027.jpg,qre4e99,qre4e99,True,0,1.0000,0.999927,car
img_010036.jpg,mrx0d58,mrx0d58,True,0,1.0000,0.999549,car
img_010039.jpg,qre3f49,qre3f49,True,0,1.0000,0.999948,car
img_010045.jpg,qre5h65,qre5h65,True,0,1.0000,0.999965,car
img_010048.jpg,ppa7i61,ppa7i61,True,0,1.0000,0.999840,car
img_010049.jpg,fou3i88,fou3i88,True,0,1.0000,0.999879,car
img_010052.jpg,qre1i46,qre1i46,True,0,1.0000,0.999854,car
img_010054.jpg,qre1i11,qre1i11,True,0,1.0000,0.999241,car
img_010055.jpg,qrf8f46,qrf8f46,True,0,1.0000,0.976454,car
img_010056.jpg,fou3i88,fou3i88,True,0,1.0000,0.999854,car
img_010057.jpg,qre4e43,qre4e43,True,0,1.0000,0.999923,car
img_010060.jpg,ovl0i25,ovl0i25,True,0,1.0000,0.967489,car
img_010061.jpg,qre4e99,qre4e99,True,0,1.0000,0.999811,car
img_010063.jpg,qre1i46,qre1i46,True,0,1.0000,0.999853,car
img_010064.jpg,fou3i88,fou3i88,True,0,1.0000,0.999889,car
img_010065.jpg,fyo2e04,fyo2e04,True,0,1.0000,0.984351,car
img_010066.jpg,qrf1h46,qrf1h46,True,0,1.0000,0.999969,car
img_010069.jpg,oyh9f44,oyh9f44,True,0,1.0000,0.999459,car
img_010071.jpg,qre4f45,qre4f45,True,0,1.0000,0.999926,car
img_010072.jpg,qre4e99,qre4e99,True,0,1.0000,0.999909,car
img_010073.jpg,qre1i46,qre1i46,True,0,1.0000,0.999835,car
img_010076.jpg,qre1i11,qre1i11,True,0,1.0000,0.999631,car
img_010077.jpg,qre4e43,qre4e43,True,0,1.0000,0.999898,car
img_010079.jpg,qrf6i33,qrf6i33,True,0,1.0000,0.999909,car
img_010080.jpg,qre1i46,qre1i46,True,0,1.0000,0.999954,car
img_010083.jpg,qre1i46,qre1i46,True,0,1.0000,0.999838,car
img_010084.jpg,qrf8g17,qrf8g17,True,0,1.0000,0.999830,car
img_010085.jpg,qre4e43,qre4e43,True,0,1.0000,0.999618,car
img_010086.jpg,fag3b35,fag3b35,True,0,1.0000,0.999932,car
img_010088.jpg,nlh7e39,nlh7e39,True,0,1.0000,0.999826,car
img_010089.jpg,qre1i11,qre1i11,True,0,1.0000,0.999663,car
img_010091.jpg,qre4f49,qre4f49,True,0,1.0000,0.999931,car
img_010092.jpg,qre8e70,qre8e70,True,0,1.0000,0.999916,car
img_010093.jpg,qre4f49,qre4f49,True,0,1.0000,0.999899,car
img_010095.jpg,qre1i46,qre1i46,True,0,1.0000,0.999785,car
img_010098.jpg,mtd8d09,mtd8d09,True,0,1.0000,0.996925,car
img_010099.jpg,qre4e99,qre4e99,True,0,1.0000,0.999900,car
img_010101.jpg,qrf8f40,qrf8f40,True,0,1.0000,0.999215,car
img_010102.jpg,qre0f26,qre0f26,True,0,1.0000,0.999920,car
img_010104.jpg,qrf8f09,qrf8f09,True,0,1.0000,0.999916,car
img_010108.jpg,qre4e43,qre4e43,True,0,1.0000,0.999717,car
img_010109.jpg,ovk6e51,ovk6e51,True,0,1.0000,0.999921,car
img_010110.jpg,qrg4b68,qrg4b68,True,0,1.0000,0.999921,car
img_010112.jpg,qre1i43,qre1i43,True,0,1.0000,0.999875,car
img_010113.jpg,qre4e99,qre4e99,True,0,1.0000,0.999837,car
img_010115.jpg,fyo2e04,fyo2e04,True,0,1.0000,0.999176,car
img_010117.jpg,qre1i11,qre1i11,True,0,1.0000,0.999747,car
img_010118.jpg,qre4e99,qre4e99,True,0,1.0000,0.999616,car
img_010119.jpg,qrf8f14,qrf8f14,True,0,1.0000,0.999861,car
img_010121.jpg,qre4f49,qre4f49,True,0,1.0000,0.999924,car
img_010122.jpg,ppc2i82,ppc2i82,True,0,1.0000,0.999906,car
img_010123.jpg,qrf4e70,qrf4e70,True,0,1.0000,0.999751,car
img_010125.jpg,qre1i38,qre1i38,True,0,1.0000,0.999870,car
img_010127.jpg,qrf7b75,qrf7b75,True,0,1.0000,0.912434,car
img_010128.jpg,qre4e43,qre4e43,True,0,1.0000,0.999833,car
img_010129.jpg,oyf0a79,oyf0a79,True,0,1.0000,0.999926,car
img_010132.jpg,kyd5g31,kyd5g31,True,0,1.0000,0.999937,car
img_010138.jpg,oda8i94,oda8i94,True,0,1.0000,0.999638,car
img_010154.jpg,ocv5g06,ocv5g06,True,0,1.0000,0.998336,car
img_010155.jpg,odt7i53,odt7i53,True,0,1.0000,0.999634,car
img_010156.jpg,ppa3e45,ppa3e45,True,0,1.0000,0.999791,car
img_010163.jpg,ppw9b82,ppw9b82,True,0,1.0000,0.999923,car
img_010165.jpg,ocw3f41,ocw3f41,True,0,1.0000,0.999907,car
img_010170.jpg,kza6b06,kza6b06,True,0,1.0000,0.997293,car
img_010172.jpg,ppp4b24,ppp4b24,True,0,1.0000,0.999372,car
img_010173.jpg,ppw6b71,ppw6b71,True,0,1.0000,0.999825,car
img_010175.jpg,msq2c44,msq2c44,True,0,1.0000,0.999941,car
img_010177.jpg,ocv6j28,ocv6j28,True,0,1.0000,0.999880,car
img_010184.jpg,qre9i25,qre9i25,True,0,1.0000,0.999977,car
img_010189.jpg,oyg8c87,oyg8c87,True,0,1.0000,0.999822,car
img_010192.jpg,dhx8i38,dhx8i38,True,0,1.0000,0.999739,car
img_010202.jpg,odr0d28,odr0d28,True,0,1.0000,0.980128,car
img_010205.jpg,pzh2j55,pzh2j55,True,0,1.0000,0.999853,car
img_010206.jpg,qre6f98,qre6f98,True,0,1.0000,0.999972,car
img_010208.jpg,ppa8c34,ppa8c34,True,0,1.0000,0.999870,car
img_010209.jpg,kqk7h61,kqk7h61,True,0,1.0000,0.999874,car
img_010210.jpg,ppe2a41,ppe2a41,True,0,1.0000,0.999755,car
img_010211.jpg,mte5e16,mte5e16,True,0,1.0000,0.999824,car
img_010212.jpg,mrx0d58,mrx0d58,True,0,1.0000,0.997556,car
img_010216.jpg,ooj1a21,ooj1a21,True,0,1.0000,0.999808,car
img_010217.jpg,odb2b71,odb2b71,True,0,1.0000,0.938219,car
img_010219.jpg,kdl5g01,kdl5g01,True,0,1.0000,0.999773,car
img_010220.jpg,pym8d73,pym8d73,True,0,1.0000,0.999314,car
img_010224.jpg,pxe3f60,pxe3f60,True,0,1.0000,0.994639,car
img_010225.jpg,qre1i43,qre1i43,True,0,1.0000,0.999848,car
img_010227.jpg,qre4e99,qre4e99,True,0,1.0000,0.999779,car
img_010231.jpg,pqx6c83,pqx6c83,True,0,1.0000,0.999137,car
img_010232.jpg,qrf8g17,qrf8g17,True,0,1.0000,0.999894,car
img_010233.jpg,qre4f49,qre4f49,True,0,1.0000,0.999955,car
img_010234.jpg,qre1i11,qre1i11,True,0,1.0000,0.999808,car
img_010237.jpg,qre4e43,qre4e43,True,0,1.0000,0.999369,car
img_010238.jpg,qre1i46,qre1i46,True,0,1.0000,0.999915,car
img_010239.jpg,ffb3e26,ffb3e26,True,0,1.0000,0.999932,car
img_010240.jpg,qrh3b66,qrh3b66,True,0,1.0000,0.999928,car
img_010243.jpg,mpj4j34,mpj4j34,True,0,1.0000,0.999842,car
img_010244.jpg,qrf8g17,qrf8g17,True,0,1.0000,0.999836,car
img_010245.jpg,qre7d75,qre7d75,True,0,1.0000,0.999901,car
img_010250.jpg,qre4e43,qre4e43,True,0,1.0000,0.999764,car
img_010257.jpg,qre4f49,qre4f49,True,0,1.0000,0.999925,car
img_010259.jpg,gfl2a37,gfl2a37,True,0,1.0000,0.999779,car
img_010260.jpg,qrf6j36,qrf6j36,True,0,1.0000,0.999913,car
img_010263.jpg,mst1h25,mst1h25,True,0,1.0000,0.999831,car
img_010265.jpg,qre2d66,qre2d66,True,0,1.0000,0.999955,car
img_010268.jpg,ppl1h66,ppl1h66,True,0,1.0000,0.999706,car
img_010269.jpg,qrf8f09,qrf8f09,True,0,1.0000,0.999911,car
img_010271.jpg,qre4e99,qre4e99,True,0,1.0000,0.999905,car
img_010276.jpg,qrf8f14,qrf8f14,True,0,1.0000,0.999888,car
img_010279.jpg,qre4e99,qre4e99,True,0,1.0000,0.999837,car
img_010281.jpg,ppl4c38,ppl4c38,True,0,1.0000,0.999912,car
img_010284.jpg,mtw3g74,mtw3g74,True,0,1.0000,0.999489,car
img_010285.jpg,qre4e43,qre4e43,True,0,1.0000,0.999897,car
img_010286.jpg,qre4e99,qre4e99,True,0,1.0000,0.999745,car
img_010287.jpg,qrg2h80,qrg2h80,True,0,1.0000,0.999975,car
img_010289.jpg,qre1i11,qre1i11,True,0,1.0000,0.999703,car
img_010292.jpg,qrh1h27,qrh1h27,True,0,1.0000,0.998261,car
img_010296.jpg,qre1i11,qre1i11,True,0,1.0000,0.999736,car
img_010298.jpg,qrf8f87,qrf8f87,True,0,1.0000,0.999887,car
img_010299.jpg,qrf6j36,qrf6j36,True,0,1.0000,0.999865,car
img_010300.jpg,qre9e92,qre9e92,True,0,1.0000,0.999962,car
img_010302.jpg,qrf6i81,qrf6i81,True,0,1.0000,0.999945,car
img_010306.jpg,qre1i11,qre1i11,True,0,1.0000,0.999030,car
img_010307.jpg,qre1i59,qre1i59,True,0,1.0000,0.999867,car
img_010310.jpg,qre1i46,qre1i46,True,0,1.0000,0.999931,car
img_010311.jpg,qrf8g17,qrf8g17,True,0,1.0000,0.999884,car
img_010312.jpg,qre4e43,qre4e43,True,0,1.0000,0.999897,car
img_010313.jpg,qre1i11,qre1i11,True,0,1.0000,0.997853,car
img_010314.jpg,fou3i88,fou3i88,True,0,1.0000,0.999869,car
img_010319.jpg,qre4e99,qre4e99,True,0,1.0000,0.999799,car
img_010320.jpg,qrg2i08,qrg2i08,True,0,1.0000,0.999137,car
img_010322.jpg,kpr0c73,kpr0c73,True,0,1.0000,0.984547,car
img_010324.jpg,qre1i11,qre1i11,True,0,1.0000,0.999736,car
img_010325.jpg,qrg2h80,qrg2h80,True,0,1.0000,0.999970,car
img_010327.jpg,qrg2h19,qrg2h19,True,0,1.0000,0.999961,car
img_010329.jpg,mrg2a66,mrg2a66,True,0,1.0000,0.999954,car
img_010333.jpg,odn4i05,odn4i05,True,0,1.0000,0.999619,car
img_010334.jpg,odf8j74,odf8j74,True,0,1.0000,0.999822,car
img_010335.jpg,qre1i59,qre1i59,True,0,1.0000,0.999905,car
img_010336.jpg,qrg2i08,qrg2i08,True,0,1.0000,0.999839,car
img_010338.jpg,qrf8g17,qrf8g17,True,0,1.0000,0.999938,car
img_010339.jpg,qrf6i33,qrf6i33,True,0,1.0000,0.999902,car
img_010342.jpg,qre4e99,qre4e99,True,0,1.0000,0.999823,car
img_010346.jpg,qre1i42,qre1i42,True,0,1.0000,0.999619,car
img_010349.jpg,qre4e99,qre4e99,True,0,1.0000,0.999917,car
img_010351.jpg,pph2g21,pph2g21,True,0,1.0000,0.999962,car
img_010353.jpg,qre8e70,qre8e70,True,0,1.0000,0.999886,car
img_010355.jpg,eiy8i27,eiv8i27,False,1,0.8571,0.633890,car
img_010356.jpg,qrh1h27,qrh1h27,True,0,1.0000,0.999899,car
img_010357.jpg,ean2g57,ean2g57,True,0,1.0000,0.995896,car
img_010358.jpg,qrh1h27,qrh1h27,True,0,1.0000,0.999884,car
img_010359.jpg,qrh7c82,qrh7c82,True,0,1.0000,0.999562,car
img_010360.jpg,qre1i11,qre1i11,True,0,1.0000,0.999769,car
img_010362.jpg,qre1i43,qre1i43,True,0,1.0000,0.999908,car
img_010363.jpg,qre1i11,qre1i11,True,0,1.0000,0.999759,car
img_010365.jpg,qre1i11,qre1i11,True,0,1.0000,0.999878,car
img_010367.jpg,qrf8f09,qrf8f09,True,0,1.0000,0.999702,car
img_010370.jpg,qre1i43,qre1i43,True,0,1.0000,0.999842,car
img_010371.jpg,qre1i11,qre1i11,True,0,1.0000,0.999683,car
img_010372.jpg,qrg4e18,qrg4e18,True,0,1.0000,0.999963,car
img_010375.jpg,fur9c33,fur9c33,True,0,1.0000,0.999958,car
img_010376.jpg,qre7d75,qre7d75,True,0,1.0000,0.999879,car
img_010377.jpg,qre0f27,qre0f27,True,0,1.0000,0.999891,car
img_010380.jpg,gfl2a37,gfl2a37,True,0,1.0000,0.999780,car
img_010381.jpg,ppl9g80,ppl9g80,True,0,1.0000,0.999862,car
img_010385.jpg,qre4e99,qre4e99,True,0,1.0000,0.999778,car
img_010388.jpg,qre1i38,qre1i38,True,0,1.0000,0.999709,car
img_010389.jpg,qrh7d34,qrh7d34,True,0,1.0000,0.999942,car
img_010390.jpg,qre7d75,qre7d75,True,0,1.0000,0.999913,car
img_010391.jpg,ovl9h03,ovl9h03,True,0,1.0000,0.999954,car
img_010394.jpg,qre5d80,qre5d80,True,0,1.0000,0.997503,car
img_010395.jpg,qre4e99,qre4e99,True,0,1.0000,0.999852,car
img_010396.jpg,qrh7c82,qrh7c82,True,0,1.0000,0.999873,car
img_010397.jpg,ppp9c33,ppp9c33,True,0,1.0000,0.999786,car
img_010399.jpg,qre1i46,qre1i46,True,0,1.0000,0.999830,car
img_010403.jpg,qre7d75,qre7d75,True,0,1.0000,0.999945,car
img_010404.jpg,qre0f27,qre0f27,True,0,1.0000,0.999866,car
img_010406.jpg,qre1h96,qre1h96,True,0,1.0000,0.999958,car
img_010408.jpg,qrg5b59,qrg5b59,True,0,1.0000,0.997322,car
img_010409.jpg,odk5h01,odk5h01,True,0,1.0000,0.999959,car
img_010410.jpg,qrh1h27,qrh1h27,True,0,1.0000,0.999719,car
img_010413.jpg,qrf8f09,qrf8f09,True,0,1.0000,0.999873,car
img_010414.jpg,fag3b35,fag3b35,True,0,1.0000,0.999853,car
img_010415.jpg,fyo2e04,fyo2e04,True,0,1.0000,0.999436,car
img_010416.jpg,qre4e99,qre4e99,True,0,1.0000,0.600130,car
img_010418.jpg,qrf8f09,qrf8f09,True,0,1.0000,0.993158,car
img_010420.jpg,qre4e99,qre4e99,True,0,1.0000,0.999736,car
img_010422.jpg,qrg4e18,qrg4e18,True,0,1.0000,0.999961,car
img_010423.jpg,qrf8f09,qrf8f09,True,0,1.0000,0.999829,car
img_010425.jpg,qrf8g17,qrf8g17,True,0,1.0000,0.999941,car
img_010426.jpg,qrf7b69,qrf7b69,True,0,1.0000,0.999942,car
img_010428.jpg,qrf8g60,qrf8g60,True,0,1.0000,0.999878,car
img_010429.jpg,qre4e43,qre4e43,True,0,1.0000,0.999924,car
img_010430.jpg,qrf6j21,qrf6j21,True,0,1.0000,0.999931,car
img_010431.jpg,qre1i11,qre1i11,True,0,1.0000,0.999303,car
img_010432.jpg,qrh2c89,qrh2c89,True,0,1.0000,0.999611,car
img_010434.jpg,fag3b35,fag3b35,True,0,1.0000,0.999859,car
img_010435.jpg,ppm1h66,ppm1h66,True,0,1.0000,0.999953,car
img_010436.jpg,qrf8g17,qrf8g17,True,0,1.0000,0.999954,car
img_010437.jpg,qre1i11,qre1i11,True,0,1.0000,0.999855,car
img_010438.jpg,qre4e99,qre4e99,True,0,1.0000,0.999797,car
img_010440.jpg,fyo2e04,fyo2e04,True,0,1.0000,0.999327,car
img_010441.jpg,qre1i46,qre1i46,True,0,1.0000,0.999923,car
img_010442.jpg,qre5d80,qre5d80,True,0,1.0000,0.999921,car
img_010443.jpg,ocz2j46,ocz2j46,True,0,1.0000,0.999903,car
img_010445.jpg,qrf8g17,qrf8g17,True,0,1.0000,0.999711,car
img_010447.jpg,qre4e99,qre4e99,True,0,1.0000,0.999854,car
img_010448.jpg,qre1i59,qre1i59,True,0,1.0000,0.999900,car
img_010449.jpg,qre4e43,qre4e43,True,0,1.0000,0.999940,car
img_010450.jpg,qre4e99,qre4e99,True,0,1.0000,0.999857,car
img_010451.jpg,fou3i88,fou3i88,True,0,1.0000,0.999787,car
img_010452.jpg,qrf6j36,qrf6j36,True,0,1.0000,0.999933,car
img_010453.jpg,qre1i46,qre1i46,True,0,1.0000,0.999928,car
img_010454.jpg,qri0e80,qri0e80,True,0,1.0000,0.998446,car
img_010455.jpg,qre4e99,qre4e99,True,0,1.0000,0.999853,car
img_010457.jpg,qrf8f14,qrf8f14,True,0,1.0000,0.999905,car
img_010459.jpg,qre1i46,qre1i46,True,0,1.0000,0.999793,car
img_010460.jpg,qre4f49,qre4f49,True,0,1.0000,0.999950,car
img_010461.jpg,qre4e99,qre4e99,True,0,1.0000,0.999591,car
img_010462.jpg,qrf6j36,qrf6j36,True,0,1.0000,0.999689,car
img_010464.jpg,fyo2e04,fyo2e04,True,0,1.0000,0.998703,car
img_010468.jpg,qrh1h69,qrh1h69,True,0,1.0000,0.998055,car
img_010470.jpg,qrf8g50,qrf8g50,True,0,1.0000,0.999824,car
img_010473.jpg,ppl1h66,ppl1h66,True,0,1.0000,0.973214,car
img_010476.jpg,qre1i11,qre1i11,True,0,1.0000,0.999837,car
img_010479.jpg,qre4e99,qre4e99,True,0,1.0000,0.999933,car
img_010480.jpg,fyo2e04,fyo2e04,True,0,1.0000,0.999472,car
img_010481.jpg,qre4e99,qre4e99,True,0,1.0000,0.999896,car
img_010482.jpg,odk9d38,odk9d38,True,0,1.0000,0.999945,car
img_010484.jpg,qre1h96,qre1h96,True,0,1.0000,0.999760,car
img_010485.jpg,qri5h50,qri5h50,True,0,1.0000,0.999885,car
img_010487.jpg,qre1i11,qre1i11,True,0,1.0000,0.999406,car
img_010488.jpg,qrf8g17,qrf8g17,True,0,1.0000,0.999836,car
img_010489.jpg,qrf8f96,qrf8f96,True,0,1.0000,0.999933,car
img_010490.jpg,qri0e12,qri0e12,True,0,1.0000,0.998273,car
img_010491.jpg,qrj3d66,qrj3d66,True,0,1.0000,0.999849,car
img_010492.jpg,qre4e43,qre4e43,True,0,1.0000,0.999942,car
img_010493.jpg,qre8f57,qre8f57,True,0,1.0000,0.998481,car
img_010494.jpg,qre2a11,qre2a11,True,0,1.0000,0.999927,car
img_010495.jpg,fyo2e04,fyo2e04,True,0,1.0000,0.999157,car
img_010497.jpg,qrf6j33,qrf6j33,True,0,1.0000,0.999944,car
img_010498.jpg,qre1i11,qre1i11,True,0,1.0000,0.999459,car
img_010499.jpg,qre4e99,qre4e99,True,0,1.0000,0.999850,car
img_010500.jpg,qri0e12,qri0e12,True,0,1.0000,0.998126,car
img_010501.jpg,qre1i59,ore1i59,False,1,0.8571,0.981119,car
img_010502.jpg,qre4d82,qre4d82,True,0,1.0000,0.997243,car
img_010503.jpg,ppt0c87,ppt0c87,True,0,1.0000,0.999866,car
img_010506.jpg,qrh1h27,qrh1h27,True,0,1.0000,0.999800,car
img_010508.jpg,qri0e12,qri0e12,True,0,1.0000,0.998417,car
img_010510.jpg,qre1i38,qre1i38,True,0,1.0000,0.999783,car
img_010512.jpg,qrf8f09,qrf8f09,True,0,1.0000,0.999844,car
img_010514.jpg,qre1i11,qre1i11,True,0,1.0000,0.999538,car
img_010516.jpg,gfl2a37,gfl2a37,True,0,1.0000,0.999295,car
img_010517.jpg,qre1i43,qre1i43,True,0,1.0000,0.999929,car
img_010518.jpg,qrf8g17,qrf8g17,True,0,1.0000,0.999207,car
img_010519.jpg,qrf8f96,qrf8f96,True,0,1.0000,0.999921,car
img_010520.jpg,qre1i11,qre1i11,True,0,1.0000,0.999690,car
img_010524.jpg,qre1i43,qre1i43,True,0,1.0000,0.995568,car
img_010525.jpg,qre1i46,qre1i46,True,0,1.0000,0.999287,car
img_010526.jpg,qre4e43,qre4e43,True,0,1.0000,0.999905,car
img_010527.jpg,fur9c33,fur9c33,True,0,1.0000,0.999930,car
img_010529.jpg,qrf8f96,qrf8f96,True,0,1.0000,0.999925,car
img_010530.jpg,qre6h61,qre6h61,True,0,1.0000,0.721527,car
img_010531.jpg,qrf7b71,qrf7b71,True,0,1.0000,0.999921,car
img_010532.jpg,qre4e43,qre4e43,True,0,1.0000,0.999941,car
img_010533.jpg,qrf6j36,qrf6j36,True,0,1.0000,0.999934,car
img_010537.jpg,ppm0b05,ppm0b05,True,0,1.0000,0.999736,car
img_010539.jpg,qre1i11,qre1i11,True,0,1.0000,0.999793,car
img_010540.jpg,qrf8g17,qrf8g17,True,0,1.0000,0.999921,car
img_010541.jpg,qre4e99,qre4e99,True,0,1.0000,0.999648,car
img_010542.jpg,qrf8f09,qrf8f09,True,0,1.0000,0.999888,car
img_010544.jpg,fyo2e04,fyo2e04,True,0,1.0000,0.998366,car
img_010545.jpg,qrg0d06,qrg0d06,True,0,1.0000,0.999862,car
img_010546.jpg,qrg0d06,qrg0d06,True,0,1.0000,0.999932,car
img_010547.jpg,qrf8g17,qrf8g17,True,0,1.0000,0.999514,car
img_010548.jpg,qre1i46,qre1i46,True,0,1.0000,0.999786,car
img_010549.jpg,qrf8f40,qrf8f40,True,0,1.0000,0.865897,car
img_010550.jpg,qre4e99,qre4e99,True,0,1.0000,0.999882,car
img_010551.jpg,qrg2h80,qrg2h80,True,0,1.0000,0.999575,car
img_010553.jpg,qrg4e18,qrg4e18,True,0,1.0000,0.999914,car
img_010554.jpg,qre1i43,qre1i43,True,0,1.0000,0.994338,car
img_010556.jpg,qre1i46,qre1i46,True,0,1.0000,0.999757,car
img_010559.jpg,qre1i41,qre1i41,True,0,1.0000,0.998992,car
img_010560.jpg,qrg1i51,qrg1i51,True,0,1.0000,0.999894,car
img_010563.jpg,qre6h61,qre6h61,True,0,1.0000,0.999582,car
img_010566.jpg,puy0f60,puy0f60,True,0,1.0000,0.992594,car
img_010570.jpg,qre7b35,qre7b35,True,0,1.0000,0.984038,car
img_010571.jpg,qre4e99,qre4e99,True,0,1.0000,0.999911,car
img_010572.jpg,qrf8f96,qrf8f96,True,0,1.0000,0.999580,car
img_010574.jpg,ean2g57,leaw2g5,False,3,0.5714,0.845149,car
img_010575.jpg,qrh1h63,qrh1h63,True,0,1.0000,0.999720,car
img_010580.jpg,qrg0d06,qrg0d06,True,0,1.0000,0.999527,car
img_010582.jpg,qre1i46,qre1i46,True,0,1.0000,0.999876,car
img_010584.jpg,qre1i59,qre1i59,True,0,1.0000,0.999753,car
img_010585.jpg,qre4f36,qre4f36,True,0,1.0000,0.999695,car
img_010586.jpg,qre4e99,qre4e99,True,0,1.0000,0.999850,car
img_010587.jpg,qrf8f09,qrf8f09,True,0,1.0000,0.999815,car
img_010591.jpg,puv5e07,puv5e07,True,0,1.0000,0.901974,car
img_010593.jpg,qrf8g17,qrf8g17,True,0,1.0000,0.999937,car
img_010594.jpg,qre1i46,qre1i46,True,0,1.0000,0.999862,car
img_010595.jpg,qre4e43,qre4e43,True,0,1.0000,0.999939,car
img_010597.jpg,qrf8g16,qrf8g16,True,0,1.0000,0.999844,car
img_010598.jpg,qre4f49,qre4f49,True,0,1.0000,0.999805,car
img_010600.jpg,odt7c71,odt7c21,False,1,0.8571,0.972108,car
img_010601.jpg,qre1i46,qre1i46,True,0,1.0000,0.999839,car
img_010602.jpg,qrf8g17,qrf8g17,True,0,1.0000,0.998485,car
img_010603.jpg,qre1i43,qre1i43,True,0,1.0000,0.999861,car
img_010604.jpg,fag3b35,fag3b35,True,0,1.0000,0.999828,car
img_010605.jpg,fag3b35,fag3b35,True,0,1.0000,0.631614,car
img_010606.jpg,qre4e99,qre4e99,True,0,1.0000,0.999504,car
img_010607.jpg,qre2d66,qre2d66,True,0,1.0000,0.998043,car
img_010609.jpg,qrg0i76,qrg0i76,True,0,1.0000,0.999461,car
img_010611.jpg,fur9c33,fur9c33,True,0,1.0000,0.999936,car
img_010622.jpg,qre4e62,qre4e62,True,0,1.0000,0.999811,car
img_010623.jpg,qre4e43,qre4e43,True,0,1.0000,0.999629,car
img_010625.jpg,qre4e62,qre4e62,True,0,1.0000,0.999475,car
img_010627.jpg,ppm1h66,ppm1h66,True,0,1.0000,0.999969,car
img_010628.jpg,qre4e62,qre4e62,True,0,1.0000,0.999915,car
img_010631.jpg,qrh7c82,qrh7c82,True,0,1.0000,0.999841,car
img_010632.jpg,qre7c42,qrf7c42,False,1,0.8571,0.525391,car
img_010634.jpg,fyo2e04,fyo2e04,True,0,1.0000,0.992302,car
img_010639.jpg,ppd9a96,ppd9a96,True,0,1.0000,0.999067,car
img_010640.jpg,oyg2i19,oyg2i19,True,0,1.0000,0.969588,car
img_010645.jpg,qrh1h27,qrh1h27,True,0,1.0000,0.998854,car
img_010647.jpg,qre1i46,qre1i46,True,0,1.0000,0.999916,car
img_010648.jpg,qrf8f40,qrf8f40,True,0,1.0000,0.996292,car
img_010649.jpg,qre4e62,qre4e62,True,0,1.0000,0.999899,car
img_010650.jpg,qre8f57,qre8f57,True,0,1.0000,0.999737,car
img_010651.jpg,qre4e62,qre4e62,True,0,1.0000,0.999889,car
img_010653.jpg,qre4e62,qre4e62,True,0,1.0000,0.999879,car
img_010657.jpg,odq9g65,odq9g65,True,0,1.0000,0.999794,car
img_010658.jpg,qre4e43,qre4e43,True,0,1.0000,0.999159,car
img_010659.jpg,qre0f26,qre0f26,True,0,1.0000,0.999907,car
img_010660.jpg,kyc7h34,kyc7h34,True,0,1.0000,0.999317,car
img_010664.jpg,qrf8f96,qrf8f96,True,0,1.0000,0.999857,car
img_010665.jpg,qrf6i13,qrf6i13,True,0,1.0000,0.997996,car
img_010666.jpg,qre4d82,qre4d82,True,0,1.0000,0.999937,car
img_010667.jpg,qre4f49,qre4f49,True,0,1.0000,0.999490,car
img_010668.jpg,qrf6i81,qrf6i81,True,0,1.0000,0.999779,car
img_010670.jpg,qrf7b71,qrf7b71,True,0,1.0000,0.999876,car
img_010671.jpg,qre4e62,qre4e62,True,0,1.0000,0.999852,car
img_010672.jpg,qrh1h27,qrh1h27,True,0,1.0000,0.999902,car
img_010673.jpg,qre4e62,qre4e62,True,0,1.0000,0.999847,car
img_010674.jpg,qrf8e39,qrf8e39,True,0,1.0000,0.999953,car
img_010677.jpg,ppk1e94,ppk1e94,True,0,1.0000,0.999887,car
img_010681.jpg,qrg1i51,qrg1i51,True,0,1.0000,0.999821,car
img_010682.jpg,qre4e48,qre4e48,True,0,1.0000,0.999422,car
img_010683.jpg,qrf8g56,qrf8g56,True,0,1.0000,0.951179,car
img_010685.jpg,qrh7c82,qrh7c82,True,0,1.0000,0.999846,car
img_010686.jpg,qrh7c54,qrh7c54,True,0,1.0000,0.999893,car
img_010689.jpg,qrf8g56,qrf8g56,True,0,1.0000,0.998240,car
img_010690.jpg,qre4e99,qre4e99,True,0,1.0000,0.999808,car
img_010692.jpg,qrh1h63,qrh1h63,True,0,1.0000,0.999848,car
img_010693.jpg,qre1i46,qre1i46,True,0,1.0000,0.999888,car
img_010695.jpg,fag3b35,fag3b35,True,0,1.0000,0.972575,car
img_010696.jpg,qre5h99,qre5h99,True,0,1.0000,0.944139,car
img_010698.jpg,qrk2i33,qrk2i33,True,0,1.0000,0.999819,car
img_010699.jpg,pxq7g07,pxq7g07,True,0,1.0000,0.999608,car
img_010700.jpg,qre4e43,qre4e43,True,0,1.0000,0.999945,car
img_010701.jpg,dml7h99,dml7h99,True,0,1.0000,0.999937,car
img_010705.jpg,qrg4c51,qrg4c51,True,0,1.0000,0.697938,car
img_010706.jpg,qre4e99,qre4e99,True,0,1.0000,0.999901,car
img_010707.jpg,qrf6i13,qrf6i13,True,0,1.0000,0.997257,car
img_010708.jpg,fou3i88,fou3i88,True,0,1.0000,0.999892,car
img_010713.jpg,mrx0e84,mrx0e84,True,0,1.0000,0.999852,car
img_010714.jpg,qrh1h27,qrh1h27,True,0,1.0000,0.996817,car
img_010715.jpg,qrj6j85,qrj6j85,True,0,1.0000,0.999867,car
img_010716.jpg,qre1i43,qre1i43,True,0,1.0000,0.999779,car
img_010717.jpg,qrf8f40,qrf8f40,True,0,1.0000,0.990133,car
img_010718.jpg,odg1i10,odg1i10,True,0,1.0000,0.997461,car
img_010720.jpg,qrh1h27,qrh1h27,True,0,1.0000,0.999904,car
img_010721.jpg,qrf8f96,qrf8f96,True,0,1.0000,0.999524,car
img_010723.jpg,qrg4c51,qrg4c51,True,0,1.0000,0.999793,car
img_010724.jpg,qre1i17,qre1i17,True,0,1.0000,0.999750,car
img_010726.jpg,fag3b35,fag3b35,True,0,1.0000,0.999937,car
img_010728.jpg,qre4e62,qre4e62,True,0,1.0000,0.999774,car
img_010729.jpg,qre1i22,qre1i22,True,0,1.0000,0.999797,car
img_010730.jpg,qre1i46,qre1i46,True,0,1.0000,0.999128,car
img_010733.jpg,qre6b82,qre6b82,True,0,1.0000,0.999367,car
img_010734.jpg,qrf8g16,qrf8g16,True,0,1.0000,0.999934,car
img_010737.jpg,qre1i17,qre1i17,True,0,1.0000,0.996168,car
img_010741.jpg,qrf8f09,qrf8f09,True,0,1.0000,0.999713,car
img_010742.jpg,qrk3j82,qrk3j82,True,0,1.0000,0.999948,car
img_010743.jpg,qre6h51,qre6h51,True,0,1.0000,0.999968,car
img_010744.jpg,qre4e99,qre4e99,True,0,1.0000,0.999851,car
img_010748.jpg,msl0j08,msl0j08,True,0,1.0000,0.999801,car
img_010749.jpg,mtq7c43,mtq7c43,True,0,1.0000,0.999650,car
img_010751.jpg,qrj7j93,qrj7j93,True,0,1.0000,0.999945,car
img_010752.jpg,qre4e62,qre4e62,True,0,1.0000,0.999779,car
img_010754.jpg,qre1i46,qre1i46,True,0,1.0000,0.997156,car
img_010757.jpg,qre1h96,qre1h96,True,0,1.0000,0.999968,car
img_010758.jpg,qrj8d08,qrj8d08,True,0,1.0000,0.999874,car
img_010761.jpg,qrf7b75,qrf7675,False,1,0.8571,0.998353,car
img_010767.jpg,qre4f51,qre4f51,True,0,1.0000,0.999943,car
img_010768.jpg,ppn6e20,ppn6e20,True,0,1.0000,0.999927,car
img_010772.jpg,qrh1h27,qrh1h27,True,0,1.0000,0.999930,car
img_010773.jpg,qrg1i51,qrg1i51,True,0,1.0000,0.998703,car
img_010774.jpg,qre4e99,qre4e99,True,0,1.0000,0.999699,car
img_010775.jpg,qre4e62,qre4e62,True,0,1.0000,0.999796,car
img_010777.jpg,qrh1h27,qrh1h27,True,0,1.0000,0.999828,car
img_010779.jpg,qrk1b36,qrk1b36,True,0,1.0000,0.999839,car
img_010780.jpg,qrf8f96,qrf8f96,True,0,1.0000,0.999964,car
img_010781.jpg,qrh1h27,qrm1h27,False,1,0.8571,0.640439,car
img_010791.jpg,qrk4h78,qrk4h78,True,0,1.0000,0.999915,car
img_010792.jpg,gup7i58,gup7i58,True,0,1.0000,0.996664,car
img_010798.jpg,qre1i17,qre1i17,True,0,1.0000,0.999415,car
img_010799.jpg,mta6c01,mta6c01,True,0,1.0000,0.999769,car
img_010802.jpg,qre1i46,qre1i46,True,0,1.0000,0.998118,car
img_010804.jpg,qrk3j82,qrk3j82,True,0,1.0000,0.999902,car
img_010807.jpg,ppl1i61,ppl1i41,False,1,0.8571,0.997365,car
img_010809.jpg,qre4e99,qre4e99,True,0,1.0000,0.999094,car
img_010810.jpg,fyo2e04,fyo2e04,True,0,1.0000,0.998909,car
img_010811.jpg,fag3b35,fag3b35,True,0,1.0000,0.999954,car
img_010812.jpg,qrf8f09,qrf8f09,True,0,1.0000,0.993808,car
img_010813.jpg,qrk3j82,qrk3j82,True,0,1.0000,0.999771,car
img_010814.jpg,ppb8h62,ppb8h62,True,0,1.0000,0.999933,car
img_010816.jpg,qrj8d70,qrj8d70,True,0,1.0000,0.999698,car
img_010826.jpg,qrk2d57,qrk2d57,True,0,1.0000,0.996222,car
img_010838.jpg,ppb0e63,ppb0e63,True,0,1.0000,0.999870,car
img_010839.jpg,qrg4f05,qrg4f05,True,0,1.0000,0.999900,car
img_010842.jpg,ovf3j74,ovf3j74,True,0,1.0000,0.999909,car
img_010852.jpg,ppm2a38,ppm2a38,True,0,1.0000,0.999765,car
img_010854.jpg,fgn1g71,fgn1g71,True,0,1.0000,0.992939,car
img_010861.jpg,drq0j22,drq0j22,True,0,1.0000,0.999419,car
img_010873.jpg,mqo5d53,mqo5d53,True,0,1.0000,0.996600,car
img_010885.jpg,ocy7g84,ocy7g84,True,0,1.0000,0.999835,car
img_010892.jpg,odi4f77,odi4f77,True,0,1.0000,0.999861,car
img_010893.jpg,ovi0h54,ovi0h54,True,0,1.0000,0.999833,car
img_010904.jpg,ovk3h81,ovk3h81,True,0,1.0000,0.999787,car
img_010906.jpg,pxe9d61,pxe9d61,True,0,1.0000,0.987186,car
img_010910.jpg,qri3f41,qri3f41,True,0,1.0000,0.999958,car
img_010911.jpg,oda8i69,oda8i69,True,0,1.0000,0.999540,car
img_010919.jpg,qrf0e74,qrf0e74,True,0,1.0000,0.999768,car
img_010921.jpg,mtm7d42,mtm7d42,True,0,1.0000,0.999580,car
img_010922.jpg,qoo9b08,qoq9b08,False,1,0.8571,0.992641,car
img_010923.jpg,eqv6h43,eqv6h43,True,0,1.0000,0.999904,car
img_010931.jpg,kxo2g72,kxo2g72,True,0,1.0000,0.998156,car
img_010937.jpg,mtx9d59,mtx9d59,True,0,1.0000,0.999970,car
img_010940.jpg,qrd8e38,qrd8e38,True,0,1.0000,0.999940,car
img_010942.jpg,msd4g97,msd4g97,True,0,1.0000,0.999925,car
img_010946.jpg,aue1b95,aue1b95,True,0,1.0000,0.999579,car
img_010948.jpg,oda0b36,oda0b36,True,0,1.0000,0.999721,car
img_010952.jpg,fag3b35,fag3b35,True,0,1.0000,0.999575,car
img_010958.jpg,qrf8f96,qrf8f96,True,0,1.0000,0.999936,car
img_010959.jpg,qri0e80,qri0e80,True,0,1.0000,0.998487,car
img_010960.jpg,qre1i59,qre1i59,True,0,1.0000,0.999898,car
img_010961.jpg,qre1i46,qre1i46,True,0,1.0000,0.999362,car
img_010962.jpg,fag3b35,fag3b35,True,0,1.0000,0.999659,car
img_010963.jpg,qre1i46,qre1i46,True,0,1.0000,0.999765,car
img_010968.jpg,ppl1h66,ppl1h66,True,0,1.0000,0.999862,car
img_010974.jpg,odg8b30,odg8b30,True,0,1.0000,0.999914,car
img_010975.jpg,qre2d62,qre2d62,True,0,1.0000,0.999935,car
img_010976.jpg,qrg2h80,qrg2h80,True,0,1.0000,0.999924,car
img_010977.jpg,qrg4c51,qrg4c51,True,0,1.0000,0.997133,car
img_010978.jpg,qrk3j82,qrk3j82,True,0,1.0000,0.999861,car
img_010979.jpg,qrh1h63,qrh1h63,True,0,1.0000,0.989110,car
img_010980.jpg,qrh6c25,qrh6c25,True,0,1.0000,0.999897,car
img_010982.jpg,mqd8h53,mqd8h53,True,0,1.0000,0.999925,car
img_010990.jpg,qre7b35,qre7b35,True,0,1.0000,0.999967,car
img_010991.jpg,odc8b66,odc8b66,True,0,1.0000,0.999731,car
img_010993.jpg,fgj5j09,fgj5j09,True,0,1.0000,0.998485,car
img_010995.jpg,ode2e62,ode2e62,True,0,1.0000,0.999522,car
img_010997.jpg,qre4e62,qre4e62,True,0,1.0000,0.999597,car
img_011000.jpg,ppl1h66,ppl1h66,True,0,1.0000,0.997383,car
img_011002.jpg,ppo8g33,ppo8g33,True,0,1.0000,0.999698,car
img_011006.jpg,jik9g12,jik9g12,True,0,1.0000,0.999308,car
img_011010.jpg,ovh0c16,ovh0c16,True,0,1.0000,0.999848,car
img_011015.jpg,qrf8f96,qrf8f96,True,0,1.0000,0.999970,car
img_011016.jpg,qre4e99,qre4e99,True,0,1.0000,0.999847,car
img_011018.jpg,qre8f57,qre8f57,True,0,1.0000,0.999934,car
img_011019.jpg,mpj4i75,mpj4i75,True,0,1.0000,0.999933,car
img_011023.jpg,qre2d62,qre2d62,True,0,1.0000,0.999922,car
img_011024.jpg,pvz3j33,pvz3j33,True,0,1.0000,0.999635,car
img_011025.jpg,dml7h99,dml7h99,True,0,1.0000,0.999874,car
img_011027.jpg,qre4e62,qre4e62,True,0,1.0000,0.999852,car
img_011029.jpg,qre6f01,qre6f01,True,0,1.0000,0.996597,car
img_011030.jpg,ppr4f54,ppr4f54,True,0,1.0000,0.999924,car
img_011031.jpg,qrf8f96,qrf8f96,True,0,1.0000,0.999946,car
img_011032.jpg,qrf8g56,qrf8g56,True,0,1.0000,0.999875,car
img_011033.jpg,qrk6a67,qrk6a67,True,0,1.0000,0.999642,car
img_011036.jpg,odq3g38,odq3g38,True,0,1.0000,0.999949,car
img_011037.jpg,oye4a60,oye4a60,True,0,1.0000,0.999809,car
img_011040.jpg,qrf8f96,qrf8f96,True,0,1.0000,0.999951,car
img_011041.jpg,qre3c07,qre3c07,True,0,1.0000,0.999886,car
img_011043.jpg,mtt9f90,mtt9f90,True,0,1.0000,0.999873,car
img_011045.jpg,qrh7c82,qrh7c82,True,0,1.0000,0.999352,car
img_011046.jpg,qre1g39,qre1g39,True,0,1.0000,0.999805,car
img_011050.jpg,ovj5h32,ovj5h32,True,0,1.0000,0.999913,car
img_011051.jpg,qre1i43,qre1i43,True,0,1.0000,0.999747,car
img_011053.jpg,qre1i17,qre1i17,True,0,1.0000,0.999628,car
img_011054.jpg,qrf8f96,qrf8f96,True,0,1.0000,0.999963,car
img_011056.jpg,aze3g20,aze3g20,True,0,1.0000,0.999919,car
img_011059.jpg,qrf8f14,qrf8f14,True,0,1.0000,0.999848,car
img_011060.jpg,iwi5a82,iwi5a82,True,0,1.0000,0.997754,car
img_011062.jpg,kfr4f88,kfr4f88,True,0,1.0000,0.999806,car
img_011063.jpg,mpj4j19,mpj4j19,True,0,1.0000,0.999495,car
img_011066.jpg,mpj4i75,mpj4i75,True,0,1.0000,0.999926,car
img_011068.jpg,qrf8f96,qrf8f96,True,0,1.0000,0.999966,car
img_011069.jpg,qre4e99,qre4e99,True,0,1.0000,0.999946,car
img_011072.jpg,qre4e62,qre4e62,True,0,1.0000,0.999831,car
img_011075.jpg,ppo3h68,ppo3h68,True,0,1.0000,0.999689,car
img_011079.jpg,qre1i46,qre1i46,True,0,1.0000,0.999898,car
img_011080.jpg,qre4e99,qre4e99,True,0,1.0000,0.999930,car
img_011081.jpg,qrf8f96,qrf8f96,True,0,1.0000,0.999893,car
img_011082.jpg,mpj4i75,mpj4i75,True,0,1.0000,0.999880,car
img_011085.jpg,qrj6j94,qrj6j94,True,0,1.0000,0.999889,car
img_011090.jpg,nxp3d79,nxp3d79,True,0,1.0000,0.999666,car
img_011092.jpg,pqx6c83,pqx6c83,True,0,1.0000,0.548731,car
img_011101.jpg,ppx8j70,ppx8j70,True,0,1.0000,0.999833,car
img_011103.jpg,ppp9c33,ppp9c33,True,0,1.0000,0.999727,car
img_011104.jpg,qrk4c74,qrk4c74,True,0,1.0000,0.999833,car
img_011106.jpg,qrg5c94,qrg5c94,True,0,1.0000,0.999785,car
img_011107.jpg,mqd8h53,mqd8h53,True,0,1.0000,0.999899,car
img_011108.jpg,qre5g52,qre5g52,True,0,1.0000,0.999946,car
img_011110.jpg,qrj6j85,qrj6j85,True,0,1.0000,0.999820,car
img_011112.jpg,ovk2i46,ovk2i46,True,0,1.0000,0.486385,car
img_011114.jpg,ppu5e18,ppu5e18,True,0,1.0000,0.999897,car
img_011121.jpg,kyg3e11,kyg3e11,True,0,1.0000,0.999848,car
img_011128.jpg,qrf8g56,qrf8g56,True,0,1.0000,0.997577,car
img_011129.jpg,qrf8f96,qrf8f96,True,0,1.0000,0.999923,car
img_011130.jpg,ppl1h66,ppl1h66,True,0,1.0000,0.998617,car
img_011131.jpg,ppo3h68,ppo3h68,True,0,1.0000,0.999693,car
img_011137.jpg,qrf8g68,qrf8g68,True,0,1.0000,0.999886,car
img_011141.jpg,pqk6i84,pqk6i84,True,0,1.0000,0.999918,car
img_011143.jpg,qre4e99,qre4e99,True,0,1.0000,0.999915,car
img_011144.jpg,qrf7b72,qrf7b72,True,0,1.0000,0.999935,car
img_011153.jpg,qre1i59,qre1i59,True,0,1.0000,0.999596,car
img_011157.jpg,olq5f47,olq5f47,True,0,1.0000,0.999910,car
img_011159.jpg,mpj4j19,mpj4j19,True,0,1.0000,0.796336,car
img_011161.jpg,cub6d65,cub6d65,True,0,1.0000,0.999227,car
img_011162.jpg,lli6i01,lli6i01,True,0,1.0000,0.996708,car
img_011163.jpg,qrf8g17,qrf8g17,True,0,1.0000,0.999957,car
img_011169.jpg,mqg8a95,mqg8a95,True,0,1.0000,0.866122,car
img_011171.jpg,odl2f09,odl2f09,True,0,1.0000,0.999974,car
img_011174.jpg,qrj1i60,qrj1i60,True,0,1.0000,0.999822,car
img_011175.jpg,iwi5a82,iwi5a82,True,0,1.0000,0.995797,car
img_011180.jpg,qre2d62,qre2d62,True,0,1.0000,0.999882,car
img_011185.jpg,odi2i59,odi2i59,True,0,1.0000,0.999905,car
img_011187.jpg,qrj6j94,qrj6j94,True,0,1.0000,0.999563,car
img_011188.jpg,qre4e62,qre4e62,True,0,1.0000,0.999829,car
img_011189.jpg,qre4e43,qre4e43,True,0,1.0000,0.999903,car
img_011199.jpg,qre4e62,qre4e62,True,0,1.0000,0.999934,car
img_011200.jpg,qre4f51,qre4f51,True,0,1.0000,0.999957,car
img_011205.jpg,qre5d80,qre5d80,True,0,1.0000,0.999820,car
img_011206.jpg,qba2a72,oba2a72,False,1,0.8571,0.963551,car
img_011207.jpg,qrh1h69,qrh1h69,True,0,1.0000,0.999951,car
img_011211.jpg,dqz3i17,dqz3i17,True,0,1.0000,0.998802,car
img_011214.jpg,qrh1h27,qrh1h27,True,0,1.0000,0.998055,car
img_011218.jpg,ohf7d03,ohf7d03,True,0,1.0000,0.999857,car
img_011220.jpg,ayb1c25,ayb1c25,True,0,1.0000,0.999813,car
img_011225.jpg,qri3a81,qri3a81,True,0,1.0000,0.999942,car
img_011228.jpg,odr0d77,odr0d77,True,0,1.0000,0.982945,car
img_011233.jpg,ody9a33,ody9a33,True,0,1.0000,0.998245,car
img_011234.jpg,qrf8a50,qrf8a50,True,0,1.0000,0.999959,car
img_011235.jpg,qrf8f09,qrf8f09,True,0,1.0000,0.999862,car
img_011240.jpg,qrh2f15,qrh2f15,True,0,1.0000,0.999985,car
img_011244.jpg,lli6i01,lli6i01,True,0,1.0000,0.999760,car
img_011245.jpg,qrf8f96,qrf8f96,True,0,1.0000,0.999917,car
img_011246.jpg,oyj1j24,oyj1j24,True,0,1.0000,0.998657,car
img_011247.jpg,qrh1h27,qrh1h27,True,0,1.0000,0.999315,car
img_011248.jpg,nmp7j20,nmp7j20,True,0,1.0000,0.999514,car
img_011251.jpg,qri3a81,qri3a81,True,0,1.0000,0.999931,car
img_011253.jpg,odc7i79,odc7i79,True,0,1.0000,0.998020,car
img_011260.jpg,dml7h99,dml7h99,True,0,1.0000,0.999730,car
img_011261.jpg,qrf8g17,qrf8g17,True,0,1.0000,0.999928,car
img_011263.jpg,qrk0c33,qrk0c33,True,0,1.0000,0.999866,car
img_011273.jpg,qrl1j87,qrl1j87,True,0,1.0000,0.999669,car
img_011277.jpg,ocx2i38,ocx2i38,True,0,1.0000,0.999582,car
img_011283.jpg,qrj2c09,qrj2c09,True,0,1.0000,0.999947,car
img_011285.jpg,msq0h81,msq0h81,True,0,1.0000,0.999845,car
img_011297.jpg,qrf8f96,qrf8f96,True,0,1.0000,0.999956,car
img_011301.jpg,ppv6g66,ppv6g66,True,0,1.0000,0.999674,car
img_011303.jpg,dml7h99,dml7h99,True,0,1.0000,0.999936,car
img_011304.jpg,qrj6j94,qrj6j94,True,0,1.0000,0.999926,car
img_011310.jpg,gpp5a39,gpp5a39,True,0,1.0000,0.991529,car
img_011315.jpg,qrk6a67,qrk6a67,True,0,1.0000,0.992404,car
img_011316.jpg,qrg3d23,qrg3d23,True,0,1.0000,0.999921,car
img_011317.jpg,qre1i17,qre1i17,True,0,1.0000,0.999710,car
img_011321.jpg,ppq0i63,ppq0i63,True,0,1.0000,0.999717,car
img_011324.jpg,mpj4j19,mpj4j19,True,0,1.0000,0.996114,car
img_011325.jpg,qrj1i60,qrj1i60,True,0,1.0000,0.999472,car
img_011326.jpg,dqz3i17,dqz3i17,True,0,1.0000,0.999006,car
img_011328.jpg,ocz3d22,ocz3d22,True,0,1.0000,0.999948,car
img_011331.jpg,ppq0i63,ppq0i63,True,0,1.0000,0.999225,car
img_011332.jpg,oye3h99,oye3h99,True,0,1.0000,0.999907,car
img_011335.jpg,mty6c21,mty6c21,True,0,1.0000,0.560503,car
img_011339.jpg,ode2e62,ode2e62,True,0,1.0000,0.999811,car
img_011341.jpg,qrc6h39,qrc6h39,True,0,1.0000,0.999748,car
img_011344.jpg,pqk6i84,pqk6i84,True,0,1.0000,0.999780,car
img_011352.jpg,qre4f45,qre4f45,True,0,1.0000,0.999804,car
img_011353.jpg,eyw5f60,eyw5f60,True,0,1.0000,0.999726,car
img_011354.jpg,ppl1h66,ppl1h66,True,0,1.0000,0.999904,car
img_011356.jpg,qrj1i60,qrj1i60,True,0,1.0000,0.999502,car
img_011361.jpg,ppn6e20,ppn6e20,True,0,1.0000,0.999207,car
img_011362.jpg,oda8i83,oda8i83,True,0,1.0000,0.999730,car
img_011364.jpg,qrf8g09,qrf8g09,True,0,1.0000,0.999941,car
img_011365.jpg,ohf7d03,ohf7d03,True,0,1.0000,0.999923,car
img_011378.jpg,pjj8g19,pjj8g19,True,0,1.0000,0.999946,car
img_011380.jpg,qrh1i40,qrh1i40,True,0,1.0000,0.975250,car
img_011384.jpg,pqx6c83,pqx6c83,True,0,1.0000,0.928739,car
img_011385.jpg,qrl6g07,qrl6g07,True,0,1.0000,0.999714,car
img_011387.jpg,dml7h99,dml7h99,True,0,1.0000,0.999958,car
img_011388.jpg,ppl7f22,ppl7f22,True,0,1.0000,0.999870,car
img_011389.jpg,qre8f57,qre8f57,True,0,1.0000,0.999059,car
img_011391.jpg,qre4f49,qre4f49,True,0,1.0000,0.999900,car
img_011392.jpg,qre4d82,qre4d82,True,0,1.0000,0.999890,car
img_011395.jpg,ppq9c30,ppq9c30,True,0,1.0000,0.999809,car
img_011396.jpg,qrf6j36,qrf6j36,True,0,1.0000,0.998292,car
img_011398.jpg,qre4e62,qre4e62,True,0,1.0000,0.999342,car
img_011401.jpg,qre4e43,qre4e43,True,0,1.0000,0.999770,car
img_011406.jpg,ppt1g04,ppt1g04,True,0,1.0000,0.999466,car
img_011407.jpg,pjj8g19,pjj8g19,True,0,1.0000,0.999810,car
img_011408.jpg,mtd8d09,mtd8d09,True,0,1.0000,0.999962,car
img_011409.jpg,dml7h99,dml7h99,True,0,1.0000,0.999937,car
img_011410.jpg,qqu1h68,qqu1h68,True,0,1.0000,0.999907,car
img_011411.jpg,qrf8f09,qrf8f09,True,0,1.0000,0.999942,car
img_011415.jpg,ppn6e20,ppn6e20,True,0,1.0000,0.999956,car
img_011421.jpg,etf8c86,etf8c86,True,0,1.0000,0.999660,car
img_011422.jpg,hmb3b00,hmb3b00,True,0,1.0000,0.999889,car
img_011429.jpg,ohf7d03,ohf7d03,True,0,1.0000,0.999864,car
img_011435.jpg,hgi5h67,hgi5h67,True,0,1.0000,0.999743,car
img_011436.jpg,kyc9b10,kyc9b10,True,0,1.0000,0.995097,car
img_011437.jpg,odd6e85,odd6e85,True,0,1.0000,0.991062,car
img_011439.jpg,qrg4f05,qrg4f05,True,0,1.0000,0.999933,car
img_011442.jpg,oda2e64,oda2e64,True,0,1.0000,0.999881,car
img_011444.jpg,hjj3b83,hjj3b83,True,0,1.0000,0.999791,car
img_011445.jpg,mra1f21,mra1f21,True,0,1.0000,0.999915,car
img_011447.jpg,ppe9j10,ppe9j10,True,0,1.0000,0.999851,car
img_011451.jpg,qre5h99,qrf5h99,False,1,0.8571,0.561926,car
img_011452.jpg,qpf8i80,qpf8i80,True,0,1.0000,0.999403,car
img_011453.jpg,ohf7d03,ohf7d03,True,0,1.0000,0.999828,car
img_011456.jpg,qrk0c33,qrk0c33,True,0,1.0000,0.999896,car
img_011457.jpg,qrj2c09,qrj2c09,True,0,1.0000,0.999952,car
img_011465.jpg,qre4e62,qre4e62,True,0,1.0000,0.999882,car
img_011466.jpg,qtu8i45,qtu8i45,True,0,1.0000,0.999896,car
img_011467.jpg,ppu7h07,ppu7h07,True,0,1.0000,0.999907,car
img_011468.jpg,qre6h51,qre6h51,True,0,1.0000,0.999910,car
img_011470.jpg,qrj6j85,qrj6j85,True,0,1.0000,0.999829,car
img_011471.jpg,ppv3i89,ppv3i89,True,0,1.0000,0.999946,car
img_011473.jpg,eyw5f60,eyw5f60,True,0,1.0000,0.999013,car
img_011478.jpg,ppl1h66,ppl1h66,True,0,1.0000,0.999580,car
img_011486.jpg,oyj1j24,oyj1j24,True,0,1.0000,0.999204,car
img_011489.jpg,ppm5d93,ppm5d93,True,0,1.0000,0.999843,car
img_011496.jpg,ppz9c36,ppz9c36,True,0,1.0000,0.999828,car
img_011503.jpg,pqk6i84,pqk6i84,True,0,1.0000,0.999915,car
img_011504.jpg,dml7h99,dml7h99,True,0,1.0000,0.999876,car
img_011509.jpg,ppq0i63,ppq0i63,True,0,1.0000,0.999712,car
img_011510.jpg,pqx6c83,pqx6cb3,False,1,0.8571,0.363224,car
img_011512.jpg,mpj4i75,mpj4i75,True,0,1.0000,0.999872,car
img_011514.jpg,dml7h99,dml7h99,True,0,1.0000,0.999889,car
img_011515.jpg,qrh7c06,qrh7c06,True,0,1.0000,0.998972,car
img_011518.jpg,ocv8i88,ocv8i88,True,0,1.0000,0.999630,car
img_011523.jpg,qrj6i87,qrj6i87,True,0,1.0000,0.999818,car
img_011525.jpg,mra1f21,mra1f21,True,0,1.0000,0.999916,car
img_011526.jpg,qre1i40,qre1i40,True,0,1.0000,0.999881,car
img_011532.jpg,qrf6h99,qrf6h99,True,0,1.0000,0.999903,car
img_011536.jpg,qre4f51,qre4f51,True,0,1.0000,0.999964,car
img_011540.jpg,qrk7h94,qrk7h94,True,0,1.0000,0.999926,car
img_011541.jpg,qrg5c94,qrg5c94,True,0,1.0000,0.999947,car
img_011544.jpg,ppq3c10,ppq3c10,True,0,1.0000,0.999579,car
img_011548.jpg,qrg4f05,qrg4f05,True,0,1.0000,0.999948,car
img_011553.jpg,oyi3j77,oyi3j77,True,0,1.0000,0.999912,car
img_011560.jpg,qrl8e61,qrl8e61,True,0,1.0000,0.999908,car
img_011562.jpg,qre1i40,qre1i40,True,0,1.0000,0.999907,car
img_011564.jpg,ppo3h68,ppo3h68,True,0,1.0000,0.999602,car
img_011566.jpg,mpj4i75,mpj4i75,True,0,1.0000,0.999378,car
img_011567.jpg,ppq0i81,ppq0i81,True,0,1.0000,0.999581,car
img_011572.jpg,mtd8d09,mtd8d09,True,0,1.0000,0.999895,car
img_011573.jpg,qrg4e18,qrg4e18,True,0,1.0000,0.999773,car
img_011574.jpg,qrj6j94,qrj6j94,True,0,1.0000,0.957152,car
img_011577.jpg,qrm0j47,qrm0j47,True,0,1.0000,0.999930,car
img_011578.jpg,qre4f51,qre4f51,True,0,1.0000,0.999761,car
img_011579.jpg,qri3a81,qri3a81,True,0,1.0000,0.999794,car
img_011581.jpg,ppl1h66,ppl1h66,True,0,1.0000,0.999799,car
img_011583.jpg,qrl6g07,qrl6g07,True,0,1.0000,0.999623,car
img_011584.jpg,qre1i40,qre1i40,True,0,1.0000,0.999936,car
img_011585.jpg,qre4d82,qre4d82,True,0,1.0000,0.999944,car
img_011586.jpg,iun1a41,iun1a41,True,0,1.0000,0.998958,car
img_011589.jpg,qrl0g01,qrl0g01,True,0,1.0000,0.997927,car
img_011591.jpg,qre1i40,qre1i40,True,0,1.0000,0.999950,car
img_011598.jpg,dml7h99,dml7h99,True,0,1.0000,0.999934,car
img_011600.jpg,qrj1i60,qrj1i60,True,0,1.0000,0.999896,car
img_011603.jpg,qrf8f96,qrf8f96,True,0,1.0000,0.999954,car
img_011604.jpg,qre4f51,qre4f51,True,0,1.0000,0.999966,car
img_011606.jpg,pkf0a92,pkf0a92,True,0,1.0000,0.999577,car
img_011610.jpg,qrf5j08,qrf5j08,True,0,1.0000,0.999853,car
img_011612.jpg,ppo2f94,ppo2f94,True,0,1.0000,0.999869,car
img_011613.jpg,ocx2i38,ocx2i38,True,0,1.0000,0.999903,car
img_011614.jpg,dml7h99,dml7h99,True,0,1.0000,0.999812,car
img_011619.jpg,qrb3b21,qrb3b21,True,0,1.0000,0.927762,car
img_011620.jpg,dqz3i17,dqz3i17,True,0,1.0000,0.998630,car
img_011626.jpg,qrj1h35,qrj1h35,True,0,1.0000,0.999799,car
img_011627.jpg,qoh5h70,qoh5h70,True,0,1.0000,0.998752,car
img_011631.jpg,jux5d87,jux5d87,True,0,1.0000,0.999663,car
img_011641.jpg,kql5f86,kql5f86,True,0,1.0000,0.999179,car
img_011643.jpg,pkf0a92,pkf0a92,True,0,1.0000,0.999578,car
img_011646.jpg,ppj6j99,ppj6j99,True,0,1.0000,0.999943,car
img_011647.jpg,qri1a81,qri1a81,True,0,1.0000,0.999931,car
img_011648.jpg,mqg8a95,mqg8a95,True,0,1.0000,0.999938,car
img_011651.jpg,pzz4c98,pzz4c98,True,0,1.0000,0.998100,car
img_011654.jpg,qrf6j36,qrf6j36,True,0,1.0000,0.999788,car
img_011660.jpg,mtu2f92,mtu2f92,True,0,1.0000,0.999177,car
img_011666.jpg,qrk4c74,qrk4c74,True,0,1.0000,0.999538,car
img_011667.jpg,qrj1i60,qrj1i60,True,0,1.0000,0.998704,car
img_011668.jpg,qrh1h27,qrh1h27,True,0,1.0000,0.999793,car
img_011669.jpg,mtx2e16,mtx2e16,True,0,1.0000,0.999933,car
img_011677.jpg,odp5e57,odp5e57,True,0,1.0000,0.999903,car
img_011681.jpg,msd0c50,msd0c50,True,0,1.0000,0.999838,car
img_011682.jpg,ppe9j10,ppe9j10,True,0,1.0000,0.999883,car
img_011689.jpg,qrf8f96,qrf8f96,True,0,1.0000,0.999970,car
img_011690.jpg,qre2i26,qre2i26,True,0,1.0000,0.999887,car
img_011692.jpg,qre8f57,qre8f57,True,0,1.0000,0.999118,car
img_011694.jpg,qrg5c94,qrg5c94,True,0,1.0000,0.998754,car
img_011698.jpg,mtu2f92,mtu2f92,True,0,1.0000,0.999883,car
img_011700.jpg,qrg5c94,qrg5c94,True,0,1.0000,0.651543,car
img_011703.jpg,pqx6c83,pqx6c83,True,0,1.0000,0.950474,car
img_011708.jpg,mtv1e84,mtv1e84,True,0,1.0000,0.999864,car
img_011710.jpg,mdo6e68,mdo6e68,True,0,1.0000,0.999814,car
img_011715.jpg,qrk7h94,qrk7h94,True,0,1.0000,0.999936,car
img_011716.jpg,qre8f57,qre8f57,True,0,1.0000,0.999927,car
img_011719.jpg,mtu2f92,mtu2f92,True,0,1.0000,0.999934,car
img_011720.jpg,ppz9c36,ppz9c36,True,0,1.0000,0.999864,car
img_011724.jpg,lsu5a61,lsu5a61,True,0,1.0000,0.999814,car
img_011725.jpg,mpj4i75,mpj4i75,True,0,1.0000,0.999894,car
img_011728.jpg,qre1i54,qre1i54,True,0,1.0000,0.999792,car
img_011731.jpg,kdl5g01,kdl5g01,True,0,1.0000,0.999132,car
img_011734.jpg,qrg0d06,qrg0d06,True,0,1.0000,0.999832,car
img_011736.jpg,jik9g12,jik9g12,True,0,1.0000,0.999831,car
img_011737.jpg,ppf9a33,ppf9a33,True,0,1.0000,0.999936,car
img_011740.jpg,ppl2j70,ppl2j70,True,0,1.0000,0.999810,car
img_011744.jpg,qrk3c30,qrk3c30,True,0,1.0000,0.998603,car
img_011749.jpg,qrf7b75,qrf7b75,True,0,1.0000,0.999936,car
img_011751.jpg,qri3g65,qri3g65,True,0,1.0000,0.999799,car
img_011753.jpg,qrh7c06,qrh7c06,True,0,1.0000,0.999171,car
img_011755.jpg,pqk6i84,pqk6i84,True,0,1.0000,0.999870,car
img_011765.jpg,qrj1i60,qrj1i60,True,0,1.0000,0.999914,car
img_011766.jpg,qre5g52,qre5g52,True,0,1.0000,0.999902,car
img_011767.jpg,qre4e48,qre4e48,True,0,1.0000,0.999948,car
img_011772.jpg,qrf8g16,qrf8g16,True,0,1.0000,0.999762,car
img_011773.jpg,qre1i59,qre1i59,True,0,1.0000,0.999704,car
img_011777.jpg,ppp9c33,ppp9c33,True,0,1.0000,0.999715,car
img_011781.jpg,qrl6g07,qrl6g07,True,0,1.0000,0.999656,car
img_011787.jpg,odt2d32,odt2d32,True,0,1.0000,0.999926,car
img_011796.jpg,oyf0a79,oyf0a79,True,0,1.0000,0.999615,car
img_011797.jpg,ppp7h63,ppp7h63,True,0,1.0000,0.999724,car
img_011799.jpg,ppe9j10,ppe9j10,True,0,1.0000,0.999968,car
img_011801.jpg,qrk4c74,qrk4c74,True,0,1.0000,0.999416,car
img_011803.jpg,qrj1i60,qrj1i60,True,0,1.0000,0.999894,car
img_011805.jpg,dml7h99,dml7h99,True,0,1.0000,0.999938,car
img_011806.jpg,ppb5h53,ppb5h53,True,0,1.0000,0.999701,car
img_011808.jpg,ppv3i89,ppv3i89,True,0,1.0000,0.999476,car
img_011814.jpg,qrh7c06,qrh7c06,True,0,1.0000,0.998766,car
img_011815.jpg,qrj1i60,qrj1i60,True,0,1.0000,0.999787,car
img_011818.jpg,qbn4e00,qen4e00,False,1,0.8571,0.891057,car
img_011820.jpg,qrl8h45,qrl8h45,True,0,1.0000,0.999910,car
img_011822.jpg,pvl0g62,pvl0g62,True,0,1.0000,0.999864,car
img_011825.jpg,krf5g00,krf5g00,True,0,1.0000,0.999861,car
img_011837.jpg,mrl0b65,mrl0b65,True,0,1.0000,0.999559,car
img_011838.jpg,qri9d23,qri9d23,True,0,1.0000,0.999946,car
img_011840.jpg,odp5e57,odp5e57,True,0,1.0000,0.999957,car
img_011843.jpg,qre4f49,qre4f49,True,0,1.0000,0.999679,car
img_011849.jpg,qre4e99,qre4e99,True,0,1.0000,0.999952,car
img_011851.jpg,ocx2i38,ocx2i38,True,0,1.0000,0.998650,car
img_011854.jpg,mpj4j19,mpj4j19,True,0,1.0000,0.991223,car
img_011855.jpg,qev1b59,qev1b59,True,0,1.0000,0.999838,car
img_011860.jpg,qre5g52,qre5g52,True,0,1.0000,0.999830,car
img_011861.jpg,qre1i40,qre1i40,True,0,1.0000,0.999882,car
img_011863.jpg,mst7g12,mst7g12,True,0,1.0000,0.996405,car
img_011864.jpg,qrj6j94,qrj6j94,True,0,1.0000,0.999911,car
img_011866.jpg,odp9j48,odp9j48,True,0,1.0000,0.999739,car
img_011867.jpg,qre4f51,qre4f51,True,0,1.0000,0.999962,car
img_011868.jpg,odn5e19,odn5e19,True,0,1.0000,0.999852,car
img_011869.jpg,qre4f49,qre4f49,True,0,1.0000,0.999930,car
img_011871.jpg,qrf7d69,qrf7d69,True,0,1.0000,0.999727,car
img_011872.jpg,qrf7h85,qrf7h85,True,0,1.0000,0.997936,car
img_011876.jpg,qrf8f09,qrf8f09,True,0,1.0000,0.999897,car
img_011879.jpg,ovi1i13,ovi1i13,True,0,1.0000,0.999536,car
img_011880.jpg,qre1i40,qre1i40,True,0,1.0000,0.999920,car
img_011881.jpg,qrk0c33,qrk0c33,True,0,1.0000,0.999747,car
img_011882.jpg,mss4b21,mss4b21,True,0,1.0000,0.999371,car
img_011884.jpg,qre4e48,qre4e48,True,0,1.0000,0.999936,car
img_011886.jpg,ppj6j99,ppj6j99,True,0,1.0000,0.999958,car
img_011889.jpg,gfl2a37,gfl2a37,True,0,1.0000,0.999529,car
img_011895.jpg,dqz3i17,dqz3i17,True,0,1.0000,0.991847,car
img_011897.jpg,pqx6c83,pqx6c83,True,0,1.0000,0.997159,car
img_011900.jpg,mrp3b59,mrp3b59,True,0,1.0000,0.999929,car
img_011904.jpg,qre4f49,qre4f49,True,0,1.0000,0.999867,car
img_011905.jpg,ocx2i38,ocx2i38,True,0,1.0000,0.999885,car
img_011907.jpg,mtd5b22,mtd5b22,True,0,1.0000,0.999382,car
img_011910.jpg,qrf7b75,qrf7b75,True,0,1.0000,0.959599,car
img_011911.jpg,mtu2f92,mtu2f92,True,0,1.0000,0.999931,car
img_011916.jpg,ovj5h32,ovj5h32,True,0,1.0000,0.999958,car
img_011917.jpg,qre1i17,qre1i17,True,0,1.0000,0.999853,car
img_011920.jpg,qre4e43,qre4e43,True,0,1.0000,0.999895,car
img_011921.jpg,dml7h99,dml7h99,True,0,1.0000,0.999937,car
img_011927.jpg,oyg7f49,oyg7f49,True,0,1.0000,0.999915,car
img_011930.jpg,qrf8f09,qrf8f09,True,0,1.0000,0.999911,car
img_011931.jpg,mtl6e22,mtl6e22,True,0,1.0000,0.999789,car
img_011936.jpg,qrh1h27,qrh1h27,True,0,1.0000,0.999073,car
img_011942.jpg,qrj7b99,qrj7b59,False,1,0.8571,0.680267,car
img_011943.jpg,eyw5f60,eyw5f60,True,0,1.0000,0.999703,car
img_011944.jpg,qrh3b66,qrh3b66,True,0,1.0000,0.999805,car
img_011948.jpg,qrl2h06,qrl2h06,True,0,1.0000,0.999674,car
img_011949.jpg,qna7b16,qna7b16,True,0,1.0000,0.999866,car
img_011957.jpg,mtx3c51,mtx3c51,True,0,1.0000,0.999978,car
img_011960.jpg,edz5f72,edz5f72,True,0,1.0000,0.999837,car
img_011962.jpg,mqi1c02,mqi1c02,True,0,1.0000,0.999914,car
img_011965.jpg,ppu7h07,ppu7h07,True,0,1.0000,0.999939,car
img_011967.jpg,oye0b98,oye0b98,True,0,1.0000,0.999929,car
img_011974.jpg,odc3c52,odc3c52,True,0,1.0000,0.999938,car
img_011979.jpg,oye0b98,oye0b98,True,0,1.0000,0.999826,car
img_011981.jpg,qre1i40,qre1i40,True,0,1.0000,0.999938,car
img_011985.jpg,hzo9c38,hzo9c38,True,0,1.0000,0.992377,car
img_011992.jpg,qrf1a66,qrf1a66,True,0,1.0000,0.999954,car
img_011993.jpg,qre1i40,qre1i40,True,0,1.0000,0.999922,car
img_011999.jpg,hjo1j00,hjo1j00,True,0,1.0000,0.993145,car
img_012006.jpg,qre4f36,qre4f36,True,0,1.0000,0.999946,car
img_012007.jpg,qre5g52,qre5g52,True,0,1.0000,0.999899,car
img_012009.jpg,qrm4a16,qrm4a16,True,0,1.0000,0.999334,car
img_012010.jpg,cub6d65,cub6d65,True,0,1.0000,0.999134,car
img_012013.jpg,qre1i40,qre1i40,True,0,1.0000,0.999937,car
img_012014.jpg,qrf8f96,qrf8f96,True,0,1.0000,0.999969,car
img_012016.jpg,mss5h50,mss5h50,True,0,1.0000,0.996744,car
img_012017.jpg,odn5e19,odn5e19,True,0,1.0000,0.999812,car
img_012018.jpg,qbn4e00,qbn4e00,True,0,1.0000,0.973565,car
img_012021.jpg,mtv1e84,mtv1e84,True,0,1.0000,0.999774,car
img_012026.jpg,oyd7g50,oyd7g50,True,0,1.0000,0.990650,car
img_012027.jpg,lqc0j14,lqc0j14,True,0,1.0000,0.999566,car
img_012028.jpg,qbn4e00,qbn4e00,True,0,1.0000,0.999268,car
img_012030.jpg,ppq9b16,ppq9b16,True,0,1.0000,0.999305,car
img_012031.jpg,qre4b42,qre4b42,True,0,1.0000,0.999892,car
img_012035.jpg,pqx6c83,pqx6c83,True,0,1.0000,0.978096,car
img_012037.jpg,qre1i40,qre1i40,True,0,1.0000,0.999899,car
img_012040.jpg,mpj4i75,mpj4i75,True,0,1.0000,0.999227,car
img_012041.jpg,qrj5d10,qrj5d10,True,0,1.0000,0.999891,car
img_012043.jpg,qrf8g50,qrf8g50,True,0,1.0000,0.999882,car
img_012045.jpg,qrg4f05,qrg4f05,True,0,1.0000,0.999927,car
img_012049.jpg,lup7d43,lup7d43,True,0,1.0000,0.999703,car
img_012053.jpg,odt2d32,odt2d32,True,0,1.0000,0.999943,car
img_012054.jpg,ohf7d03,ohf7d03,True,0,1.0000,0.999889,car
img_012055.jpg,odf1h05,odf1h05,True,0,1.0000,0.999937,car
img_012058.jpg,qre1i40,qre1i40,True,0,1.0000,0.999948,car
img_012059.jpg,qre5g52,qre5g52,True,0,1.0000,0.999645,car
img_012060.jpg,qre4e99,qre4e99,True,0,1.0000,0.999919,car
img_012062.jpg,ppt1g04,ppt1g04,True,0,1.0000,0.999817,car
img_012063.jpg,qrj6j94,qrj6j96,False,1,0.8571,0.996386,car
img_012070.jpg,qre8f57,qre8f57,True,0,1.0000,0.999945,car
img_012078.jpg,hbl8b72,hbl8b72,True,0,1.0000,0.999585,car
img_012082.jpg,eew8h94,eew8h94,True,0,1.0000,0.999847,car
img_012084.jpg,qrh1h27,qrh1h27,True,0,1.0000,0.998031,car
img_012092.jpg,ove9j90,ove9j90,True,0,1.0000,0.999956,car
img_012093.jpg,qri3a81,qri3a81,True,0,1.0000,0.999923,car
img_012094.jpg,qrl5g63,qrl5g63,True,0,1.0000,0.999852,car
img_012095.jpg,ocx2i38,ocx2i38,True,0,1.0000,0.999741,car
img_012097.jpg,qrh1h27,qrh1h27,True,0,1.0000,0.999883,car
img_012114.jpg,mph9b72,mph9b72,True,0,1.0000,0.999837,car
img_012115.jpg,msv3c83,msv3c83,True,0,1.0000,0.807882,car
img_012116.jpg,qrl2i49,qrl2i49,True,0,1.0000,0.999958,car
img_012119.jpg,qre1i40,qre1i40,True,0,1.0000,0.999892,car
img_012121.jpg,qre4e62,qre4e62,True,0,1.0000,0.999859,car
img_012122.jpg,qre6j26,qre6j26,True,0,1.0000,0.999943,car
img_012126.jpg,qre4d82,qre4d82,True,0,1.0000,0.999954,car
img_012129.jpg,qre5h99,qre5h99,True,0,1.0000,0.998824,car
img_012130.jpg,qre4e77,qre4e77,True,0,1.0000,0.999899,car
img_012131.jpg,ppp4c37,ppp4c37,True,0,1.0000,0.999787,car
img_012133.jpg,ocx2i38,ocx2i38,True,0,1.0000,0.999821,car
img_012136.jpg,qrh1h63,qrh1h63,True,0,1.0000,0.999874,car
img_012137.jpg,qre6f01,qre6f01,True,0,1.0000,0.999400,car
img_012139.jpg,ppn6e20,ppn6e20,True,0,1.0000,0.999916,car
img_012142.jpg,ppp9c33,ppp9c33,True,0,1.0000,0.999839,car
img_012145.jpg,qrg4f05,qrg4f05,True,0,1.0000,0.999769,car
img_012146.jpg,qre4d82,qre4d82,True,0,1.0000,0.999926,car
img_012149.jpg,ppl5h51,ppl5h51,True,0,1.0000,0.999936,car
img_012150.jpg,qrg5c25,qrg5c25,True,0,1.0000,0.999968,car
img_012151.jpg,qrj6j94,qrj6j94,True,0,1.0000,0.999907,car
img_012162.jpg,qrf6j36,qrf6j36,True,0,1.0000,0.999547,car
img_012168.jpg,qrl5d88,qrl5d88,True,0,1.0000,0.999914,car
img_012170.jpg,qri3a81,qri3a81,True,0,1.0000,0.999873,car
img_012175.jpg,ppp4c37,ppp4c37,True,0,1.0000,0.999217,car
img_012176.jpg,oyg3j10,oyg3j10,True,0,1.0000,0.999723,car
img_012177.jpg,qre4d82,qre4d82,True,0,1.0000,0.999954,car
img_012183.jpg,mss5a48,mss5a48,True,0,1.0000,0.982416,car
img_012186.jpg,ovk8i54,ovk8i54,True,0,1.0000,0.999884,car
img_012187.jpg,qre4e99,qre4e99,True,0,1.0000,0.999738,car
img_012188.jpg,qre1i41,qre1i41,True,0,1.0000,0.999946,car
img_012190.jpg,qrf8g17,qrf8g17,True,0,1.0000,0.999936,car
img_012191.jpg,mpz2a30,mpz2a30,True,0,1.0000,0.999871,car
img_012193.jpg,mpz2a30,mpz2a30,True,0,1.0000,0.999816,car
img_012194.jpg,qrf8g17,qrf8g17,True,0,1.0000,0.999799,car
img_012197.jpg,qre4e99,qre4e99,True,0,1.0000,0.999817,car
img_012198.jpg,mpy5a63,mpy5a63,True,0,1.0000,0.988201,car
img_012203.jpg,qrf8g17,qrf8g17,True,0,1.0000,0.999780,car
img_012205.jpg,qre4f45,qre4f45,True,0,1.0000,0.999905,car
img_012206.jpg,ppo9e79,ppo9e79,True,0,1.0000,0.998284,car
img_012207.jpg,qre1i46,qre1i46,True,0,1.0000,0.999928,car
img_012208.jpg,gfl2a37,gfl2a37,True,0,1.0000,0.999836,car
img_012209.jpg,fqg0a45,fqg0a45,True,0,1.0000,0.867831,car
img_012210.jpg,pzl2c24,pzl2c24,True,0,1.0000,0.999923,car
img_012214.jpg,qre4f45,qre4f45,True,0,1.0000,0.999914,car
img_012216.jpg,qrf8g17,qrf8g17,True,0,1.0000,0.999876,car
img_012217.jpg,qre2d62,qre2d62,True,0,1.0000,0.999950,car
img_012218.jpg,odm2g44,odm2g44,True,0,1.0000,0.983144,car
img_012220.jpg,qrf8g17,qrf8g17,True,0,1.0000,0.999945,car
img_012221.jpg,qre4e99,qre4e99,True,0,1.0000,0.999718,car
img_012223.jpg,qre4f49,qre4f49,True,0,1.0000,0.999933,car
img_012224.jpg,mpz2a30,mpz2a30,True,0,1.0000,0.999549,car
img_012225.jpg,qrf8f09,qrf8f09,True,0,1.0000,0.999847,car
img_012227.jpg,qrf8g17,qrf8g17,True,0,1.0000,0.992734,car
img_012228.jpg,qre1i41,qre1i41,True,0,1.0000,0.999948,car
img_012230.jpg,hmf0g82,hmf0g82,True,0,1.0000,0.943044,car
img_012232.jpg,qrf6j21,qrf6j21,True,0,1.0000,0.999931,car
img_012233.jpg,qrf0f90,qrf0f90,True,0,1.0000,0.999906,car
img_012234.jpg,mpz2a30,mpz2a30,True,0,1.0000,0.998150,car
img_012235.jpg,fyo2e04,fyo2e04,True,0,1.0000,0.999039,car
img_012236.jpg,qre0f27,qre0f27,True,0,1.0000,0.998936,car
img_012240.jpg,qre0e61,qre0e61,True,0,1.0000,0.999575,car
img_012241.jpg,qrf8g17,qrf8g17,True,0,1.0000,0.999905,car
img_012242.jpg,qre4e99,qre4e99,True,0,1.0000,0.999867,car
img_012243.jpg,fyo2e04,fyo2e04,True,0,1.0000,0.992852,car
img_012244.jpg,qre0f26,qre0f26,True,0,1.0000,0.999945,car
img_012246.jpg,ppa9a31,ops9a31,False,2,0.7143,0.580114,car
img_012248.jpg,qre1i41,qre1i41,True,0,1.0000,0.999887,car
img_012249.jpg,qre4d82,qre4d82,True,0,1.0000,0.999888,car
img_012254.jpg,gfl2a37,gfl2a37,True,0,1.0000,0.999928,car
img_012255.jpg,qrf8g17,qrf8g17,True,0,1.0000,0.999847,car
img_012256.jpg,ppi7a68,ppi7a68,True,0,1.0000,0.999814,car
img_012258.jpg,qrf8g17,qrf8g17,True,0,1.0000,0.999918,car
img_012259.jpg,qre1i41,qre1i41,True,0,1.0000,0.999816,car
img_012261.jpg,qre0f27,qre0f27,True,0,1.0000,0.999838,car
img_012262.jpg,gfl2a37,gfl2a37,True,0,1.0000,0.999738,car
img_012263.jpg,qrf6j17,qrf6j17,True,0,1.0000,0.999876,car
img_012264.jpg,qrf8f40,qrf8f40,True,0,1.0000,0.999593,car
img_012267.jpg,ppm1h66,ppm1h66,True,0,1.0000,0.999901,car
img_012268.jpg,qrf8f09,qrf8f09,True,0,1.0000,0.999887,car
img_012269.jpg,mqz0j93,mqz0j93,True,0,1.0000,0.997575,car
img_012274.jpg,qrf8g17,qrf8g17,True,0,1.0000,0.999945,car
img_012275.jpg,qre1i46,qre1i46,True,0,1.0000,0.999922,car
img_012276.jpg,qre1i43,qre1i43,True,0,1.0000,0.999740,car
img_012277.jpg,qre7d75,qre7d75,True,0,1.0000,0.999891,car
img_012278.jpg,mst1h25,mst1h25,True,0,1.0000,0.999938,car
img_012279.jpg,qrf6i07,qrf6i07,True,0,1.0000,0.996566,car
img_012280.jpg,qre8e70,qre8e70,True,0,1.0000,0.999885,car
img_012281.jpg,qrf8g17,qrf8g17,True,0,1.0000,0.999931,car
img_012282.jpg,mrl9c91,mrl9c91,True,0,1.0000,0.999777,car
img_012283.jpg,qrf8f87,qrf8f87,True,0,1.0000,0.999918,car
img_012284.jpg,qrf6j33,qrf6j33,True,0,1.0000,0.999343,car
img_012285.jpg,qrf8f14,qrf8f14,True,0,1.0000,0.999847,car
img_012287.jpg,qrf8g17,qrf8g17,True,0,1.0000,0.999893,car
img_012288.jpg,qre4e43,qre4e43,True,0,1.0000,0.993202,car
img_012290.jpg,qre1i43,qre1i43,True,0,1.0000,0.999626,car
img_012295.jpg,fag3b35,fag3b35,True,0,1.0000,0.999932,car
img_012297.jpg,qre1i46,qre1i46,True,0,1.0000,0.999927,car
img_012298.jpg,qre1i43,qre1i43,True,0,1.0000,0.999652,car
img_012300.jpg,qre8e70,qre8e70,True,0,1.0000,0.999936,car
img_012301.jpg,qre1i46,qre1i46,True,0,1.0000,0.999939,car
img_012303.jpg,qrf6i37,qrf6i37,True,0,1.0000,0.998317,car
img_012305.jpg,qre1i11,qre1i11,True,0,1.0000,0.999700,car
img_012306.jpg,qre4e43,qre4e43,True,0,1.0000,0.995344,car
img_012309.jpg,gfl2a37,gfl2a37,True,0,1.0000,0.999855,car
img_012310.jpg,qrf6j33,qrf6j33,True,0,1.0000,0.999934,car
img_012311.jpg,qre4e99,qre4e99,True,0,1.0000,0.999755,car
img_012312.jpg,fyo2e04,fyo2e04,True,0,1.0000,0.999429,car
img_012314.jpg,odn2e68,odn2e68,True,0,1.0000,0.999807,car
img_012316.jpg,ppl1h66,ppl1h66,True,0,1.0000,0.998800,car
img_012317.jpg,ppm0f57,ppm0f57,True,0,1.0000,0.999793,car
img_012318.jpg,qre4e43,qre4e43,True,0,1.0000,0.995557,car
img_012319.jpg,qre1i46,qre1i46,True,0,1.0000,0.999873,car
img_012321.jpg,qrf8g17,qrf8g17,True,0,1.0000,0.999930,car
img_012323.jpg,qre4e43,qre4e43,True,0,1.0000,0.998200,car
img_012324.jpg,qre4e99,qre4e99,True,0,1.0000,0.999876,car
img_012326.jpg,qre1i11,qre1i11,True,0,1.0000,0.999556,car
img_012327.jpg,qre1i46,qre1i46,True,0,1.0000,0.999912,car
img_012328.jpg,qrf8g17,qrf8g17,True,0,1.0000,0.999913,car
img_012330.jpg,qre4e43,qre4e43,True,0,1.0000,0.998063,car
img_012331.jpg,qrf8g50,qrf8g50,True,0,1.0000,0.998743,car
img_012332.jpg,qrf8f34,qrf8f34,True,0,1.0000,0.999918,car
img_012333.jpg,qrf8g17,qrf8g17,True,0,1.0000,0.999955,car
img_012334.jpg,qre4e99,qre4e99,True,0,1.0000,0.999551,car
img_012335.jpg,qrf6j24,qrf6j24,True,0,1.0000,0.999917,car
img_012336.jpg,qrg2i08,qrg2i08,True,0,1.0000,0.997476,car
img_012337.jpg,qrf6i07,qrf6i07,True,0,1.0000,0.999842,car
img_012338.jpg,ove3f52,ove3f52,True,0,1.0000,0.999737,car
img_012339.jpg,qrf8g17,qrf8g17,True,0,1.0000,0.999907,car
img_012340.jpg,qre1i43,qre1i43,True,0,1.0000,0.999888,car
img_012341.jpg,qre1i42,qre1i42,True,0,1.0000,0.999497,car
img_012342.jpg,mpz2a30,mpz2a30,True,0,1.0000,0.999502,car
img_012344.jpg,mtt8f14,mtt8f14,True,0,1.0000,0.999882,car
img_012345.jpg,qrh1h27,qrh1h27,True,0,1.0000,0.999886,car
img_012346.jpg,ppk0g10,ppk0g10,True,0,1.0000,0.999585,car
img_012348.jpg,qre4e99,qre4e99,True,0,1.0000,0.999879,car
img_012350.jpg,qrf8f09,qrf8f09,True,0,1.0000,0.999871,car
img_012351.jpg,qrh7c82,qrh7c82,True,0,1.0000,0.999906,car
img_012353.jpg,qrf8g17,qrf8g17,True,0,1.0000,0.999915,car
img_012354.jpg,qre4e43,qre4e43,True,0,1.0000,0.999443,car
img_012355.jpg,qrf8g17,qrf8g17,True,0,1.0000,0.999863,car
img_012356.jpg,ppl1h66,ppl1h66,True,0,1.0000,0.999583,car
img_012358.jpg,qrf8f09,qrf8f09,True,0,1.0000,0.999894,car
img_012359.jpg,qrf8g17,qrf8g17,True,0,1.0000,0.999869,car
img_012361.jpg,qrf8g17,qrf8g17,True,0,1.0000,0.999935,car
img_012362.jpg,mtv1e84,mtv1e84,True,0,1.0000,0.999950,car
img_012363.jpg,qrg2i08,qrg2i08,True,0,1.0000,0.999654,car
img_012365.jpg,fag3b35,fag3b35,True,0,1.0000,0.815610,car
img_012366.jpg,qre1i43,qre1i43,True,0,1.0000,0.999889,car
img_012368.jpg,qrf8g17,qrf8g17,True,0,1.0000,0.999936,car
img_012369.jpg,qrh1h27,qrh1h27,True,0,1.0000,0.999880,car
img_012370.jpg,qre4e43,qre4e43,True,0,1.0000,0.991775,car
img_012373.jpg,qre4e43,qre4e43,True,0,1.0000,0.957622,car
img_012374.jpg,fyo2e04,fyo2e04,True,0,1.0000,0.998335,car
img_012376.jpg,pxa4h05,pxa4h05,True,0,1.0000,0.999934,car
img_012377.jpg,qrg2i08,qrg2i08,True,0,1.0000,0.999700,car
img_012382.jpg,mtt8f14,mtt8f14,True,0,1.0000,0.999899,car
img_012383.jpg,qrf8f09,qrf8f09,True,0,1.0000,0.999921,car
img_012385.jpg,fag3b35,frg3b35,False,1,0.8571,0.864964,car
img_012386.jpg,qrf8g17,qrf8g17,True,0,1.0000,0.999942,car
img_012387.jpg,qrf6j17,qrf6j17,True,0,1.0000,0.999823,car
img_012388.jpg,qre4e43,qre4e43,True,0,1.0000,0.999155,car
img_012389.jpg,qrg2h19,qrg2h19,True,0,1.0000,0.999924,car
img_012390.jpg,ppl1h66,ppl1h66,True,0,1.0000,0.999937,car
img_012391.jpg,qrf8g17,qrf8g17,True,0,1.0000,0.999863,car
img_012392.jpg,qrf8f09,qrf8f09,True,0,1.0000,0.999882,car
img_012393.jpg,qrf8g17,qrf8g17,True,0,1.0000,0.999710,car
img_012395.jpg,qre4e43,qre4e43,True,0,1.0000,0.993587,car
img_012396.jpg,qrf8f87,qrf8f87,True,0,1.0000,0.999847,car
img_012398.jpg,qre1i41,qre1i41,True,0,1.0000,0.999639,car
img_012399.jpg,qrf8g17,qrf8g17,True,0,1.0000,0.999874,car
img_012400.jpg,ppl1h66,ppl1h66,True,0,1.0000,0.999754,car
img_012402.jpg,qre1i11,qre1i11,True,0,1.0000,0.999650,car
img_012403.jpg,qrf8g68,qrf8g68,True,0,1.0000,0.999906,car
img_012404.jpg,qre0f27,qre0f27,True,0,1.0000,0.999910,car
img_012405.jpg,mpz2a30,mpz2a30,True,0,1.0000,0.999819,car
img_012406.jpg,qrg2h19,qrg2h19,True,0,1.0000,0.999942,car
img_012408.jpg,qrf8g17,qrf8g17,True,0,1.0000,0.999915,car
img_012411.jpg,qrg6b53,qrg6b53,True,0,1.0000,0.711274,car
img_012417.jpg,qrf8f09,qrf8f09,True,0,1.0000,0.999541,car
img_012418.jpg,ppl1h66,ppl1h66,True,0,1.0000,0.999388,car
img_012419.jpg,qrh7g54,qrh7g54,True,0,1.0000,0.999953,car
img_012420.jpg,qre4e43,qre4e43,True,0,1.0000,0.929886,car
img_012421.jpg,qre4f49,qre4f49,True,0,1.0000,0.999949,car
img_012422.jpg,ppl1h66,ppl1h66,True,0,1.0000,0.909891,car
img_012423.jpg,qre0f27,qre0f27,True,0,1.0000,0.999734,car
img_012424.jpg,qre8e54,qre8e54,True,0,1.0000,0.999899,car
img_012425.jpg,qre4d82,qre4d82,True,0,1.0000,0.999941,car
img_012426.jpg,qre1i43,qre1i43,True,0,1.0000,0.999716,car
img_012427.jpg,ean2g57,ean2g57,True,0,1.0000,0.995586,car
img_012431.jpg,qrh7c82,qrh7c82,True,0,1.0000,0.999591,car
img_012432.jpg,qrf8g09,qrf8g09,True,0,1.0000,0.999834,car
img_012433.jpg,qrf8f09,qrf8f09,True,0,1.0000,0.999856,car
img_012435.jpg,qre1i43,qre1i43,True,0,1.0000,0.999893,car
img_012436.jpg,qre1i46,qre1i46,True,0,1.0000,0.999916,car
img_012437.jpg,qrh1h27,qrh1h27,True,0,1.0000,0.999864,car
img_012438.jpg,qrg4f09,qrg4f09,True,0,1.0000,0.999858,car
img_012441.jpg,qrg4f02,qrg4f02,True,0,1.0000,0.994289,car
img_012442.jpg,qrh7c54,qrh7c54,True,0,1.0000,0.999888,car
img_012446.jpg,qrf8g17,qrf8g17,True,0,1.0000,0.999944,car
img_012448.jpg,qrf7b75,qrf7b75,True,0,1.0000,0.993654,car
img_012449.jpg,fyo2e04,fyo2e04,True,0,1.0000,0.999328,car
img_012450.jpg,qrf8g17,qrf8g17,True,0,1.0000,0.999942,car
img_012451.jpg,qre4e99,qre4e99,True,0,1.0000,0.998857,car
img_012452.jpg,qrf6i07,qrf6i07,True,0,1.0000,0.999790,car
img_012453.jpg,qrg2h80,qrg2h80,True,0,1.0000,0.999978,car
img_012455.jpg,qrf8g17,qrf8g17,True,0,1.0000,0.999922,car
img_012457.jpg,qre4e99,qre4e99,True,0,1.0000,0.999861,car
img_012458.jpg,qrh1h27,qrh1h27,True,0,1.0000,0.999908,car
img_012460.jpg,qrf8g17,qrf8g17,True,0,1.0000,0.999956,car
img_012461.jpg,qre4e99,qre4e99,True,0,1.0000,0.999855,car
img_012465.jpg,ouw8f56,ouw8f56,True,0,1.0000,0.999189,car
img_012466.jpg,qre6a18,qre6a18,True,0,1.0000,0.999824,car
img_012469.jpg,qrg4f02,qrg4f02,True,0,1.0000,0.999898,car
img_012472.jpg,qre4e99,qre4e99,True,0,1.0000,0.999803,car
img_012473.jpg,qrf6j36,qrf6j36,True,0,1.0000,0.999919,car
img_012474.jpg,fyo2e04,fyo2e04,True,0,1.0000,0.999644,car
img_012475.jpg,fhn6i20,fhn6i20,True,0,1.0000,0.999620,car
img_012476.jpg,pys5h96,pys5h96,True,0,1.0000,0.997874,car
img_012478.jpg,qre1i43,qre1i43,True,0,1.0000,0.999851,car
img_012480.jpg,qrf8g17,qrf8g17,True,0,1.0000,0.999954,car
img_012481.jpg,fou3i88,fou3i88,True,0,1.0000,0.999839,car
img_012482.jpg,qre4e99,qre4e99,True,0,1.0000,0.999573,car
img_012484.jpg,ppl1h66,ppl1h66,True,0,1.0000,0.999910,car
img_012485.jpg,qrf6j32,qrf6j32,True,0,1.0000,0.993363,car
img_012486.jpg,qre1i46,qre1i46,True,0,1.0000,0.999632,car
img_012487.jpg,fag3b35,fag3835,False,1,0.8571,0.736711,car
img_012489.jpg,qre1i46,qre1i46,True,0,1.0000,0.999839,car
img_012490.jpg,qrf8g17,qrf8g17,True,0,1.0000,0.999946,car
img_012491.jpg,qre4e99,qre4e99,True,0,1.0000,0.999401,car
img_012493.jpg,ean2g57,ean2g57,True,0,1.0000,0.999242,car
img_012494.jpg,qrf0f90,qrf0f90,True,0,1.0000,0.999785,car
img_012495.jpg,qrf8g17,qrf8g17,True,0,1.0000,0.999955,car
img_012497.jpg,qre4e99,qre4e99,True,0,1.0000,0.999779,car
img_012498.jpg,fag3b35,fag3b35,True,0,1.0000,0.999907,car
img_012499.jpg,qre4e43,qre4e43,True,0,1.0000,0.989620,car
img_012500.jpg,qre1i41,qre1i41,True,0,1.0000,0.999704,car
img_012502.jpg,ppl1i54,ppl1i54,True,0,1.0000,0.999602,car
img_012506.jpg,qrg2h19,qrg2h19,True,0,1.0000,0.999939,car
img_012508.jpg,puv5e07,puv5e07,True,0,1.0000,0.999883,car
img_012509.jpg,qre1i43,qre1i43,True,0,1.0000,0.999913,car
img_012510.jpg,qrf8f96,qrf8f96,True,0,1.0000,0.999913,car
img_012514.jpg,qri0e80,qri0e80,True,0,1.0000,0.999528,car
img_012515.jpg,qrf8g17,qrf8g17,True,0,1.0000,0.999927,car
img_012516.jpg,qre4e99,qre4e99,True,0,1.0000,0.993310,car
img_012517.jpg,qre1i43,qre1i43,True,0,1.0000,0.999847,car
img_012518.jpg,qre7c42,qre7c42,True,0,1.0000,0.999851,car
img_012519.jpg,fur9c33,fur9c33,True,0,1.0000,0.999952,car
img_012520.jpg,qre4e43,qre4e43,True,0,1.0000,0.997876,car
img_012521.jpg,fou3i88,fou3i88,True,0,1.0000,0.999779,car
img_012524.jpg,qrf8g17,qrf8g17,True,0,1.0000,0.999939,car
img_012526.jpg,qre4e43,qre4e43,True,0,1.0000,0.999063,car
img_012527.jpg,qrf8f09,qrf8f09,True,0,1.0000,0.999816,car
img_012528.jpg,mtc6h43,mtc6h43,True,0,1.0000,0.997253,car
img_012529.jpg,fyo2e04,fyo2e04,True,0,1.0000,0.999591,car
img_012530.jpg,qrf8f96,qrf8f96,True,0,1.0000,0.999950,car
img_012531.jpg,qrh1h27,qrh1h27,True,0,1.0000,0.999888,car
img_012532.jpg,qre1h96,qre1h96,True,0,1.0000,0.999948,car
img_012533.jpg,qre4e48,qre4e48,True,0,1.0000,0.920421,car
img_012534.jpg,qre1i59,qre1i59,True,0,1.0000,0.999926,car
img_012535.jpg,fyo2e04,fyo2e04,True,0,1.0000,0.999431,car
img_012536.jpg,qrg0d06,qrg0d06,True,0,1.0000,0.999867,car
img_012539.jpg,qre1i43,qre1i43,True,0,1.0000,0.999796,car
img_012540.jpg,qrf8f09,qrf8f09,True,0,1.0000,0.999889,car
img_012541.jpg,fag3b35,fag3b35,True,0,1.0000,0.999640,car
img_012543.jpg,qrf8g05,qrf8g05,True,0,1.0000,0.999838,car
img_012545.jpg,qrf8g17,qrf8g17,True,0,1.0000,0.999909,car
img_012546.jpg,qri0e12,qri0e12,True,0,1.0000,0.999260,car
img_012547.jpg,qre1i46,qre1i46,True,0,1.0000,0.999862,car
img_012548.jpg,qrh1h63,qrh1h63,True,0,1.0000,0.999531,car
img_012549.jpg,qrf4e89,qrf4e89,True,0,1.0000,0.997539,car
img_012551.jpg,qrf8g17,qrf8g17,True,0,1.0000,0.998878,car
img_012552.jpg,qre1i46,qre1i46,True,0,1.0000,0.999921,car
img_012553.jpg,qrf8f96,qrf8f96,True,0,1.0000,0.999905,car
img_012555.jpg,ppl1h66,ppl1h66,True,0,1.0000,0.995855,car
img_012557.jpg,fag3b35,fag3b35,True,0,1.0000,0.999843,car
img_012558.jpg,qrf8g17,qrf8g17,True,0,1.0000,0.999817,car
img_012559.jpg,qre4e99,qre4e99,True,0,1.0000,0.998998,car
img_012560.jpg,qrf8f09,qrf8f09,True,0,1.0000,0.990356,car
img_012561.jpg,qrf5j08,qrf5j08,True,0,1.0000,0.999733,car
img_012563.jpg,qrf5b41,qrf5b41,True,0,1.0000,0.999968,car
img_012564.jpg,heq4e66,heq4e66,True,0,1.0000,0.999763,car
img_012565.jpg,qrf7b72,qrf7b72,True,0,1.0000,0.999832,car
img_012566.jpg,qrf8g17,qrf8g17,True,0,1.0000,0.999905,car
img_012567.jpg,qre0f26,qre0f26,True,0,1.0000,0.999726,car
img_012569.jpg,qrh1h27,qrh1h27,True,0,1.0000,0.999661,car
img_012570.jpg,ppm5d93,ppm5d93,True,0,1.0000,0.999911,car
img_012571.jpg,qrf0f90,qrf0f90,True,0,1.0000,0.996312,car
img_012575.jpg,qre1i41,qre1i41,True,0,1.0000,0.999824,car
img_012576.jpg,qri4f70,qri4f70,True,0,1.0000,0.999955,car
img_012577.jpg,qrh7c82,qrh7c82,True,0,1.0000,0.999809,car
img_012578.jpg,qrf8f09,qrf8f09,True,0,1.0000,0.999777,car
img_012581.jpg,ppl1h66,ppl1h66,True,0,1.0000,0.816341,car
img_012582.jpg,qre2i77,qre2i77,True,0,1.0000,0.999672,car
img_012583.jpg,qrf6i81,qrf6i81,True,0,1.0000,0.999908,car
img_012584.jpg,qrf8g17,qrf8g17,True,0,1.0000,0.999955,car
img_012585.jpg,qrf8f96,qrf8f96,True,0,1.0000,0.999912,car
img_012589.jpg,qre4e48,qre4e48,True,0,1.0000,0.999708,car
img_012590.jpg,qrf8f96,qrf8f96,True,0,1.0000,0.999878,car
img_012591.jpg,qrf8g68,qrf8g68,True,0,1.0000,0.999889,car
img_012592.jpg,qre1i46,qre1i46,True,0,1.0000,0.999829,car
img_012594.jpg,qre1h96,qre1h96,True,0,1.0000,0.999831,car
img_012595.jpg,qrf8g17,qrf8g17,True,0,1.0000,0.999904,car
img_012596.jpg,qrf8f96,qrf8f96,True,0,1.0000,0.999931,car
img_012597.jpg,qre4e99,qre4e99,True,0,1.0000,0.999876,car
img_012598.jpg,fag3b35,fag3b35,True,0,1.0000,0.999935,car
img_012603.jpg,qre4d82,qre4d82,True,0,1.0000,0.999852,car
img_012604.jpg,qre4e43,qre4e43,True,0,1.0000,0.999823,car
img_012605.jpg,qre1i11,qre1i11,True,0,1.0000,0.999669,car
img_012606.jpg,qre0f27,qre0f27,True,0,1.0000,0.999939,car
img_012607.jpg,qre4e43,qre4e43,True,0,1.0000,0.999610,car
img_012608.jpg,qrh1h27,qrh1h27,True,0,1.0000,0.999935,car
img_012609.jpg,ppp9h02,ppp9h02,True,0,1.0000,0.999873,car
img_012611.jpg,qri3f41,qri3f41,True,0,1.0000,0.995986,car
img_012612.jpg,kxw1b41,kxw1b41,True,0,1.0000,0.999910,car
img_012614.jpg,qrf8g17,qrf8g17,True,0,1.0000,0.999667,car
img_012616.jpg,ocy5b52,ocy5b52,True,0,1.0000,0.999929,car
img_012617.jpg,qre4f49,qre4f49,True,0,1.0000,0.999857,car
img_012620.jpg,qrf6j36,qrf6j36,True,0,1.0000,0.999832,car
img_012623.jpg,qre1i46,qre1i46,True,0,1.0000,0.999859,car
img_012624.jpg,mqa3d68,mqa3d68,True,0,1.0000,0.999643,car
img_012625.jpg,qre4e43,qre4e43,True,0,1.0000,0.998859,car
img_012626.jpg,qre4f45,qre4f45,True,0,1.0000,0.999901,car
img_012627.jpg,qrf8f96,qrf8f96,True,0,1.0000,0.999921,car
img_012628.jpg,qrf8g17,qrf8g17,True,0,1.0000,0.999771,car
img_012633.jpg,qre1i41,qre1i41,True,0,1.0000,0.999924,car
img_012637.jpg,qrg4f03,qng4f03,False,1,0.8571,0.740597,car
img_012638.jpg,qrf8g17,qrf8g17,True,0,1.0000,0.999420,car
img_012639.jpg,qrf8f96,qrf8f96,True,0,1.0000,0.999843,car
img_012640.jpg,qrf6j24,qrf6j24,True,0,1.0000,0.999902,car
img_012641.jpg,gsa4h53,gsa4h53,True,0,1.0000,0.999905,car
img_012642.jpg,qre4e43,qre4e43,True,0,1.0000,0.995097,car
img_012644.jpg,qrf8f96,qrf8f96,True,0,1.0000,0.999918,car
img_012645.jpg,qrf8f09,qrf8f09,True,0,1.0000,0.999852,car
img_012648.jpg,qre1i41,qre1i41,True,0,1.0000,0.999842,car
img_012650.jpg,qrj0e37,qrj0e37,True,0,1.0000,0.999707,car
img_012652.jpg,ean2g57,ean2g57,True,0,1.0000,0.985333,car
img_012653.jpg,qrf8f87,qrf8f87,True,0,1.0000,0.999797,car
img_012657.jpg,fag3b35,fag3b35,True,0,1.0000,0.999691,car
img_012658.jpg,qre1i46,qre1i46,True,0,1.0000,0.999853,car
img_012660.jpg,qre4e43,qre4e43,True,0,1.0000,0.999410,car
img_012665.jpg,qrf8g17,qrf8g17,True,0,1.0000,0.999915,car
img_012666.jpg,qrg2h80,qrg2h80,True,0,1.0000,0.999898,car
img_012668.jpg,qrf6j33,qrf6j33,True,0,1.0000,0.999830,car
img_012669.jpg,qrg2h80,qrg2h60,False,1,0.8571,0.699644,car
img_012671.jpg,qrg4b68,qrg4b68,True,0,1.0000,0.999858,car
img_012672.jpg,qrj3e15,qrj3e15,True,0,1.0000,0.996642,car
img_012675.jpg,qre7c42,qre7c42,True,0,1.0000,0.999423,car
img_012676.jpg,qrf8g17,qrf8g17,True,0,1.0000,0.922913,car
img_012677.jpg,qrf6j17,qrf6j17,True,0,1.0000,0.999366,car
img_012679.jpg,qrf8g09,qrf8g09,True,0,1.0000,0.999826,car
img_012680.jpg,qrh1h27,qrh1h27,True,0,1.0000,0.999924,car
img_012684.jpg,qre4d82,qre4d82,True,0,1.0000,0.999883,car
img_012687.jpg,qre1i59,qre1i59,True,0,1.0000,0.999921,car
img_012688.jpg,qrg2h80,qrg2h80,True,0,1.0000,0.999918,car
img_012689.jpg,qrg2h80,qrg2h80,True,0,1.0000,0.816736,car
img_012692.jpg,qrf6i07,qrf6i07,True,0,1.0000,0.999568,car
img_012693.jpg,qrg2h80,qrg2h80,True,0,1.0000,0.999942,car
img_012694.jpg,qre1i46,qre1i46,True,0,1.0000,0.999842,car
img_012695.jpg,qre1i43,qre1i43,True,0,1.0000,0.999603,car
img_012696.jpg,qrf8g17,qrf8g17,True,0,1.0000,0.999902,car
img_012697.jpg,ppl1h66,ppl1h66,True,0,1.0000,0.750654,car
img_012698.jpg,qre4f45,qre4f45,True,0,1.0000,0.999940,car
img_012700.jpg,qre4e43,qre4e43,True,0,1.0000,0.999843,car
img_012704.jpg,lsq9a21,lsq9a21,True,0,1.0000,0.999917,car
img_012706.jpg,oyf4i12,oyf4i12,True,0,1.0000,0.999527,car
img_012708.jpg,qre4e99,qre4e99,True,0,1.0000,0.999141,car
img_012709.jpg,qre4f49,qre4f49,True,0,1.0000,0.999836,car
img_012710.jpg,qre1i46,qre1i46,True,0,1.0000,0.999836,car
img_012711.jpg,qre1i46,qre1i46,True,0,1.0000,0.999925,car
img_012712.jpg,qnk9f41,qnr9f41,False,1,0.8571,0.263774,car
img_012716.jpg,qrg2h80,qrg2h80,True,0,1.0000,0.999943,car
img_012717.jpg,ode2e62,ode2e62,True,0,1.0000,0.999747,car
img_012720.jpg,qrg2h80,qrg2h80,True,0,1.0000,0.999228,car
img_012721.jpg,qrh1h27,qrh1h27,True,0,1.0000,0.999871,car
img_012724.jpg,qrh1h27,qrh1h27,True,0,1.0000,0.996285,car
img_012726.jpg,qrf6j36,qrf6j36,True,0,1.0000,0.999933,car
img_012727.jpg,ppp4b24,ppp4b24,True,0,1.0000,0.999692,car
img_012728.jpg,qrh1h27,qrh1h27,True,0,1.0000,0.976419,car
img_012730.jpg,pxr6a39,pxr6a39,True,0,1.0000,0.999645,car
img_012731.jpg,gfl2a37,gfl2a37,True,0,1.0000,0.999777,car
img_012732.jpg,qre4e43,qre4e43,True,0,1.0000,0.999877,car
img_012733.jpg,qrf8f40,qrf8f40,True,0,1.0000,0.999763,car
img_012734.jpg,qre1i46,qre1i46,True,0,1.0000,0.999618,car
img_012735.jpg,ppl1h66,ppl1h66,True,0,1.0000,0.992008,car
img_012736.jpg,qre1i41,qre1i41,True,0,1.0000,0.999879,car
img_012737.jpg,qre4e62,qre4e62,True,0,1.0000,0.999556,car
img_012738.jpg,qre1i38,qre1i38,True,0,1.0000,0.999893,car
img_012740.jpg,qre4e62,qre4e62,True,0,1.0000,0.999426,car
img_012742.jpg,qrg2h19,qrg2h19,True,0,1.0000,0.921290,car
img_012743.jpg,ppl1h66,ppl1h66,True,0,1.0000,0.999549,car
img_012745.jpg,qre4e99,qre4e99,True,0,1.0000,0.999193,car
img_012747.jpg,fag3b35,fag3b35,True,0,1.0000,0.999927,car
img_012750.jpg,qrf8f87,qrf8f87,True,0,1.0000,0.999665,car
img_012751.jpg,qre4f49,qre4f49,True,0,1.0000,0.999868,car
img_012753.jpg,qre4e62,qre4e62,True,0,1.0000,0.999725,car
img_012754.jpg,mtd9e10,mtd9e10,True,0,1.0000,0.999904,car
img_012757.jpg,qrf8f09,qrf8f09,True,0,1.0000,0.999802,car
img_012758.jpg,qrf8g09,qrf8g09,True,0,1.0000,0.994553,car
img_012759.jpg,odc4h37,odc4h37,True,0,1.0000,0.999960,car
img_012763.jpg,fag3b35,fag3b35,True,0,1.0000,0.999946,car
img_012767.jpg,qre4e99,qre4e99,True,0,1.0000,0.999608,car
img_012772.jpg,qrf6i13,qrf6i13,True,0,1.0000,0.998962,car
img_012774.jpg,qnj5b81,qnj5b81,True,0,1.0000,0.999844,car
img_012776.jpg,odq9d63,odq9d63,True,0,1.0000,0.999911,car
img_012779.jpg,qre4e43,qre4e43,True,0,1.0000,0.999918,car
img_012780.jpg,qre1i59,qre1i59,True,0,1.0000,0.999887,car
img_012781.jpg,qrg2h80,qrg2h80,True,0,1.0000,0.999945,car
img_012782.jpg,msv3c83,msv3c83,True,0,1.0000,0.999406,car
img_012783.jpg,ogb1h02,ogb1h02,True,0,1.0000,0.999198,car
img_012784.jpg,qre4e43,qre4e43,True,0,1.0000,0.999697,car
img_012785.jpg,qre4e62,qre4e62,True,0,1.0000,0.999598,car
img_012787.jpg,qrf8f09,qrf8f09,True,0,1.0000,0.999522,car
img_012788.jpg,qre1i41,qre1i41,True,0,1.0000,0.999818,car
img_012790.jpg,qre4e43,qre4e43,True,0,1.0000,0.999672,car
img_012792.jpg,ppl1h66,ppl1h66,True,0,1.0000,0.859420,car
img_012793.jpg,qre1i43,qre1i43,True,0,1.0000,0.999722,car
img_012794.jpg,qre4e62,qre4e62,True,0,1.0000,0.999759,car
img_012795.jpg,qrg2h80,qrg2h80,True,0,1.0000,0.999296,car
img_012796.jpg,qrf8f96,qrf8f96,True,0,1.0000,0.999910,car
img_012797.jpg,qre4e99,qre4e99,True,0,1.0000,0.999908,car
img_012800.jpg,qre1i46,qre1i46,True,0,1.0000,0.999746,car
img_012802.jpg,qre4e62,qre4e62,True,0,1.0000,0.999775,car
img_012805.jpg,qre1i41,qre1i41,True,0,1.0000,0.999928,car
img_012806.jpg,qrf6i37,qrf6i37,True,0,1.0000,0.999856,car
img_012808.jpg,qrd7h42,qrd7h42,True,0,1.0000,0.999706,car
img_012810.jpg,qre7d75,qre7d75,True,0,1.0000,0.999917,car
img_012812.jpg,odq9d63,odq9d63,True,0,1.0000,0.999732,car
img_012813.jpg,qre1i43,qre1i43,True,0,1.0000,0.999695,car
img_012814.jpg,qre4e62,qre4e62,True,0,1.0000,0.996901,car
img_012816.jpg,qre1h96,qre1h96,True,0,1.0000,0.999911,car
img_012819.jpg,msm1i02,msm1i02,True,0,1.0000,0.999648,car
img_012822.jpg,qrh1h27,qrh1h27,True,0,1.0000,0.999861,car
img_012824.jpg,qre4e99,qre4e99,True,0,1.0000,0.999560,car
img_012825.jpg,odq9d63,odq9d63,True,0,1.0000,0.998295,car
img_012826.jpg,qre1i46,qre1i46,True,0,1.0000,0.999399,car
img_012828.jpg,qrj7e75,qrj7e75,True,0,1.0000,0.999298,car
img_012829.jpg,odq9d63,odq9d63,True,0,1.0000,0.999899,car
img_012832.jpg,qre4e99,qre4e99,True,0,1.0000,0.999734,car
img_012833.jpg,qre1i43,qre1i43,True,0,1.0000,0.999810,car
img_012838.jpg,fag3b35,fag3b35,True,0,1.0000,0.999884,car
img_012839.jpg,qrf8g09,qrf8g09,True,0,1.0000,0.991471,car
img_012840.jpg,fag3b35,fag3b35,True,0,1.0000,0.999663,car
img_012841.jpg,qrj6j85,qrj6j85,True,0,1.0000,0.999760,car
img_012842.jpg,qre1i43,qre1i43,True,0,1.0000,0.999542,car
img_012844.jpg,qre0e61,ore9e61,False,2,0.7143,0.483074,car
img_012847.jpg,qre6f01,qre6f01,True,0,1.0000,0.999967,car
img_012849.jpg,qre4i08,qre4i08,True,0,1.0000,0.999860,car
img_012851.jpg,odq9d63,odq9d63,True,0,1.0000,0.999920,car
img_012852.jpg,qre4e62,qre4e62,True,0,1.0000,0.988840,car
img_012855.jpg,qre4e62,qre4e62,True,0,1.0000,0.992193,car
img_012856.jpg,fyo2e04,fyo2e04,True,0,1.0000,0.999436,car
img_012858.jpg,qrf8f96,qrf8f96,True,0,1.0000,0.999873,car
img_012859.jpg,qre4e43,qre4e43,True,0,1.0000,0.997206,car
img_012860.jpg,oyi4d94,oyi4d94,True,0,1.0000,0.998298,car
img_012862.jpg,qrh1h63,qrh1h63,True,0,1.0000,0.999927,car
img_012864.jpg,qre4e99,qre4e99,True,0,1.0000,0.998902,car
img_012865.jpg,qrf8f96,qrf8f96,True,0,1.0000,0.999908,car
img_012866.jpg,qre4e43,qre4e43,True,0,1.0000,0.884199,car
img_012867.jpg,qrg2h19,qrg2h19,True,0,1.0000,0.999760,car
img_012869.jpg,fag3b35,fag3b35,True,0,1.0000,0.998940,car
img_012871.jpg,qri0e80,qri0e80,True,0,1.0000,0.998921,car
img_012873.jpg,kfr4f88,kfr4f88,True,0,1.0000,0.999560,car
img_012874.jpg,qrf8f96,qrf8f96,True,0,1.0000,0.999907,car
img_012875.jpg,qre4e62,qre4e62,True,0,1.0000,0.999605,car
img_012876.jpg,qre1i43,qre1i43,True,0,1.0000,0.999515,car
img_012878.jpg,qre1i41,qre1i41,True,0,1.0000,0.999899,car
img_012879.jpg,qrf8f96,qrf8f96,True,0,1.0000,0.999965,car
img_012881.jpg,qrf8f96,qrf8f96,True,0,1.0000,0.999816,car
img_012883.jpg,gfl2a37,gfl2a37,True,0,1.0000,0.999861,car
img_012886.jpg,qrh1h27,qrh1h27,True,0,1.0000,0.999920,car
img_012890.jpg,fag3b35,fag3b35,True,0,1.0000,0.999896,car
img_012891.jpg,qre7c42,qre7c42,True,0,1.0000,0.999727,car
img_012892.jpg,qrf8f96,qrf8f96,True,0,1.0000,0.999822,car
img_012893.jpg,qrh1h27,qrh1h27,True,0,1.0000,0.999574,car
img_012897.jpg,qrf8g68,qrf8g68,True,0,1.0000,0.999863,car
img_012898.jpg,qre4e99,qre4e99,True,0,1.0000,0.999212,car
img_012899.jpg,fyo2e04,fyo2e04,True,0,1.0000,0.999498,car
img_012901.jpg,qrf6i13,qrf6i13,True,0,1.0000,0.999831,car
img_012903.jpg,qre7d75,qre7d75,True,0,1.0000,0.999958,car
img_012904.jpg,qre4e62,qre4e62,True,0,1.0000,0.990263,car
img_012905.jpg,ppl1h66,ppl1h66,True,0,1.0000,0.959793,car
img_012906.jpg,qrf8f09,qrf8f09,True,0,1.0000,0.999685,car
img_012907.jpg,qrf8g17,qrf8g17,True,0,1.0000,0.999896,car
img_012908.jpg,qre1i43,qre1i43,True,0,1.0000,0.999725,car
img_012909.jpg,qrf8f96,qrf8f96,True,0,1.0000,0.999922,car
img_012911.jpg,qrg2h80,qrg2h80,True,0,1.0000,0.999645,car
img_012915.jpg,qrf8g17,qrf8g17,True,0,1.0000,0.999798,car
img_012917.jpg,qrf8f96,qrf8f96,True,0,1.0000,0.999878,car
img_012918.jpg,qre4e43,qre4f43,False,1,0.8571,0.558454,car
img_012920.jpg,qre4f45,qre4f45,True,0,1.0000,0.999951,car
img_012921.jpg,qrj6j85,qrj6j85,True,0,1.0000,0.999822,car
img_012922.jpg,qrf8g17,qrf8g17,True,0,1.0000,0.999150,car
img_012923.jpg,qre4f51,qre4f51,True,0,1.0000,0.999970,car
img_012924.jpg,qrf8f96,qrf8f96,True,0,1.0000,0.999804,car
img_012926.jpg,qre4e43,qre4e43,True,0,1.0000,0.999272,car
img_012927.jpg,ppl1h66,ppl1h66,True,0,1.0000,0.999902,car
img_012928.jpg,qre1i60,qre1i60,True,0,1.0000,0.999852,car
img_012929.jpg,qre4e62,qre4e62,True,0,1.0000,0.999692,car
img_012940.jpg,qrf4b71,qrf4b71,True,0,1.0000,0.999910,car
img_012941.jpg,lts8j63,lts8j63,True,0,1.0000,0.997676,car
img_012943.jpg,qrf8g17,qrf8g17,True,0,1.0000,0.997212,car
img_012944.jpg,qre7i36,qre7i36,True,0,1.0000,0.993501,car
img_012946.jpg,ppl1h66,ppl1h66,True,0,1.0000,0.873562,car
img_012949.jpg,qrf8g17,qrf8g17,True,0,1.0000,0.999908,car
img_012950.jpg,qrk3j82,qrk3j82,True,0,1.0000,0.999694,car
img_012951.jpg,qre1i41,qre1i41,True,0,1.0000,0.999822,car
img_012952.jpg,aue1b95,aue1b95,True,0,1.0000,0.997221,car
img_012955.jpg,qre4e43,qre4e43,True,0,1.0000,0.999749,car
img_012956.jpg,qre4e62,qre4e62,True,0,1.0000,0.999597,car
img_012957.jpg,qre1i60,qre1i60,True,0,1.0000,0.999627,car
img_012960.jpg,qrf8f09,qrf8f09,True,0,1.0000,0.999686,car
img_012968.jpg,msq5f92,msq5f92,True,0,1.0000,0.999863,car
img_012970.jpg,nyf0h73,nyf0h73,True,0,1.0000,0.918130,car
img_012971.jpg,nyf0h73,nyf0h73,True,0,1.0000,0.999915,car
img_012982.jpg,qre8i54,qre8i54,True,0,1.0000,0.999957,car
img_012983.jpg,old2j80,old2j80,True,0,1.0000,0.999918,car
img_012986.jpg,old2j80,old2j80,True,0,1.0000,0.999850,car
img_012988.jpg,ora9g08,ora9g08,True,0,1.0000,0.999206,car
img_012989.jpg,oda0i25,oda0i25,True,0,1.0000,0.980986,car
img_012992.jpg,ocw2a98,ocv2a98,False,1,0.8571,0.973908,car
img_013001.jpg,lll5h22,lll5h22,True,0,1.0000,0.998859,car
img_013003.jpg,msb9b52,msb9b52,True,0,1.0000,0.999964,car
img_013011.jpg,qrk4i40,qrk4i40,True,0,1.0000,0.999924,car
img_013013.jpg,qre1i46,qre1i46,True,0,1.0000,0.999898,car
img_013016.jpg,hdh0h56,hdh0h56,True,0,1.0000,0.999025,car
img_013017.jpg,ppo8g15,ppo8g15,True,0,1.0000,0.996104,car
img_013021.jpg,odo8b63,odo8b63,True,0,1.0000,0.998579,car
img_013022.jpg,mte4e11,mte4e11,True,0,1.0000,0.978598,car
img_013028.jpg,mrx7i46,mrx7i46,True,0,1.0000,0.999626,car
img_013029.jpg,ppe8f16,ppe8f16,True,0,1.0000,0.999911,car
img_013033.jpg,qri4j71,qri4j71,True,0,1.0000,0.999915,car
img_013041.jpg,ovk5j61,ovk5j61,True,0,1.0000,0.999574,car
img_013042.jpg,qrg5b59,qrg5b59,True,0,1.0000,0.999894,car
img_013047.jpg,odk6h14,odk6h14,True,0,1.0000,0.999925,car
img_013062.jpg,qrb8j99,qrb8j99,True,0,1.0000,0.999944,car
img_013066.jpg,qrk3f95,qrk3f95,True,0,1.0000,0.999936,car
img_013073.jpg,qre9d62,qre9d62,True,0,1.0000,0.999978,car
img_013075.jpg,mtq7c43,mtq7c43,True,0,1.0000,0.999732,car
img_013078.jpg,ppw3j64,ppw3j64,True,0,1.0000,0.999798,car
img_013082.jpg,lqa4d90,lqa4d90,True,0,1.0000,0.999268,car
img_013100.jpg,qri2d78,qri2d78,True,0,1.0000,0.999926,car
img_013102.jpg,qrj3j18,orj3ji8,False,2,0.7143,0.574150,car
img_013103.jpg,qri9c51,qri9c51,True,0,1.0000,0.999977,car
img_013106.jpg,msi8c39,msi8c39,True,0,1.0000,0.999692,car
img_013108.jpg,qrf0f90,qrf0f90,True,0,1.0000,0.999852,car
img_013112.jpg,qrf8f96,qrf8f96,True,0,1.0000,0.999953,car
img_013113.jpg,qrk6j14,qrk6j14,True,0,1.0000,0.999910,car
img_013126.jpg,ppp1b04,ppp1b04,True,0,1.0000,0.999920,car
img_013134.jpg,flx7f62,flx7f62,True,0,1.0000,0.999672,car
img_013143.jpg,qre4e43,qre4e43,True,0,1.0000,0.997649,car
img_013144.jpg,mtx9c25,mtx9c25,True,0,1.0000,0.999898,car
img_013146.jpg,ocw3f50,ocw3f50,True,0,1.0000,0.999567,car
img_013147.jpg,qrk2i33,qrk2i33,True,0,1.0000,0.999787,car
img_013148.jpg,qre6f98,qre6f98,True,0,1.0000,0.999927,car
img_013150.jpg,mtx8b86,mtx8b86,True,0,1.0000,0.999958,car
img_013153.jpg,qre9a37,qre9a37,True,0,1.0000,0.999963,car
img_013156.jpg,mta4h86,mta4h86,True,0,1.0000,0.999935,car
img_013157.jpg,odm0j99,odm0j99,True,0,1.0000,0.999951,car
img_013168.jpg,odi2d62,odi2d62,True,0,1.0000,0.999919,car
img_013178.jpg,epl2j77,epl2j77,True,0,1.0000,0.999643,car
img_013180.jpg,odk6f46,odk6f46,True,0,1.0000,0.999930,car
img_013182.jpg,ovj9b59,ovj9b59,True,0,1.0000,0.999905,car
img_013183.jpg,qrf8f96,qrf8f96,True,0,1.0000,0.999938,car
img_013193.jpg,mpj4j34,mpj4j34,True,0,1.0000,0.999817,car
img_013199.jpg,dml7h99,dml7h99,True,0,1.0000,0.999556,car
img_013209.jpg,ppn2c23,ppn2c23,True,0,1.0000,0.987803,car
img_013219.jpg,knw6e36,knw6e36,True,0,1.0000,0.999588,car
img_013221.jpg,pps7g04,pps7g04,True,0,1.0000,0.999838,car
img_013228.jpg,qrj5g92,qrj5g92,True,0,1.0000,0.999895,car
img_013229.jpg,ppq8e42,ppq8e42,True,0,1.0000,0.999876,car
img_013244.jpg,pkd6f49,pkd6f49,True,0,1.0000,0.999814,car
img_013246.jpg,kza3i08,kza3i08,True,0,1.0000,0.999778,car
img_013255.jpg,mqy1f17,mqy1f17,True,0,1.0000,0.999102,car
img_013257.jpg,msb7j14,msb7j14,True,0,1.0000,0.999786,car
img_013263.jpg,mqh4j22,mqh4j22,True,0,1.0000,0.999899,car
img_013265.jpg,ppf2a27,ppf2a27,True,0,1.0000,0.999937,car
img_013270.jpg,qnj5b81,qnj5b81,True,0,1.0000,0.997543,car
img_013272.jpg,mtz7h33,mtz7h33,True,0,1.0000,0.988769,car
img_013279.jpg,qrf8g17,qrf8g17,True,0,1.0000,0.999910,car
img_013281.jpg,qre4e43,qre4e43,True,0,1.0000,0.990606,car
img_013282.jpg,qrg4e18,qrg4e18,True,0,1.0000,0.999661,car
img_013285.jpg,ocx4f43,ocx4f43,True,0,1.0000,0.999864,car
img_013286.jpg,qrf8f09,qrf8f09,True,0,1.0000,0.999116,car
img_013287.jpg,qre7c42,qre7c42,True,0,1.0000,0.999125,car
img_013288.jpg,mqa3d68,mqa3d68,True,0,1.0000,0.999909,car
img_013289.jpg,aue1b95,aue1b95,True,0,1.0000,0.820962,car
img_013290.jpg,qrf8g17,qrf8g17,True,0,1.0000,0.999880,car
img_013291.jpg,qrf8f96,qrf8f96,True,0,1.0000,0.999953,car
img_013294.jpg,qrh1h27,qrh1h27,True,0,1.0000,0.999799,car
img_013299.jpg,qrf8g17,qrf8g17,True,0,1.0000,0.999758,car
img_013301.jpg,qre4e62,qre4e62,True,0,1.0000,0.999829,car
img_013302.jpg,qrf8f96,qrf8f96,True,0,1.0000,0.999906,car
img_013303.jpg,qre4e62,qre4e62,True,0,1.0000,0.999808,car
img_013304.jpg,fag3b35,fag3b35,True,0,1.0000,0.999927,car
img_013305.jpg,qrf8f96,qrf8f96,True,0,1.0000,0.999916,car
img_013306.jpg,qrg2h80,qrg2h80,True,0,1.0000,0.999939,car
img_013308.jpg,qrf8g17,qrf8g17,True,0,1.0000,0.999925,car
img_013310.jpg,qrf8g17,qrf8g17,True,0,1.0000,0.999835,car
img_013311.jpg,qre1i46,qre1i46,True,0,1.0000,0.999888,car
img_013312.jpg,qre1i46,qre1i46,True,0,1.0000,0.999915,car
img_013314.jpg,qre4e62,qre4e62,True,0,1.0000,0.999793,car
img_013315.jpg,qrf7b72,qrf7872,False,1,0.8571,0.824150,car
img_013318.jpg,qrk1b36,qrk1b36,True,0,1.0000,0.999911,car
img_013319.jpg,ppl1h66,ppl1h66,True,0,1.0000,0.962785,car
img_013320.jpg,qre4e43,qre4e43,True,0,1.0000,0.976819,car
img_013323.jpg,qrf8f96,qrf8f96,True,0,1.0000,0.999545,car
img_013325.jpg,aue1b95,aue1b95,True,0,1.0000,0.995676,car
img_013327.jpg,qrf8g68,qrf8g68,True,0,1.0000,0.999803,car
img_013328.jpg,qre2d62,qre2d62,True,0,1.0000,0.999946,car
img_013329.jpg,qrg6d48,qrg6d48,True,0,1.0000,0.999918,car
img_013330.jpg,qre6h49,qre6h49,True,0,1.0000,0.997668,car
img_013331.jpg,qrf8g17,qrf8g17,True,0,1.0000,0.999944,car
img_013332.jpg,qrf8g17,qrf8g17,True,0,1.0000,0.999894,car
img_013333.jpg,qre1i43,qre1i43,True,0,1.0000,0.999707,car
img_013334.jpg,qre1i46,qre1i46,True,0,1.0000,0.999906,car
img_013335.jpg,aue1b95,aue1b95,True,0,1.0000,0.989991,car
img_013337.jpg,qre4e99,qre4e99,True,0,1.0000,0.990216,car
img_013338.jpg,qre3h89,qre3h89,True,0,1.0000,0.999951,car
img_013343.jpg,qre1i43,qre1i43,True,0,1.0000,0.999746,car
img_013346.jpg,qre8f57,qre8f57,True,0,1.0000,0.999376,car
img_013347.jpg,qrf8f96,qrf8f96,True,0,1.0000,0.999859,car
img_013348.jpg,qre1i40,qre1i40,True,0,1.0000,0.999902,car
img_013349.jpg,qre4e43,qre4e43,True,0,1.0000,0.997196,car
img_013350.jpg,qre4e62,qre4e62,True,0,1.0000,0.999818,car
img_013351.jpg,qre1i46,qre1i46,True,0,1.0000,0.999921,car
img_013352.jpg,qre4e62,qre4e62,True,0,1.0000,0.997159,car
img_013353.jpg,qrk3j82,qrk3j82,True,0,1.0000,0.999890,car
img_013357.jpg,qrf8g17,qrf8g17,True,0,1.0000,0.999946,car
img_013360.jpg,mte0d29,mte0d29,True,0,1.0000,0.999851,car
img_013361.jpg,qre7c37,qre7c37,True,0,1.0000,0.999915,car
img_013363.jpg,qre4e62,qre4e62,True,0,1.0000,0.999603,car
img_013365.jpg,ocv5g06,ocv5g06,True,0,1.0000,0.999878,car
img_013369.jpg,qrf8f87,qrf8f87,True,0,1.0000,0.999916,car
img_013371.jpg,qre2d62,qre2d62,True,0,1.0000,0.999953,car
img_013376.jpg,aue1b95,aue1b95,True,0,1.0000,0.999179,car
img_013377.jpg,oyg9e60,oyg9e60,True,0,1.0000,0.999803,car
img_013378.jpg,qrg2i01,qrg2i01,True,0,1.0000,0.999839,car
img_013379.jpg,qrg2h80,qrg2h80,True,0,1.0000,0.999042,car
img_013380.jpg,qrf8g17,qrf8g17,True,0,1.0000,0.999913,car
img_013381.jpg,qre4e62,qre4e62,True,0,1.0000,0.999743,car
img_013382.jpg,qre1i43,qre1i43,True,0,1.0000,0.999748,car
img_013383.jpg,qrf8g17,qrf8g17,True,0,1.0000,0.999883,car
img_013385.jpg,qrj7j93,qrj7j93,True,0,1.0000,0.999898,car
img_013386.jpg,qre4e62,qre4e62,True,0,1.0000,0.998279,car
img_013387.jpg,fyo2e04,fyo2e04,True,0,1.0000,0.999668,car
img_013388.jpg,qre7d72,qre7d72,True,0,1.0000,0.999798,car
img_013389.jpg,aue1b95,aue1b95,True,0,1.0000,0.988057,car
img_013390.jpg,qrg1i51,qrg1i51,True,0,1.0000,0.999896,car
img_013392.jpg,qrg2h80,qrg2h80,True,0,1.0000,0.999870,car
img_013394.jpg,qrf8g17,qrf8g17,True,0,1.0000,0.999854,car
img_013395.jpg,qrf8f96,qrf8f96,True,0,1.0000,0.999703,car
img_013396.jpg,qrh1h27,qrh1h27,True,0,1.0000,0.999921,car
img_013397.jpg,qre4e99,qre4e99,True,0,1.0000,0.997125,car
img_013398.jpg,qrf6j17,qrf6j17,True,0,1.0000,0.998668,car
img_013402.jpg,qrf8f96,qrf8f96,True,0,1.0000,0.999931,car
img_013403.jpg,qrh1h27,qrh1h27,True,0,1.0000,0.999851,car
img_013407.jpg,dhx8i38,dhx8i38,True,0,1.0000,0.999845,car
img_013408.jpg,qrg2h80,qrg7h80,False,1,0.8571,0.176985,car
img_013409.jpg,qrf8g17,qrf8g17,True,0,1.0000,0.999836,car
img_013410.jpg,qrf8f96,qrf8f96,True,0,1.0000,0.999936,car
img_013411.jpg,ive0i07,ive0i07,True,0,1.0000,0.999415,car
img_013412.jpg,qre4e62,qre4e62,True,0,1.0000,0.999872,car
img_013413.jpg,qrf6i13,qrf6i13,True,0,1.0000,0.999719,car
img_013414.jpg,qre8f57,qre8f57,True,0,1.0000,0.995118,car
img_013415.jpg,qrg2h80,qrg2h80,True,0,1.0000,0.999963,car
img_013419.jpg,qrf8g17,qrf8g17,True,0,1.0000,0.999952,car
img_013420.jpg,qrf8f96,qrf8f96,True,0,1.0000,0.999879,car
img_013421.jpg,qre4e43,qre4e43,True,0,1.0000,0.958461,car
img_013423.jpg,qre8f57,qre8f57,True,0,1.0000,0.999940,car
img_013424.jpg,ppl1h66,ppl1h66,True,0,1.0000,0.999717,car
img_013425.jpg,qre4e62,qre4e62,True,0,1.0000,0.999545,car
img_013426.jpg,qrh7c54,qrh7c54,True,0,1.0000,0.999860,car
img_013428.jpg,jik9g12,jik9g12,True,0,1.0000,0.999856,car
img_013429.jpg,jop4i88,jop4i88,True,0,1.0000,0.999822,car
img_013431.jpg,qre4e62,qre4e62,True,0,1.0000,0.999879,car
img_013433.jpg,qrf8g17,qrf8g17,True,0,1.0000,0.999936,car
img_013434.jpg,ppo2h44,ppo2h44,True,0,1.0000,0.999825,car
img_013435.jpg,qre4f49,qre4f49,True,0,1.0000,0.999895,car
img_013436.jpg,qrk3j82,qrk3j82,True,0,1.0000,0.999877,car
img_013437.jpg,qre1i41,qre1i41,True,0,1.0000,0.999881,car
img_013439.jpg,qrf8g17,qrf8g17,True,0,1.0000,0.999376,car
img_013441.jpg,qrf8g17,qrf8g17,True,0,1.0000,0.999917,car
img_013443.jpg,qre4e99,qre4e99,True,0,1.0000,0.999748,car
img_013449.jpg,qrf8g17,qrf8g17,True,0,1.0000,0.999947,car
img_013450.jpg,qre1i40,qre1i40,True,0,1.0000,0.999953,car
img_013451.jpg,ppl1h66,ppl1h66,True,0,1.0000,0.998845,car
img_013452.jpg,qre1i40,qre1i40,True,0,1.0000,0.999958,car
img_013457.jpg,qrf8g17,qrf8g17,True,0,1.0000,0.999844,car
img_013458.jpg,qre1i40,qre1i40,True,0,1.0000,0.999946,car
img_013459.jpg,qrk3j82,qrk3j82,True,0,1.0000,0.999585,car
img_013460.jpg,qre4e43,qre4e43,True,0,1.0000,0.979259,car
img_013464.jpg,qre5h99,qre5h99,True,0,1.0000,0.967347,car
img_013465.jpg,oyf7j88,oyf7j88,True,0,1.0000,0.999923,car
img_013466.jpg,qrh1h27,qrh1h27,True,0,1.0000,0.999851,car
img_013467.jpg,ppj8f18,ppj8f18,True,0,1.0000,0.999710,car
img_013469.jpg,qrf8g17,qrf8g17,True,0,1.0000,0.999889,car
img_013472.jpg,qrf6j36,qrf6j36,True,0,1.0000,0.999356,car
img_013473.jpg,qrf8g17,qrf8g17,True,0,1.0000,0.999821,car
img_013474.jpg,qre1i40,qre1i40,True,0,1.0000,0.999967,car
img_013476.jpg,qre2d66,qre2d66,True,0,1.0000,0.999946,car
img_013477.jpg,odh0e48,odh0e48,True,0,1.0000,0.999928,car
img_013480.jpg,qrf8f09,qrf8f09,True,0,1.0000,0.999898,car
img_013481.jpg,qrf8g17,qrf8g17,True,0,1.0000,0.999921,car
img_013482.jpg,qre1i40,qre1i40,True,0,1.0000,0.999873,car
img_013483.jpg,qrf8f96,qrf8f96,True,0,1.0000,0.999901,car
img_013485.jpg,qre4e48,qre4e48,True,0,1.0000,0.963481,car
img_013486.jpg,qre8f57,qre8f57,True,0,1.0000,0.999958,car
img_013488.jpg,qre1i43,qre1i43,True,0,1.0000,0.999481,car
img_013490.jpg,qrf8f09,qrf8f09,True,0,1.0000,0.999906,car
img_013491.jpg,qre1i40,qre1i40,True,0,1.0000,0.999876,car
img_013492.jpg,ppl1h66,ppl1h66,True,0,1.0000,0.997831,car
img_013494.jpg,qre1i40,qre1i40,True,0,1.0000,0.999951,car
img_013496.jpg,fur9c33,fur9c33,True,0,1.0000,0.999887,car
img_013499.jpg,qre1i41,qre1i41,True,0,1.0000,0.999839,car
img_013503.jpg,qre1i38,qre1i38,True,0,1.0000,0.999821,car
img_013504.jpg,qrf8f09,qrf8f09,True,0,1.0000,0.999906,car
img_013506.jpg,qre4e43,qre4e43,True,0,1.0000,0.999923,car
img_013507.jpg,qre4i08,qre4i08,True,0,1.0000,0.999888,car
img_013508.jpg,ppl1h66,ppl1h66,True,0,1.0000,0.999349,car
img_013509.jpg,qrf8f87,qrf8f87,True,0,1.0000,0.999908,car
img_013510.jpg,qre4e99,qre4e99,True,0,1.0000,0.996815,car
img_013511.jpg,qrf8f09,qrf8f09,True,0,1.0000,0.999824,car
img_013512.jpg,qre4e62,qre4e62,True,0,1.0000,0.998693,car
img_013513.jpg,qrk4c44,qrk4c44,True,0,1.0000,0.999898,car
img_013514.jpg,mtb7h83,mtb7h83,True,0,1.0000,0.999791,car
img_013516.jpg,oyh8a35,oyh8a35,True,0,1.0000,0.999933,car
img_013518.jpg,ppt9e93,ppt9e93,True,0,1.0000,0.999937,car
img_013519.jpg,qrk3j82,qrk3j82,True,0,1.0000,0.999867,car
img_013520.jpg,qrg2h80,qrg2h80,True,0,1.0000,0.999841,car
img_013524.jpg,qrh1h27,qrh1h27,True,0,1.0000,0.999944,car
img_013532.jpg,qrk1b04,qrk1b04,True,0,1.0000,0.999889,car
img_013533.jpg,qre1i43,qre1i43,True,0,1.0000,0.999732,car
img_013535.jpg,qre7d75,qre7d75,True,0,1.0000,0.999888,car
img_013536.jpg,qrf8g68,qrf8g68,True,0,1.0000,0.999888,car
img_013537.jpg,qrf8f09,qrf8f09,True,0,1.0000,0.999631,car
img_013539.jpg,qre4e48,qre4e48,True,0,1.0000,0.930668,car
img_013542.jpg,qre1i40,qre1i40,True,0,1.0000,0.999840,car
img_013543.jpg,qre7i36,qre7i36,True,0,1.0000,0.999933,car
img_013544.jpg,qrf8f96,qrf8f96,True,0,1.0000,0.999865,car
img_013545.jpg,qrf6i13,qrf6i13,True,0,1.0000,0.999785,car
img_013546.jpg,qrg0d06,qrg0d06,True,0,1.0000,0.999836,car
img_013547.jpg,qre0f26,qre0f26,True,0,1.0000,0.999910,car
img_013549.jpg,qre4e43,qre4e43,True,0,1.0000,0.944346,car
img_013550.jpg,qre4e62,qre4e62,True,0,1.0000,0.999788,car
img_013552.jpg,qrk8e32,qrk8e32,True,0,1.0000,0.999921,car
img_013553.jpg,pps6d77,pps6d77,True,0,1.0000,0.999246,car
img_013555.jpg,qre4f51,qre4f51,True,0,1.0000,0.999942,car
img_013556.jpg,qrh1h27,qrh1h27,True,0,1.0000,0.999922,car
img_013557.jpg,mtt8f14,mtt8f14,True,0,1.0000,0.999809,car
img_013558.jpg,qrh1h27,qrh1h27,True,0,1.0000,0.998920,car
img_013561.jpg,qrf8f96,qrf8f96,True,0,1.0000,0.999939,car
img_013564.jpg,qrf8g09,qrf8g09,True,0,1.0000,0.999903,car
img_013565.jpg,nya7a87,nya7a87,True,0,1.0000,0.999884,car
img_013567.jpg,qrf8f14,qrf8f14,True,0,1.0000,0.999927,car
img_013568.jpg,qre4e62,qre4e62,True,0,1.0000,0.997697,car
img_013569.jpg,qre7c42,qre7c42,True,0,1.0000,0.999888,car
img_013571.jpg,qre6f01,qre6f01,True,0,1.0000,0.997905,car
img_013573.jpg,fag3b35,fag3b35,True,0,1.0000,0.999596,car
img_013575.jpg,qrj1h35,qrj1h35,True,0,1.0000,0.999902,car
img_013578.jpg,ppl1h66,ppl1h66,True,0,1.0000,0.999770,car
img_013580.jpg,qre6f01,qre6f01,True,0,1.0000,0.999965,car
img_013581.jpg,qre1i40,qre1i40,True,0,1.0000,0.999927,car
img_013584.jpg,qre7d75,qre7d75,True,0,1.0000,0.999858,car
img_013587.jpg,qre1i40,qre1i40,True,0,1.0000,0.999961,car
img_013588.jpg,qre4f51,qre4f51,True,0,1.0000,0.999945,car
img_013590.jpg,qre4e62,qre4e62,True,0,1.0000,0.999779,car
img_013591.jpg,qrh1h27,qrh1h27,True,0,1.0000,0.999956,car
img_013593.jpg,qre4e62,qre4e62,True,0,1.0000,0.999881,car
img_013594.jpg,qrj1h35,qrj1h35,True,0,1.0000,0.999949,car
img_013598.jpg,qrh1h27,qrh1h27,True,0,1.0000,0.999910,car
img_013599.jpg,qre3d06,qre3d06,True,0,1.0000,0.998540,car
img_013601.jpg,qre4e62,qre4e62,True,0,1.0000,0.999954,car
img_013603.jpg,qre4f51,qre4f51,True,0,1.0000,0.999968,car
img_013604.jpg,ppl1h66,ppl1h66,True,0,1.0000,0.999655,car
img_013605.jpg,qre1i22,qre1i22,True,0,1.0000,0.999740,car
img_013606.jpg,qrj1h35,qrj1h35,True,0,1.0000,0.999910,car
img_013610.jpg,fjp1a52,fjp1a52,True,0,1.0000,0.998957,car
img_013611.jpg,qre7d75,qre7d75,True,0,1.0000,0.999867,car
img_013614.jpg,oda2c25,oda2c25,True,0,1.0000,0.999835,car
img_013617.jpg,ovl7h12,ovl7h12,True,0,1.0000,0.999854,car
img_013620.jpg,qre7c37,qre7c37,True,0,1.0000,0.999779,car
img_013622.jpg,qrf8g60,qrf8g60,True,0,1.0000,0.999295,car
img_013623.jpg,qre1i40,qre1i40,True,0,1.0000,0.999909,car
img_013627.jpg,qrf8f96,qrf8f96,True,0,1.0000,0.999940,car
img_013628.jpg,ppl1h66,ppl1h66,True,0,1.0000,0.999807,car
img_013630.jpg,qre4d82,qre4d82,True,0,1.0000,0.999935,car
img_013631.jpg,qri0e80,qri0e80,True,0,1.0000,0.999780,car
img_013634.jpg,qrh1h69,qrh1h69,True,0,1.0000,0.999698,car
img_013642.jpg,qre4f51,qre4f51,True,0,1.0000,0.999955,car
img_013645.jpg,qre4e62,qre4e62,True,0,1.0000,0.999279,car
img_013648.jpg,qre1i40,qre1i40,True,0,1.0000,0.999944,car
img_013649.jpg,qrk8e32,qrk8e32,True,0,1.0000,0.999942,car
img_013651.jpg,qrf7b75,qrf7675,False,1,0.8571,0.920934,car
img_013653.jpg,qrf8f96,qrf8f96,True,0,1.0000,0.999858,car
img_013655.jpg,qrh7c06,qrh7c06,True,0,1.0000,0.999061,car
img_013657.jpg,ppr4f54,ppr4f54,True,0,1.0000,0.999962,car
img_013658.jpg,ppl1h66,ppl1h66,True,0,1.0000,0.999836,car
img_013660.jpg,ppl1h66,ppl1h66,True,0,1.0000,0.999866,car
img_013661.jpg,qre4f51,qre4f51,True,0,1.0000,0.999958,car
img_013662.jpg,ppl1h66,ppl1h66,True,0,1.0000,0.999870,car
img_013666.jpg,qre7d75,qre7d75,True,0,1.0000,0.999895,car
img_013670.jpg,qre4f51,qre4f51,True,0,1.0000,0.999936,car
img_013675.jpg,qre4e77,qre4e77,True,0,1.0000,0.999775,car
img_013676.jpg,qre2a11,qre2a11,True,0,1.0000,0.999908,car
img_013681.jpg,qrf8f96,qrf8f96,True,0,1.0000,0.999884,car
img_013684.jpg,qre4f51,qre4f51,True,0,1.0000,0.999963,car
img_013685.jpg,qre8f57,qre8f57,True,0,1.0000,0.975937,car
img_013686.jpg,ppl1h66,ppl1h66,True,0,1.0000,0.999766,car
img_013687.jpg,ppl1h66,ppl1h66,True,0,1.0000,0.999863,car
img_013688.jpg,ppl1h66,ppl1h66,True,0,1.0000,0.953098,car
img_013689.jpg,ppl1h66,ppl1h66,True,0,1.0000,0.999058,car
img_013690.jpg,qrg2h80,qrg2h80,True,0,1.0000,0.999968,car
img_013691.jpg,qrh7c82,qrh7c82,True,0,1.0000,0.999891,car
img_013694.jpg,qrf8f96,qrf8f96,True,0,1.0000,0.999897,car
img_013695.jpg,qre4f51,qre4f51,True,0,1.0000,0.999957,car
img_013700.jpg,qre8f57,qre8f57,True,0,1.0000,0.999958,car
img_013701.jpg,odg8d31,odg8d31,True,0,1.0000,0.999730,car
img_013702.jpg,ppl1h66,ppl1h66,True,0,1.0000,0.999239,car
img_013707.jpg,qrg2h80,qrg2h80,True,0,1.0000,0.999919,car
img_013709.jpg,qrh7c54,qrh7c54,True,0,1.0000,0.999750,car
img_013710.jpg,mtk0c61,mtk0c61,True,0,1.0000,0.999826,car
img_013711.jpg,ppl1h66,ppl1h66,True,0,1.0000,0.999790,car
img_013712.jpg,ppl1h66,ppl1h66,True,0,1.0000,0.999579,car
img_013714.jpg,ppl1h66,ppl1h66,True,0,1.0000,0.999134,car
img_013715.jpg,qrh7c06,qrh7c06,True,0,1.0000,0.999470,car
img_013716.jpg,qrg2h80,qrg2h80,True,0,1.0000,0.999957,car
img_013717.jpg,ppl1h66,ppl1h66,True,0,1.0000,0.999595,car
img_013718.jpg,msv6c10,msv6c10,True,0,1.0000,0.999895,car
img_013725.jpg,qre4d82,qre4d82,True,0,1.0000,0.999952,car
img_013726.jpg,qre1i40,qre1i40,True,0,1.0000,0.999911,car
img_013727.jpg,qrm4i57,qrm4i57,True,0,1.0000,0.999825,car
img_013728.jpg,rba6d37,rba6d37,True,0,1.0000,0.999936,car
img_013729.jpg,qrh1h27,qrh1h27,True,0,1.0000,0.999960,car
img_013730.jpg,qre1i40,qre1i40,True,0,1.0000,0.999920,car
img_013731.jpg,qre1i38,qre1i38,True,0,1.0000,0.997081,car
img_013734.jpg,msc4g65,becag65,False,3,0.5714,0.482184,car
img_013736.jpg,msy3j35,msy3j35,True,0,1.0000,0.999900,car
img_013737.jpg,qrk3j82,qrk3j82,True,0,1.0000,0.999898,car
img_013738.jpg,qrf8f87,qrf8f87,True,0,1.0000,0.999786,car
img_013740.jpg,qre1i38,qre1i38,True,0,1.0000,0.999792,car
img_013741.jpg,qrm4i57,qrm4i57,True,0,1.0000,0.999941,car
img_013743.jpg,pal9f76,pal9f76,True,0,1.0000,0.999904,car
img_013745.jpg,qrh2f51,qrh2f51,True,0,1.0000,0.999979,car
img_013746.jpg,fyo2e04,fyo2e04,True,0,1.0000,0.999198,car
img_013750.jpg,mtq7c43,mtq7c43,True,0,1.0000,0.999113,car
img_013751.jpg,rba6d37,rba6d37,True,0,1.0000,0.999862,car
img_013752.jpg,rba6c23,rba6c23,True,0,1.0000,0.999748,car
img_013753.jpg,rba5h41,rba5h41,True,0,1.0000,0.999838,car
img_013760.jpg,fou3i88,fou3i88,True,0,1.0000,0.999852,car
img_013764.jpg,qrh1h27,qrh1h27,True,0,1.0000,0.999911,car
img_013766.jpg,jnz2e59,jnz2e59,True,0,1.0000,0.872234,car
img_013767.jpg,qrg2h80,qrg2h80,True,0,1.0000,0.999954,car
img_013768.jpg,qrm4i57,qrm4i57,True,0,1.0000,0.999878,car
img_013769.jpg,rba6d37,rba6d37,True,0,1.0000,0.999927,car
img_013771.jpg,rba6c23,rba6c23,True,0,1.0000,0.998189,car
img_013774.jpg,rba5a58,rba5a58,True,0,1.0000,0.999721,car
img_013775.jpg,rba5d40,rba5d40,True,0,1.0000,0.999889,car
img_013776.jpg,qrf8f87,qrf8f87,True,0,1.0000,0.999927,car
img_013777.jpg,qrm2a66,qrm2a66,True,0,1.0000,0.999935,car
img_013780.jpg,qre4d82,qre4d82,True,0,1.0000,0.999928,car
img_013782.jpg,qrh2f51,qrh2f51,True,0,1.0000,0.999968,car
img_013783.jpg,qrm4i57,qrm4i57,True,0,1.0000,0.999865,car
img_013784.jpg,oyg9e60,oyg9e60,True,0,1.0000,0.999674,car
img_013785.jpg,mpz2a30,mpz2a30,True,0,1.0000,0.999436,car
img_013788.jpg,mtd0j22,mtd0j22,True,0,1.0000,0.999051,car
img_013791.jpg,qre4d82,qre4d82,True,0,1.0000,0.999953,car
img_013792.jpg,qrm4i57,qrm4i57,True,0,1.0000,0.999898,car
img_013793.jpg,rba6d37,rba6d37,True,0,1.0000,0.999948,car
img_013796.jpg,ppy2c39,ppy2c39,True,0,1.0000,0.999859,car
img_013798.jpg,qrf8f46,qrf8f46,True,0,1.0000,0.999839,car
img_013799.jpg,qre4f49,qre4f49,True,0,1.0000,0.999840,car
img_013800.jpg,qre1i41,qre1i41,True,0,1.0000,0.995993,car
img_013803.jpg,qrk3j82,qrk3j82,True,0,1.0000,0.999845,car
img_013805.jpg,qre1i40,qre1i40,True,0,1.0000,0.989132,car
img_013806.jpg,qrm4i57,qrm4i57,True,0,1.0000,0.999867,car
img_013807.jpg,rba6d37,rba6d37,True,0,1.0000,0.999916,car
img_013809.jpg,qre7i36,qre7i36,True,0,1.0000,0.999815,car
img_013810.jpg,rba5h21,rba5h21,True,0,1.0000,0.999897,car
img_013811.jpg,qre1i41,qre1i41,True,0,1.0000,0.999948,car
img_013812.jpg,qrg4e18,qrg4e18,True,0,1.0000,0.999950,car
img_013818.jpg,qrm4i57,qrm4i57,True,0,1.0000,0.999900,car
img_013820.jpg,rba6d37,rba6d37,True,0,1.0000,0.999933,car
img_013825.jpg,oye8i28,oye8i28,True,0,1.0000,0.999931,car
img_013827.jpg,qre2a11,qre2a11,True,0,1.0000,0.999892,car
img_013828.jpg,qre2a11,qre2a11,True,0,1.0000,0.999904,car
img_013829.jpg,qre8e70,qre8e70,True,0,1.0000,0.999930,car
img_013833.jpg,qre0e61,qre9e61,False,1,0.8571,0.807630,car
img_013834.jpg,qre7b35,qre7b35,True,0,1.0000,0.999915,car
img_013835.jpg,qre2a11,qre2a11,True,0,1.0000,0.999896,car
img_013837.jpg,ppm7g93,ppm7g93,True,0,1.0000,0.999723,car
img_013838.jpg,qre6b82,qre6b82,True,0,1.0000,0.999909,car
img_013839.jpg,ppm7g93,ppm7g93,True,0,1.0000,0.999915,car
img_013841.jpg,fou3i88,fou3i88,True,0,1.0000,0.999531,car
img_013842.jpg,qrf8f09,qrf8f09,True,0,1.0000,0.999941,car
img_013844.jpg,fyo2e04,fyo2e04,True,0,1.0000,0.998331,car
img_013845.jpg,ppm7g93,ppm7g93,True,0,1.0000,0.999906,car
img_013846.jpg,ppm7g93,ppm7g93,True,0,1.0000,0.999886,car
img_013848.jpg,ppm7g93,ppm7g93,True,0,1.0000,0.999802,car
img_013850.jpg,oyj7i19,oyj7i19,True,0,1.0000,0.999518,car
img_013852.jpg,qrj7e99,qrj7e99,True,0,1.0000,0.999900,car
img_013854.jpg,qrf3d01,qrf3d01,True,0,1.0000,0.999961,car
img_013855.jpg,odk8e12,odk8e12,True,0,1.0000,0.999911,car
img_013858.jpg,odq6d04,odq6d04,True,0,1.0000,0.999898,car
img_013859.jpg,ppo8f18,ppo8f18,True,0,1.0000,0.999592,car
img_013860.jpg,aze3g20,aze3g20,True,0,1.0000,0.999943,car
img_013861.jpg,ppe8j60,ppe8j60,True,0,1.0000,0.999972,car
img_013862.jpg,qrh2i50,qrh2i50,True,0,1.0000,0.999839,car
img_013866.jpg,msw0i16,msw0i16,True,0,1.0000,0.999940,car
img_013870.jpg,ovf4g35,ovf4g35,True,0,1.0000,0.999935,car
img_013873.jpg,qrj1h35,qrj1h35,True,0,1.0000,0.993203,car
img_013875.jpg,qns7e99,qns7e99,True,0,1.0000,0.999613,car
img_013879.jpg,msw7i95,msw7i95,True,0,1.0000,0.999834,car
img_013882.jpg,msh1i00,msh1i00,True,0,1.0000,0.998460,car
img_013887.jpg,onb1g02,onb1g02,True,0,1.0000,0.997444,car
img_013890.jpg,ppa1c19,ppa1c19,True,0,1.0000,0.999887,car
img_013894.jpg,ppu0g82,ppu0g82,True,0,1.0000,0.998350,car
img_013899.jpg,kvg4j02,kvg4j02,True,0,1.0000,0.999767,car
img_013910.jpg,qri3f46,qri3f46,True,0,1.0000,0.999922,car
img_013918.jpg,odc8h88,odc8h88,True,0,1.0000,0.999859,car
img_013920.jpg,odf4a46,odf4a46,True,0,1.0000,0.709531,car
img_013921.jpg,ocv5c77,ocv5c77,True,0,1.0000,0.999902,car
img_013938.jpg,lrp7d62,lrp7d62,True,0,1.0000,0.999633,car
img_013940.jpg,mrn3a72,mrn3a72,True,0,1.0000,0.999894,car
img_013941.jpg,plp6b74,plp6b74,True,0,1.0000,0.999669,car
img_013942.jpg,omb7a18,omb7a18,True,0,1.0000,0.999481,car
img_013945.jpg,qrf7j44,qrf7j44,True,0,1.0000,0.999941,car
img_013949.jpg,qrg5b76,qrg5b76,True,0,1.0000,0.999849,car
img_013950.jpg,ppw3f03,ppw3f03,True,0,1.0000,0.999501,car
img_013954.jpg,qrf4g15,qrf4g15,True,0,1.0000,0.999921,car
img_013958.jpg,mrs1a56,mrs1a56,True,0,1.0000,0.999416,car
img_013960.jpg,kac6b94,kac6b94,True,0,1.0000,0.995673,car
img_013967.jpg,qrl4g82,qrl4g82,True,0,1.0000,0.999901,car
img_013980.jpg,oyh5h63,oyh5h63,True,0,1.0000,0.999937,car
img_013991.jpg,ppm0e23,ppm0e23,True,0,1.0000,0.999877,car
img_013992.jpg,qrd5a25,qrd5a25,True,0,1.0000,0.999974,car
img_013993.jpg,ohq4f16,ohq4f16,True,0,1.0000,0.998793,car
img_014003.jpg,qrj8d68,qrj8d68,True,0,1.0000,0.999835,car
img_014004.jpg,qrl2j59,qpl2j59,False,1,0.8571,0.936551,car
img_014008.jpg,pph7b56,pph7b56,True,0,1.0000,0.999942,car
img_014013.jpg,qrj1h35,qrj1h35,True,0,1.0000,0.999946,car
img_014014.jpg,lmo8a28,lmo8a28,True,0,1.0000,0.942518,car
img_014028.jpg,ovh6j60,ovh6j60,True,0,1.0000,0.999885,car
img_014031.jpg,qrj8d08,qrj8d08,True,0,1.0000,0.999910,car
img_014033.jpg,lrs5f30,lrs5f30,True,0,1.0000,0.999516,car
img_014039.jpg,oyf8c78,oyf8c78,True,0,1.0000,0.999781,car
img_014050.jpg,qrk0h34,qrk0h34,True,0,1.0000,0.999895,car
img_014058.jpg,ppk7j67,ppk7j67,True,0,1.0000,0.999952,car
img_014070.jpg,ovl9g16,ovl9g16,True,0,1.0000,0.999920,car
img_014072.jpg,qrf3d01,qrf3d01,True,0,1.0000,0.999962,car
img_014076.jpg,lmr2i16,lmr2i16,True,0,1.0000,0.999892,car
img_014078.jpg,pxc8e44,pxc8e44,True,0,1.0000,0.999834,car
img_014080.jpg,mtb0c04,mtb0c04,True,0,1.0000,0.991297,car
img_014087.jpg,mqx6a27,mqx6a27,True,0,1.0000,0.999919,car
img_014089.jpg,mts2c82,mts2c82,True,0,1.0000,0.999882,car
img_014098.jpg,mtm8c60,mtm8c60,True,0,1.0000,0.999838,car
img_014099.jpg,mty2g82,mty2g82,True,0,1.0000,0.999865,car
img_014102.jpg,mrd8c79,mrd8c79,True,0,1.0000,0.992086,car
img_014103.jpg,qok1c00,qok1c00,True,0,1.0000,0.999619,car
img_014104.jpg,msh1i00,msh1i00,True,0,1.0000,0.999754,car
img_014108.jpg,qrk3f76,qrk3f76,True,0,1.0000,0.999931,car
img_014117.jpg,qre9g67,qre9g67,True,0,1.0000,0.999959,car
img_014124.jpg,qrg2b77,qrg2b77,True,0,1.0000,0.999952,car
img_014126.jpg,gye6h00,gye6h00,True,0,1.0000,0.999905,car
img_014129.jpg,odp6a33,odp6a33,True,0,1.0000,0.999949,car
img_014134.jpg,qns7e99,qns7e99,True,0,1.0000,0.999555,car
img_014152.jpg,ppr5h48,ppr5h48,True,0,1.0000,0.999896,car
img_014164.jpg,msw0i16,msw0i16,True,0,1.0000,0.999949,car
img_014175.jpg,ppc8f63,ppc8f63,True,0,1.0000,0.999839,car
img_014177.jpg,qov5a73,qov5a73,True,0,1.0000,0.938949,car
img_014184.jpg,qrk9f12,qrk9f12,True,0,1.0000,0.999937,car
img_014188.jpg,qrk8e84,qrk8e84,True,0,1.0000,0.999961,car
img_014192.jpg,qrk1h98,qrk1h98,True,0,1.0000,0.999913,car
img_014194.jpg,mra8f55,mra8f55,True,0,1.0000,0.999858,car
img_014196.jpg,kny7j93,kny7j93,True,0,1.0000,0.999914,car
img_014205.jpg,mqw7e76,mqw7e76,True,0,1.0000,0.999931,car
img_014212.jpg,mta6c01,mta6c01,True,0,1.0000,0.999859,car
img_014214.jpg,qrg4c05,qrg4c05,True,0,1.0000,0.999954,car
img_014215.jpg,qrj9d48,qrj9d48,True,0,1.0000,0.999953,car
img_014225.jpg,rio1j55,rio1j55,True,0,1.0000,0.893771,car
img_014226.jpg,avy0i24,avy0i24,True,0,1.0000,0.999938,car
img_014227.jpg,msv3g83,msv3g83,True,0,1.0000,0.999788,car
img_014228.jpg,lud6g99,lud6g99,True,0,1.0000,0.999360,car
img_014250.jpg,daj2g64,daj2g64,True,0,1.0000,0.999909,car
img_014251.jpg,mtt3d76,mtt3d76,True,0,1.0000,0.999931,car
img_014255.jpg,mtm0b01,mtm0b01,True,0,1.0000,0.999711,car
img_014262.jpg,qre9a37,qre9a37,True,0,1.0000,0.999879,car
img_014277.jpg,odf1j83,odf1j83,True,0,1.0000,0.999524,car
img_014279.jpg,baz2e27,baz2e27,True,0,1.0000,0.999824,car
img_014280.jpg,qok1c00,qok1c00,True,0,1.0000,0.999340,car
img_014281.jpg,ppw7d46,ppw7d46,True,0,1.0000,0.999911,car
img_014283.jpg,qrk7i04,qrk7i04,True,0,1.0000,0.999846,car
img_014284.jpg,lnx6c16,lnx6c16,True,0,1.0000,0.999904,car
img_014285.jpg,qre9g67,qre9g67,True,0,1.0000,0.999977,car
img_014288.jpg,qrf7e70,qrf7e70,True,0,1.0000,0.999851,car
img_014289.jpg,lrz4c98,lrz4c98,True,0,1.0000,0.999021,car
img_014290.jpg,awh4f80,awh4f80,True,0,1.0000,0.999941,car
img_014303.jpg,odf3j43,odf3j43,True,0,1.0000,0.999882,car
img_014304.jpg,qri3f73,qri3f73,True,0,1.0000,0.999837,car
img_014305.jpg,npk0a72,npk0a72,True,0,1.0000,0.999844,car
img_014316.jpg,qri7c39,qri7c39,True,0,1.0000,0.999694,car
img_014321.jpg,hdv3h51,hdv3h51,True,0,1.0000,0.999933,car
img_014326.jpg,odc1h18,odc1h18,True,0,1.0000,0.999950,car
img_014327.jpg,mqt5d07,mqt5d07,True,0,1.0000,0.999911,car
img_014329.jpg,ppf9b73,ppf9b73,True,0,1.0000,0.999837,car
img_014334.jpg,mpb3f79,mpb3f79,True,0,1.0000,0.999735,car
img_014337.jpg,qri3f46,qri3f46,True,0,1.0000,0.998794,car
img_014338.jpg,qog0b71,qog0b71,True,0,1.0000,0.999841,car
img_014341.jpg,oyd2d20,oyd2d20,True,0,1.0000,0.999975,car
img_014346.jpg,ovj2h68,ovj2h68,True,0,1.0000,0.999921,car
img_014351.jpg,odi4i78,odi4i78,True,0,1.0000,0.999934,car
img_014352.jpg,lll5h22,lll5h22,True,0,1.0000,0.999838,car
img_014353.jpg,ppl7a05,ppl7a05,True,0,1.0000,0.999811,car
img_014356.jpg,ppj6h93,ppj6h93,True,0,1.0000,0.999916,car
img_014364.jpg,mtw5b82,mtw5b82,True,0,1.0000,0.999809,car
img_014365.jpg,mrs2h47,mrs2h47,True,0,1.0000,0.999780,car
img_014371.jpg,ppo0h05,ppo0h05,True,0,1.0000,0.999684,car
img_014372.jpg,ppu7e16,ppu7e16,True,0,1.0000,0.999929,car
img_014389.jpg,oxk5j38,oxk5j38,True,0,1.0000,0.996947,car
img_014401.jpg,ezm5j88,ezm5j88,True,0,1.0000,0.999751,car
img_014403.jpg,ppy2f07,ppy2f07,True,0,1.0000,0.999948,car
img_014405.jpg,mqf0f99,mqf0f99,True,0,1.0000,0.999855,car
img_014407.jpg,qrk9j23,qrk9j23,True,0,1.0000,0.999934,car
img_014408.jpg,qre0i30,qre0i30,True,0,1.0000,0.999765,car
img_014418.jpg,ovl9b72,ovl9b72,True,0,1.0000,0.999923,car
img_014424.jpg,ouj1d89,ouj1d89,True,0,1.0000,0.999612,car
img_014429.jpg,olv4c31,olv4c31,True,0,1.0000,0.999647,car
img_014437.jpg,qre7b35,qre7b35,True,0,1.0000,0.999732,car
img_014438.jpg,qrl7e25,qrl7e25,True,0,1.0000,0.999961,car
img_014450.jpg,msw0i16,msw0i16,True,0,1.0000,0.999958,car
img_014456.jpg,mtp1c03,mtp1c03,True,0,1.0000,0.999469,car
img_014459.jpg,oyi3a75,oyi3a75,True,0,1.0000,0.999879,car
img_014464.jpg,ppe6e95,ppe6e95,True,0,1.0000,0.999961,car
img_014467.jpg,mtd7a37,mtd7a37,True,0,1.0000,0.999655,car
img_014468.jpg,mtm3j73,mtm3j73,True,0,1.0000,0.999446,car
img_014471.jpg,qrl4i35,qrl4i35,True,0,1.0000,0.999942,car
img_014476.jpg,mqf9a53,mqf9a53,True,0,1.0000,0.999947,car
img_014479.jpg,ppj6h93,ppj6h93,True,0,1.0000,0.999939,car
img_014481.jpg,oyf7e10,oyf7e10,True,0,1.0000,0.999674,car
img_014488.jpg,kpz1e13,kpz1e13,True,0,1.0000,0.999859,car
img_014492.jpg,qri3d47,qri3d47,True,0,1.0000,0.999790,car
img_014499.jpg,aam4a05,aam4a05,True,0,1.0000,0.999081,car
img_014503.jpg,hmv1d80,hmv1d80,True,0,1.0000,0.999816,car
img_014519.jpg,ppa1c19,ppa1c19,True,0,1.0000,0.999916,car
img_014520.jpg,msy5g35,msy5g35,True,0,1.0000,0.999589,car
img_014521.jpg,gqh4c51,gqh4c51,True,0,1.0000,0.999604,car
img_014522.jpg,qrf5i00,qrf5i00,True,0,1.0000,0.999942,car
img_014528.jpg,mqf1c61,mqf1c61,True,0,1.0000,0.920887,car
img_014532.jpg,nvi0i99,nvi0i99,True,0,1.0000,0.999415,car
img_014536.jpg,dmq1g17,dmq1g17,True,0,1.0000,0.999599,car
img_014542.jpg,qrg5i88,qrg5i88,True,0,1.0000,0.999926,car
img_014547.jpg,lcs6f35,lcs6f35,True,0,1.0000,0.999898,car
img_014548.jpg,eto5b55,eto5b55,True,0,1.0000,0.999564,car
img_014573.jpg,olf2g88,olf2g88,True,0,1.0000,0.999879,car
img_014577.jpg,ovi8g89,ovi8g89,True,0,1.0000,0.997524,car
img_014585.jpg,qrb2c68,qrb2c68,True,0,1.0000,0.999845,car
img_014594.jpg,qrl6i99,qrl6i99,True,0,1.0000,0.999923,car
img_014597.jpg,ovl9b72,ovl9b72,True,0,1.0000,0.999926,car
img_014603.jpg,ppr6f73,ppr6f73,True,0,1.0000,0.999933,car
img_014606.jpg,odc8h88,odc8h88,True,0,1.0000,0.999878,car
img_014607.jpg,qns4h47,qns4h47,True,0,1.0000,0.999832,car
img_014608.jpg,opt4d26,opt4d26,True,0,1.0000,0.999910,car
img_014611.jpg,ppj6c44,ppj6c44,True,0,1.0000,0.999938,car
img_014614.jpg,qri2a85,qri2a85,True,0,1.0000,0.999915,car
img_014619.jpg,ppo4b00,ppo4b00,True,0,1.0000,0.999183,car
img_014621.jpg,qrg9d56,qrg9d56,True,0,1.0000,0.999982,car
img_014623.jpg,qrf4h05,qrf4h05,True,0,1.0000,0.999837,car
img_014624.jpg,gks7d42,gks7d42,True,0,1.0000,0.999470,car
img_014628.jpg,msy7c03,msy7c03,True,0,1.0000,0.998549,car
img_014631.jpg,qrk7b48,qrk7b48,True,0,1.0000,0.999962,car
img_014634.jpg,qrf5d92,qrf5d92,True,0,1.0000,0.999946,car
img_014636.jpg,ocy4g48,ocy4g48,True,0,1.0000,0.999966,car
img_014638.jpg,lmr0d66,lmr0d66,True,0,1.0000,0.983734,car
img_014654.jpg,lls8a92,lls8a92,True,0,1.0000,0.999868,car
img_014656.jpg,mqg7i26,mqg7i26,True,0,1.0000,0.999855,car
img_014668.jpg,mtd4j94,mtd4j94,True,0,1.0000,0.999778,car
img_014670.jpg,mtx9c25,mtx9c25,True,0,1.0000,0.999948,car
img_014671.jpg,mrr5d60,mrr5d60,True,0,1.0000,0.999922,car
img_014674.jpg,mtt3g89,mtt3g89,True,0,1.0000,0.999713,car
img_014684.jpg,qrl4i57,qrl4i57,True,0,1.0000,0.999952,car
img_014687.jpg,odp6j15,odp6j15,True,0,1.0000,0.999893,car
img_014697.jpg,odj0h28,odj0h28,True,0,1.0000,0.999930,car
img_014703.jpg,ppp4c93,ppp4c93,True,0,1.0000,0.995070,car
img_014717.jpg,pph2a51,pph2a51,True,0,1.0000,0.999933,car
img_014721.jpg,mss0a46,mss0a46,True,0,1.0000,0.999824,car
img_014723.jpg,pps8g99,pps8g99,True,0,1.0000,0.997706,car
img_014724.jpg,qrk1i61,qrk1i61,True,0,1.0000,0.999928,car
img_014738.jpg,aoh6i15,aoh6i15,True,0,1.0000,0.999775,car
img_014748.jpg,mrs1a15,mrs1a15,True,0,1.0000,0.998832,car
img_014751.jpg,msd7g13,msd7g13,True,0,1.0000,0.999098,car
img_014754.jpg,ppq8i78,ppq8i78,True,0,1.0000,0.999755,car
img_014757.jpg,oyg5f74,oyg5f74,True,0,1.0000,0.999923,car
img_014760.jpg,ppq1h11,ppq1h11,True,0,1.0000,0.999331,car
img_014761.jpg,qns7e99,qns7e99,True,0,1.0000,0.999823,car
img_014763.jpg,eet3e28,eet3e28,True,0,1.0000,0.999678,car
img_014770.jpg,oyi3d08,oyi3d08,True,0,1.0000,0.999274,car
img_014776.jpg,odk3c29,odk3c29,True,0,1.0000,0.999735,car
img_014779.jpg,ppv3i96,ppv3i96,True,0,1.0000,0.999885,car
img_014781.jpg,epn6e03,epn6e03,True,0,1.0000,0.999872,car
img_014785.jpg,qnh6j59,qnh6j59,True,0,1.0000,0.999839,car
img_014786.jpg,ppi7a68,ppi7a68,True,0,1.0000,0.999873,car
img_014787.jpg,mqv6b38,mqv6b38,True,0,1.0000,0.999645,car
img_014790.jpg,mtc8c45,mtc8c45,True,0,1.0000,0.999959,car
img_014794.jpg,kxt8h52,kxt8h52,True,0,1.0000,0.999779,car
img_014796.jpg,mlf1h71,mlf1h71,True,0,1.0000,0.999833,car
img_014797.jpg,ppt6d95,ppt6d95,True,0,1.0000,0.999942,car
img_014832.jpg,kzt5d91,kzt5d91,True,0,1.0000,0.999799,car
img_014833.jpg,mrk7a18,mrk7a18,True,0,1.0000,0.999786,car
img_014840.jpg,mpt3e27,mpt3e27,True,0,1.0000,0.999922,car
img_014845.jpg,qrf7f78,qrf7f78,True,0,1.0000,0.999883,car
img_014847.jpg,qdm1a62,qdm1a62,True,0,1.0000,0.999604,car
img_014850.jpg,kyi8i45,kyi8i45,True,0,1.0000,0.999932,car
img_014855.jpg,ppc2h15,ppc2h15,True,0,1.0000,0.999889,car
img_014856.jpg,ppf9b73,ppf9b73,True,0,1.0000,0.999838,car
img_014861.jpg,ppo3h68,ppo3h68,True,0,1.0000,0.999698,car
img_014865.jpg,oye1c51,oye1c51,True,0,1.0000,0.999813,car
img_014873.jpg,ppl1j32,ppl1j32,True,0,1.0000,0.999938,car
img_014874.jpg,qrf7b72,qrf7b72,True,0,1.0000,0.999910,car
img_014889.jpg,odh3f45,odh3f45,True,0,1.0000,0.999853,car
img_014895.jpg,qre7i24,qre7i24,True,0,1.0000,0.999897,car
img_014896.jpg,ppi4i74,ppi4i74,True,0,1.0000,0.999954,car
img_014900.jpg,qrj4b19,qrj4b19,True,0,1.0000,0.999957,car
img_014905.jpg,ppg4c22,ppg4c22,True,0,1.0000,0.999811,car
img_014908.jpg,mtd9d50,mtd9d50,True,0,1.0000,0.999983,car
img_014910.jpg,qri8f81,qri8f81,True,0,1.0000,0.999878,car
img_014913.jpg,odt7c71,odt7c71,True,0,1.0000,0.999432,car
img_014915.jpg,ppo1i14,ppo1i14,True,0,1.0000,0.999243,car
img_014916.jpg,oyi4a06,oyi4a06,True,0,1.0000,0.999955,car
img_014918.jpg,oyj3f00,oyj3f00,True,0,1.0000,0.999901,car
img_014926.jpg,lmu4b44,lmu4b44,True,0,1.0000,0.999849,car
img_014935.jpg,qrg1f29,qrg1f29,True,0,1.0000,0.999947,car
img_014944.jpg,msl6i37,msl6i37,True,0,1.0000,0.999866,car
img_014959.jpg,qri1a08,qri1a08,True,0,1.0000,0.999393,car
img_014965.jpg,gjw5a90,gjw5a90,True,0,1.0000,0.999929,car
img_014972.jpg,qri0e55,qri0e55,True,0,1.0000,0.997189,car
img_014973.jpg,qok1c00,qok1c00,True,0,1.0000,0.999058,car
img_014985.jpg,qrf2a03,qrf2a03,True,0,1.0000,0.999938,car
img_014993.jpg,lml5e98,lml5e98,True,0,1.0000,0.999396,car
img_014999.jpg,odp3d20,odp3d20,True,0,1.0000,0.999942,car
img_017501.jpg,mrh7545,mrh7545,True,0,1.0000,0.999677,motorcycle
img_017504.jpg,msa2398,msa2398,True,0,1.0000,0.954250,motorcycle
img_017508.jpg,mtu3834,mtu3834,True,0,1.0000,0.999222,motorcycle
img_017509.jpg,gzz8751,gzz8251,False,1,0.8571,0.925635,motorcycle
img_017519.jpg,hnf9415,hnf9415,True,0,1.0000,0.995373,motorcycle
img_017520.jpg,qrd7252,qrd7252,True,0,1.0000,0.999907,motorcycle
img_017524.jpg,ppy0590,ppy0590,True,0,1.0000,0.999104,motorcycle
img_017525.jpg,ppq1985,ppq1985,True,0,1.0000,0.891283,motorcycle
img_017529.jpg,pps7339,pps7339,True,0,1.0000,0.993927,motorcycle
img_017530.jpg,msg7336,msq3336,False,2,0.7143,0.548271,motorcycle
img_017531.jpg,mtx3656,mtx3656,True,0,1.0000,0.935309,motorcycle
img_017535.jpg,mtt3957,mtt3957,True,0,1.0000,0.999595,motorcycle
img_017537.jpg,ppz2842,ppz2842,True,0,1.0000,0.987139,motorcycle
img_017541.jpg,msb1362,msb1363,False,1,0.8571,0.991924,motorcycle
img_017544.jpg,ocy3804,ocy3804,True,0,1.0000,0.796852,motorcycle
img_017547.jpg,mtt3985,mtt3985,True,0,1.0000,0.992423,motorcycle
img_017549.jpg,odp0225,odp0225,True,0,1.0000,0.999833,motorcycle
img_017550.jpg,odp0125,odp0125,True,0,1.0000,0.908836,motorcycle
img_017552.jpg,mry4953,mry4955,False,1,0.8571,0.998376,motorcycle
img_017553.jpg,mtx7170,mtx7170,True,0,1.0000,0.995936,motorcycle
img_017554.jpg,mrk8390,mrk8390,True,0,1.0000,0.999145,motorcycle
img_017556.jpg,oyg8958,oyg8958,True,0,1.0000,0.999795,motorcycle
img_017558.jpg,msb9683,msb9683,True,0,1.0000,0.999240,motorcycle
img_017565.jpg,mrz3515,mrz3515,True,0,1.0000,0.999532,motorcycle
img_017566.jpg,oye7983,oye7983,True,0,1.0000,0.999832,motorcycle
img_017567.jpg,mtx3303,mtx3303,True,0,1.0000,0.403766,motorcycle
img_017568.jpg,msb1362,msb1363,False,1,0.8571,0.988183,motorcycle
img_017569.jpg,ppn3443,ppn3443,True,0,1.0000,0.997594,motorcycle
img_017571.jpg,msb9683,msb9683,True,0,1.0000,0.999065,motorcycle
img_017577.jpg,msz1632,msz1633,False,1,0.8571,0.667309,motorcycle
img_017578.jpg,odr5971,odr9971,False,1,0.8571,0.866960,motorcycle
img_017585.jpg,odc1091,odc1091,True,0,1.0000,0.999866,motorcycle
img_017586.jpg,hnf9415,hnf9415,True,0,1.0000,0.998629,motorcycle
img_017587.jpg,mqx7889,mqx7889,True,0,1.0000,0.999046,motorcycle
img_017593.jpg,mty6860,mty6860,True,0,1.0000,0.940334,motorcycle
img_017594.jpg,odq4607,odq4607,True,0,1.0000,0.996182,motorcycle
img_017595.jpg,ppk8709,ppk8709,True,0,1.0000,0.999171,motorcycle
img_017602.jpg,ppl9553,ppl9553,True,0,1.0000,0.999695,motorcycle
img_017610.jpg,mtz5078,mtz5078,True,0,1.0000,0.999173,motorcycle
img_017614.jpg,odt6046,odt6046,True,0,1.0000,0.995116,motorcycle
img_017615.jpg,qrb1638,qrb1638,True,0,1.0000,0.997403,motorcycle
img_017616.jpg,ppn9404,ppn9404,True,0,1.0000,0.649801,motorcycle
img_017620.jpg,ppo2171,ppo2171,True,0,1.0000,0.999779,motorcycle
img_017621.jpg,oye6829,oye6829,True,0,1.0000,0.999409,motorcycle
img_017622.jpg,mrf8508,mrf8508,True,0,1.0000,0.999888,motorcycle
img_017625.jpg,msa2398,msa2398,True,0,1.0000,0.998726,motorcycle
img_017629.jpg,ppy0590,ppy0590,True,0,1.0000,0.999105,motorcycle
img_017630.jpg,mtx7170,mtx7170,True,0,1.0000,0.992982,motorcycle
img_017637.jpg,odr2292,odr2292,True,0,1.0000,0.999629,motorcycle
img_017640.jpg,msa4370,msa4370,True,0,1.0000,0.753390,motorcycle
img_017642.jpg,odq4607,odq4607,True,0,1.0000,0.995550,motorcycle
img_017643.jpg,ocx6648,ucx8648,False,2,0.7143,0.793661,motorcycle
img_017646.jpg,pym6235,pym6235,True,0,1.0000,0.999506,motorcycle
img_017656.jpg,mtn5516,mtn5516,True,0,1.0000,0.973506,motorcycle
img_017658.jpg,odc7498,odc7498,True,0,1.0000,0.981881,motorcycle
img_017663.jpg,mst8716,mst8716,True,0,1.0000,0.999555,motorcycle
img_017664.jpg,mqy9394,mqy9394,True,0,1.0000,0.991084,motorcycle
img_017666.jpg,oye3717,oye3717,True,0,1.0000,0.869066,motorcycle
img_017668.jpg,mtx7170,mtx7170,True,0,1.0000,0.966228,motorcycle
img_017669.jpg,opz6615,opz6615,True,0,1.0000,0.993134,motorcycle
img_017672.jpg,mtz2306,mtz2306,True,0,1.0000,0.992872,motorcycle
img_017674.jpg,msz1632,msz1632,True,0,1.0000,0.501307,motorcycle
img_017676.jpg,mru5943,mru5943,True,0,1.0000,0.999613,motorcycle
img_017678.jpg,odr2292,odr2292,True,0,1.0000,0.997793,motorcycle
img_017679.jpg,mtx3303,mtx3303,True,0,1.0000,0.699738,motorcycle
img_017682.jpg,ovh6100,ovh6100,True,0,1.0000,0.995349,motorcycle
img_017685.jpg,odl8131,odl8131,True,0,1.0000,0.938074,motorcycle
img_017686.jpg,oyk5858,oyk5858,True,0,1.0000,0.999807,motorcycle
img_017688.jpg,ovk7691,ovk7691,True,0,1.0000,0.999856,motorcycle
img_017690.jpg,mtx7170,mtx7170,True,0,1.0000,0.595572,motorcycle
img_017693.jpg,qrb1638,qrb1638,True,0,1.0000,0.978773,motorcycle
img_017695.jpg,odr4281,odr4280,False,1,0.8571,0.622969,motorcycle
img_017697.jpg,msz1632,msz7632,False,1,0.8571,0.484238,motorcycle
img_017699.jpg,oyh0980,oyh0988,False,1,0.8571,0.969823,motorcycle
img_017701.jpg,ppm4442,ppm4442,True,0,1.0000,0.999758,motorcycle
img_017702.jpg,mtt3957,mtt3957,True,0,1.0000,0.999410,motorcycle
img_017703.jpg,ppj1736,ppj1736,True,0,1.0000,0.999062,motorcycle
img_017704.jpg,pps1116,pps1116,True,0,1.0000,0.998420,motorcycle
img_017706.jpg,qrd7892,qrd7892,True,0,1.0000,0.999709,motorcycle
img_017707.jpg,ppm2910,ppm2910,True,0,1.0000,0.999755,motorcycle
img_017708.jpg,ppg9448,ppg9448,True,0,1.0000,0.999819,motorcycle
img_017711.jpg,odr4648,odr4648,True,0,1.0000,0.996033,motorcycle
img_017716.jpg,mtx3303,mtx3303,True,0,1.0000,0.508551,motorcycle
img_017718.jpg,mtx7170,mtx7170,True,0,1.0000,0.970208,motorcycle
img_017720.jpg,ppx1216,ppx1216,True,0,1.0000,0.998028,motorcycle
img_017722.jpg,ppt6106,ppt6106,True,0,1.0000,0.772445,motorcycle
img_017724.jpg,qrb1638,qrb1638,True,0,1.0000,0.999585,motorcycle
img_017726.jpg,mtn5516,mtn5516,True,0,1.0000,0.785466,motorcycle
img_017728.jpg,ocy2738,ocy2738,True,0,1.0000,0.989181,motorcycle
img_017732.jpg,ppq1376,ppo1376,False,1,0.8571,0.412002,motorcycle
img_017735.jpg,odc7498,odc7498,True,0,1.0000,0.999655,motorcycle
img_017738.jpg,odg5912,odg5912,True,0,1.0000,0.996925,motorcycle
img_017739.jpg,ppg9448,ppg9448,True,0,1.0000,0.963787,motorcycle
img_017740.jpg,ppy0590,ppy0590,True,0,1.0000,0.999647,motorcycle
img_017742.jpg,msb1362,msb1363,False,1,0.8571,0.967719,motorcycle
img_017743.jpg,mtx7170,mtx7170,True,0,1.0000,0.812093,motorcycle
img_017745.jpg,ocz6425,ocz8423,False,2,0.7143,0.670092,motorcycle
img_017747.jpg,mtx3656,mtx3656,True,0,1.0000,0.999709,motorcycle
img_017755.jpg,ppf9618,ppf9618,True,0,1.0000,0.999643,motorcycle
img_017756.jpg,oye7983,oye7983,True,0,1.0000,0.999875,motorcycle
img_017758.jpg,odt7616,odt7616,True,0,1.0000,0.731293,motorcycle
img_017759.jpg,odg5912,odg5912,True,0,1.0000,0.999840,motorcycle
img_017760.jpg,ppb4183,ppb4183,True,0,1.0000,0.999280,motorcycle
img_017763.jpg,ppn9404,ppn9404,True,0,1.0000,0.998802,motorcycle
img_017764.jpg,odl8131,odl8131,True,0,1.0000,0.953563,motorcycle
img_017765.jpg,odg5912,odg5912,True,0,1.0000,0.999480,motorcycle
img_017768.jpg,odr3327,odr3327,True,0,1.0000,0.992761,motorcycle
img_017769.jpg,mtx7170,mtx7170,True,0,1.0000,0.972544,motorcycle
img_017771.jpg,mtj5196,mtj5196,True,0,1.0000,0.998765,motorcycle
img_017773.jpg,oyi7673,oyi7673,True,0,1.0000,0.999576,motorcycle
img_017775.jpg,odg5912,odg5912,True,0,1.0000,0.999856,motorcycle
img_017777.jpg,mrh6221,mrh6221,True,0,1.0000,0.995868,motorcycle
img_017778.jpg,mtx7170,mtx7170,True,0,1.0000,0.937378,motorcycle
img_017780.jpg,ppv2708,ppv2708,True,0,1.0000,0.999836,motorcycle
img_017781.jpg,ppv2570,ppv2570,True,0,1.0000,0.999258,motorcycle
img_017783.jpg,odj5604,odj5604,True,0,1.0000,0.995648,motorcycle
img_017787.jpg,odr2292,odr2292,True,0,1.0000,0.999838,motorcycle
img_017791.jpg,mry4953,mry4955,False,1,0.8571,0.926895,motorcycle
img_017792.jpg,ovi2792,ovi2792,True,0,1.0000,0.997994,motorcycle
img_017793.jpg,mtz5078,mtz5078,True,0,1.0000,0.980150,motorcycle
img_017796.jpg,oye8534,oye8534,True,0,1.0000,0.999707,motorcycle
img_017799.jpg,qrd0208,qrd0208,True,0,1.0000,0.999352,motorcycle
img_017802.jpg,mtx3303,mtx3303,True,0,1.0000,0.899109,motorcycle
img_017803.jpg,mtz5078,mtz5078,True,0,1.0000,0.997293,motorcycle
img_017804.jpg,qrc1114,qrc1114,True,0,1.0000,0.999720,motorcycle
img_017805.jpg,mqy9394,mqy9394,True,0,1.0000,0.982598,motorcycle
img_017806.jpg,dth7551,dth7351,False,1,0.8571,0.990514,motorcycle
img_017809.jpg,mtx7170,mtx7170,True,0,1.0000,0.920318,motorcycle
img_017810.jpg,odj9689,odj9663,False,2,0.7143,0.239243,motorcycle
img_017814.jpg,odl8131,odl8131,True,0,1.0000,0.999891,motorcycle
img_017818.jpg,mtx7170,mtx7170,True,0,1.0000,0.908393,motorcycle
img_017821.jpg,oyd2830,oyd2630,False,1,0.8571,0.665410,motorcycle
img_017822.jpg,oyk5157,oyk5157,True,0,1.0000,0.999480,motorcycle
img_017823.jpg,mtx3303,mtx3308,False,1,0.8571,0.556816,motorcycle
img_017824.jpg,oye8534,oye8534,True,0,1.0000,0.999383,motorcycle
img_017827.jpg,oyk5157,oyk5157,True,0,1.0000,0.999534,motorcycle
img_017828.jpg,msb1362,msb0363,False,2,0.7143,0.734154,motorcycle
img_017829.jpg,oyk5858,oyk5858,True,0,1.0000,0.995530,motorcycle
img_017830.jpg,mtx7170,mtx7170,True,0,1.0000,0.939481,motorcycle
img_017832.jpg,ppe0196,ppe0196,True,0,1.0000,0.984409,motorcycle
img_017833.jpg,mtz0696,mtz0696,True,0,1.0000,0.999607,motorcycle
img_017834.jpg,msz1632,msz1632,True,0,1.0000,0.695098,motorcycle
img_017835.jpg,mte0974,mte0974,True,0,1.0000,0.423625,motorcycle
img_017839.jpg,mtx3656,mtx3656,True,0,1.0000,0.999870,motorcycle
img_017843.jpg,mtx7170,mtx7170,True,0,1.0000,0.518579,motorcycle
img_017845.jpg,odj9689,odj9689,True,0,1.0000,0.985973,motorcycle
img_017848.jpg,mtt3957,mtt3957,True,0,1.0000,0.999753,motorcycle
img_017850.jpg,pps1116,pps1116,True,0,1.0000,0.999190,motorcycle
img_017851.jpg,ppc6761,ppc6761,True,0,1.0000,0.995236,motorcycle
img_017852.jpg,oye7983,oye7983,True,0,1.0000,0.992890,motorcycle
img_017857.jpg,ppq1985,ppq1985,True,0,1.0000,0.980347,motorcycle
img_017858.jpg,odg5912,odg5912,True,0,1.0000,0.999510,motorcycle
img_017859.jpg,oyk5157,oyk5157,True,0,1.0000,0.999419,motorcycle
img_017863.jpg,qrd7252,qrd7252,True,0,1.0000,0.999791,motorcycle
img_017864.jpg,msz1632,msz1632,True,0,1.0000,0.785920,motorcycle
img_017866.jpg,odr2292,odr2292,True,0,1.0000,0.994952,motorcycle
img_017868.jpg,odl8131,odl8131,True,0,1.0000,0.999596,motorcycle
img_017869.jpg,mtz0696,mtz0696,True,0,1.0000,0.999673,motorcycle
img_017870.jpg,mtx3303,mtx3303,True,0,1.0000,0.980308,motorcycle
img_017871.jpg,oyg8958,oyg8958,True,0,1.0000,0.999215,motorcycle
img_017878.jpg,odr2292,odr2292,True,0,1.0000,0.998030,motorcycle
img_017879.jpg,ppp6812,ppp6812,True,0,1.0000,0.999397,motorcycle
img_017880.jpg,ppj7558,ppj7558,True,0,1.0000,0.999514,motorcycle
img_017881.jpg,odq4607,odq4607,True,0,1.0000,0.653789,motorcycle
img_017883.jpg,mtx7170,mtx7170,True,0,1.0000,0.970189,motorcycle
img_017885.jpg,mti0948,mti0948,True,0,1.0000,0.995850,motorcycle
img_017886.jpg,mti0948,mti0948,True,0,1.0000,0.890606,motorcycle
img_017887.jpg,mtn5516,mtn5506,False,1,0.8571,0.587527,motorcycle
img_017888.jpg,odg5912,odg5912,True,0,1.0000,0.998354,motorcycle
img_017889.jpg,odt7616,odt761,False,1,0.8571,0.350846,motorcycle
img_017890.jpg,mtx7170,mtx7170,True,0,1.0000,0.967370,motorcycle
img_017891.jpg,odg5912,odg5912,True,0,1.0000,0.999052,motorcycle
img_017892.jpg,ppo2191,ppq2191,False,1,0.8571,0.977623,motorcycle
img_017893.jpg,odr2292,odr2292,True,0,1.0000,0.999553,motorcycle
img_017896.jpg,ppq1973,ppo1973,False,1,0.8571,0.860955,motorcycle
img_017898.jpg,msa2099,msa01,False,3,0.5714,0.291209,motorcycle
img_017899.jpg,ods0897,ods0897,True,0,1.0000,0.984139,motorcycle
img_017900.jpg,odg5912,odg5912,True,0,1.0000,0.999854,motorcycle
img_017901.jpg,mty6860,mty6860,True,0,1.0000,0.997656,motorcycle
img_017902.jpg,msb1362,msb1363,False,1,0.8571,0.983118,motorcycle
img_017904.jpg,mtx7170,mtx7170,True,0,1.0000,0.982894,motorcycle
img_017905.jpg,oye8534,oye8534,True,0,1.0000,0.999305,motorcycle
img_017906.jpg,mtz5078,mtz5078,True,0,1.0000,0.998307,motorcycle
img_017907.jpg,oyf5493,oyf5493,True,0,1.0000,0.839287,motorcycle
img_017908.jpg,oyh0980,oyh0980,True,0,1.0000,0.996918,motorcycle
img_017912.jpg,mqs6436,mqs6436,True,0,1.0000,0.994658,motorcycle
img_017916.jpg,mtz5078,mtz5078,True,0,1.0000,0.993775,motorcycle
img_017922.jpg,ppe5980,ppe5980,True,0,1.0000,0.759244,motorcycle
img_017924.jpg,odn9541,odn9541,True,0,1.0000,0.931990,motorcycle
img_017927.jpg,mrz3515,mrz3515,True,0,1.0000,0.999205,motorcycle
img_017928.jpg,odr5971,odr5971,True,0,1.0000,0.996192,motorcycle
img_017931.jpg,odt7616,odt7610,False,1,0.8571,0.805569,motorcycle
img_017932.jpg,mtz5078,mtz5078,True,0,1.0000,0.970551,motorcycle
img_017933.jpg,mtx7170,mtx7170,True,0,1.0000,0.914903,motorcycle
img_017937.jpg,pps1706,pps1706,True,0,1.0000,0.986944,motorcycle
img_017941.jpg,ppj2374,ppj2374,True,0,1.0000,0.966644,motorcycle
img_017943.jpg,mtx4192,mtx4192,True,0,1.0000,0.993033,motorcycle
img_017944.jpg,msb1362,msb1363,False,1,0.8571,0.992982,motorcycle
img_017945.jpg,odp0125,odp0125,True,0,1.0000,0.996071,motorcycle
img_017946.jpg,odr3327,odr3327,True,0,1.0000,0.999866,motorcycle
img_017950.jpg,odl8131,odl8131,True,0,1.0000,0.975169,motorcycle
img_017952.jpg,odr5971,odr5971,True,0,1.0000,0.998579,motorcycle
img_017955.jpg,mtz5078,mtz5078,True,0,1.0000,0.986162,motorcycle
img_017957.jpg,mtx4192,mtx4192,True,0,1.0000,0.999603,motorcycle
img_017960.jpg,mtx7170,mtx7170,True,0,1.0000,0.991900,motorcycle
img_017961.jpg,oyk6072,oyk6072,True,0,1.0000,0.999421,motorcycle
img_017963.jpg,mtn5516,mtn5516,True,0,1.0000,0.993958,motorcycle
img_017965.jpg,ppo2334,ppo2334,True,0,1.0000,0.999534,motorcycle
img_017966.jpg,mtx4192,mtx4192,True,0,1.0000,0.999309,motorcycle
img_017967.jpg,mti0948,mti0948,True,0,1.0000,0.996546,motorcycle
img_017969.jpg,mtx7170,mtx7170,True,0,1.0000,0.951379,motorcycle
img_017970.jpg,msb9683,msb9683,True,0,1.0000,0.645982,motorcycle
img_017971.jpg,msz1632,msz4633,False,2,0.7143,0.548867,motorcycle
img_017972.jpg,ovi2792,ovi2792,True,0,1.0000,0.999107,motorcycle
img_017974.jpg,mrf8508,mrf8508,True,0,1.0000,0.999810,motorcycle
img_017975.jpg,msb9683,msb0683,False,1,0.8571,0.757881,motorcycle
img_017976.jpg,odp0225,odp0225,True,0,1.0000,0.999547,motorcycle
img_017977.jpg,odp0125,odp0125,True,0,1.0000,0.998745,motorcycle
img_017982.jpg,odt6046,odt6046,True,0,1.0000,0.998478,motorcycle
img_017986.jpg,mtz5078,mtz5078,True,0,1.0000,0.862235,motorcycle
img_017987.jpg,ppj7558,ppj7558,True,0,1.0000,0.925958,motorcycle
img_017988.jpg,oye8534,oye8534,True,0,1.0000,0.999460,motorcycle
img_017990.jpg,mtx7170,mtx7170,True,0,1.0000,0.970813,motorcycle
img_017991.jpg,mry4953,mry4955,False,1,0.8571,0.923026,motorcycle
img_017994.jpg,ppe6007,ppe6007,True,0,1.0000,0.999507,motorcycle
img_018000.jpg,odr5971,odr5971,True,0,1.0000,0.999727,motorcycle
img_018002.jpg,odt7618,odt7618,True,0,1.0000,0.999870,motorcycle
img_018004.jpg,mtx7170,mtx7170,True,0,1.0000,0.972494,motorcycle
img_018005.jpg,mrh6221,mrh6221,True,0,1.0000,0.999364,motorcycle
img_018007.jpg,mti0948,mti0948,True,0,1.0000,0.995705,motorcycle
img_018009.jpg,oyh0980,oyh0980,True,0,1.0000,0.999154,motorcycle
img_018010.jpg,odt6686,odt6686,True,0,1.0000,0.999163,motorcycle
img_018014.jpg,ppx9459,ppx9459,True,0,1.0000,0.999690,motorcycle
img_018015.jpg,mty1911,mty1991,False,1,0.8571,0.779712,motorcycle
img_018017.jpg,mtx7170,mtx7170,True,0,1.0000,0.988128,motorcycle
img_018018.jpg,ppc9946,ppc9946,True,0,1.0000,0.999867,motorcycle
img_018020.jpg,mtz5078,mtz5078,True,0,1.0000,0.996275,motorcycle
img_018021.jpg,mtx4192,mtx4192,True,0,1.0000,0.999684,motorcycle
img_018022.jpg,msb1362,msb1363,False,1,0.8571,0.933245,motorcycle
img_018023.jpg,mtx7170,mtx7170,True,0,1.0000,0.728568,motorcycle
img_018026.jpg,pps1706,pps1706,True,0,1.0000,0.949484,motorcycle
img_018030.jpg,ovk7691,ovk7691,True,0,1.0000,0.993540,motorcycle
img_018031.jpg,oyk5157,oyk5157,True,0,1.0000,0.990390,motorcycle
img_018037.jpg,pps1116,pps1116,True,0,1.0000,0.999552,motorcycle
img_018040.jpg,qrb7981,qrb7981,True,0,1.0000,0.820976,motorcycle
img_018041.jpg,mtx7170,mtx7170,True,0,1.0000,0.780170,motorcycle
img_018042.jpg,ppb0543,ppb0543,True,0,1.0000,0.999158,motorcycle
img_018044.jpg,mrf8508,mrf8508,True,0,1.0000,0.999750,motorcycle
img_018048.jpg,mts5164,mts5164,True,0,1.0000,0.988524,motorcycle
img_018050.jpg,odc7498,odc4499,False,2,0.7143,0.936784,motorcycle
img_018052.jpg,ppm1734,ppm1734,True,0,1.0000,0.995600,motorcycle
img_018053.jpg,mtx7170,mtx7170,True,0,1.0000,0.990353,motorcycle
img_018054.jpg,mqk5693,mqk5693,True,0,1.0000,0.998887,motorcycle
img_018055.jpg,ppn7788,ppn7788,True,0,1.0000,0.999258,motorcycle
img_018056.jpg,mso0446,mso0446,True,0,1.0000,0.984041,motorcycle
img_018057.jpg,ovi1549,oyi1549,False,1,0.8571,0.991814,motorcycle
img_018059.jpg,mth2690,mth2690,True,0,1.0000,0.985618,motorcycle
img_018060.jpg,msb1362,msb1363,False,1,0.8571,0.968009,motorcycle
img_018061.jpg,oyf5493,oyf5493,True,0,1.0000,0.994830,motorcycle
img_018064.jpg,msz1632,msz7633,False,2,0.7143,0.316856,motorcycle
img_018067.jpg,ppm2930,ppm2930,True,0,1.0000,0.875450,motorcycle
img_018074.jpg,mtx7170,mtx7170,True,0,1.0000,0.988854,motorcycle
img_018075.jpg,odn9515,odn9515,True,0,1.0000,0.993480,motorcycle
img_018076.jpg,ppr1686,ppr1686,True,0,1.0000,0.724553,motorcycle
img_018078.jpg,qrd7252,qrd7252,True,0,1.0000,0.999828,motorcycle
img_018080.jpg,odl8131,odl8131,True,0,1.0000,0.998003,motorcycle
img_018082.jpg,mtc2212,mtc2212,True,0,1.0000,0.999403,motorcycle
img_018083.jpg,ppv4189,ppv4189,True,0,1.0000,0.634140,motorcycle
img_018086.jpg,mty1911,mty1811,False,1,0.8571,0.492771,motorcycle
img_018089.jpg,odj5604,odj5604,True,0,1.0000,0.995576,motorcycle
img_018090.jpg,odr3327,odr3327,True,0,1.0000,0.999648,motorcycle
img_018091.jpg,qrd7251,qrd7251,True,0,1.0000,0.999892,motorcycle
img_018092.jpg,oyk5157,oyk5157,True,0,1.0000,0.267385,motorcycle
img_018097.jpg,mtz5078,mtz5078,True,0,1.0000,0.929307,motorcycle
img_018098.jpg,odr4648,odr4648,True,0,1.0000,0.965125,motorcycle
img_018102.jpg,mtx7170,mtx7170,True,0,1.0000,0.958791,motorcycle
img_018104.jpg,ocy0644,ocy0644,True,0,1.0000,0.999661,motorcycle
img_018112.jpg,mtx4192,mtx4192,True,0,1.0000,0.999552,motorcycle
img_018114.jpg,ppk8700,ppk8700,True,0,1.0000,0.606739,motorcycle
img_018118.jpg,msz1632,msz4633,False,2,0.7143,0.552778,motorcycle
img_018120.jpg,oyd2826,oyd2826,True,0,1.0000,0.998797,motorcycle
img_018121.jpg,odr2292,odr2292,True,0,1.0000,0.999294,motorcycle
img_018122.jpg,msk5076,msk5076,True,0,1.0000,0.988803,motorcycle
img_018123.jpg,mtx7170,mtz7170,False,1,0.8571,0.612378,motorcycle
img_018125.jpg,mtx7170,mtx7170,True,0,1.0000,0.960385,motorcycle
img_018127.jpg,msz1632,msz1632,True,0,1.0000,0.859991,motorcycle
img_018128.jpg,odj5604,odj5604,True,0,1.0000,0.992377,motorcycle
img_018129.jpg,mru5943,mru5943,True,0,1.0000,0.999834,motorcycle
img_018132.jpg,ppm5173,ppm5173,True,0,1.0000,0.998846,motorcycle
img_018134.jpg,ppp3359,ppp3359,True,0,1.0000,0.975405,motorcycle
img_018136.jpg,mqh2561,mqh2561,True,0,1.0000,0.996016,motorcycle
img_018137.jpg,odt3835,odt3835,True,0,1.0000,0.983252,motorcycle
img_018139.jpg,ppq1985,ppq1985,True,0,1.0000,0.997865,motorcycle
img_018140.jpg,pps9620,pps9620,True,0,1.0000,0.998238,motorcycle
img_018141.jpg,mtx7170,mtx7170,True,0,1.0000,0.988841,motorcycle
img_018143.jpg,odl8131,odl8131,True,0,1.0000,0.553337,motorcycle
img_018144.jpg,ppm5173,ppm5173,True,0,1.0000,0.999206,motorcycle
img_018147.jpg,mrh6221,mrh6221,True,0,1.0000,0.973438,motorcycle
img_018148.jpg,ppi2609,ppi2609,True,0,1.0000,0.991796,motorcycle
img_018151.jpg,msb9683,msb9683,True,0,1.0000,0.945971,motorcycle
img_018152.jpg,mpv8198,mpv8798,False,1,0.8571,0.571366,motorcycle
img_018158.jpg,mtx7170,mtx7170,True,0,1.0000,0.992989,motorcycle
img_018159.jpg,ppn7788,ppn7788,True,0,1.0000,0.841713,motorcycle
img_018161.jpg,odt6046,odt6046,True,0,1.0000,0.998955,motorcycle
img_018163.jpg,mtx3303,mtx3303,True,0,1.0000,0.631102,motorcycle
img_018164.jpg,odr4648,odr4648,True,0,1.0000,0.975753,motorcycle
img_018166.jpg,msb9683,msb9683,True,0,1.0000,0.992781,motorcycle
img_018168.jpg,pwy5444,pwy5444,True,0,1.0000,0.994322,motorcycle
img_018169.jpg,ppy6301,ppy3901,False,2,0.7143,0.779410,motorcycle
img_018170.jpg,msk5541,msk5541,True,0,1.0000,0.998342,motorcycle
img_018171.jpg,oyh6993,oyh6993,True,0,1.0000,0.999938,motorcycle
img_018172.jpg,ode2129,ode2129,True,0,1.0000,0.999795,motorcycle
img_018173.jpg,mtx3303,mtx330,False,1,0.8571,0.999227,motorcycle
img_018174.jpg,ppi2601,ppi2601,True,0,1.0000,0.992968,motorcycle
img_018178.jpg,oyj2555,oyj2555,True,0,1.0000,0.999249,motorcycle
img_018179.jpg,msb9683,msb9683,True,0,1.0000,0.999527,motorcycle
img_018181.jpg,ppx1197,ppx1197,True,0,1.0000,0.993705,motorcycle
img_018182.jpg,msb1362,msb1363,False,1,0.8571,0.964105,motorcycle
img_018183.jpg,pps9620,pps9620,True,0,1.0000,0.996385,motorcycle
img_018185.jpg,mqq4694,mqq4694,True,0,1.0000,0.998747,motorcycle
img_018186.jpg,odr5971,odr5971,True,0,1.0000,0.991625,motorcycle
img_018188.jpg,mtx3303,mtx3308,False,1,0.8571,0.665859,motorcycle
img_018190.jpg,mtx7170,mtx7170,True,0,1.0000,0.991696,motorcycle
img_018192.jpg,ppy6491,ppy6491,True,0,1.0000,0.980277,motorcycle
img_018193.jpg,ovk7691,ovk7691,True,0,1.0000,0.990368,motorcycle
img_018195.jpg,mrd1456,mrd1456,True,0,1.0000,0.998388,motorcycle
img_018196.jpg,odr4648,odr5648,False,1,0.8571,0.570804,motorcycle
img_018197.jpg,qrd2937,qrd2937,True,0,1.0000,0.999612,motorcycle
img_018198.jpg,mtx4192,mtx4192,True,0,1.0000,0.997566,motorcycle
img_018199.jpg,ppy6861,ppy6861,True,0,1.0000,0.999039,motorcycle
img_018200.jpg,mtx7170,mtx7170,True,0,1.0000,0.997253,motorcycle
img_018202.jpg,mru6781,mru6781,True,0,1.0000,0.987121,motorcycle
img_018203.jpg,odt6046,odt6046,True,0,1.0000,0.999301,motorcycle
img_018206.jpg,odr5971,odr5971,True,0,1.0000,0.999541,motorcycle
img_018207.jpg,odr4648,odr4648,True,0,1.0000,0.977512,motorcycle
img_018209.jpg,mrk8390,mrk5390,False,1,0.8571,0.754312,motorcycle
img_018210.jpg,msb9683,msb9683,True,0,1.0000,0.995571,motorcycle
img_018211.jpg,odt5939,odt5939,True,0,1.0000,0.949415,motorcycle
img_018212.jpg,ppv2708,ppv2708,True,0,1.0000,0.999812,motorcycle
img_018213.jpg,ovi0710,ovi0710,True,0,1.0000,0.981096,motorcycle
img_018214.jpg,ppl9553,ppl9553,True,0,1.0000,0.999837,motorcycle
img_018216.jpg,mte0987,mte0987,True,0,1.0000,0.993753,motorcycle
img_018217.jpg,ppv5188,ppv5188,True,0,1.0000,0.999480,motorcycle
img_018218.jpg,mtx7170,mtx7170,True,0,1.0000,0.991216,motorcycle
img_018221.jpg,mtx4192,mtx4192,True,0,1.0000,0.999275,motorcycle
img_018222.jpg,mtx7170,mtx7170,True,0,1.0000,0.995626,motorcycle
img_018223.jpg,odl0291,odl0291,True,0,1.0000,0.999886,motorcycle
img_018225.jpg,mtx7170,mtx7170,True,0,1.0000,0.937426,motorcycle
img_018228.jpg,mtz5078,mtz5078,True,0,1.0000,0.997900,motorcycle
img_018229.jpg,msb9683,msb9663,False,1,0.8571,0.580654,motorcycle
img_018230.jpg,mtx7170,mtx7170,True,0,1.0000,0.980663,motorcycle
img_018232.jpg,mtx4192,mtx4192,True,0,1.0000,0.998734,motorcycle
img_018234.jpg,ppk8700,ppk6700,False,1,0.8571,0.965757,motorcycle
img_018240.jpg,odt3706,odt3706,True,0,1.0000,0.997371,motorcycle
img_018242.jpg,ppi2609,ppi2609,True,0,1.0000,0.869347,motorcycle
img_018243.jpg,mtx7170,mtx7170,True,0,1.0000,0.997245,motorcycle
img_018244.jpg,ods5968,ods5968,True,0,1.0000,0.999778,motorcycle
img_018245.jpg,ods5406,ods5406,True,0,1.0000,0.999437,motorcycle
img_018247.jpg,mtx3303,mtx3308,False,1,0.8571,0.439093,motorcycle
img_018248.jpg,mrz9228,mrz9288,False,1,0.8571,0.976725,motorcycle
img_018249.jpg,mtx7170,mtx7170,True,0,1.0000,0.994580,motorcycle
img_018250.jpg,odr5971,odr5971,True,0,1.0000,0.999276,motorcycle
img_018253.jpg,mtx3303,mtx330,False,1,0.8571,0.999671,motorcycle
img_018258.jpg,mtw4082,mtw4082,True,0,1.0000,0.988990,motorcycle
img_018260.jpg,ovi2796,ovi2796,True,0,1.0000,0.998572,motorcycle
img_018262.jpg,mtx7170,mtx7170,True,0,1.0000,0.996310,motorcycle
img_018263.jpg,msz1632,msz1633,False,1,0.8571,0.496062,motorcycle
img_018264.jpg,ppk8700,ppk8700,True,0,1.0000,0.992200,motorcycle
img_018267.jpg,mtx7170,mtx7170,True,0,1.0000,0.998670,motorcycle
img_018270.jpg,mtz0696,mtz0696,True,0,1.0000,0.999516,motorcycle
img_018271.jpg,odj2901,odj2901,True,0,1.0000,0.998576,motorcycle
img_018272.jpg,mtz5078,mtz5078,True,0,1.0000,0.997734,motorcycle
img_018273.jpg,ppq9375,ppq9375,True,0,1.0000,0.999712,motorcycle
img_018276.jpg,ppe5980,ppe5980,True,0,1.0000,0.997764,motorcycle
img_018278.jpg,odr4648,odr5648,False,1,0.8571,0.684226,motorcycle
img_018279.jpg,odr3327,odr3327,True,0,1.0000,0.999695,motorcycle
img_018281.jpg,ppb4183,ppb4183,True,0,1.0000,0.999569,motorcycle
img_018282.jpg,ocx2147,ocx2447,False,1,0.8571,0.628847,motorcycle
img_018283.jpg,odr5971,odr5971,True,0,1.0000,0.999385,motorcycle
img_018285.jpg,ppx9459,ppx9459,True,0,1.0000,0.998673,motorcycle
img_018286.jpg,ppi6013,ppi6013,True,0,1.0000,0.987611,motorcycle
img_018289.jpg,msz1632,msz4632,False,1,0.8571,0.692080,motorcycle
img_018290.jpg,ppl2161,ppl2161,True,0,1.0000,0.999327,motorcycle
img_018295.jpg,odr4648,odr4648,True,0,1.0000,0.985602,motorcycle
img_018296.jpg,mtx7170,mtx7170,True,0,1.0000,0.996435,motorcycle
img_018297.jpg,ppl0616,ppl0616,True,0,1.0000,0.996407,motorcycle
img_018298.jpg,mtz5078,mtz5078,True,0,1.0000,0.998142,motorcycle
img_018300.jpg,odr5971,odr5971,True,0,1.0000,0.975234,motorcycle
img_018301.jpg,odr4648,odr4648,True,0,1.0000,0.992536,motorcycle
img_018305.jpg,odc7498,odc7498,True,0,1.0000,0.998969,motorcycle
img_018307.jpg,mtx3303,mtx3303,True,0,1.0000,0.845476,motorcycle
img_018310.jpg,ppb4271,ppb4271,True,0,1.0000,0.998950,motorcycle
img_018311.jpg,mtx7170,mtx7170,True,0,1.0000,0.996587,motorcycle
img_018315.jpg,oye8534,oye8534,True,0,1.0000,0.942165,motorcycle
img_018318.jpg,mro1108,mro1108,True,0,1.0000,0.992465,motorcycle
img_018319.jpg,mtx7170,mtx7170,True,0,1.0000,0.998891,motorcycle
img_018323.jpg,qrd7251,qrd7251,True,0,1.0000,0.999541,motorcycle
img_018326.jpg,mtx7170,mtx7170,True,0,1.0000,0.998938,motorcycle
img_018327.jpg,ovi6547,ovi6547,True,0,1.0000,0.998220,motorcycle
img_018330.jpg,qrb8036,qrb8036,True,0,1.0000,0.955065,motorcycle
img_018331.jpg,ntn0127,ntn0127,True,0,1.0000,0.712398,motorcycle
img_018332.jpg,ppl2161,ppl2161,True,0,1.0000,0.999067,motorcycle
img_018335.jpg,mrh7545,mrh7545,True,0,1.0000,0.999851,motorcycle
img_018337.jpg,mtx7170,mtx7170,True,0,1.0000,0.991686,motorcycle
img_018338.jpg,ppo2191,ppo2191,True,0,1.0000,0.995214,motorcycle
img_018341.jpg,oyf5493,oyf5493,True,0,1.0000,0.999787,motorcycle
img_018345.jpg,mtx3303,mtx3308,False,1,0.8571,0.448906,motorcycle
img_018346.jpg,ods5406,ods5406,True,0,1.0000,0.981431,motorcycle
img_018347.jpg,odg5912,odg5912,True,0,1.0000,0.998038,motorcycle
img_018348.jpg,mtx7170,mtx7170,True,0,1.0000,0.994145,motorcycle
img_018351.jpg,ppm5173,ppm5173,True,0,1.0000,0.986283,motorcycle
img_018355.jpg,ppc6761,ppc6761,True,0,1.0000,0.999168,motorcycle
img_018356.jpg,odr4648,odr4648,True,0,1.0000,0.999182,motorcycle
img_018359.jpg,mtx7170,mtx7170,True,0,1.0000,0.997465,motorcycle
img_018360.jpg,odr4648,odr4648,True,0,1.0000,0.888894,motorcycle
img_018363.jpg,mtx7170,mtx7170,True,0,1.0000,0.966437,motorcycle
img_018366.jpg,mtx3303,mtx3308,False,1,0.8571,0.441894,motorcycle
img_018367.jpg,mtx7170,mtx7170,True,0,1.0000,0.996522,motorcycle
img_018369.jpg,ppl2161,ppl2161,True,0,1.0000,0.998876,motorcycle
img_018371.jpg,qrb7981,qrb7981,True,0,1.0000,0.998136,motorcycle
img_018372.jpg,mqu8788,mqu8788,True,0,1.0000,0.999562,motorcycle
img_018373.jpg,ppx1197,ppx1197,True,0,1.0000,0.999757,motorcycle
img_018374.jpg,odt7618,odt7618,True,0,1.0000,0.989715,motorcycle
img_018375.jpg,odr2292,odr2292,True,0,1.0000,0.999755,motorcycle
img_018377.jpg,odg5912,odg5912,True,0,1.0000,0.999011,motorcycle
img_018378.jpg,mqh2561,mqh2551,False,1,0.8571,0.936738,motorcycle
img_018381.jpg,ppu0071,ppu0070,False,1,0.8571,0.546364,motorcycle
img_018382.jpg,odt6046,odt6046,True,0,1.0000,0.999831,motorcycle
img_018383.jpg,odr2292,odr2292,True,0,1.0000,0.979792,motorcycle
img_018385.jpg,odg5912,odg5912,True,0,1.0000,0.999837,motorcycle
img_018389.jpg,mtz5078,mtz5078,True,0,1.0000,0.998276,motorcycle
img_018390.jpg,odg5912,odg5912,True,0,1.0000,0.998619,motorcycle
img_018391.jpg,mtx7170,mtx7170,True,0,1.0000,0.998255,motorcycle
img_018392.jpg,mtx7170,mtx7170,True,0,1.0000,0.990027,motorcycle
img_018393.jpg,oyi8637,oyi8637,True,0,1.0000,0.925784,motorcycle
img_018395.jpg,odr2292,odr2292,True,0,1.0000,0.999718,motorcycle
img_018396.jpg,qrd3839,qrd7839,False,1,0.8571,0.486858,motorcycle
img_018398.jpg,msz1632,msz7632,False,1,0.8571,0.675100,motorcycle
img_018399.jpg,odr4281,odr4281,True,0,1.0000,0.922787,motorcycle
img_018400.jpg,odr4648,odr4648,True,0,1.0000,0.575694,motorcycle
img_018404.jpg,odr5971,odr5971,True,0,1.0000,0.982189,motorcycle
img_018410.jpg,mtz5078,mtz5078,True,0,1.0000,0.998449,motorcycle
img_018414.jpg,mtz0696,mtz0696,True,0,1.0000,0.989922,motorcycle
img_018415.jpg,odl8131,odl8131,True,0,1.0000,0.712393,motorcycle
img_018416.jpg,odr5971,odr5971,True,0,1.0000,0.990132,motorcycle
img_018417.jpg,mtx4192,mtx4192,True,0,1.0000,0.999287,motorcycle
img_018418.jpg,mtz0696,mtz0696,True,0,1.0000,0.996068,motorcycle
img_018419.jpg,mtx7170,mtx7170,True,0,1.0000,0.992556,motorcycle
img_018421.jpg,kzi9639,kzi9639,True,0,1.0000,0.999368,motorcycle
img_018422.jpg,mtx4192,mtx4192,True,0,1.0000,0.999403,motorcycle
img_018423.jpg,mtx7170,mtx7170,True,0,1.0000,0.949346,motorcycle
img_018428.jpg,mtx7170,mtx7170,True,0,1.0000,0.995927,motorcycle
img_018429.jpg,msz1632,msz7633,False,2,0.7143,0.455930,motorcycle
img_018432.jpg,odr4648,odr4648,True,0,1.0000,0.971591,motorcycle
img_018435.jpg,msz1632,msz1633,False,1,0.8571,0.425370,motorcycle
img_018436.jpg,mtz5078,mtz5078,True,0,1.0000,0.997067,motorcycle
img_018437.jpg,mtx3303,mtx3302,False,1,0.8571,0.324867,motorcycle
img_018440.jpg,odr5971,odr5971,True,0,1.0000,0.998175,motorcycle
img_018441.jpg,msb9683,msb0663,False,2,0.7143,0.796487,motorcycle
img_018444.jpg,mtz5078,mtz5078,True,0,1.0000,0.990850,motorcycle
img_018449.jpg,mtx7170,mtx7170,True,0,1.0000,0.956339,motorcycle
img_018451.jpg,ppq7171,ppq7171,True,0,1.0000,0.985915,motorcycle
img_018453.jpg,mtx3303,mtx330,False,1,0.8571,0.998706,motorcycle
img_018457.jpg,odt7618,odt7618,True,0,1.0000,0.999379,motorcycle
img_018459.jpg,mrk2241,mrk2241,True,0,1.0000,0.999827,motorcycle
img_018461.jpg,odr4281,odr428,False,1,0.8571,0.998099,motorcycle
img_018462.jpg,odr5971,odr5971,True,0,1.0000,0.998924,motorcycle
img_018464.jpg,odt7622,odt7622,True,0,1.0000,0.983757,motorcycle
img_018467.jpg,mtx7170,mtx7170,True,0,1.0000,0.986619,motorcycle
img_018468.jpg,odr4281,odr4288,False,1,0.8571,0.583893,motorcycle
img_018470.jpg,ppv2597,ppv2597,True,0,1.0000,0.991867,motorcycle
img_018473.jpg,oyk5858,oyk5858,True,0,1.0000,0.997380,motorcycle
img_018478.jpg,ppy0590,ppy0590,True,0,1.0000,0.997594,motorcycle
img_018479.jpg,mtx7170,mtx7170,True,0,1.0000,0.997588,motorcycle
img_018481.jpg,gzz8751,gzz8751,True,0,1.0000,0.998008,motorcycle
img_018482.jpg,odr5971,odr5971,True,0,1.0000,0.998646,motorcycle
img_018486.jpg,ode2129,ode2129,True,0,1.0000,0.999309,motorcycle
img_018487.jpg,ppc6761,ppc6761,True,0,1.0000,0.984268,motorcycle
img_018488.jpg,odr5971,odr5971,True,0,1.0000,0.933926,motorcycle
img_018489.jpg,odm6783,odm6783,True,0,1.0000,0.982639,motorcycle
img_018490.jpg,odt6046,odt6046,True,0,1.0000,0.999295,motorcycle
img_018491.jpg,odq3758,odq3758,True,0,1.0000,0.994339,motorcycle
img_018493.jpg,ppn7788,ppn7788,True,0,1.0000,0.989957,motorcycle
img_018496.jpg,ppc8676,ppc8676,True,0,1.0000,0.988107,motorcycle
img_018497.jpg,odt7622,odt7622,True,0,1.0000,0.866834,motorcycle
img_018500.jpg,mtx4192,mtx4192,True,0,1.0000,0.998770,motorcycle
img_018501.jpg,oyd3422,oyd3422,True,0,1.0000,0.850192,motorcycle
img_018504.jpg,ppk8607,ppk8607,True,0,1.0000,0.999910,motorcycle
img_018505.jpg,ppr1686,ppr1686,True,0,1.0000,0.946333,motorcycle
img_018506.jpg,odt6046,odt6046,True,0,1.0000,0.999772,motorcycle
img_018509.jpg,msz1632,msz4633,False,2,0.7143,0.591771,motorcycle
img_018511.jpg,msb1362,msb1363,False,1,0.8571,0.916206,motorcycle
img_018512.jpg,odt6046,odt6046,True,0,1.0000,0.987613,motorcycle
img_018513.jpg,msb1362,msb1363,False,1,0.8571,0.532614,motorcycle
img_018516.jpg,odt6046,odt6046,True,0,1.0000,0.999877,motorcycle
img_018518.jpg,msb1362,msb1363,False,1,0.8571,0.968885,motorcycle
img_018521.jpg,odt6046,odt6046,True,0,1.0000,0.999430,motorcycle
img_018523.jpg,odr5971,odr5971,True,0,1.0000,0.999699,motorcycle
img_018524.jpg,msb1362,msb0363,False,2,0.7143,0.513124,motorcycle
img_018525.jpg,odr4648,odr4648,True,0,1.0000,0.992361,motorcycle
img_018526.jpg,mtx7170,mtx7170,True,0,1.0000,0.961675,motorcycle
img_018530.jpg,ppq9375,ppq9375,True,0,1.0000,0.997379,motorcycle
img_018531.jpg,mqh2561,mqh2551,False,1,0.8571,0.571408,motorcycle
img_018532.jpg,ppv2570,ppv2570,True,0,1.0000,0.999784,motorcycle
img_018534.jpg,msb1362,msb1363,False,1,0.8571,0.666112,motorcycle
img_018535.jpg,odk0046,odk0046,True,0,1.0000,0.999613,motorcycle
img_018537.jpg,mtx3303,mtx330,False,1,0.8571,0.999700,motorcycle
img_018538.jpg,ovj2513,ovj2513,True,0,1.0000,0.414003,motorcycle
img_018540.jpg,qrd3846,qrd3846,True,0,1.0000,0.999649,motorcycle
img_018541.jpg,msz1632,msz7633,False,2,0.7143,0.569838,motorcycle
img_018544.jpg,odr2292,odr2292,True,0,1.0000,0.999679,motorcycle
img_018545.jpg,mtx7170,mtx7170,True,0,1.0000,0.898817,motorcycle
img_018547.jpg,qrb1638,qrb1638,True,0,1.0000,0.984859,motorcycle
img_018548.jpg,ovj2513,ovj5513,False,1,0.8571,0.291483,motorcycle
img_018549.jpg,msz1632,msz7633,False,2,0.7143,0.856625,motorcycle
img_018551.jpg,odf0749,odf0749,True,0,1.0000,0.964922,motorcycle
img_018552.jpg,ppw3684,ppw3684,True,0,1.0000,0.988243,motorcycle
img_018553.jpg,mtx3303,mtx3308,False,1,0.8571,0.535110,motorcycle
img_018554.jpg,odt6046,odt6046,True,0,1.0000,0.999690,motorcycle
img_018556.jpg,ovj2513,oyj5513,False,2,0.7143,0.866627,motorcycle
img_018557.jpg,msz1632,msz1632,True,0,1.0000,0.665891,motorcycle
img_018559.jpg,ppj9355,ppj9355,True,0,1.0000,0.992928,motorcycle
img_018560.jpg,ovj2513,ovj3513,False,1,0.8571,0.863045,motorcycle
img_018562.jpg,mrd1456,mrd1456,True,0,1.0000,0.893228,motorcycle
img_018563.jpg,msb1362,msb1363,False,1,0.8571,0.976307,motorcycle
img_018564.jpg,ppj5012,ppj5012,True,0,1.0000,0.997933,motorcycle
img_018565.jpg,mqd3519,mqo3519,False,1,0.8571,0.999158,motorcycle
img_018568.jpg,qrb1638,qrn1638,False,1,0.8571,0.405333,motorcycle
img_018569.jpg,msp2087,msp2087,True,0,1.0000,0.997865,motorcycle
img_018570.jpg,odr5971,odr5971,True,0,1.0000,0.999178,motorcycle
img_018573.jpg,ppw3684,ppw8684,False,1,0.8571,0.743120,motorcycle
img_018574.jpg,ppn7788,ppn7788,True,0,1.0000,0.884088,motorcycle
img_018575.jpg,msp2087,msp2087,True,0,1.0000,0.996865,motorcycle
img_018576.jpg,mtx3303,mtx3308,False,1,0.8571,0.490704,motorcycle
img_018577.jpg,mtx4192,mtx4192,True,0,1.0000,0.998632,motorcycle
img_018579.jpg,odr5971,odr5971,True,0,1.0000,0.996134,motorcycle
img_018581.jpg,odl8131,odl8131,True,0,1.0000,0.993478,motorcycle
img_018582.jpg,odr2292,odr2292,True,0,1.0000,0.984420,motorcycle
img_018585.jpg,ppo2334,ppo2334,True,0,1.0000,0.985723,motorcycle
img_018587.jpg,msp2087,msp2087,True,0,1.0000,0.993188,motorcycle
img_018588.jpg,odr4648,odr4648,True,0,1.0000,0.997835,motorcycle
img_018590.jpg,odf0749,odf0749,True,0,1.0000,0.999727,motorcycle
img_018591.jpg,odt6727,odt6727,True,0,1.0000,0.995848,motorcycle
img_018592.jpg,odf0749,odf0749,True,0,1.0000,0.990430,motorcycle
img_018593.jpg,odr2292,odr2292,True,0,1.0000,0.999667,motorcycle
img_018594.jpg,msp2087,msp2087,True,0,1.0000,0.948125,motorcycle
img_018599.jpg,odh5452,odh5452,True,0,1.0000,0.998807,motorcycle
img_018600.jpg,msz1632,msz1633,False,1,0.8571,0.198683,motorcycle
img_018601.jpg,mta5460,mta5460,True,0,1.0000,0.995164,motorcycle
img_018604.jpg,odt6046,odt6046,True,0,1.0000,0.999408,motorcycle
img_018607.jpg,mrx1438,mrx1438,True,0,1.0000,0.838603,motorcycle
img_018608.jpg,odr5971,odr5971,True,0,1.0000,0.993874,motorcycle
img_018609.jpg,ppm4442,ppm4442,True,0,1.0000,0.999888,motorcycle
img_018615.jpg,ppq1450,ppq1450,True,0,1.0000,0.993114,motorcycle
img_018618.jpg,ppl7860,ppl7860,True,0,1.0000,0.530249,motorcycle
img_018619.jpg,qrd7245,qrd7245,True,0,1.0000,0.999579,motorcycle
img_018620.jpg,odr4648,odr4648,True,0,1.0000,0.998567,motorcycle
img_018621.jpg,odk0046,odk0046,True,0,1.0000,0.999359,motorcycle
img_018624.jpg,odh5452,odh5452,True,0,1.0000,0.998679,motorcycle
img_018625.jpg,oyk5858,oyk5858,True,0,1.0000,0.999720,motorcycle
img_018627.jpg,mts7249,mts7249,True,0,1.0000,0.999788,motorcycle
img_018628.jpg,msb9683,msb9683,True,0,1.0000,0.989523,motorcycle
img_018629.jpg,odi6064,odi6064,True,0,1.0000,0.953435,motorcycle
img_018630.jpg,ocy7077,ocy7077,True,0,1.0000,0.702319,motorcycle
img_018631.jpg,odr5971,odr5971,True,0,1.0000,0.999064,motorcycle
img_018633.jpg,jjc7757,jjc7757,True,0,1.0000,0.999796,motorcycle
img_018634.jpg,jjm1920,jjm1920,True,0,1.0000,0.975231,motorcycle
img_018635.jpg,odi6064,odi6064,True,0,1.0000,0.997924,motorcycle
img_018636.jpg,ppm2930,ppm2930,True,0,1.0000,0.997910,motorcycle
img_018637.jpg,odr4648,odr4648,True,0,1.0000,0.918524,motorcycle
img_018638.jpg,mtp4022,mtp4022,True,0,1.0000,0.992367,motorcycle
img_018639.jpg,pyo7556,pyo7556,True,0,1.0000,0.998562,motorcycle
img_018640.jpg,odr5971,odr5971,True,0,1.0000,0.999368,motorcycle
img_018641.jpg,mtx3303,mtx3303,True,0,1.0000,0.981829,motorcycle
img_018646.jpg,mtq4574,mtq4574,True,0,1.0000,0.999111,motorcycle
img_018647.jpg,odr4648,odr4648,True,0,1.0000,0.992587,motorcycle
img_018649.jpg,ppo2162,ppo2162,True,0,1.0000,0.997768,motorcycle
img_018652.jpg,odr5971,odr5971,True,0,1.0000,0.998892,motorcycle
img_018653.jpg,msb9683,msb0683,False,1,0.8571,0.754734,motorcycle
img_018655.jpg,jjc7757,jjc7757,True,0,1.0000,0.997818,motorcycle
img_018658.jpg,jjm1920,ojm1920,False,1,0.8571,0.965524,motorcycle
img_018659.jpg,jjc7757,jjc7757,True,0,1.0000,0.999226,motorcycle
img_018660.jpg,ovj2515,ovj2515,True,0,1.0000,0.995120,motorcycle
img_018661.jpg,qrb1638,qrb1638,True,0,1.0000,0.997527,motorcycle
img_018662.jpg,mrk2241,mrk2241,True,0,1.0000,0.999846,motorcycle
img_018663.jpg,jjm1920,jjm1920,True,0,1.0000,0.975510,motorcycle
img_018666.jpg,ltk5452,ltk5452,True,0,1.0000,0.998061,motorcycle
img_018667.jpg,odr5971,odr5971,True,0,1.0000,0.996136,motorcycle
img_018668.jpg,odh5452,odh5452,True,0,1.0000,0.998540,motorcycle
img_018671.jpg,msb1362,msb1363,False,1,0.8571,0.966718,motorcycle
img_018676.jpg,ppx9459,ppx4459,False,1,0.8571,0.825136,motorcycle
img_018677.jpg,mtx3303,mtx3303,True,0,1.0000,0.952950,motorcycle
img_018679.jpg,ovl6577,ovl5577,False,1,0.8571,0.692287,motorcycle
img_018680.jpg,msz1632,msz7633,False,2,0.7143,0.925770,motorcycle
img_018682.jpg,ppj7558,ppj7558,True,0,1.0000,0.997667,motorcycle
img_018684.jpg,ppv2708,ppv2708,True,0,1.0000,0.999798,motorcycle
img_018685.jpg,qrd7251,qrd7251,True,0,1.0000,0.998515,motorcycle
img_018689.jpg,mtv0751,mtv0751,True,0,1.0000,0.980993,motorcycle
img_018694.jpg,lql2753,lol2753,False,1,0.8571,0.555518,motorcycle
img_018696.jpg,odt9878,odt9878,True,0,1.0000,0.999826,motorcycle
img_018699.jpg,ppx9463,ppx9463,True,0,1.0000,0.999679,motorcycle
img_018700.jpg,ppt5189,ppt5189,True,0,1.0000,0.999654,motorcycle
img_018704.jpg,msb1362,msb1363,False,1,0.8571,0.968367,motorcycle
img_018705.jpg,ppx8483,ppx8483,True,0,1.0000,0.876451,motorcycle
img_018706.jpg,odg0036,odg0036,True,0,1.0000,0.999813,motorcycle
img_018709.jpg,odi2928,odi2928,True,0,1.0000,0.996163,motorcycle
img_018714.jpg,mtg9119,mtg9119,True,0,1.0000,0.990354,motorcycle
img_018716.jpg,msr6872,msr6872,True,0,1.0000,0.998982,motorcycle
img_018718.jpg,ppk0137,ppk0137,True,0,1.0000,0.989300,motorcycle
img_018721.jpg,odt9878,odt9878,True,0,1.0000,0.990230,motorcycle
img_018724.jpg,oyk9477,oyk9477,True,0,1.0000,0.999811,motorcycle
img_018733.jpg,msb1362,msb1363,False,1,0.8571,0.984437,motorcycle
img_018734.jpg,mqv2901,mqv2901,True,0,1.0000,0.996599,motorcycle
img_018738.jpg,msb9683,msb9683,True,0,1.0000,0.992807,motorcycle
img_018742.jpg,mrh7545,mrh7545,True,0,1.0000,0.999898,motorcycle
img_018743.jpg,mtz2261,mtz2261,True,0,1.0000,0.999055,motorcycle
img_018744.jpg,mtz2261,mtz2261,True,0,1.0000,0.623618,motorcycle
img_018749.jpg,mtz2261,mtz2261,True,0,1.0000,0.997007,motorcycle
img_018750.jpg,ppv4218,ppv4218,True,0,1.0000,0.999502,motorcycle
img_018751.jpg,mtz2261,mtz2261,True,0,1.0000,0.998919,motorcycle
img_018753.jpg,msj3646,msj3646,True,0,1.0000,0.998160,motorcycle
img_018757.jpg,ppv8421,ppv8421,True,0,1.0000,0.998916,motorcycle
img_018760.jpg,ppj2374,ppj2374,True,0,1.0000,0.980152,motorcycle
img_018764.jpg,pph0362,pph0362,True,0,1.0000,0.999768,motorcycle
img_018767.jpg,mtz2261,mtz2261,True,0,1.0000,0.993901,motorcycle
img_018769.jpg,odr5971,odr5971,True,0,1.0000,0.997680,motorcycle
img_018774.jpg,qrd0144,qrd0144,True,0,1.0000,0.823527,motorcycle
img_018776.jpg,mqj9617,mqj9617,True,0,1.0000,0.995100,motorcycle
img_018777.jpg,mtz2261,mtz2261,True,0,1.0000,0.998238,motorcycle
img_018781.jpg,msl9949,msl9949,True,0,1.0000,0.998927,motorcycle
img_018787.jpg,ppx9463,ppx9463,True,0,1.0000,0.999681,motorcycle
img_018789.jpg,ppl0556,ppl0556,True,0,1.0000,0.999442,motorcycle
img_018790.jpg,mqx3311,mqx3311,True,0,1.0000,0.999723,motorcycle
img_018792.jpg,msb9683,msb9683,True,0,1.0000,0.997672,motorcycle
img_018793.jpg,odh6465,odh6465,True,0,1.0000,0.484852,motorcycle
img_018796.jpg,odq2180,odq2180,True,0,1.0000,0.996644,motorcycle
img_018798.jpg,mqi9518,mqj9518,False,1,0.8571,0.361532,motorcycle
img_018800.jpg,ppx9463,ppx9463,True,0,1.0000,0.999204,motorcycle
img_018802.jpg,oyk9561,oyk9560,False,1,0.8571,0.964278,motorcycle
img_018805.jpg,pps8803,pps8803,True,0,1.0000,0.999704,motorcycle
img_018807.jpg,ppx9463,ppx9463,True,0,1.0000,0.996299,motorcycle
img_018808.jpg,mtb7542,mtb7542,True,0,1.0000,0.997537,motorcycle
img_018811.jpg,mtz2261,mtz2261,True,0,1.0000,0.996809,motorcycle
img_018826.jpg,odi2919,od12919,False,1,0.8571,0.403057,motorcycle
img_018828.jpg,mtz2261,mtz2261,True,0,1.0000,0.992326,motorcycle
img_018829.jpg,mtz2261,mtz2261,True,0,1.0000,0.976311,motorcycle
img_018830.jpg,odh6465,odh4266,False,3,0.5714,0.631306,motorcycle
img_018832.jpg,odc1543,odc1543,True,0,1.0000,0.982408,motorcycle
img_018833.jpg,mtj4096,mtj4096,True,0,1.0000,0.976978,motorcycle
img_018837.jpg,odh6465,odh6266,False,2,0.7143,0.727697,motorcycle
img_018838.jpg,odg0036,odg0036,True,0,1.0000,0.999880,motorcycle
img_018839.jpg,odi2919,odi2919,True,0,1.0000,0.793137,motorcycle
img_018840.jpg,odr2292,odr2292,True,0,1.0000,0.999578,motorcycle
img_018843.jpg,mtx4192,mtx4192,True,0,1.0000,0.999448,motorcycle
img_018844.jpg,mtz2261,mtz2261,True,0,1.0000,0.987405,motorcycle
img_018849.jpg,mrh7545,mrh7545,True,0,1.0000,0.998505,motorcycle
img_018852.jpg,msj3646,msj3646,True,0,1.0000,0.988914,motorcycle
img_018855.jpg,mtz2261,mtz2261,True,0,1.0000,0.982656,motorcycle
img_018860.jpg,qrd0144,qrd0144,True,0,1.0000,0.999876,motorcycle
img_018861.jpg,ppl0556,ppl0656,False,1,0.8571,0.621008,motorcycle
img_018865.jpg,mtz2261,mtz2261,True,0,1.0000,0.999654,motorcycle
img_018868.jpg,mtv3334,mtv3334,True,0,1.0000,0.999191,motorcycle
img_018870.jpg,odi5475,odi5475,True,0,1.0000,0.999462,motorcycle
img_018871.jpg,mtx3303,mtx3303,True,0,1.0000,0.958218,motorcycle
img_018876.jpg,mtz2261,mtz2261,True,0,1.0000,0.996947,motorcycle
img_018877.jpg,mtz2261,mtz2261,True,0,1.0000,0.994389,motorcycle
img_018879.jpg,odi2919,odi2919,True,0,1.0000,0.604439,motorcycle
img_018880.jpg,odr2292,odr2292,True,0,1.0000,0.999530,motorcycle
img_018881.jpg,qrd0144,qrd0144,True,0,1.0000,0.649421,motorcycle
img_018883.jpg,ppx9463,ppx9463,True,0,1.0000,0.999882,motorcycle
img_018887.jpg,ppl0556,ppl0556,True,0,1.0000,0.978755,motorcycle
img_018888.jpg,ocx1773,ocx1773,True,0,1.0000,0.995644,motorcycle
img_018893.jpg,mtz2261,mtz2261,True,0,1.0000,0.998171,motorcycle
img_018894.jpg,mts0215,mts0315,False,1,0.8571,0.861943,motorcycle
img_018895.jpg,msj3646,msj3646,True,0,1.0000,0.994735,motorcycle
img_018896.jpg,odt2461,odt2461,True,0,1.0000,0.982403,motorcycle
img_018901.jpg,ocx1773,ocx1773,True,0,1.0000,0.956037,motorcycle
img_018902.jpg,gyy1218,gyy4218,False,1,0.8571,0.905185,motorcycle
img_018904.jpg,msj3646,msj3646,True,0,1.0000,0.911144,motorcycle
img_018908.jpg,ocy9325,ocy9325,True,0,1.0000,0.999823,motorcycle
img_018909.jpg,msj3646,msj3646,True,0,1.0000,0.988254,motorcycle
img_018912.jpg,mtz2261,mtz2261,True,0,1.0000,0.994124,motorcycle
img_018913.jpg,mtz2261,mtz2261,True,0,1.0000,0.999004,motorcycle
img_018914.jpg,gtu6908,gtu8908,False,1,0.8571,0.964606,motorcycle
img_018917.jpg,ppg6782,ppg6782,True,0,1.0000,0.933361,motorcycle
img_018920.jpg,msb9683,msb9683,True,0,1.0000,0.978076,motorcycle
img_018922.jpg,odh6465,odh6266,False,2,0.7143,0.903158,motorcycle
img_018925.jpg,msb1362,msb1363,False,1,0.8571,0.687961,motorcycle
img_018928.jpg,qrd0144,qrd0144,True,0,1.0000,0.993984,motorcycle
img_018932.jpg,gyy1218,gyy4218,False,1,0.8571,0.829657,motorcycle
img_018934.jpg,msj3646,msj3646,True,0,1.0000,0.997603,motorcycle
img_018937.jpg,mtz2261,mtz2261,True,0,1.0000,0.999669,motorcycle
img_018940.jpg,mtv9187,mtv9187,True,0,1.0000,0.996486,motorcycle
img_018943.jpg,msb9683,msb9683,True,0,1.0000,0.996680,motorcycle
img_018947.jpg,ocx1773,ocx1773,True,0,1.0000,0.999190,motorcycle
img_018948.jpg,msj3646,msj3646,True,0,1.0000,0.998595,motorcycle
img_018949.jpg,odf0749,odf0749,True,0,1.0000,0.998163,motorcycle
img_018950.jpg,mtx7519,ittx751,False,3,0.5714,0.365708,motorcycle
img_018954.jpg,oyg9033,oyg9033,True,0,1.0000,0.906645,motorcycle
img_018955.jpg,mtz2261,mtz2261,True,0,1.0000,0.994543,motorcycle
img_018956.jpg,mtz2261,mtz2261,True,0,1.0000,0.999030,motorcycle
img_018958.jpg,mtz2261,mtz2261,True,0,1.0000,0.998095,motorcycle
img_018962.jpg,mtz2261,mtz2261,True,0,1.0000,0.999516,motorcycle
img_018963.jpg,msb9683,msb9683,True,0,1.0000,0.881021,motorcycle
img_018966.jpg,mrb2971,mrb2971,True,0,1.0000,0.999672,motorcycle
img_018971.jpg,ovh9424,ovh8424,False,1,0.8571,0.980819,motorcycle
img_018972.jpg,mtz2261,mtz2261,True,0,1.0000,0.999315,motorcycle
img_018973.jpg,msb9683,msb9683,True,0,1.0000,0.995524,motorcycle
img_018977.jpg,oyk5885,oyk5885,True,0,1.0000,0.999835,motorcycle
img_018983.jpg,qrd0144,qrd0144,True,0,1.0000,0.999343,motorcycle
img_018986.jpg,dlz4730,dlz4730,True,0,1.0000,0.994622,motorcycle
img_018987.jpg,odr2292,odr2292,True,0,1.0000,0.999120,motorcycle
img_018988.jpg,ppl0556,ppl0556,True,0,1.0000,0.992461,motorcycle
img_018989.jpg,oyi4822,oyi4822,True,0,1.0000,0.568457,motorcycle
img_018990.jpg,mtz2261,mtz2261,True,0,1.0000,0.996462,motorcycle
img_018991.jpg,ppx9463,ppx9463,True,0,1.0000,0.999168,motorcycle
img_018992.jpg,msj3646,msj3646,True,0,1.0000,0.997483,motorcycle
img_018993.jpg,qrd0144,qrd0144,True,0,1.0000,0.999862,motorcycle
img_018994.jpg,mtz2261,mtz2261,True,0,1.0000,0.998362,motorcycle
img_018998.jpg,mtb7542,mtb7542,True,0,1.0000,0.997860,motorcycle
img_018999.jpg,mqx7557,mqx7557,True,0,1.0000,0.986712,motorcycle
img_019000.jpg,msj3646,msj3646,True,0,1.0000,0.909813,motorcycle
img_019003.jpg,msb9683,msb9683,True,0,1.0000,0.981653,motorcycle
img_019008.jpg,ppl0556,ppl0556,True,0,1.0000,0.999788,motorcycle
img_019009.jpg,ppv8421,ppv8421,True,0,1.0000,0.923608,motorcycle
img_019012.jpg,odh6465,odh6265,False,1,0.8571,0.524137,motorcycle
img_019014.jpg,mtz2261,mtz2261,True,0,1.0000,0.998452,motorcycle
img_019016.jpg,mtz2261,mtz2261,True,0,1.0000,0.802707,motorcycle
img_019017.jpg,mtz2261,mtz2261,True,0,1.0000,0.999248,motorcycle
img_019019.jpg,mtz2261,mtz2261,True,0,1.0000,0.994204,motorcycle
img_019023.jpg,pph2254,pph2254,True,0,1.0000,0.999366,motorcycle
img_019030.jpg,qrc0981,qrc0981,True,0,1.0000,0.937220,motorcycle
img_019036.jpg,ppc3296,ppc3296,True,0,1.0000,0.998215,motorcycle
img_019037.jpg,ppc9946,ppc9946,True,0,1.0000,0.999316,motorcycle
img_019038.jpg,ppf2079,ppf2079,True,0,1.0000,0.999219,motorcycle
img_019044.jpg,ppv9692,ppv9692,True,0,1.0000,0.999544,motorcycle
img_019045.jpg,mrk8393,mrk8797,False,2,0.7143,0.889780,motorcycle
img_019046.jpg,hhk0213,hhk0213,True,0,1.0000,0.997827,motorcycle
img_019050.jpg,ppr7688,ppr7688,True,0,1.0000,0.999710,motorcycle
img_019053.jpg,mrm0231,mrm0231,True,0,1.0000,0.635769,motorcycle
img_019054.jpg,ocw0270,ocw0270,True,0,1.0000,0.953412,motorcycle
img_019060.jpg,mtq4574,mtq4574,True,0,1.0000,0.562759,motorcycle
img_019061.jpg,qrb7513,qrb7513,True,0,1.0000,0.999385,motorcycle
img_019065.jpg,mqx2913,mqx2913,True,0,1.0000,0.991937,motorcycle
img_019066.jpg,msx9147,msx9147,True,0,1.0000,0.630833,motorcycle
img_019068.jpg,mql5285,mql5295,False,1,0.8571,0.527108,motorcycle
img_019073.jpg,pps2359,pps2359,True,0,1.0000,0.999777,motorcycle
img_019074.jpg,ppm4442,ppm4442,True,0,1.0000,0.999668,motorcycle
img_019076.jpg,mqy9394,mqy9394,True,0,1.0000,0.990823,motorcycle
img_019077.jpg,odc1091,odc1091,True,0,1.0000,0.999895,motorcycle
img_019082.jpg,oyd3422,oyd3422,True,0,1.0000,0.999734,motorcycle
img_019084.jpg,mta5625,mta5625,True,0,1.0000,0.998581,motorcycle
img_019086.jpg,oyk2653,oyk2653,True,0,1.0000,0.999316,motorcycle
img_019089.jpg,ppe9043,ppe9043,True,0,1.0000,0.999675,motorcycle
img_019090.jpg,oyk6072,oyk6072,True,0,1.0000,0.977982,motorcycle
img_019097.jpg,ppj1736,ppj1736,True,0,1.0000,0.996082,motorcycle
img_019099.jpg,ppz1466,ppz1466,True,0,1.0000,0.999267,motorcycle
img_019100.jpg,msb9683,msb9683,True,0,1.0000,0.968286,motorcycle
img_019101.jpg,ppo2191,ppo2191,True,0,1.0000,0.991727,motorcycle
img_019103.jpg,oye8534,oye8534,True,0,1.0000,0.995654,motorcycle
img_019104.jpg,mtx3303,mtx3303,True,0,1.0000,0.639419,motorcycle
img_019110.jpg,ppm4442,ppm4442,True,0,1.0000,0.999827,motorcycle
img_019113.jpg,oye8534,oye8534,True,0,1.0000,0.998982,motorcycle
img_019115.jpg,qrc1114,qrc1114,True,0,1.0000,0.999740,motorcycle
img_019117.jpg,mph2341,mpr2341,False,1,0.8571,0.590686,motorcycle
img_019120.jpg,odr2842,odr2842,True,0,1.0000,0.999652,motorcycle
img_019123.jpg,ods8124,ods8124,True,0,1.0000,0.977146,motorcycle
img_019128.jpg,msv4500,msv4500,True,0,1.0000,0.998930,motorcycle
img_019129.jpg,mqk8749,mqk8749,True,0,1.0000,0.999941,motorcycle
img_019133.jpg,mtx3303,mtx3309,False,1,0.8571,0.468635,motorcycle
img_019139.jpg,ppp2231,ppp2231,True,0,1.0000,0.999900,motorcycle
img_019143.jpg,ovl3386,ovl3386,True,0,1.0000,0.966207,motorcycle
img_019144.jpg,ppq9347,ppq9347,True,0,1.0000,0.997350,motorcycle
img_019148.jpg,mri9044,mri9044,True,0,1.0000,0.997501,motorcycle
img_019153.jpg,mpp4106,mpp4106,True,0,1.0000,0.999729,motorcycle
img_019155.jpg,oyk9375,oyk9375,True,0,1.0000,0.999068,motorcycle
img_019156.jpg,qrb1638,qrb1638,True,0,1.0000,0.999419,motorcycle
img_019162.jpg,oyg8941,oyg8941,True,0,1.0000,0.965701,motorcycle
img_019164.jpg,msw0327,msw0327,True,0,1.0000,0.999247,motorcycle
img_019165.jpg,owv9543,owv9543,True,0,1.0000,0.990527,motorcycle
img_019174.jpg,odp0225,odp0225,True,0,1.0000,0.999430,motorcycle
img_019177.jpg,odl8131,odl8131,True,0,1.0000,0.998625,motorcycle
img_019182.jpg,mrl8861,mrl8661,False,1,0.8571,0.999215,motorcycle
img_019193.jpg,ppb0543,ppb0543,True,0,1.0000,0.999242,motorcycle
img_019195.jpg,ods0897,ods0897,True,0,1.0000,0.998619,motorcycle
img_019199.jpg,mqx7585,mqx7585,True,0,1.0000,0.998912,motorcycle
img_019206.jpg,mtx4192,mtx4192,True,0,1.0000,0.999057,motorcycle
img_019207.jpg,ppb4231,ppb4231,True,0,1.0000,0.996915,motorcycle
img_019214.jpg,lkp8909,lkp8909,True,0,1.0000,0.995797,motorcycle
img_019227.jpg,ove5684,ove5684,True,0,1.0000,0.999304,motorcycle
img_019229.jpg,qrb8117,qrb8117,True,0,1.0000,0.998978,motorcycle
img_019230.jpg,msb1362,msb1363,False,1,0.8571,0.930869,motorcycle
img_019231.jpg,mtz5078,mtz5078,True,0,1.0000,0.995984,motorcycle
img_019238.jpg,odj0825,odj0825,True,0,1.0000,0.999513,motorcycle
img_019240.jpg,qrb1552,qrb1552,True,0,1.0000,0.995934,motorcycle
img_019243.jpg,mtz5078,mtz5078,True,0,1.0000,0.998517,motorcycle
img_019244.jpg,odr5971,odr5971,True,0,1.0000,0.998257,motorcycle
img_019247.jpg,oye8534,oye8534,True,0,1.0000,0.990310,motorcycle
img_019249.jpg,mtb1146,mtb1146,True,0,1.0000,0.497238,motorcycle
img_019250.jpg,mtx3303,mtx3308,False,1,0.8571,0.742825,motorcycle
img_019255.jpg,oda8470,qda8470,False,1,0.8571,0.219872,motorcycle
img_019256.jpg,odb4115,odb4115,True,0,1.0000,0.891230,motorcycle
img_019257.jpg,mtx4192,mtx4192,True,0,1.0000,0.999348,motorcycle
img_019261.jpg,oyd1815,oyd1815,True,0,1.0000,0.999386,motorcycle
img_019263.jpg,mte0987,mte0987,True,0,1.0000,0.999060,motorcycle
img_019268.jpg,mtz0696,mtz0696,True,0,1.0000,0.994738,motorcycle
img_019284.jpg,mtx3303,mtx3303,True,0,1.0000,0.677263,motorcycle
img_019286.jpg,mrz6467,mrz6467,True,0,1.0000,0.999136,motorcycle
img_019287.jpg,msb9683,msb9683,True,0,1.0000,0.991655,motorcycle
img_019291.jpg,qrb1638,qrb1638,True,0,1.0000,0.999610,motorcycle
img_019294.jpg,ppb4172,ppb4172,True,0,1.0000,0.999829,motorcycle
img_019296.jpg,mss0528,mss0528,True,0,1.0000,0.999420,motorcycle
img_019298.jpg,mrb5311,mrb5511,False,1,0.8571,0.915924,motorcycle
img_019302.jpg,oye3717,oye3717,True,0,1.0000,0.998619,motorcycle
img_019307.jpg,qrb1638,qrb1638,True,0,1.0000,0.999839,motorcycle
img_019309.jpg,mst8655,mst8655,True,0,1.0000,0.999821,motorcycle
img_019311.jpg,mtt1831,mtt1831,True,0,1.0000,0.901001,motorcycle
img_019313.jpg,ovi3592,ovi3592,True,0,1.0000,0.999265,motorcycle
img_019323.jpg,mrn6830,mrn6830,True,0,1.0000,0.987220,motorcycle
img_019324.jpg,qrd2834,qrd2834,True,0,1.0000,0.999711,motorcycle
img_019326.jpg,mrf3594,mrf3594,True,0,1.0000,0.999916,motorcycle
img_019329.jpg,ppm9557,ppm9557,True,0,1.0000,0.999484,motorcycle
img_019330.jpg,ppr7688,ppr7688,True,0,1.0000,0.998995,motorcycle
img_019331.jpg,hyo1025,hyo1025,True,0,1.0000,0.995265,motorcycle
img_019332.jpg,qrb7513,qrb7513,True,0,1.0000,0.999786,motorcycle
img_019337.jpg,mtz5078,mtz5078,True,0,1.0000,0.999406,motorcycle
img_019338.jpg,ppt5205,ppt5205,True,0,1.0000,0.999816,motorcycle
img_019341.jpg,oda8470,oda8470,True,0,1.0000,0.677136,motorcycle
img_019342.jpg,mtx4192,mtx4192,True,0,1.0000,0.999228,motorcycle
img_019343.jpg,ppw3680,ppw3680,True,0,1.0000,0.999689,motorcycle
img_019344.jpg,ocx1649,ocx1649,True,0,1.0000,0.999001,motorcycle
img_019345.jpg,mtx3303,mtx3308,False,1,0.8571,0.363393,motorcycle
img_019346.jpg,mtm2326,mtm2326,True,0,1.0000,0.998972,motorcycle
img_019347.jpg,mtc8669,mtc8669,True,0,1.0000,0.999790,motorcycle
img_019348.jpg,oyk5122,oyk5122,True,0,1.0000,0.999788,motorcycle
img_019349.jpg,mte1748,mte1748,True,0,1.0000,0.999175,motorcycle
img_019352.jpg,msh4661,msh4661,True,0,1.0000,0.888293,motorcycle
img_019353.jpg,odp0225,odp0225,True,0,1.0000,0.999806,motorcycle
img_019354.jpg,ppi8650,ppi8650,True,0,1.0000,0.989895,motorcycle
img_019357.jpg,oyd2830,oyd2830,True,0,1.0000,0.994518,motorcycle
img_019362.jpg,ocx8008,ocx8008,True,0,1.0000,0.653848,motorcycle
img_019368.jpg,odc3096,odc3096,True,0,1.0000,0.999919,motorcycle
img_019369.jpg,msz1632,msz0633,False,2,0.7143,0.525595,motorcycle
img_019370.jpg,mqj6527,mqj6527,True,0,1.0000,0.999678,motorcycle
img_019376.jpg,mru6781,mru6781,True,0,1.0000,0.999717,motorcycle
img_019377.jpg,mqa5194,mqa5194,True,0,1.0000,0.996314,motorcycle
img_019381.jpg,mrq3407,mrq3407,True,0,1.0000,0.998790,motorcycle
img_019386.jpg,mro6244,mro6244,True,0,1.0000,0.998293,motorcycle
img_019389.jpg,ovj8219,ovj8219,True,0,1.0000,0.999177,motorcycle
img_019392.jpg,ppg1086,ppg1086,True,0,1.0000,0.993056,motorcycle
img_019393.jpg,mtz0696,mtz0696,True,0,1.0000,0.999815,motorcycle
img_019399.jpg,gzz8751,gzz8751,True,0,1.0000,0.986414,motorcycle
img_019407.jpg,mtt1831,mti1031,False,2,0.7143,0.721970,motorcycle
img_019409.jpg,mtx3656,mtx3656,True,0,1.0000,0.999687,motorcycle
img_019415.jpg,msj3155,msj3155,True,0,1.0000,0.999741,motorcycle
img_019419.jpg,mtx3303,mtx3309,False,1,0.8571,0.356779,motorcycle
img_019420.jpg,mrm4703,mrm4703,True,0,1.0000,0.754088,motorcycle
img_019424.jpg,odg5912,odg5912,True,0,1.0000,0.991518,motorcycle
img_019425.jpg,odq7894,odq7894,True,0,1.0000,0.999232,motorcycle
img_019428.jpg,opz6615,opz6615,True,0,1.0000,0.995456,motorcycle
img_019430.jpg,msz1632,msz1632,True,0,1.0000,0.577659,motorcycle
img_019431.jpg,odg5912,odg5912,True,0,1.0000,0.999498,motorcycle
img_019432.jpg,mrs5261,mrs6261,False,1,0.8571,0.447224,motorcycle
img_019433.jpg,odr4281,odr4281,True,0,1.0000,0.727953,motorcycle
img_019434.jpg,ppj7398,ppz7399,False,2,0.7143,0.622259,motorcycle
img_019444.jpg,msa8197,msa8197,True,0,1.0000,0.998976,motorcycle
img_019447.jpg,ocx8244,ocx8244,True,0,1.0000,0.999859,motorcycle
img_019448.jpg,mrz3515,mrz3515,True,0,1.0000,0.999328,motorcycle
img_019451.jpg,hit8129,hit8129,True,0,1.0000,0.998829,motorcycle
img_019453.jpg,odg5912,odg5912,True,0,1.0000,0.999782,motorcycle
img_019455.jpg,odr2292,odr2292,True,0,1.0000,0.999927,motorcycle
img_019458.jpg,oyd1815,oyd1815,True,0,1.0000,0.998987,motorcycle
img_019460.jpg,odn8534,odn8534,True,0,1.0000,0.999374,motorcycle
img_019466.jpg,ppi7591,ppi7591,True,0,1.0000,0.999060,motorcycle
img_019468.jpg,mtm0994,mtm0994,True,0,1.0000,0.999976,motorcycle
img_019469.jpg,ppo6851,ppo6851,True,0,1.0000,0.999751,motorcycle
img_019472.jpg,odf3477,odf3477,True,0,1.0000,0.996691,motorcycle
img_019473.jpg,pps7339,pps7339,True,0,1.0000,0.999809,motorcycle
img_019476.jpg,mrr0434,mrr0434,True,0,1.0000,0.998310,motorcycle
img_019478.jpg,mru5943,mru5943,True,0,1.0000,0.999099,motorcycle
img_019481.jpg,odt5939,odt5939,True,0,1.0000,0.998694,motorcycle
img_019482.jpg,mqx2913,mqx2913,True,0,1.0000,0.999692,motorcycle
img_019483.jpg,msm0075,msm0015,False,1,0.8571,0.937853,motorcycle
img_019485.jpg,odg5912,odg5912,True,0,1.0000,0.999776,motorcycle
img_019486.jpg,mpn7049,mpn7049,True,0,1.0000,0.988761,motorcycle
img_019489.jpg,ovh6100,ovh6100,True,0,1.0000,0.996363,motorcycle
img_019492.jpg,ppu0251,ppu0251,True,0,1.0000,0.999394,motorcycle
img_019497.jpg,mro4578,mro4578,True,0,1.0000,0.998566,motorcycle
img_019502.jpg,mqq7389,mqo7389,False,1,0.8571,0.932634,motorcycle
img_019512.jpg,ppy6833,ppy6833,True,0,1.0000,0.999928,motorcycle
img_019513.jpg,ovf4815,oyf4815,False,1,0.8571,0.990275,motorcycle
img_019516.jpg,mrb5311,mrb5311,True,0,1.0000,0.974370,motorcycle
img_019519.jpg,ppd2620,ppd2620,True,0,1.0000,0.999652,motorcycle
img_019521.jpg,pps1706,pps1706,True,0,1.0000,0.797820,motorcycle
img_019525.jpg,mtx4192,mtx4192,True,0,1.0000,0.998934,motorcycle
img_019530.jpg,pxl7388,pxl7386,False,1,0.8571,0.999268,motorcycle
img_019535.jpg,odt1955,odt1955,True,0,1.0000,0.996056,motorcycle
img_019538.jpg,ppz3755,ppz3755,True,0,1.0000,0.999681,motorcycle
img_019540.jpg,mqx7585,mqx7585,True,0,1.0000,0.998954,motorcycle
img_019541.jpg,ocv3282,ocv3282,True,0,1.0000,0.992854,motorcycle
img_019542.jpg,ppo2197,ppo2197,True,0,1.0000,0.999570,motorcycle
img_019544.jpg,mtx3303,mtx330,False,1,0.8571,0.996176,motorcycle
img_019546.jpg,ppm1709,ppm1709,True,0,1.0000,0.502779,motorcycle
img_019547.jpg,msa2398,msa2398,True,0,1.0000,0.996787,motorcycle
img_019553.jpg,msz1922,msz1922,True,0,1.0000,0.999725,motorcycle
img_019556.jpg,qrb1638,qrb1638,True,0,1.0000,0.999663,motorcycle
img_019557.jpg,oyh4070,oyh4070,True,0,1.0000,0.999452,motorcycle
img_019559.jpg,mtt8743,mtt8743,True,0,1.0000,0.412495,motorcycle
img_019561.jpg,mra3876,mra3876,True,0,1.0000,0.999117,motorcycle
img_019565.jpg,msx5054,msx5054,True,0,1.0000,0.930959,motorcycle
img_019567.jpg,oyi2813,oyi2813,True,0,1.0000,0.895678,motorcycle
img_019568.jpg,mpk8317,mpk8317,True,0,1.0000,0.999585,motorcycle
img_019573.jpg,msa2398,msa2398,True,0,1.0000,0.999801,motorcycle
img_019574.jpg,mtx3303,mtx3303,True,0,1.0000,0.897146,motorcycle
img_019575.jpg,oyg1553,oyg1553,True,0,1.0000,0.999692,motorcycle
img_019582.jpg,msb1362,msb1362,True,0,1.0000,0.748553,motorcycle
img_019583.jpg,ppg5751,ppg5751,True,0,1.0000,0.999423,motorcycle
img_019584.jpg,odp0125,odp0125,True,0,1.0000,0.996576,motorcycle
img_019591.jpg,msx5054,msx0054,False,1,0.8571,0.651691,motorcycle
img_019593.jpg,jsn0597,jsn0597,True,0,1.0000,0.986681,motorcycle
img_019603.jpg,mtx7170,mtx7170,True,0,1.0000,0.999175,motorcycle
img_019605.jpg,mto5364,mto5364,True,0,1.0000,0.984161,motorcycle
img_019607.jpg,mtx3303,mtx3303,True,0,1.0000,0.668163,motorcycle
img_019612.jpg,msx2298,msx2298,True,0,1.0000,0.996819,motorcycle
img_019613.jpg,ovh6100,ovh6100,True,0,1.0000,0.999377,motorcycle
img_019616.jpg,odg5912,odg5912,True,0,1.0000,0.975521,motorcycle
img_019618.jpg,mqg7841,mqg7841,True,0,1.0000,0.998569,motorcycle
img_019621.jpg,odi1734,odi1734,True,0,1.0000,0.999099,motorcycle
img_019622.jpg,odg5912,odg5912,True,0,1.0000,0.983847,motorcycle
img_019624.jpg,msx5054,msx9055,False,2,0.7143,0.308979,motorcycle
img_019625.jpg,odl3800,odl3800,True,0,1.0000,0.832051,motorcycle
img_019628.jpg,mqp5431,mqp5431,True,0,1.0000,0.833257,motorcycle
img_019629.jpg,mqn4794,mqn4794,True,0,1.0000,0.999715,motorcycle
img_019630.jpg,ltk5452,ltk5452,True,0,1.0000,0.997141,motorcycle
img_019632.jpg,ppg5798,ppg5798,True,0,1.0000,0.999505,motorcycle
img_019633.jpg,ppr7688,ppr7688,True,0,1.0000,0.999879,motorcycle
img_019636.jpg,mtx3303,mtx3303,True,0,1.0000,0.372133,motorcycle
img_019638.jpg,ppq2825,ppq2825,True,0,1.0000,0.999815,motorcycle
img_019639.jpg,mtz2261,mtz2261,True,0,1.0000,0.990509,motorcycle
img_019642.jpg,ppf2079,ppf2079,True,0,1.0000,0.999587,motorcycle
img_019649.jpg,odn6676,odn6676,True,0,1.0000,0.999660,motorcycle
img_019651.jpg,mtq9627,mtq9627,True,0,1.0000,0.997373,motorcycle
img_019652.jpg,ovj5300,ovj5300,True,0,1.0000,0.998491,motorcycle
img_019653.jpg,mtx3303,mtx3303,True,0,1.0000,0.634542,motorcycle
img_019655.jpg,mty6860,mty6860,True,0,1.0000,0.992320,motorcycle
img_019663.jpg,mro6244,mro6244,True,0,1.0000,0.995937,motorcycle
img_019671.jpg,mru1294,mru1294,True,0,1.0000,0.999062,motorcycle
img_019672.jpg,ocw7196,ocw7136,False,1,0.8571,0.630589,motorcycle
img_019678.jpg,odb8634,odb8634,True,0,1.0000,0.999580,motorcycle
img_019680.jpg,msx2298,msx2298,True,0,1.0000,0.984011,motorcycle
img_019690.jpg,ppd2559,ppo2559,False,1,0.8571,0.686708,motorcycle
img_019694.jpg,oye3717,oye3717,True,0,1.0000,0.999791,motorcycle
img_019695.jpg,msp7266,msp7256,False,1,0.8571,0.980523,motorcycle
img_019699.jpg,ppt5205,ppt5205,True,0,1.0000,0.999474,motorcycle
img_019700.jpg,mqj9617,mqj9617,True,0,1.0000,0.999756,motorcycle
img_019701.jpg,qrd7251,qrd7251,True,0,1.0000,0.999908,motorcycle
img_019704.jpg,ppq1376,ppq1376,True,0,1.0000,0.995714,motorcycle
img_019706.jpg,ovi5924,ovi5924,True,0,1.0000,0.917333,motorcycle
img_019707.jpg,odl8131,odl8131,True,0,1.0000,0.999559,motorcycle
img_019709.jpg,mrk2241,mrk2241,True,0,1.0000,0.997223,motorcycle
img_019710.jpg,msj4609,msj4609,True,0,1.0000,0.999790,motorcycle
img_019712.jpg,ppg5751,ppg5751,True,0,1.0000,0.999834,motorcycle
img_019715.jpg,mtv6080,mtv6080,True,0,1.0000,0.906915,motorcycle
img_019717.jpg,qrd7252,qrd7252,True,0,1.0000,0.999830,motorcycle
img_019723.jpg,odj5550,odj5550,True,0,1.0000,0.679950,motorcycle
img_019727.jpg,ppt2630,ppt2630,True,0,1.0000,0.989232,motorcycle
img_019731.jpg,ppr1686,ppr1666,False,1,0.8571,0.993200,motorcycle
img_019732.jpg,mtz5078,mtz5078,True,0,1.0000,0.997893,motorcycle
img_019733.jpg,odr2292,odr2292,True,0,1.0000,0.999864,motorcycle
img_019734.jpg,mtx3303,mtx3303,True,0,1.0000,0.795274,motorcycle
img_019737.jpg,ppo2197,ppo2197,True,0,1.0000,0.992647,motorcycle
img_019739.jpg,ppe5980,ppe5980,True,0,1.0000,0.999453,motorcycle
img_019743.jpg,mtr0445,mtr0445,True,0,1.0000,0.999234,motorcycle
img_019744.jpg,ppu9971,ppu9971,True,0,1.0000,0.999847,motorcycle
img_019745.jpg,odg5912,odg5912,True,0,1.0000,0.999794,motorcycle
img_019759.jpg,mtm5314,mtm5314,True,0,1.0000,0.999687,motorcycle
img_019762.jpg,odl8131,odl8131,True,0,1.0000,0.999542,motorcycle
img_019764.jpg,mtz5078,mtz5078,True,0,1.0000,0.994076,motorcycle
img_019768.jpg,ppb4172,ppb4172,True,0,1.0000,0.999190,motorcycle
img_019769.jpg,ods0897,ods0897,True,0,1.0000,0.999305,motorcycle
img_019774.jpg,ppq9375,ppq9375,True,0,1.0000,0.997468,motorcycle
img_019776.jpg,ovl3436,ovl3436,True,0,1.0000,0.998088,motorcycle
img_019778.jpg,oye6829,oye6829,True,0,1.0000,0.999703,motorcycle
img_019779.jpg,mtz5078,mtz5078,True,0,1.0000,0.999628,motorcycle
img_019780.jpg,ocx7943,ocx7943,True,0,1.0000,0.990843,motorcycle
img_019783.jpg,qrc0981,qrc0081,False,1,0.8571,0.708113,motorcycle
img_019784.jpg,mtx4192,mtx4192,True,0,1.0000,0.999317,motorcycle
img_019788.jpg,odg5912,odg5912,True,0,1.0000,0.999159,motorcycle
img_019790.jpg,ppg3571,ppg3571,True,0,1.0000,0.999258,motorcycle
img_019792.jpg,ocw7196,ocw7196,True,0,1.0000,0.999789,motorcycle
img_019794.jpg,odg5912,odg5912,True,0,1.0000,0.999237,motorcycle
img_019795.jpg,ppo2191,ppo2191,True,0,1.0000,0.997693,motorcycle
img_019796.jpg,odl8131,odl8131,True,0,1.0000,0.999776,motorcycle
img_019808.jpg,pps7270,pps7270,True,0,1.0000,0.972920,motorcycle
img_019809.jpg,ppg5713,ppg5713,True,0,1.0000,0.999705,motorcycle
img_019810.jpg,ods0897,ods0897,True,0,1.0000,0.993421,motorcycle
img_019812.jpg,ppm4442,ppm4442,True,0,1.0000,0.999904,motorcycle
img_019817.jpg,msx5054,msx9054,False,1,0.8571,0.703850,motorcycle
img_019818.jpg,mts5164,mts5164,True,0,1.0000,0.999147,motorcycle
img_019819.jpg,mtz5078,mtz5078,True,0,1.0000,0.999063,motorcycle
img_019821.jpg,mro6244,mro6244,True,0,1.0000,0.969613,motorcycle
img_019824.jpg,ppq1376,ppq1376,True,0,1.0000,0.995581,motorcycle
img_019825.jpg,ppd2620,ppd2620,True,0,1.0000,0.999870,motorcycle
img_019826.jpg,msb1362,msb1363,False,1,0.8571,0.995090,motorcycle
img_019827.jpg,odn9515,odn9515,True,0,1.0000,0.927421,motorcycle
img_019833.jpg,odb2698,odb2698,True,0,1.0000,0.988030,motorcycle
img_019834.jpg,mtz5078,mtz5078,True,0,1.0000,0.999162,motorcycle
img_019835.jpg,odc7430,odc7430,True,0,1.0000,0.999567,motorcycle
img_019837.jpg,ppb0543,ppb0543,True,0,1.0000,0.999797,motorcycle
img_019839.jpg,ppm5173,ppm5173,True,0,1.0000,0.996727,motorcycle
img_019840.jpg,msa8197,msa8197,True,0,1.0000,0.987997,motorcycle
img_019844.jpg,mtz5078,mtz5078,True,0,1.0000,0.991401,motorcycle
img_019845.jpg,mtx3303,mtx3202,False,2,0.7143,0.333561,motorcycle
img_019852.jpg,odn8534,odn8534,True,0,1.0000,0.999498,motorcycle
img_019856.jpg,mta5460,mta5460,True,0,1.0000,0.999077,motorcycle
img_019857.jpg,odr4281,odr4281,True,0,1.0000,0.954920,motorcycle
img_019858.jpg,oko9518,oko9518,True,0,1.0000,0.985924,motorcycle
img_019859.jpg,mrz4429,mpe4a29,False,3,0.5714,0.339838,motorcycle
img_019869.jpg,ppy6961,ppy6961,True,0,1.0000,0.998678,motorcycle
img_019872.jpg,odt9878,odt9878,True,0,1.0000,0.997843,motorcycle
img_019873.jpg,ppu4392,ppu4392,True,0,1.0000,0.992337,motorcycle
img_019880.jpg,pps7339,pps7339,True,0,1.0000,0.999000,motorcycle
img_019883.jpg,mtz0670,mtz0670,True,0,1.0000,0.999861,motorcycle
img_019886.jpg,mth2379,mth2379,True,0,1.0000,0.999623,motorcycle
img_019890.jpg,mta6451,mta6451,True,0,1.0000,0.999100,motorcycle
img_019892.jpg,odb7075,odb7075,True,0,1.0000,0.990077,motorcycle
img_019898.jpg,mro4578,mro4578,True,0,1.0000,0.998938,motorcycle
img_019901.jpg,mtq9210,mtq9210,True,0,1.0000,0.995897,motorcycle
img_019903.jpg,mtx3303,mtx3303,True,0,1.0000,0.991130,motorcycle
img_019905.jpg,ovl8579,ovl8579,True,0,1.0000,0.780428,motorcycle
img_019909.jpg,msb1362,msb1363,False,1,0.8571,0.975489,motorcycle
img_019915.jpg,odg5912,odg5912,True,0,1.0000,0.999391,motorcycle
img_019919.jpg,qrb8036,qrb8036,True,0,1.0000,0.999197,motorcycle
img_019920.jpg,ppk8709,ppk5700,False,2,0.7143,0.452463,motorcycle
img_019921.jpg,ppb4183,ppb4183,True,0,1.0000,0.999162,motorcycle
img_019926.jpg,odb4107,odb4107,True,0,1.0000,0.993319,motorcycle
img_019927.jpg,kpu6390,kpu6390,True,0,1.0000,0.999515,motorcycle
img_019929.jpg,mtz5078,mtz5078,True,0,1.0000,0.999786,motorcycle
img_019931.jpg,hdy6316,hdy6516,False,1,0.8571,0.830672,motorcycle
img_019932.jpg,mro6244,mro6244,True,0,1.0000,0.995672,motorcycle
img_019935.jpg,mtv0352,mtv0352,True,0,1.0000,0.999197,motorcycle
img_019938.jpg,odr4281,odr4281,True,0,1.0000,0.999191,motorcycle
img_019941.jpg,ppb4231,ppb4231,True,0,1.0000,0.999703,motorcycle
img_019942.jpg,odj5604,odj5604,True,0,1.0000,0.999829,motorcycle
img_019943.jpg,odb7075,odb7075,True,0,1.0000,0.998886,motorcycle
img_019944.jpg,msz1632,msz1632,True,0,1.0000,0.706076,motorcycle
img_019949.jpg,ppm9555,ppm9555,True,0,1.0000,0.999609,motorcycle
img_019950.jpg,ppr7688,ppr7688,True,0,1.0000,0.999723,motorcycle
img_019951.jpg,msm6217,msm6217,True,0,1.0000,0.999157,motorcycle
img_019953.jpg,qrd7245,qrd7245,True,0,1.0000,0.999742,motorcycle
img_019960.jpg,qrd0121,qrd0121,True,0,1.0000,0.999931,motorcycle
img_019961.jpg,odb5237,odb5237,True,0,1.0000,0.998362,motorcycle
img_019965.jpg,qnx3469,qnx3469,True,0,1.0000,0.545024,motorcycle
img_019969.jpg,msb9683,msb0683,False,1,0.8571,0.815459,motorcycle
img_019971.jpg,mtx4192,mtx4192,True,0,1.0000,0.999430,motorcycle
img_019979.jpg,ppp3131,ppp3131,True,0,1.0000,0.999246,motorcycle
img_019982.jpg,odm4163,odm4163,True,0,1.0000,0.996711,motorcycle
img_019984.jpg,oyd1390,oyd1390,True,0,1.0000,0.993985,motorcycle
img_019985.jpg,mtz5078,mtz5078,True,0,1.0000,0.998228,motorcycle
img_019986.jpg,ppn2582,ppn2582,True,0,1.0000,0.999702,motorcycle
img_019991.jpg,lkq0727,lkq0727,True,0,1.0000,0.959540,motorcycle
img_019992.jpg,mpe6919,mpe6919,True,0,1.0000,0.998752,motorcycle
img_019994.jpg,odj5604,odj5604,True,0,1.0000,0.999871,motorcycle
img_019996.jpg,mqs0401,mqs0401,True,0,1.0000,0.995963,motorcycle
img_019997.jpg,ppo2162,ppo2162,True,0,1.0000,0.998399,motorcycle
img_020000.jpg,oyd2830,oyd2830,True,0,1.0000,0.958433,motorcycle
img_020007.jpg,mpk8317,mpk8317,True,0,1.0000,0.999306,motorcycle
img_020012.jpg,ppz1463,ppz1463,True,0,1.0000,0.999853,motorcycle
img_020013.jpg,msy3067,msy3067,True,0,1.0000,0.999818,motorcycle
img_020014.jpg,ppd2620,ppd2620,True,0,1.0000,0.999631,motorcycle
img_020018.jpg,asy9044,asy9044,True,0,1.0000,0.976471,motorcycle
img_020019.jpg,odm6783,odm6783,True,0,1.0000,0.880395,motorcycle
img_020023.jpg,mtl2735,mtl2735,True,0,1.0000,0.988082,motorcycle
img_020028.jpg,oyh0980,oyh0980,True,0,1.0000,0.961693,motorcycle
img_020031.jpg,qrd7245,qrd7245,True,0,1.0000,0.999684,motorcycle
img_020033.jpg,ocx7943,ocx7943,True,0,1.0000,0.466408,motorcycle
img_020036.jpg,msm6217,msm6217,True,0,1.0000,0.999516,motorcycle
img_020039.jpg,odr2292,odr2292,True,0,1.0000,0.999816,motorcycle
img_020041.jpg,msb1362,msb1363,False,1,0.8571,0.928991,motorcycle
img_020043.jpg,odl8131,odl8131,True,0,1.0000,0.998580,motorcycle
img_020044.jpg,mst6448,mst6448,True,0,1.0000,0.998855,motorcycle
img_020047.jpg,ppu1462,ppu1462,True,0,1.0000,0.994022,motorcycle
img_020049.jpg,qrb8116,qrb8116,True,0,1.0000,0.999406,motorcycle
img_020054.jpg,ppb4183,ppb4183,True,0,1.0000,0.958631,motorcycle
img_020055.jpg,ods0897,ods0897,True,0,1.0000,0.998781,motorcycle
img_020061.jpg,mqj6527,mqj6527,True,0,1.0000,0.999236,motorcycle
img_020063.jpg,mtz2261,mtz2261,True,0,1.0000,0.998372,motorcycle
img_020065.jpg,ppl7980,ppl7980,True,0,1.0000,0.999677,motorcycle
img_020066.jpg,mqh2561,mqh2561,True,0,1.0000,0.996493,motorcycle
img_020067.jpg,odi2928,odi2928,True,0,1.0000,0.997341,motorcycle
img_020070.jpg,odj2762,odj2262,False,1,0.8571,0.828922,motorcycle
img_020071.jpg,mta5424,mta5424,True,0,1.0000,0.994886,motorcycle
img_020073.jpg,odh7019,odh7019,True,0,1.0000,0.999821,motorcycle
img_020074.jpg,pps6244,pps6244,True,0,1.0000,0.994195,motorcycle
img_020079.jpg,ppw3680,ppw3680,True,0,1.0000,0.999863,motorcycle
img_020081.jpg,mpe6919,mpe6919,True,0,1.0000,0.959592,motorcycle
img_020086.jpg,mrv9051,mrv9051,True,0,1.0000,0.999157,motorcycle
img_020089.jpg,ppj3188,ppj3188,True,0,1.0000,0.999791,motorcycle
img_020092.jpg,odt6046,odt6046,True,0,1.0000,0.999891,motorcycle
img_020093.jpg,msz1632,msz1632,True,0,1.0000,0.836880,motorcycle
img_020094.jpg,ppj2374,ppj2374,True,0,1.0000,0.996326,motorcycle
img_020098.jpg,mtz5078,mtz5078,True,0,1.0000,0.996383,motorcycle
img_020104.jpg,mtz0748,mtz0748,True,0,1.0000,0.951967,motorcycle
img_020106.jpg,oyj4153,oyj4153,True,0,1.0000,0.993816,motorcycle
img_020110.jpg,ocv8403,ocv8403,True,0,1.0000,0.998927,motorcycle
img_020113.jpg,ppg5713,ppg5713,True,0,1.0000,0.999513,motorcycle
img_020117.jpg,qrd7245,qrd7245,True,0,1.0000,0.999375,motorcycle
img_020118.jpg,oye8534,oye8534,True,0,1.0000,0.968970,motorcycle
img_020121.jpg,ppv9585,ppv9585,True,0,1.0000,0.551690,motorcycle
img_020123.jpg,oyj2555,oyj2555,True,0,1.0000,0.549834,motorcycle
img_020127.jpg,msb1362,msb1363,False,1,0.8571,0.987221,motorcycle
img_020130.jpg,qrb8001,qrb8005,False,1,0.8571,0.845500,motorcycle
img_020133.jpg,opz6615,opz6615,True,0,1.0000,0.998212,motorcycle
img_020134.jpg,ppk8700,ppk8700,True,0,1.0000,0.999693,motorcycle
img_020135.jpg,odr4648,odr5648,False,1,0.8571,0.698744,motorcycle
img_020138.jpg,mtz5078,mtz5078,True,0,1.0000,0.999633,motorcycle
img_020142.jpg,mru3095,mrd3095,False,1,0.8571,0.647784,motorcycle
img_020144.jpg,ppj2374,ppj2374,True,0,1.0000,0.978025,motorcycle
img_020145.jpg,ppv5741,ppv5741,True,0,1.0000,0.999202,motorcycle
img_020146.jpg,mql2015,mql2016,False,1,0.8571,0.785909,motorcycle
img_020147.jpg,mqx2913,mqx2913,True,0,1.0000,0.999455,motorcycle
img_020150.jpg,mph2341,mph2341,True,0,1.0000,0.995268,motorcycle
img_020151.jpg,ppm2910,ppm2910,True,0,1.0000,0.999634,motorcycle
img_020153.jpg,mpe6919,mpe6919,True,0,1.0000,0.999023,motorcycle
img_020155.jpg,ppj3188,ppj3188,True,0,1.0000,0.999297,motorcycle
img_020157.jpg,odg5912,odg5912,True,0,1.0000,0.999665,motorcycle
img_020158.jpg,odr4648,odr4648,True,0,1.0000,0.987332,motorcycle
img_020159.jpg,msh3522,msh3522,True,0,1.0000,0.997575,motorcycle
img_020165.jpg,odr2292,odr2292,True,0,1.0000,0.975884,motorcycle
img_020166.jpg,msb1362,msb1363,False,1,0.8571,0.879290,motorcycle
img_020170.jpg,odt9878,odt9878,True,0,1.0000,0.999385,motorcycle
img_020172.jpg,odj5604,odj5604,True,0,1.0000,0.999795,motorcycle
img_020178.jpg,ppo2334,ppo2334,True,0,1.0000,0.999711,motorcycle
img_020179.jpg,ods0897,ods0897,True,0,1.0000,0.972453,motorcycle
img_020181.jpg,ppu6260,ppu6260,True,0,1.0000,0.998764,motorcycle
img_020182.jpg,ppg0652,ppg0652,True,0,1.0000,0.996407,motorcycle
img_020183.jpg,ocx2033,ocx2033,True,0,1.0000,0.999129,motorcycle
img_020184.jpg,mtx4192,mtx4192,True,0,1.0000,0.999513,motorcycle
img_020185.jpg,odl3800,odl3800,True,0,1.0000,0.999768,motorcycle
img_020191.jpg,odi8520,odi8520,True,0,1.0000,0.999765,motorcycle
img_020192.jpg,msh9204,msw9204,False,1,0.8571,0.991657,motorcycle
img_020193.jpg,ppm9557,ppm9557,True,0,1.0000,0.999864,motorcycle
img_020194.jpg,ppv5741,ppv5741,True,0,1.0000,0.999363,motorcycle
img_020195.jpg,mtz5078,mtz5078,True,0,1.0000,0.999502,motorcycle
img_020198.jpg,odf8751,odf8751,True,0,1.0000,0.999928,motorcycle
img_020201.jpg,odr4648,odr4648,True,0,1.0000,0.542248,motorcycle
img_020202.jpg,mtx4192,mtx4192,True,0,1.0000,0.998944,motorcycle
img_020203.jpg,msb1362,msb1363,False,1,0.8571,0.995768,motorcycle
img_020205.jpg,qrd0121,qrd0121,True,0,1.0000,0.999889,motorcycle
img_020210.jpg,ppk8700,ppk8700,True,0,1.0000,0.998035,motorcycle
img_020213.jpg,ppk8694,ppk8694,True,0,1.0000,0.999918,motorcycle
img_020215.jpg,odr3327,odr3327,True,0,1.0000,0.998943,motorcycle
img_020222.jpg,msz1632,msz1533,False,2,0.7143,0.248477,motorcycle
img_020223.jpg,odj5604,odj5604,True,0,1.0000,0.999692,motorcycle
img_020225.jpg,ppu1457,ppu1457,True,0,1.0000,0.999340,motorcycle
img_020227.jpg,odm6707,odm6707,True,0,1.0000,0.743977,motorcycle
img_020228.jpg,odt1955,odt1955,True,0,1.0000,0.999227,motorcycle
img_020233.jpg,ppm9537,ppm9537,True,0,1.0000,0.999535,motorcycle
img_020239.jpg,ppc8676,ppc8676,True,0,1.0000,0.999812,motorcycle
img_020244.jpg,ppv2570,ppv2570,True,0,1.0000,0.998963,motorcycle
img_020246.jpg,ppu4392,ppu4392,True,0,1.0000,0.998233,motorcycle
img_020260.jpg,odj2762,odj2262,False,1,0.8571,0.595124,motorcycle
img_020261.jpg,ppm9557,ppu9557,False,1,0.8571,0.677947,motorcycle
img_020262.jpg,mph2341,mph2341,True,0,1.0000,0.999243,motorcycle
img_020263.jpg,mpn7049,mpn7049,True,0,1.0000,0.983330,motorcycle
img_020264.jpg,mtx4192,mtx4192,True,0,1.0000,0.999211,motorcycle
img_020270.jpg,qrd3816,qrd3816,True,0,1.0000,0.999707,motorcycle
img_020271.jpg,mtx7170,mtx7170,True,0,1.0000,0.998536,motorcycle
img_020274.jpg,odp0225,odp0225,True,0,1.0000,0.999770,motorcycle
img_020275.jpg,msn5190,msn5190,True,0,1.0000,0.998604,motorcycle
img_020281.jpg,mtt0512,mtt0512,True,0,1.0000,0.992422,motorcycle
img_020283.jpg,msb1362,msb1363,False,1,0.8571,0.963622,motorcycle
img_020287.jpg,msz1632,msz1533,False,2,0.7143,0.492854,motorcycle
img_020292.jpg,mql2015,mql2015,True,0,1.0000,0.994716,motorcycle
img_020294.jpg,ppz9797,ppz9797,True,0,1.0000,0.998982,motorcycle
img_020297.jpg,odk1170,odk1170,True,0,1.0000,0.999204,motorcycle
img_020301.jpg,mtz5078,mtz5078,True,0,1.0000,0.999692,motorcycle
img_020302.jpg,odr4648,odr5648,False,1,0.8571,0.921036,motorcycle
img_020306.jpg,odp0225,odp0225,True,0,1.0000,0.998959,motorcycle
img_020307.jpg,mtx4192,mtx4192,True,0,1.0000,0.999461,motorcycle
img_020309.jpg,msb1362,msb1363,False,1,0.8571,0.988248,motorcycle
img_020310.jpg,ppg5751,ppg5751,True,0,1.0000,0.999754,motorcycle
img_020312.jpg,mqz6035,mqz6035,True,0,1.0000,0.999139,motorcycle
img_020316.jpg,mqh2561,mqh2561,True,0,1.0000,0.998024,motorcycle
img_020323.jpg,mpl7707,mpl7707,True,0,1.0000,0.999676,motorcycle
img_020325.jpg,qrc1114,qrc1114,True,0,1.0000,0.999864,motorcycle
img_020327.jpg,ppv9585,ppv5585,False,1,0.8571,0.968125,motorcycle
img_020328.jpg,ppg9448,ppg9448,True,0,1.0000,0.999877,motorcycle
img_020330.jpg,ppm4442,ppm4442,True,0,1.0000,0.999809,motorcycle
img_020331.jpg,mtt8621,mtt8621,True,0,1.0000,0.999619,motorcycle
img_020332.jpg,mtx4192,mtx4192,True,0,1.0000,0.999618,motorcycle
img_020333.jpg,ovh6100,ovh6100,True,0,1.0000,0.995063,motorcycle
img_020336.jpg,msa4370,msa4370,True,0,1.0000,0.996597,motorcycle
img_020337.jpg,msb9683,msb9683,True,0,1.0000,0.879312,motorcycle
img_020339.jpg,msb1362,msb1363,False,1,0.8571,0.993202,motorcycle
img_020340.jpg,ppd2620,ppd2620,True,0,1.0000,0.999661,motorcycle
img_020345.jpg,mse7469,mse7469,True,0,1.0000,0.946655,motorcycle
img_020347.jpg,msz1632,msz1633,False,1,0.8571,0.983387,motorcycle
img_020351.jpg,ppb4172,ppb4172,True,0,1.0000,0.999738,motorcycle
img_020353.jpg,odb4115,odb4115,True,0,1.0000,0.996078,motorcycle
img_020360.jpg,msx9147,msx9147,True,0,1.0000,0.997267,motorcycle
img_020361.jpg,oye6856,oye6856,True,0,1.0000,0.999483,motorcycle
img_020363.jpg,mse7469,mse7469,True,0,1.0000,0.999641,motorcycle
img_020369.jpg,mtz5078,mtz5078,True,0,1.0000,0.999657,motorcycle
img_020370.jpg,mra3876,mra3876,True,0,1.0000,0.999481,motorcycle
img_020373.jpg,ppu4392,ppu4392,True,0,1.0000,0.995836,motorcycle
img_020378.jpg,ovl3436,ovl3436,True,0,1.0000,0.984695,motorcycle
img_020382.jpg,msx9147,msx9147,True,0,1.0000,0.997665,motorcycle
img_020383.jpg,mqx2913,mqx2913,True,0,1.0000,0.998764,motorcycle
img_020385.jpg,mpn7049,mpn7049,True,0,1.0000,0.971671,motorcycle
img_020386.jpg,msb1362,msb1363,False,1,0.8571,0.986915,motorcycle
img_020387.jpg,qrb8001,qrb8001,True,0,1.0000,0.995029,motorcycle
img_020392.jpg,mtx4192,mtx4192,True,0,1.0000,0.999195,motorcycle
img_020396.jpg,odr4648,odr4648,True,0,1.0000,0.967642,motorcycle
img_020400.jpg,mtd1829,mtd1829,True,0,1.0000,0.997474,motorcycle
img_020404.jpg,oyi2833,oyi2883,False,1,0.8571,0.988638,motorcycle
img_020405.jpg,qrd3846,qrd3846,True,0,1.0000,0.997618,motorcycle
img_020408.jpg,ppo2162,ppo2162,True,0,1.0000,0.980459,motorcycle
img_020410.jpg,ppj2374,ppj2374,True,0,1.0000,0.997759,motorcycle
img_020419.jpg,ppa9547,ppa9547,True,0,1.0000,0.999873,motorcycle
img_020421.jpg,mtl2735,mtl2735,True,0,1.0000,0.993866,motorcycle
img_020424.jpg,mtd1829,mtd1829,True,0,1.0000,0.998711,motorcycle
img_020432.jpg,ovl3386,ovl3386,True,0,1.0000,0.999770,motorcycle
img_020436.jpg,ppz3755,ppz3755,True,0,1.0000,0.999829,motorcycle
img_020439.jpg,mtz5078,mtz5078,True,0,1.0000,0.997036,motorcycle
img_020440.jpg,msr1575,msr1575,True,0,1.0000,0.999521,motorcycle
img_020441.jpg,ppm2910,ppm2910,True,0,1.0000,0.999656,motorcycle
img_020442.jpg,ppv5741,ppv5741,True,0,1.0000,0.995501,motorcycle
img_020444.jpg,odr4648,odr4648,True,0,1.0000,0.890072,motorcycle
img_020445.jpg,mrf6286,mrf6286,True,0,1.0000,0.999559,motorcycle
img_020446.jpg,msb1362,msb1363,False,1,0.8571,0.995453,motorcycle
img_020451.jpg,ocw9063,ocw9063,True,0,1.0000,0.994566,motorcycle
img_020464.jpg,mtw6413,mtw6413,True,0,1.0000,0.999710,motorcycle
img_020467.jpg,mtx4192,mtx4192,True,0,1.0000,0.999501,motorcycle
img_020468.jpg,odj5604,odj5604,True,0,1.0000,0.999658,motorcycle
img_020470.jpg,mtt1831,mtt1831,True,0,1.0000,0.982055,motorcycle
img_020476.jpg,mtx7170,mtx7170,True,0,1.0000,0.998825,motorcycle
img_020479.jpg,msa6798,msa6798,True,0,1.0000,0.992576,motorcycle
img_020480.jpg,ppp3359,ppp3359,True,0,1.0000,0.999796,motorcycle
img_020482.jpg,odr4648,odr5648,False,1,0.8571,0.691176,motorcycle
img_020484.jpg,qrd7245,qrd7245,True,0,1.0000,0.998667,motorcycle
img_020486.jpg,mrf8508,mrf8508,True,0,1.0000,0.999787,motorcycle
img_020488.jpg,mtx4192,mtx4192,True,0,1.0000,0.999667,motorcycle
img_020491.jpg,mro6244,mro6244,True,0,1.0000,0.998731,motorcycle
img_020496.jpg,msz1632,msz1632,True,0,1.0000,0.808868,motorcycle
img_020497.jpg,odm9555,odm9555,True,0,1.0000,0.999937,motorcycle
img_020500.jpg,ppo2178,ppo2178,True,0,1.0000,0.998469,motorcycle
img_020505.jpg,ovi2792,ovi2792,True,0,1.0000,0.998035,motorcycle
img_020510.jpg,ppg5713,ppg5713,True,0,1.0000,0.997875,motorcycle
img_020511.jpg,mtx4192,mtx4192,True,0,1.0000,0.999095,motorcycle
img_020513.jpg,ppm1734,ppm1734,True,0,1.0000,0.999534,motorcycle
img_020514.jpg,oyj2555,oyj2555,True,0,1.0000,0.934218,motorcycle
img_020516.jpg,odh5452,odh5452,True,0,1.0000,0.999018,motorcycle
img_020520.jpg,mtx7170,mtx7170,True,0,1.0000,0.996208,motorcycle
img_020521.jpg,ppt7234,ppt7234,True,0,1.0000,0.999184,motorcycle
img_020522.jpg,ppt9149,ppt9149,True,0,1.0000,0.999811,motorcycle
img_020523.jpg,ozk3386,ozk3386,True,0,1.0000,0.999643,motorcycle
img_020524.jpg,mqa5134,mqa5134,True,0,1.0000,0.999456,motorcycle
img_020525.jpg,ove0989,ove0989,True,0,1.0000,0.996623,motorcycle
img_020528.jpg,mqk5693,mqk5693,True,0,1.0000,0.999808,motorcycle
img_020529.jpg,ovl3436,ovl3436,True,0,1.0000,0.999213,motorcycle
img_020530.jpg,odj5461,odj5461,True,0,1.0000,0.997065,motorcycle
img_020540.jpg,ppt5209,ppt5209,True,0,1.0000,0.999730,motorcycle
img_020542.jpg,hlc2481,hlc2481,True,0,1.0000,0.999523,motorcycle
img_020543.jpg,mpn7049,mpn7049,True,0,1.0000,0.993341,motorcycle
img_020548.jpg,mqi6783,mqi6783,True,0,1.0000,0.999121,motorcycle
img_020549.jpg,hjo2485,hjo2485,True,0,1.0000,0.618226,motorcycle
img_020554.jpg,kxn2215,kxn2215,True,0,1.0000,0.938320,motorcycle
img_020564.jpg,msw4283,msw4283,True,0,1.0000,0.999737,motorcycle
img_020568.jpg,ppm1709,ppm1709,True,0,1.0000,0.671282,motorcycle
img_020570.jpg,ppr5542,ppr5542,True,0,1.0000,0.998976,motorcycle
img_020574.jpg,mpl7707,mpl7707,True,0,1.0000,0.999812,motorcycle
img_020577.jpg,hlc2481,hlc2481,True,0,1.0000,0.999539,motorcycle
img_020580.jpg,prf7007,prf7007,True,0,1.0000,0.999830,motorcycle
img_020583.jpg,ppw0768,ppw0768,True,0,1.0000,0.999444,motorcycle
img_020587.jpg,odj2879,odj2879,True,0,1.0000,0.822623,motorcycle
img_020589.jpg,ppj7470,ppj7470,True,0,1.0000,0.998713,motorcycle
img_020590.jpg,ppr1686,ppr1666,False,1,0.8571,0.859406,motorcycle
img_020597.jpg,qrd7892,qrd7892,True,0,1.0000,0.999880,motorcycle
img_020600.jpg,mqv9691,mqv9651,False,1,0.8571,0.991495,motorcycle
img_020601.jpg,odj5604,odj5604,True,0,1.0000,0.999475,motorcycle
img_020602.jpg,msb9683,msb0663,False,2,0.7143,0.324162,motorcycle
img_020604.jpg,odg5912,odg5912,True,0,1.0000,0.999079,motorcycle
img_020609.jpg,odb2698,odb2698,True,0,1.0000,0.999858,motorcycle
img_020610.jpg,odg5912,odg5912,True,0,1.0000,0.999342,motorcycle
img_020611.jpg,odr3327,odr3327,True,0,1.0000,0.999872,motorcycle
img_020612.jpg,mtx7170,mtx7170,True,0,1.0000,0.999426,motorcycle
img_020614.jpg,mtz5078,mtz5078,True,0,1.0000,0.999792,motorcycle
img_020615.jpg,ppv9692,ppv9692,True,0,1.0000,0.999548,motorcycle
img_020618.jpg,odj0825,odj0825,True,0,1.0000,0.992800,motorcycle
img_020622.jpg,ocx8244,ocx8244,True,0,1.0000,0.999771,motorcycle
img_020623.jpg,ovj5300,ovj5300,True,0,1.0000,0.999773,motorcycle
img_020626.jpg,odr4648,odr4648,True,0,1.0000,0.989145,motorcycle
img_020627.jpg,mtx4192,mtx4192,True,0,1.0000,0.999086,motorcycle
img_020630.jpg,odn8534,odn8534,True,0,1.0000,0.999598,motorcycle
img_020633.jpg,ocw7196,ocw7196,True,0,1.0000,0.996451,motorcycle
img_020634.jpg,odg5912,odg5912,True,0,1.0000,0.939003,motorcycle
img_020636.jpg,mtx9393,mtx9393,True,0,1.0000,0.998745,motorcycle
img_020638.jpg,odc7430,odc7430,True,0,1.0000,0.999307,motorcycle
img_020642.jpg,odr5971,odr5971,True,0,1.0000,0.999519,motorcycle
img_020643.jpg,odr2292,odr2292,True,0,1.0000,0.999881,motorcycle
img_020644.jpg,ppp3129,ppp3129,True,0,1.0000,0.999779,motorcycle
img_020645.jpg,mrf8508,mrf8508,True,0,1.0000,0.999629,motorcycle
img_020647.jpg,qrd7892,qrd7892,True,0,1.0000,0.999880,motorcycle
img_020649.jpg,qrc1114,qrc1114,True,0,1.0000,0.999849,motorcycle
img_020650.jpg,ppc8676,ppc1676,False,1,0.8571,0.999520,motorcycle
img_020653.jpg,mqs0401,mqs0401,True,0,1.0000,0.999542,motorcycle
img_020654.jpg,odr4648,odr4648,True,0,1.0000,0.988988,motorcycle
img_020658.jpg,ppo6851,ppo6851,True,0,1.0000,0.891924,motorcycle
img_020659.jpg,mpv8198,mpv8798,False,1,0.8571,0.941586,motorcycle
img_020661.jpg,ppz2838,ppz2838,True,0,1.0000,0.999851,motorcycle
img_020663.jpg,ppq3967,ppo3967,False,1,0.8571,0.999446,motorcycle
img_020664.jpg,ppp2156,ppp2156,True,0,1.0000,0.976630,motorcycle
img_020666.jpg,mtg9119,mtg9119,True,0,1.0000,0.998838,motorcycle
img_020668.jpg,mqy3046,mqy3046,True,0,1.0000,0.999704,motorcycle
img_020675.jpg,msz1632,msz1632,True,0,1.0000,0.554853,motorcycle
img_020676.jpg,ove0989,ove1909,False,2,0.7143,0.814298,motorcycle
img_020683.jpg,mrd1456,mrd1455,False,1,0.8571,0.892843,motorcycle
img_020687.jpg,mtx4192,mtx4192,True,0,1.0000,0.999329,motorcycle
img_020689.jpg,ppy6645,ppy6645,True,0,1.0000,0.999858,motorcycle
img_020693.jpg,odi1734,odi1734,True,0,1.0000,0.992260,motorcycle
img_020695.jpg,qrc1723,qrc1723,True,0,1.0000,0.999709,motorcycle
img_020696.jpg,ppv8000,ppv8000,True,0,1.0000,0.999913,motorcycle
img_020699.jpg,ocx6654,qcx6654,False,1,0.8571,0.968764,motorcycle
img_020702.jpg,mtz5078,mtz5078,True,0,1.0000,0.999453,motorcycle
img_020703.jpg,mss5191,msc5191,False,1,0.8571,0.724403,motorcycle
img_020704.jpg,ppy6837,ppy6837,True,0,1.0000,0.999829,motorcycle
img_020708.jpg,ppv8396,ppv8396,True,0,1.0000,0.999732,motorcycle
img_020709.jpg,hcw3772,hcw3772,True,0,1.0000,0.992908,motorcycle
img_020710.jpg,ods1031,ods1031,True,0,1.0000,0.999293,motorcycle
img_020711.jpg,kzi9639,kzi9639,True,0,1.0000,0.999002,motorcycle
img_020712.jpg,ods0897,ods0897,True,0,1.0000,0.999308,motorcycle
img_020713.jpg,ppo2344,ppo2344,True,0,1.0000,0.999630,motorcycle
img_020716.jpg,mtt1831,mtt1831,True,0,1.0000,0.999726,motorcycle
img_020720.jpg,odt9878,odt9878,True,0,1.0000,0.997434,motorcycle
img_020721.jpg,odc7430,odc7430,True,0,1.0000,0.999823,motorcycle
img_020724.jpg,mqk5693,mqk5693,True,0,1.0000,0.999472,motorcycle
img_020725.jpg,mqn4794,mqn4794,True,0,1.0000,0.999871,motorcycle
img_020739.jpg,odk1170,odk1170,True,0,1.0000,0.996846,motorcycle
img_020743.jpg,msr1575,msr1575,True,0,1.0000,0.999697,motorcycle
img_020744.jpg,ppe0073,ppe0073,True,0,1.0000,0.999639,motorcycle
img_020748.jpg,ppq7827,ppq7827,True,0,1.0000,0.997056,motorcycle
img_020749.jpg,msv4983,msv4983,True,0,1.0000,0.999324,motorcycle
img_020755.jpg,ppy6491,ppy6491,True,0,1.0000,0.999739,motorcycle
img_020756.jpg,mtx7170,mtx7170,True,0,1.0000,0.997380,motorcycle
img_020758.jpg,mrd3742,mro3742,False,1,0.8571,0.786445,motorcycle
img_020761.jpg,mqk8759,mqr8759,False,1,0.8571,0.999433,motorcycle
img_020765.jpg,mqa5134,mqa5134,True,0,1.0000,0.997640,motorcycle
img_020771.jpg,odj5461,odj5461,True,0,1.0000,0.996502,motorcycle
img_020775.jpg,msb9683,msb9683,True,0,1.0000,0.989507,motorcycle
img_020777.jpg,mrt3912,mrt3912,True,0,1.0000,0.919172,motorcycle
img_020788.jpg,msk5541,msk5541,True,0,1.0000,0.999806,motorcycle
img_020789.jpg,ppi7591,ppi7591,True,0,1.0000,0.999561,motorcycle
img_020793.jpg,msz1632,msz1533,False,2,0.7143,0.744631,motorcycle
img_020798.jpg,ppb4172,ppb4172,True,0,1.0000,0.999827,motorcycle
img_020800.jpg,mst6448,msi6440,False,2,0.7143,0.533797,motorcycle
img_020803.jpg,mrf3594,mrf3594,True,0,1.0000,0.999878,motorcycle
img_020805.jpg,odr4648,odr4648,True,0,1.0000,0.856929,motorcycle
img_020806.jpg,oyg5604,oyg5604,True,0,1.0000,0.930012,motorcycle
img_020807.jpg,qrd7245,qrd7245,True,0,1.0000,0.999765,motorcycle
img_020808.jpg,mtz5078,mtz5078,True,0,1.0000,0.999701,motorcycle
img_020809.jpg,mtx4192,mtx4192,True,0,1.0000,0.999306,motorcycle
img_020814.jpg,ppy6861,ppy6861,True,0,1.0000,0.999440,motorcycle
img_020818.jpg,msa5116,msa5116,True,0,1.0000,0.999606,motorcycle
img_020821.jpg,qld0106,old0106,False,1,0.8571,0.984871,motorcycle
img_020822.jpg,mtz5078,mtz5078,True,0,1.0000,0.997860,motorcycle
img_020823.jpg,mtx4192,mtx4192,True,0,1.0000,0.998871,motorcycle
img_020824.jpg,ovj6272,ovj6272,True,0,1.0000,0.999744,motorcycle
img_020826.jpg,ppy6861,ppy6861,True,0,1.0000,0.998782,motorcycle
img_020827.jpg,msb9683,msb9683,True,0,1.0000,0.998935,motorcycle
img_020830.jpg,qrb8036,qrb8036,True,0,1.0000,0.999844,motorcycle
img_020837.jpg,pwy5444,pwy5444,True,0,1.0000,0.991012,motorcycle
img_020839.jpg,msy7490,msy7490,True,0,1.0000,0.999862,motorcycle
img_020845.jpg,mrf3594,mrf3594,True,0,1.0000,0.999916,motorcycle
img_020847.jpg,ocw0270,ocw0270,True,0,1.0000,0.998704,motorcycle
img_020850.jpg,odr5971,odr5971,True,0,1.0000,0.999297,motorcycle
img_020851.jpg,mqf4431,mqf4431,True,0,1.0000,0.999711,motorcycle
img_020852.jpg,odr0461,odr0461,True,0,1.0000,0.999475,motorcycle
img_020854.jpg,mtz5078,mtz5078,True,0,1.0000,0.999730,motorcycle
img_020857.jpg,msb9683,msb9683,True,0,1.0000,0.994322,motorcycle
img_020863.jpg,msb9683,msb9683,True,0,1.0000,0.976009,motorcycle
img_020866.jpg,mss0438,mss0438,True,0,1.0000,0.998528,motorcycle
img_020870.jpg,qrc6942,qrc6442,False,1,0.8571,0.762222,motorcycle
img_020895.jpg,ppz3755,ppz3755,True,0,1.0000,0.999807,motorcycle
img_020902.jpg,odr5971,odr5971,True,0,1.0000,0.999387,motorcycle
img_020909.jpg,odr5971,odr5971,True,0,1.0000,0.999073,motorcycle
img_020915.jpg,qrc6942,qrc6942,True,0,1.0000,0.999060,motorcycle
img_020920.jpg,oda5163,oda5163,True,0,1.0000,0.999200,motorcycle
img_020921.jpg,mss0688,mss0688,True,0,1.0000,0.999277,motorcycle
img_020923.jpg,oda1825,odi1825,False,1,0.8571,0.472327,motorcycle
img_020926.jpg,msn5190,msn5190,True,0,1.0000,0.998369,motorcycle
img_020928.jpg,msb1362,msb1363,False,1,0.8571,0.853766,motorcycle
img_020929.jpg,msy7490,msy7490,True,0,1.0000,0.999795,motorcycle
img_020930.jpg,qrd3816,qrd3816,True,0,1.0000,0.995327,motorcycle
img_020932.jpg,msb9683,msb9683,True,0,1.0000,0.987595,motorcycle
img_020934.jpg,msz1632,msz1633,False,1,0.8571,0.725475,motorcycle
img_020936.jpg,mtw6355,mtw6355,True,0,1.0000,0.998985,motorcycle
img_020939.jpg,ppj2374,ppj2371,False,1,0.8571,0.533060,motorcycle
img_020940.jpg,msy7374,msy7374,True,0,1.0000,0.999813,motorcycle
img_020943.jpg,mtx3303,mtx3303,True,0,1.0000,0.996388,motorcycle
img_020944.jpg,odr4648,odr5648,False,1,0.8571,0.719381,motorcycle
img_020949.jpg,msq7857,msq7857,True,0,1.0000,0.809537,motorcycle
img_020950.jpg,msb1362,msb1363,False,1,0.8571,0.707292,motorcycle
img_020954.jpg,ppk8700,ppk8700,True,0,1.0000,0.999490,motorcycle
img_020955.jpg,ove0989,ove0989,True,0,1.0000,0.997556,motorcycle
img_020959.jpg,oyk8491,oyk8491,True,0,1.0000,0.999882,motorcycle
img_020961.jpg,mty0370,mty0370,True,0,1.0000,0.999384,motorcycle
img_020962.jpg,mss0528,mss0528,True,0,1.0000,0.999816,motorcycle
img_020963.jpg,oye7425,oye7425,True,0,1.0000,0.998059,motorcycle
img_020965.jpg,mtx3303,mtx3303,True,0,1.0000,0.994733,motorcycle
img_020968.jpg,mst8655,mst8655,True,0,1.0000,0.999495,motorcycle
img_020969.jpg,mss0688,mss0688,True,0,1.0000,0.999629,motorcycle
img_020970.jpg,ppj7558,ppj7558,True,0,1.0000,0.999835,motorcycle
img_020976.jpg,msb9683,msb9683,True,0,1.0000,0.923138,motorcycle
img_020979.jpg,hgq8971,hgq8971,True,0,1.0000,0.911347,motorcycle
img_020980.jpg,ppf2079,ppf2079,True,0,1.0000,0.999841,motorcycle
img_020991.jpg,mqm7120,mqm7120,True,0,1.0000,0.999120,motorcycle
img_020992.jpg,ods0897,ods0897,True,0,1.0000,0.996133,motorcycle
img_020993.jpg,msm0075,msm0075,True,0,1.0000,0.966797,motorcycle
img_020994.jpg,odg0049,odg0049,True,0,1.0000,0.999848,motorcycle
img_020996.jpg,mtx3303,mtx3303,True,0,1.0000,0.998947,motorcycle
img_020999.jpg,odr4648,odr4648,True,0,1.0000,0.700614,motorcycle
img_021000.jpg,mtx4192,mtx4192,True,0,1.0000,0.999760,motorcycle
img_021005.jpg,msb9683,msb9683,True,0,1.0000,0.971530,motorcycle
img_021006.jpg,odg5912,odg5912,True,0,1.0000,0.999048,motorcycle
img_021013.jpg,ppn3906,ppn3906,True,0,1.0000,0.999919,motorcycle
img_021015.jpg,msd4007,msd4007,True,0,1.0000,0.948916,motorcycle
img_021016.jpg,mts6787,mts6787,True,0,1.0000,0.999560,motorcycle
img_021020.jpg,ppo2162,ppo2162,True,0,1.0000,0.998770,motorcycle
img_021022.jpg,odg8591,odg6591,False,1,0.8571,0.998157,motorcycle
img_021025.jpg,mtg1525,mtg1525,True,0,1.0000,0.997462,motorcycle
img_021029.jpg,oye7425,oye7425,True,0,1.0000,0.999140,motorcycle
img_021032.jpg,mta7027,mta702,False,1,0.8571,0.380340,motorcycle
img_021033.jpg,msm6217,msm6217,True,0,1.0000,0.999677,motorcycle
img_021036.jpg,ocw9063,ocw9063,True,0,1.0000,0.999890,motorcycle
img_021037.jpg,ppg5798,ppg5798,True,0,1.0000,0.994757,motorcycle
img_021042.jpg,mqk8749,mqk8749,True,0,1.0000,0.999796,motorcycle
img_021047.jpg,mtw6413,mtw6413,True,0,1.0000,0.998994,motorcycle
img_021048.jpg,oyk5122,oyk5122,True,0,1.0000,0.999806,motorcycle
img_021052.jpg,msn5190,msn5190,True,0,1.0000,0.999509,motorcycle
img_021054.jpg,odr4648,odr4648,True,0,1.0000,0.955734,motorcycle
img_021057.jpg,ppi7591,ppi7591,True,0,1.0000,0.999805,motorcycle
img_021059.jpg,oyg9071,oyg9071,True,0,1.0000,0.999905,motorcycle
img_021060.jpg,odm9555,odm9555,True,0,1.0000,0.999950,motorcycle
img_021068.jpg,mtx3303,mtx3303,True,0,1.0000,0.649644,motorcycle
img_021071.jpg,odr4648,odr4648,True,0,1.0000,0.961958,motorcycle
img_021072.jpg,msk4371,msk4371,True,0,1.0000,0.999411,motorcycle
img_021075.jpg,mtx7170,mtx7170,True,0,1.0000,0.999703,motorcycle
img_021076.jpg,odq7718,odq7718,True,0,1.0000,0.999828,motorcycle
img_021077.jpg,oyh9499,oyh9499,True,0,1.0000,0.968276,motorcycle
img_021080.jpg,mta7423,mta7423,True,0,1.0000,0.999758,motorcycle
img_021086.jpg,odi8520,odi8520,True,0,1.0000,0.950986,motorcycle
img_021087.jpg,odr4648,odr4648,True,0,1.0000,0.985849,motorcycle
img_021088.jpg,mqx7585,mqx7585,True,0,1.0000,0.998387,motorcycle
img_021091.jpg,odr5971,odr5971,True,0,1.0000,0.999505,motorcycle
img_021092.jpg,mtz5078,mtz5078,True,0,1.0000,0.999527,motorcycle
img_021093.jpg,ppg5798,ppg5798,True,0,1.0000,0.998675,motorcycle
img_021094.jpg,ppw3684,ppw3684,True,0,1.0000,0.999638,motorcycle
img_021096.jpg,ppx8483,ppx8483,True,0,1.0000,0.999766,motorcycle
img_021100.jpg,ods5406,ods5406,True,0,1.0000,0.999162,motorcycle
img_021101.jpg,odr4648,odr4648,True,0,1.0000,0.996102,motorcycle
img_021103.jpg,ppq1376,ppq1376,True,0,1.0000,0.999536,motorcycle
img_021104.jpg,qrd7245,qrd7245,True,0,1.0000,0.998849,motorcycle
img_021108.jpg,ppt5927,ppt5927,True,0,1.0000,0.997763,motorcycle
img_021110.jpg,ppo2334,ppo2334,True,0,1.0000,0.999816,motorcycle
img_021111.jpg,mtw4082,mtw4082,True,0,1.0000,0.993620,motorcycle
img_021113.jpg,mse2679,mse2679,True,0,1.0000,0.999241,motorcycle
img_021114.jpg,odj5550,odj5550,True,0,1.0000,0.998556,motorcycle
img_021119.jpg,msu3143,msu3143,True,0,1.0000,0.999429,motorcycle
img_021121.jpg,qrb7513,qrb7513,True,0,1.0000,0.999788,motorcycle
img_021123.jpg,odm9555,odm9555,True,0,1.0000,0.975874,motorcycle
img_021124.jpg,mst6448,mst6448,True,0,1.0000,0.601961,motorcycle
img_021127.jpg,mpx7232,mpx7232,True,0,1.0000,0.998243,motorcycle
img_021130.jpg,odp7687,odp7687,True,0,1.0000,0.998938,motorcycle
img_021133.jpg,msx5054,msk4054,False,2,0.7143,0.892747,motorcycle
img_021134.jpg,mrs6505,mrs6505,True,0,1.0000,0.997736,motorcycle
img_021144.jpg,mqk2538,mqk2538,True,0,1.0000,0.997359,motorcycle
img_021146.jpg,ppm5128,ppn5128,False,1,0.8571,0.987984,motorcycle
img_021150.jpg,oyk5157,oyk5157,True,0,1.0000,0.999038,motorcycle
img_021152.jpg,msn5190,msn5190,True,0,1.0000,0.999610,motorcycle
img_021154.jpg,mtr4817,mtr4817,True,0,1.0000,0.999880,motorcycle
img_021156.jpg,ppu9960,ppu9960,True,0,1.0000,0.999725,motorcycle
img_021159.jpg,ppp2231,ppp2231,True,0,1.0000,0.999882,motorcycle
img_021173.jpg,mtz5078,mtz5078,True,0,1.0000,0.999507,motorcycle
img_021174.jpg,mtx3303,mtx3303,True,0,1.0000,0.673209,motorcycle
img_021175.jpg,mqn6010,mqn6010,True,0,1.0000,0.999575,motorcycle
img_021176.jpg,mqs0401,mqs0401,True,0,1.0000,0.993626,motorcycle
img_021177.jpg,mtx7170,mtx7170,True,0,1.0000,0.999442,motorcycle
img_021178.jpg,odr4648,odr4648,True,0,1.0000,0.975076,motorcycle
img_021181.jpg,ode6539,ode6539,True,0,1.0000,0.999914,motorcycle
img_021190.jpg,msp0314,msp0314,True,0,1.0000,0.814820,motorcycle
img_021193.jpg,msb9683,msb9683,True,0,1.0000,0.707621,motorcycle
img_021195.jpg,odk1170,odk1170,True,0,1.0000,0.995457,motorcycle
img_021196.jpg,mqa5134,mqa5134,True,0,1.0000,0.997738,motorcycle
img_021197.jpg,odj2785,odj2785,True,0,1.0000,0.977488,motorcycle
img_021200.jpg,mtz0686,mtz0686,True,0,1.0000,0.999816,motorcycle
img_021201.jpg,msm6217,msm6217,True,0,1.0000,0.991093,motorcycle
img_021203.jpg,ppv5696,ppv5696,True,0,1.0000,0.999904,motorcycle
img_021206.jpg,ppg9448,ppg9448,True,0,1.0000,0.999936,motorcycle
img_021207.jpg,hit8129,hit8129,True,0,1.0000,0.990414,motorcycle
img_021208.jpg,odi1734,odi1734,True,0,1.0000,0.999425,motorcycle
img_021209.jpg,ppi6013,ppi6013,True,0,1.0000,0.999318,motorcycle
img_021210.jpg,mtx7170,mtx7170,True,0,1.0000,0.999458,motorcycle
img_021212.jpg,msx5018,msx5018,True,0,1.0000,0.994386,motorcycle
img_021220.jpg,odq7860,odq7660,False,1,0.8571,0.779759,motorcycle
img_021223.jpg,qrb1552,qrb1552,True,0,1.0000,0.984930,motorcycle
img_021235.jpg,mtu3874,mtu3874,True,0,1.0000,0.999785,motorcycle
img_021236.jpg,ocv1472,ocv1472,True,0,1.0000,0.996574,motorcycle
img_021238.jpg,ppi2601,ppi2601,True,0,1.0000,0.977336,motorcycle
img_021241.jpg,mti0948,mti0948,True,0,1.0000,0.995710,motorcycle
img_021242.jpg,mqk5693,mqk5693,True,0,1.0000,0.999864,motorcycle
img_021246.jpg,ppb4172,ppb4172,True,0,1.0000,0.999584,motorcycle
img_021248.jpg,ppf4854,ppf4854,True,0,1.0000,0.217014,motorcycle
img_021249.jpg,oyj4153,oyj4153,True,0,1.0000,0.797643,motorcycle
img_021250.jpg,ppx9472,ppx9412,False,1,0.8571,0.979888,motorcycle
img_021254.jpg,odb4107,odb4107,True,0,1.0000,0.949493,motorcycle
img_021255.jpg,oyi8248,oyn8249,False,2,0.7143,0.340037,motorcycle
img_021259.jpg,mtq4574,mtq4574,True,0,1.0000,0.999192,motorcycle
img_021260.jpg,pph9410,pph9410,True,0,1.0000,0.999869,motorcycle
img_021261.jpg,msk4371,msk4371,True,0,1.0000,0.992323,motorcycle
img_021263.jpg,msn6556,msn6556,True,0,1.0000,0.999856,motorcycle
img_021264.jpg,ppq2813,ppq2813,True,0,1.0000,0.999725,motorcycle
img_021266.jpg,qrd2890,qrd2890,True,0,1.0000,0.999805,motorcycle
img_021268.jpg,msz1632,msz1532,False,1,0.8571,0.820260,motorcycle
img_021271.jpg,ppn3906,ppn3906,True,0,1.0000,0.999923,motorcycle
img_021274.jpg,qrb7513,qrb7513,True,0,1.0000,0.990615,motorcycle
img_021276.jpg,ppr9707,ppr9707,True,0,1.0000,0.999825,motorcycle
img_021277.jpg,mqy0742,mqy6742,False,1,0.8571,0.597194,motorcycle
img_021284.jpg,ppc4324,ppc4324,True,0,1.0000,0.999030,motorcycle
img_021289.jpg,mtt1831,mtt1831,True,0,1.0000,0.999055,motorcycle
img_021291.jpg,mtb6695,mtb6695,True,0,1.0000,0.999149,motorcycle
img_021296.jpg,mtb7542,mtb7542,True,0,1.0000,0.999743,motorcycle
img_021297.jpg,mtz5078,mtz5078,True,0,1.0000,0.998845,motorcycle
img_021298.jpg,nsr9144,msk9144,False,2,0.7143,0.775311,motorcycle
img_021299.jpg,odr4648,odr4648,True,0,1.0000,0.962912,motorcycle
img_021307.jpg,oyi2833,oyi2883,False,1,0.8571,0.521644,motorcycle
img_021313.jpg,ppi2609,ppi2609,True,0,1.0000,0.998739,motorcycle
img_021323.jpg,odr5971,odr5971,True,0,1.0000,0.999688,motorcycle
img_021324.jpg,ppb4271,ppb4271,True,0,1.0000,0.999678,motorcycle
img_021326.jpg,mst6448,mst6448,True,0,1.0000,0.904036,motorcycle
img_021327.jpg,odr4281,odr4281,True,0,1.0000,0.999496,motorcycle
img_021330.jpg,msz1632,msz1633,False,1,0.8571,0.950240,motorcycle
img_021331.jpg,msy7490,msy7490,True,0,1.0000,0.999877,motorcycle
img_021336.jpg,mqx7585,mqx7585,True,0,1.0000,0.999705,motorcycle
img_021337.jpg,mtz5078,mtz5078,True,0,1.0000,0.999273,motorcycle
img_021342.jpg,ppo6851,ppo6851,True,0,1.0000,0.999659,motorcycle
img_021344.jpg,mqa5518,mqa5518,True,0,1.0000,0.999903,motorcycle
img_021347.jpg,msz1632,msz1632,True,0,1.0000,0.785524,motorcycle
img_021349.jpg,msa8782,msa8782,True,0,1.0000,0.998826,motorcycle
img_021356.jpg,odk3177,odr3177,False,1,0.8571,0.618466,motorcycle
img_021359.jpg,odr4648,odr4648,True,0,1.0000,0.973965,motorcycle
img_021367.jpg,mtx4192,mtx4192,True,0,1.0000,0.999424,motorcycle
img_021370.jpg,mqt7091,mqt7091,True,0,1.0000,0.999851,motorcycle
img_021374.jpg,odl8131,odl8131,True,0,1.0000,0.999742,motorcycle
img_021376.jpg,ppq2938,ppq2338,False,1,0.8571,0.969824,motorcycle
img_021385.jpg,mss0688,mss0688,True,0,1.0000,0.999897,motorcycle
img_021386.jpg,msm6217,msm6217,True,0,1.0000,0.992781,motorcycle
img_021388.jpg,odr4648,odr5648,False,1,0.8571,0.958346,motorcycle
img_021391.jpg,pwq6966,pwq6966,True,0,1.0000,0.998891,motorcycle
img_021392.jpg,mqv3620,mqv3620,True,0,1.0000,0.994750,motorcycle
img_021395.jpg,odc1091,odc1091,True,0,1.0000,0.999786,motorcycle
img_021396.jpg,qrd3846,qrd3846,True,0,1.0000,0.999199,motorcycle
img_021397.jpg,ppb4183,ppb4183,True,0,1.0000,0.998459,motorcycle
img_021399.jpg,pps7339,pps7339,True,0,1.0000,0.999779,motorcycle
img_021400.jpg,qrd3765,qrd3765,True,0,1.0000,0.997570,motorcycle
img_021401.jpg,msz1632,msz1632,True,0,1.0000,0.649807,motorcycle
img_021402.jpg,mts7826,mts7826,True,0,1.0000,0.999748,motorcycle
img_021407.jpg,ocw9063,ocw9063,True,0,1.0000,0.999768,motorcycle
img_021408.jpg,mrm0231,mrm0231,True,0,1.0000,0.999486,motorcycle
img_021409.jpg,mrf3594,mrf3594,True,0,1.0000,0.999911,motorcycle
img_021413.jpg,mqk2538,mqk2538,True,0,1.0000,0.999513,motorcycle
img_021415.jpg,ppu0054,ppu0064,False,1,0.8571,0.798018,motorcycle
img_021416.jpg,odn9541,odn9541,True,0,1.0000,0.999689,motorcycle
img_021417.jpg,ppe9082,ppe9082,True,0,1.0000,0.999746,motorcycle
img_021424.jpg,mtm4318,mtm4318,True,0,1.0000,0.999670,motorcycle
img_021425.jpg,msz1632,msz1633,False,1,0.8571,0.831887,motorcycle
img_021435.jpg,odr4281,odr4281,True,0,1.0000,0.999676,motorcycle
img_021440.jpg,pph9410,pph9410,True,0,1.0000,0.999740,motorcycle
img_021444.jpg,ppe5811,ppe5811,True,0,1.0000,0.999356,motorcycle
img_021446.jpg,mta5460,mta5460,True,0,1.0000,0.998938,motorcycle
img_021451.jpg,ppm9537,ppm9537,True,0,1.0000,0.958221,motorcycle
img_021453.jpg,oye8534,oye8554,False,1,0.8571,0.977129,motorcycle
img_021455.jpg,ppr1624,ppr1624,True,0,1.0000,0.942285,motorcycle
img_021456.jpg,odg8560,odg8560,True,0,1.0000,0.886668,motorcycle
img_021458.jpg,ppv4671,ppv4671,True,0,1.0000,0.999546,motorcycle
img_021463.jpg,mru6781,mru6781,True,0,1.0000,0.999659,motorcycle
img_021466.jpg,msy6012,msy6012,True,0,1.0000,0.999794,motorcycle
img_021467.jpg,odr4281,odr4281,True,0,1.0000,0.999335,motorcycle
img_021468.jpg,odj2901,odj2901,True,0,1.0000,0.999307,motorcycle
img_021477.jpg,mrb5311,mrb5311,True,0,1.0000,0.998165,motorcycle
img_021478.jpg,oye8536,oye8536,True,0,1.0000,0.999556,motorcycle
img_021479.jpg,ocx6648,ocx6648,True,0,1.0000,0.999745,motorcycle
img_021481.jpg,mto2737,mtq2737,False,1,0.8571,0.669524,motorcycle
img_021484.jpg,msm6217,msm6217,True,0,1.0000,0.937976,motorcycle
img_021485.jpg,mty1863,mty1863,True,0,1.0000,0.945016,motorcycle
img_021486.jpg,ppi2601,ppi2601,True,0,1.0000,0.835214,motorcycle
img_021488.jpg,msy1536,msy1538,False,1,0.8571,0.902917,motorcycle
img_021491.jpg,odt7622,odt7622,True,0,1.0000,0.541010,motorcycle
img_021494.jpg,odr4281,odr4280,False,1,0.8571,0.952149,motorcycle
img_021496.jpg,oyd2830,oyd2830,True,0,1.0000,0.993147,motorcycle
img_021498.jpg,pyo7556,pyq7566,False,2,0.7143,0.854500,motorcycle
img_021499.jpg,msz1632,msz1533,False,2,0.7143,0.543111,motorcycle
img_021501.jpg,ppo2334,ppo2334,True,0,1.0000,0.956500,motorcycle
img_021503.jpg,odr4648,odr5648,False,1,0.8571,0.597243,motorcycle
img_021505.jpg,ppo6851,ppo6851,True,0,1.0000,0.999300,motorcycle
img_021509.jpg,mty6860,mty6860,True,0,1.0000,0.998108,motorcycle
img_021514.jpg,ocw7196,ocw7196,True,0,1.0000,0.979747,motorcycle
img_021515.jpg,mrm4703,mrw4708,False,2,0.7143,0.877801,motorcycle
img_021517.jpg,msk1452,msk1453,False,1,0.8571,0.640860,motorcycle
img_021520.jpg,msz1632,msz1632,True,0,1.0000,0.893551,motorcycle
img_021523.jpg,mst0406,mst0406,True,0,1.0000,0.997980,motorcycle
img_021524.jpg,odt1955,odt1955,True,0,1.0000,0.999328,motorcycle
img_021525.jpg,mqi6783,mqi6783,True,0,1.0000,0.997732,motorcycle
img_021529.jpg,ppu0071,ppu0071,True,0,1.0000,0.956193,motorcycle
img_021531.jpg,mtg1525,mtg1525,True,0,1.0000,0.990961,motorcycle
img_021533.jpg,mtz5078,mtz5078,True,0,1.0000,0.999622,motorcycle
img_021534.jpg,ppb5824,ppb5824,True,0,1.0000,0.994429,motorcycle
img_021538.jpg,oye8534,oye9564,False,2,0.7143,0.730963,motorcycle
img_021540.jpg,mtx3303,mtx3303,True,0,1.0000,0.998692,motorcycle
img_021541.jpg,mtx7170,mtx7170,True,0,1.0000,0.999544,motorcycle
img_021542.jpg,odr2292,odr2292,True,0,1.0000,0.999925,motorcycle
img_021543.jpg,mqk5693,mqk5693,True,0,1.0000,0.999414,motorcycle
img_021544.jpg,ppk8713,ppk8713,True,0,1.0000,0.995028,motorcycle
img_021545.jpg,msm6217,msm6217,True,0,1.0000,0.999600,motorcycle
img_021553.jpg,odc3096,odc3096,True,0,1.0000,0.999502,motorcycle
img_021560.jpg,odc7430,odc7430,True,0,1.0000,0.999476,motorcycle
img_021564.jpg,mtx4192,mtx4192,True,0,1.0000,0.999487,motorcycle
img_021565.jpg,ppt8243,ppt8243,True,0,1.0000,0.997449,motorcycle
img_021568.jpg,ppp2231,ppp2231,True,0,1.0000,0.999893,motorcycle
img_021573.jpg,odg5912,odg5912,True,0,1.0000,0.999015,motorcycle
img_021574.jpg,mtx7170,mtx7170,True,0,1.0000,0.998670,motorcycle
img_021577.jpg,msz1632,msz1632,True,0,1.0000,0.964948,motorcycle
img_021579.jpg,odg5912,odg5912,True,0,1.0000,0.933357,motorcycle
img_021586.jpg,msm6217,msm6217,True,0,1.0000,0.999227,motorcycle
img_021588.jpg,qrb7513,qrb7513,True,0,1.0000,0.999153,motorcycle
img_021589.jpg,mpx7232,mpx7232,True,0,1.0000,0.999253,motorcycle
img_021591.jpg,oyf9726,oyf9726,True,0,1.0000,0.879638,motorcycle
img_021595.jpg,ppp3129,ppp3129,True,0,1.0000,0.995618,motorcycle
img_021597.jpg,mpn7049,mpn7049,True,0,1.0000,0.721962,motorcycle
img_021599.jpg,ocw7196,ocw7196,True,0,1.0000,0.996987,motorcycle
img_021600.jpg,mtx3303,mtx3303,True,0,1.0000,0.992938,motorcycle
img_021602.jpg,mtx4192,mtx4192,True,0,1.0000,0.999401,motorcycle
img_021606.jpg,ppb4271,ppb4271,True,0,1.0000,0.999593,motorcycle
img_021607.jpg,mtx7170,mtx7170,True,0,1.0000,0.998149,motorcycle
img_021613.jpg,ods1031,ods1031,True,0,1.0000,0.990981,motorcycle
img_021615.jpg,mtb2702,mtb2702,True,0,1.0000,0.999506,motorcycle
img_021621.jpg,mqn6010,mqn6010,True,0,1.0000,0.999416,motorcycle
img_021624.jpg,odk5928,odk5928,True,0,1.0000,0.999451,motorcycle
img_021625.jpg,ppr1686,ppr1686,True,0,1.0000,0.999535,motorcycle
img_021626.jpg,oyd1821,oyd1821,True,0,1.0000,0.999661,motorcycle
img_021631.jpg,msv4983,msv4983,True,0,1.0000,0.933402,motorcycle
img_021634.jpg,odt5939,odt5939,True,0,1.0000,0.985923,motorcycle
img_021635.jpg,ppd4749,ppd4749,True,0,1.0000,0.998625,motorcycle
img_021640.jpg,ppm2930,ppm2930,True,0,1.0000,0.983058,motorcycle
img_021644.jpg,mtx3303,mtx3303,True,0,1.0000,0.498158,motorcycle
img_021647.jpg,ppi2609,ppi2609,True,0,1.0000,0.998734,motorcycle
img_021649.jpg,oyj0303,oyj0303,True,0,1.0000,0.999442,motorcycle
img_021652.jpg,ppi1928,ppi1928,True,0,1.0000,0.998869,motorcycle
img_021655.jpg,mqh2561,mqh2561,True,0,1.0000,0.984491,motorcycle
img_021657.jpg,odr4648,odr4648,True,0,1.0000,0.712373,motorcycle
img_021658.jpg,mtx3303,mtx3303,True,0,1.0000,0.976142,motorcycle
img_021661.jpg,mto2737,mtq2737,False,1,0.8571,0.996763,motorcycle
img_021662.jpg,mtx4192,mtx4192,True,0,1.0000,0.999316,motorcycle
img_021672.jpg,hga4856,hga4856,True,0,1.0000,0.997829,motorcycle
img_021677.jpg,pyo7556,pyo7556,True,0,1.0000,0.960412,motorcycle
img_021681.jpg,msk4371,msk4371,True,0,1.0000,0.999616,motorcycle
img_021684.jpg,ods0652,ods0652,True,0,1.0000,0.983080,motorcycle
img_021687.jpg,oyg8993,oyg8993,True,0,1.0000,0.999923,motorcycle
img_021693.jpg,msz1632,msz1633,False,1,0.8571,0.622581,motorcycle
img_021697.jpg,mqk5693,mqk5693,True,0,1.0000,0.999804,motorcycle
img_021698.jpg,mst6448,mst6448,True,0,1.0000,0.985316,motorcycle
img_021700.jpg,mtx3303,mta3303,False,1,0.8571,0.333986,motorcycle
img_021707.jpg,mse7469,mse7469,True,0,1.0000,0.995296,motorcycle
img_021708.jpg,mss0438,mss0438,True,0,1.0000,0.999656,motorcycle
img_021710.jpg,qrb8036,qrb8036,True,0,1.0000,0.999857,motorcycle
img_021712.jpg,msk0637,msk0831,False,2,0.7143,0.696370,motorcycle
img_021713.jpg,mtd6571,mbd6571,False,1,0.8571,0.496713,motorcycle
img_021719.jpg,msw9842,msw9842,True,0,1.0000,0.997648,motorcycle
img_021720.jpg,odr2292,odr2292,True,0,1.0000,0.987067,motorcycle
img_021721.jpg,mtx4192,mtx4192,True,0,1.0000,0.999008,motorcycle
img_021725.jpg,odr4281,odr4281,True,0,1.0000,0.998493,motorcycle
img_021728.jpg,mqk5693,mqk5693,True,0,1.0000,0.999680,motorcycle
img_021730.jpg,oyg9071,oyg9071,True,0,1.0000,0.999501,motorcycle
img_021732.jpg,odr5971,odr5971,True,0,1.0000,0.991210,motorcycle
img_021734.jpg,prf7007,prf7007,True,0,1.0000,0.999462,motorcycle
img_021735.jpg,pyo7556,pyo7556,True,0,1.0000,0.990121,motorcycle
img_021737.jpg,mqk5693,mqk5693,True,0,1.0000,0.999622,motorcycle
img_021739.jpg,mtx3303,mix3303,False,1,0.8571,0.567054,motorcycle
img_021740.jpg,mtz5078,mtz5078,True,0,1.0000,0.999665,motorcycle
img_021744.jpg,ppm4442,ppm4442,True,0,1.0000,0.999228,motorcycle
img_021746.jpg,ppl1634,ppl1634,True,0,1.0000,0.999678,motorcycle
img_021747.jpg,mtx4192,mtx4192,True,0,1.0000,0.998643,motorcycle
img_021755.jpg,mtx7170,mtx7170,True,0,1.0000,0.998379,motorcycle
img_021756.jpg,mqi4612,mqi4612,True,0,1.0000,0.999595,motorcycle
img_021757.jpg,mtr1107,mtr1107,True,0,1.0000,0.999570,motorcycle
img_021760.jpg,pyo7556,pyo7556,True,0,1.0000,0.996686,motorcycle
img_021774.jpg,ppr9691,ppr9691,True,0,1.0000,0.999946,motorcycle
img_021778.jpg,mqk9103,mqk9103,True,0,1.0000,0.999697,motorcycle
img_021779.jpg,mtu3834,mtu3834,True,0,1.0000,0.777334,motorcycle
img_021782.jpg,odj5550,odj5450,False,1,0.8571,0.504634,motorcycle
img_021785.jpg,ppw0768,ppw0768,True,0,1.0000,0.999912,motorcycle
img_021786.jpg,ovf6439,ovf6439,True,0,1.0000,0.999746,motorcycle
img_021787.jpg,mtz8867,mtz8867,True,0,1.0000,0.999860,motorcycle
img_021788.jpg,odg8591,odg8591,True,0,1.0000,0.998957,motorcycle
img_021792.jpg,msm6217,msm6217,True,0,1.0000,0.999222,motorcycle
img_021793.jpg,odr2292,odr2292,True,0,1.0000,0.999928,motorcycle
img_021798.jpg,mtx4192,mtx4192,True,0,1.0000,0.999202,motorcycle
img_021801.jpg,ppl0587,ppl0687,False,1,0.8571,0.916664,motorcycle
img_021802.jpg,ppv8455,ppv8455,True,0,1.0000,0.995188,motorcycle
img_021803.jpg,mtz0743,mtz0743,True,0,1.0000,0.962866,motorcycle
img_021816.jpg,odr4648,odr4648,True,0,1.0000,0.998415,motorcycle
img_021817.jpg,ppi2601,ppi2601,True,0,1.0000,0.817299,motorcycle
img_021821.jpg,mtx7170,mtx7170,True,0,1.0000,0.999300,motorcycle
img_021826.jpg,ntn0127,ntn0127,True,0,1.0000,0.960479,motorcycle
img_021828.jpg,odb7075,odb7075,True,0,1.0000,0.712647,motorcycle
img_021829.jpg,odr5971,odr5971,True,0,1.0000,0.999006,motorcycle
img_021831.jpg,mrl6748,mrl6748,True,0,1.0000,0.962557,motorcycle
img_021833.jpg,mpl5792,mpl5793,False,1,0.8571,0.691007,motorcycle
img_021835.jpg,ppb4172,ppb4172,True,0,1.0000,0.999836,motorcycle
img_021839.jpg,mrf3594,mrf3594,True,0,1.0000,0.999734,motorcycle
img_021841.jpg,odr2292,odr2292,True,0,1.0000,0.999726,motorcycle
img_021846.jpg,mtx4192,mtx4192,True,0,1.0000,0.999615,motorcycle
img_021848.jpg,mtz5078,mtz5078,True,0,1.0000,0.998884,motorcycle
img_021851.jpg,ppo7552,ppo7552,True,0,1.0000,0.999692,motorcycle
img_021854.jpg,odc1091,odc1091,True,0,1.0000,0.999943,motorcycle
img_021857.jpg,odr5971,odr5971,True,0,1.0000,0.999244,motorcycle
img_021858.jpg,ppu6260,ppu6260,True,0,1.0000,0.997747,motorcycle
img_021861.jpg,odr4648,odr4648,True,0,1.0000,0.998575,motorcycle
img_021862.jpg,mto2737,mtq2737,False,1,0.8571,0.644361,motorcycle
img_021864.jpg,mtx4192,mtx4192,True,0,1.0000,0.999592,motorcycle
img_021865.jpg,mru5943,mru5943,True,0,1.0000,0.998795,motorcycle
img_021873.jpg,ppy6491,ppy6491,True,0,1.0000,0.999611,motorcycle
img_021876.jpg,mtq4613,mtq4613,True,0,1.0000,0.901375,motorcycle
img_021879.jpg,mqk5693,mqk5693,True,0,1.0000,0.999870,motorcycle
img_021888.jpg,msa2099,msa406,False,3,0.5714,0.103410,motorcycle
img_021891.jpg,odl8131,odl8131,True,0,1.0000,0.999634,motorcycle
img_021893.jpg,msz1632,msz1632,True,0,1.0000,0.633033,motorcycle
img_021895.jpg,ppr5542,ppr5542,True,0,1.0000,0.999848,motorcycle
img_021898.jpg,mti0948,mti0948,True,0,1.0000,0.977759,motorcycle
img_021903.jpg,oyd1815,oyd1815,True,0,1.0000,0.999346,motorcycle
img_021904.jpg,ppj5007,ppj5007,True,0,1.0000,0.950730,motorcycle
img_021906.jpg,mtx3303,mtx3303,True,0,1.0000,0.994462,motorcycle
img_021907.jpg,msb1362,msb1363,False,1,0.8571,0.985454,motorcycle
img_021908.jpg,odr4648,odr4648,True,0,1.0000,0.994014,motorcycle
img_021910.jpg,mtv7260,mtv7260,True,0,1.0000,0.998989,motorcycle
img_021911.jpg,odc1091,odc1091,True,0,1.0000,0.999815,motorcycle
img_021912.jpg,odr2292,odr2292,True,0,1.0000,0.999507,motorcycle
img_021913.jpg,msz1632,msz1832,False,1,0.8571,0.782290,motorcycle
img_021915.jpg,odr4648,odr4648,True,0,1.0000,0.994007,motorcycle
img_021916.jpg,msb1362,msb1363,False,1,0.8571,0.974633,motorcycle
img_021917.jpg,mtx4192,mtx4192,True,0,1.0000,0.999431,motorcycle
img_021919.jpg,msb9683,msb9683,True,0,1.0000,0.982756,motorcycle
img_021927.jpg,mrb8847,mrb8847,True,0,1.0000,0.354733,motorcycle
img_021928.jpg,oyd2826,oyd2826,True,0,1.0000,0.999789,motorcycle
img_021929.jpg,mtx4192,mtx4192,True,0,1.0000,0.999544,motorcycle
img_021934.jpg,mty1911,mty1911,True,0,1.0000,0.998205,motorcycle
img_021936.jpg,odt6046,odt6046,True,0,1.0000,0.994636,motorcycle
img_021937.jpg,msb1362,msb1362,True,0,1.0000,0.908101,motorcycle
img_021942.jpg,msb1362,msb1363,False,1,0.8571,0.975295,motorcycle
img_021944.jpg,msb9683,msb8683,False,1,0.8571,0.940520,motorcycle
img_021946.jpg,odr2292,odr2292,True,0,1.0000,0.999906,motorcycle
img_021947.jpg,mtx4192,mtx4192,True,0,1.0000,0.999489,motorcycle
img_021948.jpg,ppj2250,ppj2250,True,0,1.0000,0.999561,motorcycle
img_021949.jpg,msp0314,msp0314,True,0,1.0000,0.999754,motorcycle
img_021951.jpg,msb1362,msb1363,False,1,0.8571,0.905444,motorcycle
img_021952.jpg,mtz0696,mtz0696,True,0,1.0000,0.999498,motorcycle
img_021953.jpg,ppn3906,ppn3906,True,0,1.0000,0.999926,motorcycle
img_021954.jpg,ppb4231,ppb4231,True,0,1.0000,0.999752,motorcycle
img_021955.jpg,ppm1677,ppm1677,True,0,1.0000,0.999802,motorcycle
img_021958.jpg,odr4648,odr4648,True,0,1.0000,0.989425,motorcycle
img_021959.jpg,mtx4192,mtx4192,True,0,1.0000,0.999244,motorcycle
img_021961.jpg,ppt7234,ppt7234,True,0,1.0000,0.982707,motorcycle
img_021962.jpg,msz1632,msz1532,False,1,0.8571,0.928569,motorcycle
img_021970.jpg,ocx0555,ocx0555,True,0,1.0000,0.769812,motorcycle
img_021972.jpg,ntn0127,ntn0127,True,0,1.0000,0.876351,motorcycle
img_021976.jpg,mtx4192,mtx4192,True,0,1.0000,0.999660,motorcycle
img_021979.jpg,mtx3303,mtx5307,False,2,0.7143,0.492103,motorcycle
img_021980.jpg,odr4648,odr4648,True,0,1.0000,0.981864,motorcycle
img_021981.jpg,ppm1709,ppm1709,True,0,1.0000,0.999095,motorcycle
img_021982.jpg,mtx4192,mtx4192,True,0,1.0000,0.999572,motorcycle
img_021983.jpg,msb9683,msb9683,True,0,1.0000,0.534888,motorcycle
img_021992.jpg,mtx3303,mtx3303,True,0,1.0000,0.258552,motorcycle
img_021993.jpg,odt6046,odt6046,True,0,1.0000,0.999812,motorcycle
img_021994.jpg,mtx4192,mtx4192,True,0,1.0000,0.999686,motorcycle
img_021995.jpg,ppo7552,ppo7552,True,0,1.0000,0.999833,motorcycle
img_021997.jpg,ppo2162,ppo2162,True,0,1.0000,0.997321,motorcycle
img_021999.jpg,msn3644,msn3844,False,1,0.8571,0.977978,motorcycle
img_022000.jpg,odr4648,odr4648,True,0,1.0000,0.798816,motorcycle
img_022001.jpg,mtz8867,mtz8867,True,0,1.0000,0.999829,motorcycle
img_022002.jpg,ode2126,ode2126,True,0,1.0000,0.999734,motorcycle
img_022004.jpg,odt6046,odt6046,True,0,1.0000,0.999876,motorcycle
img_022005.jpg,msb1362,msb1363,False,1,0.8571,0.997991,motorcycle
img_022007.jpg,mtx7170,mtx7170,True,0,1.0000,0.993626,motorcycle
img_022013.jpg,mss0688,mss0688,True,0,1.0000,0.999620,motorcycle
img_022014.jpg,ocx1749,ocx1749,True,0,1.0000,0.999268,motorcycle
img_022016.jpg,ppo2925,ppo2925,True,0,1.0000,0.999689,motorcycle
img_022018.jpg,ods5968,ods5968,True,0,1.0000,0.999722,motorcycle
img_022024.jpg,mtw4082,mtw4082,True,0,1.0000,0.818365,motorcycle
img_022026.jpg,mtx3303,mtx3303,True,0,1.0000,0.998263,motorcycle
img_022030.jpg,mtx3303,mtx3303,True,0,1.0000,0.695124,motorcycle
img_022031.jpg,ocx1775,ocx1775,True,0,1.0000,0.988552,motorcycle
img_022032.jpg,odl5722,odl5722,True,0,1.0000,0.998552,motorcycle
img_022033.jpg,odr4648,odr4648,True,0,1.0000,0.803426,motorcycle
img_022034.jpg,ppx9459,ppx9459,True,0,1.0000,0.999823,motorcycle
img_022035.jpg,ppt7234,ppt7234,True,0,1.0000,0.999151,motorcycle
img_022040.jpg,ppe9043,ppe9043,True,0,1.0000,0.999950,motorcycle
img_022041.jpg,ppo2334,ppq2334,False,1,0.8571,0.895366,motorcycle
img_022045.jpg,ltk5452,ltk5452,True,0,1.0000,0.853077,motorcycle
img_022046.jpg,ppg5798,ppg5796,False,1,0.8571,0.987682,motorcycle
img_022047.jpg,odr5971,odr5971,True,0,1.0000,0.998057,motorcycle
img_022048.jpg,odr4648,odr4648,True,0,1.0000,0.998605,motorcycle
img_022049.jpg,msk4371,msk4371,True,0,1.0000,0.998650,motorcycle
img_022050.jpg,odf0749,odf0749,True,0,1.0000,0.916124,motorcycle
img_022052.jpg,mtx4192,mtx4192,True,0,1.0000,0.999321,motorcycle
img_022057.jpg,msm6217,msm6217,True,0,1.0000,0.999157,motorcycle
img_022058.jpg,odr5971,odr5971,True,0,1.0000,0.999104,motorcycle
img_022059.jpg,msb1362,msb1363,False,1,0.8571,0.994786,motorcycle
img_022060.jpg,odf0749,odf0749,True,0,1.0000,0.914412,motorcycle
img_022061.jpg,odj2901,odj2901,True,0,1.0000,0.971520,motorcycle
img_022063.jpg,msb9683,msb9683,True,0,1.0000,0.985473,motorcycle
img_022065.jpg,msz1632,msz1532,False,1,0.8571,0.706879,motorcycle
img_022066.jpg,ppq9347,ppq9347,True,0,1.0000,0.996042,motorcycle
img_022069.jpg,ppb4172,ppb4172,True,0,1.0000,0.999689,motorcycle
img_022071.jpg,mrb5311,mrb5311,True,0,1.0000,0.945643,motorcycle
img_022075.jpg,odt6046,odt6046,True,0,1.0000,0.999859,motorcycle
img_022076.jpg,msb1362,msb1363,False,1,0.8571,0.980129,motorcycle
img_022079.jpg,odd7785,oqd7785,False,1,0.8571,0.678936,motorcycle
img_022080.jpg,odt6046,odt6046,True,0,1.0000,0.999872,motorcycle
img_022081.jpg,ouz8101,ouz8101,True,0,1.0000,0.999278,motorcycle
img_022082.jpg,mtx4192,mtx4192,True,0,1.0000,0.999650,motorcycle
img_022083.jpg,mtx3303,mtx3303,True,0,1.0000,0.982612,motorcycle
img_022084.jpg,odr4648,odr4648,True,0,1.0000,0.966147,motorcycle
img_022086.jpg,odf8575,odf8579,False,1,0.8571,0.459902,motorcycle
img_022088.jpg,ppa9571,ppa9571,True,0,1.0000,0.999916,motorcycle
img_022090.jpg,msz1632,msz1532,False,1,0.8571,0.723926,motorcycle
img_022094.jpg,oyd1821,oyd1821,True,0,1.0000,0.999716,motorcycle
img_022095.jpg,odf0749,odf0749,True,0,1.0000,0.983502,motorcycle
img_022102.jpg,odb2698,odb2698,True,0,1.0000,0.989437,motorcycle
img_022103.jpg,ppy6645,ppy6645,True,0,1.0000,0.999596,motorcycle
img_022104.jpg,odr2292,odr2292,True,0,1.0000,0.999924,motorcycle
img_022106.jpg,msk4371,msk4371,True,0,1.0000,0.999662,motorcycle
img_022108.jpg,nzp0747,kzp0747,False,1,0.8571,0.763290,motorcycle
img_022111.jpg,oyi7673,oyi7673,True,0,1.0000,0.999181,motorcycle
img_022112.jpg,mtu3834,mtu3834,True,0,1.0000,0.999777,motorcycle
img_022113.jpg,msz1632,msz1632,True,0,1.0000,0.531602,motorcycle
img_022115.jpg,pps7391,pps7391,True,0,1.0000,0.999918,motorcycle
img_022116.jpg,ppb0543,ppb0543,True,0,1.0000,0.999767,motorcycle
img_022117.jpg,msm6217,msw6217,False,1,0.8571,0.564701,motorcycle
img_022118.jpg,mqx7585,mqx7585,True,0,1.0000,0.999590,motorcycle
img_022120.jpg,odr4648,odr4648,True,0,1.0000,0.955852,motorcycle
img_022125.jpg,msm6217,msm6217,True,0,1.0000,0.998105,motorcycle
img_022126.jpg,odr2292,odr2292,True,0,1.0000,0.999789,motorcycle
img_022127.jpg,odr5971,odr5971,True,0,1.0000,0.999044,motorcycle
img_022128.jpg,odt6727,odt6727,True,0,1.0000,0.998116,motorcycle
img_022131.jpg,odh5452,odh5452,True,0,1.0000,0.999621,motorcycle
img_022133.jpg,msz1632,msz1533,False,2,0.7143,0.785422,motorcycle
img_022134.jpg,mts7734,mts7754,False,1,0.8571,0.798843,motorcycle
img_022141.jpg,mtx3303,mtx3303,True,0,1.0000,0.998856,motorcycle
img_022143.jpg,odf2202,odf2202,True,0,1.0000,0.999928,motorcycle
img_022144.jpg,mtx4192,mtx4192,True,0,1.0000,0.999393,motorcycle
img_022145.jpg,mtz3460,mtz3460,True,0,1.0000,0.999777,motorcycle
img_022148.jpg,odh5452,odh5452,True,0,1.0000,0.999717,motorcycle
img_022150.jpg,ppm5173,ppm5173,True,0,1.0000,0.999548,motorcycle
img_022151.jpg,odf0749,odf0749,True,0,1.0000,0.996872,motorcycle
img_022152.jpg,mto6028,mto6028,True,0,1.0000,0.998545,motorcycle
img_022153.jpg,ppz3765,ppz3766,False,1,0.8571,0.932852,motorcycle
img_022154.jpg,msb1362,msb1363,False,1,0.8571,0.868346,motorcycle
img_022155.jpg,odr4648,odr4648,True,0,1.0000,0.998467,motorcycle
img_022156.jpg,mtx4192,mtx4192,True,0,1.0000,0.998839,motorcycle
img_022158.jpg,ppu8555,ppu8555,True,0,1.0000,0.999936,motorcycle
img_022163.jpg,msw0327,msw0327,True,0,1.0000,0.996984,motorcycle
img_022165.jpg,mqq7692,mqq7692,True,0,1.0000,0.999693,motorcycle
img_022166.jpg,mtz3460,mtz3460,True,0,1.0000,0.999425,motorcycle
img_022170.jpg,mpx7232,mpx7232,True,0,1.0000,0.999674,motorcycle
img_022178.jpg,mpv8198,mpv8798,False,1,0.8571,0.967410,motorcycle
img_022179.jpg,odr4648,odr5648,False,1,0.8571,0.956563,motorcycle
img_022183.jpg,mtx3303,mtx3303,True,0,1.0000,0.987436,motorcycle
img_022184.jpg,oyi9346,oyi9346,True,0,1.0000,0.993888,motorcycle
img_022188.jpg,ppl1354,ppl1354,True,0,1.0000,0.997664,motorcycle
img_022189.jpg,mrc7008,mrc7008,True,0,1.0000,0.999926,motorcycle
img_022191.jpg,odr2292,odr2292,True,0,1.0000,0.999509,motorcycle
img_022194.jpg,odr4648,odr4648,True,0,1.0000,0.997155,motorcycle
img_022195.jpg,mtx4192,mtx4192,True,0,1.0000,0.998751,motorcycle
img_022197.jpg,odh5452,odh5452,True,0,1.0000,0.997484,motorcycle
img_022199.jpg,mtx3303,mtx3303,True,0,1.0000,0.792336,motorcycle
img_022201.jpg,mtz0686,mtz0686,True,0,1.0000,0.999900,motorcycle
img_022202.jpg,mso7465,mso7465,True,0,1.0000,0.999774,motorcycle
img_022204.jpg,msk0637,msk0631,False,1,0.8571,0.957436,motorcycle
img_022206.jpg,mse2696,mse2696,True,0,1.0000,0.997274,motorcycle
img_022208.jpg,odi6064,od66064,False,1,0.8571,0.326534,motorcycle
img_022211.jpg,msk0637,msk0631,False,1,0.8571,0.570374,motorcycle
img_022212.jpg,ppt7234,ppt7234,True,0,1.0000,0.988286,motorcycle
img_022216.jpg,odr5971,odr5971,True,0,1.0000,0.999397,motorcycle
img_022217.jpg,mst8655,mst8655,True,0,1.0000,0.999965,motorcycle
img_022218.jpg,jjm1920,jjm1920,True,0,1.0000,0.998449,motorcycle
img_022219.jpg,jjc7757,jjc7757,True,0,1.0000,0.986990,motorcycle
img_022221.jpg,msb9683,msb9683,True,0,1.0000,0.969935,motorcycle
img_022222.jpg,mtx4192,mtx4192,True,0,1.0000,0.999349,motorcycle
img_022223.jpg,oyd1821,oyd1821,True,0,1.0000,0.999807,motorcycle
img_022224.jpg,odh5452,odh5452,True,0,1.0000,0.999604,motorcycle
img_022225.jpg,msz1632,msz1533,False,2,0.7143,0.553972,motorcycle
img_022228.jpg,ppb4172,ppb4172,True,0,1.0000,0.999876,motorcycle
img_022230.jpg,mty0370,mty0370,True,0,1.0000,0.988840,motorcycle
img_022231.jpg,jjc7757,jjc7757,True,0,1.0000,0.952143,motorcycle
img_022232.jpg,mtx4192,mtx4192,True,0,1.0000,0.999454,motorcycle
img_022233.jpg,ovi1134,ovi1134,True,0,1.0000,0.999380,motorcycle
img_022234.jpg,msb1362,msb1363,False,1,0.8571,0.996755,motorcycle
img_022235.jpg,mtx3303,mtx3303,True,0,1.0000,0.998124,motorcycle
img_022239.jpg,mtv0352,mtv0352,True,0,1.0000,0.999871,motorcycle
img_022244.jpg,ppf2131,ppf2131,True,0,1.0000,0.626454,motorcycle
img_022247.jpg,jko8991,jko8991,True,0,1.0000,0.990515,motorcycle
img_022249.jpg,odm6783,odm6733,False,1,0.8571,0.662684,motorcycle
img_022250.jpg,mrs0112,mrs0112,True,0,1.0000,0.998769,motorcycle
img_022253.jpg,mqk5693,mqk5693,True,0,1.0000,0.999742,motorcycle
img_022256.jpg,ppl1634,ppl1634,True,0,1.0000,0.999691,motorcycle
img_022257.jpg,jko8991,jko8991,True,0,1.0000,0.994420,motorcycle
img_022258.jpg,msb1362,msb1363,False,1,0.8571,0.995963,motorcycle
img_022260.jpg,odt6046,odt6046,True,0,1.0000,0.999806,motorcycle
img_022263.jpg,mtw4082,mtw4082,True,0,1.0000,0.967169,motorcycle
img_022267.jpg,ppg5798,ppg5798,True,0,1.0000,0.924968,motorcycle
img_022268.jpg,msz6980,msz6980,True,0,1.0000,0.999435,motorcycle
img_022269.jpg,jko8991,jko8991,True,0,1.0000,0.990691,motorcycle
img_022270.jpg,jjm1920,jjm1920,True,0,1.0000,0.982983,motorcycle
img_022272.jpg,mtx3303,mtx3309,False,1,0.8571,0.685373,motorcycle
img_022274.jpg,msm6217,msm6217,True,0,1.0000,0.997936,motorcycle
img_022278.jpg,mtx4192,mtx4192,True,0,1.0000,0.999550,motorcycle
img_022282.jpg,msz1632,msz1632,True,0,1.0000,0.801113,motorcycle
img_022286.jpg,mtu9659,mtu9659,True,0,1.0000,0.999135,motorcycle
img_022288.jpg,msm6217,msm6217,True,0,1.0000,0.997394,motorcycle
img_022290.jpg,mtx3303,mtx3303,True,0,1.0000,0.970922,motorcycle
img_022292.jpg,mty1863,mty1863,True,0,1.0000,0.999654,motorcycle
img_022298.jpg,mru1931,mru1931,True,0,1.0000,0.993389,motorcycle
img_022299.jpg,jjm1920,jjm1920,True,0,1.0000,0.999019,motorcycle
img_022300.jpg,jjc7757,jjc7757,True,0,1.0000,0.990492,motorcycle
img_022301.jpg,mpk8317,mpk8317,True,0,1.0000,0.975100,motorcycle
img_022308.jpg,hfa8518,hfa8518,True,0,1.0000,0.999302,motorcycle
img_022310.jpg,mtx3303,mtx3303,True,0,1.0000,0.990860,motorcycle
img_022311.jpg,odr4648,odr4648,True,0,1.0000,0.848635,motorcycle
img_022312.jpg,jko8991,jko8991,True,0,1.0000,0.997695,motorcycle
img_022317.jpg,msz1632,msz1632,True,0,1.0000,0.849201,motorcycle
img_022323.jpg,ntn0127,mtn0127,False,1,0.8571,0.990923,motorcycle
img_022327.jpg,odr4648,odr4648,True,0,1.0000,0.943069,motorcycle
img_022330.jpg,mtx3303,mtx3303,True,0,1.0000,0.819723,motorcycle
img_022331.jpg,msb9683,msb9683,True,0,1.0000,0.998312,motorcycle
img_022332.jpg,mtt8621,mtt8629,False,1,0.8571,0.531256,motorcycle
img_022336.jpg,jko8991,jko8991,True,0,1.0000,0.993187,motorcycle
img_022337.jpg,mst7836,mst7836,True,0,1.0000,0.999470,motorcycle
img_022339.jpg,odh5452,odh5452,True,0,1.0000,0.999746,motorcycle
img_022342.jpg,mrx6476,mrx6476,True,0,1.0000,0.997317,motorcycle
img_022343.jpg,mtz5078,mtz5078,True,0,1.0000,0.999622,motorcycle
img_022345.jpg,ocx7943,ocx7943,True,0,1.0000,0.999560,motorcycle
img_022346.jpg,ppt6132,ppt6132,True,0,1.0000,0.992143,motorcycle
img_022347.jpg,msm6217,msm6217,True,0,1.0000,0.999712,motorcycle
img_022348.jpg,mqx7585,mqx7585,True,0,1.0000,0.999352,motorcycle
img_022349.jpg,jko8991,jko8991,True,0,1.0000,0.912445,motorcycle
img_022350.jpg,odt5939,odt5939,True,0,1.0000,0.960906,motorcycle
img_022353.jpg,mrh7545,mrh7545,True,0,1.0000,0.999874,motorcycle
img_022355.jpg,pps7270,pps7270,True,0,1.0000,0.998999,motorcycle
img_022357.jpg,ppq3952,ppq3952,True,0,1.0000,0.795998,motorcycle
img_022358.jpg,ppk0137,ppk0137,True,0,1.0000,0.999246,motorcycle
img_022359.jpg,ppb0543,ppb0543,True,0,1.0000,0.998723,motorcycle
img_022362.jpg,mqx7585,mqz7538,False,3,0.5714,0.467206,motorcycle
img_022366.jpg,mtx4192,mtx4192,True,0,1.0000,0.999299,motorcycle
img_022368.jpg,mtx3303,mtx3303,True,0,1.0000,0.985923,motorcycle
img_022372.jpg,odh5452,odh5452,True,0,1.0000,0.999550,motorcycle
img_022373.jpg,odb7075,odb7075,True,0,1.0000,0.664234,motorcycle
img_022374.jpg,msz1632,msz1532,False,1,0.8571,0.735548,motorcycle
img_022377.jpg,mtz0748,mtz0748,True,0,1.0000,0.969281,motorcycle
img_022381.jpg,mtx3303,mtx3303,True,0,1.0000,0.495142,motorcycle
img_022383.jpg,djx8729,djx8729,True,0,1.0000,0.999602,motorcycle
img_022386.jpg,ppm9537,ppm9557,False,1,0.8571,0.815725,motorcycle
img_022389.jpg,mtx3303,mtx3303,True,0,1.0000,0.999754,motorcycle
img_022394.jpg,qrb1638,qrb1638,True,0,1.0000,0.995666,motorcycle
img_022395.jpg,odh5452,odh5452,True,0,1.0000,0.992969,motorcycle
img_022396.jpg,msz1632,mqz1633,False,2,0.7143,0.257875,motorcycle
img_022403.jpg,mqx7585,mqx7585,True,0,1.0000,0.999766,motorcycle
img_022404.jpg,ppu9960,ppu9960,True,0,1.0000,0.999598,motorcycle
img_022406.jpg,mto6028,mto6028,True,0,1.0000,0.999349,motorcycle
img_022407.jpg,mtz0696,mtz0656,False,1,0.8571,0.896432,motorcycle
img_022411.jpg,oye7983,oye7983,True,0,1.0000,0.999693,motorcycle
img_022425.jpg,odr4648,odr4648,True,0,1.0000,0.801628,motorcycle
img_022426.jpg,mqm8584,mqm8584,True,0,1.0000,0.996631,motorcycle
img_022430.jpg,odr5971,odr5971,True,0,1.0000,0.999557,motorcycle
img_022431.jpg,mtz0652,mtz0652,True,0,1.0000,0.999746,motorcycle
img_022432.jpg,odr4648,odr4648,True,0,1.0000,0.999755,motorcycle
img_022434.jpg,msu3152,msu3152,True,0,1.0000,0.998528,motorcycle
img_022436.jpg,oyg0158,oyg0158,True,0,1.0000,0.998407,motorcycle
img_022444.jpg,msk4371,msk4371,True,0,1.0000,0.997965,motorcycle
img_022446.jpg,mtd7702,mtd7702,True,0,1.0000,0.993862,motorcycle
img_022449.jpg,mtv3898,mtz3898,False,1,0.8571,0.697331,motorcycle
img_022452.jpg,odb4172,odb4172,True,0,1.0000,0.997148,motorcycle
img_022454.jpg,pvw2058,pvw2058,True,0,1.0000,0.839316,motorcycle
img_022464.jpg,oda0294,oda0294,True,0,1.0000,0.999050,motorcycle
img_022469.jpg,ppi2689,ppi2689,True,0,1.0000,0.967089,motorcycle
img_022476.jpg,ppr4626,ppr4626,True,0,1.0000,0.999845,motorcycle
img_022479.jpg,mse7534,mse7534,True,0,1.0000,0.999484,motorcycle
img_022480.jpg,mrn1317,mrn1317,True,0,1.0000,0.990006,motorcycle
img_022492.jpg,ppw7986,ppw7986,True,0,1.0000,0.999866,motorcycle
img_022497.jpg,pps7741,pps7741,True,0,1.0000,0.999738,motorcycle
img_022500.jpg,mqy3046,mqy3046,True,0,1.0000,0.995269,motorcycle
img_027502.jpg,qrg4j82,qrg4j82,True,0,1.0000,0.994225,motorcycle
img_027506.jpg,mtv5g99,msv5g99,False,1,0.8571,0.995551,motorcycle
img_027508.jpg,odr2i65,odr2i65,True,0,1.0000,0.808104,motorcycle
img_027509.jpg,odt6a01,odt6a01,True,0,1.0000,0.979720,motorcycle
img_027510.jpg,msf3i23,msf3i23,True,0,1.0000,0.997658,motorcycle
img_027511.jpg,qrf0e03,qrf0e03,True,0,1.0000,0.999284,motorcycle
img_027513.jpg,mrr2c85,mrr2c85,True,0,1.0000,0.994886,motorcycle
img_027515.jpg,ppr8e85,ppr8e85,True,0,1.0000,0.960614,motorcycle
img_027519.jpg,qrh2d22,qrh2d22,True,0,1.0000,0.999557,motorcycle
img_027520.jpg,puo0e01,puo0e01,True,0,1.0000,0.551457,motorcycle
img_027525.jpg,ovf5h08,ovf5h08,True,0,1.0000,0.608566,motorcycle
img_027530.jpg,qre9g46,qre9g46,True,0,1.0000,0.999677,motorcycle
img_027532.jpg,qrf9c92,qrf0h92,False,2,0.7143,0.463142,motorcycle
img_027536.jpg,qrf9c92,qrf0c92,False,1,0.8571,0.578725,motorcycle
img_027537.jpg,qrh2d22,qrh2d22,True,0,1.0000,0.998167,motorcycle
img_027542.jpg,ocz9e64,ocz9e64,True,0,1.0000,0.874395,motorcycle
img_027543.jpg,ppe5h61,ppe5h61,True,0,1.0000,0.999425,motorcycle
img_027547.jpg,qrf1j03,qrf1j03,True,0,1.0000,0.993214,motorcycle
img_027551.jpg,qrf1j80,qrf1j80,True,0,1.0000,0.998912,motorcycle
img_027552.jpg,qrf9c92,qrf0c92,False,1,0.8571,0.788427,motorcycle
img_027554.jpg,qrf9c92,qrf0c92,False,1,0.8571,0.445591,motorcycle
img_027555.jpg,qre9g46,qre9g46,True,0,1.0000,0.999635,motorcycle
img_027563.jpg,lqk6d23,lqk6d23,True,0,1.0000,0.980553,motorcycle
img_027566.jpg,qrf4i27,qrf4i27,True,0,1.0000,0.690736,motorcycle
img_027571.jpg,qre0c75,qre0c75,True,0,1.0000,0.969840,motorcycle
img_027574.jpg,qre0d36,qre0d36,True,0,1.0000,0.831131,motorcycle
img_027575.jpg,qrf9c92,qrf0c92,False,1,0.8571,0.689457,motorcycle
img_027584.jpg,odr4d90,odr4d90,True,0,1.0000,0.986512,motorcycle
img_027585.jpg,qri7h26,qri7h26,True,0,1.0000,0.762212,motorcycle
img_027589.jpg,odr4d90,odr4d90,True,0,1.0000,0.999460,motorcycle
img_027591.jpg,mtt0g70,mtt0g70,True,0,1.0000,0.990896,motorcycle
img_027594.jpg,pps2d40,pps2d40,True,0,1.0000,0.998651,motorcycle
img_027596.jpg,qrg2j03,qrg2j03,True,0,1.0000,0.973540,motorcycle
img_027602.jpg,lsv8i85,lsv8i85,True,0,1.0000,0.897365,motorcycle
img_027603.jpg,mtt0g70,mtt0g70,True,0,1.0000,0.992393,motorcycle
img_027605.jpg,mtt0g70,mtt0g70,True,0,1.0000,0.986211,motorcycle
img_027614.jpg,qrg5b79,qrg5b79,True,0,1.0000,0.998722,motorcycle
img_027616.jpg,qrj5d28,qrj9d28,False,1,0.8571,0.466045,motorcycle
img_027619.jpg,qre5g20,qre5g20,True,0,1.0000,0.997513,motorcycle
img_027620.jpg,msw0e74,msw0e74,True,0,1.0000,0.999550,motorcycle
img_027623.jpg,odb5d78,odb5d78,True,0,1.0000,0.999320,motorcycle
img_027630.jpg,ovf5h08,ovf5d08,False,1,0.8571,0.993127,motorcycle
img_027631.jpg,mqp8i71,mqp8i71,True,0,1.0000,0.982573,motorcycle
img_027632.jpg,qre3c98,qre3c98,True,0,1.0000,0.880601,motorcycle
img_027634.jpg,qre9g46,qre9g46,True,0,1.0000,0.999742,motorcycle
img_027636.jpg,msy4d96,msy4d96,True,0,1.0000,0.982921,motorcycle
img_027641.jpg,qre6b81,qre6b81,True,0,1.0000,0.983700,motorcycle
img_027642.jpg,qrf8f39,qrf8f39,True,0,1.0000,0.999702,motorcycle
img_027652.jpg,qrj4a23,qrj4a23,True,0,1.0000,0.993620,motorcycle
img_027654.jpg,msx5a18,msx5a18,True,0,1.0000,0.910463,motorcycle
img_027655.jpg,qrh0f83,qrn0f83,False,1,0.8571,0.991542,motorcycle
img_027659.jpg,qre1j20,qre1j20,True,0,1.0000,0.953117,motorcycle
img_027665.jpg,qri5i88,qri3i88,False,1,0.8571,0.686641,motorcycle
img_027674.jpg,mtt0g70,mtt0g70,True,0,1.0000,0.989026,motorcycle
img_027675.jpg,qrk5f43,qrk5f43,True,0,1.0000,0.996581,motorcycle
img_027676.jpg,qri4d60,qri4d60,True,0,1.0000,0.999546,motorcycle
img_027681.jpg,qre1h72,qre1h72,True,0,1.0000,0.996240,motorcycle
img_027687.jpg,qre5g20,qre5g20,True,0,1.0000,0.999116,motorcycle
img_027690.jpg,ppj7d86,ppj7d86,True,0,1.0000,0.959202,motorcycle
img_027700.jpg,ppn9j74,ppn9j74,True,0,1.0000,0.999587,motorcycle
img_027701.jpg,ocy1g98,ocy1g98,True,0,1.0000,0.999255,motorcycle
img_027704.jpg,ocz9e64,ocz9e64,True,0,1.0000,0.979764,motorcycle
img_027706.jpg,qrb1g37,qrb1g37,True,0,1.0000,0.999714,motorcycle
img_027709.jpg,msx5a18,msx5f18,False,1,0.8571,0.242997,motorcycle
img_027711.jpg,gkh4c99,gkh4c99,True,0,1.0000,0.992107,motorcycle
img_027712.jpg,qri2h49,qri2h49,True,0,1.0000,0.972157,motorcycle
img_027716.jpg,qre5g20,qre5g20,True,0,1.0000,0.992183,motorcycle
img_027720.jpg,qrk9b28,qrk9b28,True,0,1.0000,0.999607,motorcycle
img_027725.jpg,qrk9i41,qrk9i41,True,0,1.0000,0.999880,motorcycle
img_027730.jpg,fwx1e29,fwx1e29,True,0,1.0000,0.939979,motorcycle
img_027733.jpg,qre3c98,qrf3c98,False,1,0.8571,0.940197,motorcycle
img_027735.jpg,qrk5f43,qrk5f43,True,0,1.0000,0.994046,motorcycle
img_027737.jpg,qrh2d22,qrh2d22,True,0,1.0000,0.989176,motorcycle
img_027740.jpg,qri2h49,qra2d49,False,2,0.7143,0.627689,motorcycle
img_027741.jpg,qrb1g37,qrb1g37,True,0,1.0000,0.977713,motorcycle
img_027742.jpg,qre5g20,qre5g20,True,0,1.0000,0.999667,motorcycle
img_027744.jpg,qrg5i84,qrg5i96,False,2,0.7143,0.418760,motorcycle
img_027751.jpg,qrg4j82,qrg4j82,True,0,1.0000,0.872879,motorcycle
img_027754.jpg,mts6i12,mts6i12,True,0,1.0000,0.989905,motorcycle
img_027755.jpg,qrk2h32,qrk2h32,True,0,1.0000,0.999512,motorcycle
img_027756.jpg,qrk2h46,qrk2h46,True,0,1.0000,0.995509,motorcycle
img_027757.jpg,qre5g20,qre5g20,True,0,1.0000,0.992675,motorcycle
img_027762.jpg,qrg4j82,qrg6j82,False,1,0.8571,0.358046,motorcycle
img_027765.jpg,odn8a70,odn8a70,True,0,1.0000,0.753619,motorcycle
img_027766.jpg,odt6a01,odt6a01,True,0,1.0000,0.998967,motorcycle
img_027770.jpg,qrl0b55,qrl0b55,True,0,1.0000,0.999756,motorcycle
img_027772.jpg,qre5g20,qre5g20,True,0,1.0000,0.999298,motorcycle
img_027779.jpg,qrh7j75,qrh7j75,True,0,1.0000,0.998023,motorcycle
img_027782.jpg,ovj6e24,ovj6h24,False,1,0.8571,0.378067,motorcycle
img_027785.jpg,odn8a70,odn8a70,True,0,1.0000,0.952042,motorcycle
img_027786.jpg,ppv9c45,ppv9c45,True,0,1.0000,0.996744,motorcycle
img_027788.jpg,oda5c92,oda5c92,True,0,1.0000,0.991914,motorcycle
img_027789.jpg,qri2g10,qri2g10,True,0,1.0000,0.775637,motorcycle
img_027793.jpg,mtv7c99,mtv7c99,True,0,1.0000,0.992586,motorcycle
img_027794.jpg,qre5g64,qre5g64,True,0,1.0000,0.999761,motorcycle
img_027798.jpg,ppy6c55,ppy6c55,True,0,1.0000,0.992947,motorcycle
img_027800.jpg,qrm6e95,qrm6e95,True,0,1.0000,0.997553,motorcycle
img_027801.jpg,qrb1g37,qrb1g37,True,0,1.0000,0.852733,motorcycle
img_027802.jpg,ppe5h61,ppe5h61,True,0,1.0000,0.998620,motorcycle
img_027809.jpg,qri4d60,qri4d60,True,0,1.0000,0.985782,motorcycle
img_027817.jpg,ppy6e40,ppy6e40,True,0,1.0000,0.998946,motorcycle
img_027818.jpg,qrg5b79,qrg5b79,True,0,1.0000,0.989473,motorcycle
img_027825.jpg,qre1j20,qre1j20,True,0,1.0000,0.989845,motorcycle
img_027827.jpg,mtz8e66,mtz8e66,True,0,1.0000,0.989211,motorcycle
img_027829.jpg,ovi2h93,ovi2h93,True,0,1.0000,0.994698,motorcycle
img_027836.jpg,qre4a41,qre4a41,True,0,1.0000,0.961378,motorcycle
img_027838.jpg,qri4j59,qri6j59,False,1,0.8571,0.753125,motorcycle
img_027839.jpg,ovi2h93,ovi2h93,True,0,1.0000,0.985626,motorcycle
img_027846.jpg,oda7g38,oda7g38,True,0,1.0000,0.999180,motorcycle
img_027855.jpg,mts6i12,mts6i12,True,0,1.0000,0.996074,motorcycle
img_027860.jpg,ovi2h93,uvi2d93,False,2,0.7143,0.432492,motorcycle
img_027863.jpg,qrh8a82,qrh8a82,True,0,1.0000,0.922147,motorcycle
img_027878.jpg,qrh8a82,qrh8a82,True,0,1.0000,0.966154,motorcycle
img_027881.jpg,ovi6h87,qvi8h87,False,2,0.7143,0.904608,motorcycle
img_027885.jpg,qrg5g11,qrg5g11,True,0,1.0000,0.999186,motorcycle
img_027886.jpg,mtx4g86,mtx4g86,True,0,1.0000,0.999682,motorcycle
img_027890.jpg,qrf4i27,qrf4i27,True,0,1.0000,0.950200,motorcycle
img_027898.jpg,qrh8a82,qrh8a82,True,0,1.0000,0.995712,motorcycle
img_027899.jpg,qrg1d29,qrg1d29,True,0,1.0000,0.970077,motorcycle
img_027901.jpg,qre1h72,qre1h72,True,0,1.0000,0.983770,motorcycle
img_027910.jpg,msp2a75,msp2a75,True,0,1.0000,0.996918,motorcycle
img_027913.jpg,ovi2h93,ovi2h93,True,0,1.0000,0.999707,motorcycle
img_027914.jpg,mse6d09,mse6d09,True,0,1.0000,0.999491,motorcycle
img_027915.jpg,msw0e74,msw0e74,True,0,1.0000,0.980014,motorcycle
img_027916.jpg,ovi2h93,ovi2h93,True,0,1.0000,0.994496,motorcycle
img_027921.jpg,odg2h38,odg2h38,True,0,1.0000,0.997277,motorcycle
img_027924.jpg,qrl7h97,qrl7h97,True,0,1.0000,0.999619,motorcycle
img_027925.jpg,mqq1e63,mqq1463,False,1,0.8571,0.251983,motorcycle
img_027931.jpg,ppm0g72,ppm0g72,True,0,1.0000,0.989022,motorcycle
img_027936.jpg,ppi6d91,ppi6d91,True,0,1.0000,0.995409,motorcycle
img_027937.jpg,msw0e74,msw0e74,True,0,1.0000,0.990951,motorcycle
img_027938.jpg,qrl1a42,qrl1a42,True,0,1.0000,0.995211,motorcycle
img_027940.jpg,msw0e74,msw0e74,True,0,1.0000,0.999108,motorcycle
img_027941.jpg,msp2a75,msp2a75,True,0,1.0000,0.570897,motorcycle
img_027945.jpg,qrg6d57,qrg6d57,True,0,1.0000,0.994973,motorcycle
img_027947.jpg,qrh6b28,qrh6b28,True,0,1.0000,0.999434,motorcycle
img_027948.jpg,qrg6d57,qrg6d57,True,0,1.0000,0.998953,motorcycle
img_027949.jpg,qrf0h69,qrf0c60,False,2,0.7143,0.117680,motorcycle
img_027950.jpg,msm6c05,msm6c05,True,0,1.0000,0.924212,motorcycle
img_027951.jpg,qrf0h69,qrf0h69,True,0,1.0000,0.494558,motorcycle
img_027952.jpg,qrg6d57,qrg6d57,True,0,1.0000,0.998373,motorcycle
img_027954.jpg,qrg6d57,qrg6d57,True,0,1.0000,0.993360,motorcycle
img_027955.jpg,hbo6a52,hbo6a52,True,0,1.0000,0.980822,motorcycle
img_027956.jpg,qrg6d57,qrg6d57,True,0,1.0000,0.997730,motorcycle
img_027958.jpg,qrf0h69,qrf0h89,False,1,0.8571,0.242851,motorcycle
img_027959.jpg,msm6c05,msm6c65,False,1,0.8571,0.682462,motorcycle
img_027962.jpg,qrf0h69,qrf6h69,False,1,0.8571,0.483034,motorcycle
img_027964.jpg,qrh2j12,qrh2j12,True,0,1.0000,0.997473,motorcycle
img_027965.jpg,qrg6d57,qrg6d57,True,0,1.0000,0.996571,motorcycle
img_027966.jpg,qrf0h69,qrf6h60,False,2,0.7143,0.625318,motorcycle
img_027968.jpg,qrf0h69,qrf0h6,False,1,0.8571,0.243335,motorcycle
img_027969.jpg,msm6c05,msm6c05,True,0,1.0000,0.999687,motorcycle
img_027971.jpg,qrg6d57,qrg6d57,True,0,1.0000,0.967690,motorcycle
img_027972.jpg,qrg6d57,qrg6d57,True,0,1.0000,0.574417,motorcycle
img_027973.jpg,qrf0h69,qrf6h69,False,1,0.8571,0.456292,motorcycle
img_027974.jpg,qri8h59,qri8g69,False,2,0.7143,0.446402,motorcycle
img_027980.jpg,qrg6d57,qrg6d57,True,0,1.0000,0.986035,motorcycle
img_027982.jpg,oda7c99,oda7c99,True,0,1.0000,0.804015,motorcycle
img_027984.jpg,oyk0j72,oyk0j72,True,0,1.0000,0.990685,motorcycle
img_027989.jpg,ozw7a23,ozw7a23,True,0,1.0000,0.999340,motorcycle
img_028005.jpg,mpa3a92,mpa3a92,True,0,1.0000,0.998326,motorcycle
img_028006.jpg,msx2b57,msx2b57,True,0,1.0000,0.999826,motorcycle
img_028007.jpg,ozw7a23,ozw7a23,True,0,1.0000,0.999243,motorcycle
img_028009.jpg,qrm9g80,qrm9g80,True,0,1.0000,0.999731,motorcycle
img_028011.jpg,pph2h33,pph2h33,True,0,1.0000,0.967393,motorcycle
img_028014.jpg,pph2h33,pph2h33,True,0,1.0000,0.999851,motorcycle
img_028015.jpg,msf3i23,msf3i23,True,0,1.0000,0.998672,motorcycle
img_028019.jpg,mqs8d89,mqs8d89,True,0,1.0000,0.995932,motorcycle
img_028021.jpg,ozw7a23,ozw7a23,True,0,1.0000,0.999653,motorcycle
img_028023.jpg,msw2i03,msw2i03,True,0,1.0000,0.996598,motorcycle
img_028024.jpg,qrk3d06,qrk3d06,True,0,1.0000,0.999872,motorcycle
img_028026.jpg,ppy6c55,ppy6c55,True,0,1.0000,0.999822,motorcycle
img_028027.jpg,qrl5j85,qrl5j85,True,0,1.0000,0.999694,motorcycle
img_028028.jpg,ppe9a12,ppe9a12,True,0,1.0000,0.998895,motorcycle
img_028033.jpg,qrj8h83,qrj8h83,True,0,1.0000,0.917512,motorcycle
img_028041.jpg,mtv0h43,mtv0h43,True,0,1.0000,0.999276,motorcycle
img_028047.jpg,msf3i23,msf3i23,True,0,1.0000,0.992144,motorcycle
img_028053.jpg,mtz1d24,mtz1d24,True,0,1.0000,0.996171,motorcycle
img_028055.jpg,ovi4d13,ovi4d13,True,0,1.0000,0.999505,motorcycle
img_028063.jpg,mqj0g55,mqj0g55,True,0,1.0000,0.968135,motorcycle
img_028068.jpg,qrg6d57,qrg6d57,True,0,1.0000,0.991178,motorcycle
img_028075.jpg,oyi4h49,oyi4h49,True,0,1.0000,0.997280,motorcycle
img_028076.jpg,msf3i23,msf3i23,True,0,1.0000,0.990556,motorcycle
img_028078.jpg,qrl2c69,qrl2c69,True,0,1.0000,0.999408,motorcycle
img_028087.jpg,msf3i23,msc3j13,False,3,0.5714,0.697327,motorcycle
img_028090.jpg,mtz1d24,mtz1d24,True,0,1.0000,0.954940,motorcycle
img_028091.jpg,ovi4d13,ovi4d13,True,0,1.0000,0.999584,motorcycle
img_028094.jpg,mpk7e29,mpk7e29,True,0,1.0000,0.985633,motorcycle
img_028096.jpg,mps6g32,mps6g32,True,0,1.0000,0.989833,motorcycle
img_028097.jpg,msq9e72,msq9e72,True,0,1.0000,0.999700,motorcycle
img_028098.jpg,ovi4d13,ovi4d13,True,0,1.0000,0.999849,motorcycle
img_028115.jpg,mtz1d24,mtz1d24,True,0,1.0000,0.993189,motorcycle
img_028122.jpg,qrj4c82,qrj4c82,True,0,1.0000,0.998297,motorcycle
img_028124.jpg,ocv8e03,ocv8e03,True,0,1.0000,0.999143,motorcycle
img_028125.jpg,ozw7a23,ozv7a23,False,1,0.8571,0.838348,motorcycle
img_028129.jpg,mtq4f75,mtq4f75,True,0,1.0000,0.995558,motorcycle
img_028140.jpg,moy4d15,moy4d15,True,0,1.0000,0.999687,motorcycle
img_028142.jpg,pph2h33,pph2h33,True,0,1.0000,0.999471,motorcycle
img_028147.jpg,msn4g35,msn4g35,True,0,1.0000,0.991666,motorcycle
img_028149.jpg,qrf3c79,qrf3c79,True,0,1.0000,0.999171,motorcycle
img_028155.jpg,olz5g48,olz5g48,True,0,1.0000,0.999595,motorcycle
img_028161.jpg,qrg5g54,qrg5g54,True,0,1.0000,0.992939,motorcycle
img_028162.jpg,ocx2g95,ocx2g95,True,0,1.0000,0.998949,motorcycle
img_028168.jpg,qrf0h69,qrf0h69,True,0,1.0000,0.695470,motorcycle
img_028172.jpg,pps7e09,pps7e09,True,0,1.0000,0.994489,motorcycle
img_028177.jpg,mtq4f75,mtq4f75,True,0,1.0000,0.976570,motorcycle
img_028178.jpg,ppl8c51,ppl8c51,True,0,1.0000,0.805728,motorcycle
img_028179.jpg,oyf9h59,oyf9h59,True,0,1.0000,0.999151,motorcycle
img_028183.jpg,qrj1a37,qrj1a37,True,0,1.0000,0.928558,motorcycle
img_028184.jpg,ppr7g88,ppr7g88,True,0,1.0000,0.999338,motorcycle
img_028185.jpg,qri6c82,qri5c82,False,1,0.8571,0.977522,motorcycle
img_028187.jpg,qre5g20,qre5g20,True,0,1.0000,0.998789,motorcycle
img_028190.jpg,qrk3d06,qrk3h06,False,1,0.8571,0.851481,motorcycle
img_028196.jpg,pph2h33,ppm2h33,False,1,0.8571,0.926041,motorcycle
img_028199.jpg,qrf0h69,qrf6c6,False,3,0.5714,0.148997,motorcycle
img_028215.jpg,qri2f05,qri2f05,True,0,1.0000,0.833015,motorcycle
img_028220.jpg,qrh3h92,qrh3h92,True,0,1.0000,0.615992,motorcycle
img_028221.jpg,duz7g68,duz7g68,True,0,1.0000,0.732926,motorcycle
img_028230.jpg,odh6e75,odh6e75,True,0,1.0000,0.989684,motorcycle
img_028236.jpg,ocv8e03,ocv8e03,True,0,1.0000,0.999157,motorcycle
img_028239.jpg,oyf5f69,ovs5f89,False,3,0.5714,0.873497,motorcycle
img_028247.jpg,qrh2g55,qrh2g55,True,0,1.0000,0.999583,motorcycle
img_028248.jpg,mtc6d64,mtc6d64,True,0,1.0000,0.990613,motorcycle
img_028249.jpg,mtz1d24,mtz1d24,True,0,1.0000,0.985437,motorcycle
img_028253.jpg,pud5d18,pud5d18,True,0,1.0000,0.998999,motorcycle
img_028257.jpg,ppm5a98,ppm5a98,True,0,1.0000,0.998483,motorcycle
img_028262.jpg,mtz1d24,mtz1d24,True,0,1.0000,0.928588,motorcycle
img_028264.jpg,qrh1b34,qrh1b34,True,0,1.0000,0.999080,motorcycle
img_028271.jpg,qrh5c50,qrh5c50,True,0,1.0000,0.998945,motorcycle
img_028281.jpg,qre3c48,qre3c48,True,0,1.0000,0.999867,motorcycle
img_028284.jpg,qrg1d29,qrg1d29,True,0,1.0000,0.998116,motorcycle
img_028294.jpg,qrg5b41,qrg5b41,True,0,1.0000,0.999807,motorcycle
img_028298.jpg,ppt2a23,ppt2a23,True,0,1.0000,0.999388,motorcycle
img_028304.jpg,puo0e01,puo0e01,True,0,1.0000,0.984139,motorcycle
img_028305.jpg,qrg1d29,qrg1d29,True,0,1.0000,0.948506,motorcycle
img_028307.jpg,qrf0d45,qrf0d45,True,0,1.0000,0.998630,motorcycle
img_028308.jpg,msz6j86,msz6j66,False,1,0.8571,0.458263,motorcycle
img_028314.jpg,lsv8i85,lsv8i85,True,0,1.0000,0.916570,motorcycle
img_028318.jpg,mqr6b71,mqr6b71,True,0,1.0000,0.991639,motorcycle
img_028319.jpg,qrh5b63,qrh5b63,True,0,1.0000,0.999581,motorcycle
img_028320.jpg,qrh2d22,qrh2d22,True,0,1.0000,0.999906,motorcycle
img_028321.jpg,odm6h99,odm6h99,True,0,1.0000,0.965715,motorcycle
img_028324.jpg,gva1i94,qwa1i94,False,2,0.7143,0.908876,motorcycle
img_028335.jpg,ods3f87,ods3f87,True,0,1.0000,0.999376,motorcycle
img_028342.jpg,odj5g59,odj5g59,True,0,1.0000,0.987490,motorcycle
img_028344.jpg,ppt5j40,ppt5h40,False,1,0.8571,0.450299,motorcycle
img_028345.jpg,ppl7b10,ppl7b10,True,0,1.0000,0.999836,motorcycle
img_028347.jpg,qre3g47,qre3g47,True,0,1.0000,0.791133,motorcycle
img_028348.jpg,msv7i05,msv7i05,True,0,1.0000,0.676931,motorcycle
img_028356.jpg,odr2i65,odr2i65,True,0,1.0000,0.745047,motorcycle
img_028357.jpg,odj5g59,odj5g59,True,0,1.0000,0.686086,motorcycle
img_028358.jpg,odt3g90,odt3g90,True,0,1.0000,0.999391,motorcycle
img_028364.jpg,ppt5j40,ppt5j40,True,0,1.0000,0.986348,motorcycle
img_028365.jpg,ppo3j50,ppo3j50,True,0,1.0000,0.999618,motorcycle
img_028367.jpg,qrg2j03,qrg2j03,True,0,1.0000,0.991663,motorcycle
img_028368.jpg,qre3c48,qre3c48,True,0,1.0000,0.999380,motorcycle
img_028370.jpg,odt6a01,odt6a01,True,0,1.0000,0.977266,motorcycle
img_028376.jpg,ppl0f98,ppl0f98,True,0,1.0000,0.998422,motorcycle
img_028378.jpg,qrh6b28,qrh6b28,True,0,1.0000,0.999670,motorcycle
img_028381.jpg,odf2d01,odf2d01,True,0,1.0000,0.999669,motorcycle
img_028384.jpg,oyk5j80,oyk5j80,True,0,1.0000,0.999376,motorcycle
img_028387.jpg,qrg5b79,qrg5b79,True,0,1.0000,0.999740,motorcycle
img_028394.jpg,qrg2c73,qrg2c73,True,0,1.0000,0.974185,motorcycle
img_028399.jpg,mpt7d28,mpt7d28,True,0,1.0000,0.982618,motorcycle
img_028401.jpg,kzz8f62,kzz8f62,True,0,1.0000,0.831070,motorcycle
img_028404.jpg,odg2h60,odg2h60,True,0,1.0000,0.996745,motorcycle
img_028405.jpg,mqv9f73,mqv9f73,True,0,1.0000,0.985591,motorcycle
img_028406.jpg,mqv7e12,mqv7e12,True,0,1.0000,0.993956,motorcycle
img_028408.jpg,qrf1j80,qrf1j80,True,0,1.0000,0.999737,motorcycle
img_028410.jpg,odj2g92,odj2g92,True,0,1.0000,0.988779,motorcycle
img_028414.jpg,qrg4j82,qrg4j82,True,0,1.0000,0.606038,motorcycle
img_028416.jpg,qre2g64,qre2g64,True,0,1.0000,0.998274,motorcycle
img_028422.jpg,msp2a75,msp2a75,True,0,1.0000,0.998704,motorcycle
img_028424.jpg,ovi7a98,ovi7a98,True,0,1.0000,0.999509,motorcycle
img_028427.jpg,qrg5b79,qrg5b79,True,0,1.0000,0.999736,motorcycle
img_028432.jpg,odj5e46,odj5e46,True,0,1.0000,0.910813,motorcycle
img_028436.jpg,oyk5j80,oyk5j80,True,0,1.0000,0.999288,motorcycle
img_028439.jpg,ozw7a23,ozw7a23,True,0,1.0000,0.545296,motorcycle
img_028444.jpg,ppe5h61,ppe5h61,True,0,1.0000,0.999491,motorcycle
img_028447.jpg,ppt2a23,ppt2a23,True,0,1.0000,0.999375,motorcycle
img_028455.jpg,qri1d52,qri1d52,True,0,1.0000,0.945736,motorcycle
img_028457.jpg,qrb8a37,qrb8a37,True,0,1.0000,0.962733,motorcycle
img_028459.jpg,qre0c75,qre0c75,True,0,1.0000,0.999668,motorcycle
img_028467.jpg,odj2g92,odj2c92,False,1,0.8571,0.668618,motorcycle
img_028468.jpg,ppn9j74,ppn9j74,True,0,1.0000,0.996945,motorcycle
img_028472.jpg,qrf4b90,qrf4b90,True,0,1.0000,0.999725,motorcycle
img_028473.jpg,qrd8g66,qrd8g66,True,0,1.0000,0.999196,motorcycle
img_028474.jpg,oyk9e73,oyk9e73,True,0,1.0000,0.996242,motorcycle
img_028475.jpg,qrh9e85,qrh9e65,False,1,0.8571,0.365371,motorcycle
img_028480.jpg,pwu5j06,pwu5j06,True,0,1.0000,0.999170,motorcycle
img_028486.jpg,qrc5d52,qrc5052,False,1,0.8571,0.613814,motorcycle
img_028489.jpg,qrf8d14,qrf8d14,True,0,1.0000,0.999316,motorcycle
img_028492.jpg,pwu5j06,pwu5j06,True,0,1.0000,0.422578,motorcycle
img_028496.jpg,qrf5a87,qrf5a87,True,0,1.0000,0.998053,motorcycle
img_028498.jpg,mqv9f73,mqv9f73,True,0,1.0000,0.994305,motorcycle
img_028499.jpg,msx4c00,msx4c00,True,0,1.0000,0.999026,motorcycle
img_028507.jpg,qrg1e42,qrg1e42,True,0,1.0000,0.992394,motorcycle
img_028510.jpg,msf3g39,msf3g39,True,0,1.0000,0.999241,motorcycle
img_028511.jpg,qrg4h59,qrg4h59,True,0,1.0000,0.908094,motorcycle
img_028512.jpg,fbh4b10,fbh4b10,True,0,1.0000,0.998287,motorcycle
img_028520.jpg,qre9g46,qre9g46,True,0,1.0000,0.999502,motorcycle
img_028521.jpg,ozw7a23,ozw7a23,True,0,1.0000,0.998016,motorcycle
img_028531.jpg,ppt6c15,ppt6c75,False,1,0.8571,0.956920,motorcycle
img_028534.jpg,qrj4h09,qrj4h09,True,0,1.0000,0.999144,motorcycle
img_028538.jpg,odj0i46,odj0i46,True,0,1.0000,0.999412,motorcycle
img_028539.jpg,qrl8a56,qrl8a56,True,0,1.0000,0.999558,motorcycle
img_028540.jpg,jsu8a56,jsu8a56,True,0,1.0000,0.964468,motorcycle
img_028541.jpg,ppr7g88,ppr7g88,True,0,1.0000,0.995971,motorcycle
img_028542.jpg,kob6d80,kqb6d80,False,1,0.8571,0.893686,motorcycle
img_028543.jpg,qrc5d52,qrc5d52,True,0,1.0000,0.999600,motorcycle
img_028545.jpg,qri7d06,qri7d06,True,0,1.0000,0.999675,motorcycle
img_028547.jpg,qri7h26,qri7h26,True,0,1.0000,0.964033,motorcycle
img_028553.jpg,qrg5b79,qrg5b79,True,0,1.0000,0.999613,motorcycle
img_028554.jpg,pps0e72,pps0e72,True,0,1.0000,0.995620,motorcycle
img_028555.jpg,qri4d60,qri4d60,True,0,1.0000,0.995229,motorcycle
img_028556.jpg,qrg5b79,qrg5b79,True,0,1.0000,0.999291,motorcycle
img_028559.jpg,ppr7g88,ppr7g88,True,0,1.0000,0.991320,motorcycle
img_028564.jpg,odf2c66,odf2c66,True,0,1.0000,0.971162,motorcycle
img_028567.jpg,qri3h51,qri3i55,False,2,0.7143,0.215151,motorcycle
img_028568.jpg,msv7i05,msv7i05,True,0,1.0000,0.996767,motorcycle
img_028578.jpg,odt3g50,odt3g50,True,0,1.0000,0.942154,motorcycle
img_028583.jpg,pwu5j06,pwu5j06,True,0,1.0000,0.996377,motorcycle
img_028584.jpg,qri2j52,qri2j52,True,0,1.0000,0.998166,motorcycle
img_028590.jpg,gva1i94,gva1i94,True,0,1.0000,0.979521,motorcycle
img_028594.jpg,qri3c91,qre3c91,False,1,0.8571,0.658370,motorcycle
img_028595.jpg,odf2c66,odf2c66,True,0,1.0000,0.999589,motorcycle
img_028596.jpg,odf2c66,odf2c66,True,0,1.0000,0.512304,motorcycle
img_028597.jpg,odp9d77,odp9d77,True,0,1.0000,0.979277,motorcycle
img_028599.jpg,qrg2j03,qrg2j03,True,0,1.0000,0.999421,motorcycle
img_028612.jpg,pwu5j06,pwu5j06,True,0,1.0000,0.945927,motorcycle
img_028614.jpg,ppg5h51,ppb5h51,False,1,0.8571,0.601522,motorcycle
img_028619.jpg,qrg0b96,qrg0b96,True,0,1.0000,0.999497,motorcycle
img_028620.jpg,ppy6c55,ppy6c55,True,0,1.0000,0.988916,motorcycle
img_028621.jpg,ppo9c66,ppo9c66,True,0,1.0000,0.977032,motorcycle
img_028623.jpg,ppc6i18,ppc6i18,True,0,1.0000,0.996135,motorcycle
img_028627.jpg,mqv6a59,mqv6a59,True,0,1.0000,0.997311,motorcycle
img_028629.jpg,qre5g20,qre5g20,True,0,1.0000,0.850833,motorcycle
img_028630.jpg,qrf8d14,qrf8d14,True,0,1.0000,0.996607,motorcycle
img_028636.jpg,qrf1c30,qrf1c30,True,0,1.0000,0.999279,motorcycle
img_028642.jpg,ovf5h08,ovf5h08,True,0,1.0000,0.941726,motorcycle
img_028650.jpg,ppn1b25,ppn1b25,True,0,1.0000,0.999208,motorcycle
img_028655.jpg,odf2c66,odf2c66,True,0,1.0000,0.997235,motorcycle
img_028657.jpg,qrg0b96,qrg0b96,True,0,1.0000,0.999386,motorcycle
img_028660.jpg,qrg4h59,qrg4h59,True,0,1.0000,0.998499,motorcycle
img_028667.jpg,ppq2f25,ppq2f25,True,0,1.0000,0.995627,motorcycle
img_028670.jpg,qrg7b26,qrg7b26,True,0,1.0000,0.999749,motorcycle
img_028672.jpg,qri2j52,qri2j52,True,0,1.0000,0.998680,motorcycle
img_028679.jpg,ppc6i18,ppc6i18,True,0,1.0000,0.995687,motorcycle
img_028680.jpg,mqv7e12,mqv7e12,True,0,1.0000,0.998605,motorcycle
img_028687.jpg,ppg5h51,ppg5h51,True,0,1.0000,0.997537,motorcycle
img_028697.jpg,ovi4d13,ovi4d13,True,0,1.0000,0.999550,motorcycle
img_028705.jpg,oyk9e73,oyk9e73,True,0,1.0000,0.994670,motorcycle
img_028710.jpg,odl9b35,odl9g35,False,1,0.8571,0.495075,motorcycle
img_028712.jpg,qrg0b96,qrg0b96,True,0,1.0000,0.999252,motorcycle
img_028713.jpg,jso4d70,jso4d70,True,0,1.0000,0.929679,motorcycle
img_028717.jpg,qri5i04,qri5i04,True,0,1.0000,0.997111,motorcycle
img_028732.jpg,qre6c98,qre6c98,True,0,1.0000,0.999794,motorcycle
img_028740.jpg,ppg5h51,ppg5h51,True,0,1.0000,0.835425,motorcycle
img_028744.jpg,qrg3g25,qrg3c25,False,1,0.8571,0.381425,motorcycle
img_028752.jpg,qrh8b53,qrh8b53,True,0,1.0000,0.713264,motorcycle
img_028753.jpg,qrh6f77,qrh6f77,True,0,1.0000,0.743141,motorcycle
img_028756.jpg,qrh4e29,qrh4e29,True,0,1.0000,0.999385,motorcycle
img_028760.jpg,aux9b64,aux9b64,True,0,1.0000,0.996648,motorcycle
img_028763.jpg,ppy6c55,ppy6c55,True,0,1.0000,0.999754,motorcycle
img_028764.jpg,ppg5h51,ppg5h51,True,0,1.0000,0.974311,motorcycle
img_028765.jpg,pps2d40,pps2d40,True,0,1.0000,0.943896,motorcycle
img_028773.jpg,ppr7g88,ppr7g88,True,0,1.0000,0.997422,motorcycle
img_028775.jpg,mtd2f50,mtd2f50,True,0,1.0000,0.998583,motorcycle
img_028779.jpg,qri3e18,qri3e18,True,0,1.0000,0.999651,motorcycle
img_028781.jpg,ppy6c55,ppy6c55,True,0,1.0000,0.998666,motorcycle
img_028782.jpg,mtx7c76,mtx7c76,True,0,1.0000,0.994713,motorcycle
img_028783.jpg,oum1g39,oum1g39,True,0,1.0000,0.989582,motorcycle
img_028787.jpg,ppb1h72,ppb0h72,False,1,0.8571,0.394801,motorcycle
img_028790.jpg,msp8d62,msp8d62,True,0,1.0000,0.995807,motorcycle
img_028791.jpg,ppg5h51,ppb5h51,False,1,0.8571,0.694757,motorcycle
img_028793.jpg,oum1g39,ouh1g39,False,1,0.8571,0.892664,motorcycle
img_028798.jpg,qrf3i26,qrf3i26,True,0,1.0000,0.997556,motorcycle
img_028800.jpg,mta2e89,mta2e89,True,0,1.0000,0.997471,motorcycle
img_028801.jpg,ppy6c55,ppy6c55,True,0,1.0000,0.998140,motorcycle
img_028803.jpg,qrj1i69,qrj1i69,True,0,1.0000,0.997125,motorcycle
img_028806.jpg,msk2b04,msk2b04,True,0,1.0000,0.943244,motorcycle
img_028808.jpg,qrj6d59,qrj6d59,True,0,1.0000,0.993997,motorcycle
img_028810.jpg,qrh5b66,qrh5b66,True,0,1.0000,0.912268,motorcycle
img_028815.jpg,hjo9c32,hjo9c32,True,0,1.0000,0.998304,motorcycle
img_028822.jpg,qrb1f69,qrb1f69,True,0,1.0000,0.998562,motorcycle
img_028824.jpg,ppb1h72,ppb1h72,True,0,1.0000,0.726454,motorcycle
img_028829.jpg,qrj5j61,qrj5j61,True,0,1.0000,0.979102,motorcycle
img_028831.jpg,duz7g68,duz7g68,True,0,1.0000,0.999407,motorcycle
img_028835.jpg,qre6b81,qre6b81,True,0,1.0000,0.978149,motorcycle
img_028836.jpg,ppy6c55,ppy5c55,False,1,0.8571,0.948311,motorcycle
img_028838.jpg,ocz3e21,ocz3e21,True,0,1.0000,0.999853,motorcycle
img_028843.jpg,ppr7g88,ppr7c60,False,3,0.5714,0.436237,motorcycle
img_028846.jpg,ppa7a55,ppa7a55,True,0,1.0000,0.991151,motorcycle
img_028847.jpg,qrf1j03,qrf1j03,True,0,1.0000,0.771855,motorcycle
img_028849.jpg,qrj8h83,qrj8h83,True,0,1.0000,0.996964,motorcycle
img_028850.jpg,qrj5c38,qrj5c38,True,0,1.0000,0.778639,motorcycle
img_028854.jpg,mtx1h46,mtx1h46,True,0,1.0000,0.996329,motorcycle
img_028856.jpg,qrh4e29,qrh4e29,True,0,1.0000,0.999748,motorcycle
img_028859.jpg,qri7h26,qri7h26,True,0,1.0000,0.998256,motorcycle
img_028860.jpg,qrj4h09,qrj4h09,True,0,1.0000,0.999287,motorcycle
img_028863.jpg,mqr6b71,mqr6b71,True,0,1.0000,0.999478,motorcycle
img_028868.jpg,mtx7c76,mtx7c76,True,0,1.0000,0.993087,motorcycle
img_028878.jpg,qrk9g40,qrk9g40,True,0,1.0000,0.996604,motorcycle
img_028879.jpg,ppg5h51,ppg5h51,True,0,1.0000,0.999398,motorcycle
img_028884.jpg,msu3a87,msu3h87,False,1,0.8571,0.564387,motorcycle
img_028888.jpg,qrj1i69,qrj1i69,True,0,1.0000,0.998124,motorcycle
img_028889.jpg,msw0e74,msw0e74,True,0,1.0000,0.999192,motorcycle
img_028898.jpg,ppf2b19,ppf2b19,True,0,1.0000,0.999912,motorcycle
img_028900.jpg,prn1a91,prn1a91,True,0,1.0000,0.999402,motorcycle
img_028903.jpg,odg5f18,odg5f18,True,0,1.0000,0.979169,motorcycle
img_028906.jpg,oyf3b05,oyf3b05,True,0,1.0000,0.994274,motorcycle
img_028915.jpg,ppg5h51,ppg5h59,False,1,0.8571,0.498213,motorcycle
img_028920.jpg,odi5g99,odi5g99,True,0,1.0000,0.997626,motorcycle
img_028928.jpg,mrw2c03,mrw2c03,True,0,1.0000,0.992596,motorcycle
img_028931.jpg,pps2d40,ors2d40,False,2,0.7143,0.439292,motorcycle
img_028944.jpg,mso8d44,mso8d44,True,0,1.0000,0.999202,motorcycle
img_028945.jpg,ppe0a33,ppe0a33,True,0,1.0000,0.982489,motorcycle
img_028947.jpg,qrf3d72,qrf3d72,True,0,1.0000,0.999136,motorcycle
img_028951.jpg,qre1j20,qre1j20,True,0,1.0000,0.852321,motorcycle
img_028952.jpg,qri7e72,qri7e72,True,0,1.0000,0.998238,motorcycle
img_028954.jpg,qrf6h73,qrf6h73,True,0,1.0000,0.999184,motorcycle
img_028973.jpg,ppu8b27,ppu8b27,True,0,1.0000,0.653272,motorcycle
img_028974.jpg,qre0c75,qre0c75,True,0,1.0000,0.999077,motorcycle
img_028975.jpg,qrg5g11,qrg5g11,True,0,1.0000,0.999834,motorcycle
img_028991.jpg,qrj4g88,qrj4g88,True,0,1.0000,0.998819,motorcycle
img_028993.jpg,qrg8f91,qrg8f91,True,0,1.0000,0.999778,motorcycle
img_028996.jpg,mtp1e92,mtp1e92,True,0,1.0000,0.995885,motorcycle
img_028999.jpg,odg5f18,odg5f18,True,0,1.0000,0.999521,motorcycle
img_029000.jpg,ppy6c55,ppy5c55,False,1,0.8571,0.996199,motorcycle
img_029007.jpg,jko1c51,jko1c51,True,0,1.0000,0.968175,motorcycle
img_029010.jpg,mrl5f11,mrl5f11,True,0,1.0000,0.999222,motorcycle
img_029013.jpg,lmc6f52,lmc6f52,True,0,1.0000,0.981747,motorcycle
img_029017.jpg,qrh3h92,qrh3h92,True,0,1.0000,0.999216,motorcycle
img_029018.jpg,qrk2h32,qrk2h32,True,0,1.0000,0.971683,motorcycle
img_029025.jpg,mtm8j36,mtm8j36,True,0,1.0000,0.943667,motorcycle
img_029032.jpg,ppy6c55,ppy6c55,True,0,1.0000,0.997587,motorcycle
img_029035.jpg,mtx7c76,mtx7c76,True,0,1.0000,0.932544,motorcycle
img_029040.jpg,ppy6c55,ppy6c55,True,0,1.0000,0.976898,motorcycle
img_029044.jpg,ppl1g49,ppl1g49,True,0,1.0000,0.991834,motorcycle
img_029045.jpg,qrf5a87,qrf5a87,True,0,1.0000,0.998858,motorcycle
img_029048.jpg,qrb7j37,qrb7j37,True,0,1.0000,0.999058,motorcycle
img_029051.jpg,msa2d98,msa2d98,True,0,1.0000,0.999765,motorcycle
img_029054.jpg,odh5h74,odh5h74,True,0,1.0000,0.522021,motorcycle
img_029059.jpg,fyw0e20,fyw0e20,True,0,1.0000,0.995374,motorcycle
img_029063.jpg,msw0e74,msw0e74,True,0,1.0000,0.993457,motorcycle
img_029069.jpg,ppn1i54,ppw1i54,False,1,0.8571,0.559014,motorcycle
img_029072.jpg,qrg5b79,qrr5e79,False,2,0.7143,0.342005,motorcycle
img_029075.jpg,odg7j05,odg7j05,True,0,1.0000,0.999399,motorcycle
img_029077.jpg,ppm6b36,ppm5g36,False,2,0.7143,0.915742,motorcycle
img_029085.jpg,ppe5h61,ppe5h61,True,0,1.0000,0.999623,motorcycle
img_029086.jpg,ppj7d86,ppj7d86,True,0,1.0000,0.965773,motorcycle
img_029088.jpg,qrj4j25,qrj4j25,True,0,1.0000,0.964058,motorcycle
img_029093.jpg,qrj4h09,qrj4h09,True,0,1.0000,0.998605,motorcycle
img_029103.jpg,gzv3j93,gzv3j93,True,0,1.0000,0.997714,motorcycle
img_029110.jpg,ppy6c55,ppy5c55,False,1,0.8571,0.903924,motorcycle
img_029111.jpg,qrk2h46,qrk2h46,True,0,1.0000,0.691484,motorcycle
img_029112.jpg,qre6b81,qre6b81,True,0,1.0000,0.999200,motorcycle
img_029113.jpg,oyd0i44,oyd0i44,True,0,1.0000,0.999678,motorcycle
img_029119.jpg,qrf9c92,qrf9c92,True,0,1.0000,0.999356,motorcycle
img_029124.jpg,hjo9c32,hjo9c32,True,0,1.0000,0.985856,motorcycle
img_029127.jpg,ppt5j40,ppt5j40,True,0,1.0000,0.999079,motorcycle
img_029128.jpg,qrg4i42,qrg4i42,True,0,1.0000,0.990919,motorcycle
img_029131.jpg,mtm5h09,mtm5h09,True,0,1.0000,0.962668,motorcycle
img_029133.jpg,qrk8e50,qrk8e50,True,0,1.0000,0.999654,motorcycle
img_029136.jpg,qrg4j82,qrg4j82,True,0,1.0000,0.994650,motorcycle
img_029138.jpg,oda0e40,oda0e40,True,0,1.0000,0.999503,motorcycle
img_029143.jpg,odr2i65,odr2i65,True,0,1.0000,0.975672,motorcycle
img_029144.jpg,gkh4c99,gkh4c99,True,0,1.0000,0.992685,motorcycle
img_029146.jpg,qri2j52,qri2j52,True,0,1.0000,0.998814,motorcycle
img_029150.jpg,qrk5j15,qrk5j15,True,0,1.0000,0.999789,motorcycle
img_029154.jpg,qre5g22,qre5g22,True,0,1.0000,0.999814,motorcycle
img_029156.jpg,mrl5f11,mrl5f11,True,0,1.0000,0.999650,motorcycle
img_029165.jpg,qrj5d28,qrj5d28,True,0,1.0000,0.994458,motorcycle
img_029169.jpg,qri2h49,qri2a49,False,1,0.8571,0.765229,motorcycle
img_029171.jpg,odo7h15,odo7h15,True,0,1.0000,0.975375,motorcycle
img_029172.jpg,msy8a54,msy8a54,True,0,1.0000,0.995339,motorcycle
img_029174.jpg,odc5d59,odc5d58,False,1,0.8571,0.979730,motorcycle
img_029176.jpg,mpi9a64,hpt9h64,False,3,0.5714,0.763860,motorcycle
img_029177.jpg,mpi9a64,mpi9a64,True,0,1.0000,0.998923,motorcycle
img_029178.jpg,qrh8b53,qrh8b53,True,0,1.0000,0.999846,motorcycle
img_029181.jpg,msv3h69,msv3h69,True,0,1.0000,0.968012,motorcycle
img_029185.jpg,oyh6d96,oyh6d96,True,0,1.0000,0.985480,motorcycle
img_029187.jpg,mrs3j76,mrs3j76,True,0,1.0000,0.998880,motorcycle
img_029198.jpg,odp8g56,odp8g56,True,0,1.0000,0.999039,motorcycle
img_029199.jpg,qrk8i20,qrk8i20,True,0,1.0000,0.997884,motorcycle
img_029209.jpg,ppb4e77,ppb4e77,True,0,1.0000,0.999647,motorcycle
img_029216.jpg,ppv9c45,ppv9c45,True,0,1.0000,0.999604,motorcycle
img_029224.jpg,qri2h49,qri2a49,False,1,0.8571,0.918936,motorcycle
img_029228.jpg,mtz2i95,mtz2i95,True,0,1.0000,0.998842,motorcycle
img_029231.jpg,odt6a01,odt6a01,True,0,1.0000,0.543802,motorcycle
img_029233.jpg,mst5a03,mst4a03,False,1,0.8571,0.960906,motorcycle
img_029236.jpg,qri2h49,qri2h49,True,0,1.0000,0.996136,motorcycle
img_029238.jpg,mpt7d28,mpt7d28,True,0,1.0000,0.999334,motorcycle
img_029244.jpg,qri4j59,qri4j59,True,0,1.0000,0.967590,motorcycle
img_029248.jpg,ppy6c55,ppy6c55,True,0,1.0000,0.953616,motorcycle
img_029256.jpg,qrf2i78,qrf2i78,True,0,1.0000,0.998567,motorcycle
img_029263.jpg,pph2b58,pph2b58,True,0,1.0000,0.999071,motorcycle
img_029265.jpg,mtb8a07,mtb8a07,True,0,1.0000,0.779658,motorcycle
img_029268.jpg,odl8c42,odl8c42,True,0,1.0000,0.998696,motorcycle
img_029269.jpg,qrf8d05,qrf8d05,True,0,1.0000,0.858738,motorcycle
img_029270.jpg,ppy6c55,ppy6c55,True,0,1.0000,0.997497,motorcycle
img_029276.jpg,ocw1a61,ocw1a61,True,0,1.0000,0.955591,motorcycle
img_029279.jpg,qrf5a39,qrf5a39,True,0,1.0000,0.692750,motorcycle
img_029290.jpg,qrh5b66,qrh5b66,True,0,1.0000,0.999397,motorcycle
img_029291.jpg,ppy6c55,ppy6c55,True,0,1.0000,0.998103,motorcycle
img_029295.jpg,qrj1i96,qrj1i76,False,1,0.8571,0.911792,motorcycle
img_029302.jpg,qri5b63,qri5b63,True,0,1.0000,0.999593,motorcycle
img_029305.jpg,ovi3e42,ovi3e42,True,0,1.0000,0.999636,motorcycle
img_029306.jpg,ppg0f71,ppg0f71,True,0,1.0000,0.987678,motorcycle
img_029312.jpg,ppf9d45,ppf9d45,True,0,1.0000,0.999736,motorcycle
img_029313.jpg,ocy0i57,ocy0i57,True,0,1.0000,0.995682,motorcycle
img_029318.jpg,nyx4g84,nyk4g84,False,1,0.8571,0.998096,motorcycle
img_029320.jpg,qrj5b44,qrj5b44,True,0,1.0000,0.999593,motorcycle
img_029326.jpg,ppk4e09,ppk4e09,True,0,1.0000,0.999867,motorcycle
img_029328.jpg,qrg0b96,qrg0b96,True,0,1.0000,0.638907,motorcycle
img_029329.jpg,qri2h49,qri2h49,True,0,1.0000,0.834674,motorcycle
img_029334.jpg,mtm0f89,mtm0f89,True,0,1.0000,0.999766,motorcycle
img_029344.jpg,ppe0a55,ppe0a55,True,0,1.0000,0.995207,motorcycle
img_029347.jpg,ovf5h30,ovf5h30,True,0,1.0000,0.862762,motorcycle
img_029348.jpg,mrw9h52,mrw9h52,True,0,1.0000,0.991018,motorcycle
img_029349.jpg,msp4b22,msp4b22,True,0,1.0000,0.999714,motorcycle
img_029350.jpg,ppv9c45,ppv9c45,True,0,1.0000,0.999140,motorcycle
img_029351.jpg,qrb1g37,qrb1c37,False,1,0.8571,0.512697,motorcycle
img_029353.jpg,msw0e74,msw0e74,True,0,1.0000,0.990005,motorcycle
img_029354.jpg,ppy6c55,ppy6c55,True,0,1.0000,0.988994,motorcycle
img_029366.jpg,odb4a87,odb4a87,True,0,1.0000,0.959240,motorcycle
img_029372.jpg,llt9f03,llt3f0,False,2,0.7143,0.359758,motorcycle
img_029373.jpg,oyk5i74,oyk5i74,True,0,1.0000,0.999429,motorcycle
img_029376.jpg,mts9a68,mts9a68,True,0,1.0000,0.998348,motorcycle
img_029380.jpg,qrg4j82,qrg4j82,True,0,1.0000,0.938701,motorcycle
img_029381.jpg,mqk4h98,mqk4h98,True,0,1.0000,0.999192,motorcycle
img_029387.jpg,qrg4d71,qrg4a71,False,1,0.8571,0.651697,motorcycle
img_029388.jpg,msw0e74,msw0e74,True,0,1.0000,0.996249,motorcycle
img_029392.jpg,qrk9b28,qrk9b28,True,0,1.0000,0.999435,motorcycle
img_029402.jpg,mtm0f89,mtm0f89,True,0,1.0000,0.997961,motorcycle
img_029403.jpg,qrk8j99,qrk8j99,True,0,1.0000,0.999149,motorcycle
img_029404.jpg,ovk7i14,ovk7114,False,1,0.8571,0.768791,motorcycle
img_029411.jpg,oyk9b17,oyk9b17,True,0,1.0000,0.997215,motorcycle
img_029412.jpg,qri7b05,qri7b05,True,0,1.0000,0.987209,motorcycle
img_029414.jpg,ppo3d92,ppo3d92,True,0,1.0000,0.998870,motorcycle
img_029422.jpg,qrh8g78,qrh8g78,True,0,1.0000,0.999621,motorcycle
img_029423.jpg,odg8b88,odg8b88,True,0,1.0000,0.998000,motorcycle
img_029425.jpg,ppm0g72,ppm0g72,True,0,1.0000,0.993187,motorcycle
img_029427.jpg,mtz2i95,mtz2i95,True,0,1.0000,0.999575,motorcycle
img_029440.jpg,qrf2a37,qrf2a37,True,0,1.0000,0.998564,motorcycle
img_029448.jpg,qrj6f21,qrj6f21,True,0,1.0000,0.899710,motorcycle
img_029453.jpg,ppn1i54,ppn1i54,True,0,1.0000,0.995893,motorcycle
img_029454.jpg,msv4d70,msv4d70,True,0,1.0000,0.981864,motorcycle
img_029455.jpg,ppk4i79,ppk4i79,True,0,1.0000,0.998691,motorcycle
img_029456.jpg,ppo9c66,ppo9c66,True,0,1.0000,0.934231,motorcycle
img_029458.jpg,qrk2h37,qrk2h37,True,0,1.0000,0.741528,motorcycle
img_029459.jpg,odp0h11,odp0h11,True,0,1.0000,0.970330,motorcycle
img_029478.jpg,ntp9j19,ntp9j19,True,0,1.0000,0.960129,motorcycle
img_029485.jpg,mtw7c75,mtw7c75,True,0,1.0000,0.996755,motorcycle
img_029488.jpg,ppn9j76,ppn9j76,True,0,1.0000,0.997618,motorcycle
img_029506.jpg,ppr8e85,ppr8e85,True,0,1.0000,0.999504,motorcycle
img_029511.jpg,mtw8i15,mtw8i15,True,0,1.0000,0.999673,motorcycle
img_029513.jpg,qrf2i78,qrf3i78,False,1,0.8571,0.519679,motorcycle
img_029516.jpg,qrk2h37,qrk2h37,True,0,1.0000,0.998940,motorcycle
img_029526.jpg,qrf1j03,qrf1j03,True,0,1.0000,0.998654,motorcycle
img_029538.jpg,ovi4d13,ovi4d13,True,0,1.0000,0.997985,motorcycle
img_029546.jpg,msw0e74,msw0e74,True,0,1.0000,0.992043,motorcycle
img_029547.jpg,qrj8d79,qrj8d79,True,0,1.0000,0.999483,motorcycle
img_029549.jpg,ovh4c13,ovh4c73,False,1,0.8571,0.816968,motorcycle
img_029552.jpg,qrk2h46,qrk2h46,True,0,1.0000,0.838663,motorcycle
img_029553.jpg,opu1e74,opu1c74,False,1,0.8571,0.960377,motorcycle
img_029555.jpg,mtd8a61,mtd5a61,False,1,0.8571,0.542166,motorcycle
img_029557.jpg,qrh4a09,qrh4a09,True,0,1.0000,0.999498,motorcycle
img_029562.jpg,ovi2h93,ovi2h93,True,0,1.0000,0.973708,motorcycle
img_029563.jpg,oda0e40,oda0e40,True,0,1.0000,0.917858,motorcycle
img_029564.jpg,ppu9a13,ppu9a13,True,0,1.0000,0.998905,motorcycle
img_029567.jpg,qrh8g78,qrh8g78,True,0,1.0000,0.999550,motorcycle
img_029574.jpg,mtd8a61,mtd8a61,True,0,1.0000,0.982262,motorcycle
img_029581.jpg,msw0e74,msv0e74,False,1,0.8571,0.832199,motorcycle
img_029583.jpg,qrc7g00,qrc9g00,False,1,0.8571,0.539459,motorcycle
img_029588.jpg,qri2h49,qri2h49,True,0,1.0000,0.982799,motorcycle
img_029591.jpg,qrj6g02,qrj6g02,True,0,1.0000,0.998368,motorcycle
img_029592.jpg,odg8b88,odg8b88,True,0,1.0000,0.997622,motorcycle
img_029593.jpg,oyd1d89,oyd1d89,True,0,1.0000,0.984532,motorcycle
img_029597.jpg,ppe5h61,ppe5h61,True,0,1.0000,0.999116,motorcycle
img_029601.jpg,mtv4h20,mtv4h20,True,0,1.0000,0.920901,motorcycle
img_029604.jpg,oyg3c30,oyg3c30,True,0,1.0000,0.635892,motorcycle
img_029607.jpg,qrl6e98,qrl6e98,True,0,1.0000,0.993175,motorcycle
img_029613.jpg,hgu4b06,hgu4b06,True,0,1.0000,0.999680,motorcycle
img_029614.jpg,ppi6d68,ppi6d68,True,0,1.0000,0.998582,motorcycle
img_029620.jpg,rba6b29,rba6b29,True,0,1.0000,0.994524,motorcycle
img_029624.jpg,qrh8d56,qrh8d56,True,0,1.0000,0.999868,motorcycle
img_029626.jpg,qrh5b63,qrh5b63,True,0,1.0000,0.999743,motorcycle
img_029629.jpg,qrh8g78,qrh8g78,True,0,1.0000,0.997194,motorcycle
img_029633.jpg,msw2i03,msw2i03,True,0,1.0000,0.999296,motorcycle
img_029636.jpg,qrh9b34,qrh9b34,True,0,1.0000,0.999509,motorcycle
img_029637.jpg,qrk2h37,qrk2h37,True,0,1.0000,0.990388,motorcycle
img_029640.jpg,qri5i04,qri5i04,True,0,1.0000,0.999512,motorcycle
img_029642.jpg,qrk1j59,qrk1j59,True,0,1.0000,0.999401,motorcycle
img_029643.jpg,qrh4b72,qrh4b72,True,0,1.0000,0.999691,motorcycle
img_029647.jpg,jso4d70,jso4d70,True,0,1.0000,0.994301,motorcycle
img_029659.jpg,qrh2d22,qrh2d22,True,0,1.0000,0.998812,motorcycle
img_029660.jpg,ocz2c56,ocz2c56,True,0,1.0000,0.988996,motorcycle
img_029661.jpg,qre0c75,qre0c75,True,0,1.0000,0.999139,motorcycle
img_029663.jpg,qrh2d22,qrh2d22,True,0,1.0000,0.999605,motorcycle
img_029665.jpg,qre3g47,qre3c47,False,1,0.8571,0.640854,motorcycle
img_029669.jpg,ppm6b36,ppm6b36,True,0,1.0000,0.998354,motorcycle
img_029671.jpg,mtw7c75,mtw7c75,True,0,1.0000,0.996872,motorcycle
img_029673.jpg,odr2i65,odr2i65,True,0,1.0000,0.983004,motorcycle
img_029675.jpg,qrg1e42,qrg1e42,True,0,1.0000,0.999466,motorcycle
img_029676.jpg,qrg2j03,qrg2j03,True,0,1.0000,0.999574,motorcycle
img_029677.jpg,odr2i65,odr2i65,True,0,1.0000,0.858524,motorcycle
img_029678.jpg,qrg2j03,qrg2j03,True,0,1.0000,0.999005,motorcycle
img_029679.jpg,odg5f18,odg5f18,True,0,1.0000,0.998940,motorcycle
img_029688.jpg,qrd0c17,qrd0c17,True,0,1.0000,0.995383,motorcycle
img_029689.jpg,ovi2h93,ovi2h93,True,0,1.0000,0.999536,motorcycle
img_029694.jpg,qri7h40,qri7h40,True,0,1.0000,0.818909,motorcycle
img_029699.jpg,mrf9j59,qrf9j59,False,1,0.8571,0.968846,motorcycle
img_029702.jpg,ppp0c22,ppp0c22,True,0,1.0000,0.998983,motorcycle
img_029705.jpg,qrg5g11,qrg5g11,True,0,1.0000,0.999846,motorcycle
img_029708.jpg,qre0h80,qre0h80,True,0,1.0000,0.999282,motorcycle
img_029709.jpg,qrg5g11,qrg5g11,True,0,1.0000,0.998729,motorcycle
img_029710.jpg,inm7c44,inh7c44,False,1,0.8571,0.945656,motorcycle
img_029711.jpg,ppn6c13,ppn6c13,True,0,1.0000,0.715112,motorcycle
img_029718.jpg,qri1g92,qri1g92,True,0,1.0000,0.997305,motorcycle
img_029721.jpg,ovj0h50,ovj0h50,True,0,1.0000,0.698981,motorcycle
img_029723.jpg,qri6c82,qri6c82,True,0,1.0000,0.992948,motorcycle
img_029728.jpg,pph5b07,pph5b07,True,0,1.0000,0.904998,motorcycle
img_029731.jpg,qrh3d03,qrh3d03,True,0,1.0000,0.999921,motorcycle
img_029732.jpg,ppb2a47,ppb2a47,True,0,1.0000,0.995389,motorcycle
img_029733.jpg,odc4h91,odc4h91,True,0,1.0000,0.998317,motorcycle
img_029738.jpg,qrb3a73,qrb3a73,True,0,1.0000,0.998193,motorcycle
img_029741.jpg,lry7g97,lry7g97,True,0,1.0000,0.975995,motorcycle
img_029742.jpg,msa8f37,msa8b37,False,1,0.8571,0.552227,motorcycle
img_029744.jpg,qre0h80,qre0h80,True,0,1.0000,0.999116,motorcycle
img_029745.jpg,qrh2c14,qrh2c14,True,0,1.0000,0.996074,motorcycle
img_029746.jpg,oyg7f39,oyg7f39,True,0,1.0000,0.998939,motorcycle
img_029751.jpg,oyi8e42,oyi8e42,True,0,1.0000,0.991815,motorcycle
img_029753.jpg,qrg3f30,qrg3f30,True,0,1.0000,0.999848,motorcycle
img_029755.jpg,msv7i05,msv7i05,True,0,1.0000,0.978969,motorcycle
img_029756.jpg,msr9b97,msr9b97,True,0,1.0000,0.998486,motorcycle
img_029757.jpg,lry7g97,lry7g97,True,0,1.0000,0.994031,motorcycle
img_029758.jpg,oyk0j72,oyk0j72,True,0,1.0000,0.977345,motorcycle
img_029760.jpg,oyg7f39,oyg7f39,True,0,1.0000,0.772822,motorcycle
img_029761.jpg,qrk1d63,qrk1d63,True,0,1.0000,0.999125,motorcycle
img_029762.jpg,qri6c82,qri6c92,False,1,0.8571,0.643649,motorcycle
img_029763.jpg,mrz9a40,mrz9a40,True,0,1.0000,0.996085,motorcycle
img_029770.jpg,qod5a08,qod5a08,True,0,1.0000,0.795354,motorcycle
img_029771.jpg,ppm1b13,ppm1b13,True,0,1.0000,0.999809,motorcycle
img_029773.jpg,ppw7j99,ppw7j99,True,0,1.0000,0.990078,motorcycle
img_029774.jpg,qrk2h37,qrk2h37,True,0,1.0000,0.925565,motorcycle
img_029775.jpg,qrh8b53,qrh8b53,True,0,1.0000,0.999535,motorcycle
img_029776.jpg,oyd5h74,oyd5c74,False,1,0.8571,0.843387,motorcycle
img_029778.jpg,oyk0j72,oyk0j72,True,0,1.0000,0.997397,motorcycle
img_029779.jpg,ppi3e57,ppi3e57,True,0,1.0000,0.996619,motorcycle
img_029780.jpg,mrz9a40,mrz0a40,False,1,0.8571,0.585994,motorcycle
img_029781.jpg,qrk1d63,qrk1d63,True,0,1.0000,0.999554,motorcycle
img_029789.jpg,krm7e95,krm7e95,True,0,1.0000,0.994472,motorcycle
img_029790.jpg,odg8b88,odg8b88,True,0,1.0000,0.998653,motorcycle
img_029791.jpg,ppu0b42,ppu0b42,True,0,1.0000,0.998931,motorcycle
img_029792.jpg,ppu6c58,ppu6c68,False,1,0.8571,0.426344,motorcycle
img_029793.jpg,qrb3a73,qrb3a73,True,0,1.0000,0.997552,motorcycle
img_029794.jpg,qrf4b12,qrf4b12,True,0,1.0000,0.999678,motorcycle
img_029796.jpg,oyk0j72,oyk0j72,True,0,1.0000,0.986621,motorcycle
img_029797.jpg,qrg2c72,qrg2c72,True,0,1.0000,0.916369,motorcycle
img_029798.jpg,qre0h80,qre0h80,True,0,1.0000,0.999250,motorcycle
img_029800.jpg,mrz9a40,mrz9a40,True,0,1.0000,0.987553,motorcycle
img_029802.jpg,qrk3g62,qrk3g62,True,0,1.0000,0.999153,motorcycle
img_029803.jpg,qri6g68,qri6g68,True,0,1.0000,0.657719,motorcycle
img_029804.jpg,ppi3e57,ppi3e57,True,0,1.0000,0.999716,motorcycle
img_029805.jpg,qrk1d63,qrk1d63,True,0,1.0000,0.939556,motorcycle
img_029807.jpg,ppj1f18,ppj1f18,True,0,1.0000,0.998776,motorcycle
img_029808.jpg,qrk3i24,qrk3i24,True,0,1.0000,0.999715,motorcycle
img_029810.jpg,qrd0c17,qrd0c17,True,0,1.0000,0.998917,motorcycle
img_029811.jpg,qrj4j25,qrj4j25,True,0,1.0000,0.985506,motorcycle
img_029813.jpg,mta0b22,mta0b22,True,0,1.0000,0.999747,motorcycle
img_029814.jpg,oyg7i91,oyg7i91,True,0,1.0000,0.990778,motorcycle
img_029815.jpg,qri2d95,qri2d95,True,0,1.0000,0.999539,motorcycle
img_029816.jpg,odg8b88,odg8b88,True,0,1.0000,0.999473,motorcycle
img_029818.jpg,qrg5f71,qrg5f71,True,0,1.0000,0.999418,motorcycle
img_029820.jpg,ppu6c58,ppu6c58,True,0,1.0000,0.998720,motorcycle
img_029821.jpg,odf2h64,odf2h64,True,0,1.0000,0.985562,motorcycle
img_029824.jpg,ppy6c26,ppy6c26,True,0,1.0000,0.985032,motorcycle
img_029825.jpg,ppn7d89,ppn7d89,True,0,1.0000,0.836801,motorcycle
img_029826.jpg,ppw7j99,ppw7j99,True,0,1.0000,0.932165,motorcycle
img_029827.jpg,msr9b97,msr9b97,True,0,1.0000,0.997320,motorcycle
img_029829.jpg,lry7g97,lry7g97,True,0,1.0000,0.999232,motorcycle
img_029831.jpg,qrh2j12,qrh2j12,True,0,1.0000,0.999556,motorcycle
img_029832.jpg,ppr2d29,ppr2d29,True,0,1.0000,0.954942,motorcycle
img_029835.jpg,ppp5e34,ppp5e34,True,0,1.0000,0.999102,motorcycle
img_029836.jpg,qod5a08,qod5a08,True,0,1.0000,0.996299,motorcycle
img_029837.jpg,qrg4j82,qrg4j82,True,0,1.0000,0.960266,motorcycle
img_029843.jpg,ppj1f18,ppj1f18,True,0,1.0000,0.999468,motorcycle
img_029844.jpg,mtb6g74,mtb6g74,True,0,1.0000,0.997967,motorcycle
img_029853.jpg,qri6g68,qri6g68,True,0,1.0000,0.999500,motorcycle
img_029854.jpg,qrd0c17,qrd0c17,True,0,1.0000,0.996186,motorcycle
img_029855.jpg,krm7e95,krm7e95,True,0,1.0000,0.982867,motorcycle
img_029866.jpg,ppq1j94,ppq1j94,True,0,1.0000,0.986562,motorcycle
img_029867.jpg,ppq1j94,ppq1j94,True,0,1.0000,0.997453,motorcycle
img_029868.jpg,ppq1j94,ppq1j94,True,0,1.0000,0.993650,motorcycle
img_029874.jpg,fgx5b14,fgx5b14,True,0,1.0000,0.937930,motorcycle
img_029876.jpg,qrh3i68,qrh3i68,True,0,1.0000,0.997859,motorcycle
img_029878.jpg,qrj8d77,qrj8d77,True,0,1.0000,0.869725,motorcycle
img_029879.jpg,oyj0d42,oyj0d42,True,0,1.0000,0.999089,motorcycle
img_029884.jpg,odj1a82,odj1a82,True,0,1.0000,0.914823,motorcycle
img_029885.jpg,ppj7d82,ppj7j82,False,1,0.8571,0.639700,motorcycle
img_029893.jpg,ppn1b25,ppn1b25,True,0,1.0000,0.999834,motorcycle
img_029894.jpg,ocv8d29,ocv8d29,True,0,1.0000,0.973314,motorcycle
img_029896.jpg,qrb3a73,qrb3a73,True,0,1.0000,0.998526,motorcycle
img_029897.jpg,qrf4b12,qrf4b12,True,0,1.0000,0.999235,motorcycle
img_029898.jpg,ppt2j19,ppt2j19,True,0,1.0000,0.999127,motorcycle
img_029899.jpg,mqm8d57,mqm8d57,True,0,1.0000,0.995788,motorcycle
img_029900.jpg,ppy6c26,ppy6c26,True,0,1.0000,0.999779,motorcycle
img_029901.jpg,ppn1a71,ppn1a71,True,0,1.0000,0.995155,motorcycle
img_029902.jpg,oyg7f39,oyb7f39,False,1,0.8571,0.855878,motorcycle
img_029903.jpg,qri6c82,qri6c82,True,0,1.0000,0.999424,motorcycle
img_029904.jpg,mth4g39,mth4g39,True,0,1.0000,0.949176,motorcycle
img_029906.jpg,lll4c56,lll4c56,True,0,1.0000,0.989842,motorcycle
img_029907.jpg,lll4c56,lll4c56,True,0,1.0000,0.989248,motorcycle
img_029908.jpg,mrz9a40,mrz9a40,True,0,1.0000,0.998580,motorcycle
img_029909.jpg,qri7d06,qri7d06,True,0,1.0000,0.999567,motorcycle
img_029910.jpg,qrg5g11,qrg5g11,True,0,1.0000,0.999720,motorcycle
img_029912.jpg,oyg0a69,oyg0a69,True,0,1.0000,0.873448,motorcycle
img_029918.jpg,qrd0c17,qrd0c17,True,0,1.0000,0.994916,motorcycle
img_029919.jpg,krm7e95,krm7e95,True,0,1.0000,0.969308,motorcycle
img_029920.jpg,odg8b88,odg8b88,True,0,1.0000,0.805782,motorcycle
img_029921.jpg,mte6d68,mte6d68,True,0,1.0000,0.999542,motorcycle
img_029922.jpg,ppp2d40,ppp2d40,True,0,1.0000,0.999579,motorcycle
img_029923.jpg,ovk2c60,ovk2c60,True,0,1.0000,0.996673,motorcycle
img_029927.jpg,ppy6c26,ppy6c26,True,0,1.0000,0.999315,motorcycle
img_029929.jpg,odc4h91,odc4h91,True,0,1.0000,0.992252,motorcycle
img_029930.jpg,mrz9a40,mrz9a40,True,0,1.0000,0.601967,motorcycle
img_029931.jpg,qrk1f26,qrk1f26,True,0,1.0000,0.999393,motorcycle
img_029935.jpg,oyg0a69,oyg0a69,True,0,1.0000,0.928149,motorcycle
img_029936.jpg,oda5c01,oda5c01,True,0,1.0000,0.996802,motorcycle
img_029937.jpg,qrg7f09,qrg7f09,True,0,1.0000,0.998469,motorcycle
img_029942.jpg,qri8i41,qri8i41,True,0,1.0000,0.585701,motorcycle
img_029944.jpg,qri7d06,qri7d06,True,0,1.0000,0.999392,motorcycle
img_029945.jpg,qrf4b12,qrf4b12,True,0,1.0000,0.999797,motorcycle
img_029948.jpg,ppw7j99,ppw7j99,True,0,1.0000,0.999116,motorcycle
img_029949.jpg,qrg3f30,qrg3f30,True,0,1.0000,0.998333,motorcycle
img_029950.jpg,ppy6c26,ppy6c26,True,0,1.0000,0.999656,motorcycle
img_029951.jpg,msa8f37,msa8f37,True,0,1.0000,0.999574,motorcycle
img_029952.jpg,oyg7i91,oyg7i91,True,0,1.0000,0.999486,motorcycle
img_029953.jpg,msr9b97,msr9b97,True,0,1.0000,0.999428,motorcycle
img_029955.jpg,ppt2j19,ppt2j19,True,0,1.0000,0.990981,motorcycle
img_029956.jpg,lry7g97,lry7g97,True,0,1.0000,0.969192,motorcycle
img_029958.jpg,qri6i06,qri6i06,True,0,1.0000,0.998924,motorcycle
img_029959.jpg,oyk0j72,oyk0j72,True,0,1.0000,0.994912,motorcycle
img_029960.jpg,qrh3i68,qrh3i68,True,0,1.0000,0.924365,motorcycle
img_029961.jpg,ppi3e57,ppi3e57,True,0,1.0000,0.989465,motorcycle
img_029963.jpg,mpp2g74,mpp2g74,True,0,1.0000,0.695103,motorcycle
img_029965.jpg,qrj5e58,qrj5e58,True,0,1.0000,0.993608,motorcycle
img_029969.jpg,pph5b07,pph5b07,True,0,1.0000,0.999571,motorcycle
img_029972.jpg,msl7j36,msl7j36,True,0,1.0000,0.999529,motorcycle
img_029973.jpg,odf2h64,odf2h64,True,0,1.0000,0.998753,motorcycle
img_029974.jpg,ppy6c26,ppy6c26,True,0,1.0000,0.999504,motorcycle
img_029975.jpg,ppt2j19,ppt2j19,True,0,1.0000,0.900039,motorcycle
img_029976.jpg,qri1d18,qri1d18,True,0,1.0000,0.999077,motorcycle
img_029977.jpg,ppe6h42,ppe6h42,True,0,1.0000,0.999618,motorcycle
img_029978.jpg,oyk0j72,oyk0j72,True,0,1.0000,0.997263,motorcycle
img_029979.jpg,qri6i06,qri6i06,True,0,1.0000,0.995902,motorcycle
img_029980.jpg,msu4g54,msu4g54,True,0,1.0000,0.818067,motorcycle
img_029983.jpg,oyg7f39,oyg7f39,True,0,1.0000,0.998719,motorcycle
img_029988.jpg,oyk9b17,oyk9b17,True,0,1.0000,0.999840,motorcycle
img_029989.jpg,odo7h15,odo7h15,True,0,1.0000,0.996104,motorcycle
img_029990.jpg,qod5a08,qod5a08,True,0,1.0000,0.894564,motorcycle
img_029992.jpg,qip2b63,qip2b63,True,0,1.0000,0.720761,motorcycle
img_029993.jpg,qrd0c17,qrd0c17,True,0,1.0000,0.999103,motorcycle
img_029994.jpg,krm7e95,krm7e95,True,0,1.0000,0.990906,motorcycle
img_029995.jpg,qrj4j25,qrj4j25,True,0,1.0000,0.912318,motorcycle
img_029996.jpg,msl7j36,msl7j36,True,0,1.0000,0.999102,motorcycle
img_029997.jpg,odg8b88,odg8b88,True,0,1.0000,0.999402,motorcycle
img_029998.jpg,ppw7j99,ppw7j99,True,0,1.0000,0.999071,motorcycle
img_030000.jpg,ppn7d89,ppn7d89,True,0,1.0000,0.997512,motorcycle
img_030001.jpg,ppt2j19,ppt2j19,True,0,1.0000,0.982607,motorcycle
img_030003.jpg,pxu7h47,pru7i47,False,2,0.7143,0.264248,motorcycle
img_030008.jpg,oyd8e20,oyd8e20,True,0,1.0000,0.968607,motorcycle
img_030009.jpg,qri6i06,qri6i06,True,0,1.0000,0.996664,motorcycle
img_030012.jpg,qri7b05,qrj7b05,False,1,0.8571,0.649677,motorcycle
img_030013.jpg,mpp2g74,mpp2g74,True,0,1.0000,0.957359,motorcycle
img_030015.jpg,pjz8d82,pjz8d82,True,0,1.0000,0.989002,motorcycle
img_030020.jpg,qnk8h24,onk8h24,False,1,0.8571,0.927997,motorcycle
img_030021.jpg,oyg0a69,oyg0a69,True,0,1.0000,0.995929,motorcycle
img_030022.jpg,qrj2c93,qrj2c93,True,0,1.0000,0.996859,motorcycle
img_030023.jpg,qrj2c93,qrj2c93,True,0,1.0000,0.987065,motorcycle
img_030024.jpg,qrj2c93,qrj2c93,True,0,1.0000,0.990786,motorcycle
img_030025.jpg,qrj2c93,qrj2g93,False,1,0.8571,0.611327,motorcycle
img_030026.jpg,qrj2c93,qrj2c93,True,0,1.0000,0.987899,motorcycle
img_030027.jpg,ppm7c49,ppm7c49,True,0,1.0000,0.999428,motorcycle
img_030028.jpg,ppt2j19,ppt2j19,True,0,1.0000,0.997186,motorcycle
img_030029.jpg,lqy7h23,lqy7h23,True,0,1.0000,0.972029,motorcycle
img_030030.jpg,lqy7h23,lqy7h23,True,0,1.0000,0.944210,motorcycle
img_030033.jpg,qrg7g51,qrg7g51,True,0,1.0000,0.998908,motorcycle
img_030034.jpg,qrh0g84,qrh0g84,True,0,1.0000,0.975827,motorcycle
img_030037.jpg,krm7e95,krh7e95,False,1,0.8571,0.879284,motorcycle
img_030041.jpg,ovi2f50,ovi2f50,True,0,1.0000,0.999662,motorcycle
img_030047.jpg,qrf4b12,qrf4b12,True,0,1.0000,0.999574,motorcycle
img_030049.jpg,oyk0j72,oyk0j72,True,0,1.0000,0.996554,motorcycle
img_030056.jpg,qrg0j89,qrg0j89,True,0,1.0000,0.999753,motorcycle
img_030057.jpg,ppg6h84,ppg6h84,True,0,1.0000,0.999846,motorcycle
img_030059.jpg,lmc6f52,lmc6f52,True,0,1.0000,0.999254,motorcycle
img_030060.jpg,ppb2a47,ppb2a47,True,0,1.0000,0.999566,motorcycle
img_030064.jpg,mrx4b05,mrk4b05,False,1,0.8571,0.988460,motorcycle
img_030066.jpg,evl6g60,evl6g60,True,0,1.0000,0.992565,motorcycle
img_030067.jpg,evl6g60,evl6g60,True,0,1.0000,0.677313,motorcycle
img_030071.jpg,qre7j97,qre7j97,True,0,1.0000,0.978910,motorcycle
img_030076.jpg,qrc1h58,qrc1h58,True,0,1.0000,0.985645,motorcycle
img_030078.jpg,lrz6j19,lrz6j19,True,0,1.0000,0.993362,motorcycle
img_030082.jpg,qrj6j27,qrj6j27,True,0,1.0000,0.969249,motorcycle
img_030085.jpg,qrf0g88,qrf0g88,True,0,1.0000,0.999599,motorcycle
img_030087.jpg,qrh3i68,qrh3h68,False,1,0.8571,0.665137,motorcycle
img_030088.jpg,oyg7f39,oyg7f39,True,0,1.0000,0.997894,motorcycle
img_030089.jpg,qrj6d99,qrj6d99,True,0,1.0000,0.998312,motorcycle
img_030090.jpg,qrk1d63,qrk1d63,True,0,1.0000,0.996717,motorcycle
img_030092.jpg,ppi3e57,ppi3e57,True,0,1.0000,0.999658,motorcycle
img_030093.jpg,pps2f00,pps2f00,True,0,1.0000,0.998693,motorcycle
img_030094.jpg,mpp2g74,mpp2g74,True,0,1.0000,0.893216,motorcycle
img_030096.jpg,qrj5e58,qrj5c58,False,1,0.8571,0.806600,motorcycle
img_030098.jpg,qrf8d05,qrf6d05,False,1,0.8571,0.815828,motorcycle
img_030099.jpg,qrk3g62,qrk3g62,True,0,1.0000,0.998228,motorcycle
img_030101.jpg,oyg0a69,oyg0a69,True,0,1.0000,0.452179,motorcycle
img_030103.jpg,qrd0c17,qrd0c17,True,0,1.0000,0.998941,motorcycle
img_030105.jpg,odp7e69,odp7e69,True,0,1.0000,0.998835,motorcycle
img_030107.jpg,qri7b05,qri7b05,True,0,1.0000,0.926816,motorcycle
img_030108.jpg,krm7e95,krm7e95,True,0,1.0000,0.994862,motorcycle
img_030109.jpg,qrg5g11,qrg5g11,True,0,1.0000,0.999305,motorcycle
img_030114.jpg,msv8g97,msv8g97,True,0,1.0000,0.997627,motorcycle
img_030116.jpg,odf2h64,odf2h64,True,0,1.0000,0.993693,motorcycle
img_030121.jpg,qrg3f30,qrg3f30,True,0,1.0000,0.999895,motorcycle
img_030122.jpg,qrf4b12,qrf4b12,True,0,1.0000,0.999515,motorcycle
img_030123.jpg,oyg7i91,oyg7i91,True,0,1.0000,0.998904,motorcycle
img_030124.jpg,msn4g28,msn4c28,False,1,0.8571,0.812530,motorcycle
img_030127.jpg,lry7g97,lry7g97,True,0,1.0000,0.997677,motorcycle
img_030129.jpg,oyg7f39,oyg7f39,True,0,1.0000,0.998407,motorcycle
img_030132.jpg,odc4h91,odc4h91,True,0,1.0000,0.987116,motorcycle
img_030136.jpg,krm7e95,krh7e95,False,1,0.8571,0.740146,motorcycle
img_030142.jpg,mta0b22,mta0b22,True,0,1.0000,0.999534,motorcycle
img_030143.jpg,msa8f37,msa8f37,True,0,1.0000,0.998687,motorcycle
img_030145.jpg,qrf4b12,qrf4b12,True,0,1.0000,0.999132,motorcycle
img_030146.jpg,qrf0g88,qrf0g88,True,0,1.0000,0.999314,motorcycle
img_030147.jpg,oyk0j72,oyk0j72,True,0,1.0000,0.998632,motorcycle
img_030148.jpg,qrj7b45,qrj7b45,True,0,1.0000,0.999825,motorcycle
img_030150.jpg,qrf8d05,qrf8d05,True,0,1.0000,0.996189,motorcycle
img_030151.jpg,mpp2g74,mpp2g74,True,0,1.0000,0.995831,motorcycle
img_030152.jpg,ppi3e57,ppi3e57,True,0,1.0000,0.999544,motorcycle
img_030153.jpg,qri8i41,qri8i41,True,0,1.0000,0.999751,motorcycle
img_030155.jpg,qre5c34,qre5c34,True,0,1.0000,0.994958,motorcycle
img_030158.jpg,qnk8h24,qnk8h24,True,0,1.0000,0.930717,motorcycle
img_030159.jpg,ocv8d29,ocv8d29,True,0,1.0000,0.995394,motorcycle
img_030160.jpg,qrj3d82,qrj3d82,True,0,1.0000,0.999204,motorcycle
img_030162.jpg,ppf6g42,ppf6g42,True,0,1.0000,0.979660,motorcycle
img_030163.jpg,qrd0c17,qrd0c17,True,0,1.0000,0.994519,motorcycle
img_030165.jpg,krm7e95,krm7e95,True,0,1.0000,0.823038,motorcycle
img_030166.jpg,qrg5g11,qrg5g11,True,0,1.0000,0.999622,motorcycle
img_030169.jpg,odg8b88,odg8b88,True,0,1.0000,0.999761,motorcycle
img_030170.jpg,ppq7j11,ppq7j11,True,0,1.0000,0.991162,motorcycle
img_030171.jpg,odf2h64,odf2h64,True,0,1.0000,0.998497,motorcycle
img_030172.jpg,ppg6h84,ppg6h84,True,0,1.0000,0.999732,motorcycle
img_030173.jpg,odc7e88,odc7e88,True,0,1.0000,0.982122,motorcycle
img_030174.jpg,ppt2j19,ppt2j19,True,0,1.0000,0.971821,motorcycle
img_030175.jpg,ocx8b18,ocx8b18,True,0,1.0000,0.998495,motorcycle
img_030178.jpg,msr9b97,msr9b97,True,0,1.0000,0.999701,motorcycle
img_030179.jpg,oyk0j72,oyk0j72,True,0,1.0000,0.997110,motorcycle
img_030180.jpg,ppe6h42,ppe6h42,True,0,1.0000,0.991947,motorcycle
img_030181.jpg,ppp2d40,ppp2d40,True,0,1.0000,0.999668,motorcycle
img_030182.jpg,ppi3e57,ppi3e57,True,0,1.0000,0.999816,motorcycle
img_030184.jpg,qrk0i56,qrk0i56,True,0,1.0000,0.695733,motorcycle
img_030188.jpg,qrk3g62,qrk3g62,True,0,1.0000,0.999406,motorcycle
img_030191.jpg,qnk8h24,onk8h24,False,1,0.8571,0.998791,motorcycle
img_030194.jpg,ppm5a98,ppm5a98,True,0,1.0000,0.950026,motorcycle
img_030196.jpg,ppb2a47,ppb2a47,True,0,1.0000,0.997621,motorcycle
img_030198.jpg,qrd0c17,qrd0c17,True,0,1.0000,0.996973,motorcycle
img_030200.jpg,krm7e95,krm7e95,True,0,1.0000,0.960099,motorcycle
img_030201.jpg,jko1c51,jko1c51,True,0,1.0000,0.964907,motorcycle
img_030205.jpg,msl7j36,msl7j36,True,0,1.0000,0.999187,motorcycle
img_030207.jpg,qrb3a73,qrb3a73,True,0,1.0000,0.997663,motorcycle
img_030209.jpg,ppn7d89,ppn7d89,True,0,1.0000,0.598336,motorcycle
img_030210.jpg,oyd5h74,oyd5h74,True,0,1.0000,0.999404,motorcycle
img_030211.jpg,msn4g28,msn4g28,True,0,1.0000,0.737133,motorcycle
img_030213.jpg,qrf4b12,qrf4b12,True,0,1.0000,0.998579,motorcycle
img_030214.jpg,qrf0g88,qrf0g88,True,0,1.0000,0.998480,motorcycle
img_030215.jpg,qrj5c38,qrj5c38,True,0,1.0000,0.999686,motorcycle
img_030216.jpg,msr9b97,msr9b97,True,0,1.0000,0.998915,motorcycle
img_030217.jpg,ppn1a71,ppn1a71,True,0,1.0000,0.993172,motorcycle
img_030218.jpg,oyk0j72,oyk0j72,True,0,1.0000,0.990670,motorcycle
img_030219.jpg,ppw6c70,ppw6c70,True,0,1.0000,0.999164,motorcycle
img_030220.jpg,ppe6h42,ppe6h42,True,0,1.0000,0.999727,motorcycle
img_030221.jpg,qri6h84,qri6h84,True,0,1.0000,0.994349,motorcycle
img_030222.jpg,lmu8e22,lmu8e22,True,0,1.0000,0.998316,motorcycle
img_030226.jpg,qnk8h24,qnk8h24,True,0,1.0000,0.727931,motorcycle
img_030228.jpg,ocv8d29,ocv8d29,True,0,1.0000,0.874637,motorcycle
img_030229.jpg,ppp2d40,ppp2d40,True,0,1.0000,0.999702,motorcycle
img_030230.jpg,mrt6g63,mrt6g63,True,0,1.0000,0.997936,motorcycle
img_030231.jpg,odg8b88,odg8b88,True,0,1.0000,0.998502,motorcycle
img_030239.jpg,msv7i05,msv7i05,True,0,1.0000,0.994391,motorcycle
img_030243.jpg,qrj7b45,qrj7b45,True,0,1.0000,0.999711,motorcycle
img_030245.jpg,qrg5e53,qrg5e53,True,0,1.0000,0.996641,motorcycle
img_030246.jpg,mrr2c85,mrr2c85,True,0,1.0000,0.995119,motorcycle
img_030248.jpg,msz6j86,msz6j86,True,0,1.0000,0.996636,motorcycle
img_030250.jpg,qrj8d77,qrj8d77,True,0,1.0000,0.999143,motorcycle
img_030251.jpg,odq4j10,odq4i10,False,1,0.8571,0.798675,motorcycle
img_030255.jpg,ovl5g55,ovl5g55,True,0,1.0000,0.996827,motorcycle
img_030258.jpg,mqj5b04,mqj5b04,True,0,1.0000,0.997392,motorcycle
img_030264.jpg,ppp8h46,ppp8h46,True,0,1.0000,0.995904,motorcycle
img_030265.jpg,qrf3j27,qrf3j27,True,0,1.0000,0.999488,motorcycle
img_030268.jpg,mrf3f99,mrf3f99,True,0,1.0000,0.999717,motorcycle
img_030269.jpg,ove8b94,ove8b94,True,0,1.0000,0.998851,motorcycle
img_030270.jpg,qri4f41,qri4f41,True,0,1.0000,0.997427,motorcycle
img_030274.jpg,mrt7c71,mrj7c71,False,1,0.8571,0.696552,motorcycle
img_030278.jpg,qrj6j27,qrj6j27,True,0,1.0000,0.975521,motorcycle
img_030283.jpg,oyd5h74,oyd5h74,True,0,1.0000,0.986981,motorcycle
img_030285.jpg,qrk2i01,qrk2i01,True,0,1.0000,0.994721,motorcycle
img_030286.jpg,mta0b22,mta0b22,True,0,1.0000,0.998251,motorcycle
img_030291.jpg,ppn6c13,ppn6c13,True,0,1.0000,0.994557,motorcycle
img_030292.jpg,ppn6c13,ppn6c13,True,0,1.0000,0.999352,motorcycle
img_030295.jpg,qrg5i84,qrg5i84,True,0,1.0000,0.937927,motorcycle
img_030296.jpg,odh6e52,odh6e52,True,0,1.0000,0.999801,motorcycle
img_030297.jpg,mqt5h23,mqt5h23,True,0,1.0000,0.995714,motorcycle
img_030301.jpg,ppi6d68,ppi6d68,True,0,1.0000,0.999226,motorcycle
img_030303.jpg,kqt6a75,kqt6a75,True,0,1.0000,0.992366,motorcycle
img_030304.jpg,qre9i84,qre9i84,True,0,1.0000,0.996611,motorcycle
img_030305.jpg,mtw8h22,mtw8h22,True,0,1.0000,0.998897,motorcycle
img_030311.jpg,oyf9h45,oyf9h45,True,0,1.0000,0.999754,motorcycle
img_030312.jpg,qrh2c14,qrh2c14,True,0,1.0000,0.987681,motorcycle
img_030316.jpg,qrg5e53,qrg5e53,True,0,1.0000,0.910424,motorcycle
img_030318.jpg,ppp5e34,ppp5e34,True,0,1.0000,0.998811,motorcycle
img_030321.jpg,mpp2g74,mpp2g74,True,0,1.0000,0.996046,motorcycle
img_030324.jpg,qrj5e58,qrj5e58,True,0,1.0000,0.998110,motorcycle
img_030325.jpg,qrg5g11,qrg5g11,True,0,1.0000,0.984240,motorcycle
img_030327.jpg,ppl0f59,ppl0f59,True,0,1.0000,0.994202,motorcycle
img_030328.jpg,qnk8h24,qnk8h24,True,0,1.0000,0.973741,motorcycle
img_030330.jpg,qrd0c17,qrd0c17,True,0,1.0000,0.998791,motorcycle
img_030331.jpg,krm7e95,krm7e95,True,0,1.0000,0.486039,motorcycle
img_030332.jpg,qrk7c46,qrk7c46,True,0,1.0000,0.996066,motorcycle
img_030333.jpg,qrg2c72,qrg2c72,True,0,1.0000,0.980450,motorcycle
img_030335.jpg,qrk1d45,qrk1d45,True,0,1.0000,0.999116,motorcycle
img_030338.jpg,ppy6c26,ppy6c26,True,0,1.0000,0.999673,motorcycle
img_030340.jpg,qrf0g88,qrf0g88,True,0,1.0000,0.999782,motorcycle
img_030341.jpg,oyd5h74,oyd5h74,True,0,1.0000,0.894395,motorcycle
img_030343.jpg,qrj7b45,qrj7b45,True,0,1.0000,0.997849,motorcycle
img_030345.jpg,qri6h84,qri6h84,True,0,1.0000,0.999054,motorcycle
img_030346.jpg,oyg7f39,oyg7f39,True,0,1.0000,0.997367,motorcycle
img_030347.jpg,oyg4j99,oyg5j99,False,1,0.8571,0.259711,motorcycle
img_030349.jpg,qrj6d99,qrj6d99,True,0,1.0000,0.999701,motorcycle
img_030352.jpg,ppb4e77,ppb4e77,True,0,1.0000,0.999123,motorcycle
img_030353.jpg,oyd3c85,oyd3c85,True,0,1.0000,0.997492,motorcycle
img_030354.jpg,ppi6d68,ppi6d68,True,0,1.0000,0.948436,motorcycle
img_030360.jpg,qrg3i72,qrg3i72,True,0,1.0000,0.993824,motorcycle
img_030361.jpg,msn4g28,msn4g28,True,0,1.0000,0.997408,motorcycle
img_030363.jpg,mth4g39,mth4g39,True,0,1.0000,0.985655,motorcycle
img_030364.jpg,qrg5g11,qrg5g11,True,0,1.0000,0.999001,motorcycle
img_030365.jpg,pph5b07,pph5b07,True,0,1.0000,0.997776,motorcycle
img_030366.jpg,odf2h64,odf2h64,True,0,1.0000,0.999157,motorcycle
img_030371.jpg,oyi8e42,oyi8e42,True,0,1.0000,0.999674,motorcycle
img_030372.jpg,qrf4b12,qrf4b12,True,0,1.0000,0.999386,motorcycle
img_030373.jpg,msv7i05,msv7i05,True,0,1.0000,0.984322,motorcycle
img_030374.jpg,qrj5c38,qrj5c38,True,0,1.0000,0.998852,motorcycle
img_030376.jpg,qrf6g77,qrf6g77,True,0,1.0000,0.999642,motorcycle
img_030381.jpg,qrg5g11,qrg5g11,True,0,1.0000,0.998867,motorcycle
img_030382.jpg,ppf5f02,ppf5f02,True,0,1.0000,0.998380,motorcycle
img_030383.jpg,qnk8h24,onk8h24,False,1,0.8571,0.597673,motorcycle
img_030386.jpg,qre7d40,qre7d40,True,0,1.0000,0.996413,motorcycle
img_030387.jpg,qrh8b53,qrh8b53,True,0,1.0000,0.998875,motorcycle
img_030392.jpg,qrd0c17,qrd0c17,True,0,1.0000,0.997923,motorcycle
img_030394.jpg,krm7e95,krm7e95,True,0,1.0000,0.931024,motorcycle
img_030397.jpg,qrj6a92,qrj6a92,True,0,1.0000,0.999055,motorcycle
img_030398.jpg,mqj0h69,mqj0h69,True,0,1.0000,0.999015,motorcycle
img_030399.jpg,msu4g54,msu4g54,True,0,1.0000,0.922031,motorcycle
img_030400.jpg,ppi3e57,ppi3e57,True,0,1.0000,0.999645,motorcycle
img_030401.jpg,lmu8e22,lmu8e22,True,0,1.0000,0.991093,motorcycle
img_030403.jpg,pps5j06,pps5j06,True,0,1.0000,0.997883,motorcycle
img_030405.jpg,oyg7f39,oyg7f39,True,0,1.0000,0.999231,motorcycle
img_030408.jpg,oyd1d60,oyd1d60,True,0,1.0000,0.977920,motorcycle
img_030409.jpg,qnk8h24,onk8h24,False,1,0.8571,0.901341,motorcycle
img_030410.jpg,qrk3g62,qrk3g62,True,0,1.0000,0.999427,motorcycle
img_030412.jpg,oyg0a69,oyg0a69,True,0,1.0000,0.979813,motorcycle
img_030413.jpg,qri6c82,qri6c82,True,0,1.0000,0.999394,motorcycle
img_030414.jpg,qrh2c14,qrh2c14,True,0,1.0000,0.997973,motorcycle
img_030418.jpg,qrj9d60,qrj9d60,True,0,1.0000,0.999699,motorcycle
img_030419.jpg,odg8b88,odg8b88,True,0,1.0000,0.999592,motorcycle
img_030421.jpg,ppp7f23,ppp7f23,True,0,1.0000,0.998338,motorcycle
img_030423.jpg,odf2h64,odf2h64,True,0,1.0000,0.998757,motorcycle
img_030425.jpg,ppq7j11,ppq7j11,True,0,1.0000,0.994867,motorcycle
img_030426.jpg,ppn7d89,ppn7d89,True,0,1.0000,0.608841,motorcycle
img_030427.jpg,oyd5h74,oyd5h74,True,0,1.0000,0.986134,motorcycle
img_030428.jpg,oyg7i91,oyg7i91,True,0,1.0000,0.998248,motorcycle
img_030431.jpg,ppn1a71,ppn1a71,True,0,1.0000,0.999444,motorcycle
img_030435.jpg,lry7g97,lry7g97,True,0,1.0000,0.995788,motorcycle
img_030436.jpg,ppw6c70,ppw6c70,True,0,1.0000,0.999039,motorcycle
img_030437.jpg,msu4g54,msu4g54,True,0,1.0000,0.989068,motorcycle
img_030438.jpg,ppb2a47,ppb2a47,True,0,1.0000,0.999740,motorcycle
img_030440.jpg,qrg5e53,qrg5e53,True,0,1.0000,0.997660,motorcycle
img_030448.jpg,ppe0a55,ppe0c55,False,1,0.8571,0.577254,motorcycle
img_030449.jpg,qrk3g62,qrk3g62,True,0,1.0000,0.999100,motorcycle
img_030451.jpg,mrq7d51,mrq7d51,True,0,1.0000,0.994357,motorcycle
img_030453.jpg,qnk8h24,qnk8h24,True,0,1.0000,0.979692,motorcycle
img_030454.jpg,qri7b05,qri7b05,True,0,1.0000,0.997017,motorcycle
img_030455.jpg,ppc3d50,ppc3d50,True,0,1.0000,0.998950,motorcycle
img_030457.jpg,ods3f87,ods3f87,True,0,1.0000,0.997368,motorcycle
img_030459.jpg,odp8h17,odp8h17,True,0,1.0000,0.999179,motorcycle
img_030461.jpg,ppp2d40,ppp2d40,True,0,1.0000,0.999535,motorcycle
img_030464.jpg,qrg5g11,qrg6g11,False,1,0.8571,0.956024,motorcycle
img_030465.jpg,qrd0c17,qrd0c17,True,0,1.0000,0.999492,motorcycle
img_030466.jpg,krm7e95,krm7e95,True,0,1.0000,0.998574,motorcycle
img_030474.jpg,qrf4b12,qrf4b12,True,0,1.0000,0.998712,motorcycle
img_030478.jpg,qrh3d03,qrh3d03,True,0,1.0000,0.966421,motorcycle
img_030480.jpg,ppy6c55,ppy5c55,False,1,0.8571,0.831501,motorcycle
img_030486.jpg,mtx4g86,mtx4g86,True,0,1.0000,0.502734,motorcycle
img_030487.jpg,ovh0i30,ovh0i30,True,0,1.0000,0.998990,motorcycle
img_030492.jpg,ovl5g55,ovl5g55,True,0,1.0000,0.997979,motorcycle
img_030494.jpg,qrg5g11,qrg5g11,True,0,1.0000,0.995547,motorcycle
img_030495.jpg,qnk8h24,qnk8h24,True,0,1.0000,0.704779,motorcycle
img_030498.jpg,ppe0a55,ppe0a55,True,0,1.0000,0.571912,motorcycle
img_030500.jpg,oyg0a69,oyg0a69,True,0,1.0000,0.968203,motorcycle
img_030501.jpg,ppj1f18,ppj1f18,True,0,1.0000,0.993661,motorcycle
img_030504.jpg,qri5i88,qri5i88,True,0,1.0000,0.582788,motorcycle
img_030505.jpg,qri5i88,qri3i88,False,1,0.8571,0.684146,motorcycle
img_030506.jpg,qrd0c17,qrd0c17,True,0,1.0000,0.997660,motorcycle
img_030509.jpg,ppn7d89,ppn7j89,False,1,0.8571,0.865843,motorcycle
img_030510.jpg,ppc3d50,ppc3d50,True,0,1.0000,0.998928,motorcycle
img_030511.jpg,qre5i79,qre5i79,True,0,1.0000,0.972692,motorcycle
img_030513.jpg,qrh0g84,qrh0g84,True,0,1.0000,0.995708,motorcycle
img_030522.jpg,qrk3g62,qrk3g62,True,0,1.0000,0.999544,motorcycle
img_030524.jpg,qrh2c14,qrh2c14,True,0,1.0000,0.994404,motorcycle
img_030525.jpg,ppc3d50,ppc3d50,True,0,1.0000,0.997678,motorcycle
img_030531.jpg,odj9i87,odj9i67,False,1,0.8571,0.973930,motorcycle
img_030532.jpg,ppd2f65,ppd2f65,True,0,1.0000,0.995856,motorcycle
img_030534.jpg,qrf0g88,qrf0g88,True,0,1.0000,0.996289,motorcycle
img_030535.jpg,qri6i06,qri6i06,True,0,1.0000,0.999415,motorcycle
img_030537.jpg,lry7g97,lry7g97,True,0,1.0000,0.885647,motorcycle
img_030541.jpg,odc4h91,odc4h91,True,0,1.0000,0.961545,motorcycle
img_030543.jpg,ppi3e57,ppi3e57,True,0,1.0000,0.881853,motorcycle
img_030544.jpg,krm7e95,krh7e95,False,1,0.8571,0.689072,motorcycle
img_030547.jpg,qrg5g11,qrg5g11,True,0,1.0000,0.946381,motorcycle
img_030549.jpg,odg8b88,odg8b88,True,0,1.0000,0.999778,motorcycle
img_030552.jpg,ppg6h84,ppg0h84,False,1,0.8571,0.908658,motorcycle
img_030554.jpg,ppu6c58,ppu6c58,True,0,1.0000,0.999753,motorcycle
img_030555.jpg,ppm5a98,ppm5a98,True,0,1.0000,0.972271,motorcycle
img_030556.jpg,oyi8e42,oyi8e42,True,0,1.0000,0.985778,motorcycle
img_030558.jpg,oyd5h74,oyd5h74,True,0,1.0000,0.979365,motorcycle
img_030559.jpg,qri6i06,qri6i06,True,0,1.0000,0.998519,motorcycle
img_030562.jpg,odc4h91,odc4h91,True,0,1.0000,0.998484,motorcycle
img_030564.jpg,ppc3d50,ppc3d50,True,0,1.0000,0.995760,motorcycle
img_030565.jpg,qnk8h24,qnk8h24,True,0,1.0000,0.815793,motorcycle
img_030566.jpg,lry7g97,lry7g97,True,0,1.0000,0.998733,motorcycle
img_030567.jpg,oyg0a69,oyg0a69,True,0,1.0000,0.853910,motorcycle
img_030568.jpg,odc1b90,odc1b90,True,0,1.0000,0.984875,motorcycle
img_030572.jpg,krm7e95,krh7e95,False,1,0.8571,0.552290,motorcycle
img_030573.jpg,ppy6c26,ppy6c26,True,0,1.0000,0.987162,motorcycle
img_030574.jpg,ppu6c58,ppu6c58,True,0,1.0000,0.994829,motorcycle
img_030577.jpg,msl7j36,msl7j36,True,0,1.0000,0.999588,motorcycle
img_030578.jpg,mqm8d57,mqm8d57,True,0,1.0000,0.998539,motorcycle
img_030579.jpg,qrg3f30,qrg3f30,True,0,1.0000,0.659894,motorcycle
img_030580.jpg,qrb3a73,qrb3a73,True,0,1.0000,0.992235,motorcycle
img_030581.jpg,mst5a03,mst4a03,False,1,0.8571,0.793456,motorcycle
img_030582.jpg,qrg7c99,qrg7c99,True,0,1.0000,0.998062,motorcycle
img_030584.jpg,odk9c02,odk7c02,False,1,0.8571,0.937683,motorcycle
img_030585.jpg,qrf4b12,qrf4b12,True,0,1.0000,0.990777,motorcycle
img_030586.jpg,msv7i05,msv7i05,True,0,1.0000,0.994698,motorcycle
img_030587.jpg,qrf0g88,qrf0g88,True,0,1.0000,0.997598,motorcycle
img_030588.jpg,qrj7b45,qrj7b45,True,0,1.0000,0.999784,motorcycle
img_030589.jpg,msr9b97,msr9b97,True,0,1.0000,0.998335,motorcycle
img_030593.jpg,lmu3c65,lmu3c65,True,0,1.0000,0.998383,motorcycle
img_030595.jpg,krm7e95,krm7e95,True,0,1.0000,0.994828,motorcycle
img_030596.jpg,qrg5g11,qrg5g11,True,0,1.0000,0.706421,motorcycle
img_030597.jpg,ppp2d40,ppp2d40,True,0,1.0000,0.999634,motorcycle
img_030598.jpg,msl7j36,msl7j36,True,0,1.0000,0.999769,motorcycle
img_030599.jpg,odg8b88,odg8b88,True,0,1.0000,0.999302,motorcycle
img_030602.jpg,qri1d18,qri1d18,True,0,1.0000,0.999592,motorcycle
img_030603.jpg,ppq7j11,ppq7j11,True,0,1.0000,0.996399,motorcycle
img_030604.jpg,qrb3a73,qrb3a73,True,0,1.0000,0.957679,motorcycle
img_030605.jpg,qrf4b12,qrf4b12,True,0,1.0000,0.998471,motorcycle
img_030606.jpg,qrg7c99,qrg7c99,True,0,1.0000,0.827667,motorcycle
img_030607.jpg,qrj7b45,qrj7b45,True,0,1.0000,0.999801,motorcycle
img_030608.jpg,lry7g97,lry7g97,True,0,1.0000,0.998646,motorcycle
img_030609.jpg,qri6i06,qri6i06,True,0,1.0000,0.997919,motorcycle
img_030610.jpg,oyd5h74,oyd5h74,True,0,1.0000,0.972942,motorcycle
img_030611.jpg,qrg5g11,qrg6g11,False,1,0.8571,0.784637,motorcycle
img_030612.jpg,qrj5e58,qrj5e58,True,0,1.0000,0.990376,motorcycle
img_030614.jpg,qnk8h24,qnk8h24,True,0,1.0000,0.994456,motorcycle
img_030615.jpg,mta0b22,mta0b22,True,0,1.0000,0.998354,motorcycle
img_030616.jpg,oku4e38,oku4e38,True,0,1.0000,0.999247,motorcycle
img_030617.jpg,qrb3a73,qrb3a73,True,0,1.0000,0.630090,motorcycle
img_030618.jpg,qrk8h41,qrk8h41,True,0,1.0000,0.999563,motorcycle
img_030620.jpg,ppu6c58,ppu6c58,True,0,1.0000,0.999670,motorcycle
img_030621.jpg,qrf4b12,qrf4b12,True,0,1.0000,0.998490,motorcycle
img_030623.jpg,qrg7c99,qrg7c99,True,0,1.0000,0.998132,motorcycle
img_030625.jpg,msv7i05,msv7i05,True,0,1.0000,0.996331,motorcycle
img_030626.jpg,qrj5c38,qrj5c38,True,0,1.0000,0.998216,motorcycle
img_030628.jpg,ppw6c70,ppw6c70,True,0,1.0000,0.998900,motorcycle
img_030630.jpg,oyh6d96,oyh6d96,True,0,1.0000,0.977106,motorcycle
img_030634.jpg,mqm8d57,mqm8d57,True,0,1.0000,0.999134,motorcycle
img_030636.jpg,odf2h64,odf2h64,True,0,1.0000,0.998958,motorcycle
img_030641.jpg,qip2b63,qid2b63,False,1,0.8571,0.960500,motorcycle
img_030642.jpg,qip2b63,qid2b63,False,1,0.8571,0.925965,motorcycle
img_030643.jpg,ppn1a71,ppn1a71,True,0,1.0000,0.994434,motorcycle
img_030645.jpg,msv7i05,msv7i05,True,0,1.0000,0.998469,motorcycle
img_030646.jpg,ppn7d89,ppn7d89,True,0,1.0000,0.999112,motorcycle
img_030649.jpg,qri4e87,qri4e87,True,0,1.0000,0.999641,motorcycle
img_030650.jpg,ppp8h46,ppp8h46,True,0,1.0000,0.999218,motorcycle
img_030651.jpg,qrj7b45,qrj7b45,True,0,1.0000,0.999703,motorcycle
img_030655.jpg,qrh2c14,qrh2c14,True,0,1.0000,0.997162,motorcycle
img_030656.jpg,ppb2a47,ppb2a47,True,0,1.0000,0.999616,motorcycle
img_030657.jpg,odc4h91,odc4h91,True,0,1.0000,0.998927,motorcycle
img_030660.jpg,ovl5g55,ovl5g55,True,0,1.0000,0.999076,motorcycle
img_030661.jpg,odm9j19,odm9j19,True,0,1.0000,0.991345,motorcycle
img_030670.jpg,qnk8h24,qnk8h24,True,0,1.0000,0.996886,motorcycle
img_030671.jpg,qre0g07,qre0g07,True,0,1.0000,0.999741,motorcycle
img_030673.jpg,oyg0a69,oyg0a69,True,0,1.0000,0.972043,motorcycle
img_030679.jpg,qrk8h41,qrk8h41,True,0,1.0000,0.999633,motorcycle
img_030683.jpg,qre3a37,qre3a37,True,0,1.0000,0.998284,motorcycle
img_030685.jpg,oyf9h45,oyf9h45,True,0,1.0000,0.995208,motorcycle
img_030687.jpg,qrf4b12,qrf4b12,True,0,1.0000,0.999436,motorcycle
img_030689.jpg,qrg7c99,qrg7c99,True,0,1.0000,0.998044,motorcycle
img_030691.jpg,qrf0g88,qrf0g88,True,0,1.0000,0.977381,motorcycle
img_030693.jpg,qrk7c46,qrk7c46,True,0,1.0000,0.998190,motorcycle
img_030695.jpg,ovl5g55,ovl5g55,True,0,1.0000,0.999183,motorcycle
img_030698.jpg,kob6d80,kob6d80,True,0,1.0000,0.996014,motorcycle
img_030700.jpg,mtw7a10,mtw7a10,True,0,1.0000,0.659889,motorcycle
img_030706.jpg,qri4d60,qri4d60,True,0,1.0000,0.579639,motorcycle
img_030707.jpg,qre3a37,qre3a37,True,0,1.0000,0.995805,motorcycle
img_030714.jpg,kqw4b34,kqw4b34,True,0,1.0000,0.928679,motorcycle
img_030715.jpg,ppf6g42,ppf6g42,True,0,1.0000,0.999540,motorcycle
img_030720.jpg,qrk3g62,qrk3g62,True,0,1.0000,0.999443,motorcycle
img_030721.jpg,ppd2f65,ppd2f65,True,0,1.0000,0.995853,motorcycle
img_030722.jpg,mty3f94,mty3f94,True,0,1.0000,0.999624,motorcycle
img_030724.jpg,qrj6g51,qrj6g51,True,0,1.0000,0.996441,motorcycle
img_030726.jpg,hfa9d65,hfa9d65,True,0,1.0000,0.998927,motorcycle
img_030727.jpg,qrf8d14,qrf8d14,True,0,1.0000,0.999835,motorcycle
img_030729.jpg,qnk8h24,qnk8h24,True,0,1.0000,0.988097,motorcycle
img_030730.jpg,mtw7a10,mtw7a10,True,0,1.0000,0.469375,motorcycle
img_030731.jpg,ppn1b25,ppn1b25,True,0,1.0000,0.999168,motorcycle
img_030733.jpg,ppi3e57,ppi6e57,False,1,0.8571,0.835697,motorcycle
img_030734.jpg,hlz9e18,hlz9e18,True,0,1.0000,0.985955,motorcycle
img_030736.jpg,qrg6f51,qrg6e51,False,1,0.8571,0.526678,motorcycle
img_030737.jpg,odf2h64,odf2h64,True,0,1.0000,0.985642,motorcycle
img_030738.jpg,oyk0j72,oyk0j72,True,0,1.0000,0.991470,motorcycle
img_030740.jpg,ppn7d89,ppn7d89,True,0,1.0000,0.667310,motorcycle
img_030743.jpg,qrg7f50,qrg7f50,True,0,1.0000,0.999804,motorcycle
img_030745.jpg,qre1e56,qre1e56,True,0,1.0000,0.999456,motorcycle
img_030746.jpg,qnk8h24,onk8h24,False,1,0.8571,0.999258,motorcycle
img_030749.jpg,qrj7b45,qrj7b45,True,0,1.0000,0.999653,motorcycle
img_030750.jpg,lry7g97,lry7g97,True,0,1.0000,0.884823,motorcycle
img_030753.jpg,ppi3e57,ppi3e57,True,0,1.0000,0.995734,motorcycle
img_030754.jpg,qrh2e34,qrh2e34,True,0,1.0000,0.999001,motorcycle
img_030755.jpg,kvm7j40,kvm7j40,True,0,1.0000,0.961038,motorcycle
img_030757.jpg,qrk8c15,qrk8c15,True,0,1.0000,0.998789,motorcycle
img_030758.jpg,qrk1d63,qrk1d63,True,0,1.0000,0.999058,motorcycle
img_030759.jpg,hfa9d65,hfa9d65,True,0,1.0000,0.999663,motorcycle
img_030760.jpg,qre5c34,qre5c34,True,0,1.0000,0.999126,motorcycle
img_030761.jpg,qrg5g11,qrg6g11,False,1,0.8571,0.552531,motorcycle
img_030762.jpg,odj2i40,odj2i40,True,0,1.0000,0.999492,motorcycle
img_030763.jpg,mtm8j36,mth8j36,False,1,0.8571,0.538803,motorcycle
img_030765.jpg,qrh1d06,qrh1d06,True,0,1.0000,0.999537,motorcycle
img_030771.jpg,qrg5g11,qrg6g11,False,1,0.8571,0.941174,motorcycle
img_030774.jpg,qri7d24,qri7d24,True,0,1.0000,0.837230,motorcycle
img_030776.jpg,qri1d18,qri1d18,True,0,1.0000,0.998725,motorcycle
img_030778.jpg,oyg7i91,oyg7i91,True,0,1.0000,0.954758,motorcycle
img_030779.jpg,ppn1a71,ppn1a71,True,0,1.0000,0.998410,motorcycle
img_030782.jpg,odk9c02,odk9c02,True,0,1.0000,0.998392,motorcycle
img_030783.jpg,msu6e57,msu6e57,True,0,1.0000,0.999408,motorcycle
img_030784.jpg,qrj7b45,qrj7b45,True,0,1.0000,0.999705,motorcycle
img_030789.jpg,lry7g97,lry7g97,True,0,1.0000,0.999221,motorcycle
img_030790.jpg,qri6h84,qri6h84,True,0,1.0000,0.970430,motorcycle
img_030791.jpg,mtw7a10,mtw7a10,True,0,1.0000,0.834358,motorcycle
img_030792.jpg,ppp5e34,ppp5e34,True,0,1.0000,0.998486,motorcycle
img_030794.jpg,mpp2g74,mpp2b74,False,1,0.8571,0.989007,motorcycle
img_030795.jpg,oyk5i74,oyk5i74,True,0,1.0000,0.991471,motorcycle
img_030796.jpg,qri6g68,qri6g68,True,0,1.0000,0.994346,motorcycle
img_030797.jpg,qri1d18,qri1d18,True,0,1.0000,0.996664,motorcycle
img_030801.jpg,qnk8h24,onk8h24,False,1,0.8571,0.966073,motorcycle
img_030804.jpg,ocv8d29,ocv8d29,True,0,1.0000,0.998243,motorcycle
img_030807.jpg,qrg2c72,qrg2c72,True,0,1.0000,0.646529,motorcycle
img_030808.jpg,krm7e95,krm7e95,True,0,1.0000,0.963681,motorcycle
img_030810.jpg,ppn1a71,ppn1a71,True,0,1.0000,0.998974,motorcycle
img_030813.jpg,odq0h16,odq0h16,True,0,1.0000,0.996552,motorcycle
img_030815.jpg,qrk7i91,qrk7i91,True,0,1.0000,0.990149,motorcycle
img_030816.jpg,ovl5g55,ovl5g55,True,0,1.0000,0.996390,motorcycle
img_030818.jpg,odk9c02,odk9c02,True,0,1.0000,0.975657,motorcycle
img_030820.jpg,prn1a91,prg1a91,False,1,0.8571,0.928668,motorcycle
img_030821.jpg,qrf0g88,qrf0g88,True,0,1.0000,0.999186,motorcycle
img_030822.jpg,msr9b97,msr9b97,True,0,1.0000,0.997358,motorcycle
img_030824.jpg,lry7g97,lry7g97,True,0,1.0000,0.973344,motorcycle
img_030825.jpg,qri6h84,qri6h84,True,0,1.0000,0.997326,motorcycle
img_030826.jpg,qrj7b45,qrj7b45,True,0,1.0000,0.999337,motorcycle
img_030827.jpg,ppe6h42,ppe6h42,True,0,1.0000,0.999683,motorcycle
img_030828.jpg,ppg6h84,ppg6h84,True,0,1.0000,0.996642,motorcycle
img_030832.jpg,kvm7j40,kvm7j40,True,0,1.0000,0.999019,motorcycle
img_030833.jpg,qrf8f39,qrf8f39,True,0,1.0000,0.999811,motorcycle
img_030836.jpg,qri6g68,qri6g68,True,0,1.0000,0.994938,motorcycle
img_030838.jpg,mqm8d57,mqm8d57,True,0,1.0000,0.999334,motorcycle
img_030839.jpg,qrg5g11,qrg6g11,False,1,0.8571,0.733043,motorcycle
img_030840.jpg,krm7e95,krm7e95,True,0,1.0000,0.988772,motorcycle
img_030841.jpg,oyj7g94,oyj7g94,True,0,1.0000,0.999890,motorcycle
img_030842.jpg,ppi2d67,ppi2d67,True,0,1.0000,0.950997,motorcycle
img_030843.jpg,qrk7i91,qrk7i91,True,0,1.0000,0.998792,motorcycle
img_030844.jpg,qrf4b12,qrf4b12,True,0,1.0000,0.860402,motorcycle
img_030846.jpg,ppe6h42,ppe6h42,True,0,1.0000,0.999678,motorcycle
img_030847.jpg,qrg2c72,qrg2c72,True,0,1.0000,0.986302,motorcycle
img_030850.jpg,oyg7f39,oyg7f39,True,0,1.0000,0.865900,motorcycle
img_030851.jpg,ppp5e34,ppp5e34,True,0,1.0000,0.999486,motorcycle
img_030853.jpg,kvm7j40,kvm7j40,True,0,1.0000,0.996202,motorcycle
img_030855.jpg,odj2i40,odj2i40,True,0,1.0000,0.998785,motorcycle
img_030856.jpg,qrk9i28,qrk9i28,True,0,1.0000,0.999830,motorcycle
img_030860.jpg,qnk8h24,qnk8h24,True,0,1.0000,0.924986,motorcycle
img_030866.jpg,qrg3i72,qrg3i72,True,0,1.0000,0.918839,motorcycle
img_030868.jpg,qrd0c17,qrd0c17,True,0,1.0000,0.998062,motorcycle
img_030869.jpg,mta0b22,mta0b22,True,0,1.0000,0.999727,motorcycle
img_030870.jpg,qrg5g11,qrg6g11,False,1,0.8571,0.994098,motorcycle
img_030872.jpg,qrj4j25,qrj4j25,True,0,1.0000,0.928200,motorcycle
img_030873.jpg,qrg5j58,qrg5j58,True,0,1.0000,0.999409,motorcycle
img_030874.jpg,mqm8d57,mqm8d57,True,0,1.0000,0.996446,motorcycle
img_030875.jpg,mqj0h69,mqj0h69,True,0,1.0000,0.999763,motorcycle
img_030877.jpg,ppn7d89,ppn7d89,True,0,1.0000,0.998410,motorcycle
img_030878.jpg,qrg7c99,qrg7c99,True,0,1.0000,0.991294,motorcycle
img_030885.jpg,qrh0g84,qrh0g84,True,0,1.0000,0.997403,motorcycle
img_030886.jpg,qrh8b53,qrh8b53,True,0,1.0000,0.999722,motorcycle
img_030889.jpg,ppw6c70,ppw6c70,True,0,1.0000,0.998364,motorcycle
img_030890.jpg,qrj5c38,qrj5c38,True,0,1.0000,0.998311,motorcycle
img_030891.jpg,qrh3i68,qrh3i68,True,0,1.0000,0.935025,motorcycle
img_030892.jpg,msw9j22,msw9j22,True,0,1.0000,0.998438,motorcycle
img_030893.jpg,odc7e88,odc7e88,True,0,1.0000,0.633127,motorcycle
img_030894.jpg,mtv0h43,mtv0h43,True,0,1.0000,0.924919,motorcycle
img_030895.jpg,ppr2d29,ppr2d29,True,0,1.0000,0.999641,motorcycle
img_030897.jpg,qrj2c93,qrj2c93,True,0,1.0000,0.978718,motorcycle
img_030898.jpg,qrj2c93,qrj2c93,True,0,1.0000,0.988791,motorcycle
img_030899.jpg,qrj2c93,qrj2c93,True,0,1.0000,0.832967,motorcycle
img_030900.jpg,qrj2c93,qrj2c93,True,0,1.0000,0.994633,motorcycle
img_030901.jpg,qrj2c93,qrj2c93,True,0,1.0000,0.911613,motorcycle
img_030905.jpg,msr8d29,msr8d29,True,0,1.0000,0.986085,motorcycle
img_030909.jpg,qrh0g84,qrh0g84,True,0,1.0000,0.821925,motorcycle
img_030911.jpg,ppp1f55,ppp1f55,True,0,1.0000,0.998805,motorcycle
img_030913.jpg,pps2e38,pps2e38,True,0,1.0000,0.999384,motorcycle
img_030914.jpg,qrf3d40,qrf3d40,True,0,1.0000,0.999901,motorcycle
img_030916.jpg,oxc2i37,oxc2i37,True,0,1.0000,0.981002,motorcycle
img_030917.jpg,qrj4j73,qrj4j73,True,0,1.0000,0.997361,motorcycle
img_030918.jpg,qrj4j73,qrj4j73,True,0,1.0000,0.995699,motorcycle
img_030920.jpg,ppq1j94,ppq1j94,True,0,1.0000,0.607323,motorcycle
img_030923.jpg,lsz4g57,lsz4g57,True,0,1.0000,0.997096,motorcycle
img_030926.jpg,msu6e57,msu6e57,True,0,1.0000,0.999046,motorcycle
img_030927.jpg,lly3d58,lly3d58,True,0,1.0000,0.996498,motorcycle
img_030928.jpg,qrf8d14,qrf8d14,True,0,1.0000,0.999908,motorcycle
img_030935.jpg,qrj6j27,qrj6j27,True,0,1.0000,0.941452,motorcycle
img_030942.jpg,ppn4j54,ppn4i54,False,1,0.8571,0.862767,motorcycle
img_030944.jpg,lph6h40,lph6h40,True,0,1.0000,0.999470,motorcycle
img_030948.jpg,qrg5g11,qrg5g11,True,0,1.0000,0.999377,motorcycle
img_030949.jpg,qnk8h24,qnk8h24,True,0,1.0000,0.732149,motorcycle
img_030950.jpg,mtg7c88,mtg7c88,True,0,1.0000,0.999113,motorcycle
img_030951.jpg,oyg0a69,oyg0a69,True,0,1.0000,0.976201,motorcycle
img_030952.jpg,qrj9d60,qrj9d60,True,0,1.0000,0.951951,motorcycle
img_030955.jpg,krm7e95,krm7e95,True,0,1.0000,0.981853,motorcycle
img_030956.jpg,qrf8d05,qrf8d05,True,0,1.0000,0.999786,motorcycle
img_030959.jpg,qrb3a73,qrb3a73,True,0,1.0000,0.994258,motorcycle
img_030960.jpg,qri1d18,qri1d18,True,0,1.0000,0.996625,motorcycle
img_030961.jpg,odk9c02,odk9c02,True,0,1.0000,0.990302,motorcycle
img_030962.jpg,qrk8h41,qrk8h41,True,0,1.0000,0.999869,motorcycle
img_030963.jpg,ppn1a71,ppn1a71,True,0,1.0000,0.997604,motorcycle
img_030964.jpg,oyi8e42,oyi8e42,True,0,1.0000,0.965966,motorcycle
img_030966.jpg,oyk0j72,oyk0j72,True,0,1.0000,0.998962,motorcycle
img_030967.jpg,mqu3e04,mqu3e04,True,0,1.0000,0.935812,motorcycle
img_030970.jpg,pkc2h29,pkc2h29,True,0,1.0000,0.998908,motorcycle
img_030971.jpg,ppi3e57,ppi3e57,True,0,1.0000,0.999789,motorcycle
img_030973.jpg,qrh2e34,qrh2e34,True,0,1.0000,0.999443,motorcycle
img_030978.jpg,qrg5g11,qrg5g11,True,0,1.0000,0.997618,motorcycle
img_030980.jpg,qrh3d03,qrh3d03,True,0,1.0000,0.999905,motorcycle
img_030982.jpg,qrg5g11,qrg5g11,True,0,1.0000,0.999808,motorcycle
img_030985.jpg,oyi8e42,oyi8e42,True,0,1.0000,0.998918,motorcycle
img_030986.jpg,msu6e57,msu6e57,True,0,1.0000,0.998306,motorcycle
img_030990.jpg,qrb3a73,qrb3a73,True,0,1.0000,0.982107,motorcycle
img_030993.jpg,ppy6c26,ppy6c26,True,0,1.0000,0.995642,motorcycle
img_030995.jpg,qrg3f30,qrg3f30,True,0,1.0000,0.998122,motorcycle
img_030996.jpg,qrf4b12,qrf4b12,True,0,1.0000,0.999682,motorcycle
img_031000.jpg,qrg5e53,qrg5e53,True,0,1.0000,0.753854,motorcycle
img_031001.jpg,oyg7f39,oyg7f39,True,0,1.0000,0.997092,motorcycle
img_031002.jpg,mty3f94,mty3f94,True,0,1.0000,0.997449,motorcycle
img_031003.jpg,mrr7e95,mrr7e95,True,0,1.0000,0.999449,motorcycle
img_031006.jpg,mtd9c35,mtd9c35,True,0,1.0000,0.999605,motorcycle
img_031010.jpg,qrg3i72,qrg3i72,True,0,1.0000,0.993588,motorcycle
img_031011.jpg,ovi6i29,ovi6i29,True,0,1.0000,0.987302,motorcycle
img_031012.jpg,ocv8d29,ocv8d29,True,0,1.0000,0.997829,motorcycle
img_031013.jpg,qrg2c72,qrg2c72,True,0,1.0000,0.829973,motorcycle
img_031014.jpg,ode5h79,ode5h79,True,0,1.0000,0.999054,motorcycle
img_031016.jpg,ppm5a98,ppm5a98,True,0,1.0000,0.996276,motorcycle
img_031018.jpg,qrf4b12,qrf4b12,True,0,1.0000,0.998661,motorcycle
img_031019.jpg,ppf2h27,ppf2h27,True,0,1.0000,0.997581,motorcycle
img_031020.jpg,ppf2h27,ppf2h27,True,0,1.0000,0.998759,motorcycle
img_031021.jpg,ppf2h27,ppf2h27,True,0,1.0000,0.998457,motorcycle
img_031022.jpg,ppf2h27,ppf2h27,True,0,1.0000,0.994975,motorcycle
img_031023.jpg,ppf2h27,ppf2h27,True,0,1.0000,0.992737,motorcycle
img_031024.jpg,ppf2h27,ppf2h27,True,0,1.0000,0.997805,motorcycle
img_031025.jpg,ppf2h27,ppf2h27,True,0,1.0000,0.998561,motorcycle
img_031026.jpg,ppf2h27,ppf2h27,True,0,1.0000,0.999113,motorcycle
img_031030.jpg,qrj7b45,qrj7b45,True,0,1.0000,0.999824,motorcycle
img_031033.jpg,pkc2h29,pkc2h29,True,0,1.0000,0.999192,motorcycle
img_031034.jpg,ppi3e57,ppi3e57,True,0,1.0000,0.971774,motorcycle
img_031035.jpg,qrh2e34,qrh2e34,True,0,1.0000,0.999700,motorcycle
img_031037.jpg,qre7b39,qre7b59,False,1,0.8571,0.648984,motorcycle
img_031039.jpg,qre5c34,qre5c34,True,0,1.0000,0.998558,motorcycle
img_031040.jpg,ppl0f59,ppl0f59,True,0,1.0000,0.998704,motorcycle
img_031042.jpg,qrg5g11,qrg5g11,True,0,1.0000,0.999027,motorcycle
img_031044.jpg,mtm8j36,mtm8j36,True,0,1.0000,0.954316,motorcycle
img_031045.jpg,mrn2c91,mrn2c91,True,0,1.0000,0.878820,motorcycle
img_031050.jpg,qre7b39,qre7b39,True,0,1.0000,0.992319,motorcycle
img_031051.jpg,ppn1a71,ppn1a71,True,0,1.0000,0.996690,motorcycle
img_031053.jpg,ppf6g42,ppf6g42,True,0,1.0000,0.998221,motorcycle
img_031054.jpg,qrk8h41,qrk8h41,True,0,1.0000,0.999741,motorcycle
img_031055.jpg,qrb3a73,qrb3a73,True,0,1.0000,0.999367,motorcycle
img_031056.jpg,ppn7d89,ppn7d89,True,0,1.0000,0.999819,motorcycle
img_031057.jpg,oyd5h74,oyd5h74,True,0,1.0000,0.947180,motorcycle
img_031058.jpg,ppq7j11,ppq7j11,True,0,1.0000,0.974269,motorcycle
img_031059.jpg,qrf4b12,qrf4b12,True,0,1.0000,0.999451,motorcycle
img_031060.jpg,qrf0g88,qrf0g88,True,0,1.0000,0.999464,motorcycle
img_031061.jpg,mps6c41,mps6c44,False,1,0.8571,0.677395,motorcycle
img_031064.jpg,oyk0j72,oyk0j72,True,0,1.0000,0.999481,motorcycle
img_031065.jpg,qrj7b45,qrj7g45,False,1,0.8571,0.997274,motorcycle
img_031066.jpg,qrg2c72,qrg2c72,True,0,1.0000,0.957839,motorcycle
img_031070.jpg,mtv7c99,mtv7c99,True,0,1.0000,0.996414,motorcycle
img_031072.jpg,qrg5g11,qrg5g11,True,0,1.0000,0.999663,motorcycle
img_031075.jpg,qnk8h24,qnk8h24,True,0,1.0000,0.997211,motorcycle
img_031076.jpg,ocv8d29,ocv8d29,True,0,1.0000,0.996912,motorcycle
img_031078.jpg,odf9g70,odf9g70,True,0,1.0000,0.999501,motorcycle
img_031081.jpg,ppp2d40,ppp2d40,True,0,1.0000,0.998578,motorcycle
img_031083.jpg,qrg5g11,qrg5g11,True,0,1.0000,0.999811,motorcycle
img_031085.jpg,qrd0c17,qrd0c17,True,0,1.0000,0.997034,motorcycle
img_031088.jpg,ppq7j11,ppq7j11,True,0,1.0000,0.996272,motorcycle
img_031095.jpg,qrj7b45,qrj7b45,True,0,1.0000,0.999700,motorcycle
img_031101.jpg,ppg6h84,ppg6h84,True,0,1.0000,0.998072,motorcycle
img_031102.jpg,qrf8d14,qrf8d14,True,0,1.0000,0.999546,motorcycle
img_031103.jpg,qrk3g62,qrk3g62,True,0,1.0000,0.998521,motorcycle
img_031104.jpg,qrk1d63,qrk1d63,True,0,1.0000,0.999191,motorcycle
img_031108.jpg,qre4d57,qre4d57,True,0,1.0000,0.992176,motorcycle
img_031111.jpg,qrk9i28,qrk9i28,True,0,1.0000,0.999775,motorcycle
img_031112.jpg,qrg5g11,qrg5g11,True,0,1.0000,0.999222,motorcycle
img_031116.jpg,qrj4h75,qrj4h75,True,0,1.0000,0.898138,motorcycle
img_031117.jpg,qnk8h24,qnk8h24,True,0,1.0000,0.997214,motorcycle
img_031123.jpg,oyg0a69,oyg0a69,True,0,1.0000,0.943451,motorcycle
img_031125.jpg,ppo2j11,ppo2j11,True,0,1.0000,0.993259,motorcycle
img_031127.jpg,ppn1a71,ppn1a71,True,0,1.0000,0.998839,motorcycle
img_031128.jpg,qrj0c65,qrj0c65,True,0,1.0000,0.999007,motorcycle
img_031129.jpg,qrj0c65,qrj0c65,True,0,1.0000,0.998985,motorcycle
img_031130.jpg,qrj6f36,qrj6f36,True,0,1.0000,0.999843,motorcycle
img_031131.jpg,ppg5h25,ppg5h25,True,0,1.0000,0.999325,motorcycle
img_031132.jpg,ops9d87,ops9d87,True,0,1.0000,0.999802,motorcycle
img_031133.jpg,frt1a83,frt7a83,False,1,0.8571,0.983355,motorcycle
img_031134.jpg,qrh7f48,qrh7f48,True,0,1.0000,0.999211,motorcycle
img_031138.jpg,qre1a74,qre1a24,False,1,0.8571,0.694867,motorcycle
img_031139.jpg,msw0e21,msw0e21,True,0,1.0000,0.978875,motorcycle
img_031140.jpg,oyk0j72,oyk0j72,True,0,1.0000,0.990395,motorcycle
img_031141.jpg,ppg6h84,ppg6h84,True,0,1.0000,0.999693,motorcycle
img_031144.jpg,qrh1d06,qrh1d06,True,0,1.0000,0.999351,motorcycle
img_031148.jpg,odc7e88,odc7e88,True,0,1.0000,0.619537,motorcycle
img_031152.jpg,mrt0j40,mrt0j40,True,0,1.0000,0.963496,motorcycle
img_031153.jpg,mrt0j40,mrt0j40,True,0,1.0000,0.976739,motorcycle
img_031154.jpg,ppn6c13,ppn6c13,True,0,1.0000,0.999535,motorcycle
img_031155.jpg,ppn6c13,ppn6c13,True,0,1.0000,0.999675,motorcycle
img_031157.jpg,mtx4g86,mtx4g86,True,0,1.0000,0.999703,motorcycle
img_031158.jpg,odm6g18,odm6g18,True,0,1.0000,0.998710,motorcycle
img_031159.jpg,adk8i08,adk8i08,True,0,1.0000,0.999324,motorcycle
img_031160.jpg,adk8i08,adk8i08,True,0,1.0000,0.982874,motorcycle
img_031162.jpg,bav7i02,bav7i02,True,0,1.0000,0.996078,motorcycle
img_031167.jpg,mpa3a92,mpa3a92,True,0,1.0000,0.997962,motorcycle
img_031169.jpg,ocz2d23,ocz2d23,True,0,1.0000,0.999329,motorcycle
img_031170.jpg,ocz2d23,ocz2d23,True,0,1.0000,0.997752,motorcycle
img_031172.jpg,qri6h84,qri6h84,True,0,1.0000,0.994688,motorcycle
img_031175.jpg,qrk3g62,qrk3g62,True,0,1.0000,0.995420,motorcycle
img_031176.jpg,oyi8e42,oyi8e42,True,0,1.0000,0.998505,motorcycle
img_031179.jpg,lmu8e22,lmu8e22,True,0,1.0000,0.995264,motorcycle
img_031181.jpg,mtv3h81,mtv3h81,True,0,1.0000,0.867525,motorcycle
img_031185.jpg,qrg5e53,qrg5e53,True,0,1.0000,0.999432,motorcycle
img_031187.jpg,qre4i82,qre4i82,True,0,1.0000,0.997361,motorcycle
img_031191.jpg,oyg0a69,oyg0a69,True,0,1.0000,0.779320,motorcycle
img_031192.jpg,qri1d52,qri1d52,True,0,1.0000,0.995892,motorcycle
img_031193.jpg,krm7e95,krm7e95,True,0,1.0000,0.987797,motorcycle
img_031194.jpg,odp7e69,odp7e69,True,0,1.0000,0.987860,motorcycle
img_031196.jpg,qre3a37,qre3a37,True,0,1.0000,0.999015,motorcycle
img_031198.jpg,ppl5g40,ppl5g40,True,0,1.0000,0.999393,motorcycle
img_031199.jpg,mqm8d57,mqm8d57,True,0,1.0000,0.998694,motorcycle
img_031201.jpg,qrk8h41,qrk8h41,True,0,1.0000,0.999865,motorcycle
img_031202.jpg,ovj8c54,ovj8c54,True,0,1.0000,0.999316,motorcycle
img_031204.jpg,ppd2f65,ppd2f65,True,0,1.0000,0.995386,motorcycle
img_031205.jpg,qrf4b12,qrf4b12,True,0,1.0000,0.998999,motorcycle
img_031206.jpg,kwz7d77,kzz7d77,False,1,0.8571,0.898142,motorcycle
img_031207.jpg,msg0b91,msg0b91,True,0,1.0000,0.986581,motorcycle
img_031208.jpg,qrh2e34,qrh2e34,True,0,1.0000,0.989087,motorcycle
img_031209.jpg,qrk1d63,qrk1d63,True,0,1.0000,0.991081,motorcycle
img_031211.jpg,qrg5g11,qrg5g11,True,0,1.0000,0.999817,motorcycle
img_031212.jpg,msu6e57,msu6e57,True,0,1.0000,0.929520,motorcycle
img_031213.jpg,ppu6c58,ppu6c58,True,0,1.0000,0.999492,motorcycle
img_031214.jpg,pps0e98,pps0e98,True,0,1.0000,0.997645,motorcycle
img_031215.jpg,qri6h84,qri6h84,True,0,1.0000,0.999303,motorcycle
img_031216.jpg,oyd5h74,oyd5h74,True,0,1.0000,0.994075,motorcycle
img_031217.jpg,lry7g97,lry7g97,True,0,1.0000,0.992496,motorcycle
img_031218.jpg,qrj7b45,qrj7b45,True,0,1.0000,0.795284,motorcycle
img_031219.jpg,qri6i06,qri6i06,True,0,1.0000,0.999168,motorcycle
img_031221.jpg,oyg7f39,oyg7f39,True,0,1.0000,0.998158,motorcycle
img_031222.jpg,oyk0j72,oyk0j72,True,0,1.0000,0.998616,motorcycle
img_031223.jpg,oyg7f39,oyg7f39,True,0,1.0000,0.996107,motorcycle
img_031225.jpg,qrg5g11,qrg5g11,True,0,1.0000,0.999478,motorcycle
img_031226.jpg,lll1e15,lll1e15,True,0,1.0000,0.951255,motorcycle
img_031228.jpg,qrg5g11,qrg5g11,True,0,1.0000,0.968155,motorcycle
img_031229.jpg,krm7e95,krm7e95,True,0,1.0000,0.987204,motorcycle
img_031231.jpg,msa8f37,msa8f37,True,0,1.0000,0.997569,motorcycle
img_031232.jpg,ppt2j19,ppt2j19,True,0,1.0000,0.998702,motorcycle
img_031233.jpg,ppn7d89,ppn7d89,True,0,1.0000,0.981546,motorcycle
img_031234.jpg,msr9b97,msr9b97,True,0,1.0000,0.999919,motorcycle
img_031236.jpg,qnk8h24,qnk8h24,True,0,1.0000,0.976988,motorcycle
img_031239.jpg,ppy6c26,ppy6c26,True,0,1.0000,0.999341,motorcycle
img_031240.jpg,qrj7b45,qrj7b45,True,0,1.0000,0.998830,motorcycle
img_031242.jpg,pps5j06,pps5j06,True,0,1.0000,0.999560,motorcycle
img_031243.jpg,qrg5g11,qrg5g11,True,0,1.0000,0.999620,motorcycle
img_031244.jpg,qnk8h24,onk8h24,False,1,0.8571,0.822192,motorcycle
img_031245.jpg,odt3g50,odt3g50,True,0,1.0000,0.997860,motorcycle
img_031246.jpg,ocv8d29,ocv8d29,True,0,1.0000,0.972842,motorcycle
img_031248.jpg,oyd5h74,oyd5h74,True,0,1.0000,0.992990,motorcycle
img_031249.jpg,qrk8h41,qrk8h41,True,0,1.0000,0.999818,motorcycle
img_031250.jpg,oda8e46,oda8e46,True,0,1.0000,0.999834,motorcycle
img_031251.jpg,ppn7d89,ppn7d89,True,0,1.0000,0.897878,motorcycle
img_031254.jpg,qri7f71,qri7f71,True,0,1.0000,0.999353,motorcycle
img_031259.jpg,ppc3d50,ppc3d50,True,0,1.0000,0.995127,motorcycle
img_031266.jpg,mtj6a61,mtj6a61,True,0,1.0000,0.997571,motorcycle
img_031268.jpg,ppn1b25,ppn1b25,True,0,1.0000,0.973321,motorcycle
img_031269.jpg,ocv8d29,ocv8d29,True,0,1.0000,0.953876,motorcycle
img_031270.jpg,ppp2d40,ppp2d40,True,0,1.0000,0.999020,motorcycle
img_031271.jpg,qrg5g11,qrg5g11,True,0,1.0000,0.999394,motorcycle
img_031272.jpg,oyk0j72,oyk0j72,True,0,1.0000,0.998986,motorcycle
img_031273.jpg,ppt2j19,ppt2j19,True,0,1.0000,0.999391,motorcycle
img_031274.jpg,qrf4b12,qrf4b12,True,0,1.0000,0.999714,motorcycle
img_031275.jpg,qrb3a73,qrb3a73,True,0,1.0000,0.989421,motorcycle
img_031276.jpg,qri7f71,qri7f71,True,0,1.0000,0.999719,motorcycle
img_031277.jpg,qri6h84,qri6h84,True,0,1.0000,0.994390,motorcycle
img_031278.jpg,oyg7f39,oyg7f39,True,0,1.0000,0.998893,motorcycle
img_031279.jpg,qrj5e58,qrj5e58,True,0,1.0000,0.976766,motorcycle
img_031280.jpg,qnk8h24,onk8h24,False,1,0.8571,0.991528,motorcycle
img_031281.jpg,qrj9h92,qrj9h92,True,0,1.0000,0.972631,motorcycle
img_031283.jpg,qrk1d63,qrk1d63,True,0,1.0000,0.984948,motorcycle
img_031285.jpg,qri6h84,qri6h84,True,0,1.0000,0.999264,motorcycle
img_031286.jpg,qrb3a73,qrb3a73,True,0,1.0000,0.991430,motorcycle
img_031287.jpg,qrf4b12,qrf4b12,True,0,1.0000,0.999563,motorcycle
img_031289.jpg,ppn1a71,ppn1a71,True,0,1.0000,0.985762,motorcycle
img_031290.jpg,kyq1g04,kyo1g04,False,1,0.8571,0.791915,motorcycle
img_031293.jpg,oyg7f39,oyg7f39,True,0,1.0000,0.992648,motorcycle
img_031294.jpg,qrg5g11,qrg5g11,True,0,1.0000,0.999856,motorcycle
img_031295.jpg,qnk8h24,qnk8h24,True,0,1.0000,0.991837,motorcycle
img_031296.jpg,ppi2d67,ppi2d67,True,0,1.0000,0.999441,motorcycle
img_031297.jpg,qrf4b12,qrf4b12,True,0,1.0000,0.998285,motorcycle
img_031298.jpg,qrh8b53,qrh8b53,True,0,1.0000,0.999212,motorcycle
img_031299.jpg,oyg7f39,oyg7f39,True,0,1.0000,0.999075,motorcycle
img_031303.jpg,mtw7a10,mtw7i10,False,1,0.8571,0.682973,motorcycle
img_031304.jpg,qri6h84,qri6h84,True,0,1.0000,0.997565,motorcycle
img_031305.jpg,qrk3g62,qrk3g62,True,0,1.0000,0.999552,motorcycle
img_031306.jpg,qri6i06,qri6i06,True,0,1.0000,0.999391,motorcycle
img_031308.jpg,qrg5e53,qrg5e53,True,0,1.0000,0.999422,motorcycle
img_031309.jpg,qrg5g11,qrg5g11,True,0,1.0000,0.885552,motorcycle
img_031310.jpg,pph5b07,pph5b07,True,0,1.0000,0.999692,motorcycle
img_031312.jpg,ocv8d29,ocv8d29,True,0,1.0000,0.921828,motorcycle
img_031313.jpg,mrl6j44,mrl6j44,True,0,1.0000,0.991921,motorcycle
img_031317.jpg,ppq7j11,ppq7j11,True,0,1.0000,0.987933,motorcycle
img_031320.jpg,qrk8h41,qrk8h41,True,0,1.0000,0.995974,motorcycle
img_031321.jpg,ppy6c26,ppy6c26,True,0,1.0000,0.993969,motorcycle
img_031322.jpg,oyk0j72,oyk0j72,True,0,1.0000,0.994328,motorcycle
img_031324.jpg,lry7g97,lry7g97,True,0,1.0000,0.912151,motorcycle
img_031325.jpg,ppl7j55,ppl7j55,True,0,1.0000,0.996376,motorcycle
img_031327.jpg,ppr0d29,ppr0d29,True,0,1.0000,0.998946,motorcycle
img_031328.jpg,kyr9d53,kyr9d53,True,0,1.0000,0.999295,motorcycle
img_031330.jpg,ppw3g67,ppw3g67,True,0,1.0000,0.987594,motorcycle
img_031331.jpg,ppn1a71,ppn1a71,True,0,1.0000,0.988626,motorcycle
img_031332.jpg,ppn7d89,ppn7j89,False,1,0.8571,0.934668,motorcycle
img_031333.jpg,ppt2j19,ppt2j19,True,0,1.0000,0.989608,motorcycle
img_031334.jpg,oye9b10,oye9b10,True,0,1.0000,0.995712,motorcycle
img_031336.jpg,oyd5h74,oyd5h74,True,0,1.0000,0.967013,motorcycle
img_031337.jpg,ppg6h84,ppg6h84,True,0,1.0000,0.994601,motorcycle
img_031339.jpg,ppr0d29,ppr0d29,True,0,1.0000,0.999771,motorcycle
img_031340.jpg,mtw4i60,mtw4i60,True,0,1.0000,0.998465,motorcycle
img_031344.jpg,msr9b97,msr9b97,True,0,1.0000,0.991358,motorcycle
img_031346.jpg,lry7g97,lry7g97,True,0,1.0000,0.997288,motorcycle
img_031347.jpg,ppg6h84,ppg6h84,True,0,1.0000,0.660392,motorcycle
img_031349.jpg,msy1h23,msy1h23,True,0,1.0000,0.991139,motorcycle
img_031351.jpg,pps5j06,pps5j06,True,0,1.0000,0.998159,motorcycle
img_031352.jpg,pph5b07,pph5b07,True,0,1.0000,0.999592,motorcycle
img_031353.jpg,qre3f28,qre3f28,True,0,1.0000,0.994254,motorcycle
img_031354.jpg,ppt6c15,ppt6c15,True,0,1.0000,0.998974,motorcycle
img_031355.jpg,oyg0a69,oyg0a69,True,0,1.0000,0.984385,motorcycle
img_031357.jpg,qrg5g11,qrg6g11,False,1,0.8571,0.998403,motorcycle
img_031360.jpg,qrk8h41,qrk8h41,True,0,1.0000,0.999724,motorcycle
img_031361.jpg,mqm8d57,mqm8d57,True,0,1.0000,0.987258,motorcycle
img_031362.jpg,ovh6b79,ovh6b79,True,0,1.0000,0.999447,motorcycle
img_031363.jpg,ppn7d89,ppw7d89,False,1,0.8571,0.579875,motorcycle
img_031364.jpg,ppn1a71,ppn1a71,True,0,1.0000,0.918338,motorcycle
img_031367.jpg,pph5b07,pph5b07,True,0,1.0000,0.997351,motorcycle
img_031369.jpg,msv7i05,msv7i05,True,0,1.0000,0.784897,motorcycle
img_031370.jpg,oyk0j72,oyk0j72,True,0,1.0000,0.998154,motorcycle
img_031371.jpg,kyq1g04,kvo1g04,False,2,0.7143,0.630742,motorcycle
img_031372.jpg,ppy6c26,ppy6c26,True,0,1.0000,0.988558,motorcycle
img_031373.jpg,lry7g97,lry7g97,True,0,1.0000,0.986953,motorcycle
img_031375.jpg,ppg6h84,ppg6h84,True,0,1.0000,0.999329,motorcycle
img_031379.jpg,mqm8d57,mqm8d57,True,0,1.0000,0.999624,motorcycle
img_031380.jpg,ppt2j19,ppt2j19,True,0,1.0000,0.985977,motorcycle
img_031382.jpg,qrb3a73,qrb3a73,True,0,1.0000,0.893024,motorcycle
img_031383.jpg,ppw6c70,ppw6c70,True,0,1.0000,0.999493,motorcycle
img_031386.jpg,ppg6h84,ppg6h84,True,0,1.0000,0.998734,motorcycle
img_031388.jpg,mtx4g86,mtx4c86,False,1,0.8571,0.707167,motorcycle
img_031389.jpg,qrg5g11,qrg6g11,False,1,0.8571,0.871144,motorcycle
img_031390.jpg,ppc3d50,ppc3d50,True,0,1.0000,0.999640,motorcycle
img_031391.jpg,oyh8f44,oyh8f44,True,0,1.0000,0.999558,motorcycle
img_031392.jpg,ppt6c15,ppt6c15,True,0,1.0000,0.999163,motorcycle
img_031394.jpg,qrk1d63,qrk1d63,True,0,1.0000,0.998928,motorcycle
img_031396.jpg,oyg0a69,oyg0a49,False,1,0.8571,0.909528,motorcycle
img_031397.jpg,pzq4g21,pzq4g21,True,0,1.0000,0.987063,motorcycle
img_031398.jpg,pzq4g21,pzq4g21,True,0,1.0000,0.951292,motorcycle
img_031399.jpg,qrk8h41,qrk8h41,True,0,1.0000,0.999089,motorcycle
img_031400.jpg,ocv8d29,ocw8d29,False,1,0.8571,0.819841,motorcycle
img_031405.jpg,oda5b02,oda5b02,True,0,1.0000,0.999582,motorcycle
img_031406.jpg,ppn7d89,ppn7d89,True,0,1.0000,0.555026,motorcycle
img_031407.jpg,qri7f71,qri7f71,True,0,1.0000,0.998295,motorcycle
img_031408.jpg,ppc3d50,ppc3d50,True,0,1.0000,0.999146,motorcycle
img_031411.jpg,qrh0f83,qrh0f83,True,0,1.0000,0.959960,motorcycle
img_031413.jpg,qri6h84,qri6h84,True,0,1.0000,0.998523,motorcycle
img_031415.jpg,lry7g97,lry7g97,True,0,1.0000,0.998714,motorcycle
img_031416.jpg,msr9b97,msr9b97,True,0,1.0000,0.999465,motorcycle
img_031417.jpg,qrg5e53,qrg5e53,True,0,1.0000,0.999522,motorcycle
img_031419.jpg,qre5c34,qre5c34,True,0,1.0000,0.997072,motorcycle
img_031423.jpg,pxz4g96,pxz4g96,True,0,1.0000,0.996846,motorcycle
img_031425.jpg,mrl6j44,mrl6i44,False,1,0.8571,0.802688,motorcycle
img_031431.jpg,ppn6b97,ppn6b97,True,0,1.0000,0.999341,motorcycle
img_031432.jpg,qrk8h41,qrk8h41,True,0,1.0000,0.999680,motorcycle
img_031433.jpg,ppn7d89,ppn7d89,True,0,1.0000,0.991896,motorcycle
img_031436.jpg,oyg7f39,oyg7f39,True,0,1.0000,0.998762,motorcycle
img_031440.jpg,msy1h23,msy1h23,True,0,1.0000,0.999343,motorcycle
img_031442.jpg,qrg5g11,qrg6g11,False,1,0.8571,0.999025,motorcycle
img_031444.jpg,ppr0d29,ppr0d29,True,0,1.0000,0.999812,motorcycle
img_031445.jpg,kyr9d53,kyr9d53,True,0,1.0000,0.999150,motorcycle
img_031449.jpg,ppw3g67,ppw3b67,False,1,0.8571,0.616107,motorcycle
img_031451.jpg,qrd0c17,qrd0c17,True,0,1.0000,0.998704,motorcycle
img_031454.jpg,msl7j36,msl7j36,True,0,1.0000,0.997558,motorcycle
img_031455.jpg,qre7b39,qre7b39,True,0,1.0000,0.999821,motorcycle
img_031460.jpg,qri1d18,qri1d18,True,0,1.0000,0.999495,motorcycle
img_031461.jpg,ppi3e80,ppi3e80,True,0,1.0000,0.998782,motorcycle
img_031462.jpg,qrj7j46,qrj7j46,True,0,1.0000,0.996787,motorcycle
img_031463.jpg,qrh8b53,qrh8b53,True,0,1.0000,0.999618,motorcycle
img_031464.jpg,ppu6c58,ppu6c58,True,0,1.0000,0.999469,motorcycle
img_031465.jpg,ppw6c70,ppw6c70,True,0,1.0000,0.999027,motorcycle
img_031467.jpg,ocx2g40,ocx2g40,True,0,1.0000,0.930893,motorcycle
img_031468.jpg,oyi8e42,oyi8e42,True,0,1.0000,0.997393,motorcycle
img_031469.jpg,oyk0j72,oyk0j72,True,0,1.0000,0.950382,motorcycle
img_031470.jpg,ppg6h84,ppg6h84,True,0,1.0000,0.977041,motorcycle
img_031473.jpg,oyg7f39,oyg7f39,True,0,1.0000,0.999649,motorcycle
img_031474.jpg,qri7d06,qri7d06,True,0,1.0000,0.998436,motorcycle
img_031475.jpg,qrg3i72,qrg3i72,True,0,1.0000,0.982193,motorcycle
img_031476.jpg,ovh6b79,ovh6b79,True,0,1.0000,0.998928,motorcycle
img_031477.jpg,kyr9d53,kyr9d53,True,0,1.0000,0.997607,motorcycle
img_031478.jpg,eqe8g79,eqe8g79,True,0,1.0000,0.993484,motorcycle
img_031481.jpg,qri1d18,qri1d18,True,0,1.0000,0.998174,motorcycle
img_031483.jpg,qrg2c72,qrg2c72,True,0,1.0000,0.929132,motorcycle
img_031486.jpg,msu6e57,msu6e57,True,0,1.0000,0.988586,motorcycle
img_031488.jpg,oye9b10,oye9b10,True,0,1.0000,0.999063,motorcycle
img_031490.jpg,oyg7f39,oyg7f39,True,0,1.0000,0.999379,motorcycle
img_031492.jpg,qrk0i56,qrk0i56,True,0,1.0000,0.996761,motorcycle
img_031494.jpg,mth4g39,mth4g39,True,0,1.0000,0.967674,motorcycle
img_031496.jpg,ppr0d29,ppr0d29,True,0,1.0000,0.990228,motorcycle
img_031497.jpg,oda5c01,oda5c01,True,0,1.0000,0.996423,motorcycle
img_031498.jpg,ppw3g67,ppw3g67,True,0,1.0000,0.996629,motorcycle
img_031499.jpg,kyr9d53,kyr9d53,True,0,1.0000,0.999271,motorcycle
img_031500.jpg,qrj3d82,qrj3d82,True,0,1.0000,0.998893,motorcycle
img_031504.jpg,qrg0j89,qrg0j89,True,0,1.0000,0.999307,motorcycle
img_031506.jpg,ovi7b50,ovi7b50,True,0,1.0000,0.977713,motorcycle
img_031507.jpg,lry7g97,lry7g97,True,0,1.0000,0.952750,motorcycle
img_031509.jpg,msg0b91,msg0b91,True,0,1.0000,0.890208,motorcycle
img_031512.jpg,qrk8c68,qrk8c68,True,0,1.0000,0.999563,motorcycle
img_031515.jpg,ppr0d29,ppr0d29,True,0,1.0000,0.999803,motorcycle
img_031517.jpg,kyr9d53,kyr9d53,True,0,1.0000,0.998323,motorcycle
img_031518.jpg,ppw3g67,ppw3g67,True,0,1.0000,0.985633,motorcycle
img_031522.jpg,qri6h84,qri6h84,True,0,1.0000,0.994412,motorcycle
img_031523.jpg,qrg5g11,qrg6g11,False,1,0.8571,0.993440,motorcycle
img_031524.jpg,qrj4j25,qrj4j25,True,0,1.0000,0.987840,motorcycle
img_031525.jpg,msl7j36,msl7j36,True,0,1.0000,0.983172,motorcycle
img_031526.jpg,mqm8d57,mqm8d57,True,0,1.0000,0.999356,motorcycle
img_031527.jpg,grm5a80,grm5a80,True,0,1.0000,0.958222,motorcycle
img_031528.jpg,mqx5a93,mqx5a93,True,0,1.0000,0.598617,motorcycle
img_031530.jpg,qrh8b53,qrh8b53,True,0,1.0000,0.999120,motorcycle
img_031531.jpg,gyp5f52,gyp5f52,True,0,1.0000,0.999652,motorcycle
img_031536.jpg,qrg5g11,qrg6g11,False,1,0.8571,0.999022,motorcycle
img_031539.jpg,ppr0d29,ppr0d29,True,0,1.0000,0.999586,motorcycle
img_031542.jpg,qre3f28,qre3f28,True,0,1.0000,0.991087,motorcycle
img_031544.jpg,odn3f45,odn3f45,True,0,1.0000,0.997413,motorcycle
img_031546.jpg,ocv8d29,ocv8d29,True,0,1.0000,0.994104,motorcycle
img_031547.jpg,ppy6c26,ppy6c26,True,0,1.0000,0.994548,motorcycle
img_031548.jpg,kyr9d53,kyr9d53,True,0,1.0000,0.833449,motorcycle
img_031550.jpg,qrj2c93,qrj2c93,True,0,1.0000,0.996983,motorcycle
img_031551.jpg,qrj2c93,qrj2c93,True,0,1.0000,0.998117,motorcycle
img_031554.jpg,ppm5a98,ppm5a98,True,0,1.0000,0.996691,motorcycle
img_031556.jpg,ppy8a72,ppy8a72,True,0,1.0000,0.989922,motorcycle
img_031557.jpg,qrk6d29,qrk6d29,True,0,1.0000,0.998160,motorcycle
img_031558.jpg,qri7d06,qri7d06,True,0,1.0000,0.994166,motorcycle
img_031560.jpg,mrt0j40,mrt0j40,True,0,1.0000,0.995980,motorcycle
img_031561.jpg,mrt0j40,mrt0j40,True,0,1.0000,0.993954,motorcycle
img_031562.jpg,mrt0j40,mrt0j40,True,0,1.0000,0.998762,motorcycle
img_031563.jpg,mrt0j40,mrt0j40,True,0,1.0000,0.999674,motorcycle
img_031567.jpg,qri6h84,qri6h84,True,0,1.0000,0.999651,motorcycle
img_031568.jpg,ppu5f03,ppu5f03,True,0,1.0000,0.999737,motorcycle
img_031571.jpg,qrf1f85,qrf1f85,True,0,1.0000,0.999484,motorcycle
img_031572.jpg,oyk0j72,oyk0d72,False,1,0.8571,0.986080,motorcycle
img_031573.jpg,lry7g97,lry7g97,True,0,1.0000,0.999535,motorcycle
img_031574.jpg,qri7i48,qri7i48,True,0,1.0000,0.998652,motorcycle
img_031575.jpg,ppg5h25,ppg5h25,True,0,1.0000,0.997774,motorcycle
img_031576.jpg,ppg6h84,ppg6h84,True,0,1.0000,0.898410,motorcycle
img_031579.jpg,ode1d75,ode1d75,True,0,1.0000,0.998478,motorcycle
img_031580.jpg,ocx2g40,ocx2g40,True,0,1.0000,0.997152,motorcycle
img_031581.jpg,ppe0g58,ppe0g58,True,0,1.0000,0.562642,motorcycle
img_031582.jpg,ppn1b25,ppn1b25,True,0,1.0000,0.737758,motorcycle
img_031583.jpg,mtv0h43,mtv0h43,True,0,1.0000,0.917492,motorcycle
img_031584.jpg,kyr9d53,kyr9d53,True,0,1.0000,0.998377,motorcycle
img_031585.jpg,qrj4a23,qrj4a23,True,0,1.0000,0.998180,motorcycle
img_031591.jpg,mtd2f50,mtd2f50,True,0,1.0000,0.999829,motorcycle
img_031594.jpg,qre3f47,qre3f47,True,0,1.0000,0.999287,motorcycle
img_031595.jpg,msh8c13,msh8c13,True,0,1.0000,0.999307,motorcycle
img_031596.jpg,lry7g97,lry7g97,True,0,1.0000,0.550286,motorcycle
img_031599.jpg,ppu2e59,ppu2e59,True,0,1.0000,0.999789,motorcycle
img_031603.jpg,ovh6b79,ovh6b79,True,0,1.0000,0.999527,motorcycle
img_031608.jpg,qrk8h41,qrk8h41,True,0,1.0000,0.999848,motorcycle
img_031609.jpg,ppk8i62,ppk8i62,True,0,1.0000,0.999181,motorcycle
img_031611.jpg,ppy6c26,ppy6c26,True,0,1.0000,0.998686,motorcycle
img_031612.jpg,qrh8b53,qrh8b53,True,0,1.0000,0.998979,motorcycle
img_031616.jpg,qrj6g51,qrj6g51,True,0,1.0000,0.995949,motorcycle
img_031619.jpg,ppt6c15,ppt6c15,True,0,1.0000,0.999227,motorcycle
img_031621.jpg,qrg3i72,qrg3i72,True,0,1.0000,0.581186,motorcycle
img_031623.jpg,ppw3g67,ppw3g67,True,0,1.0000,0.927053,motorcycle
img_031624.jpg,oyh8f44,oyh8f44,True,0,1.0000,0.999599,motorcycle
img_031625.jpg,qrf4b12,qrf4b12,True,0,1.0000,0.998338,motorcycle
img_031629.jpg,ppu6c58,ppu6c58,True,0,1.0000,0.999741,motorcycle
img_031631.jpg,ppm5a98,ppm5a98,True,0,1.0000,0.993696,motorcycle
img_031634.jpg,ppe3h79,ppe3h79,True,0,1.0000,0.967170,motorcycle
img_031635.jpg,lry7g97,lry7g97,True,0,1.0000,0.945793,motorcycle
img_031638.jpg,qod5a08,ood5a08,False,1,0.8571,0.966666,motorcycle
img_031642.jpg,mqz0g16,mqz0g16,True,0,1.0000,0.998495,motorcycle
img_031644.jpg,qrf8d14,qrf8d14,True,0,1.0000,0.999758,motorcycle
img_031645.jpg,kyr9d53,kyr9d53,True,0,1.0000,0.999615,motorcycle
img_031646.jpg,msb5i34,msb5i34,True,0,1.0000,0.998730,motorcycle
img_031648.jpg,qrk2j55,qrk2j55,True,0,1.0000,0.999403,motorcycle
img_031649.jpg,qre4i82,qre4i82,True,0,1.0000,0.998453,motorcycle
img_031650.jpg,qrf4b12,qrf4b12,True,0,1.0000,0.998000,motorcycle
img_031655.jpg,mqm8d57,mqm8d57,True,0,1.0000,0.999143,motorcycle
img_031659.jpg,ppe6h42,ppe6h42,True,0,1.0000,0.999152,motorcycle
img_031660.jpg,ppl2i00,ppl2i00,True,0,1.0000,0.987812,motorcycle
img_031662.jpg,ppm5a98,ppm5a98,True,0,1.0000,0.992269,motorcycle
img_031663.jpg,msu6e57,msu6e57,True,0,1.0000,0.991529,motorcycle
img_031666.jpg,mpp2g74,mpp2g74,True,0,1.0000,0.994334,motorcycle
img_031669.jpg,qrk8c68,qrk8c68,True,0,1.0000,0.999740,motorcycle
img_031670.jpg,odh9h88,odh9h88,True,0,1.0000,0.999308,motorcycle
img_031672.jpg,kyr9d53,kyr9d53,True,0,1.0000,0.999088,motorcycle
img_031674.jpg,ppm5a98,ppm5a98,True,0,1.0000,0.907791,motorcycle
img_031675.jpg,ppn7d89,ppn7d89,True,0,1.0000,0.690764,motorcycle
img_031676.jpg,msn1c75,msn1c75,True,0,1.0000,0.994147,motorcycle
img_031677.jpg,ppy6c26,ppy6c26,True,0,1.0000,0.998085,motorcycle
img_031680.jpg,msv7b98,msv7b98,True,0,1.0000,0.999274,motorcycle
img_031681.jpg,odl8j75,odl8j75,True,0,1.0000,0.534496,motorcycle
img_031683.jpg,lry7g97,lry7g97,True,0,1.0000,0.917133,motorcycle
img_031686.jpg,mtw4i60,mtw4i60,True,0,1.0000,0.993668,motorcycle
img_031688.jpg,mqf6i83,mqf6i83,True,0,1.0000,0.790128,motorcycle
img_031689.jpg,qrk8c68,qrk8c68,True,0,1.0000,0.999748,motorcycle
img_031690.jpg,ppn1a71,ppn1a71,True,0,1.0000,0.998923,motorcycle
img_031691.jpg,oda9j27,oda9j27,True,0,1.0000,0.978530,motorcycle
img_031694.jpg,qrd0c17,qrd0c17,True,0,1.0000,0.998513,motorcycle
img_031698.jpg,qrf4b12,qrf4b12,True,0,1.0000,0.999483,motorcycle
img_031699.jpg,qrj6j27,qrj6j27,True,0,1.0000,0.989099,motorcycle
img_031702.jpg,ode8b11,ode8b11,True,0,1.0000,0.997847,motorcycle
img_031705.jpg,gyp5f52,gyp5f52,True,0,1.0000,0.999733,motorcycle
img_031706.jpg,ows6g04,ows6g04,True,0,1.0000,0.988775,motorcycle
img_031711.jpg,qre7b39,qre7b39,True,0,1.0000,0.992029,motorcycle
img_031712.jpg,pps2e38,pps2e38,True,0,1.0000,0.999783,motorcycle
img_031714.jpg,qrj5c38,qrj5c38,True,0,1.0000,0.998966,motorcycle
img_031716.jpg,ppn1a71,ppn1a71,True,0,1.0000,0.991594,motorcycle
img_031717.jpg,kyr9d53,kyr9d53,True,0,1.0000,0.995287,motorcycle
img_031724.jpg,ppn7d89,ppn7j89,False,1,0.8571,0.451423,motorcycle
img_031728.jpg,ppo2j11,ppo2j11,True,0,1.0000,0.997000,motorcycle
img_031729.jpg,mqr4j53,mqr4j53,True,0,1.0000,0.994693,motorcycle
img_031731.jpg,pjx3f88,pjx3f88,True,0,1.0000,0.824008,motorcycle
img_031738.jpg,qrl3g77,qrl3g77,True,0,1.0000,0.999349,motorcycle
img_031740.jpg,mrx1b30,mrx1b30,True,0,1.0000,0.998947,motorcycle
img_031741.jpg,knw2h83,knw2h83,True,0,1.0000,0.988710,motorcycle
img_031745.jpg,qrg7f50,qrg7f50,True,0,1.0000,0.999231,motorcycle
img_031747.jpg,kyn5j13,kyn5j13,True,0,1.0000,0.982170,motorcycle
img_031749.jpg,qrj5c38,qrj5c38,True,0,1.0000,0.998956,motorcycle
img_031752.jpg,oda5c01,oda5c01,True,0,1.0000,0.998127,motorcycle
img_031760.jpg,ppt2j19,ppt2j19,True,0,1.0000,0.999040,motorcycle
img_031761.jpg,qrh3d03,qrh3d03,True,0,1.0000,0.999577,motorcycle
img_031766.jpg,ppm5a98,ppm5a98,True,0,1.0000,0.907102,motorcycle
img_031768.jpg,qrk1a20,qrk1a20,True,0,1.0000,0.998658,motorcycle
img_031769.jpg,lry7g97,lry7g97,True,0,1.0000,0.998792,motorcycle
img_031770.jpg,oyk0j72,oyk0j72,True,0,1.0000,0.998390,motorcycle
img_031774.jpg,odn3f45,odn3f45,True,0,1.0000,0.997777,motorcycle
img_031776.jpg,qri2d95,qri2d95,True,0,1.0000,0.999677,motorcycle
img_031780.jpg,ppu6c58,ppu6c58,True,0,1.0000,0.995677,motorcycle
img_031782.jpg,msr9b97,msr9b97,True,0,1.0000,0.997347,motorcycle
img_031783.jpg,qrh8b53,qrh8b53,True,0,1.0000,0.962174,motorcycle
img_031785.jpg,ppj7f37,ppj7f37,True,0,1.0000,0.966681,motorcycle
img_031786.jpg,qri7i48,qri7i48,True,0,1.0000,0.999319,motorcycle
img_031791.jpg,kyr9d53,kyr9d53,True,0,1.0000,0.996798,motorcycle
img_031793.jpg,mrz1h74,mrz1h74,True,0,1.0000,0.999207,motorcycle
img_031794.jpg,qrm0i27,qrm0i27,True,0,1.0000,0.999261,motorcycle
img_031795.jpg,oye9b10,oye9b10,True,0,1.0000,0.997561,motorcycle
img_031796.jpg,qrk3g62,qrk3g62,True,0,1.0000,0.999126,motorcycle
img_031801.jpg,ovl3i74,ovl3i74,True,0,1.0000,0.980281,motorcycle
img_031804.jpg,ocv8d29,ocv8d29,True,0,1.0000,0.997887,motorcycle
img_031805.jpg,kyr9d53,kyr9d53,True,0,1.0000,0.995308,motorcycle
img_031807.jpg,qrf4b12,qrf4b12,True,0,1.0000,0.999621,motorcycle
img_031811.jpg,odl5h42,odl5h42,True,0,1.0000,0.980345,motorcycle
img_031813.jpg,qrh0g84,qrh0g84,True,0,1.0000,0.992552,motorcycle
img_031814.jpg,ppu6c58,ppu6c58,True,0,1.0000,0.999427,motorcycle
img_031817.jpg,mss0h30,mss0h30,True,0,1.0000,0.959405,motorcycle
img_031818.jpg,odl5h44,odl5h44,True,0,1.0000,0.830181,motorcycle
img_031821.jpg,pjx3f88,pjx3f88,True,0,1.0000,0.993893,motorcycle
img_031823.jpg,qnk8h24,onk8h24,False,1,0.8571,0.993196,motorcycle
img_031824.jpg,kyr9d53,kyr9d53,True,0,1.0000,0.998753,motorcycle
img_031826.jpg,odl8j75,odl8j75,True,0,1.0000,0.925603,motorcycle
img_031832.jpg,qrl3g77,qrl3g77,True,0,1.0000,0.999634,motorcycle
img_031834.jpg,lry7g97,lry7g97,True,0,1.0000,0.999514,motorcycle
img_031835.jpg,ppf2h27,ppf2h27,True,0,1.0000,0.934008,motorcycle
img_031836.jpg,ppf2h27,ppf2h27,True,0,1.0000,0.990243,motorcycle
img_031837.jpg,gyp5f52,gyp5f52,True,0,1.0000,0.999711,motorcycle
img_031838.jpg,ppj5i28,ppj5i28,True,0,1.0000,0.996980,motorcycle
img_031839.jpg,ocv8d29,ocv8d29,True,0,1.0000,0.997300,motorcycle
img_031841.jpg,qre3f28,qre3f28,True,0,1.0000,0.996932,motorcycle
img_031848.jpg,ppb9c89,ppb9c89,True,0,1.0000,0.998969,motorcycle
img_031851.jpg,oyk0j72,oyk0j72,True,0,1.0000,0.998092,motorcycle
img_031855.jpg,lry7g97,lry7g97,True,0,1.0000,0.990858,motorcycle
img_031859.jpg,msr8d29,msr8d29,True,0,1.0000,0.999129,motorcycle
img_031868.jpg,mrt1c57,mrt1c57,True,0,1.0000,0.703103,motorcycle
img_031870.jpg,kyr9d53,kyr9d53,True,0,1.0000,0.994990,motorcycle
img_031873.jpg,qrk3g62,qrk3g62,True,0,1.0000,0.995836,motorcycle
img_031877.jpg,kyn5j13,kyn5j13,True,0,1.0000,0.923461,motorcycle
img_031879.jpg,qrl4i86,qrl4i86,True,0,1.0000,0.998315,motorcycle
img_031880.jpg,pps5j06,pps5j06,True,0,1.0000,0.999717,motorcycle
img_031884.jpg,pph5b07,pph5b07,True,0,1.0000,0.999292,motorcycle
img_031885.jpg,msy1h23,msy1h23,True,0,1.0000,0.999057,motorcycle
img_031886.jpg,hgy0f48,hgy0f48,True,0,1.0000,0.998982,motorcycle
img_031887.jpg,ppn1b25,ppn1b25,True,0,1.0000,0.999811,motorcycle
img_031888.jpg,ppc6h94,ppc6h94,True,0,1.0000,0.968425,motorcycle
img_031889.jpg,ppc6h94,ppc6h94,True,0,1.0000,0.998528,motorcycle
img_031891.jpg,ppr5j25,ppr5j25,True,0,1.0000,0.624012,motorcycle
img_031899.jpg,ppr0d29,ppr0d29,True,0,1.0000,0.999027,motorcycle
img_031903.jpg,ecf8f62,ecf8f62,True,0,1.0000,0.799746,motorcycle
img_031904.jpg,kyr9d53,kyr9d53,True,0,1.0000,0.994679,motorcycle
img_031905.jpg,ppj5i28,ppj5i28,True,0,1.0000,0.993395,motorcycle
img_031911.jpg,odl8j75,odl8f75,False,1,0.8571,0.765643,motorcycle
img_031913.jpg,qrj8d77,qrj8d77,True,0,1.0000,0.998830,motorcycle
img_031914.jpg,ppm5a98,ppm5a98,True,0,1.0000,0.923424,motorcycle
img_031915.jpg,msb5i87,msb5i87,True,0,1.0000,0.963863,motorcycle
img_031917.jpg,odg8e93,odg8e93,True,0,1.0000,0.999539,motorcycle
img_031921.jpg,ppg8b33,ppg8b33,True,0,1.0000,0.956083,motorcycle
img_031922.jpg,oyd7h98,oyd7h98,True,0,1.0000,0.999515,motorcycle
img_031924.jpg,ppg6h84,ppg6h84,True,0,1.0000,0.999884,motorcycle
img_031926.jpg,okv9e79,okv9e79,True,0,1.0000,0.873639,motorcycle
img_031927.jpg,mrm7c18,mrm7c18,True,0,1.0000,0.998736,motorcycle
img_031928.jpg,mte9i16,mte9i16,True,0,1.0000,0.913362,motorcycle
img_031930.jpg,ppn9j76,ppn9j76,True,0,1.0000,0.977287,motorcycle
img_031934.jpg,qrh3d03,qrh3d03,True,0,1.0000,0.999898,motorcycle
img_031935.jpg,ppc3d50,ppc3d50,True,0,1.0000,0.998747,motorcycle
img_031937.jpg,qhz2h65,qhz2h65,True,0,1.0000,0.997825,motorcycle
img_031938.jpg,ppe3h79,ppe3h79,True,0,1.0000,0.996390,motorcycle
img_031939.jpg,ppr0d29,ppr0d29,True,0,1.0000,0.999581,motorcycle
img_031940.jpg,msx3d02,msx3d02,True,0,1.0000,0.998549,motorcycle
img_031945.jpg,ppp2d40,ppp2d40,True,0,1.0000,0.907432,motorcycle
img_031948.jpg,kyr9d53,kyr9d53,True,0,1.0000,0.971138,motorcycle
img_031949.jpg,msu6e57,msu6e57,True,0,1.0000,0.967741,motorcycle
img_031950.jpg,ppy6c26,ppy6c26,True,0,1.0000,0.871627,motorcycle
img_031951.jpg,pjz8d82,pjz8d82,True,0,1.0000,0.799876,motorcycle
img_031959.jpg,qrg9h72,qrg9h72,True,0,1.0000,0.844656,motorcycle
img_031960.jpg,qrh0h10,qrh0d10,False,1,0.8571,0.496238,motorcycle
img_031961.jpg,oyi2i87,oyi2i87,True,0,1.0000,0.988939,motorcycle
img_031962.jpg,ppw7j99,ppw7j99,True,0,1.0000,0.999828,motorcycle
img_031963.jpg,msy1h23,msy1h23,True,0,1.0000,0.999615,motorcycle
img_031964.jpg,qrh2c14,qrh2c14,True,0,1.0000,0.998498,motorcycle
img_031969.jpg,qri2d95,qri2d95,True,0,1.0000,0.999856,motorcycle
img_031970.jpg,ppy6c26,ppy6c26,True,0,1.0000,0.993063,motorcycle
img_031975.jpg,ppp4d76,ppp4d76,True,0,1.0000,0.996598,motorcycle
img_031976.jpg,msr9b97,msr9b97,True,0,1.0000,0.999749,motorcycle
img_031977.jpg,qrf9b57,qrf9b57,True,0,1.0000,0.999025,motorcycle
img_031979.jpg,lry7g97,lry7g97,True,0,1.0000,0.987919,motorcycle
img_031981.jpg,msg0b91,msg0b91,True,0,1.0000,0.987832,motorcycle
img_031982.jpg,msv3h69,msv3h69,True,0,1.0000,0.999182,motorcycle
img_031983.jpg,msu6e57,msu6e57,True,0,1.0000,0.997661,motorcycle
img_031984.jpg,ppp5e34,ppp5e34,True,0,1.0000,0.997972,motorcycle
img_031985.jpg,ppr0d29,ppr0d29,True,0,1.0000,0.999285,motorcycle
img_031987.jpg,mrx7j70,mrx7j70,True,0,1.0000,0.998090,motorcycle
img_031990.jpg,odl8j75,odl8j75,True,0,1.0000,0.941982,motorcycle
img_031991.jpg,ppl2i00,ppl2i00,True,0,1.0000,0.967961,motorcycle
img_031992.jpg,ovh3a27,ovh3a27,True,0,1.0000,0.999121,motorcycle
img_031996.jpg,ppp5e34,ppp5e34,True,0,1.0000,0.997814,motorcycle
img_031998.jpg,ocv8d29,ocv8d29,True,0,1.0000,0.976331,motorcycle
img_032005.jpg,qrd0c17,qrd0c17,True,0,1.0000,0.987973,motorcycle
img_032010.jpg,odl5h42,odl5h42,True,0,1.0000,0.998851,motorcycle
img_032011.jpg,mta0b22,mta0b22,True,0,1.0000,0.999785,motorcycle
img_032012.jpg,oda9j22,oda9j22,True,0,1.0000,0.999319,motorcycle
img_032013.jpg,oyk0j72,oyk0j72,True,0,1.0000,0.951189,motorcycle
img_032015.jpg,qrh3d03,qrh3d03,True,0,1.0000,0.998854,motorcycle
img_032016.jpg,mtw4i60,mtw4i60,True,0,1.0000,0.996931,motorcycle
img_032018.jpg,ppo2j11,ppo2j11,True,0,1.0000,0.997693,motorcycle
img_032019.jpg,qrk8h41,qrk8h41,True,0,1.0000,0.997967,motorcycle
img_032023.jpg,oyi8e42,oyi8e42,True,0,1.0000,0.998985,motorcycle
img_032025.jpg,oyk0j72,oyk0j72,True,0,1.0000,0.567368,motorcycle
img_032030.jpg,ppz1d87,ppz1d87,True,0,1.0000,0.999640,motorcycle
img_032035.jpg,odf9g70,odf9g70,True,0,1.0000,0.999579,motorcycle
img_032040.jpg,qrj7i24,qrj7i24,True,0,1.0000,0.999611,motorcycle
img_032043.jpg,ppl2i00,ppl2i00,True,0,1.0000,0.973452,motorcycle
img_032045.jpg,oyk0j72,oyk0j72,True,0,1.0000,0.940446,motorcycle
img_032046.jpg,lry7g97,lry7g97,True,0,1.0000,0.997954,motorcycle
img_032050.jpg,ppm6b38,ppm6b38,True,0,1.0000,0.997054,motorcycle
img_032052.jpg,ppt9b63,ppt9b63,True,0,1.0000,0.971152,motorcycle
img_032053.jpg,ocv8d29,ocv8d29,True,0,1.0000,0.991503,motorcycle
img_032055.jpg,odn2j97,odn2j97,True,0,1.0000,0.999156,motorcycle
img_032057.jpg,qrk8h41,qrk8h41,True,0,1.0000,0.999839,motorcycle
img_032059.jpg,ppt2i88,ppt2i88,True,0,1.0000,0.999214,motorcycle
img_032061.jpg,qre0g07,qre0g07,True,0,1.0000,0.999640,motorcycle
img_032063.jpg,pps0e98,pps0e98,True,0,1.0000,0.999609,motorcycle
img_032065.jpg,mtu4j76,mtu4j76,True,0,1.0000,0.991296,motorcycle
img_032069.jpg,oyk0j72,oyk0j72,True,0,1.0000,0.984414,motorcycle
img_032073.jpg,ppp0c22,ppp0c22,True,0,1.0000,0.997268,motorcycle
img_032075.jpg,oku4e38,oku4e38,True,0,1.0000,0.998309,motorcycle
img_032082.jpg,msx3d02,msx3d02,True,0,1.0000,0.996808,motorcycle
img_032089.jpg,qrk7i91,qrk7i91,True,0,1.0000,0.985190,motorcycle
img_032091.jpg,lry7g97,lry7g97,True,0,1.0000,0.999162,motorcycle
img_032092.jpg,pps2f00,pps2f00,True,0,1.0000,0.999284,motorcycle
img_032095.jpg,kpw5j42,kph5j42,False,1,0.8571,0.852950,motorcycle
img_032096.jpg,qrf4b12,qrf4b12,True,0,1.0000,0.992740,motorcycle
img_032097.jpg,ppu6c58,ppu6c58,True,0,1.0000,0.999488,motorcycle
img_032098.jpg,odk9c02,odk9c02,True,0,1.0000,0.992507,motorcycle
img_032099.jpg,msr9b97,msr9b97,True,0,1.0000,0.736202,motorcycle
img_032100.jpg,qrg3c18,qrg3c18,True,0,1.0000,0.999602,motorcycle
img_032105.jpg,mtx4g86,mtx4g86,True,0,1.0000,0.999696,motorcycle
img_032107.jpg,ode8b11,ode8b11,True,0,1.0000,0.994066,motorcycle
img_032108.jpg,qrm2d38,qrm2d38,True,0,1.0000,0.999083,motorcycle
img_032116.jpg,qrl3f45,qrl3f45,True,0,1.0000,0.997565,motorcycle
img_032118.jpg,ovh6b79,ovh6b79,True,0,1.0000,0.995314,motorcycle
img_032120.jpg,oyi8e42,oyi8e42,True,0,1.0000,0.964187,motorcycle
img_032121.jpg,oyk0j72,oyk0j72,True,0,1.0000,0.979953,motorcycle
img_032122.jpg,lry7g97,lry7g97,True,0,1.0000,0.979196,motorcycle
img_032124.jpg,pjs0h50,pjs0h50,True,0,1.0000,0.994861,motorcycle
img_032126.jpg,mst5a03,mst5a03,True,0,1.0000,0.997841,motorcycle
img_032127.jpg,ppr0d29,ppr0d29,True,0,1.0000,0.999750,motorcycle
img_032128.jpg,krm7e95,krm7e95,True,0,1.0000,0.997817,motorcycle
img_032132.jpg,qrk8h41,qrk8h41,True,0,1.0000,0.999817,motorcycle
img_032135.jpg,odk9c02,odk9c02,True,0,1.0000,0.996311,motorcycle
img_032136.jpg,mst5a03,mst5a03,True,0,1.0000,0.991210,motorcycle
img_032139.jpg,mtw4i60,mtw4i60,True,0,1.0000,0.998074,motorcycle
img_032141.jpg,qrk8c68,qrk8c68,True,0,1.0000,0.999656,motorcycle
img_032142.jpg,qrj3d82,qrj3d82,True,0,1.0000,0.999569,motorcycle
img_032145.jpg,ovh6b79,ovh6b79,True,0,1.0000,0.999552,motorcycle
img_032146.jpg,msu6e57,msu6e57,True,0,1.0000,0.996341,motorcycle
img_032147.jpg,ppo3j63,ppo3j63,True,0,1.0000,0.981641,motorcycle
img_032148.jpg,odk9c02,odk9c02,True,0,1.0000,0.987177,motorcycle
img_032153.jpg,oyi8e42,oyi8b42,False,1,0.8571,0.446435,motorcycle
img_032155.jpg,ovh6b79,ovh6b79,True,0,1.0000,0.999319,motorcycle
img_032157.jpg,qri6h84,qri6h84,True,0,1.0000,0.998841,motorcycle
img_032160.jpg,qrk5e44,qrk5e44,True,0,1.0000,0.987292,motorcycle
img_032166.jpg,odk9c02,odk9c02,True,0,1.0000,0.993939,motorcycle
img_032169.jpg,ode8b11,ode8b11,True,0,1.0000,0.997951,motorcycle
img_032171.jpg,qrg2c72,qrg2c72,True,0,1.0000,0.994397,motorcycle
img_032172.jpg,msu6e57,msu6e57,True,0,1.0000,0.999464,motorcycle
img_032173.jpg,oyg7f39,oyg7f39,True,0,1.0000,0.999648,motorcycle
img_032175.jpg,odk9c02,odk9c02,True,0,1.0000,0.991575,motorcycle
img_032176.jpg,ppm5a98,ppm5a98,True,0,1.0000,0.998178,motorcycle
img_032178.jpg,mtw4i60,mtw4i60,True,0,1.0000,0.996226,motorcycle
img_032180.jpg,ode8b11,odf8b11,False,1,0.8571,0.560045,motorcycle
img_032182.jpg,ovh6b79,ovh6b79,True,0,1.0000,0.999698,motorcycle
img_032185.jpg,krm7e95,krm7e95,True,0,1.0000,0.947324,motorcycle
img_032187.jpg,mta0b22,mta0b22,True,0,1.0000,0.999816,motorcycle
img_032190.jpg,qrb3a73,qrg3a29,False,3,0.5714,0.277829,motorcycle
img_032192.jpg,ode8b11,ode8b11,True,0,1.0000,0.999432,motorcycle
img_032194.jpg,qrh8b53,qrh8b53,True,0,1.0000,0.999556,motorcycle
img_032195.jpg,ntu3d84,ntu3d84,True,0,1.0000,0.999212,motorcycle
img_032196.jpg,ovi7b50,ovi7b50,True,0,1.0000,0.984008,motorcycle
img_032197.jpg,ppu5f46,ppu5f46,True,0,1.0000,0.999773,motorcycle
img_032200.jpg,ppy6c26,ppy6c26,True,0,1.0000,0.998803,motorcycle
img_032201.jpg,ovh6b79,ovh6b79,True,0,1.0000,0.992690,motorcycle
img_032203.jpg,hlz9e18,hlz9e18,True,0,1.0000,0.998698,motorcycle
img_032204.jpg,krm7e95,krm7e95,True,0,1.0000,0.983729,motorcycle
img_032210.jpg,ppu5f46,ppu5f46,True,0,1.0000,0.999601,motorcycle
img_032213.jpg,qhz2h65,qhz2h65,True,0,1.0000,0.998446,motorcycle
img_032215.jpg,oyk0j72,oyk0j72,True,0,1.0000,0.992186,motorcycle
img_032216.jpg,qrm8c16,qrm8c16,True,0,1.0000,0.997692,motorcycle
img_032217.jpg,qrm8c16,qrm8c16,True,0,1.0000,0.998636,motorcycle
img_032219.jpg,ntu3d84,ntu3d84,True,0,1.0000,0.996391,motorcycle
img_032221.jpg,qrm0i27,qrm0i27,True,0,1.0000,0.993704,motorcycle
img_032224.jpg,oyg7f39,oyg7f39,True,0,1.0000,0.999706,motorcycle
img_032226.jpg,ppp5e34,ppp5e34,True,0,1.0000,0.998769,motorcycle
img_032227.jpg,pps5j06,pps5j06,True,0,1.0000,0.999523,motorcycle
img_032228.jpg,mpp2g74,mpp2b74,False,1,0.8571,0.995004,motorcycle
img_032230.jpg,mtx4g86,mtx4g86,True,0,1.0000,0.999371,motorcycle
img_032234.jpg,qrk8h41,qrk8h41,True,0,1.0000,0.999692,motorcycle
img_032235.jpg,qrg7c99,qrg7c99,True,0,1.0000,0.998388,motorcycle
img_032243.jpg,qrj8h66,qrj8h66,True,0,1.0000,0.999803,motorcycle
img_032244.jpg,ppu6c58,ppu6c58,True,0,1.0000,0.999513,motorcycle
img_032246.jpg,mps6c41,mps6c41,True,0,1.0000,0.999002,motorcycle
img_032247.jpg,odk9c02,odk9c02,True,0,1.0000,0.997952,motorcycle
img_032249.jpg,ppc3d50,ppc3d50,True,0,1.0000,0.999321,motorcycle
img_032256.jpg,qrf4b12,qrf4b12,True,0,1.0000,0.999489,motorcycle
img_032257.jpg,oyk0j72,oyk0j72,True,0,1.0000,0.982374,motorcycle
img_032259.jpg,qre7b39,qre7b39,True,0,1.0000,0.999735,motorcycle
img_032263.jpg,ppu5f46,ppu5f46,True,0,1.0000,0.999518,motorcycle
img_032264.jpg,oyk0j72,oyk0j72,True,0,1.0000,0.969578,motorcycle
img_032265.jpg,qrj7j46,qrj7j46,True,0,1.0000,0.995334,motorcycle
img_032269.jpg,ppk5d62,ppk5d62,True,0,1.0000,0.998472,motorcycle
img_032274.jpg,odj6h20,odj6h20,True,0,1.0000,0.989287,motorcycle
img_032276.jpg,ppt2j19,ppt2j19,True,0,1.0000,0.999436,motorcycle
img_032277.jpg,qri7g82,qri7g82,True,0,1.0000,0.999191,motorcycle
img_032280.jpg,ppn7d89,ppn7i89,False,1,0.8571,0.720950,motorcycle
img_032282.jpg,qrm3b94,qrm3b94,True,0,1.0000,0.794502,motorcycle
img_032286.jpg,pkc2h29,pkc2h29,True,0,1.0000,0.997821,motorcycle
img_032290.jpg,krm7e95,krm7e95,True,0,1.0000,0.940152,motorcycle
img_032294.jpg,qrg2j03,qrg2j03,True,0,1.0000,0.996381,motorcycle
img_032296.jpg,qrf4b12,qrf4b12,True,0,1.0000,0.997635,motorcycle
img_032300.jpg,oyd5h74,oyd5h74,True,0,1.0000,0.976679,motorcycle
img_032303.jpg,qrf0g88,qrf0g88,True,0,1.0000,0.999814,motorcycle
img_032304.jpg,ovh6b79,ovh6b79,True,0,1.0000,0.999746,motorcycle
img_032305.jpg,msr9b97,msr9b97,True,0,1.0000,0.999339,motorcycle
img_032306.jpg,oyk0j72,oyk0j72,True,0,1.0000,0.990234,motorcycle
img_032309.jpg,lry7g97,lry7g97,True,0,1.0000,0.998519,motorcycle
img_032310.jpg,qri6i06,qri6i06,True,0,1.0000,0.998547,motorcycle
img_032311.jpg,qrf9c93,qrf9c93,True,0,1.0000,0.998215,motorcycle
img_032317.jpg,ppj7f37,ppj7f37,True,0,1.0000,0.999597,motorcycle
img_032318.jpg,qrd0c17,qrd0c17,True,0,1.0000,0.998076,motorcycle
img_032320.jpg,krm7e95,krm7e95,True,0,1.0000,0.978433,motorcycle
img_032321.jpg,msl7j36,msl7j36,True,0,1.0000,0.959317,motorcycle
img_032322.jpg,hfv6g69,hfv6g69,True,0,1.0000,0.996022,motorcycle
img_032327.jpg,qrk9i28,qrk9i28,True,0,1.0000,0.998777,motorcycle
img_032328.jpg,ove0j86,ove0j86,True,0,1.0000,0.999255,motorcycle
img_032329.jpg,ppu6c58,ppu6c58,True,0,1.0000,0.915865,motorcycle
img_032330.jpg,qrb3a73,qrb3a73,True,0,1.0000,0.801630,motorcycle
img_032334.jpg,qri6h84,qri6h84,True,0,1.0000,0.997761,motorcycle
img_032335.jpg,pph5b07,pph5b07,True,0,1.0000,0.998694,motorcycle
img_032337.jpg,ode8b11,ode8b11,True,0,1.0000,0.998938,motorcycle
img_032339.jpg,oyk0j72,oyk0j72,True,0,1.0000,0.996749,motorcycle
img_032340.jpg,qrh8b53,qrh8b53,True,0,1.0000,0.975652,motorcycle
img_032341.jpg,kyn5j13,kyn5j13,True,0,1.0000,0.921220,motorcycle
img_032347.jpg,mst5a03,mst5a03,True,0,1.0000,0.913992,motorcycle
img_032348.jpg,krm7e95,krm7e95,True,0,1.0000,0.991328,motorcycle
img_032349.jpg,kyr9d53,kyr9d53,True,0,1.0000,0.978041,motorcycle
img_032350.jpg,ppl2b61,ppl2b61,True,0,1.0000,0.992499,motorcycle
img_032354.jpg,pxz4g96,pxz4g96,True,0,1.0000,0.992826,motorcycle
img_032357.jpg,ovi7b50,ovi7b50,True,0,1.0000,0.998024,motorcycle
img_032358.jpg,oyk0j72,oyk0j72,True,0,1.0000,0.991343,motorcycle
img_032359.jpg,ppg6h84,ppg6h84,True,0,1.0000,0.999890,motorcycle
img_032364.jpg,krm7e95,krm7e95,True,0,1.0000,0.998187,motorcycle
img_032366.jpg,qrk8h41,qrk8h41,True,0,1.0000,0.999532,motorcycle
img_032368.jpg,odk9c02,odk9c02,True,0,1.0000,0.994650,motorcycle
img_032371.jpg,lry7g97,lry7g97,True,0,1.0000,0.827186,motorcycle
img_032372.jpg,oyk0j72,oyk0j72,True,0,1.0000,0.983335,motorcycle
img_032373.jpg,qri6h84,qri6h84,True,0,1.0000,0.999046,motorcycle
img_032374.jpg,oyk0j72,oyk0j72,True,0,1.0000,0.960446,motorcycle
img_032380.jpg,mtx4g86,mtx4g86,True,0,1.0000,0.997609,motorcycle
img_032386.jpg,grm5a80,grm5a80,True,0,1.0000,0.872260,motorcycle
img_032387.jpg,mrx6d91,mrx6d91,True,0,1.0000,0.981436,motorcycle
img_032388.jpg,ppg3g33,ppg3g33,True,0,1.0000,0.991699,motorcycle
img_032389.jpg,ppt2j19,ppt2j19,True,0,1.0000,0.999227,motorcycle
img_032395.jpg,mtv0h12,mtv0h12,True,0,1.0000,0.680004,motorcycle
img_032396.jpg,oyk0j72,oyk0j72,True,0,1.0000,0.997697,motorcycle
img_032400.jpg,ovi1e95,ovi1e95,True,0,1.0000,0.397080,motorcycle
img_032401.jpg,qrj8j70,qrj8j70,True,0,1.0000,0.964306,motorcycle
img_032402.jpg,qrm4j35,qrm4j35,True,0,1.0000,0.991115,motorcycle
img_032403.jpg,ovl5g55,ovl5g55,True,0,1.0000,0.998745,motorcycle
img_032407.jpg,mpk7e29,mpk7e29,True,0,1.0000,0.627640,motorcycle
img_032411.jpg,ppc3d50,ppc3d50,True,0,1.0000,0.999555,motorcycle
img_032412.jpg,mto7c11,mto7c11,True,0,1.0000,0.996449,motorcycle
img_032413.jpg,ppo2j11,ppo2j11,True,0,1.0000,0.992259,motorcycle
img_032419.jpg,oyi8g44,oyi8g44,True,0,1.0000,0.980160,motorcycle
img_032420.jpg,qrm2d38,qrm2d38,True,0,1.0000,0.986639,motorcycle
img_032421.jpg,oyg7f39,oyg7f39,True,0,1.0000,0.997823,motorcycle
img_032423.jpg,qrk8c68,qrk8c68,True,0,1.0000,0.999862,motorcycle
img_032426.jpg,qrd0c17,qrd0c17,True,0,1.0000,0.996816,motorcycle
img_032427.jpg,ove8b94,ove8b94,True,0,1.0000,0.999235,motorcycle
img_032428.jpg,msl7j36,msl7j36,True,0,1.0000,0.997771,motorcycle
img_032430.jpg,ppl5f92,ppl5592,False,1,0.8571,0.666010,motorcycle
img_032431.jpg,qrf4b12,qrf4b12,True,0,1.0000,0.997558,motorcycle
img_032432.jpg,ppw7j79,ppw7j79,True,0,1.0000,0.999260,motorcycle
img_032436.jpg,odk9c02,odk9c02,True,0,1.0000,0.996981,motorcycle
img_032437.jpg,msr9b97,msr9b97,True,0,1.0000,0.997456,motorcycle
img_032439.jpg,qre5c34,qre5c34,True,0,1.0000,0.997900,motorcycle
img_032443.jpg,krm7e95,krm7e95,True,0,1.0000,0.985904,motorcycle
img_032445.jpg,ppu5f46,ppu5f46,True,0,1.0000,0.999753,motorcycle
img_032446.jpg,qri7f71,qri7f71,True,0,1.0000,0.952209,motorcycle
img_032447.jpg,ppw7j79,ppw7j79,True,0,1.0000,0.998042,motorcycle
img_032448.jpg,ode8b11,ode8b11,True,0,1.0000,0.998567,motorcycle
img_032449.jpg,qrg2c72,qrg2c72,True,0,1.0000,0.779602,motorcycle
img_032451.jpg,odj3h43,odj3h43,True,0,1.0000,0.998930,motorcycle
img_032453.jpg,ppm5a98,ppm5a98,True,0,1.0000,0.686788,motorcycle
img_032456.jpg,odg8b88,odg8b88,True,0,1.0000,0.997133,motorcycle
img_032458.jpg,pph5b07,pph5b07,True,0,1.0000,0.999643,motorcycle
img_032460.jpg,ppt2j19,ppt2j19,True,0,1.0000,0.999752,motorcycle
img_032462.jpg,ppn7d89,ppn7d89,True,0,1.0000,0.768977,motorcycle
img_032465.jpg,odj3h43,odj3h43,True,0,1.0000,0.998219,motorcycle
img_032466.jpg,lmu3c65,lmu3c65,True,0,1.0000,0.999572,motorcycle
img_032470.jpg,ppt2j19,ppt2j19,True,0,1.0000,0.996751,motorcycle
img_032471.jpg,ppt2j19,ppt2i19,False,1,0.8571,0.699328,motorcycle
img_032473.jpg,ppm5a98,ppm3a98,False,1,0.8571,0.908505,motorcycle
img_032478.jpg,qrg5g11,qrg5g11,True,0,1.0000,0.999859,motorcycle
img_032480.jpg,ppj1f18,ppj1f18,True,0,1.0000,0.994225,motorcycle
img_032481.jpg,qnk8h24,qnk8h24,True,0,1.0000,0.990784,motorcycle
img_032485.jpg,krm7e95,krm7e95,True,0,1.0000,0.994833,motorcycle
img_032486.jpg,oda5c01,oda5c01,True,0,1.0000,0.991881,motorcycle
img_032487.jpg,qrj7j46,qrj7j46,True,0,1.0000,0.997698,motorcycle
img_032489.jpg,ppw7j99,ppw7j99,True,0,1.0000,0.999907,motorcycle
img_032490.jpg,oyd5h74,oyd5h74,True,0,1.0000,0.999773,motorcycle
img_032497.jpg,qre4i82,qre4i82,True,0,1.0000,0.983259,motorcycle
img_032498.jpg,lry7g97,lry7g97,True,0,1.0000,0.999297,motorcycle
track0091[01].png,mls5511,mls5511,True,0,1.0000,0.998698,car
track0091[02].png,mls5511,mls5511,True,0,1.0000,0.994682,car
track0091[03].png,mls5511,mls5511,True,0,1.0000,0.996914,car
track0091[04].png,mls5511,mls5511,True,0,1.0000,0.999007,car
track0091[05].png,mls5511,mls5511,True,0,1.0000,0.993670,car
track0091[06].png,mls5511,mls5511,True,0,1.0000,0.998669,car
track0091[07].png,mls5511,mls5511,True,0,1.0000,0.987066,car
track0091[08].png,mls5511,mls5511,True,0,1.0000,0.997355,car
track0091[09].png,mls5511,mls5511,True,0,1.0000,0.993199,car
track0091[10].png,mls5511,mls5511,True,0,1.0000,0.960006,car
track0091[11].png,mls5511,mls5511,True,0,1.0000,0.998910,car
track0091[12].png,mls5511,mls5511,True,0,1.0000,0.998506,car
track0091[13].png,mls5511,mls5511,True,0,1.0000,0.997021,car
track0091[14].png,mls5511,mls5511,True,0,1.0000,0.994447,car
track0091[15].png,mls5511,mls5511,True,0,1.0000,0.996272,car
track0091[16].png,mls5511,mls5511,True,0,1.0000,0.990886,car
track0091[17].png,mls5511,mls5511,True,0,1.0000,0.994928,car
track0091[18].png,mls5511,mls5511,True,0,1.0000,0.998788,car
track0091[19].png,mls5511,mls5511,True,0,1.0000,0.993499,car
track0091[20].png,mls5511,mls5511,True,0,1.0000,0.980575,car
track0091[21].png,mls5511,mls5511,True,0,1.0000,0.990166,car
track0091[22].png,mls5511,mls5511,True,0,1.0000,0.994032,car
track0091[23].png,mls5511,mls5511,True,0,1.0000,0.992734,car
track0091[24].png,mls5511,mls5511,True,0,1.0000,0.991058,car
track0091[25].png,mls5511,mls5511,True,0,1.0000,0.986521,car
track0091[26].png,mls5511,mls5511,True,0,1.0000,0.992995,car
track0091[27].png,mls5511,mls5511,True,0,1.0000,0.958933,car
track0091[28].png,mls5511,mls5511,True,0,1.0000,0.968328,car
track0091[29].png,mls5511,mls5511,True,0,1.0000,0.987355,car
track0091[30].png,mls5511,mls5511,True,0,1.0000,0.966929,car
track0092[01].png,aqy6388,aqy6388,True,0,1.0000,0.999568,car
track0092[02].png,aqy6388,aqy6388,True,0,1.0000,0.999889,car
track0092[03].png,aqy6388,aqy6388,True,0,1.0000,0.999708,car
track0092[04].png,aqy6388,aqy6388,True,0,1.0000,0.999815,car
track0092[05].png,aqy6388,aqy6388,True,0,1.0000,0.999878,car
track0092[06].png,aqy6388,aqy6388,True,0,1.0000,0.999891,car
track0092[07].png,aqy6388,aqy6388,True,0,1.0000,0.999900,car
track0092[08].png,aqy6388,aqy6388,True,0,1.0000,0.998791,car
track0092[09].png,aqy6388,aqy6388,True,0,1.0000,0.999867,car
track0092[10].png,aqy6388,aqy6388,True,0,1.0000,0.999466,car
track0092[11].png,aqy6388,aqy6388,True,0,1.0000,0.999807,car
track0092[12].png,aqy6388,aqy6388,True,0,1.0000,0.999748,car
track0092[13].png,aqy6388,aqy6388,True,0,1.0000,0.999527,car
track0092[14].png,aqy6388,aqy6388,True,0,1.0000,0.999655,car
track0092[15].png,aqy6388,aqy6388,True,0,1.0000,0.999305,car
track0092[16].png,aqy6388,aqy6388,True,0,1.0000,0.999851,car
track0092[17].png,aqy6388,aqy6388,True,0,1.0000,0.999728,car
track0092[18].png,aqy6388,aqy6388,True,0,1.0000,0.999796,car
track0092[19].png,aqy6388,aqy6388,True,0,1.0000,0.999878,car
track0092[20].png,aqy6388,aqy6388,True,0,1.0000,0.999670,car
track0092[21].png,aqy6388,aqy6388,True,0,1.0000,0.999589,car
track0092[22].png,aqy6388,aqy6388,True,0,1.0000,0.999810,car
track0092[23].png,aqy6388,aqy6388,True,0,1.0000,0.999708,car
track0092[24].png,aqy6388,aqy6388,True,0,1.0000,0.993247,car
track0092[25].png,aqy6388,aqy6388,True,0,1.0000,0.999691,car
track0092[26].png,aqy6388,aqy6388,True,0,1.0000,0.999281,car
track0092[27].png,aqy6388,aqy6388,True,0,1.0000,0.999419,car
track0092[28].png,aqy6388,aqy6388,True,0,1.0000,0.999876,car
track0092[29].png,aqy6388,aqy6388,True,0,1.0000,0.999215,car
track0092[30].png,aqy6388,aqy6388,True,0,1.0000,0.997806,car
track0093[01].png,azz6958,azz6958,True,0,1.0000,0.999692,car
track0093[02].png,azz6958,azz6958,True,0,1.0000,0.998199,car
track0093[03].png,azz6958,azz6958,True,0,1.0000,0.999477,car
track0093[04].png,azz6958,azz6958,True,0,1.0000,0.999657,car
track0093[05].png,azz6958,azz6958,True,0,1.0000,0.997993,car
track0093[06].png,azz6958,azz6958,True,0,1.0000,0.996609,car
track0093[07].png,azz6958,azz6958,True,0,1.0000,0.999751,car
track0093[08].png,azz6958,azz6958,True,0,1.0000,0.998495,car
track0093[09].png,azz6958,azz6958,True,0,1.0000,0.999726,car
track0093[10].png,azz6958,azz6958,True,0,1.0000,0.999744,car
track0093[11].png,azz6958,azz6958,True,0,1.0000,0.999064,car
track0093[12].png,azz6958,azz6958,True,0,1.0000,0.999520,car
track0093[13].png,azz6958,azz6958,True,0,1.0000,0.999749,car
track0093[14].png,azz6958,azz6958,True,0,1.0000,0.997246,car
track0093[15].png,azz6958,azz6958,True,0,1.0000,0.999482,car
track0093[16].png,azz6958,azz6958,True,0,1.0000,0.998270,car
track0093[17].png,azz6958,azz6958,True,0,1.0000,0.999676,car
track0093[18].png,azz6958,azz6958,True,0,1.0000,0.999855,car
track0093[19].png,azz6958,azz6958,True,0,1.0000,0.999700,car
track0093[20].png,azz6958,azz6958,True,0,1.0000,0.999565,car
track0093[21].png,azz6958,azz6958,True,0,1.0000,0.999617,car
track0093[22].png,azz6958,azz6958,True,0,1.0000,0.999597,car
track0093[23].png,azz6958,azz6958,True,0,1.0000,0.999430,car
track0093[24].png,azz6958,azz6958,True,0,1.0000,0.999816,car
track0093[25].png,azz6958,azz6958,True,0,1.0000,0.998596,car
track0093[26].png,azz6958,azz6958,True,0,1.0000,0.999212,car
track0093[27].png,azz6958,azz6958,True,0,1.0000,0.999795,car
track0093[28].png,azz6958,azz6958,True,0,1.0000,0.999619,car
track0093[29].png,azz6958,azz6958,True,0,1.0000,0.997257,car
track0093[30].png,azz6958,azz6958,True,0,1.0000,0.997551,car
track0094[01].png,auy8870,auy8870,True,0,1.0000,0.999915,car
track0094[02].png,auy8870,auy8870,True,0,1.0000,0.999882,car
track0094[03].png,auy8870,auy8870,True,0,1.0000,0.999653,car
track0094[04].png,auy8870,auy8870,True,0,1.0000,0.999854,car
track0094[05].png,auy8870,auy8870,True,0,1.0000,0.999883,car
track0094[06].png,auy8870,auy8870,True,0,1.0000,0.999928,car
track0094[07].png,auy8870,auy8870,True,0,1.0000,0.999908,car
track0094[08].png,auy8870,auy8870,True,0,1.0000,0.999924,car
track0094[09].png,auy8870,auy8870,True,0,1.0000,0.999891,car
track0094[10].png,auy8870,auy8870,True,0,1.0000,0.999894,car
track0094[11].png,auy8870,auy8870,True,0,1.0000,0.999941,car
track0094[12].png,auy8870,auy8870,True,0,1.0000,0.999946,car
track0094[13].png,auy8870,auy8870,True,0,1.0000,0.999955,car
track0094[14].png,auy8870,auy8870,True,0,1.0000,0.999855,car
track0094[15].png,auy8870,auy8870,True,0,1.0000,0.999933,car
track0094[16].png,auy8870,auy8870,True,0,1.0000,0.999894,car
track0094[17].png,auy8870,auy8870,True,0,1.0000,0.999908,car
track0094[18].png,auy8870,auy8870,True,0,1.0000,0.999911,car
track0094[19].png,auy8870,auy8870,True,0,1.0000,0.999937,car
track0094[20].png,auy8870,auy8870,True,0,1.0000,0.999955,car
track0094[21].png,auy8870,auy8870,True,0,1.0000,0.999940,car
track0094[22].png,auy8870,auy8870,True,0,1.0000,0.999947,car
track0094[23].png,auy8870,auy8870,True,0,1.0000,0.999931,car
track0094[24].png,auy8870,auy8870,True,0,1.0000,0.999914,car
track0094[25].png,auy8870,auy8870,True,0,1.0000,0.999941,car
track0094[26].png,auy8870,auy8870,True,0,1.0000,0.999925,car
track0094[27].png,auy8870,auy8870,True,0,1.0000,0.999923,car
track0094[28].png,auy8870,auy8870,True,0,1.0000,0.999923,car
track0094[29].png,auy8870,auy8870,True,0,1.0000,0.999846,car
track0094[30].png,auy8870,auy8870,True,0,1.0000,0.999933,car
track0095[01].png,avi2214,avi2214,True,0,1.0000,0.992405,car
track0095[02].png,avi2214,avi2214,True,0,1.0000,0.997477,car
track0095[03].png,avi2214,avi2214,True,0,1.0000,0.995789,car
track0095[04].png,avi2214,avi2214,True,0,1.0000,0.998873,car
track0095[05].png,avi2214,avi2214,True,0,1.0000,0.996418,car
track0095[06].png,avi2214,avi2214,True,0,1.0000,0.996633,car
track0095[07].png,avi2214,avi2214,True,0,1.0000,0.993918,car
track0095[08].png,avi2214,avi2214,True,0,1.0000,0.994167,car
track0095[09].png,avi2214,avi2214,True,0,1.0000,0.999587,car
track0095[10].png,avi2214,avi2214,True,0,1.0000,0.996140,car
track0095[11].png,avi2214,avi2214,True,0,1.0000,0.997611,car
track0095[12].png,avi2214,avi2214,True,0,1.0000,0.999749,car
track0095[13].png,avi2214,avi2214,True,0,1.0000,0.999207,car
track0095[14].png,avi2214,avi2214,True,0,1.0000,0.999626,car
track0095[15].png,avi2214,avi2214,True,0,1.0000,0.999595,car
track0095[16].png,avi2214,avi2214,True,0,1.0000,0.999318,car
track0095[17].png,avi2214,avi2214,True,0,1.0000,0.998928,car
track0095[18].png,avi2214,avi2214,True,0,1.0000,0.971461,car
track0095[19].png,avi2214,avi2214,True,0,1.0000,0.997609,car
track0095[20].png,avi2214,avi2214,True,0,1.0000,0.999227,car
track0095[21].png,avi2214,avi2214,True,0,1.0000,0.822520,car
track0095[22].png,avi2214,avi2214,True,0,1.0000,0.998956,car
track0095[23].png,avi2214,avi2214,True,0,1.0000,0.999186,car
track0095[24].png,avi2214,avi2214,True,0,1.0000,0.999699,car
track0095[25].png,avi2214,avi2214,True,0,1.0000,0.999829,car
track0095[26].png,avi2214,avi2214,True,0,1.0000,0.999660,car
track0095[27].png,avi2214,avi2214,True,0,1.0000,0.938862,car
track0095[28].png,avi2214,avi2214,True,0,1.0000,0.999837,car
track0095[29].png,avi2214,avi2214,True,0,1.0000,0.999908,car
track0095[30].png,avi2214,avi2214,True,0,1.0000,0.999810,car
track0096[01].png,awx9307,awx9307,True,0,1.0000,0.999889,car
track0096[02].png,awx9307,awx9307,True,0,1.0000,0.999943,car
track0096[03].png,awx9307,awx9307,True,0,1.0000,0.999798,car
track0096[04].png,awx9307,awx9307,True,0,1.0000,0.999831,car
track0096[05].png,awx9307,awx9307,True,0,1.0000,0.999752,car
track0096[06].png,awx9307,awx9307,True,0,1.0000,0.999938,car
track0096[07].png,awx9307,awx9307,True,0,1.0000,0.999736,car
track0096[08].png,awx9307,awx9307,True,0,1.0000,0.999884,car
track0096[09].png,awx9307,awx9307,True,0,1.0000,0.999954,car
track0096[10].png,awx9307,awx9307,True,0,1.0000,0.999907,car
track0096[11].png,awx9307,awx9307,True,0,1.0000,0.999938,car
track0096[12].png,awx9307,awx9307,True,0,1.0000,0.999821,car
track0096[13].png,awx9307,awx9307,True,0,1.0000,0.999942,car
track0096[14].png,awx9307,awx9307,True,0,1.0000,0.999952,car
track0096[15].png,awx9307,awx9307,True,0,1.0000,0.999895,car
track0096[16].png,awx9307,awx9307,True,0,1.0000,0.999945,car
track0096[17].png,awx9307,awx9307,True,0,1.0000,0.999954,car
track0096[18].png,awx9307,awx9307,True,0,1.0000,0.999958,car
track0096[19].png,awx9307,awx9307,True,0,1.0000,0.999810,car
track0096[20].png,awx9307,awx9307,True,0,1.0000,0.999931,car
track0096[21].png,awx9307,awx9307,True,0,1.0000,0.999860,car
track0096[22].png,awx9307,awx9307,True,0,1.0000,0.999619,car
track0096[23].png,awx9307,awx9307,True,0,1.0000,0.999865,car
track0096[24].png,awx9307,awx9307,True,0,1.0000,0.999557,car
track0096[25].png,awx9307,awx9307,True,0,1.0000,0.999538,car
track0096[26].png,awx9307,awx9307,True,0,1.0000,0.999838,car
track0096[27].png,awx9307,awx9307,True,0,1.0000,0.999881,car
track0096[28].png,awx9307,awx9307,True,0,1.0000,0.999873,car
track0096[29].png,awx9307,awx9307,True,0,1.0000,0.997142,car
track0096[30].png,awx9307,awx9307,True,0,1.0000,0.999701,car
track0097[01].png,ayp7941,ayp7841,False,1,0.8571,0.750433,motorcycle
track0097[02].png,ayp7941,ayp7941,True,0,1.0000,0.619554,motorcycle
track0097[03].png,ayp7941,ayp7941,True,0,1.0000,0.937682,motorcycle
track0097[04].png,ayp7941,ayp7841,False,1,0.8571,0.826716,motorcycle
track0097[05].png,ayp7941,ayp7941,True,0,1.0000,0.867165,motorcycle
track0097[06].png,ayp7941,ayp7941,True,0,1.0000,0.586235,motorcycle
track0097[07].png,ayp7941,ayp7941,True,0,1.0000,0.806812,motorcycle
track0097[08].png,ayp7941,ayp7941,True,0,1.0000,0.972589,motorcycle
track0097[09].png,ayp7941,ayp7941,True,0,1.0000,0.952076,motorcycle
track0097[10].png,ayp7941,ayp7841,False,1,0.8571,0.921702,motorcycle
track0097[11].png,ayp7941,ayp7941,True,0,1.0000,0.977469,motorcycle
track0097[12].png,ayp7941,ayp7941,True,0,1.0000,0.867767,motorcycle
track0097[13].png,ayp7941,ayp7841,False,1,0.8571,0.913477,motorcycle
track0097[14].png,ayp7941,ayp7841,False,1,0.8571,0.983204,motorcycle
track0097[15].png,ayp7941,ayp7841,False,1,0.8571,0.788643,motorcycle
track0097[16].png,ayp7941,ayp7941,True,0,1.0000,0.638114,motorcycle
track0097[17].png,ayp7941,ayp7941,True,0,1.0000,0.587564,motorcycle
track0097[18].png,ayp7941,ayp7841,False,1,0.8571,0.498899,motorcycle
track0097[19].png,ayp7941,ayp7941,True,0,1.0000,0.948072,motorcycle
track0097[20].png,ayp7941,ayp7841,False,1,0.8571,0.811403,motorcycle
track0097[21].png,ayp7941,ayp7941,True,0,1.0000,0.872052,motorcycle
track0097[22].png,ayp7941,ayp7941,True,0,1.0000,0.598240,motorcycle
track0097[23].png,ayp7941,ayp7941,True,0,1.0000,0.419687,motorcycle
track0097[24].png,ayp7941,ayp7941,True,0,1.0000,0.340164,motorcycle
track0097[25].png,ayp7941,ayp7941,True,0,1.0000,0.904738,motorcycle
track0097[26].png,ayp7941,ayp7941,True,0,1.0000,0.514707,motorcycle
track0097[27].png,ayp7941,ayp7941,True,0,1.0000,0.995075,motorcycle
track0097[28].png,ayp7941,ayp7841,False,1,0.8571,0.939866,motorcycle
track0097[29].png,ayp7941,ayp7841,False,1,0.8571,0.898480,motorcycle
track0097[30].png,ayp7941,ayp7841,False,1,0.8571,0.805225,motorcycle
track0098[01].png,asz9457,asz9457,True,0,1.0000,0.998473,car
track0098[02].png,asz9457,asz9457,True,0,1.0000,0.897070,car
track0098[03].png,asz9457,asz9457,True,0,1.0000,0.993044,car
track0098[04].png,asz9457,asz9457,True,0,1.0000,0.991097,car
track0098[05].png,asz9457,asz9457,True,0,1.0000,0.997448,car
track0098[06].png,asz9457,asz9457,True,0,1.0000,0.984942,car
track0098[07].png,asz9457,asz345,False,2,0.7143,0.664056,car
track0098[08].png,asz9457,asz9457,True,0,1.0000,0.995496,car
track0098[09].png,asz9457,asz9457,True,0,1.0000,0.998397,car
track0098[10].png,asz9457,asz9457,True,0,1.0000,0.996179,car
track0098[11].png,asz9457,asz9457,True,0,1.0000,0.998956,car
track0098[12].png,asz9457,asz9457,True,0,1.0000,0.998637,car
track0098[13].png,asz9457,asz9457,True,0,1.0000,0.793211,car
track0098[14].png,asz9457,asz9457,True,0,1.0000,0.995722,car
track0098[15].png,asz9457,asz9457,True,0,1.0000,0.993597,car
track0098[16].png,asz9457,asz9457,True,0,1.0000,0.993034,car
track0098[17].png,asz9457,asz9457,True,0,1.0000,0.939377,car
track0098[18].png,asz9457,asz9457,True,0,1.0000,0.795555,car
track0098[19].png,asz9457,asz9457,True,0,1.0000,0.997475,car
track0098[20].png,asz9457,asz9457,True,0,1.0000,0.912327,car
track0098[21].png,asz9457,asz9457,True,0,1.0000,0.995015,car
track0098[22].png,asz9457,asz9457,True,0,1.0000,0.995173,car
track0098[23].png,asz9457,asz9457,True,0,1.0000,0.998676,car
track0098[24].png,asz9457,asz9457,True,0,1.0000,0.997014,car
track0098[25].png,asz9457,asz9457,True,0,1.0000,0.998722,car
track0098[26].png,asz9457,asz9457,True,0,1.0000,0.998669,car
track0098[27].png,asz9457,asz9457,True,0,1.0000,0.998423,car
track0098[28].png,asz9457,asz9457,True,0,1.0000,0.998245,car
track0098[29].png,asz9457,asz9457,True,0,1.0000,0.997626,car
track0098[30].png,asz9457,asz9457,True,0,1.0000,0.999096,car
track0099[01].png,ape4685,ape4685,True,0,1.0000,0.998136,car
track0099[02].png,ape4685,ape4685,True,0,1.0000,0.997548,car
track0099[03].png,ape4685,ape4685,True,0,1.0000,0.999804,car
track0099[04].png,ape4685,ape4685,True,0,1.0000,0.999715,car
track0099[05].png,ape4685,ape4685,True,0,1.0000,0.976335,car
track0099[06].png,ape4685,ape4685,True,0,1.0000,0.964984,car
track0099[07].png,ape4685,ape4685,True,0,1.0000,0.985410,car
track0099[08].png,ape4685,ape4685,True,0,1.0000,0.987467,car
track0099[09].png,ape4685,ape4685,True,0,1.0000,0.999328,car
track0099[10].png,ape4685,ape4685,True,0,1.0000,0.999553,car
track0099[11].png,ape4685,ape4685,True,0,1.0000,0.999397,car
track0099[12].png,ape4685,ape4685,True,0,1.0000,0.999578,car
track0099[13].png,ape4685,ape4685,True,0,1.0000,0.999782,car
track0099[14].png,ape4685,ape4685,True,0,1.0000,0.999683,car
track0099[15].png,ape4685,ape4685,True,0,1.0000,0.999355,car
track0099[16].png,ape4685,ape4685,True,0,1.0000,0.999602,car
track0099[17].png,ape4685,ape4685,True,0,1.0000,0.999734,car
track0099[18].png,ape4685,ape4685,True,0,1.0000,0.999356,car
track0099[19].png,ape4685,ape4685,True,0,1.0000,0.999459,car
track0099[20].png,ape4685,ape4685,True,0,1.0000,0.997364,car
track0099[21].png,ape4685,ape4685,True,0,1.0000,0.999726,car
track0099[22].png,ape4685,ape4685,True,0,1.0000,0.999607,car
track0099[23].png,ape4685,ape4685,True,0,1.0000,0.999610,car
track0099[24].png,ape4685,ape4685,True,0,1.0000,0.999187,car
track0099[25].png,ape4685,ape4685,True,0,1.0000,0.999685,car
track0099[26].png,ape4685,ape4685,True,0,1.0000,0.999215,car
track0099[27].png,ape4685,ape4685,True,0,1.0000,0.999750,car
track0099[28].png,ape4685,ape4685,True,0,1.0000,0.999315,car
track0099[29].png,ape4685,ape4685,True,0,1.0000,0.999143,car
track0099[30].png,ape4685,ape4685,True,0,1.0000,0.998647,car
track0100[01].png,isk7086,isk7086,True,0,1.0000,0.994025,car
track0100[02].png,isk7086,isk7086,True,0,1.0000,0.609354,car
track0100[03].png,isk7086,isk7085,False,1,0.8571,0.559303,car
track0100[04].png,isk7086,isk7086,True,0,1.0000,0.740578,car
track0100[05].png,isk7086,jsk7086,False,1,0.8571,0.840084,car
track0100[06].png,isk7086,isk7086,True,0,1.0000,0.925383,car
track0100[07].png,isk7086,isk7086,True,0,1.0000,0.498615,car
track0100[08].png,isk7086,lsk7086,False,1,0.8571,0.962501,car
track0100[09].png,isk7086,isk7086,True,0,1.0000,0.939546,car
track0100[10].png,isk7086,isk7086,True,0,1.0000,0.808634,car
track0100[11].png,isk7086,isk7086,True,0,1.0000,0.985968,car
track0100[12].png,isk7086,isk7086,True,0,1.0000,0.974982,car
track0100[13].png,isk7086,isk7086,True,0,1.0000,0.939180,car
track0100[14].png,isk7086,isk7086,True,0,1.0000,0.906912,car
track0100[15].png,isk7086,isk7086,True,0,1.0000,0.970435,car
track0100[16].png,isk7086,isk7086,True,0,1.0000,0.963163,car
track0100[17].png,isk7086,lsk7086,False,1,0.8571,0.843583,car
track0100[18].png,isk7086,isk7086,True,0,1.0000,0.782284,car
track0100[19].png,isk7086,isk7086,True,0,1.0000,0.969353,car
track0100[20].png,isk7086,lsn7086,False,2,0.7143,0.327479,car
track0100[21].png,isk7086,isk7086,True,0,1.0000,0.972729,car
track0100[22].png,isk7086,isk7086,True,0,1.0000,0.997044,car
track0100[23].png,isk7086,isk7086,True,0,1.0000,0.998404,car
track0100[24].png,isk7086,isk7086,True,0,1.0000,0.978725,car
track0100[25].png,isk7086,isk7086,True,0,1.0000,0.899611,car
track0100[26].png,isk7086,isk7086,True,0,1.0000,0.884641,car
track0100[27].png,isk7086,isk7086,True,0,1.0000,0.891450,car
track0100[28].png,isk7086,isk7086,True,0,1.0000,0.977539,car
track0100[29].png,isk7086,isk7086,True,0,1.0000,0.822148,car
track0100[30].png,isk7086,isk7086,True,0,1.0000,0.979031,car
track0101[01].png,amr2189,amr2189,True,0,1.0000,0.962594,car
track0101[02].png,amr2189,amr2189,True,0,1.0000,0.917450,car
track0101[03].png,amr2189,awr2189,False,1,0.8571,0.892328,car
track0101[04].png,amr2189,awr2189,False,1,0.8571,0.852156,car
track0101[05].png,amr2189,amr2189,True,0,1.0000,0.790673,car
track0101[06].png,amr2189,amr2189,True,0,1.0000,0.585582,car
track0101[07].png,amr2189,amr2189,True,0,1.0000,0.998812,car
track0101[08].png,amr2189,amr2189,True,0,1.0000,0.977909,car
track0101[09].png,amr2189,awr2189,False,1,0.8571,0.523719,car
track0101[10].png,amr2189,awr2189,False,1,0.8571,0.530933,car
track0101[11].png,amr2189,amr2189,True,0,1.0000,0.822956,car
track0101[12].png,amr2189,amr2189,True,0,1.0000,0.993749,car
track0101[13].png,amr2189,amr2189,True,0,1.0000,0.598009,car
track0101[14].png,amr2189,amr2189,True,0,1.0000,0.964916,car
track0101[15].png,amr2189,amr2189,True,0,1.0000,0.858926,car
track0101[16].png,amr2189,amr2189,True,0,1.0000,0.968767,car
track0101[17].png,amr2189,amr2189,True,0,1.0000,0.507783,car
track0101[18].png,amr2189,amr2189,True,0,1.0000,0.544295,car
track0101[19].png,amr2189,amr2189,True,0,1.0000,0.956004,car
track0101[20].png,amr2189,amr2189,True,0,1.0000,0.922080,car
track0101[21].png,amr2189,amr2189,True,0,1.0000,0.928590,car
track0101[22].png,amr2189,amr2189,True,0,1.0000,0.931535,car
track0101[23].png,amr2189,awr2189,False,1,0.8571,0.552648,car
track0101[24].png,amr2189,amr2189,True,0,1.0000,0.833960,car
track0101[25].png,amr2189,amr2189,True,0,1.0000,0.979585,car
track0101[26].png,amr2189,amr2189,True,0,1.0000,0.662626,car
track0101[27].png,amr2189,amr2189,True,0,1.0000,0.598417,car
track0101[28].png,amr2189,amr2189,True,0,1.0000,0.870440,car
track0101[29].png,amr2189,amr2189,True,0,1.0000,0.498039,car
track0101[30].png,amr2189,awr2189,False,1,0.8571,0.758519,car
track0102[01].png,ahb1989,ahb1989,True,0,1.0000,0.992457,car
track0102[02].png,ahb1989,ahb1989,True,0,1.0000,0.994318,car
track0102[03].png,ahb1989,ahb1989,True,0,1.0000,0.996543,car
track0102[04].png,ahb1989,ahb1989,True,0,1.0000,0.968984,car
track0102[05].png,ahb1989,ahb1989,True,0,1.0000,0.695619,car
track0102[06].png,ahb1989,ah81989,False,1,0.8571,0.838148,car
track0102[07].png,ahb1989,ahb1989,True,0,1.0000,0.973076,car
track0102[08].png,ahb1989,ahb1989,True,0,1.0000,0.980651,car
track0102[09].png,ahb1989,ah81989,False,1,0.8571,0.753180,car
track0102[10].png,ahb1989,ahb1989,True,0,1.0000,0.997770,car
track0102[11].png,ahb1989,ah81989,False,1,0.8571,0.548967,car
track0102[12].png,ahb1989,ahb1989,True,0,1.0000,0.992536,car
track0102[13].png,ahb1989,ahb1989,True,0,1.0000,0.987874,car
track0102[14].png,ahb1989,ahb1989,True,0,1.0000,0.998100,car
track0102[15].png,ahb1989,ahb1989,True,0,1.0000,0.995829,car
track0102[16].png,ahb1989,ahb1989,True,0,1.0000,0.989607,car
track0102[17].png,ahb1989,ahb1989,True,0,1.0000,0.988738,car
track0102[18].png,ahb1989,ahb1989,True,0,1.0000,0.999303,car
track0102[19].png,ahb1989,ahb1989,True,0,1.0000,0.999686,car
track0102[20].png,ahb1989,ahb1989,True,0,1.0000,0.988112,car
track0102[21].png,ahb1989,ahb1989,True,0,1.0000,0.996568,car
track0102[22].png,ahb1989,ahb1989,True,0,1.0000,0.997563,car
track0102[23].png,ahb1989,ahb1989,True,0,1.0000,0.998142,car
track0102[24].png,ahb1989,ah81989,False,1,0.8571,0.826787,car
track0102[25].png,ahb1989,ahb1989,True,0,1.0000,0.999371,car
track0102[26].png,ahb1989,ahb1989,True,0,1.0000,0.999407,car
track0102[27].png,ahb1989,ahb1989,True,0,1.0000,0.996407,car
track0102[28].png,ahb1989,ahb1989,True,0,1.0000,0.958101,car
track0102[29].png,ahb1989,ahb1989,True,0,1.0000,0.999322,car
track0102[30].png,ahb1989,ahb1989,True,0,1.0000,0.992426,car
track0103[01].png,bcs4525,bcs4525,True,0,1.0000,0.999813,car
track0103[02].png,bcs4525,bcs4525,True,0,1.0000,0.999777,car
track0103[03].png,bcs4525,bcs4525,True,0,1.0000,0.999846,car
track0103[04].png,bcs4525,bcs4525,True,0,1.0000,0.999011,car
track0103[05].png,bcs4525,bcs4525,True,0,1.0000,0.999546,car
track0103[06].png,bcs4525,bcs4525,True,0,1.0000,0.999788,car
track0103[07].png,bcs4525,bcs4525,True,0,1.0000,0.999753,car
track0103[08].png,bcs4525,bcs4525,True,0,1.0000,0.999045,car
track0103[09].png,bcs4525,bcs4525,True,0,1.0000,0.998507,car
track0103[10].png,bcs4525,bcs4525,True,0,1.0000,0.999684,car
track0103[11].png,bcs4525,bcs4525,True,0,1.0000,0.999694,car
track0103[12].png,bcs4525,bcs4525,True,0,1.0000,0.999528,car
track0103[13].png,bcs4525,bcs4525,True,0,1.0000,0.999775,car
track0103[14].png,bcs4525,bcs4525,True,0,1.0000,0.999893,car
track0103[15].png,bcs4525,bcs4525,True,0,1.0000,0.999672,car
track0103[16].png,bcs4525,bcs4525,True,0,1.0000,0.999509,car
track0103[17].png,bcs4525,bcs4525,True,0,1.0000,0.999735,car
track0103[18].png,bcs4525,bcs4525,True,0,1.0000,0.999613,car
track0103[19].png,bcs4525,bcs4525,True,0,1.0000,0.999204,car
track0103[20].png,bcs4525,bcs4525,True,0,1.0000,0.998053,car
track0103[21].png,bcs4525,bcs4525,True,0,1.0000,0.998648,car
track0103[22].png,bcs4525,bcs4525,True,0,1.0000,0.997416,car
track0103[23].png,bcs4525,bcs4525,True,0,1.0000,0.999910,car
track0103[24].png,bcs4525,bcs4525,True,0,1.0000,0.999684,car
track0103[25].png,bcs4525,bcs4525,True,0,1.0000,0.998909,car
track0103[26].png,bcs4525,bcs4525,True,0,1.0000,0.992636,car
track0103[27].png,bcs4525,bcs4525,True,0,1.0000,0.999394,car
track0103[28].png,bcs4525,bcs4525,True,0,1.0000,0.999751,car
track0103[29].png,bcs4525,bcs4525,True,0,1.0000,0.999646,car
track0103[30].png,bcs4525,bcs4525,True,0,1.0000,0.999688,car
track0104[01].png,apl0100,apl0100,True,0,1.0000,0.999766,car
track0104[02].png,apl0100,apl0100,True,0,1.0000,0.999784,car
track0104[03].png,apl0100,apl0100,True,0,1.0000,0.999776,car
track0104[04].png,apl0100,apl0100,True,0,1.0000,0.998229,car
track0104[05].png,apl0100,apl0100,True,0,1.0000,0.725956,car
track0104[06].png,apl0100,apl0100,True,0,1.0000,0.869205,car
track0104[07].png,apl0100,apl0100,True,0,1.0000,0.744028,car
track0104[08].png,apl0100,apl0100,True,0,1.0000,0.997717,car
track0104[09].png,apl0100,apl0100,True,0,1.0000,0.999261,car
track0104[10].png,apl0100,apl0100,True,0,1.0000,0.999860,car
track0104[11].png,apl0100,apl0100,True,0,1.0000,0.999471,car
track0104[12].png,apl0100,apl0100,True,0,1.0000,0.997136,car
track0104[13].png,apl0100,apl0100,True,0,1.0000,0.999318,car
track0104[14].png,apl0100,apl0100,True,0,1.0000,0.999685,car
track0104[15].png,apl0100,apl0100,True,0,1.0000,0.999641,car
track0104[16].png,apl0100,apl0100,True,0,1.0000,0.999642,car
track0104[17].png,apl0100,apl0100,True,0,1.0000,0.998861,car
track0104[18].png,apl0100,apl0100,True,0,1.0000,0.998813,car
track0104[19].png,apl0100,apl0100,True,0,1.0000,0.999789,car
track0104[20].png,apl0100,apl0100,True,0,1.0000,0.999895,car
track0104[21].png,apl0100,apl0100,True,0,1.0000,0.999791,car
track0104[22].png,apl0100,apl0100,True,0,1.0000,0.998291,car
track0104[23].png,apl0100,apl0100,True,0,1.0000,0.999030,car
track0104[24].png,apl0100,apl0100,True,0,1.0000,0.995352,car
track0104[25].png,apl0100,apl0100,True,0,1.0000,0.626291,car
track0104[26].png,apl0100,apl0100,True,0,1.0000,0.999871,car
track0104[27].png,apl0100,apl0100,True,0,1.0000,0.999911,car
track0104[28].png,apl0100,apl0100,True,0,1.0000,0.999921,car
track0104[29].png,apl0100,apl0100,True,0,1.0000,0.999838,car
track0104[30].png,apl0100,apl0100,True,0,1.0000,0.999907,car
track0105[01].png,aek0977,aek0977,True,0,1.0000,0.761387,motorcycle
track0105[02].png,aek0977,aek0977,True,0,1.0000,0.830363,motorcycle
track0105[03].png,aek0977,aek0977,True,0,1.0000,0.955992,motorcycle
track0105[04].png,aek0977,aek0977,True,0,1.0000,0.685914,motorcycle
track0105[05].png,aek0977,aek0977,True,0,1.0000,0.514330,motorcycle
track0105[06].png,aek0977,aek0977,True,0,1.0000,0.973613,motorcycle
track0105[07].png,aek0977,aek0j77,False,1,0.8571,0.666873,motorcycle
track0105[08].png,aek0977,aek0977,True,0,1.0000,0.588363,motorcycle
track0105[09].png,aek0977,aek0977,True,0,1.0000,0.594536,motorcycle
track0105[10].png,aek0977,aek0977,True,0,1.0000,0.488515,motorcycle
track0105[11].png,aek0977,aek0977,True,0,1.0000,0.488206,motorcycle
track0105[12].png,aek0977,aek0977,True,0,1.0000,0.624811,motorcycle
track0105[13].png,aek0977,aek0977,True,0,1.0000,0.482204,motorcycle
track0105[14].png,aek0977,aek0977,True,0,1.0000,0.972722,motorcycle
track0105[15].png,aek0977,aek0977,True,0,1.0000,0.761085,motorcycle
track0105[16].png,aek0977,aek0977,True,0,1.0000,0.971575,motorcycle
track0105[17].png,aek0977,aek0977,True,0,1.0000,0.855440,motorcycle
track0105[18].png,aek0977,aew0977,False,1,0.8571,0.442759,motorcycle
track0105[19].png,aek0977,aek0977,True,0,1.0000,0.786289,motorcycle
track0105[20].png,aek0977,aek0977,True,0,1.0000,0.937064,motorcycle
track0105[21].png,aek0977,aek0977,True,0,1.0000,0.798743,motorcycle
track0105[22].png,aek0977,aek0977,True,0,1.0000,0.644913,motorcycle
track0105[23].png,aek0977,aek0977,True,0,1.0000,0.872710,motorcycle
track0105[24].png,aek0977,aek0977,True,0,1.0000,0.448980,motorcycle
track0105[25].png,aek0977,aek0977,True,0,1.0000,0.858473,motorcycle
track0105[26].png,aek0977,aek0977,True,0,1.0000,0.933751,motorcycle
track0105[27].png,aek0977,aek0977,True,0,1.0000,0.977167,motorcycle
track0105[28].png,aek0977,aek0977,True,0,1.0000,0.747819,motorcycle
track0105[29].png,aek0977,aek0977,True,0,1.0000,0.847716,motorcycle
track0105[30].png,aek0977,sek0977,False,1,0.8571,0.528311,motorcycle
track0106[01].png,abn8528,abn8528,True,0,1.0000,0.999652,car
track0106[02].png,abn8528,abn8528,True,0,1.0000,0.998820,car
track0106[03].png,abn8528,abn8528,True,0,1.0000,0.999771,car
track0106[04].png,abn8528,abn8528,True,0,1.0000,0.999830,car
track0106[05].png,abn8528,abn8528,True,0,1.0000,0.999461,car
track0106[06].png,abn8528,abn8528,True,0,1.0000,0.995387,car
track0106[07].png,abn8528,abn8528,True,0,1.0000,0.999537,car
track0106[08].png,abn8528,abn8528,True,0,1.0000,0.999638,car
track0106[09].png,abn8528,abn8528,True,0,1.0000,0.999040,car
track0106[10].png,abn8528,abn8528,True,0,1.0000,0.999187,car
track0106[11].png,abn8528,abn8528,True,0,1.0000,0.999558,car
track0106[12].png,abn8528,abn8528,True,0,1.0000,0.998971,car
track0106[13].png,abn8528,abn8528,True,0,1.0000,0.999480,car
track0106[14].png,abn8528,abn8528,True,0,1.0000,0.999652,car
track0106[15].png,abn8528,abn8528,True,0,1.0000,0.999737,car
track0106[16].png,abn8528,abn8528,True,0,1.0000,0.999705,car
track0106[17].png,abn8528,abn8528,True,0,1.0000,0.999498,car
track0106[18].png,abn8528,abn8528,True,0,1.0000,0.999567,car
track0106[19].png,abn8528,abn8528,True,0,1.0000,0.998293,car
track0106[20].png,abn8528,abn8528,True,0,1.0000,0.998608,car
track0106[21].png,abn8528,abn8528,True,0,1.0000,0.999295,car
track0106[22].png,abn8528,abn8528,True,0,1.0000,0.999438,car
track0106[23].png,abn8528,abn8528,True,0,1.0000,0.999502,car
track0106[24].png,abn8528,abn8528,True,0,1.0000,0.999637,car
track0106[25].png,abn8528,abn8528,True,0,1.0000,0.998998,car
track0106[26].png,abn8528,abn8528,True,0,1.0000,0.997835,car
track0106[27].png,abn8528,abn8528,True,0,1.0000,0.999458,car
track0106[28].png,abn8528,abn8528,True,0,1.0000,0.999500,car
track0106[29].png,abn8528,abn8528,True,0,1.0000,0.998897,car
track0106[30].png,abn8528,abn8528,True,0,1.0000,0.981219,car
track0107[01].png,mjo0862,mjo0862,True,0,1.0000,0.877459,car
track0107[02].png,mjo0862,mjo0862,True,0,1.0000,0.801100,car
track0107[03].png,mjo0862,mjo0862,True,0,1.0000,0.722376,car
track0107[04].png,mjo0862,mjo0862,True,0,1.0000,0.980052,car
track0107[05].png,mjo0862,mjo0862,True,0,1.0000,0.643332,car
track0107[06].png,mjo0862,mjo0862,True,0,1.0000,0.823994,car
track0107[07].png,mjo0862,mjo0862,True,0,1.0000,0.498485,car
track0107[08].png,mjo0862,mjd0862,False,1,0.8571,0.955717,car
track0107[09].png,mjo0862,mjd0862,False,1,0.8571,0.938246,car
track0107[10].png,mjo0862,mjd0862,False,1,0.8571,0.911635,car
track0107[11].png,mjo0862,mjo0862,True,0,1.0000,0.639543,car
track0107[12].png,mjo0862,mjd0862,False,1,0.8571,0.879963,car
track0107[13].png,mjo0862,mjd0862,False,1,0.8571,0.993273,car
track0107[14].png,mjo0862,mjd0862,False,1,0.8571,0.989643,car
track0107[15].png,mjo0862,mjd0862,False,1,0.8571,0.998589,car
track0107[16].png,mjo0862,mjd0862,False,1,0.8571,0.998232,car
track0107[17].png,mjo0862,mjd0862,False,1,0.8571,0.991570,car
track0107[18].png,mjo0862,mj00862,False,1,0.8571,0.485327,car
track0107[19].png,mjo0862,mj00862,False,1,0.8571,0.368850,car
track0107[20].png,mjo0862,mjd0862,False,1,0.8571,0.944206,car
track0107[21].png,mjo0862,mjd0862,False,1,0.8571,0.966575,car
track0107[22].png,mjo0862,mjo0862,True,0,1.0000,0.496503,car
track0107[23].png,mjo0862,mjd0862,False,1,0.8571,0.996470,car
track0107[24].png,mjo0862,mjd0862,False,1,0.8571,0.724925,car
track0107[25].png,mjo0862,mjo0862,True,0,1.0000,0.787008,car
track0107[26].png,mjo0862,mjo0862,True,0,1.0000,0.890564,car
track0107[27].png,mjo0862,mjo0862,True,0,1.0000,0.797834,car
track0107[28].png,mjo0862,mjo0862,True,0,1.0000,0.913206,car
track0107[29].png,mjo0862,mjo0862,True,0,1.0000,0.859826,car
track0107[30].png,mjo0862,mjd0862,False,1,0.8571,0.938105,car
track0108[01].png,ary9308,ary9308,True,0,1.0000,0.999041,car
track0108[02].png,ary9308,ary9308,True,0,1.0000,0.999880,car
track0108[03].png,ary9308,ary9308,True,0,1.0000,0.999645,car
track0108[04].png,ary9308,ary9308,True,0,1.0000,0.999899,car
track0108[05].png,ary9308,ary9308,True,0,1.0000,0.999952,car
track0108[06].png,ary9308,ary9308,True,0,1.0000,0.999879,car
track0108[07].png,ary9308,ary9308,True,0,1.0000,0.999902,car
track0108[08].png,ary9308,ary9308,True,0,1.0000,0.999954,car
track0108[09].png,ary9308,ary9308,True,0,1.0000,0.999938,car
track0108[10].png,ary9308,ary9308,True,0,1.0000,0.999953,car
track0108[11].png,ary9308,ary9308,True,0,1.0000,0.999915,car
track0108[12].png,ary9308,ary9308,True,0,1.0000,0.999896,car
track0108[13].png,ary9308,ary9308,True,0,1.0000,0.999872,car
track0108[14].png,ary9308,ary9308,True,0,1.0000,0.999808,car
track0108[15].png,ary9308,ary9308,True,0,1.0000,0.999871,car
track0108[16].png,ary9308,ary9308,True,0,1.0000,0.999868,car
track0108[17].png,ary9308,ary9308,True,0,1.0000,0.999886,car
track0108[18].png,ary9308,ary9308,True,0,1.0000,0.999870,car
track0108[19].png,ary9308,ary9308,True,0,1.0000,0.999932,car
track0108[20].png,ary9308,ary9308,True,0,1.0000,0.999889,car
track0108[21].png,ary9308,ary9308,True,0,1.0000,0.999675,car
track0108[22].png,ary9308,ary9308,True,0,1.0000,0.999925,car
track0108[23].png,ary9308,ary9308,True,0,1.0000,0.999946,car
track0108[24].png,ary9308,ary9308,True,0,1.0000,0.999954,car
track0108[25].png,ary9308,ary9308,True,0,1.0000,0.999942,car
track0108[26].png,ary9308,ary9308,True,0,1.0000,0.999930,car
track0108[27].png,ary9308,ary9308,True,0,1.0000,0.999904,car
track0108[28].png,ary9308,ary9308,True,0,1.0000,0.999912,car
track0108[29].png,ary9308,ary9308,True,0,1.0000,0.999880,car
track0108[30].png,ary9308,ary9308,True,0,1.0000,0.999708,car
track0109[01].png,awz7648,awz7648,True,0,1.0000,0.995158,motorcycle
track0109[02].png,awz7648,awz7648,True,0,1.0000,0.996479,motorcycle
track0109[03].png,awz7648,awz7648,True,0,1.0000,0.997927,motorcycle
track0109[04].png,awz7648,awz7648,True,0,1.0000,0.993424,motorcycle
track0109[05].png,awz7648,awz7648,True,0,1.0000,0.997129,motorcycle
track0109[06].png,awz7648,awz7648,True,0,1.0000,0.997122,motorcycle
track0109[07].png,awz7648,awz7648,True,0,1.0000,0.985295,motorcycle
track0109[08].png,awz7648,awz7648,True,0,1.0000,0.994607,motorcycle
track0109[09].png,awz7648,awz7648,True,0,1.0000,0.995156,motorcycle
track0109[10].png,awz7648,awz7648,True,0,1.0000,0.989987,motorcycle
track0109[11].png,awz7648,awz7648,True,0,1.0000,0.997673,motorcycle
track0109[12].png,awz7648,awz7648,True,0,1.0000,0.997173,motorcycle
track0109[13].png,awz7648,awz7648,True,0,1.0000,0.997555,motorcycle
track0109[14].png,awz7648,awz7648,True,0,1.0000,0.996296,motorcycle
track0109[15].png,awz7648,awz7648,True,0,1.0000,0.987414,motorcycle
track0109[16].png,awz7648,awz7648,True,0,1.0000,0.886168,motorcycle
track0109[17].png,awz7648,awz7648,True,0,1.0000,0.971953,motorcycle
track0109[18].png,awz7648,awz7648,True,0,1.0000,0.994799,motorcycle
track0109[19].png,awz7648,awz7648,True,0,1.0000,0.976725,motorcycle
track0109[20].png,awz7648,awz7648,True,0,1.0000,0.983007,motorcycle
track0109[21].png,awz7648,awz7648,True,0,1.0000,0.996265,motorcycle
track0109[22].png,awz7648,awz7648,True,0,1.0000,0.968886,motorcycle
track0109[23].png,awz7648,awz7646,False,1,0.8571,0.778028,motorcycle
track0109[24].png,awz7648,awz7648,True,0,1.0000,0.781015,motorcycle
track0109[25].png,awz7648,awz7646,False,1,0.8571,0.932936,motorcycle
track0109[26].png,awz7648,awz7648,True,0,1.0000,0.992305,motorcycle
track0109[27].png,awz7648,awz7640,False,1,0.8571,0.231156,motorcycle
track0109[28].png,awz7648,awz7648,True,0,1.0000,0.997296,motorcycle
track0109[29].png,awz7648,awz7648,True,0,1.0000,0.751483,motorcycle
track0109[30].png,awz7648,awz7648,True,0,1.0000,0.993763,motorcycle
track0110[01].png,bbo8514,bbo8514,True,0,1.0000,0.978236,motorcycle
track0110[02].png,bbo8514,bbo8514,True,0,1.0000,0.981554,motorcycle
track0110[03].png,bbo8514,bbo8514,True,0,1.0000,0.997177,motorcycle
track0110[04].png,bbo8514,bbo8514,True,0,1.0000,0.997730,motorcycle
track0110[05].png,bbo8514,bbo8514,True,0,1.0000,0.999704,motorcycle
track0110[06].png,bbo8514,bbo8514,True,0,1.0000,0.999540,motorcycle
track0110[07].png,bbo8514,bbo8514,True,0,1.0000,0.999497,motorcycle
track0110[08].png,bbo8514,bbo8514,True,0,1.0000,0.999688,motorcycle
track0110[09].png,bbo8514,bbo8514,True,0,1.0000,0.999612,motorcycle
track0110[10].png,bbo8514,bbo8514,True,0,1.0000,0.999623,motorcycle
track0110[11].png,bbo8514,bbo8514,True,0,1.0000,0.999689,motorcycle
track0110[12].png,bbo8514,bbo8514,True,0,1.0000,0.998851,motorcycle
track0110[13].png,bbo8514,bbo8514,True,0,1.0000,0.999316,motorcycle
track0110[14].png,bbo8514,bbo8514,True,0,1.0000,0.999120,motorcycle
track0110[15].png,bbo8514,bbo8514,True,0,1.0000,0.999608,motorcycle
track0110[16].png,bbo8514,bbo8514,True,0,1.0000,0.999538,motorcycle
track0110[17].png,bbo8514,bbo8514,True,0,1.0000,0.998927,motorcycle
track0110[18].png,bbo8514,bbo8514,True,0,1.0000,0.997640,motorcycle
track0110[19].png,bbo8514,bbo8514,True,0,1.0000,0.997825,motorcycle
track0110[20].png,bbo8514,bbo8514,True,0,1.0000,0.942871,motorcycle
track0110[21].png,bbo8514,bbo8514,True,0,1.0000,0.999663,motorcycle
track0110[22].png,bbo8514,bbo8514,True,0,1.0000,0.993353,motorcycle
track0110[23].png,bbo8514,bbo8514,True,0,1.0000,0.997037,motorcycle
track0110[24].png,bbo8514,bbo8514,True,0,1.0000,0.998190,motorcycle
track0110[25].png,bbo8514,bbo8514,True,0,1.0000,0.996430,motorcycle
track0110[26].png,bbo8514,bbo8514,True,0,1.0000,0.991007,motorcycle
track0110[27].png,bbo8514,bbo8514,True,0,1.0000,0.998783,motorcycle
track0110[28].png,bbo8514,bbo8514,True,0,1.0000,0.999644,motorcycle
track0110[29].png,bbo8514,bbo8514,True,0,1.0000,0.998163,motorcycle
track0110[30].png,bbo8514,bbo8514,True,0,1.0000,0.926802,motorcycle
track0111[01].png,aiq1056,aiq1056,True,0,1.0000,0.525727,car
track0111[02].png,aiq1056,atq2156,False,3,0.5714,0.381506,car
track0111[03].png,aiq1056,atq1056,False,1,0.8571,0.847561,car
track0111[04].png,aiq1056,atqp105,False,3,0.5714,0.469450,car
track0111[05].png,aiq1056,aiq7056,False,1,0.8571,0.446223,car
track0111[06].png,aiq1056,aiq7056,False,1,0.8571,0.516820,car
track0111[07].png,aiq1056,atq2056,False,2,0.7143,0.387964,car
track0111[08].png,aiq1056,atq1056,False,1,0.8571,0.519934,car
track0111[09].png,aiq1056,atq1056,False,1,0.8571,0.629029,car
track0111[10].png,aiq1056,atq1056,False,1,0.8571,0.804150,car
track0111[11].png,aiq1056,atq1056,False,1,0.8571,0.821451,car
track0111[12].png,aiq1056,aiq7056,False,1,0.8571,0.425393,car
track0111[13].png,aiq1056,aiq1056,True,0,1.0000,0.458477,car
track0111[14].png,aiq1056,atq1056,False,1,0.8571,0.388876,car
track0111[15].png,aiq1056,aiq7056,False,1,0.8571,0.221687,car
track0111[16].png,aiq1056,aiq7056,False,1,0.8571,0.522766,car
track0111[17].png,aiq1056,aiq1056,True,0,1.0000,0.971831,car
track0111[18].png,aiq1056,aiq7056,False,1,0.8571,0.417841,car
track0111[19].png,aiq1056,atq2056,False,2,0.7143,0.457144,car
track0111[20].png,aiq1056,aiq2056,False,1,0.8571,0.444296,car
track0111[21].png,aiq1056,aiq1056,True,0,1.0000,0.957081,car
track0111[22].png,aiq1056,aiq1056,True,0,1.0000,0.858875,car
track0111[23].png,aiq1056,aiq1056,True,0,1.0000,0.324803,car
track0111[24].png,aiq1056,aiq1056,True,0,1.0000,0.495053,car
track0111[25].png,aiq1056,aiq2056,False,1,0.8571,0.244409,car
track0111[26].png,aiq1056,atq2056,False,2,0.7143,0.635991,car
track0111[27].png,aiq1056,atq2056,False,2,0.7143,0.562589,car
track0111[28].png,aiq1056,atq1056,False,1,0.8571,0.534920,car
track0111[29].png,aiq1056,aiq1056,True,0,1.0000,0.331914,car
track0111[30].png,aiq1056,atq1056,False,1,0.8571,0.914030,car
track0112[01].png,apd4389,apd4389,True,0,1.0000,0.991835,car
track0112[02].png,apd4389,apd4389,True,0,1.0000,0.999308,car
track0112[03].png,apd4389,apd4389,True,0,1.0000,0.999730,car
track0112[04].png,apd4389,apd4389,True,0,1.0000,0.998446,car
track0112[05].png,apd4389,apd4389,True,0,1.0000,0.996345,car
track0112[06].png,apd4389,apd4389,True,0,1.0000,0.999450,car
track0112[07].png,apd4389,apd4389,True,0,1.0000,0.999291,car
track0112[08].png,apd4389,apd4389,True,0,1.0000,0.999058,car
track0112[09].png,apd4389,apd4389,True,0,1.0000,0.997360,car
track0112[10].png,apd4389,apd4389,True,0,1.0000,0.999551,car
track0112[11].png,apd4389,apd4389,True,0,1.0000,0.999600,car
track0112[12].png,apd4389,apd4389,True,0,1.0000,0.999092,car
track0112[13].png,apd4389,apd4389,True,0,1.0000,0.999692,car
track0112[14].png,apd4389,apd4389,True,0,1.0000,0.999773,car
track0112[15].png,apd4389,apd4389,True,0,1.0000,0.981808,car
track0112[16].png,apd4389,apd4389,True,0,1.0000,0.994053,car
track0112[17].png,apd4389,apd4389,True,0,1.0000,0.999791,car
track0112[18].png,apd4389,apd4389,True,0,1.0000,0.999736,car
track0112[19].png,apd4389,apd4389,True,0,1.0000,0.999426,car
track0112[20].png,apd4389,apd4389,True,0,1.0000,0.999840,car
track0112[21].png,apd4389,apd4389,True,0,1.0000,0.999800,car
track0112[22].png,apd4389,apd4389,True,0,1.0000,0.990032,car
track0112[23].png,apd4389,apd4389,True,0,1.0000,0.998380,car
track0112[24].png,apd4389,apd4389,True,0,1.0000,0.995350,car
track0112[25].png,apd4389,apd4389,True,0,1.0000,0.998724,car
track0112[26].png,apd4389,apd4389,True,0,1.0000,0.996092,car
track0112[27].png,apd4389,apd4389,True,0,1.0000,0.997708,car
track0112[28].png,apd4389,apd4389,True,0,1.0000,0.999204,car
track0112[29].png,apd4389,apd4389,True,0,1.0000,0.987184,car
track0112[30].png,apd4389,apo4389,False,1,0.8571,0.751670,car
track0113[01].png,pwc3858,pnc3858,False,1,0.8571,0.873881,car
track0113[02].png,pwc3858,pwc3858,True,0,1.0000,0.992587,car
track0113[03].png,pwc3858,pwc3858,True,0,1.0000,0.549266,car
track0113[04].png,pwc3858,pwc3858,True,0,1.0000,0.998329,car
track0113[05].png,pwc3858,pwc3858,True,0,1.0000,0.999585,car
track0113[06].png,pwc3858,pwc3858,True,0,1.0000,0.995323,car
track0113[07].png,pwc3858,pwc3858,True,0,1.0000,0.916108,car
track0113[08].png,pwc3858,pwc3858,True,0,1.0000,0.996528,car
track0113[09].png,pwc3858,pwc3858,True,0,1.0000,0.996393,car
track0113[10].png,pwc3858,pwc3858,True,0,1.0000,0.985605,car
track0113[11].png,pwc3858,pnc3858,False,1,0.8571,0.570805,car
track0113[12].png,pwc3858,pwc3858,True,0,1.0000,0.970886,car
track0113[13].png,pwc3858,pwc3858,True,0,1.0000,0.856493,car
track0113[14].png,pwc3858,pwc3858,True,0,1.0000,0.819710,car
track0113[15].png,pwc3858,pwc3858,True,0,1.0000,0.851644,car
track0113[16].png,pwc3858,pwc3858,True,0,1.0000,0.977016,car
track0113[17].png,pwc3858,pnc3858,False,1,0.8571,0.595681,car
track0113[18].png,pwc3858,pwc3858,True,0,1.0000,0.995517,car
track0113[19].png,pwc3858,pwc3858,True,0,1.0000,0.815625,car
track0113[20].png,pwc3858,pwc3858,True,0,1.0000,0.985351,car
track0113[21].png,pwc3858,pwc3858,True,0,1.0000,0.999612,car
track0113[22].png,pwc3858,pwc3858,True,0,1.0000,0.970394,car
track0113[23].png,pwc3858,pwc3858,True,0,1.0000,0.999800,car
track0113[24].png,pwc3858,pwc3858,True,0,1.0000,0.999790,car
track0113[25].png,pwc3858,pwc3858,True,0,1.0000,0.999484,car
track0113[26].png,pwc3858,pwc3858,True,0,1.0000,0.999859,car
track0113[27].png,pwc3858,pwc3858,True,0,1.0000,0.999879,car
track0113[28].png,pwc3858,pwc3858,True,0,1.0000,0.999864,car
track0113[29].png,pwc3858,pwc3858,True,0,1.0000,0.995560,car
track0113[30].png,pwc3858,pwc3858,True,0,1.0000,0.993679,car
track0114[01].png,asf5742,asf5742,True,0,1.0000,0.999768,car
track0114[02].png,asf5742,asf5742,True,0,1.0000,0.999435,car
track0114[03].png,asf5742,asf5742,True,0,1.0000,0.999404,car
track0114[04].png,asf5742,asf5742,True,0,1.0000,0.999387,car
track0114[05].png,asf5742,asf5742,True,0,1.0000,0.999742,car
track0114[06].png,asf5742,asf5742,True,0,1.0000,0.993116,car
track0114[07].png,asf5742,asf5742,True,0,1.0000,0.998065,car
track0114[08].png,asf5742,asf5742,True,0,1.0000,0.998771,car
track0114[09].png,asf5742,asf5742,True,0,1.0000,0.999656,car
track0114[10].png,asf5742,asf5742,True,0,1.0000,0.998058,car
track0114[11].png,asf5742,asf5742,True,0,1.0000,0.997116,car
track0114[12].png,asf5742,asf5742,True,0,1.0000,0.999238,car
track0114[13].png,asf5742,asf5742,True,0,1.0000,0.999894,car
track0114[14].png,asf5742,asf5742,True,0,1.0000,0.999842,car
track0114[15].png,asf5742,asf5742,True,0,1.0000,0.999836,car
track0114[16].png,asf5742,asf5742,True,0,1.0000,0.999731,car
track0114[17].png,asf5742,asf5742,True,0,1.0000,0.999661,car
track0114[18].png,asf5742,asf5742,True,0,1.0000,0.999143,car
track0114[19].png,asf5742,asf5742,True,0,1.0000,0.997953,car
track0114[20].png,asf5742,asf5742,True,0,1.0000,0.984356,car
track0114[21].png,asf5742,asf5742,True,0,1.0000,0.566190,car
track0114[22].png,asf5742,asf5742,True,0,1.0000,0.876507,car
track0114[23].png,asf5742,asf5742,True,0,1.0000,0.957122,car
track0114[24].png,asf5742,asc4742,False,2,0.7143,0.545662,car
track0114[25].png,asf5742,asf5742,True,0,1.0000,0.937657,car
track0114[26].png,asf5742,asf5742,True,0,1.0000,0.946483,car
track0114[27].png,asf5742,ast4742,False,2,0.7143,0.832869,car
track0114[28].png,asf5742,asf4742,False,1,0.8571,0.874531,car
track0114[29].png,asf5742,asf4742,False,1,0.8571,0.505856,car
track0114[30].png,asf5742,asf4742,False,1,0.8571,0.932238,car
track0115[01].png,cbb1894,cbb1894,True,0,1.0000,0.998305,car
track0115[02].png,cbb1894,cbb1894,True,0,1.0000,0.998872,car
track0115[03].png,cbb1894,cbb1894,True,0,1.0000,0.966583,car
track0115[04].png,cbb1894,cbb1894,True,0,1.0000,0.998412,car
track0115[05].png,cbb1894,cbb1894,True,0,1.0000,0.998241,car
track0115[06].png,cbb1894,cbb1894,True,0,1.0000,0.993951,car
track0115[07].png,cbb1894,cbb1894,True,0,1.0000,0.999246,car
track0115[08].png,cbb1894,cbb1894,True,0,1.0000,0.991403,car
track0115[09].png,cbb1894,cbb1894,True,0,1.0000,0.998344,car
track0115[10].png,cbb1894,cbb1894,True,0,1.0000,0.998589,car
track0115[11].png,cbb1894,cbb1894,True,0,1.0000,0.970930,car
track0115[12].png,cbb1894,cbb1894,True,0,1.0000,0.982249,car
track0115[13].png,cbb1894,c8d1894,False,2,0.7143,0.545530,car
track0115[14].png,cbb1894,cbb1894,True,0,1.0000,0.890804,car
track0115[15].png,cbb1894,cbd1894,False,1,0.8571,0.367321,car
track0115[16].png,cbb1894,cbb1894,True,0,1.0000,0.990152,car
track0115[17].png,cbb1894,cbb1894,True,0,1.0000,0.997323,car
track0115[18].png,cbb1894,cbb1894,True,0,1.0000,0.804229,car
track0115[19].png,cbb1894,cbb1894,True,0,1.0000,0.981846,car
track0115[20].png,cbb1894,cbb1894,True,0,1.0000,0.675299,car
track0115[21].png,cbb1894,cbb1894,True,0,1.0000,0.689319,car
track0115[22].png,cbb1894,cbb1894,True,0,1.0000,0.988332,car
track0115[23].png,cbb1894,cbd1894,False,1,0.8571,0.993530,car
track0115[24].png,cbb1894,cbb1894,True,0,1.0000,0.939342,car
track0115[25].png,cbb1894,lbb1894,False,1,0.8571,0.473387,car
track0115[26].png,cbb1894,c881894,False,2,0.7143,0.767788,car
track0115[27].png,cbb1894,lbb1894,False,1,0.8571,0.964967,car
track0115[28].png,cbb1894,crb1894,False,1,0.8571,0.705342,car
track0115[29].png,cbb1894,crb1894,False,1,0.8571,0.994064,car
track0115[30].png,cbb1894,cbb1894,True,0,1.0000,0.899538,car
track0116[01].png,pyp1906,pyp1906,True,0,1.0000,0.999569,car
track0116[02].png,pyp1906,pyp1906,True,0,1.0000,0.999778,car
track0116[03].png,pyp1906,pyp1906,True,0,1.0000,0.999813,car
track0116[04].png,pyp1906,pyp1906,True,0,1.0000,0.999926,car
track0116[05].png,pyp1906,pyp1906,True,0,1.0000,0.999919,car
track0116[06].png,pyp1906,pyp1906,True,0,1.0000,0.996077,car
track0116[07].png,pyp1906,pyp1906,True,0,1.0000,0.995461,car
track0116[08].png,pyp1906,pyp1906,True,0,1.0000,0.997757,car
track0116[09].png,pyp1906,pyp1906,True,0,1.0000,0.999771,car
track0116[10].png,pyp1906,pyp1906,True,0,1.0000,0.999368,car
track0116[11].png,pyp1906,pyp1906,True,0,1.0000,0.998595,car
track0116[12].png,pyp1906,pyp1906,True,0,1.0000,0.999547,car
track0116[13].png,pyp1906,pyp1906,True,0,1.0000,0.999824,car
track0116[14].png,pyp1906,pyp1906,True,0,1.0000,0.999814,car
track0116[15].png,pyp1906,pyp1906,True,0,1.0000,0.999767,car
track0116[16].png,pyp1906,pyp1906,True,0,1.0000,0.999845,car
track0116[17].png,pyp1906,pyp1906,True,0,1.0000,0.999779,car
track0116[18].png,pyp1906,pyp1906,True,0,1.0000,0.999678,car
track0116[19].png,pyp1906,pyp1906,True,0,1.0000,0.999643,car
track0116[20].png,pyp1906,pyp1906,True,0,1.0000,0.999555,car
track0116[21].png,pyp1906,pyp1906,True,0,1.0000,0.999779,car
track0116[22].png,pyp1906,pyp1906,True,0,1.0000,0.999786,car
track0116[23].png,pyp1906,pyp1906,True,0,1.0000,0.999797,car
track0116[24].png,pyp1906,pyp1906,True,0,1.0000,0.999610,car
track0116[25].png,pyp1906,pyp1906,True,0,1.0000,0.999119,car
track0116[26].png,pyp1906,pyp1906,True,0,1.0000,0.999010,car
track0116[27].png,pyp1906,pyp1906,True,0,1.0000,0.999531,car
track0116[28].png,pyp1906,pyp1906,True,0,1.0000,0.999158,car
track0116[29].png,pyp1906,pyp1906,True,0,1.0000,0.999418,car
track0116[30].png,pyp1906,pyp1906,True,0,1.0000,0.999314,car
track0117[01].png,aye1896,aye1896,True,0,1.0000,0.999656,car
track0117[02].png,aye1896,aye1896,True,0,1.0000,0.999872,car
track0117[03].png,aye1896,aye1896,True,0,1.0000,0.999926,car
track0117[04].png,aye1896,aye1896,True,0,1.0000,0.999958,car
track0117[05].png,aye1896,aye1896,True,0,1.0000,0.999926,car
track0117[06].png,aye1896,aye1896,True,0,1.0000,0.999761,car
track0117[07].png,aye1896,aye1896,True,0,1.0000,0.999930,car
track0117[08].png,aye1896,aye1896,True,0,1.0000,0.999963,car
track0117[09].png,aye1896,aye1896,True,0,1.0000,0.999947,car
track0117[10].png,aye1896,aye1896,True,0,1.0000,0.999962,car
track0117[11].png,aye1896,aye1896,True,0,1.0000,0.999955,car
track0117[12].png,aye1896,aye1896,True,0,1.0000,0.999965,car
track0117[13].png,aye1896,aye1896,True,0,1.0000,0.999954,car
track0117[14].png,aye1896,aye1896,True,0,1.0000,0.999916,car
track0117[15].png,aye1896,aye1896,True,0,1.0000,0.999920,car
track0117[16].png,aye1896,aye1896,True,0,1.0000,0.999926,car
track0117[17].png,aye1896,aye1896,True,0,1.0000,0.999954,car
track0117[18].png,aye1896,aye1896,True,0,1.0000,0.999910,car
track0117[19].png,aye1896,aye1896,True,0,1.0000,0.999923,car
track0117[20].png,aye1896,aye1896,True,0,1.0000,0.999949,car
track0117[21].png,aye1896,aye1896,True,0,1.0000,0.999960,car
track0117[22].png,aye1896,aye1896,True,0,1.0000,0.999957,car
track0117[23].png,aye1896,aye1896,True,0,1.0000,0.999877,car
track0117[24].png,aye1896,aye1896,True,0,1.0000,0.999920,car
track0117[25].png,aye1896,aye1896,True,0,1.0000,0.999871,car
track0117[26].png,aye1896,aye1896,True,0,1.0000,0.999825,car
track0117[27].png,aye1896,aye1896,True,0,1.0000,0.999941,car
track0117[28].png,aye1896,aye1896,True,0,1.0000,0.999927,car
track0117[29].png,aye1896,aye1896,True,0,1.0000,0.999909,car
track0117[30].png,aye1896,aye1896,True,0,1.0000,0.999959,car
track0118[01].png,awl4456,awl4456,True,0,1.0000,0.999893,car
track0118[02].png,awl4456,awl4456,True,0,1.0000,0.999867,car
track0118[03].png,awl4456,awl4456,True,0,1.0000,0.999797,car
track0118[04].png,awl4456,awl4456,True,0,1.0000,0.999871,car
track0118[05].png,awl4456,awl4456,True,0,1.0000,0.999738,car
track0118[06].png,awl4456,awl4456,True,0,1.0000,0.999746,car
track0118[07].png,awl4456,awl4456,True,0,1.0000,0.999816,car
track0118[08].png,awl4456,awl4456,True,0,1.0000,0.999851,car
track0118[09].png,awl4456,awl4456,True,0,1.0000,0.999796,car
track0118[10].png,awl4456,awl4456,True,0,1.0000,0.999886,car
track0118[11].png,awl4456,awl4456,True,0,1.0000,0.999874,car
track0118[12].png,awl4456,awl4456,True,0,1.0000,0.999817,car
track0118[13].png,awl4456,awl4456,True,0,1.0000,0.999862,car
track0118[14].png,awl4456,awl4456,True,0,1.0000,0.918201,car
track0118[15].png,awl4456,awl4456,True,0,1.0000,0.999884,car
track0118[16].png,awl4456,awl4456,True,0,1.0000,0.999828,car
track0118[17].png,awl4456,awl4456,True,0,1.0000,0.779761,car
track0118[18].png,awl4456,awl4456,True,0,1.0000,0.999658,car
track0118[19].png,awl4456,awl4456,True,0,1.0000,0.786278,car
track0118[20].png,awl4456,awl4456,True,0,1.0000,0.993273,car
track0118[21].png,awl4456,awl4456,True,0,1.0000,0.985099,car
track0118[22].png,awl4456,awl4456,True,0,1.0000,0.983182,car
track0118[23].png,awl4456,awl4456,True,0,1.0000,0.999847,car
track0118[24].png,awl4456,awl4456,True,0,1.0000,0.999703,car
track0118[25].png,awl4456,awl4456,True,0,1.0000,0.999047,car
track0118[26].png,awl4456,awl4456,True,0,1.0000,0.999878,car
track0118[27].png,awl4456,awl4456,True,0,1.0000,0.999833,car
track0118[28].png,awl4456,awl4456,True,0,1.0000,0.999867,car
track0118[29].png,awl4456,awl4456,True,0,1.0000,0.999852,car
track0118[30].png,awl4456,awl4456,True,0,1.0000,0.999798,car
track0119[01].png,ioz3616,ioz3616,True,0,1.0000,0.988796,car
track0119[02].png,ioz3616,ioz3616,True,0,1.0000,0.984027,car
track0119[03].png,ioz3616,ooz3616,False,1,0.8571,0.661970,car
track0119[04].png,ioz3616,ioz3616,True,0,1.0000,0.957223,car
track0119[05].png,ioz3616,ioz3616,True,0,1.0000,0.985000,car
track0119[06].png,ioz3616,ioz3616,True,0,1.0000,0.973371,car
track0119[07].png,ioz3616,ioz3616,True,0,1.0000,0.996282,car
track0119[08].png,ioz3616,ioz3616,True,0,1.0000,0.985305,car
track0119[09].png,ioz3616,ioz3616,True,0,1.0000,0.950849,car
track0119[10].png,ioz3616,ioz3616,True,0,1.0000,0.995685,car
track0119[11].png,ioz3616,ioz3616,True,0,1.0000,0.967726,car
track0119[12].png,ioz3616,ioz3616,True,0,1.0000,0.998781,car
track0119[13].png,ioz3616,ioz3616,True,0,1.0000,0.954000,car
track0119[14].png,ioz3616,ioz3616,True,0,1.0000,0.948613,car
track0119[15].png,ioz3616,ioz3616,True,0,1.0000,0.978074,car
track0119[16].png,ioz3616,ioz3616,True,0,1.0000,0.995824,car
track0119[17].png,ioz3616,ioz3616,True,0,1.0000,0.996124,car
track0119[18].png,ioz3616,ioz3616,True,0,1.0000,0.997572,car
track0119[19].png,ioz3616,ioz3616,True,0,1.0000,0.975861,car
track0119[20].png,ioz3616,ioz3616,True,0,1.0000,0.894867,car
track0119[21].png,ioz3616,ooz3616,False,1,0.8571,0.502549,car
track0119[22].png,ioz3616,ioz3616,True,0,1.0000,0.989339,car
track0119[23].png,ioz3616,ooz3616,False,1,0.8571,0.926681,car
track0119[24].png,ioz3616,ooz3616,False,1,0.8571,0.984733,car
track0119[25].png,ioz3616,ioz3616,True,0,1.0000,0.993097,car
track0119[26].png,ioz3616,ioz3616,True,0,1.0000,0.957647,car
track0119[27].png,ioz3616,ioz3616,True,0,1.0000,0.978091,car
track0119[28].png,ioz3616,ioz3616,True,0,1.0000,0.994073,car
track0119[29].png,ioz3616,ioz3616,True,0,1.0000,0.983495,car
track0119[30].png,ioz3616,ioz3616,True,0,1.0000,0.502560,car
track0120[01].png,bcj9595,bci9595,False,1,0.8571,0.352524,car
track0120[02].png,bcj9595,boj9595,False,1,0.8571,0.999397,car
track0120[03].png,bcj9595,boj9595,False,1,0.8571,0.654621,car
track0120[04].png,bcj9595,boj9595,False,1,0.8571,0.829376,car
track0120[05].png,bcj9595,boj9595,False,1,0.8571,0.847149,car
track0120[06].png,bcj9595,blj9595,False,1,0.8571,0.984089,car
track0120[07].png,bcj9595,boj9595,False,1,0.8571,0.301781,car
track0120[08].png,bcj9595,bcj9595,True,0,1.0000,0.996982,car
track0120[09].png,bcj9595,bcj9595,True,0,1.0000,0.998925,car
track0120[10].png,bcj9595,bcj9595,True,0,1.0000,0.999875,car
track0120[11].png,bcj9595,bcj9595,True,0,1.0000,0.924060,car
track0120[12].png,bcj9595,bcj9595,True,0,1.0000,0.699206,car
track0120[13].png,bcj9595,bcj9595,True,0,1.0000,0.938853,car
track0120[14].png,bcj9595,bcj9595,True,0,1.0000,0.999267,car
track0120[15].png,bcj9595,bcj9595,True,0,1.0000,0.999118,car
track0120[16].png,bcj9595,bcj9595,True,0,1.0000,0.999822,car
track0120[17].png,bcj9595,bcj9595,True,0,1.0000,0.999872,car
track0120[18].png,bcj9595,bcj9595,True,0,1.0000,0.999956,car
track0120[19].png,bcj9595,bcj9595,True,0,1.0000,0.999944,car
track0120[20].png,bcj9595,bcj9595,True,0,1.0000,0.999927,car
track0120[21].png,bcj9595,bcj9595,True,0,1.0000,0.999928,car
track0120[22].png,bcj9595,bcj9595,True,0,1.0000,0.998618,car
track0120[23].png,bcj9595,bcj9595,True,0,1.0000,0.998443,car
track0120[24].png,bcj9595,bcj9595,True,0,1.0000,0.995506,car
track0120[25].png,bcj9595,bcj9595,True,0,1.0000,0.998734,car
track0120[26].png,bcj9595,bcj9595,True,0,1.0000,0.999920,car
track0120[27].png,bcj9595,bcj9595,True,0,1.0000,0.999911,car
track0120[28].png,bcj9595,bcj9595,True,0,1.0000,0.999917,car
track0120[29].png,bcj9595,bcj9595,True,0,1.0000,0.999840,car
track0120[30].png,bcj9595,bcj9595,True,0,1.0000,0.999844,car
track0121[01].png,azu3476,azu3476,True,0,1.0000,0.999732,car
track0121[02].png,azu3476,azu3476,True,0,1.0000,0.613109,car
track0121[03].png,azu3476,azu5476,False,1,0.8571,0.943029,car
track0121[04].png,azu3476,azu5476,False,1,0.8571,0.538673,car
track0121[05].png,azu3476,azu3476,True,0,1.0000,0.826648,car
track0121[06].png,azu3476,azu3476,True,0,1.0000,0.999681,car
track0121[07].png,azu3476,azu5476,False,1,0.8571,0.705436,car
track0121[08].png,azu3476,azu5476,False,1,0.8571,0.788091,car
track0121[09].png,azu3476,azu3476,True,0,1.0000,0.850556,car
track0121[10].png,azu3476,azu3476,True,0,1.0000,0.993212,car
track0121[11].png,azu3476,azu5476,False,1,0.8571,0.720970,car
track0121[12].png,azu3476,azu5476,False,1,0.8571,0.817082,car
track0121[13].png,azu3476,azu5476,False,1,0.8571,0.913407,car
track0121[14].png,azu3476,azu3476,True,0,1.0000,0.996645,car
track0121[15].png,azu3476,azu3476,True,0,1.0000,0.513683,car
track0121[16].png,azu3476,azu5476,False,1,0.8571,0.958956,car
track0121[17].png,azu3476,azu3476,True,0,1.0000,0.985611,car
track0121[18].png,azu3476,azu3476,True,0,1.0000,0.987751,car
track0121[19].png,azu3476,azu5476,False,1,0.8571,0.871926,car
track0121[20].png,azu3476,azu3476,True,0,1.0000,0.806226,car
track0121[21].png,azu3476,azu5476,False,1,0.8571,0.786256,car
track0121[22].png,azu3476,azu3476,True,0,1.0000,0.960093,car
track0121[23].png,azu3476,azu3476,True,0,1.0000,0.588564,car
track0121[24].png,azu3476,azu3476,True,0,1.0000,0.995403,car
track0121[25].png,azu3476,azu3476,True,0,1.0000,0.951845,car
track0121[26].png,azu3476,azu3476,True,0,1.0000,0.996962,car
track0121[27].png,azu3476,azu3476,True,0,1.0000,0.989347,car
track0121[28].png,azu3476,azu3476,True,0,1.0000,0.999667,car
track0121[29].png,azu3476,azu3476,True,0,1.0000,0.846963,car
track0121[30].png,azu3476,azu3476,True,0,1.0000,0.873029,car
track0122[01].png,mca9954,mca9954,True,0,1.0000,0.782980,motorcycle
track0122[02].png,mca9954,mca993,False,2,0.7143,0.723934,motorcycle
track0122[03].png,mca9954,mca8934,False,2,0.7143,0.299955,motorcycle
track0122[04].png,mca9954,mca995,False,1,0.8571,0.890992,motorcycle
track0122[05].png,mca9954,mca9935,False,2,0.7143,0.518668,motorcycle
track0122[06].png,mca9954,mca9954,True,0,1.0000,0.376331,motorcycle
track0122[07].png,mca9954,mca995,False,1,0.8571,0.821450,motorcycle
track0122[08].png,mca9954,mca993,False,2,0.7143,0.885963,motorcycle
track0122[09].png,mca9954,mca9935,False,2,0.7143,0.563848,motorcycle
track0122[10].png,mca9954,mca9934,False,1,0.8571,0.496267,motorcycle
track0122[11].png,mca9954,hca8934,False,3,0.5714,0.286775,motorcycle
track0122[12].png,mca9954,mca9954,True,0,1.0000,0.844967,motorcycle
track0122[13].png,mca9954,mca995,False,1,0.8571,0.989402,motorcycle
track0122[14].png,mca9954,mca995,False,1,0.8571,0.978896,motorcycle
track0122[15].png,mca9954,mca9955,False,1,0.8571,0.498092,motorcycle
track0122[16].png,mca9954,mca9954,True,0,1.0000,0.888966,motorcycle
track0122[17].png,mca9954,mca9954,True,0,1.0000,0.499480,motorcycle
track0122[18].png,mca9954,mca9954,True,0,1.0000,0.499983,motorcycle
track0122[19].png,mca9954,mca9954,True,0,1.0000,0.688957,motorcycle
track0122[20].png,mca9954,mcq995,False,2,0.7143,0.652704,motorcycle
track0122[21].png,mca9954,mca9955,False,1,0.8571,0.468184,motorcycle
track0122[22].png,mca9954,mca9954,True,0,1.0000,0.790137,motorcycle
track0122[23].png,mca9954,mca9954,True,0,1.0000,0.858826,motorcycle
track0122[24].png,mca9954,mca9954,True,0,1.0000,0.924957,motorcycle
track0122[25].png,mca9954,mca8995,False,2,0.7143,0.334326,motorcycle
track0122[26].png,mca9954,mca9935,False,2,0.7143,0.137645,motorcycle
track0122[27].png,mca9954,mca9934,False,1,0.8571,0.348199,motorcycle
track0122[28].png,mca9954,mca9954,True,0,1.0000,0.804088,motorcycle
track0122[29].png,mca9954,mca9954,True,0,1.0000,0.776366,motorcycle
track0122[30].png,mca9954,mca9954,True,0,1.0000,0.617732,motorcycle
track0123[01].png,asg9143,asg9153,False,1,0.8571,0.981322,motorcycle
track0123[02].png,asg9143,asq0144,False,3,0.5714,0.517195,motorcycle
track0123[03].png,asg9143,asq9145,False,2,0.7143,0.362617,motorcycle
track0123[04].png,asg9143,asq9143,False,1,0.8571,0.552663,motorcycle
track0123[05].png,asg9143,asq9143,False,1,0.8571,0.561538,motorcycle
track0123[06].png,asg9143,asq9143,False,1,0.8571,0.742176,motorcycle
track0123[07].png,asg9143,asq9143,False,1,0.8571,0.408739,motorcycle
track0123[08].png,asg9143,asg9153,False,1,0.8571,0.891757,motorcycle
track0123[09].png,asg9143,asg9155,False,2,0.7143,0.323295,motorcycle
track0123[10].png,asg9143,qsg9153,False,2,0.7143,0.203139,motorcycle
track0123[11].png,asg9143,asg9153,False,1,0.8571,0.401869,motorcycle
track0123[12].png,asg9143,asg9143,True,0,1.0000,0.607462,motorcycle
track0123[13].png,asg9143,asq9163,False,2,0.7143,0.321428,motorcycle
track0123[14].png,asg9143,asg9143,True,0,1.0000,0.796507,motorcycle
track0123[15].png,asg9143,asg9143,True,0,1.0000,0.475975,motorcycle
track0123[16].png,asg9143,asg9143,True,0,1.0000,0.917377,motorcycle
track0123[17].png,asg9143,asg9153,False,1,0.8571,0.508925,motorcycle
track0123[18].png,asg9143,asg9143,True,0,1.0000,0.661973,motorcycle
track0123[19].png,asg9143,asq9143,False,1,0.8571,0.790520,motorcycle
track0123[20].png,asg9143,asg9143,True,0,1.0000,0.880497,motorcycle
track0123[21].png,asg9143,asg9143,True,0,1.0000,0.874086,motorcycle
track0123[22].png,asg9143,asg9143,True,0,1.0000,0.990108,motorcycle
track0123[23].png,asg9143,asg9163,False,1,0.8571,0.308166,motorcycle
track0123[24].png,asg9143,asg9153,False,1,0.8571,0.940560,motorcycle
track0123[25].png,asg9143,asg9753,False,2,0.7143,0.390228,motorcycle
track0123[26].png,asg9143,asg9143,True,0,1.0000,0.868026,motorcycle
track0123[27].png,asg9143,asg9153,False,1,0.8571,0.744317,motorcycle
track0123[28].png,asg9143,asg9763,False,2,0.7143,0.457082,motorcycle
track0123[29].png,asg9143,asg915,False,2,0.7143,0.888422,motorcycle
track0123[30].png,asg9143,asq9145,False,2,0.7143,0.247000,motorcycle
track0124[01].png,maw3186,naw3186,False,1,0.8571,0.673794,car
track0124[02].png,maw3186,man3186,False,1,0.8571,0.780136,car
track0124[03].png,maw3186,man3166,False,2,0.7143,0.718297,car
track0124[04].png,maw3186,man3186,False,1,0.8571,0.679106,car
track0124[05].png,maw3186,maw3166,False,1,0.8571,0.583233,car
track0124[06].png,maw3186,maw3186,True,0,1.0000,0.698576,car
track0124[07].png,maw3186,man3186,False,1,0.8571,0.749731,car
track0124[08].png,maw3186,maw3i86,False,1,0.8571,0.301096,car
track0124[09].png,maw3186,man3ib6,False,3,0.5714,0.452573,car
track0124[10].png,maw3186,maw3ib6,False,2,0.7143,0.455459,car
track0124[11].png,maw3186,maw3166,False,1,0.8571,0.626102,car
track0124[12].png,maw3186,maw3186,True,0,1.0000,0.511554,car
track0124[13].png,maw3186,maw5186,False,1,0.8571,0.552961,car
track0124[14].png,maw3186,maw3166,False,1,0.8571,0.931935,car
track0124[15].png,maw3186,maw3166,False,1,0.8571,0.920739,car
track0124[16].png,maw3186,maw3168,False,2,0.7143,0.754818,car
track0124[17].png,maw3186,maw51b6,False,2,0.7143,0.908367,car
track0124[18].png,maw3186,maw51b6,False,2,0.7143,0.837418,car
track0124[19].png,maw3186,maw51b6,False,2,0.7143,0.500086,car
track0124[20].png,maw3186,maw5166,False,2,0.7143,0.262346,car
track0124[21].png,maw3186,maw3186,True,0,1.0000,0.562483,car
track0124[22].png,maw3186,maw3166,False,1,0.8571,0.512965,car
track0124[23].png,maw3186,maw3166,False,1,0.8571,0.886728,car
track0124[24].png,maw3186,maw3186,True,0,1.0000,0.516715,car
track0124[25].png,maw3186,maw3186,True,0,1.0000,0.947799,car
track0124[26].png,maw3186,maw3186,True,0,1.0000,0.840368,car
track0124[27].png,maw3186,maw3186,True,0,1.0000,0.477296,car
track0124[28].png,maw3186,maw3166,False,1,0.8571,0.310415,car
track0124[29].png,maw3186,maw3186,True,0,1.0000,0.649423,car
track0124[30].png,maw3186,maw7186,False,1,0.8571,0.348804,car
track0125[01].png,ayb1489,ayb1489,True,0,1.0000,0.999865,car
track0125[02].png,ayb1489,ayb1489,True,0,1.0000,0.999599,car
track0125[03].png,ayb1489,ayb1489,True,0,1.0000,0.999817,car
track0125[04].png,ayb1489,ayb1489,True,0,1.0000,0.999615,car
track0125[05].png,ayb1489,ayb1489,True,0,1.0000,0.999841,car
track0125[06].png,ayb1489,ayb1489,True,0,1.0000,0.999843,car
track0125[07].png,ayb1489,ayb1489,True,0,1.0000,0.999696,car
track0125[08].png,ayb1489,ayb1489,True,0,1.0000,0.999863,car
track0125[09].png,ayb1489,ayb1489,True,0,1.0000,0.999800,car
track0125[10].png,ayb1489,ayb1489,True,0,1.0000,0.999756,car
track0125[11].png,ayb1489,ayb1489,True,0,1.0000,0.999797,car
track0125[12].png,ayb1489,ayb1489,True,0,1.0000,0.999763,car
track0125[13].png,ayb1489,ayb1489,True,0,1.0000,0.999840,car
track0125[14].png,ayb1489,ayb1489,True,0,1.0000,0.999797,car
track0125[15].png,ayb1489,ayb1489,True,0,1.0000,0.999809,car
track0125[16].png,ayb1489,ayb1489,True,0,1.0000,0.999678,car
track0125[17].png,ayb1489,ayb1489,True,0,1.0000,0.999857,car
track0125[18].png,ayb1489,ayb1489,True,0,1.0000,0.999736,car
track0125[19].png,ayb1489,ayb1489,True,0,1.0000,0.999802,car
track0125[20].png,ayb1489,ayb1489,True,0,1.0000,0.999855,car
track0125[21].png,ayb1489,ayb1489,True,0,1.0000,0.999642,car
track0125[22].png,ayb1489,ayb1489,True,0,1.0000,0.999736,car
track0125[23].png,ayb1489,ayb1489,True,0,1.0000,0.999483,car
track0125[24].png,ayb1489,ayb1489,True,0,1.0000,0.999682,car
track0125[25].png,ayb1489,ayb1489,True,0,1.0000,0.999796,car
track0125[26].png,ayb1489,ayb1489,True,0,1.0000,0.999731,car
track0125[27].png,ayb1489,ayb1489,True,0,1.0000,0.999744,car
track0125[28].png,ayb1489,ayb1489,True,0,1.0000,0.999829,car
track0125[29].png,ayb1489,ayb1489,True,0,1.0000,0.999893,car
track0125[30].png,ayb1489,ayb1489,True,0,1.0000,0.999797,car
track0126[01].png,avi0949,avi0949,True,0,1.0000,0.996241,car
track0126[02].png,avi0949,avi0949,True,0,1.0000,0.996313,car
track0126[03].png,avi0949,avi0949,True,0,1.0000,0.997903,car
track0126[04].png,avi0949,avi0949,True,0,1.0000,0.993854,car
track0126[05].png,avi0949,avi0949,True,0,1.0000,0.996754,car
track0126[06].png,avi0949,avi0949,True,0,1.0000,0.999314,car
track0126[07].png,avi0949,avi0949,True,0,1.0000,0.999298,car
track0126[08].png,avi0949,avi0949,True,0,1.0000,0.999427,car
track0126[09].png,avi0949,avi0949,True,0,1.0000,0.999511,car
track0126[10].png,avi0949,avi0949,True,0,1.0000,0.992361,car
track0126[11].png,avi0949,avi0949,True,0,1.0000,0.990182,car
track0126[12].png,avi0949,avi0949,True,0,1.0000,0.998912,car
track0126[13].png,avi0949,avi0949,True,0,1.0000,0.998822,car
track0126[14].png,avi0949,avi0949,True,0,1.0000,0.999657,car
track0126[15].png,avi0949,avi0949,True,0,1.0000,0.998713,car
track0126[16].png,avi0949,avi0949,True,0,1.0000,0.998623,car
track0126[17].png,avi0949,avi0949,True,0,1.0000,0.999275,car
track0126[18].png,avi0949,avi0949,True,0,1.0000,0.999412,car
track0126[19].png,avi0949,avi0949,True,0,1.0000,0.999503,car
track0126[20].png,avi0949,avi0949,True,0,1.0000,0.999537,car
track0126[21].png,avi0949,avi0949,True,0,1.0000,0.999700,car
track0126[22].png,avi0949,avi0949,True,0,1.0000,0.999547,car
track0126[23].png,avi0949,avi0949,True,0,1.0000,0.999663,car
track0126[24].png,avi0949,avi0949,True,0,1.0000,0.999538,car
track0126[25].png,avi0949,avi0949,True,0,1.0000,0.998767,car
track0126[26].png,avi0949,avi0949,True,0,1.0000,0.999641,car
track0126[27].png,avi0949,avi0949,True,0,1.0000,0.999742,car
track0126[28].png,avi0949,avi0949,True,0,1.0000,0.998499,car
track0126[29].png,avi0949,avi0949,True,0,1.0000,0.997160,car
track0126[30].png,avi0949,avi0949,True,0,1.0000,0.995941,car
track0127[01].png,aqw1379,aqw1979,False,1,0.8571,0.223335,motorcycle
track0127[02].png,aqw1379,aqw1379,True,0,1.0000,0.784297,motorcycle
track0127[03].png,aqw1379,aqw1379,True,0,1.0000,0.846014,motorcycle
track0127[04].png,aqw1379,aqw1379,True,0,1.0000,0.507114,motorcycle
track0127[05].png,aqw1379,aqw9379,False,1,0.8571,0.944021,motorcycle
track0127[06].png,aqw1379,aqw7377,False,2,0.7143,0.482561,motorcycle
track0127[07].png,aqw1379,aqw1379,True,0,1.0000,0.606574,motorcycle
track0127[08].png,aqw1379,aqw9379,False,1,0.8571,0.772051,motorcycle
track0127[09].png,aqw1379,aqw1379,True,0,1.0000,0.875447,motorcycle
track0127[10].png,aqw1379,aqw1379,True,0,1.0000,0.645172,motorcycle
track0127[11].png,aqw1379,aqw1379,True,0,1.0000,0.553748,motorcycle
track0127[12].png,aqw1379,aqw1379,True,0,1.0000,0.720302,motorcycle
track0127[13].png,aqw1379,aqw1379,True,0,1.0000,0.973916,motorcycle
track0127[14].png,aqw1379,aqw7379,False,1,0.8571,0.439302,motorcycle
track0127[15].png,aqw1379,aqw1379,True,0,1.0000,0.880529,motorcycle
track0127[16].png,aqw1379,aqw1379,True,0,1.0000,0.872849,motorcycle
track0127[17].png,aqw1379,aqw1379,True,0,1.0000,0.428147,motorcycle
track0127[18].png,aqw1379,aqw1379,True,0,1.0000,0.512617,motorcycle
track0127[19].png,aqw1379,aqw1379,True,0,1.0000,0.853502,motorcycle
track0127[20].png,aqw1379,aqy1379,False,1,0.8571,0.607716,motorcycle
track0127[21].png,aqw1379,aqw7379,False,1,0.8571,0.775033,motorcycle
track0127[22].png,aqw1379,aqw1379,True,0,1.0000,0.964545,motorcycle
track0127[23].png,aqw1379,aqw1379,True,0,1.0000,0.984212,motorcycle
track0127[24].png,aqw1379,aqw1379,True,0,1.0000,0.764226,motorcycle
track0127[25].png,aqw1379,aqw1379,True,0,1.0000,0.907152,motorcycle
track0127[26].png,aqw1379,aqw1379,True,0,1.0000,0.378939,motorcycle
track0127[27].png,aqw1379,aqw1379,True,0,1.0000,0.975959,motorcycle
track0127[28].png,aqw1379,aqw1379,True,0,1.0000,0.987516,motorcycle
track0127[29].png,aqw1379,aqw1379,True,0,1.0000,0.691267,motorcycle
track0127[30].png,aqw1379,aqw1379,True,0,1.0000,0.979748,motorcycle
track0128[01].png,awp0816,awp0816,True,0,1.0000,0.998177,car
track0128[02].png,awp0816,awp0816,True,0,1.0000,0.989753,car
track0128[03].png,awp0816,awp0816,True,0,1.0000,0.998567,car
track0128[04].png,awp0816,awp0816,True,0,1.0000,0.990614,car
track0128[05].png,awp0816,awp0816,True,0,1.0000,0.700869,car
track0128[06].png,awp0816,awp0816,True,0,1.0000,0.540478,car
track0128[07].png,awp0816,awp0816,True,0,1.0000,0.917999,car
track0128[08].png,awp0816,awp0816,True,0,1.0000,0.992127,car
track0128[09].png,awp0816,awp0816,True,0,1.0000,0.997538,car
track0128[10].png,awp0816,awp0816,True,0,1.0000,0.997906,car
track0128[11].png,awp0816,awp0016,False,1,0.8571,0.527407,car
track0128[12].png,awp0816,awp0916,False,1,0.8571,0.913204,car
track0128[13].png,awp0816,awp0916,False,1,0.8571,0.996823,car
track0128[14].png,awp0816,awp0816,True,0,1.0000,0.758208,car
track0128[15].png,awp0816,awp0d16,False,1,0.8571,0.914578,car
track0128[16].png,awp0816,awp0d16,False,1,0.8571,0.822973,car
track0128[17].png,awp0816,awp0b16,False,1,0.8571,0.847316,car
track0128[18].png,awp0816,awp0b16,False,1,0.8571,0.656106,car
track0128[19].png,awp0816,awp0816,True,0,1.0000,0.509018,car
track0128[20].png,awp0816,awp0516,False,1,0.8571,0.400069,car
track0128[21].png,awp0816,awp0816,True,0,1.0000,0.992476,car
track0128[22].png,awp0816,awp0816,True,0,1.0000,0.995080,car
track0128[23].png,awp0816,awp0816,True,0,1.0000,0.385749,car
track0128[24].png,awp0816,awp0616,False,1,0.8571,0.478461,car
track0128[25].png,awp0816,awp0016,False,1,0.8571,0.699593,car
track0128[26].png,awp0816,awp0810,False,1,0.8571,0.602451,car
track0128[27].png,awp0816,awp0816,True,0,1.0000,0.994098,car
track0128[28].png,awp0816,awp0816,True,0,1.0000,0.594148,car
track0128[29].png,awp0816,awp0816,True,0,1.0000,0.885756,car
track0128[30].png,awp0816,awp0816,True,0,1.0000,0.996412,car
track0129[01].png,mak0198,mak0198,True,0,1.0000,0.998328,car
track0129[02].png,mak0198,mak0198,True,0,1.0000,0.999596,car
track0129[03].png,mak0198,mak0198,True,0,1.0000,0.999488,car
track0129[04].png,mak0198,mak0198,True,0,1.0000,0.999636,car
track0129[05].png,mak0198,mak0198,True,0,1.0000,0.999488,car
track0129[06].png,mak0198,mak0198,True,0,1.0000,0.999327,car
track0129[07].png,mak0198,mak0198,True,0,1.0000,0.998571,car
track0129[08].png,mak0198,mak0198,True,0,1.0000,0.999508,car
track0129[09].png,mak0198,mak0198,True,0,1.0000,0.999256,car
track0129[10].png,mak0198,mak0198,True,0,1.0000,0.999170,car
track0129[11].png,mak0198,mak0198,True,0,1.0000,0.999218,car
track0129[12].png,mak0198,mak0198,True,0,1.0000,0.999132,car
track0129[13].png,mak0198,mak0198,True,0,1.0000,0.998671,car
track0129[14].png,mak0198,mak0198,True,0,1.0000,0.999379,car
track0129[15].png,mak0198,mak0198,True,0,1.0000,0.998305,car
track0129[16].png,mak0198,mak0198,True,0,1.0000,0.999379,car
track0129[17].png,mak0198,mak0198,True,0,1.0000,0.998579,car
track0129[18].png,mak0198,mak0198,True,0,1.0000,0.998897,car
track0129[19].png,mak0198,mak0198,True,0,1.0000,0.999549,car
track0129[20].png,mak0198,mak0198,True,0,1.0000,0.999402,car
track0129[21].png,mak0198,mak0198,True,0,1.0000,0.990835,car
track0129[22].png,mak0198,mak0198,True,0,1.0000,0.998849,car
track0129[23].png,mak0198,mak0198,True,0,1.0000,0.999524,car
track0129[24].png,mak0198,mak0198,True,0,1.0000,0.998888,car
track0129[25].png,mak0198,mak0198,True,0,1.0000,0.999316,car
track0129[26].png,mak0198,mak0198,True,0,1.0000,0.999314,car
track0129[27].png,mak0198,mak0198,True,0,1.0000,0.999590,car
track0129[28].png,mak0198,mak0198,True,0,1.0000,0.999597,car
track0129[29].png,mak0198,mak0198,True,0,1.0000,0.999690,car
track0129[30].png,mak0198,mak0198,True,0,1.0000,0.999638,car
track0130[01].png,alj9348,alj934,False,1,0.8571,0.654640,motorcycle
track0130[02].png,alj9348,alj934,False,1,0.8571,0.937822,motorcycle
track0130[03].png,alj9348,alu934,False,2,0.7143,0.324376,motorcycle
track0130[04].png,alj9348,alu934,False,2,0.7143,0.341282,motorcycle
track0130[05].png,alj9348,alj934,False,1,0.8571,0.975052,motorcycle
track0130[06].png,alj9348,alj934,False,1,0.8571,0.881423,motorcycle
track0130[07].png,alj9348,alj9348,True,0,1.0000,0.884484,motorcycle
track0130[08].png,alj9348,alj934,False,1,0.8571,0.715006,motorcycle
track0130[09].png,alj9348,alu930,False,3,0.5714,0.525032,motorcycle
track0130[10].png,alj9348,alj934,False,1,0.8571,0.956912,motorcycle
track0130[11].png,alj9348,alj934,False,1,0.8571,0.982400,motorcycle
track0130[12].png,alj9348,alj9348,True,0,1.0000,0.512032,motorcycle
track0130[13].png,alj9348,alj934,False,1,0.8571,0.881838,motorcycle
track0130[14].png,alj9348,alj934,False,1,0.8571,0.982928,motorcycle
track0130[15].png,alj9348,alj934,False,1,0.8571,0.428529,motorcycle
track0130[16].png,alj9348,alj934,False,1,0.8571,0.411694,motorcycle
track0130[17].png,alj9348,alj936,False,2,0.7143,0.313663,motorcycle
track0130[18].png,alj9348,alj934,False,1,0.8571,0.813753,motorcycle
track0130[19].png,alj9348,alj934,False,1,0.8571,0.640926,motorcycle
track0130[20].png,alj9348,alj934,False,1,0.8571,0.203631,motorcycle
track0130[21].png,alj9348,alj934,False,1,0.8571,0.527583,motorcycle
track0130[22].png,alj9348,alu930,False,3,0.5714,0.285507,motorcycle
track0130[23].png,alj9348,alu936,False,3,0.5714,0.221672,motorcycle
track0130[24].png,alj9348,ald930,False,3,0.5714,0.364628,motorcycle
track0130[25].png,alj9348,alj934,False,1,0.8571,0.917424,motorcycle
track0130[26].png,alj9348,alj334,False,2,0.7143,0.539458,motorcycle
track0130[27].png,alj9348,alj934,False,1,0.8571,0.288538,motorcycle
track0130[28].png,alj9348,alj934,False,1,0.8571,0.679039,motorcycle
track0130[29].png,alj9348,alj936,False,2,0.7143,0.496650,motorcycle
track0130[30].png,alj9348,alj934,False,1,0.8571,0.603310,motorcycle
track0131[01].png,att4025,att4025,True,0,1.0000,0.999211,car
track0131[02].png,att4025,att4025,True,0,1.0000,0.999779,car
track0131[03].png,att4025,att4025,True,0,1.0000,0.999437,car
track0131[04].png,att4025,att4025,True,0,1.0000,0.999385,car
track0131[05].png,att4025,att4025,True,0,1.0000,0.996781,car
track0131[06].png,att4025,att4025,True,0,1.0000,0.997394,car
track0131[07].png,att4025,att4025,True,0,1.0000,0.998547,car
track0131[08].png,att4025,att4025,True,0,1.0000,0.999541,car
track0131[09].png,att4025,att4025,True,0,1.0000,0.999631,car
track0131[10].png,att4025,att4025,True,0,1.0000,0.998693,car
track0131[11].png,att4025,att4025,True,0,1.0000,0.995624,car
track0131[12].png,att4025,att4025,True,0,1.0000,0.999557,car
track0131[13].png,att4025,att4025,True,0,1.0000,0.999677,car
track0131[14].png,att4025,att4025,True,0,1.0000,0.999828,car
track0131[15].png,att4025,att4025,True,0,1.0000,0.999354,car
track0131[16].png,att4025,att4025,True,0,1.0000,0.999862,car
track0131[17].png,att4025,att4025,True,0,1.0000,0.999270,car
track0131[18].png,att4025,att4025,True,0,1.0000,0.999414,car
track0131[19].png,att4025,att4025,True,0,1.0000,0.999586,car
track0131[20].png,att4025,att4025,True,0,1.0000,0.996904,car
track0131[21].png,att4025,att4025,True,0,1.0000,0.999566,car
track0131[22].png,att4025,att4025,True,0,1.0000,0.999765,car
track0131[23].png,att4025,att4025,True,0,1.0000,0.999845,car
track0131[24].png,att4025,att4025,True,0,1.0000,0.999691,car
track0131[25].png,att4025,att4025,True,0,1.0000,0.999603,car
track0131[26].png,att4025,att4025,True,0,1.0000,0.999583,car
track0131[27].png,att4025,att4025,True,0,1.0000,0.997993,car
track0131[28].png,att4025,att4025,True,0,1.0000,0.999752,car
track0131[29].png,att4025,att4025,True,0,1.0000,0.999893,car
track0131[30].png,att4025,att4025,True,0,1.0000,0.999742,car
track0132[01].png,axv9857,axv9857,True,0,1.0000,0.999497,car
track0132[02].png,axv9857,axv9857,True,0,1.0000,0.992146,car
track0132[03].png,axv9857,axy9857,False,1,0.8571,0.984392,car
track0132[04].png,axv9857,axv5857,False,1,0.8571,0.631878,car
track0132[05].png,axv9857,axv9857,True,0,1.0000,0.999363,car
track0132[06].png,axv9857,axv9857,True,0,1.0000,0.999729,car
track0132[07].png,axv9857,axv9857,True,0,1.0000,0.999827,car
track0132[08].png,axv9857,axv9857,True,0,1.0000,0.998977,car
track0132[09].png,axv9857,axv9857,True,0,1.0000,0.999851,car
track0132[10].png,axv9857,axv9857,True,0,1.0000,0.999904,car
track0132[11].png,axv9857,axv9857,True,0,1.0000,0.999800,car
track0132[12].png,axv9857,axv9857,True,0,1.0000,0.999907,car
track0132[13].png,axv9857,axv9857,True,0,1.0000,0.999905,car
track0132[14].png,axv9857,axv9857,True,0,1.0000,0.999879,car
track0132[15].png,axv9857,axv9857,True,0,1.0000,0.999876,car
track0132[16].png,axv9857,axv9857,True,0,1.0000,0.998730,car
track0132[17].png,axv9857,axv9857,True,0,1.0000,0.999547,car
track0132[18].png,axv9857,axv9857,True,0,1.0000,0.999770,car
track0132[19].png,axv9857,axv9857,True,0,1.0000,0.777462,car
track0132[20].png,axv9857,axv9857,True,0,1.0000,0.999909,car
track0132[21].png,axv9857,axv9857,True,0,1.0000,0.999905,car
track0132[22].png,axv9857,axv9857,True,0,1.0000,0.999910,car
track0132[23].png,axv9857,axv9857,True,0,1.0000,0.999877,car
track0132[24].png,axv9857,axv9857,True,0,1.0000,0.999842,car
track0132[25].png,axv9857,axv9857,True,0,1.0000,0.999899,car
track0132[26].png,axv9857,axv9857,True,0,1.0000,0.999756,car
track0132[27].png,axv9857,axv9857,True,0,1.0000,0.999909,car
track0132[28].png,axv9857,axv9857,True,0,1.0000,0.999897,car
track0132[29].png,axv9857,axv9857,True,0,1.0000,0.998486,car
track0132[30].png,axv9857,axv9857,True,0,1.0000,0.999814,car
track0133[01].png,ahy9777,ahy9777,True,0,1.0000,0.999917,car
track0133[02].png,ahy9777,ahy9777,True,0,1.0000,0.999901,car
track0133[03].png,ahy9777,ahy9777,True,0,1.0000,0.999841,car
track0133[04].png,ahy9777,ahy9777,True,0,1.0000,0.999927,car
track0133[05].png,ahy9777,ahy9777,True,0,1.0000,0.999903,car
track0133[06].png,ahy9777,ahy9777,True,0,1.0000,0.999891,car
track0133[07].png,ahy9777,ahy9777,True,0,1.0000,0.999920,car
track0133[08].png,ahy9777,ahy9777,True,0,1.0000,0.999971,car
track0133[09].png,ahy9777,ahy9777,True,0,1.0000,0.999954,car
track0133[10].png,ahy9777,ahy9777,True,0,1.0000,0.999970,car
track0133[11].png,ahy9777,ahy9777,True,0,1.0000,0.999961,car
track0133[12].png,ahy9777,ahy9777,True,0,1.0000,0.999970,car
track0133[13].png,ahy9777,ahy9777,True,0,1.0000,0.999952,car
track0133[14].png,ahy9777,ahy9777,True,0,1.0000,0.999970,car
track0133[15].png,ahy9777,ahy9777,True,0,1.0000,0.999959,car
track0133[16].png,ahy9777,ahy9777,True,0,1.0000,0.999961,car
track0133[17].png,ahy9777,ahy9777,True,0,1.0000,0.999969,car
track0133[18].png,ahy9777,ahy9777,True,0,1.0000,0.999972,car
track0133[19].png,ahy9777,ahy9777,True,0,1.0000,0.999949,car
track0133[20].png,ahy9777,ahy9777,True,0,1.0000,0.999970,car
track0133[21].png,ahy9777,ahy9777,True,0,1.0000,0.999968,car
track0133[22].png,ahy9777,ahy9777,True,0,1.0000,0.999973,car
track0133[23].png,ahy9777,ahy9777,True,0,1.0000,0.999639,car
track0133[24].png,ahy9777,ahy9777,True,0,1.0000,0.999958,car
track0133[25].png,ahy9777,ahy9777,True,0,1.0000,0.999942,car
track0133[26].png,ahy9777,ahy9777,True,0,1.0000,0.999909,car
track0133[27].png,ahy9777,ahy9777,True,0,1.0000,0.999955,car
track0133[28].png,ahy9777,ahy9777,True,0,1.0000,0.999955,car
track0133[29].png,ahy9777,ahy9777,True,0,1.0000,0.999956,car
track0133[30].png,ahy9777,ahy9777,True,0,1.0000,0.999939,car
track0134[01].png,arg4938,arg4938,True,0,1.0000,0.999887,car
track0134[02].png,arg4938,arg4938,True,0,1.0000,0.999967,car
track0134[03].png,arg4938,arg4938,True,0,1.0000,0.999954,car
track0134[04].png,arg4938,arg4938,True,0,1.0000,0.999937,car
track0134[05].png,arg4938,arg4938,True,0,1.0000,0.999955,car
track0134[06].png,arg4938,arg4938,True,0,1.0000,0.999938,car
track0134[07].png,arg4938,arg4938,True,0,1.0000,0.999942,car
track0134[08].png,arg4938,arg4938,True,0,1.0000,0.999941,car
track0134[09].png,arg4938,arg4938,True,0,1.0000,0.999919,car
track0134[10].png,arg4938,arg4938,True,0,1.0000,0.999829,car
track0134[11].png,arg4938,arg4938,True,0,1.0000,0.999950,car
track0134[12].png,arg4938,arg4938,True,0,1.0000,0.999960,car
track0134[13].png,arg4938,arg4938,True,0,1.0000,0.999950,car
track0134[14].png,arg4938,arg4938,True,0,1.0000,0.999948,car
track0134[15].png,arg4938,arg4938,True,0,1.0000,0.999954,car
track0134[16].png,arg4938,arg4938,True,0,1.0000,0.999954,car
track0134[17].png,arg4938,arg4938,True,0,1.0000,0.999944,car
track0134[18].png,arg4938,arg4938,True,0,1.0000,0.999964,car
track0134[19].png,arg4938,arg4938,True,0,1.0000,0.999962,car
track0134[20].png,arg4938,arg4938,True,0,1.0000,0.999962,car
track0134[21].png,arg4938,arg4938,True,0,1.0000,0.999919,car
track0134[22].png,arg4938,arg4938,True,0,1.0000,0.999893,car
track0134[23].png,arg4938,arg4938,True,0,1.0000,0.999938,car
track0134[24].png,arg4938,arg4938,True,0,1.0000,0.999909,car
track0134[25].png,arg4938,arg4938,True,0,1.0000,0.999936,car
track0134[26].png,arg4938,arg4938,True,0,1.0000,0.999947,car
track0134[27].png,arg4938,arg4938,True,0,1.0000,0.999936,car
track0134[28].png,arg4938,arg4938,True,0,1.0000,0.999902,car
track0134[29].png,arg4938,arg4938,True,0,1.0000,0.999889,car
track0134[30].png,arg4938,arg4938,True,0,1.0000,0.999921,car
track0135[01].png,bas8216,bas8216,True,0,1.0000,0.988220,motorcycle
track0135[02].png,bas8216,bas8216,True,0,1.0000,0.995595,motorcycle
track0135[03].png,bas8216,bas8216,True,0,1.0000,0.993187,motorcycle
track0135[04].png,bas8216,bas8216,True,0,1.0000,0.986860,motorcycle
track0135[05].png,bas8216,bas8216,True,0,1.0000,0.998141,motorcycle
track0135[06].png,bas8216,bas8216,True,0,1.0000,0.994318,motorcycle
track0135[07].png,bas8216,bas8216,True,0,1.0000,0.995797,motorcycle
track0135[08].png,bas8216,bas8216,True,0,1.0000,0.997457,motorcycle
track0135[09].png,bas8216,bas8216,True,0,1.0000,0.909976,motorcycle
track0135[10].png,bas8216,bas8215,False,1,0.8571,0.962631,motorcycle
track0135[11].png,bas8216,bas8216,True,0,1.0000,0.992043,motorcycle
track0135[12].png,bas8216,bas8216,True,0,1.0000,0.997783,motorcycle
track0135[13].png,bas8216,bas8216,True,0,1.0000,0.964661,motorcycle
track0135[14].png,bas8216,bas8216,True,0,1.0000,0.985790,motorcycle
track0135[15].png,bas8216,bas8216,True,0,1.0000,0.986540,motorcycle
track0135[16].png,bas8216,bas8216,True,0,1.0000,0.991436,motorcycle
track0135[17].png,bas8216,bas8216,True,0,1.0000,0.995676,motorcycle
track0135[18].png,bas8216,bas8216,True,0,1.0000,0.965528,motorcycle
track0135[19].png,bas8216,bas8216,True,0,1.0000,0.760764,motorcycle
track0135[20].png,bas8216,bas8215,False,1,0.8571,0.808449,motorcycle
track0135[21].png,bas8216,bas8216,True,0,1.0000,0.971937,motorcycle
track0135[22].png,bas8216,bas8216,True,0,1.0000,0.994533,motorcycle
track0135[23].png,bas8216,bas8216,True,0,1.0000,0.997789,motorcycle
track0135[24].png,bas8216,bas8216,True,0,1.0000,0.949186,motorcycle
track0135[25].png,bas8216,bas8216,True,0,1.0000,0.970543,motorcycle
track0135[26].png,bas8216,bas8216,True,0,1.0000,0.987712,motorcycle
track0135[27].png,bas8216,bas8216,True,0,1.0000,0.994402,motorcycle
track0135[28].png,bas8216,bas8216,True,0,1.0000,0.976918,motorcycle
track0135[29].png,bas8216,bas8216,True,0,1.0000,0.996637,motorcycle
track0135[30].png,bas8216,bas8216,True,0,1.0000,0.988200,motorcycle
track0136[01].png,amo0663,amd0663,False,1,0.8571,0.902750,car
track0136[02].png,amo0663,amd0663,False,1,0.8571,0.868525,car
track0136[03].png,amo0663,ano0667,False,2,0.7143,0.789671,car
track0136[04].png,amo0663,amd0663,False,1,0.8571,0.498102,car
track0136[05].png,amo0663,amo0663,True,0,1.0000,0.724781,car
track0136[06].png,amo0663,amo0663,True,0,1.0000,0.677595,car
track0136[07].png,amo0663,amd0663,False,1,0.8571,0.997778,car
track0136[08].png,amo0663,amd0663,False,1,0.8571,0.956464,car
track0136[09].png,amo0663,amd0663,False,1,0.8571,0.975372,car
track0136[10].png,amo0663,amd0663,False,1,0.8571,0.995532,car
track0136[11].png,amo0663,amo0663,True,0,1.0000,0.315863,car
track0136[12].png,amo0663,amd0663,False,1,0.8571,0.937025,car
track0136[13].png,amo0663,awo0661,False,2,0.7143,0.400109,car
track0136[14].png,amo0663,amu0663,False,1,0.8571,0.941810,car
track0136[15].png,amo0663,amo0663,True,0,1.0000,0.561254,car
track0136[16].png,amo0663,amd0663,False,1,0.8571,0.978004,car
track0136[17].png,amo0663,amo0663,True,0,1.0000,0.996578,car
track0136[18].png,amo0663,amo0663,True,0,1.0000,0.997903,car
track0136[19].png,amo0663,amo0663,True,0,1.0000,0.972554,car
track0136[20].png,amo0663,amo0663,True,0,1.0000,0.998479,car
track0136[21].png,amo0663,amo0663,True,0,1.0000,0.991730,car
track0136[22].png,amo0663,amo0663,True,0,1.0000,0.993282,car
track0136[23].png,amo0663,amo0663,True,0,1.0000,0.990458,car
track0136[24].png,amo0663,amo0663,True,0,1.0000,0.763482,car
track0136[25].png,amo0663,amo0663,True,0,1.0000,0.541846,car
track0136[26].png,amo0663,amu0663,False,1,0.8571,0.673094,car
track0136[27].png,amo0663,amu0663,False,1,0.8571,0.504260,car
track0136[28].png,amo0663,amd0663,False,1,0.8571,0.497942,car
track0136[29].png,amo0663,amo0663,True,0,1.0000,0.667235,car
track0136[30].png,amo0663,amo0663,True,0,1.0000,0.678265,car
track0137[01].png,asu1099,asu1099,True,0,1.0000,0.999809,car
track0137[02].png,asu1099,asu1099,True,0,1.0000,0.999841,car
track0137[03].png,asu1099,asu1099,True,0,1.0000,0.999901,car
track0137[04].png,asu1099,asu1099,True,0,1.0000,0.999876,car
track0137[05].png,asu1099,asu1099,True,0,1.0000,0.999835,car
track0137[06].png,asu1099,asu1099,True,0,1.0000,0.999787,car
track0137[07].png,asu1099,asu1099,True,0,1.0000,0.999764,car
track0137[08].png,asu1099,asu1099,True,0,1.0000,0.999700,car
track0137[09].png,asu1099,asu1099,True,0,1.0000,0.999897,car
track0137[10].png,asu1099,asu1099,True,0,1.0000,0.999925,car
track0137[11].png,asu1099,asu1099,True,0,1.0000,0.999933,car
track0137[12].png,asu1099,asu1099,True,0,1.0000,0.999894,car
track0137[13].png,asu1099,asu1099,True,0,1.0000,0.999673,car
track0137[14].png,asu1099,asu1099,True,0,1.0000,0.999951,car
track0137[15].png,asu1099,asu1099,True,0,1.0000,0.999909,car
track0137[16].png,asu1099,asu1099,True,0,1.0000,0.999956,car
track0137[17].png,asu1099,asu1099,True,0,1.0000,0.999897,car
track0137[18].png,asu1099,asu1099,True,0,1.0000,0.999939,car
track0137[19].png,asu1099,asu1099,True,0,1.0000,0.999953,car
track0137[20].png,asu1099,asu1099,True,0,1.0000,0.999779,car
track0137[21].png,asu1099,asu1099,True,0,1.0000,0.999938,car
track0137[22].png,asu1099,asu1099,True,0,1.0000,0.999925,car
track0137[23].png,asu1099,asu1099,True,0,1.0000,0.999928,car
track0137[24].png,asu1099,asu1099,True,0,1.0000,0.999963,car
track0137[25].png,asu1099,asu1099,True,0,1.0000,0.999884,car
track0137[26].png,asu1099,asu1099,True,0,1.0000,0.999969,car
track0137[27].png,asu1099,asu1099,True,0,1.0000,0.999913,car
track0137[28].png,asu1099,asu1099,True,0,1.0000,0.999970,car
track0137[29].png,asu1099,asu1099,True,0,1.0000,0.999969,car
track0137[30].png,asu1099,asu1099,True,0,1.0000,0.999979,car
track0138[01].png,aug0936,aug933,False,2,0.7143,0.501827,motorcycle
track0138[02].png,aug0936,aug933,False,2,0.7143,0.401263,motorcycle
track0138[03].png,aug0936,aug97,False,3,0.5714,0.414599,motorcycle
track0138[04].png,aug0936,aug933,False,2,0.7143,0.424587,motorcycle
track0138[05].png,aug0936,aug938,False,2,0.7143,0.353960,motorcycle
track0138[06].png,aug0936,aug938,False,2,0.7143,0.383747,motorcycle
track0138[07].png,aug0936,aug993,False,2,0.7143,0.490464,motorcycle
track0138[08].png,aug0936,aug933,False,2,0.7143,0.864977,motorcycle
track0138[09].png,aug0936,aug993,False,2,0.7143,0.452637,motorcycle
track0138[10].png,aug0936,aug973,False,3,0.5714,0.431477,motorcycle
track0138[11].png,aug0936,aug933,False,2,0.7143,0.756634,motorcycle
track0138[12].png,aug0936,aug93,False,2,0.7143,0.599490,motorcycle
track0138[13].png,aug0936,aug933,False,2,0.7143,0.502795,motorcycle
track0138[14].png,aug0936,aug33,False,3,0.5714,0.339113,motorcycle
track0138[15].png,aug0936,aug97,False,3,0.5714,0.377712,motorcycle
track0138[16].png,aug0936,aug993,False,2,0.7143,0.454853,motorcycle
track0138[17].png,aug0936,aug97,False,3,0.5714,0.499262,motorcycle
track0138[18].png,aug0936,aug993,False,2,0.7143,0.712570,motorcycle
track0138[19].png,aug0936,aug91,False,3,0.5714,0.514117,motorcycle
track0138[20].png,aug0936,aug973,False,3,0.5714,0.172655,motorcycle
track0138[21].png,aug0936,aug933,False,2,0.7143,0.235042,motorcycle
track0138[22].png,aug0936,aug993,False,2,0.7143,0.655781,motorcycle
track0138[23].png,aug0936,aug97,False,3,0.5714,0.768177,motorcycle
track0138[24].png,aug0936,aug97,False,3,0.5714,0.415934,motorcycle
track0138[25].png,aug0936,aug97,False,3,0.5714,0.424332,motorcycle
track0138[26].png,aug0936,aug97,False,3,0.5714,0.775064,motorcycle
track0138[27].png,aug0936,aug913,False,3,0.5714,0.191117,motorcycle
track0138[28].png,aug0936,aug973,False,3,0.5714,0.412747,motorcycle
track0138[29].png,aug0936,aug9,False,3,0.5714,0.487759,motorcycle
track0138[30].png,aug0936,aug9,False,3,0.5714,0.540080,motorcycle
track0139[01].png,bap8567,bap8567,True,0,1.0000,0.990421,car
track0139[02].png,bap8567,bap8567,True,0,1.0000,0.882204,car
track0139[03].png,bap8567,bap8567,True,0,1.0000,0.998455,car
track0139[04].png,bap8567,bap8567,True,0,1.0000,0.998337,car
track0139[05].png,bap8567,bap8567,True,0,1.0000,0.819505,car
track0139[06].png,bap8567,bapb567,False,1,0.8571,0.959325,car
track0139[07].png,bap8567,bapb567,False,1,0.8571,0.986419,car
track0139[08].png,bap8567,bap8567,True,0,1.0000,0.762870,car
track0139[09].png,bap8567,bapb567,False,1,0.8571,0.625215,car
track0139[10].png,bap8567,bap8567,True,0,1.0000,0.727445,car
track0139[11].png,bap8567,bapb567,False,1,0.8571,0.855527,car
track0139[12].png,bap8567,bap8567,True,0,1.0000,0.998682,car
track0139[13].png,bap8567,bap8567,True,0,1.0000,0.989627,car
track0139[14].png,bap8567,bap8567,True,0,1.0000,0.997750,car
track0139[15].png,bap8567,bap8567,True,0,1.0000,0.997200,car
track0139[16].png,bap8567,bap8567,True,0,1.0000,0.999617,car
track0139[17].png,bap8567,bap8567,True,0,1.0000,0.999698,car
track0139[18].png,bap8567,bap8567,True,0,1.0000,0.999620,car
track0139[19].png,bap8567,bap8567,True,0,1.0000,0.999713,car
track0139[20].png,bap8567,bap8567,True,0,1.0000,0.999641,car
track0139[21].png,bap8567,bap8567,True,0,1.0000,0.999806,car
track0139[22].png,bap8567,bap8567,True,0,1.0000,0.999719,car
track0139[23].png,bap8567,bap8567,True,0,1.0000,0.999707,car
track0139[24].png,bap8567,bap8567,True,0,1.0000,0.999803,car
track0139[25].png,bap8567,bap8567,True,0,1.0000,0.999834,car
track0139[26].png,bap8567,bap8567,True,0,1.0000,0.999851,car
track0139[27].png,bap8567,bap8567,True,0,1.0000,0.999855,car
track0139[28].png,bap8567,bap8567,True,0,1.0000,0.999872,car
track0139[29].png,bap8567,bap8567,True,0,1.0000,0.999845,car
track0139[30].png,bap8567,bap8567,True,0,1.0000,0.999880,car
track0140[01].png,ava1466,ava1466,True,0,1.0000,0.999580,car
track0140[02].png,ava1466,ava1466,True,0,1.0000,0.999662,car
track0140[03].png,ava1466,ava1466,True,0,1.0000,0.999870,car
track0140[04].png,ava1466,ava1466,True,0,1.0000,0.999800,car
track0140[05].png,ava1466,ava1466,True,0,1.0000,0.999580,car
track0140[06].png,ava1466,ava1466,True,0,1.0000,0.999822,car
track0140[07].png,ava1466,ava1466,True,0,1.0000,0.999878,car
track0140[08].png,ava1466,ava1466,True,0,1.0000,0.999815,car
track0140[09].png,ava1466,ava1466,True,0,1.0000,0.999822,car
track0140[10].png,ava1466,ava1466,True,0,1.0000,0.999926,car
track0140[11].png,ava1466,ava1466,True,0,1.0000,0.999887,car
track0140[12].png,ava1466,ava1466,True,0,1.0000,0.999854,car
track0140[13].png,ava1466,ava1466,True,0,1.0000,0.999858,car
track0140[14].png,ava1466,ava1466,True,0,1.0000,0.999899,car
track0140[15].png,ava1466,ava1466,True,0,1.0000,0.999813,car
track0140[16].png,ava1466,ava1466,True,0,1.0000,0.999886,car
track0140[17].png,ava1466,ava1466,True,0,1.0000,0.999930,car
track0140[18].png,ava1466,ava1466,True,0,1.0000,0.999773,car
track0140[19].png,ava1466,ava1466,True,0,1.0000,0.999711,car
track0140[20].png,ava1466,ava1466,True,0,1.0000,0.999512,car
track0140[21].png,ava1466,ava1466,True,0,1.0000,0.999725,car
track0140[22].png,ava1466,ava1466,True,0,1.0000,0.999460,car
track0140[23].png,ava1466,ava1466,True,0,1.0000,0.999692,car
track0140[24].png,ava1466,ava1466,True,0,1.0000,0.999908,car
track0140[25].png,ava1466,ava1466,True,0,1.0000,0.999834,car
track0140[26].png,ava1466,ava1466,True,0,1.0000,0.999855,car
track0140[27].png,ava1466,ava1466,True,0,1.0000,0.999904,car
track0140[28].png,ava1466,ava1466,True,0,1.0000,0.999899,car
track0140[29].png,ava1466,ava1466,True,0,1.0000,0.999906,car
track0140[30].png,ava1466,ava1466,True,0,1.0000,0.999889,car
track0141[01].png,awe4633,awe4035,False,2,0.7143,0.717319,car
track0141[02].png,awe4633,awe4035,False,2,0.7143,0.607502,car
track0141[03].png,awe4633,awe4035,False,2,0.7143,0.519821,car
track0141[04].png,awe4633,awe4635,False,1,0.8571,0.245564,car
track0141[05].png,awe4633,awe4035,False,2,0.7143,0.614604,car
track0141[06].png,awe4633,awe4035,False,2,0.7143,0.880084,car
track0141[07].png,awe4633,awe4055,False,3,0.5714,0.261829,car
track0141[08].png,awe4633,awe4635,False,1,0.8571,0.339934,car
track0141[09].png,awe4633,awe4635,False,1,0.8571,0.856462,car
track0141[10].png,awe4633,awe4633,True,0,1.0000,0.338803,car
track0141[11].png,awe4633,awe4635,False,1,0.8571,0.808523,car
track0141[12].png,awe4633,awe4635,False,1,0.8571,0.417126,car
track0141[13].png,awe4633,awe4635,False,1,0.8571,0.715625,car
track0141[14].png,awe4633,awe4633,True,0,1.0000,0.960154,car
track0141[15].png,awe4633,awe4633,True,0,1.0000,0.919267,car
track0141[16].png,awe4633,awe4633,True,0,1.0000,0.979980,car
track0141[17].png,awe4633,awe4633,True,0,1.0000,0.992281,car
track0141[18].png,awe4633,awe4633,True,0,1.0000,0.999332,car
track0141[19].png,awe4633,awe4633,True,0,1.0000,0.994637,car
track0141[20].png,awe4633,awe4633,True,0,1.0000,0.966647,car
track0141[21].png,awe4633,awe4633,True,0,1.0000,0.790615,car
track0141[22].png,awe4633,awe4633,True,0,1.0000,0.973817,car
track0141[23].png,awe4633,awe4633,True,0,1.0000,0.570914,car
track0141[24].png,awe4633,awe4633,True,0,1.0000,0.980281,car
track0141[25].png,awe4633,awe4633,True,0,1.0000,0.950603,car
track0141[26].png,awe4633,awe4633,True,0,1.0000,0.995024,car
track0141[27].png,awe4633,awe4633,True,0,1.0000,0.859287,car
track0141[28].png,awe4633,awe4633,True,0,1.0000,0.994897,car
track0141[29].png,awe4633,awe4633,True,0,1.0000,0.979658,car
track0141[30].png,awe4633,awe4635,False,1,0.8571,0.522864,car
track0142[01].png,awz9807,awz9807,True,0,1.0000,0.998783,car
track0142[02].png,awz9807,awz9807,True,0,1.0000,0.999583,car
track0142[03].png,awz9807,awz9807,True,0,1.0000,0.999142,car
track0142[04].png,awz9807,awz9807,True,0,1.0000,0.999759,car
track0142[05].png,awz9807,awz9807,True,0,1.0000,0.998780,car
track0142[06].png,awz9807,awz9807,True,0,1.0000,0.997056,car
track0142[07].png,awz9807,awz9807,True,0,1.0000,0.998885,car
track0142[08].png,awz9807,awz9807,True,0,1.0000,0.995492,car
track0142[09].png,awz9807,awz9807,True,0,1.0000,0.998671,car
track0142[10].png,awz9807,awz9807,True,0,1.0000,0.999315,car
track0142[11].png,awz9807,awz9807,True,0,1.0000,0.999807,car
track0142[12].png,awz9807,awz9807,True,0,1.0000,0.998580,car
track0142[13].png,awz9807,awz9807,True,0,1.0000,0.999823,car
track0142[14].png,awz9807,awz9807,True,0,1.0000,0.999684,car
track0142[15].png,awz9807,awz9807,True,0,1.0000,0.999642,car
track0142[16].png,awz9807,awz9807,True,0,1.0000,0.996815,car
track0142[17].png,awz9807,awz9807,True,0,1.0000,0.999540,car
track0142[18].png,awz9807,awz9807,True,0,1.0000,0.999107,car
track0142[19].png,awz9807,awz9807,True,0,1.0000,0.998423,car
track0142[20].png,awz9807,awz9807,True,0,1.0000,0.996541,car
track0142[21].png,awz9807,awz9807,True,0,1.0000,0.999419,car
track0142[22].png,awz9807,awz9807,True,0,1.0000,0.997648,car
track0142[23].png,awz9807,awz9807,True,0,1.0000,0.998367,car
track0142[24].png,awz9807,awz9807,True,0,1.0000,0.997995,car
track0142[25].png,awz9807,awz9807,True,0,1.0000,0.998490,car
track0142[26].png,awz9807,awz9807,True,0,1.0000,0.982160,car
track0142[27].png,awz9807,awz9807,True,0,1.0000,0.995824,car
track0142[28].png,awz9807,awz9807,True,0,1.0000,0.998608,car
track0142[29].png,awz9807,awz9807,True,0,1.0000,0.999253,car
track0142[30].png,awz9807,awz9807,True,0,1.0000,0.998845,car
track0143[01].png,axh5087,axh5197,False,2,0.7143,0.971988,motorcycle
track0143[02].png,axh5087,axh5197,False,2,0.7143,0.916781,motorcycle
track0143[03].png,axh5087,axh5197,False,2,0.7143,0.591156,motorcycle
track0143[04].png,axh5087,axh5197,False,2,0.7143,0.815661,motorcycle
track0143[05].png,axh5087,axh5997,False,2,0.7143,0.681857,motorcycle
track0143[06].png,axh5087,axh5197,False,2,0.7143,0.548674,motorcycle
track0143[07].png,axh5087,axh6007,False,2,0.7143,0.379654,motorcycle
track0143[08].png,axh5087,axh6997,False,3,0.5714,0.721373,motorcycle
track0143[09].png,axh5087,axh5197,False,2,0.7143,0.655833,motorcycle
track0143[10].png,axh5087,axh6997,False,3,0.5714,0.762237,motorcycle
track0143[11].png,axh5087,axh6997,False,3,0.5714,0.713274,motorcycle
track0143[12].png,axh5087,axh6997,False,3,0.5714,0.726070,motorcycle
track0143[13].png,axh5087,axh6997,False,3,0.5714,0.434545,motorcycle
track0143[14].png,axh5087,axh6987,False,2,0.7143,0.670865,motorcycle
track0143[15].png,axh5087,axh5997,False,2,0.7143,0.953389,motorcycle
track0143[16].png,axh5087,axh5187,False,1,0.8571,0.563786,motorcycle
track0143[17].png,axh5087,axh5087,True,0,1.0000,0.436716,motorcycle
track0143[18].png,axh5087,axh6087,False,1,0.8571,0.191992,motorcycle
track0143[19].png,axh5087,axh6987,False,2,0.7143,0.495254,motorcycle
track0143[20].png,axh5087,axh5087,True,0,1.0000,0.969096,motorcycle
track0143[21].png,axh5087,axh5187,False,1,0.8571,0.530023,motorcycle
track0143[22].png,axh5087,axh5087,True,0,1.0000,0.641680,motorcycle
track0143[23].png,axh5087,axh5087,True,0,1.0000,0.960882,motorcycle
track0143[24].png,axh5087,axh5087,True,0,1.0000,0.914689,motorcycle
track0143[25].png,axh5087,axh5087,True,0,1.0000,0.899766,motorcycle
track0143[26].png,axh5087,axh5087,True,0,1.0000,0.933500,motorcycle
track0143[27].png,axh5087,axh5087,True,0,1.0000,0.873398,motorcycle
track0143[28].png,axh5087,axh5087,True,0,1.0000,0.737986,motorcycle
track0143[29].png,axh5087,axh5087,True,0,1.0000,0.795937,motorcycle
track0143[30].png,axh5087,axh5087,True,0,1.0000,0.911731,motorcycle
track0144[01].png,ayl2104,ayl2104,True,0,1.0000,0.999685,car
track0144[02].png,ayl2104,ayl2104,True,0,1.0000,0.999533,car
track0144[03].png,ayl2104,ayl2104,True,0,1.0000,0.999605,car
track0144[04].png,ayl2104,ayl2104,True,0,1.0000,0.999513,car
track0144[05].png,ayl2104,ayl2104,True,0,1.0000,0.999266,car
track0144[06].png,ayl2104,ayl2104,True,0,1.0000,0.999673,car
track0144[07].png,ayl2104,ayl2104,True,0,1.0000,0.999235,car
track0144[08].png,ayl2104,ayl2104,True,0,1.0000,0.999448,car
track0144[09].png,ayl2104,ayl2104,True,0,1.0000,0.998721,car
track0144[10].png,ayl2104,ayl2104,True,0,1.0000,0.990263,car
track0144[11].png,ayl2104,ayl2104,True,0,1.0000,0.996763,car
track0144[12].png,ayl2104,ayl2104,True,0,1.0000,0.998623,car
track0144[13].png,ayl2104,ayl2104,True,0,1.0000,0.999495,car
track0144[14].png,ayl2104,ayl2104,True,0,1.0000,0.999763,car
track0144[15].png,ayl2104,ayl2104,True,0,1.0000,0.999669,car
track0144[16].png,ayl2104,ayl2104,True,0,1.0000,0.999857,car
track0144[17].png,ayl2104,ayl2104,True,0,1.0000,0.999786,car
track0144[18].png,ayl2104,ayl2104,True,0,1.0000,0.999583,car
track0144[19].png,ayl2104,ayl2104,True,0,1.0000,0.999836,car
track0144[20].png,ayl2104,ayl2104,True,0,1.0000,0.433879,car
track0144[21].png,ayl2104,ayl2104,True,0,1.0000,0.999052,car
track0144[22].png,ayl2104,ayl2104,True,0,1.0000,0.999888,car
track0144[23].png,ayl2104,ayl2104,True,0,1.0000,0.999468,car
track0144[24].png,ayl2104,ayl2104,True,0,1.0000,0.999711,car
track0144[25].png,ayl2104,ayl2104,True,0,1.0000,0.999511,car
track0144[26].png,ayl2104,ayl2104,True,0,1.0000,0.998484,car
track0144[27].png,ayl2104,ayl2104,True,0,1.0000,0.999692,car
track0144[28].png,ayl2104,ayl2104,True,0,1.0000,0.999920,car
track0144[29].png,ayl2104,ayl2104,True,0,1.0000,0.999571,car
track0144[30].png,ayl2104,ayl2104,True,0,1.0000,0.999762,car
track0145[01].png,avd4791,avd4791,True,0,1.0000,0.999959,car
track0145[02].png,avd4791,avd4791,True,0,1.0000,0.999973,car
track0145[03].png,avd4791,avd4791,True,0,1.0000,0.999978,car
track0145[04].png,avd4791,avd4791,True,0,1.0000,0.999953,car
track0145[05].png,avd4791,avd4791,True,0,1.0000,0.998956,car
track0145[06].png,avd4791,avd4791,True,0,1.0000,0.999957,car
track0145[07].png,avd4791,avd4791,True,0,1.0000,0.999967,car
track0145[08].png,avd4791,avd4791,True,0,1.0000,0.998133,car
track0145[09].png,avd4791,ayd4791,False,1,0.8571,0.502175,car
track0145[10].png,avd4791,avd4791,True,0,1.0000,0.527962,car
track0145[11].png,avd4791,avd4791,True,0,1.0000,0.999971,car
track0145[12].png,avd4791,avd4791,True,0,1.0000,0.999733,car
track0145[13].png,avd4791,avd4791,True,0,1.0000,0.999943,car
track0145[14].png,avd4791,avd4791,True,0,1.0000,0.999939,car
track0145[15].png,avd4791,avd4791,True,0,1.0000,0.999966,car
track0145[16].png,avd4791,avd4791,True,0,1.0000,0.999956,car
track0145[17].png,avd4791,avd4791,True,0,1.0000,0.999909,car
track0145[18].png,avd4791,avd4791,True,0,1.0000,0.999961,car
track0145[19].png,avd4791,avd4791,True,0,1.0000,0.999178,car
track0145[20].png,avd4791,avd4791,True,0,1.0000,0.999836,car
track0145[21].png,avd4791,avd4791,True,0,1.0000,0.999957,car
track0145[22].png,avd4791,avd4791,True,0,1.0000,0.999947,car
track0145[23].png,avd4791,avd4791,True,0,1.0000,0.999789,car
track0145[24].png,avd4791,avd4791,True,0,1.0000,0.999972,car
track0145[25].png,avd4791,avd4791,True,0,1.0000,0.999773,car
track0145[26].png,avd4791,avd4791,True,0,1.0000,0.999930,car
track0145[27].png,avd4791,avd4791,True,0,1.0000,0.999066,car
track0145[28].png,avd4791,avd4791,True,0,1.0000,0.999722,car
track0145[29].png,avd4791,avd4791,True,0,1.0000,0.998417,car
track0145[30].png,avd4791,avd4791,True,0,1.0000,0.999050,car
track0146[01].png,ajg2630,ajg2630,True,0,1.0000,0.999853,car
track0146[02].png,ajg2630,ajg2630,True,0,1.0000,0.999888,car
track0146[03].png,ajg2630,ajg2630,True,0,1.0000,0.999852,car
track0146[04].png,ajg2630,ajg2630,True,0,1.0000,0.999100,car
track0146[05].png,ajg2630,ajg2630,True,0,1.0000,0.999882,car
track0146[06].png,ajg2630,ajg2630,True,0,1.0000,0.999621,car
track0146[07].png,ajg2630,ajg2630,True,0,1.0000,0.998619,car
track0146[08].png,ajg2630,ajg2630,True,0,1.0000,0.999630,car
track0146[09].png,ajg2630,ajg2630,True,0,1.0000,0.999859,car
track0146[10].png,ajg2630,ajg2630,True,0,1.0000,0.999828,car
track0146[11].png,ajg2630,ajg2630,True,0,1.0000,0.999803,car
track0146[12].png,ajg2630,ajg2630,True,0,1.0000,0.999612,car
track0146[13].png,ajg2630,ajg2630,True,0,1.0000,0.999686,car
track0146[14].png,ajg2630,ajg2630,True,0,1.0000,0.999656,car
track0146[15].png,ajg2630,ajg2630,True,0,1.0000,0.999516,car
track0146[16].png,ajg2630,ajg2630,True,0,1.0000,0.999341,car
track0146[17].png,ajg2630,ajg2630,True,0,1.0000,0.999853,car
track0146[18].png,ajg2630,ajg2630,True,0,1.0000,0.999061,car
track0146[19].png,ajg2630,ajg2630,True,0,1.0000,0.999857,car
track0146[20].png,ajg2630,ajg2630,True,0,1.0000,0.999835,car
track0146[21].png,ajg2630,ajg2630,True,0,1.0000,0.999805,car
track0146[22].png,ajg2630,ajg2630,True,0,1.0000,0.999892,car
track0146[23].png,ajg2630,ajg2630,True,0,1.0000,0.999541,car
track0146[24].png,ajg2630,ajg2630,True,0,1.0000,0.999883,car
track0146[25].png,ajg2630,ajg2630,True,0,1.0000,0.999879,car
track0146[26].png,ajg2630,ajg2630,True,0,1.0000,0.999841,car
track0146[27].png,ajg2630,ajg2630,True,0,1.0000,0.999770,car
track0146[28].png,ajg2630,ajg2630,True,0,1.0000,0.999835,car
track0146[29].png,ajg2630,ajg2630,True,0,1.0000,0.999899,car
track0146[30].png,ajg2630,ajg2630,True,0,1.0000,0.999765,car
track0147[01].png,arz9326,arz9326,True,0,1.0000,0.999788,car
track0147[02].png,arz9326,arz9326,True,0,1.0000,0.999818,car
track0147[03].png,arz9326,arz9326,True,0,1.0000,0.999844,car
track0147[04].png,arz9326,arz9326,True,0,1.0000,0.999886,car
track0147[05].png,arz9326,arz9326,True,0,1.0000,0.999811,car
track0147[06].png,arz9326,arz9326,True,0,1.0000,0.999794,car
track0147[07].png,arz9326,arz9326,True,0,1.0000,0.999843,car
track0147[08].png,arz9326,arz9326,True,0,1.0000,0.999855,car
track0147[09].png,arz9326,arz9326,True,0,1.0000,0.999789,car
track0147[10].png,arz9326,arz9326,True,0,1.0000,0.999670,car
track0147[11].png,arz9326,arz9326,True,0,1.0000,0.999778,car
track0147[12].png,arz9326,arz9326,True,0,1.0000,0.999721,car
track0147[13].png,arz9326,arz9326,True,0,1.0000,0.999873,car
track0147[14].png,arz9326,arz9326,True,0,1.0000,0.999857,car
track0147[15].png,arz9326,arz9326,True,0,1.0000,0.999868,car
track0147[16].png,arz9326,arz9326,True,0,1.0000,0.999813,car
track0147[17].png,arz9326,arz9326,True,0,1.0000,0.999848,car
track0147[18].png,arz9326,arz9326,True,0,1.0000,0.999804,car
track0147[19].png,arz9326,arz9326,True,0,1.0000,0.999740,car
track0147[20].png,arz9326,arz9326,True,0,1.0000,0.999642,car
track0147[21].png,arz9326,arz9326,True,0,1.0000,0.999691,car
track0147[22].png,arz9326,arz9326,True,0,1.0000,0.999627,car
track0147[23].png,arz9326,arz9326,True,0,1.0000,0.998900,car
track0147[24].png,arz9326,arz9326,True,0,1.0000,0.999569,car
track0147[25].png,arz9326,arz9326,True,0,1.0000,0.999894,car
track0147[26].png,arz9326,arz9326,True,0,1.0000,0.999879,car
track0147[27].png,arz9326,arz9326,True,0,1.0000,0.999851,car
track0147[28].png,arz9326,arz9326,True,0,1.0000,0.999898,car
track0147[29].png,arz9326,arz9326,True,0,1.0000,0.999793,car
track0147[30].png,arz9326,arz9326,True,0,1.0000,0.999755,car
track0148[01].png,akt8174,akt3177,False,2,0.7143,0.333896,motorcycle
track0148[02].png,akt8174,akt3179,False,2,0.7143,0.583115,motorcycle
track0148[03].png,akt8174,akt3177,False,2,0.7143,0.455972,motorcycle
track0148[04].png,akt8174,akt317,False,2,0.7143,0.827277,motorcycle
track0148[05].png,akt8174,akt3177,False,2,0.7143,0.598610,motorcycle
track0148[06].png,akt8174,akt317,False,2,0.7143,0.909132,motorcycle
track0148[07].png,akt8174,akt3177,False,2,0.7143,0.495237,motorcycle
track0148[08].png,akt8174,akt317,False,2,0.7143,0.673798,motorcycle
track0148[09].png,akt8174,akt3177,False,2,0.7143,0.857772,motorcycle
track0148[10].png,akt8174,akt3177,False,2,0.7143,0.791806,motorcycle
track0148[11].png,akt8174,akt317,False,2,0.7143,0.908680,motorcycle
track0148[12].png,akt8174,akt317,False,2,0.7143,0.951525,motorcycle
track0148[13].png,akt8174,akt317,False,2,0.7143,0.945474,motorcycle
track0148[14].png,akt8174,akt317,False,2,0.7143,0.953996,motorcycle
track0148[15].png,akt8174,akt3177,False,2,0.7143,0.612898,motorcycle
track0148[16].png,akt8174,akt3177,False,2,0.7143,0.489623,motorcycle
track0148[17].png,akt8174,akt317,False,2,0.7143,0.824750,motorcycle
track0148[18].png,akt8174,akt317,False,2,0.7143,0.912098,motorcycle
track0148[19].png,akt8174,akt3177,False,2,0.7143,0.657218,motorcycle
track0148[20].png,akt8174,akt317,False,2,0.7143,0.663893,motorcycle
track0148[21].png,akt8174,akt317,False,2,0.7143,0.866618,motorcycle
track0148[22].png,akt8174,akt317,False,2,0.7143,0.523838,motorcycle
track0148[23].png,akt8174,akt3177,False,2,0.7143,0.587286,motorcycle
track0148[24].png,akt8174,akt3177,False,2,0.7143,0.424048,motorcycle
track0148[25].png,akt8174,akt3177,False,2,0.7143,0.727078,motorcycle
track0148[26].png,akt8174,akt3177,False,2,0.7143,0.355077,motorcycle
track0148[27].png,akt8174,akt8177,False,1,0.8571,0.401561,motorcycle
track0148[28].png,akt8174,akt317,False,2,0.7143,0.820709,motorcycle
track0148[29].png,akt8174,akt3177,False,2,0.7143,0.802184,motorcycle
track0148[30].png,akt8174,akt317,False,2,0.7143,0.918686,motorcycle
track0149[01].png,axw8502,axw8502,True,0,1.0000,0.999557,car
track0149[02].png,axw8502,axw8502,True,0,1.0000,0.999326,car
track0149[03].png,axw8502,axw8502,True,0,1.0000,0.999416,car
track0149[04].png,axw8502,axw8502,True,0,1.0000,0.999603,car
track0149[05].png,axw8502,axw8502,True,0,1.0000,0.999480,car
track0149[06].png,axw8502,axw8502,True,0,1.0000,0.999615,car
track0149[07].png,axw8502,axw8502,True,0,1.0000,0.999325,car
track0149[08].png,axw8502,axw8502,True,0,1.0000,0.999613,car
track0149[09].png,axw8502,axw8502,True,0,1.0000,0.999702,car
track0149[10].png,axw8502,axw8502,True,0,1.0000,0.999754,car
track0149[11].png,axw8502,axw8502,True,0,1.0000,0.999618,car
track0149[12].png,axw8502,axw8502,True,0,1.0000,0.999684,car
track0149[13].png,axw8502,axw8502,True,0,1.0000,0.999423,car
track0149[14].png,axw8502,axw8502,True,0,1.0000,0.999761,car
track0149[15].png,axw8502,axw8502,True,0,1.0000,0.999686,car
track0149[16].png,axw8502,axw8502,True,0,1.0000,0.999774,car
track0149[17].png,axw8502,axw8502,True,0,1.0000,0.999665,car
track0149[18].png,axw8502,axw8502,True,0,1.0000,0.999707,car
track0149[19].png,axw8502,axw8502,True,0,1.0000,0.999651,car
track0149[20].png,axw8502,axw8502,True,0,1.0000,0.999626,car
track0149[21].png,axw8502,axw8502,True,0,1.0000,0.999619,car
track0149[22].png,axw8502,axw8502,True,0,1.0000,0.999727,car
track0149[23].png,axw8502,axw8502,True,0,1.0000,0.999719,car
track0149[24].png,axw8502,axw8502,True,0,1.0000,0.999682,car
track0149[25].png,axw8502,axw8502,True,0,1.0000,0.999518,car
track0149[26].png,axw8502,axw8502,True,0,1.0000,0.999644,car
track0149[27].png,axw8502,axw8502,True,0,1.0000,0.999672,car
track0149[28].png,axw8502,axw8502,True,0,1.0000,0.999144,car
track0149[29].png,axw8502,axw8502,True,0,1.0000,0.999463,car
track0149[30].png,axw8502,axw8502,True,0,1.0000,0.999187,car
track0150[01].png,bba9166,bba9166,True,0,1.0000,0.999566,car
track0150[02].png,bba9166,bba9166,True,0,1.0000,0.999411,car
track0150[03].png,bba9166,bba9166,True,0,1.0000,0.999719,car
track0150[04].png,bba9166,bba9166,True,0,1.0000,0.999801,car
track0150[05].png,bba9166,bba9166,True,0,1.0000,0.998191,car
track0150[06].png,bba9166,bba9166,True,0,1.0000,0.999864,car
track0150[07].png,bba9166,bba9166,True,0,1.0000,0.999633,car
track0150[08].png,bba9166,bba9166,True,0,1.0000,0.999280,car
track0150[09].png,bba9166,bba9166,True,0,1.0000,0.999748,car
track0150[10].png,bba9166,bba9166,True,0,1.0000,0.999610,car
track0150[11].png,bba9166,bba9166,True,0,1.0000,0.999859,car
track0150[12].png,bba9166,bba9166,True,0,1.0000,0.999535,car
track0150[13].png,bba9166,bba9166,True,0,1.0000,0.999892,car
track0150[14].png,bba9166,bba9166,True,0,1.0000,0.997134,car
track0150[15].png,bba9166,bba9166,True,0,1.0000,0.999716,car
track0150[16].png,bba9166,bba9166,True,0,1.0000,0.999883,car
track0150[17].png,bba9166,bba9166,True,0,1.0000,0.999370,car
track0150[18].png,bba9166,bba9166,True,0,1.0000,0.999805,car
track0150[19].png,bba9166,bba9166,True,0,1.0000,0.999768,car
track0150[20].png,bba9166,bba9166,True,0,1.0000,0.999846,car
track0150[21].png,bba9166,bba9166,True,0,1.0000,0.999825,car
track0150[22].png,bba9166,bba9166,True,0,1.0000,0.996440,car
track0150[23].png,bba9166,bba9166,True,0,1.0000,0.999840,car
track0150[24].png,bba9166,bba9166,True,0,1.0000,0.999757,car
track0150[25].png,bba9166,bba9166,True,0,1.0000,0.999638,car
track0150[26].png,bba9166,bba9166,True,0,1.0000,0.999824,car
track0150[27].png,bba9166,bba9166,True,0,1.0000,0.999513,car
track0150[28].png,bba9166,bba9166,True,0,1.0000,0.999759,car
track0150[29].png,bba9166,bba9166,True,0,1.0000,0.999771,car
track0150[30].png,bba9166,bba9166,True,0,1.0000,0.999716,car
