img,label,pred,correct,edit_dist,norm_ed,confidence,vehicle_type
track0091[01].png,mls5511,mls5511,True,0,1.0000,0.999247,car
track0091[02].png,mls5511,mls5511,True,0,1.0000,0.999150,car
track0091[03].png,mls5511,mls5511,True,0,1.0000,0.999193,car
track0091[04].png,mls5511,mls5511,True,0,1.0000,0.998662,car
track0091[05].png,mls5511,mls5511,True,0,1.0000,0.997913,car
track0091[06].png,mls5511,mls5511,True,0,1.0000,0.997787,car
track0091[07].png,mls5511,mls5511,True,0,1.0000,0.998663,car
track0091[08].png,mls5511,mls5511,True,0,1.0000,0.998858,car
track0091[09].png,mls5511,mls5511,True,0,1.0000,0.998326,car
track0091[10].png,mls5511,mls5511,True,0,1.0000,0.999177,car
track0091[11].png,mls5511,mls5511,True,0,1.0000,0.998986,car
track0091[12].png,mls5511,mls5511,True,0,1.0000,0.998403,car
track0091[13].png,mls5511,mls5511,True,0,1.0000,0.998684,car
track0091[14].png,mls5511,mls5511,True,0,1.0000,0.947697,car
track0091[15].png,mls5511,mls5511,True,0,1.0000,0.999050,car
track0091[16].png,mls5511,mls5511,True,0,1.0000,0.999139,car
track0091[17].png,mls5511,mls5511,True,0,1.0000,0.998756,car
track0091[18].png,mls5511,mls5511,True,0,1.0000,0.998731,car
track0091[19].png,mls5511,mls5511,True,0,1.0000,0.998672,car
track0091[20].png,mls5511,mls5511,True,0,1.0000,0.998894,car
track0091[21].png,mls5511,mls5511,True,0,1.0000,0.998843,car
track0091[22].png,mls5511,mls5511,True,0,1.0000,0.999335,car
track0091[23].png,mls5511,mls5511,True,0,1.0000,0.999156,car
track0091[24].png,mls5511,mls5511,True,0,1.0000,0.998581,car
track0091[25].png,mls5511,mls5511,True,0,1.0000,0.999045,car
track0091[26].png,mls5511,mls5511,True,0,1.0000,0.999100,car
track0091[27].png,mls5511,nls5511,False,1,0.8571,0.997778,car
track0091[28].png,mls5511,nls5511,False,1,0.8571,0.801772,car
track0091[29].png,mls5511,mls5511,True,0,1.0000,0.998608,car
track0091[30].png,mls5511,mls5511,True,0,1.0000,0.998475,car
track0092[01].png,aqy6388,aqy6388,True,0,1.0000,0.999793,car
track0092[02].png,aqy6388,aqy6388,True,0,1.0000,0.999660,car
track0092[03].png,aqy6388,aqy6388,True,0,1.0000,0.999703,car
track0092[04].png,aqy6388,aqy6388,True,0,1.0000,0.999779,car
track0092[05].png,aqy6388,aqy6388,True,0,1.0000,0.999803,car
track0092[06].png,aqy6388,aqy6388,True,0,1.0000,0.999694,car
track0092[07].png,aqy6388,aqy6388,True,0,1.0000,0.999760,car
track0092[08].png,aqy6388,aqy6388,True,0,1.0000,0.999745,car
track0092[09].png,aqy6388,aqy6388,True,0,1.0000,0.999734,car
track0092[10].png,aqy6388,aqy6388,True,0,1.0000,0.999751,car
track0092[11].png,aqy6388,aqy6388,True,0,1.0000,0.999784,car
track0092[12].png,aqy6388,aqy6388,True,0,1.0000,0.999799,car
track0092[13].png,aqy6388,aqy6388,True,0,1.0000,0.999772,car
track0092[14].png,aqy6388,aqy6388,True,0,1.0000,0.999755,car
track0092[15].png,aqy6388,aqy6388,True,0,1.0000,0.999780,car
track0092[16].png,aqy6388,aqy6388,True,0,1.0000,0.999801,car
track0092[17].png,aqy6388,aqy6388,True,0,1.0000,0.999778,car
track0092[18].png,aqy6388,aqy6388,True,0,1.0000,0.999779,car
track0092[19].png,aqy6388,aqy6388,True,0,1.0000,0.999745,car
track0092[20].png,aqy6388,aqy6388,True,0,1.0000,0.999765,car
track0092[21].png,aqy6388,aqy6388,True,0,1.0000,0.999727,car
track0092[22].png,aqy6388,aqy6388,True,0,1.0000,0.999766,car
track0092[23].png,aqy6388,aqy6388,True,0,1.0000,0.999793,car
track0092[24].png,aqy6388,aqy6388,True,0,1.0000,0.999750,car
track0092[25].png,aqy6388,aqy6388,True,0,1.0000,0.999793,car
track0092[26].png,aqy6388,aqy6388,True,0,1.0000,0.999724,car
track0092[27].png,aqy6388,aqy6388,True,0,1.0000,0.999739,car
track0092[28].png,aqy6388,aqy6388,True,0,1.0000,0.999796,car
track0092[29].png,aqy6388,aqy6388,True,0,1.0000,0.999801,car
track0092[30].png,aqy6388,aqy6388,True,0,1.0000,0.999781,car
track0093[01].png,azz6958,azz6958,True,0,1.0000,0.999494,car
track0093[02].png,azz6958,azz6958,True,0,1.0000,0.998972,car
track0093[03].png,azz6958,azz6958,True,0,1.0000,0.999077,car
track0093[04].png,azz6958,azz6958,True,0,1.0000,0.998986,car
track0093[05].png,azz6958,azz6958,True,0,1.0000,0.999551,car
track0093[06].png,azz6958,azz6958,True,0,1.0000,0.999167,car
track0093[07].png,azz6958,azz6958,True,0,1.0000,0.999403,car
track0093[08].png,azz6958,azz6958,True,0,1.0000,0.999133,car
track0093[09].png,azz6958,azz6958,True,0,1.0000,0.998975,car
track0093[10].png,azz6958,azz6958,True,0,1.0000,0.999465,car
track0093[11].png,azz6958,azz6958,True,0,1.0000,0.999267,car
track0093[12].png,azz6958,azz6958,True,0,1.0000,0.999470,car
track0093[13].png,azz6958,azz6958,True,0,1.0000,0.998699,car
track0093[14].png,azz6958,azz6958,True,0,1.0000,0.999183,car
track0093[15].png,azz6958,azz6958,True,0,1.0000,0.999194,car
track0093[16].png,azz6958,azz6958,True,0,1.0000,0.999543,car
track0093[17].png,azz6958,azz6958,True,0,1.0000,0.999562,car
track0093[18].png,azz6958,azz6958,True,0,1.0000,0.999438,car
track0093[19].png,azz6958,azz6958,True,0,1.0000,0.999429,car
track0093[20].png,azz6958,azz6958,True,0,1.0000,0.999190,car
track0093[21].png,azz6958,azz6958,True,0,1.0000,0.999166,car
track0093[22].png,azz6958,azz6958,True,0,1.0000,0.999289,car
track0093[23].png,azz6958,azz6958,True,0,1.0000,0.999174,car
track0093[24].png,azz6958,azz6958,True,0,1.0000,0.999420,car
track0093[25].png,azz6958,azz6958,True,0,1.0000,0.998380,car
track0093[26].png,azz6958,azz6958,True,0,1.0000,0.999384,car
track0093[27].png,azz6958,azz6958,True,0,1.0000,0.999277,car
track0093[28].png,azz6958,azz6958,True,0,1.0000,0.999418,car
track0093[29].png,azz6958,azz6958,True,0,1.0000,0.998353,car
track0093[30].png,azz6958,azz6958,True,0,1.0000,0.999350,car
track0094[01].png,auy8870,auy8870,True,0,1.0000,0.999615,car
track0094[02].png,auy8870,auy8870,True,0,1.0000,0.996448,car
track0094[03].png,auy8870,auy8870,True,0,1.0000,0.999644,car
track0094[04].png,auy8870,auy8870,True,0,1.0000,0.999687,car
track0094[05].png,auy8870,auy8870,True,0,1.0000,0.999645,car
track0094[06].png,auy8870,auy8870,True,0,1.0000,0.999722,car
track0094[07].png,auy8870,auy8870,True,0,1.0000,0.999650,car
track0094[08].png,auy8870,auy8870,True,0,1.0000,0.999676,car
track0094[09].png,auy8870,auy8870,True,0,1.0000,0.999690,car
track0094[10].png,auy8870,auy8870,True,0,1.0000,0.999695,car
track0094[11].png,auy8870,auy8870,True,0,1.0000,0.999694,car
track0094[12].png,auy8870,auy8870,True,0,1.0000,0.999748,car
track0094[13].png,auy8870,auy8870,True,0,1.0000,0.999473,car
track0094[14].png,auy8870,auy8870,True,0,1.0000,0.999534,car
track0094[15].png,auy8870,auy8870,True,0,1.0000,0.999658,car
track0094[16].png,auy8870,auy8870,True,0,1.0000,0.999643,car
track0094[17].png,auy8870,auy8870,True,0,1.0000,0.999633,car
track0094[18].png,auy8870,auy8870,True,0,1.0000,0.999690,car
track0094[19].png,auy8870,auy8870,True,0,1.0000,0.999722,car
track0094[20].png,auy8870,auy8870,True,0,1.0000,0.999680,car
track0094[21].png,auy8870,auy8870,True,0,1.0000,0.999771,car
track0094[22].png,auy8870,auy8870,True,0,1.0000,0.999754,car
track0094[23].png,auy8870,auy8870,True,0,1.0000,0.999766,car
track0094[24].png,auy8870,auy8870,True,0,1.0000,0.999723,car
track0094[25].png,auy8870,auy8870,True,0,1.0000,0.999683,car
track0094[26].png,auy8870,auy8870,True,0,1.0000,0.999752,car
track0094[27].png,auy8870,auy8870,True,0,1.0000,0.999761,car
track0094[28].png,auy8870,auy8870,True,0,1.0000,0.999728,car
track0094[29].png,auy8870,auy8870,True,0,1.0000,0.999711,car
track0094[30].png,auy8870,auy8870,True,0,1.0000,0.999786,car
track0095[01].png,avi2214,avi2214,True,0,1.0000,0.578788,car
track0095[02].png,avi2214,avi2214,True,0,1.0000,0.995782,car
track0095[03].png,avi2214,avi2214,True,0,1.0000,0.995741,car
track0095[04].png,avi2214,avi2214,True,0,1.0000,0.985940,car
track0095[05].png,avi2214,avi2214,True,0,1.0000,0.906303,car
track0095[06].png,avi2214,avi2214,True,0,1.0000,0.969179,car
track0095[07].png,avi2214,ayi2214,False,1,0.8571,0.967385,car
track0095[08].png,avi2214,avi2214,True,0,1.0000,0.998584,car
track0095[09].png,avi2214,avi2214,True,0,1.0000,0.998847,car
track0095[10].png,avi2214,avi2214,True,0,1.0000,0.998409,car
track0095[11].png,avi2214,avi2214,True,0,1.0000,0.993985,car
track0095[12].png,avi2214,avi2214,True,0,1.0000,0.996180,car
track0095[13].png,avi2214,avi2214,True,0,1.0000,0.991467,car
track0095[14].png,avi2214,avi2214,True,0,1.0000,0.998358,car
track0095[15].png,avi2214,ayi2214,False,1,0.8571,0.566002,car
track0095[16].png,avi2214,avi2214,True,0,1.0000,0.900075,car
track0095[17].png,avi2214,avi2214,True,0,1.0000,0.934616,car
track0095[18].png,avi2214,ayi2214,False,1,0.8571,0.983583,car
track0095[19].png,avi2214,avi2214,True,0,1.0000,0.820448,car
track0095[20].png,avi2214,avi2214,True,0,1.0000,0.998541,car
track0095[21].png,avi2214,avi2214,True,0,1.0000,0.996883,car
track0095[22].png,avi2214,avi2214,True,0,1.0000,0.991374,car
track0095[23].png,avi2214,avi2214,True,0,1.0000,0.963442,car
track0095[24].png,avi2214,avi2214,True,0,1.0000,0.987236,car
track0095[25].png,avi2214,avi2214,True,0,1.0000,0.994055,car
track0095[26].png,avi2214,avi2214,True,0,1.0000,0.998949,car
track0095[27].png,avi2214,ayi2214,False,1,0.8571,0.853505,car
track0095[28].png,avi2214,avi2214,True,0,1.0000,0.996576,car
track0095[29].png,avi2214,avi2214,True,0,1.0000,0.642876,car
track0095[30].png,avi2214,avi2214,True,0,1.0000,0.998896,car
track0096[01].png,awx9307,awx9307,True,0,1.0000,0.994579,car
track0096[02].png,awx9307,awx9307,True,0,1.0000,0.999131,car
track0096[03].png,awx9307,awx9307,True,0,1.0000,0.998320,car
track0096[04].png,awx9307,awx9307,True,0,1.0000,0.996667,car
track0096[05].png,awx9307,awx9307,True,0,1.0000,0.999123,car
track0096[06].png,awx9307,awx9307,True,0,1.0000,0.992311,car
track0096[07].png,awx9307,awx9307,True,0,1.0000,0.997358,car
track0096[08].png,awx9307,awx9307,True,0,1.0000,0.975958,car
track0096[09].png,awx9307,awx9307,True,0,1.0000,0.995146,car
track0096[10].png,awx9307,awx9307,True,0,1.0000,0.998517,car
track0096[11].png,awx9307,awx9307,True,0,1.0000,0.995912,car
track0096[12].png,awx9307,awx9307,True,0,1.0000,0.992759,car
track0096[13].png,awx9307,awx9307,True,0,1.0000,0.963007,car
track0096[14].png,awx9307,awx9307,True,0,1.0000,0.994058,car
track0096[15].png,awx9307,awx9307,True,0,1.0000,0.996635,car
track0096[16].png,awx9307,awx9307,True,0,1.0000,0.998713,car
track0096[17].png,awx9307,awx9307,True,0,1.0000,0.998613,car
track0096[18].png,awx9307,awx9307,True,0,1.0000,0.995988,car
track0096[19].png,awx9307,awx9307,True,0,1.0000,0.995703,car
track0096[20].png,awx9307,awx9307,True,0,1.0000,0.999574,car
track0096[21].png,awx9307,awx9307,True,0,1.0000,0.999499,car
track0096[22].png,awx9307,awx9307,True,0,1.0000,0.997684,car
track0096[23].png,awx9307,awx9307,True,0,1.0000,0.996207,car
track0096[24].png,awx9307,awx9307,True,0,1.0000,0.999494,car
track0096[25].png,awx9307,awx9307,True,0,1.0000,0.997090,car
track0096[26].png,awx9307,awx9307,True,0,1.0000,0.997534,car
track0096[27].png,awx9307,awx9307,True,0,1.0000,0.994910,car
track0096[28].png,awx9307,awx9307,True,0,1.0000,0.993365,car
track0096[29].png,awx9307,awx9307,True,0,1.0000,0.995833,car
track0096[30].png,awx9307,awx9307,True,0,1.0000,0.979167,car
track0097[01].png,ayp7941,ayp7941,True,0,1.0000,0.998462,motorcycle
track0097[02].png,ayp7941,ayp7941,True,0,1.0000,0.999051,motorcycle
track0097[03].png,ayp7941,ayp7941,True,0,1.0000,0.984738,motorcycle
track0097[04].png,ayp7941,ayp7941,True,0,1.0000,0.998405,motorcycle
track0097[05].png,ayp7941,ayp7941,True,0,1.0000,0.998616,motorcycle
track0097[06].png,ayp7941,ayp7941,True,0,1.0000,0.996695,motorcycle
track0097[07].png,ayp7941,ayp7941,True,0,1.0000,0.997143,motorcycle
track0097[08].png,ayp7941,ayp7941,True,0,1.0000,0.996857,motorcycle
track0097[09].png,ayp7941,ayp7941,True,0,1.0000,0.992341,motorcycle
track0097[10].png,ayp7941,ayp7941,True,0,1.0000,0.998413,motorcycle
track0097[11].png,ayp7941,ayp1941,False,1,0.8571,0.851503,motorcycle
track0097[12].png,ayp7941,ayp7941,True,0,1.0000,0.997308,motorcycle
track0097[13].png,ayp7941,ayp7941,True,0,1.0000,0.496846,motorcycle
track0097[14].png,ayp7941,ayp7941,True,0,1.0000,0.978710,motorcycle
track0097[15].png,ayp7941,ayp1941,False,1,0.8571,0.861090,motorcycle
track0097[16].png,ayp7941,ayp1941,False,1,0.8571,0.882145,motorcycle
track0097[17].png,ayp7941,ayp7941,True,0,1.0000,0.509967,motorcycle
track0097[18].png,ayp7941,ayp7941,True,0,1.0000,0.748230,motorcycle
track0097[19].png,ayp7941,ayp7941,True,0,1.0000,0.996059,motorcycle
track0097[20].png,ayp7941,ayp7941,True,0,1.0000,0.994746,motorcycle
track0097[21].png,ayp7941,ayp7941,True,0,1.0000,0.976829,motorcycle
track0097[22].png,ayp7941,ayp7941,True,0,1.0000,0.998026,motorcycle
track0097[23].png,ayp7941,ayp7941,True,0,1.0000,0.996229,motorcycle
track0097[24].png,ayp7941,ayp1941,False,1,0.8571,0.975573,motorcycle
track0097[25].png,ayp7941,ayp1941,False,1,0.8571,0.897945,motorcycle
track0097[26].png,ayp7941,ayp1941,False,1,0.8571,0.968500,motorcycle
track0097[27].png,ayp7941,ayp1941,False,1,0.8571,0.907802,motorcycle
track0097[28].png,ayp7941,ayp7941,True,0,1.0000,0.998095,motorcycle
track0097[29].png,ayp7941,ayp7941,True,0,1.0000,0.997531,motorcycle
track0097[30].png,ayp7941,ayp7941,True,0,1.0000,0.683576,motorcycle
track0098[01].png,asz9457,asz9457,True,0,1.0000,0.994563,car
track0098[02].png,asz9457,asz9457,True,0,1.0000,0.995706,car
track0098[03].png,asz9457,asz9457,True,0,1.0000,0.996067,car
track0098[04].png,asz9457,asz9457,True,0,1.0000,0.997486,car
track0098[05].png,asz9457,asz9457,True,0,1.0000,0.995174,car
track0098[06].png,asz9457,asz9457,True,0,1.0000,0.998622,car
track0098[07].png,asz9457,asz9457,True,0,1.0000,0.997728,car
track0098[08].png,asz9457,asz9457,True,0,1.0000,0.992589,car
track0098[09].png,asz9457,asz9457,True,0,1.0000,0.997832,car
track0098[10].png,asz9457,asz9457,True,0,1.0000,0.995533,car
track0098[11].png,asz9457,asz9457,True,0,1.0000,0.996599,car
track0098[12].png,asz9457,asz9457,True,0,1.0000,0.995159,car
track0098[13].png,asz9457,asz9457,True,0,1.0000,0.992536,car
track0098[14].png,asz9457,asz9457,True,0,1.0000,0.979901,car
track0098[15].png,asz9457,asz9457,True,0,1.0000,0.987328,car
track0098[16].png,asz9457,asz9457,True,0,1.0000,0.997728,car
track0098[17].png,asz9457,asz9457,True,0,1.0000,0.996657,car
track0098[18].png,asz9457,asz9457,True,0,1.0000,0.988195,car
track0098[19].png,asz9457,asz9457,True,0,1.0000,0.998103,car
track0098[20].png,asz9457,asz9457,True,0,1.0000,0.997473,car
track0098[21].png,asz9457,asz9457,True,0,1.0000,0.997179,car
track0098[22].png,asz9457,asz9457,True,0,1.0000,0.996820,car
track0098[23].png,asz9457,asz9457,True,0,1.0000,0.995748,car
track0098[24].png,asz9457,asz9457,True,0,1.0000,0.996662,car
track0098[25].png,asz9457,asz9457,True,0,1.0000,0.996472,car
track0098[26].png,asz9457,asz9457,True,0,1.0000,0.998570,car
track0098[27].png,asz9457,asz9457,True,0,1.0000,0.992912,car
track0098[28].png,asz9457,asz9457,True,0,1.0000,0.997772,car
track0098[29].png,asz9457,asz9457,True,0,1.0000,0.997636,car
track0098[30].png,asz9457,asz9457,True,0,1.0000,0.995533,car
track0099[01].png,ape4685,ape4685,True,0,1.0000,0.999004,car
track0099[02].png,ape4685,ape4685,True,0,1.0000,0.976507,car
track0099[03].png,ape4685,ape4685,True,0,1.0000,0.999344,car
track0099[04].png,ape4685,ape4685,True,0,1.0000,0.999049,car
track0099[05].png,ape4685,ape4685,True,0,1.0000,0.999170,car
track0099[06].png,ape4685,ape4685,True,0,1.0000,0.998830,car
track0099[07].png,ape4685,ape4685,True,0,1.0000,0.999447,car
track0099[08].png,ape4685,ape4685,True,0,1.0000,0.999398,car
track0099[09].png,ape4685,ape4685,True,0,1.0000,0.998948,car
track0099[10].png,ape4685,ape4685,True,0,1.0000,0.999334,car
track0099[11].png,ape4685,ape4685,True,0,1.0000,0.999198,car
track0099[12].png,ape4685,ape4685,True,0,1.0000,0.999273,car
track0099[13].png,ape4685,ape4685,True,0,1.0000,0.999172,car
track0099[14].png,ape4685,ape4685,True,0,1.0000,0.999397,car
track0099[15].png,ape4685,ape4685,True,0,1.0000,0.999419,car
track0099[16].png,ape4685,ape4685,True,0,1.0000,0.999393,car
track0099[17].png,ape4685,ape4685,True,0,1.0000,0.999477,car
track0099[18].png,ape4685,ape4685,True,0,1.0000,0.999437,car
track0099[19].png,ape4685,ape4685,True,0,1.0000,0.999367,car
track0099[20].png,ape4685,ape4685,True,0,1.0000,0.998630,car
track0099[21].png,ape4685,ape4685,True,0,1.0000,0.999406,car
track0099[22].png,ape4685,ape4685,True,0,1.0000,0.999436,car
track0099[23].png,ape4685,ape4685,True,0,1.0000,0.999415,car
track0099[24].png,ape4685,ape4685,True,0,1.0000,0.999138,car
track0099[25].png,ape4685,ape4685,True,0,1.0000,0.999416,car
track0099[26].png,ape4685,ape4685,True,0,1.0000,0.999294,car
track0099[27].png,ape4685,ape4685,True,0,1.0000,0.999093,car
track0099[28].png,ape4685,ape4685,True,0,1.0000,0.998872,car
track0099[29].png,ape4685,ape4685,True,0,1.0000,0.999058,car
track0099[30].png,ape4685,ape4685,True,0,1.0000,0.999327,car
track0100[01].png,isk7086,isk7086,True,0,1.0000,0.992042,car
track0100[02].png,isk7086,isk7086,True,0,1.0000,0.965083,car
track0100[03].png,isk7086,isk7085,False,1,0.8571,0.538855,car
track0100[04].png,isk7086,isk7086,True,0,1.0000,0.999004,car
track0100[05].png,isk7086,isk7086,True,0,1.0000,0.957493,car
track0100[06].png,isk7086,isk7086,True,0,1.0000,0.968806,car
track0100[07].png,isk7086,isk7086,True,0,1.0000,0.996506,car
track0100[08].png,isk7086,isk7086,True,0,1.0000,0.997022,car
track0100[09].png,isk7086,isk7086,True,0,1.0000,0.998616,car
track0100[10].png,isk7086,isk7086,True,0,1.0000,0.998921,car
track0100[11].png,isk7086,isk7086,True,0,1.0000,0.997798,car
track0100[12].png,isk7086,isk7086,True,0,1.0000,0.998402,car
track0100[13].png,isk7086,isk7086,True,0,1.0000,0.998471,car
track0100[14].png,isk7086,isk7086,True,0,1.0000,0.996058,car
track0100[15].png,isk7086,isk7086,True,0,1.0000,0.993112,car
track0100[16].png,isk7086,isk7086,True,0,1.0000,0.991595,car
track0100[17].png,isk7086,isk7086,True,0,1.0000,0.995572,car
track0100[18].png,isk7086,isk7086,True,0,1.0000,0.998012,car
track0100[19].png,isk7086,isk7086,True,0,1.0000,0.937343,car
track0100[20].png,isk7086,isk7086,True,0,1.0000,0.994531,car
track0100[21].png,isk7086,isk7086,True,0,1.0000,0.998883,car
track0100[22].png,isk7086,isk7086,True,0,1.0000,0.953182,car
track0100[23].png,isk7086,isk7086,True,0,1.0000,0.997757,car
track0100[24].png,isk7086,isk7086,True,0,1.0000,0.992479,car
track0100[25].png,isk7086,isk7086,True,0,1.0000,0.998970,car
track0100[26].png,isk7086,isk7086,True,0,1.0000,0.999249,car
track0100[27].png,isk7086,isk7086,True,0,1.0000,0.999464,car
track0100[28].png,isk7086,isk7086,True,0,1.0000,0.999003,car
track0100[29].png,isk7086,isk7086,True,0,1.0000,0.999447,car
track0100[30].png,isk7086,isk7086,True,0,1.0000,0.999570,car
track0101[01].png,amr2189,amr2189,True,0,1.0000,0.996338,car
track0101[02].png,amr2189,amr2189,True,0,1.0000,0.979001,car
track0101[03].png,amr2189,amr2189,True,0,1.0000,0.912471,car
track0101[04].png,amr2189,amr2189,True,0,1.0000,0.995083,car
track0101[05].png,amr2189,amr2189,True,0,1.0000,0.996962,car
track0101[06].png,amr2189,amr2189,True,0,1.0000,0.970160,car
track0101[07].png,amr2189,amr2189,True,0,1.0000,0.998816,car
track0101[08].png,amr2189,amr2189,True,0,1.0000,0.998741,car
track0101[09].png,amr2189,amr2189,True,0,1.0000,0.490565,car
track0101[10].png,amr2189,awr2189,False,1,0.8571,0.818942,car
track0101[11].png,amr2189,amr2189,True,0,1.0000,0.994576,car
track0101[12].png,amr2189,amr2189,True,0,1.0000,0.998531,car
track0101[13].png,amr2189,amr2189,True,0,1.0000,0.995319,car
track0101[14].png,amr2189,amr2189,True,0,1.0000,0.997743,car
track0101[15].png,amr2189,awr2189,False,1,0.8571,0.878335,car
track0101[16].png,amr2189,amr2189,True,0,1.0000,0.977654,car
track0101[17].png,amr2189,amr2189,True,0,1.0000,0.899108,car
track0101[18].png,amr2189,amr2189,True,0,1.0000,0.872062,car
track0101[19].png,amr2189,amr2189,True,0,1.0000,0.998062,car
track0101[20].png,amr2189,amr2189,True,0,1.0000,0.815523,car
track0101[21].png,amr2189,amr2189,True,0,1.0000,0.986525,car
track0101[22].png,amr2189,amr2189,True,0,1.0000,0.998534,car
track0101[23].png,amr2189,amr2189,True,0,1.0000,0.998224,car
track0101[24].png,amr2189,amr2189,True,0,1.0000,0.998972,car
track0101[25].png,amr2189,amr2189,True,0,1.0000,0.998244,car
track0101[26].png,amr2189,awr2189,False,1,0.8571,0.782542,car
track0101[27].png,amr2189,amr2189,True,0,1.0000,0.989238,car
track0101[28].png,amr2189,awr2189,False,1,0.8571,0.903481,car
track0101[29].png,amr2189,amr2189,True,0,1.0000,0.994608,car
track0101[30].png,amr2189,amr2189,True,0,1.0000,0.618075,car
track0102[01].png,ahb1989,ahb1989,True,0,1.0000,0.999630,car
track0102[02].png,ahb1989,ahb1989,True,0,1.0000,0.999662,car
track0102[03].png,ahb1989,ahb1989,True,0,1.0000,0.999694,car
track0102[04].png,ahb1989,ahb1989,True,0,1.0000,0.999693,car
track0102[05].png,ahb1989,ahb1989,True,0,1.0000,0.999607,car
track0102[06].png,ahb1989,ahb1989,True,0,1.0000,0.999024,car
track0102[07].png,ahb1989,ahb1989,True,0,1.0000,0.994876,car
track0102[08].png,ahb1989,ahb1989,True,0,1.0000,0.988878,car
track0102[09].png,ahb1989,ah81989,False,1,0.8571,0.549354,car
track0102[10].png,ahb1989,ahb1989,True,0,1.0000,0.998339,car
track0102[11].png,ahb1989,ahb1989,True,0,1.0000,0.999680,car
track0102[12].png,ahb1989,ahb1989,True,0,1.0000,0.999606,car
track0102[13].png,ahb1989,ahb1989,True,0,1.0000,0.999738,car
track0102[14].png,ahb1989,ahb1989,True,0,1.0000,0.999712,car
track0102[15].png,ahb1989,ahb1989,True,0,1.0000,0.999568,car
track0102[16].png,ahb1989,ahb1989,True,0,1.0000,0.999639,car
track0102[17].png,ahb1989,ahb1989,True,0,1.0000,0.999731,car
track0102[18].png,ahb1989,ahb1989,True,0,1.0000,0.999794,car
track0102[19].png,ahb1989,ahb1989,True,0,1.0000,0.999768,car
track0102[20].png,ahb1989,ahb1989,True,0,1.0000,0.999708,car
track0102[21].png,ahb1989,ahb1989,True,0,1.0000,0.999772,car
track0102[22].png,ahb1989,ahb1989,True,0,1.0000,0.999763,car
track0102[23].png,ahb1989,ahb1989,True,0,1.0000,0.999655,car
track0102[24].png,ahb1989,ah81989,False,1,0.8571,0.886308,car
track0102[25].png,ahb1989,ahb1989,True,0,1.0000,0.999705,car
track0102[26].png,ahb1989,ahb1989,True,0,1.0000,0.999710,car
track0102[27].png,ahb1989,ahb1989,True,0,1.0000,0.999706,car
track0102[28].png,ahb1989,ahb1989,True,0,1.0000,0.999131,car
track0102[29].png,ahb1989,ahb1989,True,0,1.0000,0.999769,car
track0102[30].png,ahb1989,ahb1989,True,0,1.0000,0.999563,car
track0103[01].png,bcs4525,bcs4525,True,0,1.0000,0.999298,car
track0103[02].png,bcs4525,bcs4525,True,0,1.0000,0.999203,car
track0103[03].png,bcs4525,bcs4525,True,0,1.0000,0.999103,car
track0103[04].png,bcs4525,bcs4525,True,0,1.0000,0.999200,car
track0103[05].png,bcs4525,bcs4525,True,0,1.0000,0.999407,car
track0103[06].png,bcs4525,bcs4525,True,0,1.0000,0.999076,car
track0103[07].png,bcs4525,bcs4525,True,0,1.0000,0.999172,car
track0103[08].png,bcs4525,bcs4525,True,0,1.0000,0.998817,car
track0103[09].png,bcs4525,bcs4525,True,0,1.0000,0.999062,car
track0103[10].png,bcs4525,bcs4525,True,0,1.0000,0.999193,car
track0103[11].png,bcs4525,bcs4525,True,0,1.0000,0.999313,car
track0103[12].png,bcs4525,bcs4525,True,0,1.0000,0.999273,car
track0103[13].png,bcs4525,bcs4525,True,0,1.0000,0.999356,car
track0103[14].png,bcs4525,bcs4525,True,0,1.0000,0.999457,car
track0103[15].png,bcs4525,bcs4525,True,0,1.0000,0.999039,car
track0103[16].png,bcs4525,bcs4525,True,0,1.0000,0.999435,car
track0103[17].png,bcs4525,bcs4525,True,0,1.0000,0.999014,car
track0103[18].png,bcs4525,bcs4525,True,0,1.0000,0.999362,car
track0103[19].png,bcs4525,bcs4525,True,0,1.0000,0.999244,car
track0103[20].png,bcs4525,bcs4525,True,0,1.0000,0.999064,car
track0103[21].png,bcs4525,bcs4525,True,0,1.0000,0.999126,car
track0103[22].png,bcs4525,bcs4525,True,0,1.0000,0.988480,car
track0103[23].png,bcs4525,bcs4525,True,0,1.0000,0.999201,car
track0103[24].png,bcs4525,bcs4525,True,0,1.0000,0.999174,car
track0103[25].png,bcs4525,bcs4525,True,0,1.0000,0.999001,car
track0103[26].png,bcs4525,bcs4525,True,0,1.0000,0.999046,car
track0103[27].png,bcs4525,bcs4525,True,0,1.0000,0.998206,car
track0103[28].png,bcs4525,bcs4525,True,0,1.0000,0.998850,car
track0103[29].png,bcs4525,bcs4525,True,0,1.0000,0.998933,car
track0103[30].png,bcs4525,bcs4525,True,0,1.0000,0.999005,car
track0104[01].png,apl0100,apl0100,True,0,1.0000,0.990490,car
track0104[02].png,apl0100,apl0100,True,0,1.0000,0.991064,car
track0104[03].png,apl0100,apl0100,True,0,1.0000,0.940523,car
track0104[04].png,apl0100,apl0100,True,0,1.0000,0.996740,car
track0104[05].png,apl0100,apl0100,True,0,1.0000,0.933057,car
track0104[06].png,apl0100,apl0108,False,1,0.8571,0.537781,car
track0104[07].png,apl0100,apl0108,False,1,0.8571,0.980574,car
track0104[08].png,apl0100,apl0100,True,0,1.0000,0.997995,car
track0104[09].png,apl0100,apl0100,True,0,1.0000,0.991784,car
track0104[10].png,apl0100,apl0100,True,0,1.0000,0.999078,car
track0104[11].png,apl0100,apl0100,True,0,1.0000,0.995365,car
track0104[12].png,apl0100,apl0100,True,0,1.0000,0.998590,car
track0104[13].png,apl0100,apl0100,True,0,1.0000,0.999062,car
track0104[14].png,apl0100,apl0100,True,0,1.0000,0.999382,car
track0104[15].png,apl0100,apl0100,True,0,1.0000,0.998770,car
track0104[16].png,apl0100,apl0100,True,0,1.0000,0.998365,car
track0104[17].png,apl0100,apl0100,True,0,1.0000,0.998545,car
track0104[18].png,apl0100,apl0100,True,0,1.0000,0.998451,car
track0104[19].png,apl0100,apl0100,True,0,1.0000,0.998838,car
track0104[20].png,apl0100,apl0100,True,0,1.0000,0.994521,car
track0104[21].png,apl0100,apl0100,True,0,1.0000,0.998840,car
track0104[22].png,apl0100,apl0100,True,0,1.0000,0.998215,car
track0104[23].png,apl0100,apl0100,True,0,1.0000,0.808833,car
track0104[24].png,apl0100,apl0100,True,0,1.0000,0.999401,car
track0104[25].png,apl0100,apl0100,True,0,1.0000,0.998969,car
track0104[26].png,apl0100,apl0100,True,0,1.0000,0.999523,car
track0104[27].png,apl0100,apl0100,True,0,1.0000,0.998901,car
track0104[28].png,apl0100,apl0100,True,0,1.0000,0.999616,car
track0104[29].png,apl0100,apl0100,True,0,1.0000,0.999775,car
track0104[30].png,apl0100,apl0100,True,0,1.0000,0.999871,car
track0105[01].png,aek0977,aek0977,True,0,1.0000,0.999357,motorcycle
track0105[02].png,aek0977,aek0977,True,0,1.0000,0.999371,motorcycle
track0105[03].png,aek0977,aek0977,True,0,1.0000,0.999526,motorcycle
track0105[04].png,aek0977,aek0977,True,0,1.0000,0.999458,motorcycle
track0105[05].png,aek0977,aek0977,True,0,1.0000,0.999416,motorcycle
track0105[06].png,aek0977,aek0977,True,0,1.0000,0.999404,motorcycle
track0105[07].png,aek0977,aek0977,True,0,1.0000,0.999244,motorcycle
track0105[08].png,aek0977,aek0977,True,0,1.0000,0.998981,motorcycle
track0105[09].png,aek0977,aek0977,True,0,1.0000,0.998343,motorcycle
track0105[10].png,aek0977,aek0977,True,0,1.0000,0.998601,motorcycle
track0105[11].png,aek0977,aek0977,True,0,1.0000,0.997757,motorcycle
track0105[12].png,aek0977,aek0977,True,0,1.0000,0.998650,motorcycle
track0105[13].png,aek0977,aek0977,True,0,1.0000,0.999035,motorcycle
track0105[14].png,aek0977,aek0977,True,0,1.0000,0.988997,motorcycle
track0105[15].png,aek0977,aek0977,True,0,1.0000,0.998407,motorcycle
track0105[16].png,aek0977,aek0977,True,0,1.0000,0.998436,motorcycle
track0105[17].png,aek0977,aek0977,True,0,1.0000,0.999120,motorcycle
track0105[18].png,aek0977,aek0977,True,0,1.0000,0.998165,motorcycle
track0105[19].png,aek0977,aek0977,True,0,1.0000,0.997611,motorcycle
track0105[20].png,aek0977,aek0977,True,0,1.0000,0.999055,motorcycle
track0105[21].png,aek0977,aek0977,True,0,1.0000,0.994605,motorcycle
track0105[22].png,aek0977,aek0977,True,0,1.0000,0.997928,motorcycle
track0105[23].png,aek0977,aek0977,True,0,1.0000,0.998065,motorcycle
track0105[24].png,aek0977,aek0977,True,0,1.0000,0.996687,motorcycle
track0105[25].png,aek0977,aek0977,True,0,1.0000,0.997212,motorcycle
track0105[26].png,aek0977,aek0977,True,0,1.0000,0.997421,motorcycle
track0105[27].png,aek0977,aek0977,True,0,1.0000,0.997029,motorcycle
track0105[28].png,aek0977,aek0977,True,0,1.0000,0.993636,motorcycle
track0105[29].png,aek0977,aek0977,True,0,1.0000,0.994451,motorcycle
track0105[30].png,aek0977,aek0977,True,0,1.0000,0.994340,motorcycle
track0106[01].png,abn8528,abn8528,True,0,1.0000,0.999616,car
track0106[02].png,abn8528,abn8528,True,0,1.0000,0.999477,car
track0106[03].png,abn8528,abn8528,True,0,1.0000,0.999485,car
track0106[04].png,abn8528,abn8528,True,0,1.0000,0.999558,car
track0106[05].png,abn8528,abn8528,True,0,1.0000,0.999525,car
track0106[06].png,abn8528,abn8528,True,0,1.0000,0.997132,car
track0106[07].png,abn8528,abn8528,True,0,1.0000,0.999481,car
track0106[08].png,abn8528,abn8528,True,0,1.0000,0.999568,car
track0106[09].png,abn8528,abn8528,True,0,1.0000,0.999657,car
track0106[10].png,abn8528,abn8528,True,0,1.0000,0.999579,car
track0106[11].png,abn8528,abn8528,True,0,1.0000,0.999633,car
track0106[12].png,abn8528,abn8528,True,0,1.0000,0.998442,car
track0106[13].png,abn8528,abn8528,True,0,1.0000,0.999613,car
track0106[14].png,abn8528,abn8528,True,0,1.0000,0.999569,car
track0106[15].png,abn8528,abn8528,True,0,1.0000,0.999556,car
track0106[16].png,abn8528,abn8528,True,0,1.0000,0.999639,car
track0106[17].png,abn8528,abn8528,True,0,1.0000,0.999542,car
track0106[18].png,abn8528,abn8528,True,0,1.0000,0.999442,car
track0106[19].png,abn8528,abn8528,True,0,1.0000,0.999387,car
track0106[20].png,abn8528,abn8528,True,0,1.0000,0.999071,car
track0106[21].png,abn8528,abn8528,True,0,1.0000,0.999190,car
track0106[22].png,abn8528,abn8528,True,0,1.0000,0.999611,car
track0106[23].png,abn8528,abn8528,True,0,1.0000,0.999592,car
track0106[24].png,abn8528,abn8528,True,0,1.0000,0.999611,car
track0106[25].png,abn8528,abn8528,True,0,1.0000,0.999615,car
track0106[26].png,abn8528,abn8528,True,0,1.0000,0.999587,car
track0106[27].png,abn8528,abn8528,True,0,1.0000,0.999538,car
track0106[28].png,abn8528,abn8528,True,0,1.0000,0.999583,car
track0106[29].png,abn8528,abn8528,True,0,1.0000,0.999498,car
track0106[30].png,abn8528,abn8528,True,0,1.0000,0.999504,car
track0107[01].png,mjo0862,mjo0862,True,0,1.0000,0.997477,car
track0107[02].png,mjo0862,mjo0862,True,0,1.0000,0.994816,car
track0107[03].png,mjo0862,mjo0862,True,0,1.0000,0.995722,car
track0107[04].png,mjo0862,mjo0862,True,0,1.0000,0.998698,car
track0107[05].png,mjo0862,mjo0862,True,0,1.0000,0.998016,car
track0107[06].png,mjo0862,mjo0862,True,0,1.0000,0.988810,car
track0107[07].png,mjo0862,mjo0862,True,0,1.0000,0.988195,car
track0107[08].png,mjo0862,mjo0862,True,0,1.0000,0.982469,car
track0107[09].png,mjo0862,mjd0862,False,1,0.8571,0.811979,car
track0107[10].png,mjo0862,mjo0862,True,0,1.0000,0.997119,car
track0107[11].png,mjo0862,mjo0862,True,0,1.0000,0.940282,car
track0107[12].png,mjo0862,mjd0862,False,1,0.8571,0.998818,car
track0107[13].png,mjo0862,mjd0862,False,1,0.8571,0.999116,car
track0107[14].png,mjo0862,mjo0862,True,0,1.0000,0.972725,car
track0107[15].png,mjo0862,mjd0862,False,1,0.8571,0.999595,car
track0107[16].png,mjo0862,mjd0862,False,1,0.8571,0.997558,car
track0107[17].png,mjo0862,mjd0862,False,1,0.8571,0.992784,car
track0107[18].png,mjo0862,mjo0862,True,0,1.0000,0.918906,car
track0107[19].png,mjo0862,mjo0862,True,0,1.0000,0.903721,car
track0107[20].png,mjo0862,mjo0862,True,0,1.0000,0.803319,car
track0107[21].png,mjo0862,mjo0862,True,0,1.0000,0.994307,car
track0107[22].png,mjo0862,mjo0862,True,0,1.0000,0.988378,car
track0107[23].png,mjo0862,mjo0862,True,0,1.0000,0.726907,car
track0107[24].png,mjo0862,mjo0862,True,0,1.0000,0.959440,car
track0107[25].png,mjo0862,mjo0862,True,0,1.0000,0.928300,car
track0107[26].png,mjo0862,mjo0862,True,0,1.0000,0.973595,car
track0107[27].png,mjo0862,mjo0862,True,0,1.0000,0.856072,car
track0107[28].png,mjo0862,mjo0862,True,0,1.0000,0.973911,car
track0107[29].png,mjo0862,mjo0862,True,0,1.0000,0.979527,car
track0107[30].png,mjo0862,mjo0862,True,0,1.0000,0.900694,car
track0108[01].png,ary9308,ary9308,True,0,1.0000,0.979228,car
track0108[02].png,ary9308,ary9308,True,0,1.0000,0.998310,car
track0108[03].png,ary9308,ary9308,True,0,1.0000,0.997063,car
track0108[04].png,ary9308,ary9308,True,0,1.0000,0.999327,car
track0108[05].png,ary9308,ary9308,True,0,1.0000,0.999369,car
track0108[06].png,ary9308,ary9308,True,0,1.0000,0.999150,car
track0108[07].png,ary9308,ary9308,True,0,1.0000,0.999677,car
track0108[08].png,ary9308,ary9308,True,0,1.0000,0.999779,car
track0108[09].png,ary9308,ary9308,True,0,1.0000,0.999550,car
track0108[10].png,ary9308,ary9308,True,0,1.0000,0.999788,car
track0108[11].png,ary9308,ary9308,True,0,1.0000,0.998545,car
track0108[12].png,ary9308,ary9308,True,0,1.0000,0.996389,car
track0108[13].png,ary9308,ary9308,True,0,1.0000,0.999293,car
track0108[14].png,ary9308,ary9308,True,0,1.0000,0.998884,car
track0108[15].png,ary9308,ary9308,True,0,1.0000,0.998532,car
track0108[16].png,ary9308,ary9308,True,0,1.0000,0.998495,car
track0108[17].png,ary9308,ary9308,True,0,1.0000,0.999540,car
track0108[18].png,ary9308,ary9308,True,0,1.0000,0.999795,car
track0108[19].png,ary9308,ary9308,True,0,1.0000,0.999338,car
track0108[20].png,ary9308,ary9308,True,0,1.0000,0.999601,car
track0108[21].png,ary9308,ary9308,True,0,1.0000,0.999279,car
track0108[22].png,ary9308,ary9308,True,0,1.0000,0.999624,car
track0108[23].png,ary9308,ary9308,True,0,1.0000,0.999579,car
track0108[24].png,ary9308,ary9308,True,0,1.0000,0.999653,car
track0108[25].png,ary9308,ary9308,True,0,1.0000,0.999498,car
track0108[26].png,ary9308,ary9308,True,0,1.0000,0.999688,car
track0108[27].png,ary9308,ary9308,True,0,1.0000,0.999192,car
track0108[28].png,ary9308,ary9308,True,0,1.0000,0.999575,car
track0108[29].png,ary9308,ary9308,True,0,1.0000,0.999525,car
track0108[30].png,ary9308,ary9308,True,0,1.0000,0.997803,car
track0109[01].png,awz7648,amz7648,False,1,0.8571,0.981529,motorcycle
track0109[02].png,awz7648,amz7648,False,1,0.8571,0.956886,motorcycle
track0109[03].png,awz7648,awz7648,True,0,1.0000,0.722289,motorcycle
track0109[04].png,awz7648,awz7648,True,0,1.0000,0.978115,motorcycle
track0109[05].png,awz7648,awz7648,True,0,1.0000,0.962237,motorcycle
track0109[06].png,awz7648,amz7648,False,1,0.8571,0.855588,motorcycle
track0109[07].png,awz7648,amz7648,False,1,0.8571,0.872195,motorcycle
track0109[08].png,awz7648,amz7648,False,1,0.8571,0.825662,motorcycle
track0109[09].png,awz7648,amz7648,False,1,0.8571,0.942431,motorcycle
track0109[10].png,awz7648,awz7648,True,0,1.0000,0.954276,motorcycle
track0109[11].png,awz7648,amz7648,False,1,0.8571,0.981149,motorcycle
track0109[12].png,awz7648,awz7648,True,0,1.0000,0.900489,motorcycle
track0109[13].png,awz7648,awz7648,True,0,1.0000,0.792264,motorcycle
track0109[14].png,awz7648,amz7648,False,1,0.8571,0.984665,motorcycle
track0109[15].png,awz7648,awz7648,True,0,1.0000,0.944737,motorcycle
track0109[16].png,awz7648,amz7648,False,1,0.8571,0.691451,motorcycle
track0109[17].png,awz7648,omz7648,False,2,0.7143,0.365731,motorcycle
track0109[18].png,awz7648,amz7648,False,1,0.8571,0.842781,motorcycle
track0109[19].png,awz7648,awz7648,True,0,1.0000,0.732597,motorcycle
track0109[20].png,awz7648,awz7648,True,0,1.0000,0.986928,motorcycle
track0109[21].png,awz7648,awz7648,True,0,1.0000,0.967936,motorcycle
track0109[22].png,awz7648,awz7648,True,0,1.0000,0.588054,motorcycle
track0109[23].png,awz7648,amz7648,False,1,0.8571,0.990633,motorcycle
track0109[24].png,awz7648,awz7648,True,0,1.0000,0.944752,motorcycle
track0109[25].png,awz7648,awz7648,True,0,1.0000,0.979704,motorcycle
track0109[26].png,awz7648,awz7648,True,0,1.0000,0.986769,motorcycle
track0109[27].png,awz7648,amz7648,False,1,0.8571,0.849670,motorcycle
track0109[28].png,awz7648,amz7648,False,1,0.8571,0.984353,motorcycle
track0109[29].png,awz7648,amz7648,False,1,0.8571,0.789893,motorcycle
track0109[30].png,awz7648,awz7648,True,0,1.0000,0.483826,motorcycle
track0110[01].png,bbo8514,bbo8514,True,0,1.0000,0.998869,motorcycle
track0110[02].png,bbo8514,bbo8514,True,0,1.0000,0.999021,motorcycle
track0110[03].png,bbo8514,bbo8514,True,0,1.0000,0.998981,motorcycle
track0110[04].png,bbo8514,bbo8514,True,0,1.0000,0.999014,motorcycle
track0110[05].png,bbo8514,bbo8514,True,0,1.0000,0.998848,motorcycle
track0110[06].png,bbo8514,bbo8514,True,0,1.0000,0.999113,motorcycle
track0110[07].png,bbo8514,bbo8514,True,0,1.0000,0.999277,motorcycle
track0110[08].png,bbo8514,bbo8514,True,0,1.0000,0.999016,motorcycle
track0110[09].png,bbo8514,bbo8514,True,0,1.0000,0.998884,motorcycle
track0110[10].png,bbo8514,bbo8514,True,0,1.0000,0.999155,motorcycle
track0110[11].png,bbo8514,bbo8514,True,0,1.0000,0.998836,motorcycle
track0110[12].png,bbo8514,bbo8514,True,0,1.0000,0.998707,motorcycle
track0110[13].png,bbo8514,bbo8514,True,0,1.0000,0.998759,motorcycle
track0110[14].png,bbo8514,bbo8514,True,0,1.0000,0.999112,motorcycle
track0110[15].png,bbo8514,bbo8514,True,0,1.0000,0.999173,motorcycle
track0110[16].png,bbo8514,bbo8514,True,0,1.0000,0.999057,motorcycle
track0110[17].png,bbo8514,bbo8514,True,0,1.0000,0.998934,motorcycle
track0110[18].png,bbo8514,bbo8514,True,0,1.0000,0.998020,motorcycle
track0110[19].png,bbo8514,bbo8514,True,0,1.0000,0.998554,motorcycle
track0110[20].png,bbo8514,bbo8514,True,0,1.0000,0.998566,motorcycle
track0110[21].png,bbo8514,bbo8514,True,0,1.0000,0.998587,motorcycle
track0110[22].png,bbo8514,bbo8514,True,0,1.0000,0.998882,motorcycle
track0110[23].png,bbo8514,bbo8514,True,0,1.0000,0.998544,motorcycle
track0110[24].png,bbo8514,bbo8514,True,0,1.0000,0.998537,motorcycle
track0110[25].png,bbo8514,bbo8514,True,0,1.0000,0.998447,motorcycle
track0110[26].png,bbo8514,bbo8514,True,0,1.0000,0.997404,motorcycle
track0110[27].png,bbo8514,bbo8514,True,0,1.0000,0.998305,motorcycle
track0110[28].png,bbo8514,bbo8514,True,0,1.0000,0.999115,motorcycle
track0110[29].png,bbo8514,bbo8514,True,0,1.0000,0.998749,motorcycle
track0110[30].png,bbo8514,bbo8514,True,0,1.0000,0.986698,motorcycle
track0111[01].png,aiq1056,aiq2056,False,1,0.8571,0.347382,car
track0111[02].png,aiq1056,atq1056,False,1,0.8571,0.984482,car
track0111[03].png,aiq1056,atq1056,False,1,0.8571,0.991356,car
track0111[04].png,aiq1056,atq2105,False,3,0.5714,0.531187,car
track0111[05].png,aiq1056,atq1056,False,1,0.8571,0.685662,car
track0111[06].png,aiq1056,atq1056,False,1,0.8571,0.810151,car
track0111[07].png,aiq1056,atq1005,False,3,0.5714,0.455364,car
track0111[08].png,aiq1056,atq1056,False,1,0.8571,0.973051,car
track0111[09].png,aiq1056,aiq1056,True,0,1.0000,0.995814,car
track0111[10].png,aiq1056,atq1056,False,1,0.8571,0.987987,car
track0111[11].png,aiq1056,aiq1056,True,0,1.0000,0.997004,car
track0111[12].png,aiq1056,aiq1056,True,0,1.0000,0.994636,car
track0111[13].png,aiq1056,aiq1056,True,0,1.0000,0.999099,car
track0111[14].png,aiq1056,aiq1056,True,0,1.0000,0.991263,car
track0111[15].png,aiq1056,aiq1056,True,0,1.0000,0.994368,car
track0111[16].png,aiq1056,aiq1056,True,0,1.0000,0.993401,car
track0111[17].png,aiq1056,aiq1105,False,2,0.7143,0.745409,car
track0111[18].png,aiq1056,aiq1105,False,2,0.7143,0.925456,car
track0111[19].png,aiq1056,aiq1056,True,0,1.0000,0.620362,car
track0111[20].png,aiq1056,aiq1105,False,2,0.7143,0.953897,car
track0111[21].png,aiq1056,aiq1105,False,2,0.7143,0.641952,car
track0111[22].png,aiq1056,aiq1056,True,0,1.0000,0.921367,car
track0111[23].png,aiq1056,aiq1105,False,2,0.7143,0.409790,car
track0111[24].png,aiq1056,aiq1105,False,2,0.7143,0.746492,car
track0111[25].png,aiq1056,aiq1105,False,2,0.7143,0.970197,car
track0111[26].png,aiq1056,atq1056,False,1,0.8571,0.405636,car
track0111[27].png,aiq1056,atq1056,False,1,0.8571,0.993996,car
track0111[28].png,aiq1056,atq1056,False,1,0.8571,0.854117,car
track0111[29].png,aiq1056,ayq1056,False,1,0.8571,0.405510,car
track0111[30].png,aiq1056,atq1056,False,1,0.8571,0.921309,car
track0112[01].png,apd4389,apd4389,True,0,1.0000,0.999807,car
track0112[02].png,apd4389,apd4389,True,0,1.0000,0.999835,car
track0112[03].png,apd4389,apd4389,True,0,1.0000,0.999786,car
track0112[04].png,apd4389,apd4389,True,0,1.0000,0.999835,car
track0112[05].png,apd4389,apd4389,True,0,1.0000,0.999811,car
track0112[06].png,apd4389,apd4389,True,0,1.0000,0.999836,car
track0112[07].png,apd4389,apd4389,True,0,1.0000,0.999862,car
track0112[08].png,apd4389,apd4389,True,0,1.0000,0.999838,car
track0112[09].png,apd4389,apd4389,True,0,1.0000,0.999836,car
track0112[10].png,apd4389,apd4389,True,0,1.0000,0.999826,car
track0112[11].png,apd4389,apd4389,True,0,1.0000,0.999886,car
track0112[12].png,apd4389,apd4389,True,0,1.0000,0.999766,car
track0112[13].png,apd4389,apd4389,True,0,1.0000,0.999638,car
track0112[14].png,apd4389,apd4389,True,0,1.0000,0.999791,car
track0112[15].png,apd4389,apd4389,True,0,1.0000,0.999676,car
track0112[16].png,apd4389,apd4389,True,0,1.0000,0.999804,car
track0112[17].png,apd4389,apd4389,True,0,1.0000,0.999701,car
track0112[18].png,apd4389,apd4389,True,0,1.0000,0.999832,car
track0112[19].png,apd4389,apd4389,True,0,1.0000,0.999867,car
track0112[20].png,apd4389,apd4389,True,0,1.0000,0.999845,car
track0112[21].png,apd4389,apd4389,True,0,1.0000,0.999846,car
track0112[22].png,apd4389,apd4389,True,0,1.0000,0.999769,car
track0112[23].png,apd4389,apd4389,True,0,1.0000,0.999745,car
track0112[24].png,apd4389,apd4389,True,0,1.0000,0.999814,car
track0112[25].png,apd4389,apd4389,True,0,1.0000,0.999805,car
track0112[26].png,apd4389,apd4389,True,0,1.0000,0.999711,car
track0112[27].png,apd4389,apd4389,True,0,1.0000,0.999730,car
track0112[28].png,apd4389,apd4389,True,0,1.0000,0.999692,car
track0112[29].png,apd4389,apd4389,True,0,1.0000,0.999308,car
track0112[30].png,apd4389,apo4389,False,1,0.8571,0.999575,car
track0113[01].png,pwc3858,pwc3858,True,0,1.0000,0.996674,car
track0113[02].png,pwc3858,pwc3858,True,0,1.0000,0.988344,car
track0113[03].png,pwc3858,pwl3858,False,1,0.8571,0.495308,car
track0113[04].png,pwc3858,pwc3858,True,0,1.0000,0.995557,car
track0113[05].png,pwc3858,pwc3858,True,0,1.0000,0.997456,car
track0113[06].png,pwc3858,pwc3858,True,0,1.0000,0.995733,car
track0113[07].png,pwc3858,pwc3858,True,0,1.0000,0.751396,car
track0113[08].png,pwc3858,pwc3858,True,0,1.0000,0.985775,car
track0113[09].png,pwc3858,pwc3858,True,0,1.0000,0.992431,car
track0113[10].png,pwc3858,pwc3858,True,0,1.0000,0.994156,car
track0113[11].png,pwc3858,pwc3858,True,0,1.0000,0.959942,car
track0113[12].png,pwc3858,pwc3858,True,0,1.0000,0.777550,car
track0113[13].png,pwc3858,pwc3858,True,0,1.0000,0.997848,car
track0113[14].png,pwc3858,pwc3858,True,0,1.0000,0.998589,car
track0113[15].png,pwc3858,pwc3858,True,0,1.0000,0.997719,car
track0113[16].png,pwc3858,pwc3858,True,0,1.0000,0.999553,car
track0113[17].png,pwc3858,pwc3858,True,0,1.0000,0.996651,car
track0113[18].png,pwc3858,pwc3858,True,0,1.0000,0.953251,car
track0113[19].png,pwc3858,pwc3858,True,0,1.0000,0.999396,car
track0113[20].png,pwc3858,pwc3858,True,0,1.0000,0.994898,car
track0113[21].png,pwc3858,pwc3858,True,0,1.0000,0.998463,car
track0113[22].png,pwc3858,pwc3858,True,0,1.0000,0.999585,car
track0113[23].png,pwc3858,pwc3858,True,0,1.0000,0.998961,car
track0113[24].png,pwc3858,pwc3858,True,0,1.0000,0.998234,car
track0113[25].png,pwc3858,pwc3858,True,0,1.0000,0.998948,car
track0113[26].png,pwc3858,pwc3858,True,0,1.0000,0.999655,car
track0113[27].png,pwc3858,pwc3858,True,0,1.0000,0.999482,car
track0113[28].png,pwc3858,pwc3858,True,0,1.0000,0.999565,car
track0113[29].png,pwc3858,pwc3858,True,0,1.0000,0.998343,car
track0113[30].png,pwc3858,pwc3858,True,0,1.0000,0.991182,car
track0114[01].png,asf5742,asf5742,True,0,1.0000,0.999692,car
track0114[02].png,asf5742,asf5742,True,0,1.0000,0.999258,car
track0114[03].png,asf5742,asf5742,True,0,1.0000,0.998897,car
track0114[04].png,asf5742,asf5742,True,0,1.0000,0.999093,car
track0114[05].png,asf5742,asf5742,True,0,1.0000,0.999635,car
track0114[06].png,asf5742,asf5742,True,0,1.0000,0.998905,car
track0114[07].png,asf5742,asf5742,True,0,1.0000,0.982620,car
track0114[08].png,asf5742,asf5742,True,0,1.0000,0.998829,car
track0114[09].png,asf5742,asf5742,True,0,1.0000,0.567050,car
track0114[10].png,asf5742,asf5742,True,0,1.0000,0.700541,car
track0114[11].png,asf5742,asf4742,False,1,0.8571,0.794165,car
track0114[12].png,asf5742,asf5742,True,0,1.0000,0.976416,car
track0114[13].png,asf5742,asf5742,True,0,1.0000,0.999632,car
track0114[14].png,asf5742,asf5742,True,0,1.0000,0.999553,car
track0114[15].png,asf5742,asf5742,True,0,1.0000,0.999594,car
track0114[16].png,asf5742,asf5742,True,0,1.0000,0.999716,car
track0114[17].png,asf5742,asf5742,True,0,1.0000,0.998485,car
track0114[18].png,asf5742,asf5742,True,0,1.0000,0.999428,car
track0114[19].png,asf5742,asf5742,True,0,1.0000,0.999306,car
track0114[20].png,asf5742,asf5742,True,0,1.0000,0.995709,car
track0114[21].png,asf5742,asf5742,True,0,1.0000,0.963153,car
track0114[22].png,asf5742,asf5742,True,0,1.0000,0.673577,car
track0114[23].png,asf5742,asf5742,True,0,1.0000,0.545220,car
track0114[24].png,asf5742,ass4742,False,2,0.7143,0.853878,car
track0114[25].png,asf5742,asf5742,True,0,1.0000,0.997048,car
track0114[26].png,asf5742,isf5742,False,1,0.8571,0.883836,car
track0114[27].png,asf5742,asf4742,False,1,0.8571,0.480937,car
track0114[28].png,asf5742,asf4742,False,1,0.8571,0.736252,car
track0114[29].png,asf5742,asf4742,False,1,0.8571,0.650825,car
track0114[30].png,asf5742,asf4742,False,1,0.8571,0.794813,car
track0115[01].png,cbb1894,cbb1894,True,0,1.0000,0.999724,car
track0115[02].png,cbb1894,cbb1894,True,0,1.0000,0.999757,car
track0115[03].png,cbb1894,cbb1894,True,0,1.0000,0.999735,car
track0115[04].png,cbb1894,cbb1894,True,0,1.0000,0.999739,car
track0115[05].png,cbb1894,cbb1894,True,0,1.0000,0.999758,car
track0115[06].png,cbb1894,cbb1894,True,0,1.0000,0.999766,car
track0115[07].png,cbb1894,cbb1894,True,0,1.0000,0.999766,car
track0115[08].png,cbb1894,cbb1894,True,0,1.0000,0.999537,car
track0115[09].png,cbb1894,cbb1894,True,0,1.0000,0.999700,car
track0115[10].png,cbb1894,cbb1894,True,0,1.0000,0.957814,car
track0115[11].png,cbb1894,cbb1894,True,0,1.0000,0.999739,car
track0115[12].png,cbb1894,cbb1894,True,0,1.0000,0.999744,car
track0115[13].png,cbb1894,c8b1894,False,1,0.8571,0.602457,car
track0115[14].png,cbb1894,c8b1894,False,1,0.8571,0.977827,car
track0115[15].png,cbb1894,c8b1894,False,1,0.8571,0.986886,car
track0115[16].png,cbb1894,cbb1894,True,0,1.0000,0.895583,car
track0115[17].png,cbb1894,cbb1894,True,0,1.0000,0.999669,car
track0115[18].png,cbb1894,cbb1894,True,0,1.0000,0.500294,car
track0115[19].png,cbb1894,cbb1894,True,0,1.0000,0.999784,car
track0115[20].png,cbb1894,cbb1894,True,0,1.0000,0.999303,car
track0115[21].png,cbb1894,cbb1894,True,0,1.0000,0.785365,car
track0115[22].png,cbb1894,cbb1894,True,0,1.0000,0.999536,car
track0115[23].png,cbb1894,cbd1894,False,1,0.8571,0.764517,car
track0115[24].png,cbb1894,cbb1894,True,0,1.0000,0.999343,car
track0115[25].png,cbb1894,cbb1894,True,0,1.0000,0.999220,car
track0115[26].png,cbb1894,c8b1894,False,1,0.8571,0.909156,car
track0115[27].png,cbb1894,cbb1894,True,0,1.0000,0.998759,car
track0115[28].png,cbb1894,cbb1894,True,0,1.0000,0.982754,car
track0115[29].png,cbb1894,crb1894,False,1,0.8571,0.548504,car
track0115[30].png,cbb1894,cbb1894,True,0,1.0000,0.933586,car
track0116[01].png,pyp1906,pyp1906,True,0,1.0000,0.999476,car
track0116[02].png,pyp1906,pyp1906,True,0,1.0000,0.999741,car
track0116[03].png,pyp1906,pyp1906,True,0,1.0000,0.999751,car
track0116[04].png,pyp1906,pyp1906,True,0,1.0000,0.999788,car
track0116[05].png,pyp1906,pyp1906,True,0,1.0000,0.999749,car
track0116[06].png,pyp1906,pyp1906,True,0,1.0000,0.999665,car
track0116[07].png,pyp1906,pyp1906,True,0,1.0000,0.999756,car
track0116[08].png,pyp1906,pyp1906,True,0,1.0000,0.999742,car
track0116[09].png,pyp1906,pyp1906,True,0,1.0000,0.999706,car
track0116[10].png,pyp1906,pyp1906,True,0,1.0000,0.999666,car
track0116[11].png,pyp1906,pyp1906,True,0,1.0000,0.999565,car
track0116[12].png,pyp1906,pyp1906,True,0,1.0000,0.999745,car
track0116[13].png,pyp1906,pyp1906,True,0,1.0000,0.999669,car
track0116[14].png,pyp1906,pyp1906,True,0,1.0000,0.999668,car
track0116[15].png,pyp1906,pyp1906,True,0,1.0000,0.999766,car
track0116[16].png,pyp1906,pyp1906,True,0,1.0000,0.999729,car
track0116[17].png,pyp1906,pyp1906,True,0,1.0000,0.999688,car
track0116[18].png,pyp1906,pyp1906,True,0,1.0000,0.999763,car
track0116[19].png,pyp1906,pyp1906,True,0,1.0000,0.999635,car
track0116[20].png,pyp1906,pyp1906,True,0,1.0000,0.997976,car
track0116[21].png,pyp1906,pyp1906,True,0,1.0000,0.998681,car
track0116[22].png,pyp1906,pyp1906,True,0,1.0000,0.999358,car
track0116[23].png,pyp1906,pyp1906,True,0,1.0000,0.999350,car
track0116[24].png,pyp1906,pyp1906,True,0,1.0000,0.999270,car
track0116[25].png,pyp1906,pyp1906,True,0,1.0000,0.999733,car
track0116[26].png,pyp1906,pyp1906,True,0,1.0000,0.999411,car
track0116[27].png,pyp1906,pyp1906,True,0,1.0000,0.999707,car
track0116[28].png,pyp1906,pyp1906,True,0,1.0000,0.999718,car
track0116[29].png,pyp1906,pyp1906,True,0,1.0000,0.999732,car
track0116[30].png,pyp1906,pyp1906,True,0,1.0000,0.999757,car
track0117[01].png,aye1896,aye1896,True,0,1.0000,0.999586,car
track0117[02].png,aye1896,aye1896,True,0,1.0000,0.999682,car
track0117[03].png,aye1896,aye1896,True,0,1.0000,0.999552,car
track0117[04].png,aye1896,aye1896,True,0,1.0000,0.999684,car
track0117[05].png,aye1896,aye1896,True,0,1.0000,0.999630,car
track0117[06].png,aye1896,aye1896,True,0,1.0000,0.999659,car
track0117[07].png,aye1896,aye1896,True,0,1.0000,0.999582,car
track0117[08].png,aye1896,aye1896,True,0,1.0000,0.999538,car
track0117[09].png,aye1896,aye1896,True,0,1.0000,0.999606,car
track0117[10].png,aye1896,aye1896,True,0,1.0000,0.999639,car
track0117[11].png,aye1896,aye1896,True,0,1.0000,0.999543,car
track0117[12].png,aye1896,aye1896,True,0,1.0000,0.999413,car
track0117[13].png,aye1896,aye1896,True,0,1.0000,0.999633,car
track0117[14].png,aye1896,aye1896,True,0,1.0000,0.999478,car
track0117[15].png,aye1896,aye1896,True,0,1.0000,0.999726,car
track0117[16].png,aye1896,aye1896,True,0,1.0000,0.999688,car
track0117[17].png,aye1896,aye1896,True,0,1.0000,0.999692,car
track0117[18].png,aye1896,aye1896,True,0,1.0000,0.999021,car
track0117[19].png,aye1896,aye1896,True,0,1.0000,0.999695,car
track0117[20].png,aye1896,aye1896,True,0,1.0000,0.999647,car
track0117[21].png,aye1896,aye1896,True,0,1.0000,0.999736,car
track0117[22].png,aye1896,aye1896,True,0,1.0000,0.999621,car
track0117[23].png,aye1896,aye1896,True,0,1.0000,0.999679,car
track0117[24].png,aye1896,aye1896,True,0,1.0000,0.999027,car
track0117[25].png,aye1896,aye1896,True,0,1.0000,0.998993,car
track0117[26].png,aye1896,aye1896,True,0,1.0000,0.999233,car
track0117[27].png,aye1896,aye1896,True,0,1.0000,0.999615,car
track0117[28].png,aye1896,aye1896,True,0,1.0000,0.999724,car
track0117[29].png,aye1896,aye1896,True,0,1.0000,0.999642,car
track0117[30].png,aye1896,aye1896,True,0,1.0000,0.999610,car
track0118[01].png,awl4456,awl4456,True,0,1.0000,0.999534,car
track0118[02].png,awl4456,awl4456,True,0,1.0000,0.999735,car
track0118[03].png,awl4456,awl4456,True,0,1.0000,0.999758,car
track0118[04].png,awl4456,awl4456,True,0,1.0000,0.999764,car
track0118[05].png,awl4456,awl4456,True,0,1.0000,0.999779,car
track0118[06].png,awl4456,awl4456,True,0,1.0000,0.999747,car
track0118[07].png,awl4456,awl4456,True,0,1.0000,0.999309,car
track0118[08].png,awl4456,awl4456,True,0,1.0000,0.999463,car
track0118[09].png,awl4456,awl4456,True,0,1.0000,0.999756,car
track0118[10].png,awl4456,awl4456,True,0,1.0000,0.999665,car
track0118[11].png,awl4456,awl4456,True,0,1.0000,0.999735,car
track0118[12].png,awl4456,awl4456,True,0,1.0000,0.999681,car
track0118[13].png,awl4456,awl4456,True,0,1.0000,0.999711,car
track0118[14].png,awl4456,awl4456,True,0,1.0000,0.999422,car
track0118[15].png,awl4456,awl4456,True,0,1.0000,0.999750,car
track0118[16].png,awl4456,awl4456,True,0,1.0000,0.999704,car
track0118[17].png,awl4456,awl4456,True,0,1.0000,0.999652,car
track0118[18].png,awl4456,awl4456,True,0,1.0000,0.999693,car
track0118[19].png,awl4456,awl4456,True,0,1.0000,0.950863,car
track0118[20].png,awl4456,awl4456,True,0,1.0000,0.999250,car
track0118[21].png,awl4456,awl4456,True,0,1.0000,0.999050,car
track0118[22].png,awl4456,awl4456,True,0,1.0000,0.981901,car
track0118[23].png,awl4456,awl4456,True,0,1.0000,0.999786,car
track0118[24].png,awl4456,awl4456,True,0,1.0000,0.999744,car
track0118[25].png,awl4456,awl4456,True,0,1.0000,0.999759,car
track0118[26].png,awl4456,awl4456,True,0,1.0000,0.999740,car
track0118[27].png,awl4456,awl4456,True,0,1.0000,0.999771,car
track0118[28].png,awl4456,awl4456,True,0,1.0000,0.999795,car
track0118[29].png,awl4456,awl4456,True,0,1.0000,0.999795,car
track0118[30].png,awl4456,awl4456,True,0,1.0000,0.999737,car
track0119[01].png,ioz3616,ioz3616,True,0,1.0000,0.997982,car
track0119[02].png,ioz3616,ioz3616,True,0,1.0000,0.998322,car
track0119[03].png,ioz3616,ioz3616,True,0,1.0000,0.990597,car
track0119[04].png,ioz3616,ioz3616,True,0,1.0000,0.997617,car
track0119[05].png,ioz3616,ioz3616,True,0,1.0000,0.998404,car
track0119[06].png,ioz3616,ioz3616,True,0,1.0000,0.988900,car
track0119[07].png,ioz3616,ioz3616,True,0,1.0000,0.995901,car
track0119[08].png,ioz3616,ioz3616,True,0,1.0000,0.996013,car
track0119[09].png,ioz3616,ioz3616,True,0,1.0000,0.985286,car
track0119[10].png,ioz3616,ioz3616,True,0,1.0000,0.994124,car
track0119[11].png,ioz3616,ioz3616,True,0,1.0000,0.997165,car
track0119[12].png,ioz3616,ioz3616,True,0,1.0000,0.996505,car
track0119[13].png,ioz3616,ioz3616,True,0,1.0000,0.987513,car
track0119[14].png,ioz3616,ioz3616,True,0,1.0000,0.995153,car
track0119[15].png,ioz3616,ioz3616,True,0,1.0000,0.987558,car
track0119[16].png,ioz3616,ioz3616,True,0,1.0000,0.997495,car
track0119[17].png,ioz3616,ioz3616,True,0,1.0000,0.996925,car
track0119[18].png,ioz3616,ioz3616,True,0,1.0000,0.998726,car
track0119[19].png,ioz3616,ioz3616,True,0,1.0000,0.994257,car
track0119[20].png,ioz3616,ioz3616,True,0,1.0000,0.998889,car
track0119[21].png,ioz3616,ioz3616,True,0,1.0000,0.998441,car
track0119[22].png,ioz3616,ioz3616,True,0,1.0000,0.998690,car
track0119[23].png,ioz3616,ioz3616,True,0,1.0000,0.995230,car
track0119[24].png,ioz3616,ioz3616,True,0,1.0000,0.998752,car
track0119[25].png,ioz3616,ioz3616,True,0,1.0000,0.997726,car
track0119[26].png,ioz3616,ioz3616,True,0,1.0000,0.993384,car
track0119[27].png,ioz3616,ioz3616,True,0,1.0000,0.994566,car
track0119[28].png,ioz3616,ioz3616,True,0,1.0000,0.996641,car
track0119[29].png,ioz3616,ioz3616,True,0,1.0000,0.996757,car
track0119[30].png,ioz3616,ioz3616,True,0,1.0000,0.991620,car
track0120[01].png,bcj9595,bcj9595,True,0,1.0000,0.958919,car
track0120[02].png,bcj9595,boj9595,False,1,0.8571,0.986118,car
track0120[03].png,bcj9595,boj9595,False,1,0.8571,0.586070,car
track0120[04].png,bcj9595,boj9595,False,1,0.8571,0.533965,car
track0120[05].png,bcj9595,boj9595,False,1,0.8571,0.895701,car
track0120[06].png,bcj9595,bcj9595,True,0,1.0000,0.955635,car
track0120[07].png,bcj9595,bcj9596,False,1,0.8571,0.960192,car
track0120[08].png,bcj9595,bcj9595,True,0,1.0000,0.999167,car
track0120[09].png,bcj9595,bcj9595,True,0,1.0000,0.999618,car
track0120[10].png,bcj9595,bcj9595,True,0,1.0000,0.999758,car
track0120[11].png,bcj9595,bcj9595,True,0,1.0000,0.970470,car
track0120[12].png,bcj9595,blj9595,False,1,0.8571,0.967358,car
track0120[13].png,bcj9595,blj9595,False,1,0.8571,0.596729,car
track0120[14].png,bcj9595,bcj9595,True,0,1.0000,0.998812,car
track0120[15].png,bcj9595,bcj9595,True,0,1.0000,0.998719,car
track0120[16].png,bcj9595,bcj9595,True,0,1.0000,0.998816,car
track0120[17].png,bcj9595,bcj9595,True,0,1.0000,0.998991,car
track0120[18].png,bcj9595,bcj9595,True,0,1.0000,0.999785,car
track0120[19].png,bcj9595,bcj9595,True,0,1.0000,0.999743,car
track0120[20].png,bcj9595,bcj9595,True,0,1.0000,0.999758,car
track0120[21].png,bcj9595,bcj9595,True,0,1.0000,0.999751,car
track0120[22].png,bcj9595,bcj9595,True,0,1.0000,0.998264,car
track0120[23].png,bcj9595,bcj9595,True,0,1.0000,0.999629,car
track0120[24].png,bcj9595,bcj9595,True,0,1.0000,0.999540,car
track0120[25].png,bcj9595,bcj9595,True,0,1.0000,0.999720,car
track0120[26].png,bcj9595,bcj9595,True,0,1.0000,0.999732,car
track0120[27].png,bcj9595,bcj9595,True,0,1.0000,0.999800,car
track0120[28].png,bcj9595,bcj9595,True,0,1.0000,0.999781,car
track0120[29].png,bcj9595,bcj9595,True,0,1.0000,0.999782,car
track0120[30].png,bcj9595,bcj9595,True,0,1.0000,0.999765,car
track0121[01].png,azu3476,azu3476,True,0,1.0000,0.998358,car
track0121[02].png,azu3476,azu3476,True,0,1.0000,0.999014,car
track0121[03].png,azu3476,azu3476,True,0,1.0000,0.995867,car
track0121[04].png,azu3476,azu3476,True,0,1.0000,0.996460,car
track0121[05].png,azu3476,azu3476,True,0,1.0000,0.996898,car
track0121[06].png,azu3476,azu3476,True,0,1.0000,0.999160,car
track0121[07].png,azu3476,azu3476,True,0,1.0000,0.919523,car
track0121[08].png,azu3476,azu3476,True,0,1.0000,0.966411,car
track0121[09].png,azu3476,azu3476,True,0,1.0000,0.998592,car
track0121[10].png,azu3476,azu3476,True,0,1.0000,0.998920,car
track0121[11].png,azu3476,azu3476,True,0,1.0000,0.998132,car
track0121[12].png,azu3476,azu3476,True,0,1.0000,0.992878,car
track0121[13].png,azu3476,azu3476,True,0,1.0000,0.997917,car
track0121[14].png,azu3476,azu3476,True,0,1.0000,0.998907,car
track0121[15].png,azu3476,azu3476,True,0,1.0000,0.995876,car
track0121[16].png,azu3476,azu3476,True,0,1.0000,0.924141,car
track0121[17].png,azu3476,azu3476,True,0,1.0000,0.996803,car
track0121[18].png,azu3476,azu3476,True,0,1.0000,0.999398,car
track0121[19].png,azu3476,azu3476,True,0,1.0000,0.993395,car
track0121[20].png,azu3476,azu3476,True,0,1.0000,0.994767,car
track0121[21].png,azu3476,azu3476,True,0,1.0000,0.991143,car
track0121[22].png,azu3476,azu3476,True,0,1.0000,0.999292,car
track0121[23].png,azu3476,azu3476,True,0,1.0000,0.986561,car
track0121[24].png,azu3476,azu3476,True,0,1.0000,0.998530,car
track0121[25].png,azu3476,azu3476,True,0,1.0000,0.996233,car
track0121[26].png,azu3476,azu3476,True,0,1.0000,0.995879,car
track0121[27].png,azu3476,azu3476,True,0,1.0000,0.999324,car
track0121[28].png,azu3476,azu3476,True,0,1.0000,0.999253,car
track0121[29].png,azu3476,azu3476,True,0,1.0000,0.999156,car
track0121[30].png,azu3476,azu3476,True,0,1.0000,0.997978,car
track0122[01].png,mca9954,mca9954,True,0,1.0000,0.999607,motorcycle
track0122[02].png,mca9954,mca9954,True,0,1.0000,0.999581,motorcycle
track0122[03].png,mca9954,mca9954,True,0,1.0000,0.999616,motorcycle
track0122[04].png,mca9954,mca9954,True,0,1.0000,0.999522,motorcycle
track0122[05].png,mca9954,mca9954,True,0,1.0000,0.999616,motorcycle
track0122[06].png,mca9954,mca9954,True,0,1.0000,0.998264,motorcycle
track0122[07].png,mca9954,mca9954,True,0,1.0000,0.999563,motorcycle
track0122[08].png,mca9954,mca9954,True,0,1.0000,0.999521,motorcycle
track0122[09].png,mca9954,mca9954,True,0,1.0000,0.999550,motorcycle
track0122[10].png,mca9954,mca9954,True,0,1.0000,0.999651,motorcycle
track0122[11].png,mca9954,mca9954,True,0,1.0000,0.999573,motorcycle
track0122[12].png,mca9954,mca9954,True,0,1.0000,0.999508,motorcycle
track0122[13].png,mca9954,mca9954,True,0,1.0000,0.999599,motorcycle
track0122[14].png,mca9954,mca9954,True,0,1.0000,0.999626,motorcycle
track0122[15].png,mca9954,mca9954,True,0,1.0000,0.999565,motorcycle
track0122[16].png,mca9954,mca9954,True,0,1.0000,0.999575,motorcycle
track0122[17].png,mca9954,mca9954,True,0,1.0000,0.999678,motorcycle
track0122[18].png,mca9954,mca9954,True,0,1.0000,0.999561,motorcycle
track0122[19].png,mca9954,mca9954,True,0,1.0000,0.999533,motorcycle
track0122[20].png,mca9954,mca9954,True,0,1.0000,0.999553,motorcycle
track0122[21].png,mca9954,mca9954,True,0,1.0000,0.999516,motorcycle
track0122[22].png,mca9954,mca9954,True,0,1.0000,0.999580,motorcycle
track0122[23].png,mca9954,mca9954,True,0,1.0000,0.999577,motorcycle
track0122[24].png,mca9954,mca9954,True,0,1.0000,0.999550,motorcycle
track0122[25].png,mca9954,mca9954,True,0,1.0000,0.999626,motorcycle
track0122[26].png,mca9954,mca9954,True,0,1.0000,0.999577,motorcycle
track0122[27].png,mca9954,mca9954,True,0,1.0000,0.999619,motorcycle
track0122[28].png,mca9954,mca9954,True,0,1.0000,0.999575,motorcycle
track0122[29].png,mca9954,mca9954,True,0,1.0000,0.999542,motorcycle
track0122[30].png,mca9954,mca9954,True,0,1.0000,0.999580,motorcycle
track0123[01].png,asg9143,asg9143,True,0,1.0000,0.447031,motorcycle
track0123[02].png,asg9143,asq0143,False,2,0.7143,0.884416,motorcycle
track0123[03].png,asg9143,aso9143,False,1,0.8571,0.528108,motorcycle
track0123[04].png,asg9143,aso9143,False,1,0.8571,0.808642,motorcycle
track0123[05].png,asg9143,asq9143,False,1,0.8571,0.815810,motorcycle
track0123[06].png,asg9143,ksq9143,False,2,0.7143,0.655834,motorcycle
track0123[07].png,asg9143,asq9143,False,1,0.8571,0.995397,motorcycle
track0123[08].png,asg9143,asg9143,True,0,1.0000,0.987285,motorcycle
track0123[09].png,asg9143,asg9143,True,0,1.0000,0.534925,motorcycle
track0123[10].png,asg9143,asg9143,True,0,1.0000,0.970998,motorcycle
track0123[11].png,asg9143,asg9143,True,0,1.0000,0.935445,motorcycle
track0123[12].png,asg9143,asg9143,True,0,1.0000,0.998477,motorcycle
track0123[13].png,asg9143,asg9143,True,0,1.0000,0.988535,motorcycle
track0123[14].png,asg9143,asg9143,True,0,1.0000,0.992097,motorcycle
track0123[15].png,asg9143,asg9143,True,0,1.0000,0.990652,motorcycle
track0123[16].png,asg9143,asg9143,True,0,1.0000,0.998890,motorcycle
track0123[17].png,asg9143,asg9143,True,0,1.0000,0.987422,motorcycle
track0123[18].png,asg9143,asg9143,True,0,1.0000,0.939578,motorcycle
track0123[19].png,asg9143,asq9143,False,1,0.8571,0.998508,motorcycle
track0123[20].png,asg9143,asg9143,True,0,1.0000,0.862227,motorcycle
track0123[21].png,asg9143,asg9143,True,0,1.0000,0.873217,motorcycle
track0123[22].png,asg9143,asg9143,True,0,1.0000,0.989480,motorcycle
track0123[23].png,asg9143,asg9143,True,0,1.0000,0.980608,motorcycle
track0123[24].png,asg9143,asg9143,True,0,1.0000,0.998648,motorcycle
track0123[25].png,asg9143,asg9143,True,0,1.0000,0.651823,motorcycle
track0123[26].png,asg9143,asg9143,True,0,1.0000,0.996447,motorcycle
track0123[27].png,asg9143,asg9143,True,0,1.0000,0.990027,motorcycle
track0123[28].png,asg9143,asq9143,False,1,0.8571,0.599004,motorcycle
track0123[29].png,asg9143,asq9143,False,1,0.8571,0.979780,motorcycle
track0123[30].png,asg9143,asg9143,True,0,1.0000,0.887347,motorcycle
track0124[01].png,maw3186,man3186,False,1,0.8571,0.624268,car
track0124[02].png,maw3186,man3186,False,1,0.8571,0.979058,car
track0124[03].png,maw3186,man3186,False,1,0.8571,0.512179,car
track0124[04].png,maw3186,man3186,False,1,0.8571,0.988636,car
track0124[05].png,maw3186,man3186,False,1,0.8571,0.510000,car
track0124[06].png,maw3186,maw3318,False,2,0.7143,0.228980,car
track0124[07].png,maw3186,man3186,False,1,0.8571,0.924549,car
track0124[08].png,maw3186,man3186,False,1,0.8571,0.995920,car
track0124[09].png,maw3186,maw3186,True,0,1.0000,0.531431,car
track0124[10].png,maw3186,maw3186,True,0,1.0000,0.899156,car
track0124[11].png,maw3186,maw3186,True,0,1.0000,0.799647,car
track0124[12].png,maw3186,maw3186,True,0,1.0000,0.998322,car
track0124[13].png,maw3186,maw3186,True,0,1.0000,0.976342,car
track0124[14].png,maw3186,maw3186,True,0,1.0000,0.998223,car
track0124[15].png,maw3186,maw3186,True,0,1.0000,0.976599,car
track0124[16].png,maw3186,maw31e6,False,1,0.8571,0.823805,car
track0124[17].png,maw3186,maw3186,True,0,1.0000,0.827519,car
track0124[18].png,maw3186,maw3186,True,0,1.0000,0.965124,car
track0124[19].png,maw3186,maw3186,True,0,1.0000,0.974159,car
track0124[20].png,maw3186,maw3186,True,0,1.0000,0.969926,car
track0124[21].png,maw3186,maw3186,True,0,1.0000,0.978735,car
track0124[22].png,maw3186,maw3186,True,0,1.0000,0.982445,car
track0124[23].png,maw3186,maw3186,True,0,1.0000,0.985318,car
track0124[24].png,maw3186,maw3186,True,0,1.0000,0.959006,car
track0124[25].png,maw3186,maw3186,True,0,1.0000,0.998358,car
track0124[26].png,maw3186,maw3186,True,0,1.0000,0.993840,car
track0124[27].png,maw3186,maw3186,True,0,1.0000,0.999115,car
track0124[28].png,maw3186,maw3186,True,0,1.0000,0.998324,car
track0124[29].png,maw3186,maw3186,True,0,1.0000,0.980043,car
track0124[30].png,maw3186,maw3186,True,0,1.0000,0.908069,car
track0125[01].png,ayb1489,ayb1489,True,0,1.0000,0.999731,car
track0125[02].png,ayb1489,ayb1489,True,0,1.0000,0.999846,car
track0125[03].png,ayb1489,ayb1489,True,0,1.0000,0.999846,car
track0125[04].png,ayb1489,ayb1489,True,0,1.0000,0.999792,car
track0125[05].png,ayb1489,ayb1489,True,0,1.0000,0.999879,car
track0125[06].png,ayb1489,ayb1489,True,0,1.0000,0.999863,car
track0125[07].png,ayb1489,ayb1489,True,0,1.0000,0.999788,car
track0125[08].png,ayb1489,ayb1489,True,0,1.0000,0.999647,car
track0125[09].png,ayb1489,ayb1489,True,0,1.0000,0.999791,car
track0125[10].png,ayb1489,ayb1489,True,0,1.0000,0.999844,car
track0125[11].png,ayb1489,ayb1489,True,0,1.0000,0.999828,car
track0125[12].png,ayb1489,ayb1489,True,0,1.0000,0.999863,car
track0125[13].png,ayb1489,ayb1489,True,0,1.0000,0.999672,car
track0125[14].png,ayb1489,ayb1489,True,0,1.0000,0.999441,car
track0125[15].png,ayb1489,ayb1489,True,0,1.0000,0.998064,car
track0125[16].png,ayb1489,ayb1489,True,0,1.0000,0.999530,car
track0125[17].png,ayb1489,ayb1489,True,0,1.0000,0.999801,car
track0125[18].png,ayb1489,ayb1489,True,0,1.0000,0.999730,car
track0125[19].png,ayb1489,ayb1489,True,0,1.0000,0.999799,car
track0125[20].png,ayb1489,ayb1489,True,0,1.0000,0.999844,car
track0125[21].png,ayb1489,ayb1489,True,0,1.0000,0.999799,car
track0125[22].png,ayb1489,ayb1489,True,0,1.0000,0.999498,car
track0125[23].png,ayb1489,ayb1489,True,0,1.0000,0.999755,car
track0125[24].png,ayb1489,ayb1489,True,0,1.0000,0.999450,car
track0125[25].png,ayb1489,ayb1489,True,0,1.0000,0.999790,car
track0125[26].png,ayb1489,ayb1489,True,0,1.0000,0.999699,car
track0125[27].png,ayb1489,ayb1489,True,0,1.0000,0.999848,car
track0125[28].png,ayb1489,ayb1489,True,0,1.0000,0.999708,car
track0125[29].png,ayb1489,ayb1489,True,0,1.0000,0.999821,car
track0125[30].png,ayb1489,ayb1489,True,0,1.0000,0.999827,car
track0126[01].png,avi0949,avi0949,True,0,1.0000,0.999589,car
track0126[02].png,avi0949,avi0949,True,0,1.0000,0.999647,car
track0126[03].png,avi0949,avi0949,True,0,1.0000,0.998930,car
track0126[04].png,avi0949,avi0949,True,0,1.0000,0.999532,car
track0126[05].png,avi0949,avi0949,True,0,1.0000,0.779043,car
track0126[06].png,avi0949,avi0949,True,0,1.0000,0.999475,car
track0126[07].png,avi0949,avi0949,True,0,1.0000,0.999587,car
track0126[08].png,avi0949,avi0949,True,0,1.0000,0.999462,car
track0126[09].png,avi0949,avi0949,True,0,1.0000,0.999320,car
track0126[10].png,avi0949,avi0949,True,0,1.0000,0.997017,car
track0126[11].png,avi0949,avi0949,True,0,1.0000,0.997996,car
track0126[12].png,avi0949,avi0949,True,0,1.0000,0.999361,car
track0126[13].png,avi0949,avi0949,True,0,1.0000,0.998990,car
track0126[14].png,avi0949,avi0949,True,0,1.0000,0.999081,car
track0126[15].png,avi0949,avi0949,True,0,1.0000,0.999494,car
track0126[16].png,avi0949,avi0949,True,0,1.0000,0.999592,car
track0126[17].png,avi0949,avi0949,True,0,1.0000,0.999584,car
track0126[18].png,avi0949,avi0949,True,0,1.0000,0.999634,car
track0126[19].png,avi0949,avi0949,True,0,1.0000,0.999588,car
track0126[20].png,avi0949,avi0949,True,0,1.0000,0.999597,car
track0126[21].png,avi0949,avi0949,True,0,1.0000,0.999742,car
track0126[22].png,avi0949,avi0949,True,0,1.0000,0.999639,car
track0126[23].png,avi0949,avi0949,True,0,1.0000,0.999590,car
track0126[24].png,avi0949,avi0949,True,0,1.0000,0.999557,car
track0126[25].png,avi0949,avi0949,True,0,1.0000,0.999626,car
track0126[26].png,avi0949,avi0949,True,0,1.0000,0.999517,car
track0126[27].png,avi0949,avi0949,True,0,1.0000,0.999358,car
track0126[28].png,avi0949,avi0949,True,0,1.0000,0.998506,car
track0126[29].png,avi0949,avi0949,True,0,1.0000,0.999331,car
track0126[30].png,avi0949,avi0949,True,0,1.0000,0.999511,car
track0127[01].png,aqw1379,aqw1979,False,1,0.8571,0.998576,motorcycle
track0127[02].png,aqw1379,aqw1379,True,0,1.0000,0.997325,motorcycle
track0127[03].png,aqw1379,aqw1379,True,0,1.0000,0.766756,motorcycle
track0127[04].png,aqw1379,aqw1379,True,0,1.0000,0.999710,motorcycle
track0127[05].png,aqw1379,aqw1379,True,0,1.0000,0.999763,motorcycle
track0127[06].png,aqw1379,aqw1379,True,0,1.0000,0.902327,motorcycle
track0127[07].png,aqw1379,aqw1379,True,0,1.0000,0.999763,motorcycle
track0127[08].png,aqw1379,aqw1379,True,0,1.0000,0.999521,motorcycle
track0127[09].png,aqw1379,aqw1379,True,0,1.0000,0.999804,motorcycle
track0127[10].png,aqw1379,aqw1379,True,0,1.0000,0.999842,motorcycle
track0127[11].png,aqw1379,aqw1379,True,0,1.0000,0.999848,motorcycle
track0127[12].png,aqw1379,aqw1379,True,0,1.0000,0.999758,motorcycle
track0127[13].png,aqw1379,aqw1379,True,0,1.0000,0.998993,motorcycle
track0127[14].png,aqw1379,aqw1379,True,0,1.0000,0.999189,motorcycle
track0127[15].png,aqw1379,aqw1379,True,0,1.0000,0.994646,motorcycle
track0127[16].png,aqw1379,aqw1379,True,0,1.0000,0.998762,motorcycle
track0127[17].png,aqw1379,aqw1979,False,1,0.8571,0.515663,motorcycle
track0127[18].png,aqw1379,aqw1379,True,0,1.0000,0.998681,motorcycle
track0127[19].png,aqw1379,aqw1979,False,1,0.8571,0.916667,motorcycle
track0127[20].png,aqw1379,aqy1379,False,1,0.8571,0.535171,motorcycle
track0127[21].png,aqw1379,aqw1379,True,0,1.0000,0.999720,motorcycle
track0127[22].png,aqw1379,aqw1379,True,0,1.0000,0.999747,motorcycle
track0127[23].png,aqw1379,aqw1379,True,0,1.0000,0.999426,motorcycle
track0127[24].png,aqw1379,aqw1379,True,0,1.0000,0.999758,motorcycle
track0127[25].png,aqw1379,aqw1379,True,0,1.0000,0.999609,motorcycle
track0127[26].png,aqw1379,aqw1379,True,0,1.0000,0.999756,motorcycle
track0127[27].png,aqw1379,aqw1379,True,0,1.0000,0.999778,motorcycle
track0127[28].png,aqw1379,aqw1379,True,0,1.0000,0.999621,motorcycle
track0127[29].png,aqw1379,aqw1379,True,0,1.0000,0.999825,motorcycle
track0127[30].png,aqw1379,aqw1379,True,0,1.0000,0.999800,motorcycle
track0128[01].png,awp0816,awp0816,True,0,1.0000,0.998881,car
track0128[02].png,awp0816,awp0816,True,0,1.0000,0.999058,car
track0128[03].png,awp0816,awp0816,True,0,1.0000,0.999503,car
track0128[04].png,awp0816,awp0816,True,0,1.0000,0.997168,car
track0128[05].png,awp0816,awp0816,True,0,1.0000,0.748215,car
track0128[06].png,awp0816,awp0916,False,1,0.8571,0.946200,car
track0128[07].png,awp0816,awp0816,True,0,1.0000,0.995038,car
track0128[08].png,awp0816,awp0816,True,0,1.0000,0.999300,car
track0128[09].png,awp0816,awp0816,True,0,1.0000,0.999301,car
track0128[10].png,awp0816,awp0816,True,0,1.0000,0.999447,car
track0128[11].png,awp0816,awp0918,False,2,0.7143,0.519519,car
track0128[12].png,awp0816,anp0916,False,2,0.7143,0.746129,car
track0128[13].png,awp0816,anp0916,False,2,0.7143,0.973498,car
track0128[14].png,awp0816,awp0816,True,0,1.0000,0.972990,car
track0128[15].png,awp0816,awp0d16,False,1,0.8571,0.689199,car
track0128[16].png,awp0816,awp0b16,False,1,0.8571,0.996659,car
track0128[17].png,awp0816,awp0b16,False,1,0.8571,0.990422,car
track0128[18].png,awp0816,awp0b16,False,1,0.8571,0.981144,car
track0128[19].png,awp0816,awp0b16,False,1,0.8571,0.998670,car
track0128[20].png,awp0816,awp0516,False,1,0.8571,0.591142,car
track0128[21].png,awp0816,awp0816,True,0,1.0000,0.995484,car
track0128[22].png,awp0816,awp0816,True,0,1.0000,0.992892,car
track0128[23].png,awp0816,ahp0916,False,2,0.7143,0.936522,car
track0128[24].png,awp0816,anp0816,False,1,0.8571,0.532795,car
track0128[25].png,awp0816,awp0816,True,0,1.0000,0.581239,car
track0128[26].png,awp0816,awp0816,True,0,1.0000,0.839236,car
track0128[27].png,awp0816,awp0816,True,0,1.0000,0.988808,car
track0128[28].png,awp0816,awp0816,True,0,1.0000,0.684056,car
track0128[29].png,awp0816,awp0816,True,0,1.0000,0.912303,car
track0128[30].png,awp0816,awp0816,True,0,1.0000,0.999459,car
track0129[01].png,mak0198,mak0198,True,0,1.0000,0.999255,car
track0129[02].png,mak0198,mak0198,True,0,1.0000,0.999645,car
track0129[03].png,mak0198,mak0198,True,0,1.0000,0.999118,car
track0129[04].png,mak0198,mak0198,True,0,1.0000,0.999033,car
track0129[05].png,mak0198,mak0198,True,0,1.0000,0.999669,car
track0129[06].png,mak0198,mak0198,True,0,1.0000,0.999689,car
track0129[07].png,mak0198,mak0198,True,0,1.0000,0.999465,car
track0129[08].png,mak0198,mak0198,True,0,1.0000,0.999741,car
track0129[09].png,mak0198,mak0198,True,0,1.0000,0.999677,car
track0129[10].png,mak0198,mak0198,True,0,1.0000,0.999572,car
track0129[11].png,mak0198,mak0198,True,0,1.0000,0.998679,car
track0129[12].png,mak0198,mak0198,True,0,1.0000,0.998948,car
track0129[13].png,mak0198,mak0198,True,0,1.0000,0.997966,car
track0129[14].png,mak0198,mak0198,True,0,1.0000,0.998872,car
track0129[15].png,mak0198,mak0198,True,0,1.0000,0.997139,car
track0129[16].png,mak0198,mak0198,True,0,1.0000,0.998778,car
track0129[17].png,mak0198,mak0198,True,0,1.0000,0.998883,car
track0129[18].png,mak0198,mak0198,True,0,1.0000,0.999249,car
track0129[19].png,mak0198,mak0198,True,0,1.0000,0.999276,car
track0129[20].png,mak0198,mak0198,True,0,1.0000,0.998889,car
track0129[21].png,mak0198,mak0198,True,0,1.0000,0.999130,car
track0129[22].png,mak0198,mak0198,True,0,1.0000,0.999211,car
track0129[23].png,mak0198,mak0198,True,0,1.0000,0.998867,car
track0129[24].png,mak0198,mak0198,True,0,1.0000,0.999561,car
track0129[25].png,mak0198,mak0198,True,0,1.0000,0.999462,car
track0129[26].png,mak0198,mak0198,True,0,1.0000,0.999510,car
track0129[27].png,mak0198,mak0198,True,0,1.0000,0.999654,car
track0129[28].png,mak0198,mak0198,True,0,1.0000,0.998688,car
track0129[29].png,mak0198,mak0198,True,0,1.0000,0.995876,car
track0129[30].png,mak0198,mak0198,True,0,1.0000,0.998471,car
track0130[01].png,alj9348,alj9348,True,0,1.0000,0.999682,motorcycle
track0130[02].png,alj9348,alj9348,True,0,1.0000,0.999654,motorcycle
track0130[03].png,alj9348,alj9348,True,0,1.0000,0.999663,motorcycle
track0130[04].png,alj9348,alj9348,True,0,1.0000,0.999604,motorcycle
track0130[05].png,alj9348,alj9348,True,0,1.0000,0.999540,motorcycle
track0130[06].png,alj9348,alj9348,True,0,1.0000,0.999626,motorcycle
track0130[07].png,alj9348,alj9348,True,0,1.0000,0.999509,motorcycle
track0130[08].png,alj9348,alj9348,True,0,1.0000,0.999507,motorcycle
track0130[09].png,alj9348,alj9348,True,0,1.0000,0.999597,motorcycle
track0130[10].png,alj9348,alj9348,True,0,1.0000,0.999641,motorcycle
track0130[11].png,alj9348,alj9348,True,0,1.0000,0.999610,motorcycle
track0130[12].png,alj9348,alj9348,True,0,1.0000,0.999677,motorcycle
track0130[13].png,alj9348,alj9348,True,0,1.0000,0.999620,motorcycle
track0130[14].png,alj9348,alj9348,True,0,1.0000,0.999665,motorcycle
track0130[15].png,alj9348,alj9348,True,0,1.0000,0.999684,motorcycle
track0130[16].png,alj9348,alj9348,True,0,1.0000,0.999620,motorcycle
track0130[17].png,alj9348,alj9348,True,0,1.0000,0.999478,motorcycle
track0130[18].png,alj9348,alj9348,True,0,1.0000,0.999538,motorcycle
track0130[19].png,alj9348,alj9348,True,0,1.0000,0.999554,motorcycle
track0130[20].png,alj9348,alj9348,True,0,1.0000,0.999427,motorcycle
track0130[21].png,alj9348,alj9348,True,0,1.0000,0.999641,motorcycle
track0130[22].png,alj9348,alj9348,True,0,1.0000,0.998691,motorcycle
track0130[23].png,alj9348,alj9348,True,0,1.0000,0.999611,motorcycle
track0130[24].png,alj9348,alj9348,True,0,1.0000,0.999698,motorcycle
track0130[25].png,alj9348,alj9348,True,0,1.0000,0.999506,motorcycle
track0130[26].png,alj9348,alj9348,True,0,1.0000,0.999320,motorcycle
track0130[27].png,alj9348,alj9348,True,0,1.0000,0.999608,motorcycle
track0130[28].png,alj9348,alj9348,True,0,1.0000,0.999649,motorcycle
track0130[29].png,alj9348,alj9348,True,0,1.0000,0.999700,motorcycle
track0130[30].png,alj9348,alj9348,True,0,1.0000,0.999755,motorcycle
track0131[01].png,att4025,att4025,True,0,1.0000,0.985306,car
track0131[02].png,att4025,att4025,True,0,1.0000,0.742952,car
track0131[03].png,att4025,att4025,True,0,1.0000,0.930166,car
track0131[04].png,att4025,att4025,True,0,1.0000,0.558807,car
track0131[05].png,att4025,att4026,False,1,0.8571,0.633734,car
track0131[06].png,att4025,att4026,False,1,0.8571,0.955546,car
track0131[07].png,att4025,att4025,True,0,1.0000,0.990129,car
track0131[08].png,att4025,att4025,True,0,1.0000,0.997392,car
track0131[09].png,att4025,att4025,True,0,1.0000,0.996371,car
track0131[10].png,att4025,att4025,True,0,1.0000,0.979352,car
track0131[11].png,att4025,att4025,True,0,1.0000,0.998949,car
track0131[12].png,att4025,att4025,True,0,1.0000,0.997242,car
track0131[13].png,att4025,att4025,True,0,1.0000,0.999255,car
track0131[14].png,att4025,att4025,True,0,1.0000,0.999306,car
track0131[15].png,att4025,att4025,True,0,1.0000,0.991766,car
track0131[16].png,att4025,att4025,True,0,1.0000,0.999079,car
track0131[17].png,att4025,att4025,True,0,1.0000,0.968845,car
track0131[18].png,att4025,att4025,True,0,1.0000,0.999283,car
track0131[19].png,att4025,att4025,True,0,1.0000,0.999286,car
track0131[20].png,att4025,att4025,True,0,1.0000,0.999086,car
track0131[21].png,att4025,att4025,True,0,1.0000,0.998973,car
track0131[22].png,att4025,att4025,True,0,1.0000,0.996832,car
track0131[23].png,att4025,att4025,True,0,1.0000,0.997866,car
track0131[24].png,att4025,att4025,True,0,1.0000,0.981251,car
track0131[25].png,att4025,att4025,True,0,1.0000,0.961142,car
track0131[26].png,att4025,att4025,True,0,1.0000,0.982564,car
track0131[27].png,att4025,att4026,False,1,0.8571,0.505197,car
track0131[28].png,att4025,att4025,True,0,1.0000,0.998104,car
track0131[29].png,att4025,att4025,True,0,1.0000,0.995338,car
track0131[30].png,att4025,att4025,True,0,1.0000,0.998223,car
track0132[01].png,axv9857,axv9857,True,0,1.0000,0.998943,car
track0132[02].png,axv9857,axv9857,True,0,1.0000,0.995683,car
track0132[03].png,axv9857,axw9857,False,1,0.8571,0.992366,car
track0132[04].png,axv9857,axv9857,True,0,1.0000,0.862758,car
track0132[05].png,axv9857,axv9857,True,0,1.0000,0.999283,car
track0132[06].png,axv9857,axv9857,True,0,1.0000,0.999372,car
track0132[07].png,axv9857,axv9857,True,0,1.0000,0.999307,car
track0132[08].png,axv9857,axv9857,True,0,1.0000,0.988342,car
track0132[09].png,axv9857,axv9857,True,0,1.0000,0.999429,car
track0132[10].png,axv9857,axv9857,True,0,1.0000,0.999462,car
track0132[11].png,axv9857,axv9857,True,0,1.0000,0.998839,car
track0132[12].png,axv9857,axv9857,True,0,1.0000,0.999478,car
track0132[13].png,axv9857,axv9857,True,0,1.0000,0.999504,car
track0132[14].png,axv9857,axv9857,True,0,1.0000,0.999401,car
track0132[15].png,axv9857,axv9857,True,0,1.0000,0.999423,car
track0132[16].png,axv9857,axv9857,True,0,1.0000,0.997654,car
track0132[17].png,axv9857,axv9857,True,0,1.0000,0.998287,car
track0132[18].png,axv9857,axv9857,True,0,1.0000,0.999052,car
track0132[19].png,axv9857,axw9857,False,1,0.8571,0.957483,car
track0132[20].png,axv9857,axv9857,True,0,1.0000,0.992641,car
track0132[21].png,axv9857,axv9857,True,0,1.0000,0.998952,car
track0132[22].png,axv9857,axv9857,True,0,1.0000,0.998756,car
track0132[23].png,axv9857,axv9857,True,0,1.0000,0.999305,car
track0132[24].png,axv9857,axv9857,True,0,1.0000,0.999325,car
track0132[25].png,axv9857,axv9857,True,0,1.0000,0.998581,car
track0132[26].png,axv9857,axv9857,True,0,1.0000,0.998742,car
track0132[27].png,axv9857,axv9857,True,0,1.0000,0.996940,car
track0132[28].png,axv9857,axv9857,True,0,1.0000,0.999124,car
track0132[29].png,axv9857,axv9857,True,0,1.0000,0.997243,car
track0132[30].png,axv9857,axv9857,True,0,1.0000,0.998504,car
track0133[01].png,ahy9777,ahy9777,True,0,1.0000,0.999869,car
track0133[02].png,ahy9777,ahy9777,True,0,1.0000,0.999873,car
track0133[03].png,ahy9777,ahy9777,True,0,1.0000,0.999872,car
track0133[04].png,ahy9777,ahy9777,True,0,1.0000,0.999691,car
track0133[05].png,ahy9777,ahy9777,True,0,1.0000,0.999870,car
track0133[06].png,ahy9777,ahy9777,True,0,1.0000,0.999846,car
track0133[07].png,ahy9777,ahy9777,True,0,1.0000,0.999810,car
track0133[08].png,ahy9777,ahy9777,True,0,1.0000,0.999828,car
track0133[09].png,ahy9777,ahy9777,True,0,1.0000,0.999863,car
track0133[10].png,ahy9777,ahy9777,True,0,1.0000,0.999570,car
track0133[11].png,ahy9777,ahy9777,True,0,1.0000,0.999710,car
track0133[12].png,ahy9777,ahy9777,True,0,1.0000,0.999743,car
track0133[13].png,ahy9777,ahy9777,True,0,1.0000,0.999852,car
track0133[14].png,ahy9777,ahy9777,True,0,1.0000,0.999850,car
track0133[15].png,ahy9777,ahy9777,True,0,1.0000,0.999750,car
track0133[16].png,ahy9777,ahy9777,True,0,1.0000,0.999723,car
track0133[17].png,ahy9777,ahy9777,True,0,1.0000,0.999860,car
track0133[18].png,ahy9777,ahy9777,True,0,1.0000,0.999825,car
track0133[19].png,ahy9777,ahy9777,True,0,1.0000,0.999813,car
track0133[20].png,ahy9777,ahy9777,True,0,1.0000,0.999871,car
track0133[21].png,ahy9777,ahy9777,True,0,1.0000,0.999874,car
track0133[22].png,ahy9777,ahy9777,True,0,1.0000,0.999817,car
track0133[23].png,ahy9777,ahy9777,True,0,1.0000,0.980207,car
track0133[24].png,ahy9777,ahy9777,True,0,1.0000,0.999247,car
track0133[25].png,ahy9777,ahy9777,True,0,1.0000,0.999557,car
track0133[26].png,ahy9777,ahy9777,True,0,1.0000,0.999810,car
track0133[27].png,ahy9777,ahy9777,True,0,1.0000,0.999856,car
track0133[28].png,ahy9777,ahy9777,True,0,1.0000,0.999850,car
track0133[29].png,ahy9777,ahy9777,True,0,1.0000,0.999851,car
track0133[30].png,ahy9777,ahy9777,True,0,1.0000,0.999860,car
track0134[01].png,arg4938,arg4938,True,0,1.0000,0.999824,car
track0134[02].png,arg4938,arg4938,True,0,1.0000,0.999807,car
track0134[03].png,arg4938,arg4938,True,0,1.0000,0.999783,car
track0134[04].png,arg4938,arg4938,True,0,1.0000,0.999799,car
track0134[05].png,arg4938,arg4938,True,0,1.0000,0.999810,car
track0134[06].png,arg4938,arg4938,True,0,1.0000,0.999745,car
track0134[07].png,arg4938,arg4938,True,0,1.0000,0.999831,car
track0134[08].png,arg4938,arg4938,True,0,1.0000,0.999830,car
track0134[09].png,arg4938,arg4938,True,0,1.0000,0.999822,car
track0134[10].png,arg4938,arg4938,True,0,1.0000,0.999807,car
track0134[11].png,arg4938,arg4938,True,0,1.0000,0.999820,car
track0134[12].png,arg4938,arg4938,True,0,1.0000,0.999850,car
track0134[13].png,arg4938,arg4938,True,0,1.0000,0.999840,car
track0134[14].png,arg4938,arg4938,True,0,1.0000,0.999852,car
track0134[15].png,arg4938,arg4938,True,0,1.0000,0.999814,car
track0134[16].png,arg4938,arg4938,True,0,1.0000,0.999854,car
track0134[17].png,arg4938,arg4938,True,0,1.0000,0.999837,car
track0134[18].png,arg4938,arg4938,True,0,1.0000,0.999805,car
track0134[19].png,arg4938,arg4938,True,0,1.0000,0.999824,car
track0134[20].png,arg4938,arg4938,True,0,1.0000,0.999822,car
track0134[21].png,arg4938,arg4938,True,0,1.0000,0.999831,car
track0134[22].png,arg4938,arg4938,True,0,1.0000,0.999834,car
track0134[23].png,arg4938,arg4938,True,0,1.0000,0.999791,car
track0134[24].png,arg4938,arg4938,True,0,1.0000,0.999763,car
track0134[25].png,arg4938,arg4938,True,0,1.0000,0.999749,car
track0134[26].png,arg4938,arg4938,True,0,1.0000,0.999783,car
track0134[27].png,arg4938,arg4938,True,0,1.0000,0.999723,car
track0134[28].png,arg4938,arg4938,True,0,1.0000,0.999794,car
track0134[29].png,arg4938,arg4938,True,0,1.0000,0.999759,car
track0134[30].png,arg4938,arg4938,True,0,1.0000,0.999787,car
track0135[01].png,bas8216,bas8216,True,0,1.0000,0.998939,motorcycle
track0135[02].png,bas8216,bas8216,True,0,1.0000,0.997088,motorcycle
track0135[03].png,bas8216,bas8216,True,0,1.0000,0.999338,motorcycle
track0135[04].png,bas8216,bas8216,True,0,1.0000,0.997806,motorcycle
track0135[05].png,bas8216,bas8216,True,0,1.0000,0.998551,motorcycle
track0135[06].png,bas8216,bas8216,True,0,1.0000,0.999020,motorcycle
track0135[07].png,bas8216,bas8216,True,0,1.0000,0.998529,motorcycle
track0135[08].png,bas8216,bas8216,True,0,1.0000,0.999216,motorcycle
track0135[09].png,bas8216,bas8216,True,0,1.0000,0.999363,motorcycle
track0135[10].png,bas8216,bas8216,True,0,1.0000,0.998912,motorcycle
track0135[11].png,bas8216,bas8216,True,0,1.0000,0.999022,motorcycle
track0135[12].png,bas8216,bas8216,True,0,1.0000,0.999254,motorcycle
track0135[13].png,bas8216,bas8216,True,0,1.0000,0.999202,motorcycle
track0135[14].png,bas8216,bas8216,True,0,1.0000,0.999268,motorcycle
track0135[15].png,bas8216,bas8216,True,0,1.0000,0.999113,motorcycle
track0135[16].png,bas8216,bas8216,True,0,1.0000,0.999192,motorcycle
track0135[17].png,bas8216,bas8216,True,0,1.0000,0.998957,motorcycle
track0135[18].png,bas8216,bas8216,True,0,1.0000,0.999451,motorcycle
track0135[19].png,bas8216,bas8216,True,0,1.0000,0.999087,motorcycle
track0135[20].png,bas8216,bas8216,True,0,1.0000,0.999363,motorcycle
track0135[21].png,bas8216,bas8216,True,0,1.0000,0.999466,motorcycle
track0135[22].png,bas8216,bas8216,True,0,1.0000,0.999269,motorcycle
track0135[23].png,bas8216,bas8216,True,0,1.0000,0.999325,motorcycle
track0135[24].png,bas8216,bas8216,True,0,1.0000,0.999306,motorcycle
track0135[25].png,bas8216,bas8216,True,0,1.0000,0.999253,motorcycle
track0135[26].png,bas8216,bas8216,True,0,1.0000,0.999364,motorcycle
track0135[27].png,bas8216,bas8216,True,0,1.0000,0.999308,motorcycle
track0135[28].png,bas8216,bas8216,True,0,1.0000,0.999459,motorcycle
track0135[29].png,bas8216,bas8216,True,0,1.0000,0.999265,motorcycle
track0135[30].png,bas8216,bas8216,True,0,1.0000,0.999257,motorcycle
track0136[01].png,amo0663,amo0663,True,0,1.0000,0.920117,car
track0136[02].png,amo0663,amd0663,False,1,0.8571,0.592272,car
track0136[03].png,amo0663,anq0661,False,3,0.5714,0.791717,car
track0136[04].png,amo0663,amq0663,False,1,0.8571,0.999585,car
track0136[05].png,amo0663,amo0663,True,0,1.0000,0.981838,car
track0136[06].png,amo0663,amo0663,True,0,1.0000,0.987108,car
track0136[07].png,amo0663,amo0663,True,0,1.0000,0.884226,car
track0136[08].png,amo0663,amq0663,False,1,0.8571,0.788126,car
track0136[09].png,amo0663,amq0663,False,1,0.8571,0.997726,car
track0136[10].png,amo0663,amq0663,False,1,0.8571,0.576338,car
track0136[11].png,amo0663,amqd663,False,2,0.7143,0.952824,car
track0136[12].png,amo0663,amo0663,True,0,1.0000,0.986502,car
track0136[13].png,amo0663,amq0663,False,1,0.8571,0.997674,car
track0136[14].png,amo0663,amq0663,False,1,0.8571,0.995801,car
track0136[15].png,amo0663,amq0663,False,1,0.8571,0.999434,car
track0136[16].png,amo0663,amo0663,True,0,1.0000,0.993199,car
track0136[17].png,amo0663,amo0663,True,0,1.0000,0.999155,car
track0136[18].png,amo0663,amo0663,True,0,1.0000,0.998299,car
track0136[19].png,amo0663,amo0663,True,0,1.0000,0.936697,car
track0136[20].png,amo0663,amo0663,True,0,1.0000,0.997437,car
track0136[21].png,amo0663,amo0663,True,0,1.0000,0.995947,car
track0136[22].png,amo0663,amo0663,True,0,1.0000,0.995346,car
track0136[23].png,amo0663,amo0663,True,0,1.0000,0.997811,car
track0136[24].png,amo0663,amo0663,True,0,1.0000,0.840320,car
track0136[25].png,amo0663,amo0663,True,0,1.0000,0.963415,car
track0136[26].png,amo0663,amo0663,True,0,1.0000,0.849608,car
track0136[27].png,amo0663,amo0663,True,0,1.0000,0.982576,car
track0136[28].png,amo0663,amo0663,True,0,1.0000,0.991878,car
track0136[29].png,amo0663,amo0663,True,0,1.0000,0.974659,car
track0136[30].png,amo0663,amo0663,True,0,1.0000,0.965254,car
track0137[01].png,asu1099,asu1099,True,0,1.0000,0.991985,car
track0137[02].png,asu1099,asu1099,True,0,1.0000,0.815960,car
track0137[03].png,asu1099,asu1099,True,0,1.0000,0.995821,car
track0137[04].png,asu1099,asu1099,True,0,1.0000,0.995559,car
track0137[05].png,asu1099,asu1099,True,0,1.0000,0.991398,car
track0137[06].png,asu1099,asu1099,True,0,1.0000,0.997947,car
track0137[07].png,asu1099,asu1099,True,0,1.0000,0.782634,car
track0137[08].png,asu1099,asu1099,True,0,1.0000,0.995696,car
track0137[09].png,asu1099,asu1099,True,0,1.0000,0.988340,car
track0137[10].png,asu1099,asu1099,True,0,1.0000,0.998838,car
track0137[11].png,asu1099,asu1099,True,0,1.0000,0.996906,car
track0137[12].png,asu1099,asu1099,True,0,1.0000,0.997770,car
track0137[13].png,asu1099,asu1099,True,0,1.0000,0.989855,car
track0137[14].png,asu1099,asu1099,True,0,1.0000,0.999015,car
track0137[15].png,asu1099,asu1099,True,0,1.0000,0.990966,car
track0137[16].png,asu1099,asu1099,True,0,1.0000,0.997739,car
track0137[17].png,asu1099,asu1099,True,0,1.0000,0.986920,car
track0137[18].png,asu1099,asu1099,True,0,1.0000,0.991343,car
track0137[19].png,asu1099,asu1099,True,0,1.0000,0.998671,car
track0137[20].png,asu1099,asu1099,True,0,1.0000,0.962145,car
track0137[21].png,asu1099,asu1099,True,0,1.0000,0.997896,car
track0137[22].png,asu1099,asu1099,True,0,1.0000,0.998743,car
track0137[23].png,asu1099,asu1099,True,0,1.0000,0.998746,car
track0137[24].png,asu1099,asu1099,True,0,1.0000,0.997000,car
track0137[25].png,asu1099,asu1099,True,0,1.0000,0.999243,car
track0137[26].png,asu1099,asu1099,True,0,1.0000,0.998699,car
track0137[27].png,asu1099,asu1099,True,0,1.0000,0.999002,car
track0137[28].png,asu1099,asu1099,True,0,1.0000,0.999115,car
track0137[29].png,asu1099,asu1099,True,0,1.0000,0.989475,car
track0137[30].png,asu1099,asu1099,True,0,1.0000,0.998225,car
track0138[01].png,aug0936,aug0936,True,0,1.0000,0.985304,motorcycle
track0138[02].png,aug0936,aug0936,True,0,1.0000,0.996380,motorcycle
track0138[03].png,aug0936,aug0936,True,0,1.0000,0.999025,motorcycle
track0138[04].png,aug0936,aug0936,True,0,1.0000,0.999165,motorcycle
track0138[05].png,aug0936,aug0936,True,0,1.0000,0.997671,motorcycle
track0138[06].png,aug0936,aug0936,True,0,1.0000,0.999635,motorcycle
track0138[07].png,aug0936,aug0936,True,0,1.0000,0.999597,motorcycle
track0138[08].png,aug0936,aug0936,True,0,1.0000,0.999626,motorcycle
track0138[09].png,aug0936,aug0936,True,0,1.0000,0.999378,motorcycle
track0138[10].png,aug0936,aug0936,True,0,1.0000,0.999354,motorcycle
track0138[11].png,aug0936,aug0936,True,0,1.0000,0.999602,motorcycle
track0138[12].png,aug0936,aug0936,True,0,1.0000,0.999547,motorcycle
track0138[13].png,aug0936,aug0936,True,0,1.0000,0.998351,motorcycle
track0138[14].png,aug0936,aug0096,False,2,0.7143,0.304633,motorcycle
track0138[15].png,aug0936,augg936,False,1,0.8571,0.381603,motorcycle
track0138[16].png,aug0936,augg096,False,2,0.7143,0.990776,motorcycle
track0138[17].png,aug0936,aug0936,True,0,1.0000,0.997851,motorcycle
track0138[18].png,aug0936,aug0936,True,0,1.0000,0.998869,motorcycle
track0138[19].png,aug0936,augg936,False,1,0.8571,0.544741,motorcycle
track0138[20].png,aug0936,aug0936,True,0,1.0000,0.985288,motorcycle
track0138[21].png,aug0936,aug0936,True,0,1.0000,0.989961,motorcycle
track0138[22].png,aug0936,aug0936,True,0,1.0000,0.999373,motorcycle
track0138[23].png,aug0936,aug0936,True,0,1.0000,0.999402,motorcycle
track0138[24].png,aug0936,aug0936,True,0,1.0000,0.999154,motorcycle
track0138[25].png,aug0936,aug0936,True,0,1.0000,0.998422,motorcycle
track0138[26].png,aug0936,aug0936,True,0,1.0000,0.997623,motorcycle
track0138[27].png,aug0936,aug0936,True,0,1.0000,0.999286,motorcycle
track0138[28].png,aug0936,aug0936,True,0,1.0000,0.999359,motorcycle
track0138[29].png,aug0936,aug0936,True,0,1.0000,0.999327,motorcycle
track0138[30].png,aug0936,aug0936,True,0,1.0000,0.998685,motorcycle
track0139[01].png,bap8567,bap8567,True,0,1.0000,0.999480,car
track0139[02].png,bap8567,bap8567,True,0,1.0000,0.999460,car
track0139[03].png,bap8567,bap8567,True,0,1.0000,0.999502,car
track0139[04].png,bap8567,bap8567,True,0,1.0000,0.999480,car
track0139[05].png,bap8567,bap8567,True,0,1.0000,0.999439,car
track0139[06].png,bap8567,bap8567,True,0,1.0000,0.997930,car
track0139[07].png,bap8567,bap8567,True,0,1.0000,0.990709,car
track0139[08].png,bap8567,bap8567,True,0,1.0000,0.999141,car
track0139[09].png,bap8567,bap8567,True,0,1.0000,0.998927,car
track0139[10].png,bap8567,bap8567,True,0,1.0000,0.999257,car
track0139[11].png,bap8567,bap8567,True,0,1.0000,0.999030,car
track0139[12].png,bap8567,bap8567,True,0,1.0000,0.999442,car
track0139[13].png,bap8567,bap8567,True,0,1.0000,0.999318,car
track0139[14].png,bap8567,bap8567,True,0,1.0000,0.999461,car
track0139[15].png,bap8567,bap8567,True,0,1.0000,0.999428,car
track0139[16].png,bap8567,bap8567,True,0,1.0000,0.999408,car
track0139[17].png,bap8567,bap8567,True,0,1.0000,0.999435,car
track0139[18].png,bap8567,bap8567,True,0,1.0000,0.999385,car
track0139[19].png,bap8567,bap8567,True,0,1.0000,0.999431,car
track0139[20].png,bap8567,bap8567,True,0,1.0000,0.999445,car
track0139[21].png,bap8567,bap8567,True,0,1.0000,0.999428,car
track0139[22].png,bap8567,bap8567,True,0,1.0000,0.999298,car
track0139[23].png,bap8567,bap8567,True,0,1.0000,0.999219,car
track0139[24].png,bap8567,bap8567,True,0,1.0000,0.999194,car
track0139[25].png,bap8567,bap8567,True,0,1.0000,0.999367,car
track0139[26].png,bap8567,bap8567,True,0,1.0000,0.999412,car
track0139[27].png,bap8567,bap8567,True,0,1.0000,0.999419,car
track0139[28].png,bap8567,bap8567,True,0,1.0000,0.999402,car
track0139[29].png,bap8567,bap8567,True,0,1.0000,0.999371,car
track0139[30].png,bap8567,bap8567,True,0,1.0000,0.999340,car
track0140[01].png,ava1466,ava1466,True,0,1.0000,0.999607,car
track0140[02].png,ava1466,ava1466,True,0,1.0000,0.998642,car
track0140[03].png,ava1466,ava1466,True,0,1.0000,0.999475,car
track0140[04].png,ava1466,ava1466,True,0,1.0000,0.999723,car
track0140[05].png,ava1466,ava1466,True,0,1.0000,0.999205,car
track0140[06].png,ava1466,ava1466,True,0,1.0000,0.999582,car
track0140[07].png,ava1466,ava1466,True,0,1.0000,0.998676,car
track0140[08].png,ava1466,ava1466,True,0,1.0000,0.999130,car
track0140[09].png,ava1466,ava1466,True,0,1.0000,0.999300,car
track0140[10].png,ava1466,ava1466,True,0,1.0000,0.996988,car
track0140[11].png,ava1466,ava1466,True,0,1.0000,0.998866,car
track0140[12].png,ava1466,ava1466,True,0,1.0000,0.997499,car
track0140[13].png,ava1466,ava1466,True,0,1.0000,0.998676,car
track0140[14].png,ava1466,ava1466,True,0,1.0000,0.990029,car
track0140[15].png,ava1466,ava1466,True,0,1.0000,0.996716,car
track0140[16].png,ava1466,ava146,False,1,0.8571,0.999875,car
track0140[17].png,ava1466,ava1466,True,0,1.0000,0.986286,car
track0140[18].png,ava1466,ava1466,True,0,1.0000,0.703256,car
track0140[19].png,ava1466,ava1466,True,0,1.0000,0.958936,car
track0140[20].png,ava1466,ava1466,True,0,1.0000,0.925524,car
track0140[21].png,ava1466,ava1466,True,0,1.0000,0.998377,car
track0140[22].png,ava1466,ava1466,True,0,1.0000,0.999417,car
track0140[23].png,ava1466,ava1466,True,0,1.0000,0.998900,car
track0140[24].png,ava1466,ava1466,True,0,1.0000,0.998614,car
track0140[25].png,ava1466,ava146,False,1,0.8571,0.999826,car
track0140[26].png,ava1466,ava1466,True,0,1.0000,0.994162,car
track0140[27].png,ava1466,ava146,False,1,0.8571,0.999788,car
track0140[28].png,ava1466,ava146,False,1,0.8571,0.999782,car
track0140[29].png,ava1466,ava1466,True,0,1.0000,0.581189,car
track0140[30].png,ava1466,ava1466,True,0,1.0000,0.998705,car
track0141[01].png,awe4633,awe4636,False,1,0.8571,0.543472,car
track0141[02].png,awe4633,awe4536,False,2,0.7143,0.418891,car
track0141[03].png,awe4633,awe4636,False,1,0.8571,0.728407,car
track0141[04].png,awe4633,awe4536,False,2,0.7143,0.587785,car
track0141[05].png,awe4633,awe4633,True,0,1.0000,0.590523,car
track0141[06].png,awe4633,awe4633,True,0,1.0000,0.517171,car
track0141[07].png,awe4633,awe4636,False,1,0.8571,0.984290,car
track0141[08].png,awe4633,awe4636,False,1,0.8571,0.808576,car
track0141[09].png,awe4633,awe4636,False,1,0.8571,0.957930,car
track0141[10].png,awe4633,awe4636,False,1,0.8571,0.972479,car
track0141[11].png,awe4633,awe4636,False,1,0.8571,0.966262,car
track0141[12].png,awe4633,awe463k,False,1,0.8571,0.604032,car
track0141[13].png,awe4633,awe4636,False,1,0.8571,0.587348,car
track0141[14].png,awe4633,awe4633,True,0,1.0000,0.903647,car
track0141[15].png,awe4633,awe4633,True,0,1.0000,0.997183,car
track0141[16].png,awe4633,awe4633,True,0,1.0000,0.838448,car
track0141[17].png,awe4633,awe4633,True,0,1.0000,0.717069,car
track0141[18].png,awe4633,awe4633,True,0,1.0000,0.452520,car
track0141[19].png,awe4633,awe4633,True,0,1.0000,0.979434,car
track0141[20].png,awe4633,awe4633,True,0,1.0000,0.824529,car
track0141[21].png,awe4633,awe4633,True,0,1.0000,0.631754,car
track0141[22].png,awe4633,awe4635,False,1,0.8571,0.485278,car
track0141[23].png,awe4633,awe4633,True,0,1.0000,0.901645,car
track0141[24].png,awe4633,awe4635,False,1,0.8571,0.875780,car
track0141[25].png,awe4633,awe4635,False,1,0.8571,0.857462,car
track0141[26].png,awe4633,awe4635,False,1,0.8571,0.842598,car
track0141[27].png,awe4633,awe4635,False,1,0.8571,0.912295,car
track0141[28].png,awe4633,awe4635,False,1,0.8571,0.918898,car
track0141[29].png,awe4633,awe4635,False,1,0.8571,0.716812,car
track0141[30].png,awe4633,awe4636,False,1,0.8571,0.682956,car
track0142[01].png,awz9807,awz9807,True,0,1.0000,0.998364,car
track0142[02].png,awz9807,awz980,False,1,0.8571,0.998356,car
track0142[03].png,awz9807,awz9807,True,0,1.0000,0.752657,car
track0142[04].png,awz9807,awz9807,True,0,1.0000,0.998458,car
track0142[05].png,awz9807,awz980,False,1,0.8571,0.996928,car
track0142[06].png,awz9807,awz9807,True,0,1.0000,0.990366,car
track0142[07].png,awz9807,awz980,False,1,0.8571,0.997884,car
track0142[08].png,awz9807,awz980,False,1,0.8571,0.998205,car
track0142[09].png,awz9807,awz9807,True,0,1.0000,0.997432,car
track0142[10].png,awz9807,awz980,False,1,0.8571,0.998794,car
track0142[11].png,awz9807,awz9807,True,0,1.0000,0.908400,car
track0142[12].png,awz9807,awz9807,True,0,1.0000,0.997940,car
track0142[13].png,awz9807,awz9807,True,0,1.0000,0.998566,car
track0142[14].png,awz9807,awz980,False,1,0.8571,0.998100,car
track0142[15].png,awz9807,awz9807,True,0,1.0000,0.998691,car
track0142[16].png,awz9807,awz980,False,1,0.8571,0.997766,car
track0142[17].png,awz9807,awz9807,True,0,1.0000,0.996997,car
track0142[18].png,awz9807,awz9807,True,0,1.0000,0.983566,car
track0142[19].png,awz9807,awz9807,True,0,1.0000,0.997171,car
track0142[20].png,awz9807,awz9807,True,0,1.0000,0.548498,car
track0142[21].png,awz9807,awz9807,True,0,1.0000,0.971493,car
track0142[22].png,awz9807,awz980,False,1,0.8571,0.995450,car
track0142[23].png,awz9807,awz9807,True,0,1.0000,0.998215,car
track0142[24].png,awz9807,awz9807,True,0,1.0000,0.994279,car
track0142[25].png,awz9807,awz9807,True,0,1.0000,0.996751,car
track0142[26].png,awz9807,awz9807,True,0,1.0000,0.934935,car
track0142[27].png,awz9807,awz9807,True,0,1.0000,0.983627,car
track0142[28].png,awz9807,awz9807,True,0,1.0000,0.996987,car
track0142[29].png,awz9807,awz9807,True,0,1.0000,0.979699,car
track0142[30].png,awz9807,awz9807,True,0,1.0000,0.994807,car
track0143[01].png,axh5087,axh5087,True,0,1.0000,0.658769,motorcycle
track0143[02].png,axh5087,axh5057,False,1,0.8571,0.235120,motorcycle
track0143[03].png,axh5087,axh5087,True,0,1.0000,0.367084,motorcycle
track0143[04].png,axh5087,axh5087,True,0,1.0000,0.274022,motorcycle
track0143[05].png,axh5087,axh5087,True,0,1.0000,0.578424,motorcycle
track0143[06].png,axh5087,axh5017,False,1,0.8571,0.340243,motorcycle
track0143[07].png,axh5087,axh5017,False,1,0.8571,0.717432,motorcycle
track0143[08].png,axh5087,axh5017,False,1,0.8571,0.855871,motorcycle
track0143[09].png,axh5087,axh5017,False,1,0.8571,0.295920,motorcycle
track0143[10].png,axh5087,axh5017,False,1,0.8571,0.369895,motorcycle
track0143[11].png,axh5087,axh5087,True,0,1.0000,0.518979,motorcycle
track0143[12].png,axh5087,axh50a2,False,2,0.7143,0.384978,motorcycle
track0143[13].png,axh5087,axh5087,True,0,1.0000,0.871839,motorcycle
track0143[14].png,axh5087,axh5087,True,0,1.0000,0.998420,motorcycle
track0143[15].png,axh5087,axh5087,True,0,1.0000,0.965285,motorcycle
track0143[16].png,axh5087,axh5087,True,0,1.0000,0.984331,motorcycle
track0143[17].png,axh5087,axh5087,True,0,1.0000,0.999326,motorcycle
track0143[18].png,axh5087,axh5087,True,0,1.0000,0.997530,motorcycle
track0143[19].png,axh5087,axh5087,True,0,1.0000,0.999239,motorcycle
track0143[20].png,axh5087,axh5087,True,0,1.0000,0.716063,motorcycle
track0143[21].png,axh5087,axh5087,True,0,1.0000,0.654350,motorcycle
track0143[22].png,axh5087,axh5087,True,0,1.0000,0.992438,motorcycle
track0143[23].png,axh5087,axh5087,True,0,1.0000,0.984140,motorcycle
track0143[24].png,axh5087,axh5087,True,0,1.0000,0.998847,motorcycle
track0143[25].png,axh5087,axh5087,True,0,1.0000,0.998488,motorcycle
track0143[26].png,axh5087,axh5087,True,0,1.0000,0.998999,motorcycle
track0143[27].png,axh5087,axh5087,True,0,1.0000,0.998891,motorcycle
track0143[28].png,axh5087,axh5087,True,0,1.0000,0.999218,motorcycle
track0143[29].png,axh5087,axh5087,True,0,1.0000,0.999086,motorcycle
track0143[30].png,axh5087,axh5087,True,0,1.0000,0.999474,motorcycle
track0144[01].png,ayl2104,ayl2104,True,0,1.0000,0.999895,car
track0144[02].png,ayl2104,ayl2104,True,0,1.0000,0.999908,car
track0144[03].png,ayl2104,ayl2104,True,0,1.0000,0.999825,car
track0144[04].png,ayl2104,ayl2104,True,0,1.0000,0.999866,car
track0144[05].png,ayl2104,ayl2104,True,0,1.0000,0.999850,car
track0144[06].png,ayl2104,ayl2104,True,0,1.0000,0.999822,car
track0144[07].png,ayl2104,ayl2104,True,0,1.0000,0.999895,car
track0144[08].png,ayl2104,ayl2104,True,0,1.0000,0.999896,car
track0144[09].png,ayl2104,ayl2104,True,0,1.0000,0.999853,car
track0144[10].png,ayl2104,ayl2104,True,0,1.0000,0.997683,car
track0144[11].png,ayl2104,ayl2104,True,0,1.0000,0.999788,car
track0144[12].png,ayl2104,ayl2104,True,0,1.0000,0.999885,car
track0144[13].png,ayl2104,ayl2104,True,0,1.0000,0.999862,car
track0144[14].png,ayl2104,ayl2104,True,0,1.0000,0.999828,car
track0144[15].png,ayl2104,ayl2104,True,0,1.0000,0.999835,car
track0144[16].png,ayl2104,ayl2104,True,0,1.0000,0.999783,car
track0144[17].png,ayl2104,ayl2104,True,0,1.0000,0.999783,car
track0144[18].png,ayl2104,ayl2104,True,0,1.0000,0.999617,car
track0144[19].png,ayl2104,ayl2104,True,0,1.0000,0.999748,car
track0144[20].png,ayl2104,ayl2104,True,0,1.0000,0.999439,car
track0144[21].png,ayl2104,ayl2104,True,0,1.0000,0.999882,car
track0144[22].png,ayl2104,ayl2104,True,0,1.0000,0.999908,car
track0144[23].png,ayl2104,ayl2104,True,0,1.0000,0.999885,car
track0144[24].png,ayl2104,ayl2104,True,0,1.0000,0.999876,car
track0144[25].png,ayl2104,ayl2104,True,0,1.0000,0.999902,car
track0144[26].png,ayl2104,ayl2104,True,0,1.0000,0.999884,car
track0144[27].png,ayl2104,ayl2104,True,0,1.0000,0.999845,car
track0144[28].png,ayl2104,ayl2104,True,0,1.0000,0.999870,car
track0144[29].png,ayl2104,ayl2104,True,0,1.0000,0.999843,car
track0144[30].png,ayl2104,ayl2104,True,0,1.0000,0.999857,car
track0145[01].png,avd4791,avd4791,True,0,1.0000,0.999878,car
track0145[02].png,avd4791,avd4791,True,0,1.0000,0.999894,car
track0145[03].png,avd4791,avd4791,True,0,1.0000,0.999853,car
track0145[04].png,avd4791,avd4791,True,0,1.0000,0.999911,car
track0145[05].png,avd4791,avd4791,True,0,1.0000,0.994752,car
track0145[06].png,avd4791,avd4791,True,0,1.0000,0.999905,car
track0145[07].png,avd4791,avd4791,True,0,1.0000,0.999866,car
track0145[08].png,avd4791,avd4791,True,0,1.0000,0.948634,car
track0145[09].png,avd4791,avd4791,True,0,1.0000,0.907967,car
track0145[10].png,avd4791,avd4791,True,0,1.0000,0.996829,car
track0145[11].png,avd4791,avd4791,True,0,1.0000,0.999905,car
track0145[12].png,avd4791,avd4791,True,0,1.0000,0.999465,car
track0145[13].png,avd4791,avd4791,True,0,1.0000,0.996710,car
track0145[14].png,avd4791,avd4791,True,0,1.0000,0.999613,car
track0145[15].png,avd4791,avd4791,True,0,1.0000,0.999840,car
track0145[16].png,avd4791,avd4791,True,0,1.0000,0.999811,car
track0145[17].png,avd4791,avd4791,True,0,1.0000,0.999744,car
track0145[18].png,avd4791,avd4791,True,0,1.0000,0.999837,car
track0145[19].png,avd4791,avd4791,True,0,1.0000,0.999784,car
track0145[20].png,avd4791,avd4791,True,0,1.0000,0.999791,car
track0145[21].png,avd4791,avd4791,True,0,1.0000,0.999887,car
track0145[22].png,avd4791,avd4791,True,0,1.0000,0.999913,car
track0145[23].png,avd4791,avd4791,True,0,1.0000,0.999611,car
track0145[24].png,avd4791,avd4791,True,0,1.0000,0.999917,car
track0145[25].png,avd4791,avd4791,True,0,1.0000,0.999643,car
track0145[26].png,avd4791,avd4791,True,0,1.0000,0.999893,car
track0145[27].png,avd4791,avd4791,True,0,1.0000,0.992874,car
track0145[28].png,avd4791,avd4791,True,0,1.0000,0.999753,car
track0145[29].png,avd4791,avd4791,True,0,1.0000,0.999520,car
track0145[30].png,avd4791,avd4791,True,0,1.0000,0.999317,car
track0146[01].png,ajg2630,ajg2630,True,0,1.0000,0.999423,car
track0146[02].png,ajg2630,ajg2630,True,0,1.0000,0.999566,car
track0146[03].png,ajg2630,ajg2630,True,0,1.0000,0.999507,car
track0146[04].png,ajg2630,ajg2630,True,0,1.0000,0.999542,car
track0146[05].png,ajg2630,ajg2630,True,0,1.0000,0.999557,car
track0146[06].png,ajg2630,ajg2630,True,0,1.0000,0.999556,car
track0146[07].png,ajg2630,ajg2630,True,0,1.0000,0.999502,car
track0146[08].png,ajg2630,ajg2630,True,0,1.0000,0.999450,car
track0146[09].png,ajg2630,ajg2630,True,0,1.0000,0.999493,car
track0146[10].png,ajg2630,ajg2630,True,0,1.0000,0.999584,car
track0146[11].png,ajg2630,ajg2630,True,0,1.0000,0.999613,car
track0146[12].png,ajg2630,ajg2630,True,0,1.0000,0.999462,car
track0146[13].png,ajg2630,ajg2630,True,0,1.0000,0.999517,car
track0146[14].png,ajg2630,ajg2630,True,0,1.0000,0.999692,car
track0146[15].png,ajg2630,ajg2630,True,0,1.0000,0.999661,car
track0146[16].png,ajg2630,ajg2630,True,0,1.0000,0.999654,car
track0146[17].png,ajg2630,ajg2630,True,0,1.0000,0.999683,car
track0146[18].png,ajg2630,ajg2630,True,0,1.0000,0.999628,car
track0146[19].png,ajg2630,ajg2630,True,0,1.0000,0.999631,car
track0146[20].png,ajg2630,ajg2630,True,0,1.0000,0.999506,car
track0146[21].png,ajg2630,ajg2630,True,0,1.0000,0.999651,car
track0146[22].png,ajg2630,ajg2630,True,0,1.0000,0.999679,car
track0146[23].png,ajg2630,ajg2630,True,0,1.0000,0.999586,car
track0146[24].png,ajg2630,ajg2630,True,0,1.0000,0.999625,car
track0146[25].png,ajg2630,ajg2630,True,0,1.0000,0.999516,car
track0146[26].png,ajg2630,ajg2630,True,0,1.0000,0.999644,car
track0146[27].png,ajg2630,ajg2630,True,0,1.0000,0.999678,car
track0146[28].png,ajg2630,ajg2630,True,0,1.0000,0.999655,car
track0146[29].png,ajg2630,ajg2630,True,0,1.0000,0.999509,car
track0146[30].png,ajg2630,ajg2630,True,0,1.0000,0.999718,car
track0147[01].png,arz9326,arz9326,True,0,1.0000,0.996744,car
track0147[02].png,arz9326,arz9326,True,0,1.0000,0.997102,car
track0147[03].png,arz9326,arz9326,True,0,1.0000,0.996203,car
track0147[04].png,arz9326,arz9326,True,0,1.0000,0.997032,car
track0147[05].png,arz9326,arz9326,True,0,1.0000,0.996924,car
track0147[06].png,arz9326,arz9326,True,0,1.0000,0.997576,car
track0147[07].png,arz9326,arz9326,True,0,1.0000,0.997500,car
track0147[08].png,arz9326,arz9326,True,0,1.0000,0.997480,car
track0147[09].png,arz9326,arz9326,True,0,1.0000,0.997543,car
track0147[10].png,arz9326,arz9326,True,0,1.0000,0.997019,car
track0147[11].png,arz9326,arz9326,True,0,1.0000,0.997430,car
track0147[12].png,arz9326,arz9326,True,0,1.0000,0.997549,car
track0147[13].png,arz9326,arz9326,True,0,1.0000,0.997313,car
track0147[14].png,arz9326,arz9326,True,0,1.0000,0.997885,car
track0147[15].png,arz9326,arz9326,True,0,1.0000,0.997678,car
track0147[16].png,arz9326,arz9326,True,0,1.0000,0.997717,car
track0147[17].png,arz9326,arz9326,True,0,1.0000,0.997286,car
track0147[18].png,arz9326,arz9326,True,0,1.0000,0.997385,car
track0147[19].png,arz9326,arz9326,True,0,1.0000,0.997393,car
track0147[20].png,arz9326,arz9326,True,0,1.0000,0.997281,car
track0147[21].png,arz9326,arz9326,True,0,1.0000,0.997997,car
track0147[22].png,arz9326,arz9326,True,0,1.0000,0.995597,car
track0147[23].png,arz9326,arz9326,True,0,1.0000,0.996570,car
track0147[24].png,arz9326,arz9326,True,0,1.0000,0.995458,car
track0147[25].png,arz9326,arz9326,True,0,1.0000,0.997568,car
track0147[26].png,arz9326,arz9326,True,0,1.0000,0.997832,car
track0147[27].png,arz9326,arz9326,True,0,1.0000,0.997848,car
track0147[28].png,arz9326,arz9326,True,0,1.0000,0.997663,car
track0147[29].png,arz9326,arz9326,True,0,1.0000,0.998012,car
track0147[30].png,arz9326,arz9326,True,0,1.0000,0.997425,car
track0148[01].png,akt8174,akt8174,True,0,1.0000,0.999222,motorcycle
track0148[02].png,akt8174,akt8174,True,0,1.0000,0.999435,motorcycle
track0148[03].png,akt8174,akt8174,True,0,1.0000,0.999812,motorcycle
track0148[04].png,akt8174,akt8174,True,0,1.0000,0.999767,motorcycle
track0148[05].png,akt8174,akt8174,True,0,1.0000,0.999854,motorcycle
track0148[06].png,akt8174,akt8174,True,0,1.0000,0.999848,motorcycle
track0148[07].png,akt8174,akt8174,True,0,1.0000,0.999834,motorcycle
track0148[08].png,akt8174,akt8174,True,0,1.0000,0.999654,motorcycle
track0148[09].png,akt8174,akt8174,True,0,1.0000,0.999830,motorcycle
track0148[10].png,akt8174,akt8174,True,0,1.0000,0.999846,motorcycle
track0148[11].png,akt8174,akt8174,True,0,1.0000,0.999784,motorcycle
track0148[12].png,akt8174,akt8174,True,0,1.0000,0.999832,motorcycle
track0148[13].png,akt8174,akt8174,True,0,1.0000,0.999774,motorcycle
track0148[14].png,akt8174,akt8174,True,0,1.0000,0.999799,motorcycle
track0148[15].png,akt8174,akt8174,True,0,1.0000,0.999765,motorcycle
track0148[16].png,akt8174,akt8174,True,0,1.0000,0.999842,motorcycle
track0148[17].png,akt8174,akt8174,True,0,1.0000,0.999816,motorcycle
track0148[18].png,akt8174,akt8174,True,0,1.0000,0.999787,motorcycle
track0148[19].png,akt8174,akt8174,True,0,1.0000,0.999823,motorcycle
track0148[20].png,akt8174,akt8174,True,0,1.0000,0.999810,motorcycle
track0148[21].png,akt8174,akt8174,True,0,1.0000,0.999787,motorcycle
track0148[22].png,akt8174,akt8174,True,0,1.0000,0.999823,motorcycle
track0148[23].png,akt8174,akt8174,True,0,1.0000,0.999831,motorcycle
track0148[24].png,akt8174,akt8174,True,0,1.0000,0.999823,motorcycle
track0148[25].png,akt8174,akt8174,True,0,1.0000,0.999826,motorcycle
track0148[26].png,akt8174,akt8174,True,0,1.0000,0.999842,motorcycle
track0148[27].png,akt8174,akt8174,True,0,1.0000,0.999826,motorcycle
track0148[28].png,akt8174,akt8174,True,0,1.0000,0.999846,motorcycle
track0148[29].png,akt8174,akt8174,True,0,1.0000,0.999797,motorcycle
track0148[30].png,akt8174,akt8174,True,0,1.0000,0.999826,motorcycle
track0149[01].png,axw8502,axw8502,True,0,1.0000,0.998748,car
track0149[02].png,axw8502,axw8502,True,0,1.0000,0.999234,car
track0149[03].png,axw8502,axw8502,True,0,1.0000,0.999543,car
track0149[04].png,axw8502,axw8502,True,0,1.0000,0.999503,car
track0149[05].png,axw8502,axw8502,True,0,1.0000,0.999280,car
track0149[06].png,axw8502,axw8502,True,0,1.0000,0.999366,car
track0149[07].png,axw8502,axw8502,True,0,1.0000,0.999475,car
track0149[08].png,axw8502,axw8502,True,0,1.0000,0.999390,car
track0149[09].png,axw8502,axw8502,True,0,1.0000,0.999522,car
track0149[10].png,axw8502,axw8502,True,0,1.0000,0.999291,car
track0149[11].png,axw8502,axw8502,True,0,1.0000,0.998832,car
track0149[12].png,axw8502,axw8502,True,0,1.0000,0.999060,car
track0149[13].png,axw8502,axw8502,True,0,1.0000,0.999037,car
track0149[14].png,axw8502,axw8502,True,0,1.0000,0.998942,car
track0149[15].png,axw8502,axw8502,True,0,1.0000,0.999158,car
track0149[16].png,axw8502,axw8502,True,0,1.0000,0.999097,car
track0149[17].png,axw8502,axw8502,True,0,1.0000,0.999165,car
track0149[18].png,axw8502,axw8502,True,0,1.0000,0.999600,car
track0149[19].png,axw8502,axw8502,True,0,1.0000,0.999226,car
track0149[20].png,axw8502,axw8502,True,0,1.0000,0.999159,car
track0149[21].png,axw8502,axw8502,True,0,1.0000,0.998861,car
track0149[22].png,axw8502,axw8502,True,0,1.0000,0.999205,car
track0149[23].png,axw8502,axw8502,True,0,1.0000,0.999121,car
track0149[24].png,axw8502,axw8502,True,0,1.0000,0.999028,car
track0149[25].png,axw8502,axw8502,True,0,1.0000,0.999308,car
track0149[26].png,axw8502,axw8502,True,0,1.0000,0.998845,car
track0149[27].png,axw8502,axw8502,True,0,1.0000,0.998937,car
track0149[28].png,axw8502,axw8502,True,0,1.0000,0.999532,car
track0149[29].png,axw8502,axw8502,True,0,1.0000,0.999400,car
track0149[30].png,axw8502,axw8502,True,0,1.0000,0.999387,car
track0150[01].png,bba9166,bba9166,True,0,1.0000,0.997168,car
track0150[02].png,bba9166,bba9166,True,0,1.0000,0.996290,car
track0150[03].png,bba9166,bba9166,True,0,1.0000,0.997620,car
track0150[04].png,bba9166,bba9166,True,0,1.0000,0.997747,car
track0150[05].png,bba9166,bba9166,True,0,1.0000,0.996525,car
track0150[06].png,bba9166,bba9166,True,0,1.0000,0.997786,car
track0150[07].png,bba9166,bba9166,True,0,1.0000,0.998650,car
track0150[08].png,bba9166,bba9166,True,0,1.0000,0.990301,car
track0150[09].png,bba9166,bba9166,True,0,1.0000,0.996340,car
track0150[10].png,bba9166,bba9166,True,0,1.0000,0.999129,car
track0150[11].png,bba9166,bba9166,True,0,1.0000,0.998879,car
track0150[12].png,bba9166,bba9166,True,0,1.0000,0.998826,car
track0150[13].png,bba9166,bba9166,True,0,1.0000,0.997693,car
track0150[14].png,bba9166,bba9166,True,0,1.0000,0.998984,car
track0150[15].png,bba9166,bba9166,True,0,1.0000,0.997787,car
track0150[16].png,bba9166,bba9166,True,0,1.0000,0.998063,car
track0150[17].png,bba9166,bba9166,True,0,1.0000,0.998236,car
track0150[18].png,bba9166,bba9166,True,0,1.0000,0.998423,car
track0150[19].png,bba9166,bba9166,True,0,1.0000,0.998754,car
track0150[20].png,bba9166,bba9166,True,0,1.0000,0.998137,car
track0150[21].png,bba9166,bba9166,True,0,1.0000,0.998701,car
track0150[22].png,bba9166,bba9166,True,0,1.0000,0.998329,car
track0150[23].png,bba9166,bba9166,True,0,1.0000,0.998838,car
track0150[24].png,bba9166,bba9166,True,0,1.0000,0.997790,car
track0150[25].png,bba9166,bba9166,True,0,1.0000,0.998116,car
track0150[26].png,bba9166,bba9166,True,0,1.0000,0.998088,car
track0150[27].png,bba9166,bba9166,True,0,1.0000,0.998259,car
track0150[28].png,bba9166,bba9166,True,0,1.0000,0.998931,car
track0150[29].png,bba9166,bba9166,True,0,1.0000,0.998603,car
track0150[30].png,bba9166,bba9166,True,0,1.0000,0.998277,car
