img,label,pred,correct,edit_dist,norm_ed,confidence,vehicle_type
track0091[01].png,mls5511,mls5511,True,0,1.0000,0.999272,car
track0091[02].png,mls5511,mls5511,True,0,1.0000,0.998564,car
track0091[03].png,mls5511,mls5511,True,0,1.0000,0.999282,car
track0091[04].png,mls5511,mls5511,True,0,1.0000,0.999093,car
track0091[05].png,mls5511,mls5511,True,0,1.0000,0.980443,car
track0091[06].png,mls5511,mls5511,True,0,1.0000,0.990176,car
track0091[07].png,mls5511,mls5511,True,0,1.0000,0.996947,car
track0091[08].png,mls5511,mls5511,True,0,1.0000,0.998477,car
track0091[09].png,mls5511,mls5511,True,0,1.0000,0.487824,car
track0091[10].png,mls5511,mls5511,True,0,1.0000,0.994942,car
track0091[11].png,mls5511,mls5511,True,0,1.0000,0.999093,car
track0091[12].png,mls5511,mls5511,True,0,1.0000,0.998442,car
track0091[13].png,mls5511,mls5511,True,0,1.0000,0.997277,car
track0091[14].png,mls5511,wls5511,False,1,0.8571,0.841061,car
track0091[15].png,mls5511,mls5511,True,0,1.0000,0.983511,car
track0091[16].png,mls5511,mls5511,True,0,1.0000,0.995955,car
track0091[17].png,mls5511,mls5511,True,0,1.0000,0.998955,car
track0091[18].png,mls5511,mls5511,True,0,1.0000,0.993679,car
track0091[19].png,mls5511,mls5511,True,0,1.0000,0.989714,car
track0091[20].png,mls5511,mls5511,True,0,1.0000,0.948317,car
track0091[21].png,mls5511,mls5511,True,0,1.0000,0.997450,car
track0091[22].png,mls5511,mls5511,True,0,1.0000,0.996228,car
track0091[23].png,mls5511,kls5511,False,1,0.8571,0.749892,car
track0091[24].png,mls5511,mls5511,True,0,1.0000,0.995697,car
track0091[25].png,mls5511,mls5511,True,0,1.0000,0.996583,car
track0091[26].png,mls5511,nls5511,False,1,0.8571,0.465067,car
track0091[27].png,mls5511,nls5511,False,1,0.8571,0.790196,car
track0091[28].png,mls5511,nls5511,False,1,0.8571,0.960386,car
track0091[29].png,mls5511,nls5511,False,1,0.8571,0.867128,car
track0091[30].png,mls5511,nls5511,False,1,0.8571,0.731600,car
track0092[01].png,aqy6388,aqy6388,True,0,1.0000,0.998600,car
track0092[02].png,aqy6388,aqy6388,True,0,1.0000,0.998351,car
track0092[03].png,aqy6388,aqy6388,True,0,1.0000,0.998139,car
track0092[04].png,aqy6388,aqy6388,True,0,1.0000,0.998602,car
track0092[05].png,aqy6388,aqy6388,True,0,1.0000,0.998413,car
track0092[06].png,aqy6388,aqy6388,True,0,1.0000,0.998851,car
track0092[07].png,aqy6388,aqy6388,True,0,1.0000,0.998791,car
track0092[08].png,aqy6388,aqy6388,True,0,1.0000,0.996799,car
track0092[09].png,aqy6388,aqy6388,True,0,1.0000,0.998600,car
track0092[10].png,aqy6388,aqy6388,True,0,1.0000,0.998189,car
track0092[11].png,aqy6388,aqy6388,True,0,1.0000,0.998273,car
track0092[12].png,aqy6388,aqy6388,True,0,1.0000,0.999062,car
track0092[13].png,aqy6388,aqy6388,True,0,1.0000,0.998546,car
track0092[14].png,aqy6388,aqy6388,True,0,1.0000,0.998782,car
track0092[15].png,aqy6388,aqy6388,True,0,1.0000,0.998210,car
track0092[16].png,aqy6388,aqy6388,True,0,1.0000,0.998422,car
track0092[17].png,aqy6388,aqy6388,True,0,1.0000,0.998344,car
track0092[18].png,aqy6388,aqy6388,True,0,1.0000,0.998147,car
track0092[19].png,aqy6388,aqy6388,True,0,1.0000,0.998168,car
track0092[20].png,aqy6388,aqy6388,True,0,1.0000,0.996548,car
track0092[21].png,aqy6388,aqy6388,True,0,1.0000,0.994206,car
track0092[22].png,aqy6388,aqy6388,True,0,1.0000,0.991909,car
track0092[23].png,aqy6388,aqy6388,True,0,1.0000,0.998104,car
track0092[24].png,aqy6388,aqy6388,True,0,1.0000,0.998608,car
track0092[25].png,aqy6388,aqy6388,True,0,1.0000,0.997621,car
track0092[26].png,aqy6388,aqy6388,True,0,1.0000,0.997381,car
track0092[27].png,aqy6388,aqy6388,True,0,1.0000,0.998560,car
track0092[28].png,aqy6388,aqy6388,True,0,1.0000,0.996051,car
track0092[29].png,aqy6388,aqy6388,True,0,1.0000,0.998483,car
track0092[30].png,aqy6388,aqy6388,True,0,1.0000,0.998701,car
track0093[01].png,azz6958,azz6958,True,0,1.0000,0.999717,car
track0093[02].png,azz6958,azz6958,True,0,1.0000,0.999337,car
track0093[03].png,azz6958,azz6958,True,0,1.0000,0.999633,car
track0093[04].png,azz6958,azz6958,True,0,1.0000,0.999616,car
track0093[05].png,azz6958,azz6958,True,0,1.0000,0.999674,car
track0093[06].png,azz6958,azz6958,True,0,1.0000,0.999563,car
track0093[07].png,azz6958,azz6958,True,0,1.0000,0.999771,car
track0093[08].png,azz6958,azz6958,True,0,1.0000,0.999546,car
track0093[09].png,azz6958,azz6958,True,0,1.0000,0.999686,car
track0093[10].png,azz6958,azz6958,True,0,1.0000,0.999759,car
track0093[11].png,azz6958,azz6958,True,0,1.0000,0.999546,car
track0093[12].png,azz6958,azz6958,True,0,1.0000,0.999720,car
track0093[13].png,azz6958,azz6958,True,0,1.0000,0.999586,car
track0093[14].png,azz6958,azz6958,True,0,1.0000,0.999684,car
track0093[15].png,azz6958,azz6958,True,0,1.0000,0.999332,car
track0093[16].png,azz6958,azz6958,True,0,1.0000,0.999669,car
track0093[17].png,azz6958,azz6958,True,0,1.0000,0.999550,car
track0093[18].png,azz6958,azz6958,True,0,1.0000,0.999571,car
track0093[19].png,azz6958,azz6958,True,0,1.0000,0.999681,car
track0093[20].png,azz6958,azz6958,True,0,1.0000,0.999530,car
track0093[21].png,azz6958,azz6958,True,0,1.0000,0.999697,car
track0093[22].png,azz6958,azz6958,True,0,1.0000,0.999687,car
track0093[23].png,azz6958,azz6958,True,0,1.0000,0.999376,car
track0093[24].png,azz6958,azz6958,True,0,1.0000,0.999665,car
track0093[25].png,azz6958,azz6958,True,0,1.0000,0.999556,car
track0093[26].png,azz6958,azz6958,True,0,1.0000,0.991372,car
track0093[27].png,azz6958,azz6958,True,0,1.0000,0.999598,car
track0093[28].png,azz6958,azz6958,True,0,1.0000,0.999448,car
track0093[29].png,azz6958,azz6958,True,0,1.0000,0.999407,car
track0093[30].png,azz6958,azz6958,True,0,1.0000,0.999286,car
track0094[01].png,auy8870,auy8870,True,0,1.0000,0.998801,car
track0094[02].png,auy8870,auy8870,True,0,1.0000,0.999090,car
track0094[03].png,auy8870,auy8870,True,0,1.0000,0.998778,car
track0094[04].png,auy8870,auy8870,True,0,1.0000,0.998468,car
track0094[05].png,auy8870,auy8870,True,0,1.0000,0.999249,car
track0094[06].png,auy8870,auy8870,True,0,1.0000,0.998779,car
track0094[07].png,auy8870,auy8870,True,0,1.0000,0.998364,car
track0094[08].png,auy8870,auy8870,True,0,1.0000,0.999374,car
track0094[09].png,auy8870,auy8870,True,0,1.0000,0.999433,car
track0094[10].png,auy8870,auy8870,True,0,1.0000,0.998713,car
track0094[11].png,auy8870,auy8870,True,0,1.0000,0.998506,car
track0094[12].png,auy8870,auy8870,True,0,1.0000,0.998320,car
track0094[13].png,auy8870,auy8870,True,0,1.0000,0.998260,car
track0094[14].png,auy8870,auy8870,True,0,1.0000,0.998807,car
track0094[15].png,auy8870,auy8870,True,0,1.0000,0.998782,car
track0094[16].png,auy8870,auy8870,True,0,1.0000,0.999380,car
track0094[17].png,auy8870,auy8870,True,0,1.0000,0.999335,car
track0094[18].png,auy8870,auy8870,True,0,1.0000,0.999350,car
track0094[19].png,auy8870,auy8870,True,0,1.0000,0.999015,car
track0094[20].png,auy8870,auy8870,True,0,1.0000,0.998974,car
track0094[21].png,auy8870,auy8870,True,0,1.0000,0.999345,car
track0094[22].png,auy8870,auy8870,True,0,1.0000,0.999220,car
track0094[23].png,auy8870,auy8870,True,0,1.0000,0.999015,car
track0094[24].png,auy8870,auy8870,True,0,1.0000,0.999320,car
track0094[25].png,auy8870,auy8870,True,0,1.0000,0.999492,car
track0094[26].png,auy8870,auy8870,True,0,1.0000,0.999555,car
track0094[27].png,auy8870,auy8870,True,0,1.0000,0.998820,car
track0094[28].png,auy8870,auy8870,True,0,1.0000,0.996882,car
track0094[29].png,auy8870,auy8870,True,0,1.0000,0.999331,car
track0094[30].png,auy8870,auy8870,True,0,1.0000,0.999022,car
track0095[01].png,avi2214,ayi2214,False,1,0.8571,0.373695,car
track0095[02].png,avi2214,avi2214,True,0,1.0000,0.914060,car
track0095[03].png,avi2214,avi2214,True,0,1.0000,0.994312,car
track0095[04].png,avi2214,avi2214,True,0,1.0000,0.958707,car
track0095[05].png,avi2214,ayi2214,False,1,0.8571,0.962143,car
track0095[06].png,avi2214,ayi2214,False,1,0.8571,0.875019,car
track0095[07].png,avi2214,ayi2214,False,1,0.8571,0.604779,car
track0095[08].png,avi2214,avi2214,True,0,1.0000,0.957169,car
track0095[09].png,avi2214,avi2214,True,0,1.0000,0.921659,car
track0095[10].png,avi2214,avi2214,True,0,1.0000,0.552746,car
track0095[11].png,avi2214,ayi2214,False,1,0.8571,0.803275,car
track0095[12].png,avi2214,avi2214,True,0,1.0000,0.573999,car
track0095[13].png,avi2214,avi2214,True,0,1.0000,0.641998,car
track0095[14].png,avi2214,avi2214,True,0,1.0000,0.524395,car
track0095[15].png,avi2214,ayi2214,False,1,0.8571,0.946504,car
track0095[16].png,avi2214,ayi2214,False,1,0.8571,0.492085,car
track0095[17].png,avi2214,ayi2214,False,1,0.8571,0.877188,car
track0095[18].png,avi2214,ayi2214,False,1,0.8571,0.987740,car
track0095[19].png,avi2214,avi2214,True,0,1.0000,0.513045,car
track0095[20].png,avi2214,avi2214,True,0,1.0000,0.965261,car
track0095[21].png,avi2214,ayi2214,False,1,0.8571,0.890332,car
track0095[22].png,avi2214,ayi2214,False,1,0.8571,0.962922,car
track0095[23].png,avi2214,avi2214,True,0,1.0000,0.849716,car
track0095[24].png,avi2214,avi2214,True,0,1.0000,0.900703,car
track0095[25].png,avi2214,avi2214,True,0,1.0000,0.664607,car
track0095[26].png,avi2214,avi2214,True,0,1.0000,0.590255,car
track0095[27].png,avi2214,ayi2214,False,1,0.8571,0.910677,car
track0095[28].png,avi2214,ayi2214,False,1,0.8571,0.930587,car
track0095[29].png,avi2214,ayi2214,False,1,0.8571,0.967205,car
track0095[30].png,avi2214,avi2214,True,0,1.0000,0.844271,car
track0096[01].png,awx9307,awx9307,True,0,1.0000,0.997710,car
track0096[02].png,awx9307,awx9307,True,0,1.0000,0.998524,car
track0096[03].png,awx9307,awx9307,True,0,1.0000,0.997202,car
track0096[04].png,awx9307,awx9307,True,0,1.0000,0.990856,car
track0096[05].png,awx9307,awx9307,True,0,1.0000,0.997156,car
track0096[06].png,awx9307,awx9307,True,0,1.0000,0.987737,car
track0096[07].png,awx9307,awx9307,True,0,1.0000,0.994426,car
track0096[08].png,awx9307,awx9307,True,0,1.0000,0.943019,car
track0096[09].png,awx9307,awx9307,True,0,1.0000,0.996781,car
track0096[10].png,awx9307,awx9307,True,0,1.0000,0.997062,car
track0096[11].png,awx9307,awx9307,True,0,1.0000,0.994092,car
track0096[12].png,awx9307,awx9307,True,0,1.0000,0.992250,car
track0096[13].png,awx9307,awx9307,True,0,1.0000,0.994722,car
track0096[14].png,awx9307,awx9307,True,0,1.0000,0.995844,car
track0096[15].png,awx9307,awx9307,True,0,1.0000,0.996142,car
track0096[16].png,awx9307,awx9307,True,0,1.0000,0.991824,car
track0096[17].png,awx9307,awx9307,True,0,1.0000,0.996256,car
track0096[18].png,awx9307,awx9307,True,0,1.0000,0.993710,car
track0096[19].png,awx9307,awx9307,True,0,1.0000,0.993377,car
track0096[20].png,awx9307,awx9307,True,0,1.0000,0.993961,car
track0096[21].png,awx9307,awx9307,True,0,1.0000,0.996562,car
track0096[22].png,awx9307,awx9307,True,0,1.0000,0.979910,car
track0096[23].png,awx9307,awx9307,True,0,1.0000,0.955839,car
track0096[24].png,awx9307,awx9307,True,0,1.0000,0.995307,car
track0096[25].png,awx9307,awx9307,True,0,1.0000,0.996460,car
track0096[26].png,awx9307,awx9307,True,0,1.0000,0.996745,car
track0096[27].png,awx9307,awx9307,True,0,1.0000,0.995398,car
track0096[28].png,awx9307,awx9307,True,0,1.0000,0.992422,car
track0096[29].png,awx9307,awx9307,True,0,1.0000,0.998100,car
track0096[30].png,awx9307,awx9307,True,0,1.0000,0.995894,car
track0097[01].png,ayp7941,ayp7941,True,0,1.0000,0.997406,motorcycle
track0097[02].png,ayp7941,ayp7941,True,0,1.0000,0.998507,motorcycle
track0097[03].png,ayp7941,ayp7941,True,0,1.0000,0.994655,motorcycle
track0097[04].png,ayp7941,ayp7941,True,0,1.0000,0.998346,motorcycle
track0097[05].png,ayp7941,ayp7941,True,0,1.0000,0.998433,motorcycle
track0097[06].png,ayp7941,ayp7941,True,0,1.0000,0.997640,motorcycle
track0097[07].png,ayp7941,ayp7941,True,0,1.0000,0.989439,motorcycle
track0097[08].png,ayp7941,ayp7941,True,0,1.0000,0.995051,motorcycle
track0097[09].png,ayp7941,ayp7941,True,0,1.0000,0.990861,motorcycle
track0097[10].png,ayp7941,ayp7944,False,1,0.8571,0.630506,motorcycle
track0097[11].png,ayp7941,ayp7941,True,0,1.0000,0.998100,motorcycle
track0097[12].png,ayp7941,ayp7941,True,0,1.0000,0.996578,motorcycle
track0097[13].png,ayp7941,ayp7941,True,0,1.0000,0.990291,motorcycle
track0097[14].png,ayp7941,ayp7941,True,0,1.0000,0.998109,motorcycle
track0097[15].png,ayp7941,ayp7941,True,0,1.0000,0.985886,motorcycle
track0097[16].png,ayp7941,ayp7941,True,0,1.0000,0.998096,motorcycle
track0097[17].png,ayp7941,ayp7941,True,0,1.0000,0.998054,motorcycle
track0097[18].png,ayp7941,ayp7941,True,0,1.0000,0.997948,motorcycle
track0097[19].png,ayp7941,ayp7941,True,0,1.0000,0.997113,motorcycle
track0097[20].png,ayp7941,ayp7941,True,0,1.0000,0.998018,motorcycle
track0097[21].png,ayp7941,ayp7941,True,0,1.0000,0.996847,motorcycle
track0097[22].png,ayp7941,ayp7941,True,0,1.0000,0.997667,motorcycle
track0097[23].png,ayp7941,ayp7941,True,0,1.0000,0.987251,motorcycle
track0097[24].png,ayp7941,ayp7941,True,0,1.0000,0.985310,motorcycle
track0097[25].png,ayp7941,ayp7941,True,0,1.0000,0.992105,motorcycle
track0097[26].png,ayp7941,ayp7941,True,0,1.0000,0.980341,motorcycle
track0097[27].png,ayp7941,ayp7941,True,0,1.0000,0.998538,motorcycle
track0097[28].png,ayp7941,ayp7941,True,0,1.0000,0.984728,motorcycle
track0097[29].png,ayp7941,ayp7941,True,0,1.0000,0.988580,motorcycle
track0097[30].png,ayp7941,ayp7941,True,0,1.0000,0.994369,motorcycle
track0098[01].png,asz9457,asz9457,True,0,1.0000,0.987474,car
track0098[02].png,asz9457,asz9457,True,0,1.0000,0.982306,car
track0098[03].png,asz9457,asz9457,True,0,1.0000,0.984838,car
track0098[04].png,asz9457,asz9457,True,0,1.0000,0.990195,car
track0098[05].png,asz9457,asz9457,True,0,1.0000,0.985986,car
track0098[06].png,asz9457,asz9457,True,0,1.0000,0.513568,car
track0098[07].png,asz9457,asz9457,True,0,1.0000,0.983808,car
track0098[08].png,asz9457,asz9457,True,0,1.0000,0.990207,car
track0098[09].png,asz9457,asz9457,True,0,1.0000,0.993998,car
track0098[10].png,asz9457,asz9457,True,0,1.0000,0.985991,car
track0098[11].png,asz9457,asz9457,True,0,1.0000,0.991460,car
track0098[12].png,asz9457,asz9457,True,0,1.0000,0.991622,car
track0098[13].png,asz9457,asz9457,True,0,1.0000,0.987548,car
track0098[14].png,asz9457,asz9457,True,0,1.0000,0.977765,car
track0098[15].png,asz9457,asz9457,True,0,1.0000,0.986711,car
track0098[16].png,asz9457,asz9457,True,0,1.0000,0.994108,car
track0098[17].png,asz9457,asz9457,True,0,1.0000,0.990875,car
track0098[18].png,asz9457,asz9457,True,0,1.0000,0.971085,car
track0098[19].png,asz9457,asz9457,True,0,1.0000,0.991063,car
track0098[20].png,asz9457,asz9457,True,0,1.0000,0.990512,car
track0098[21].png,asz9457,asz9457,True,0,1.0000,0.989447,car
track0098[22].png,asz9457,asz9457,True,0,1.0000,0.977050,car
track0098[23].png,asz9457,asz9457,True,0,1.0000,0.991044,car
track0098[24].png,asz9457,asz9457,True,0,1.0000,0.984972,car
track0098[25].png,asz9457,asz9457,True,0,1.0000,0.989372,car
track0098[26].png,asz9457,asz9457,True,0,1.0000,0.996162,car
track0098[27].png,asz9457,asz9457,True,0,1.0000,0.992056,car
track0098[28].png,asz9457,asz9457,True,0,1.0000,0.991939,car
track0098[29].png,asz9457,asz9457,True,0,1.0000,0.993747,car
track0098[30].png,asz9457,asz9457,True,0,1.0000,0.990217,car
track0099[01].png,ape4685,ape4685,True,0,1.0000,0.992858,car
track0099[02].png,ape4685,ape4685,True,0,1.0000,0.995817,car
track0099[03].png,ape4685,ape4685,True,0,1.0000,0.997603,car
track0099[04].png,ape4685,ape4685,True,0,1.0000,0.998120,car
track0099[05].png,ape4685,ape4685,True,0,1.0000,0.990252,car
track0099[06].png,ape4685,ape4685,True,0,1.0000,0.995531,car
track0099[07].png,ape4685,ape4685,True,0,1.0000,0.981259,car
track0099[08].png,ape4685,ape4685,True,0,1.0000,0.993819,car
track0099[09].png,ape4685,ape4685,True,0,1.0000,0.998784,car
track0099[10].png,ape4685,ape4685,True,0,1.0000,0.993783,car
track0099[11].png,ape4685,ape4685,True,0,1.0000,0.997723,car
track0099[12].png,ape4685,ape4685,True,0,1.0000,0.980762,car
track0099[13].png,ape4685,ape4685,True,0,1.0000,0.999028,car
track0099[14].png,ape4685,ape4685,True,0,1.0000,0.986759,car
track0099[15].png,ape4685,npe4685,False,1,0.8571,0.729989,car
track0099[16].png,ape4685,ape4685,True,0,1.0000,0.898673,car
track0099[17].png,ape4685,ape4685,True,0,1.0000,0.939936,car
track0099[18].png,ape4685,ape4685,True,0,1.0000,0.527972,car
track0099[19].png,ape4685,ape4685,True,0,1.0000,0.840562,car
track0099[20].png,ape4685,ape4685,True,0,1.0000,0.998172,car
track0099[21].png,ape4685,ape4685,True,0,1.0000,0.998255,car
track0099[22].png,ape4685,ape4685,True,0,1.0000,0.997246,car
track0099[23].png,ape4685,ape4685,True,0,1.0000,0.996782,car
track0099[24].png,ape4685,ape4685,True,0,1.0000,0.899285,car
track0099[25].png,ape4685,ape4685,True,0,1.0000,0.971047,car
track0099[26].png,ape4685,ape4685,True,0,1.0000,0.991823,car
track0099[27].png,ape4685,ape4685,True,0,1.0000,0.997630,car
track0099[28].png,ape4685,ape4685,True,0,1.0000,0.988822,car
track0099[29].png,ape4685,ape4685,True,0,1.0000,0.998249,car
track0099[30].png,ape4685,ape4685,True,0,1.0000,0.997631,car
track0100[01].png,isk7086,isk7086,True,0,1.0000,0.880194,car
track0100[02].png,isk7086,isk7085,False,1,0.8571,0.269080,car
track0100[03].png,isk7086,isn70b5,False,3,0.5714,0.570219,car
track0100[04].png,isk7086,isn7086,False,1,0.8571,0.946904,car
track0100[05].png,isk7086,isk7086,True,0,1.0000,0.894486,car
track0100[06].png,isk7086,isk7086,True,0,1.0000,0.743231,car
track0100[07].png,isk7086,isk7086,True,0,1.0000,0.830641,car
track0100[08].png,isk7086,isk7086,True,0,1.0000,0.854021,car
track0100[09].png,isk7086,isk7086,True,0,1.0000,0.984852,car
track0100[10].png,isk7086,isk7086,True,0,1.0000,0.990392,car
track0100[11].png,isk7086,isk7086,True,0,1.0000,0.997536,car
track0100[12].png,isk7086,isk7086,True,0,1.0000,0.993555,car
track0100[13].png,isk7086,isk7086,True,0,1.0000,0.961905,car
track0100[14].png,isk7086,isk7086,True,0,1.0000,0.989107,car
track0100[15].png,isk7086,isk7086,True,0,1.0000,0.996694,car
track0100[16].png,isk7086,isk7086,True,0,1.0000,0.997111,car
track0100[17].png,isk7086,isk7086,True,0,1.0000,0.935982,car
track0100[18].png,isk7086,isk7086,True,0,1.0000,0.641756,car
track0100[19].png,isk7086,isk7086,True,0,1.0000,0.919394,car
track0100[20].png,isk7086,isk7086,True,0,1.0000,0.583359,car
track0100[21].png,isk7086,isk7086,True,0,1.0000,0.987805,car
track0100[22].png,isk7086,isk7086,True,0,1.0000,0.995985,car
track0100[23].png,isk7086,isk7086,True,0,1.0000,0.994479,car
track0100[24].png,isk7086,isk7086,True,0,1.0000,0.997014,car
track0100[25].png,isk7086,isk7086,True,0,1.0000,0.910926,car
track0100[26].png,isk7086,isk7086,True,0,1.0000,0.975985,car
track0100[27].png,isk7086,isk7086,True,0,1.0000,0.981598,car
track0100[28].png,isk7086,isk7086,True,0,1.0000,0.992828,car
track0100[29].png,isk7086,isk7086,True,0,1.0000,0.997039,car
track0100[30].png,isk7086,isk7086,True,0,1.0000,0.992102,car
track0101[01].png,amr2189,amr2189,True,0,1.0000,0.881671,car
track0101[02].png,amr2189,amr2189,True,0,1.0000,0.857766,car
track0101[03].png,amr2189,agr2189,False,1,0.8571,0.316658,car
track0101[04].png,amr2189,amr2189,True,0,1.0000,0.942585,car
track0101[05].png,amr2189,amr2189,True,0,1.0000,0.904477,car
track0101[06].png,amr2189,amr2189,True,0,1.0000,0.648631,car
track0101[07].png,amr2189,amr2189,True,0,1.0000,0.798220,car
track0101[08].png,amr2189,amr2189,True,0,1.0000,0.997855,car
track0101[09].png,amr2189,amr2189,True,0,1.0000,0.894454,car
track0101[10].png,amr2189,amr2189,True,0,1.0000,0.966931,car
track0101[11].png,amr2189,amr2189,True,0,1.0000,0.992706,car
track0101[12].png,amr2189,amr2189,True,0,1.0000,0.997044,car
track0101[13].png,amr2189,amr2189,True,0,1.0000,0.933953,car
track0101[14].png,amr2189,amr2189,True,0,1.0000,0.972524,car
track0101[15].png,amr2189,amr2189,True,0,1.0000,0.865473,car
track0101[16].png,amr2189,amr2189,True,0,1.0000,0.996003,car
track0101[17].png,amr2189,amr2189,True,0,1.0000,0.888902,car
track0101[18].png,amr2189,amr2189,True,0,1.0000,0.833860,car
track0101[19].png,amr2189,amr2189,True,0,1.0000,0.993501,car
track0101[20].png,amr2189,amr2189,True,0,1.0000,0.907444,car
track0101[21].png,amr2189,amr2189,True,0,1.0000,0.998553,car
track0101[22].png,amr2189,amr2189,True,0,1.0000,0.996737,car
track0101[23].png,amr2189,amr2189,True,0,1.0000,0.863914,car
track0101[24].png,amr2189,amr2189,True,0,1.0000,0.997701,car
track0101[25].png,amr2189,amr2189,True,0,1.0000,0.962660,car
track0101[26].png,amr2189,amr2189,True,0,1.0000,0.741907,car
track0101[27].png,amr2189,amr2189,True,0,1.0000,0.975846,car
track0101[28].png,amr2189,nqr2189,False,2,0.7143,0.682571,car
track0101[29].png,amr2189,amr2189,True,0,1.0000,0.962630,car
track0101[30].png,amr2189,amr2189,True,0,1.0000,0.844379,car
track0102[01].png,ahb1989,ahb1989,True,0,1.0000,0.998447,car
track0102[02].png,ahb1989,ahb1989,True,0,1.0000,0.984507,car
track0102[03].png,ahb1989,ahb1989,True,0,1.0000,0.997036,car
track0102[04].png,ahb1989,ahb1989,True,0,1.0000,0.833723,car
track0102[05].png,ahb1989,ahb1989,True,0,1.0000,0.931446,car
track0102[06].png,ahb1989,ah81989,False,1,0.8571,0.624483,car
track0102[07].png,ahb1989,ahb1989,True,0,1.0000,0.981957,car
track0102[08].png,ahb1989,ahb1989,True,0,1.0000,0.796296,car
track0102[09].png,ahb1989,ah81989,False,1,0.8571,0.966512,car
track0102[10].png,ahb1989,ahb1989,True,0,1.0000,0.955075,car
track0102[11].png,ahb1989,ahb1989,True,0,1.0000,0.797478,car
track0102[12].png,ahb1989,ahb1989,True,0,1.0000,0.936642,car
track0102[13].png,ahb1989,ahb1989,True,0,1.0000,0.994658,car
track0102[14].png,ahb1989,ahb1989,True,0,1.0000,0.994931,car
track0102[15].png,ahb1989,ahb1989,True,0,1.0000,0.951771,car
track0102[16].png,ahb1989,ahb1989,True,0,1.0000,0.982117,car
track0102[17].png,ahb1989,ahb1989,True,0,1.0000,0.993820,car
track0102[18].png,ahb1989,ahb1989,True,0,1.0000,0.996880,car
track0102[19].png,ahb1989,ahb1989,True,0,1.0000,0.999294,car
track0102[20].png,ahb1989,ahb1989,True,0,1.0000,0.981218,car
track0102[21].png,ahb1989,ahb1989,True,0,1.0000,0.872121,car
track0102[22].png,ahb1989,ahb1989,True,0,1.0000,0.973616,car
track0102[23].png,ahb1989,ahb1989,True,0,1.0000,0.997716,car
track0102[24].png,ahb1989,ah81989,False,1,0.8571,0.985016,car
track0102[25].png,ahb1989,ahb1989,True,0,1.0000,0.997193,car
track0102[26].png,ahb1989,ahb1989,True,0,1.0000,0.996842,car
track0102[27].png,ahb1989,ahb1989,True,0,1.0000,0.956210,car
track0102[28].png,ahb1989,ahb1989,True,0,1.0000,0.511495,car
track0102[29].png,ahb1989,ahb1989,True,0,1.0000,0.997085,car
track0102[30].png,ahb1989,ahb1989,True,0,1.0000,0.986016,car
track0103[01].png,bcs4525,bcs4525,True,0,1.0000,0.999204,car
track0103[02].png,bcs4525,bcs4525,True,0,1.0000,0.998885,car
track0103[03].png,bcs4525,bcs4525,True,0,1.0000,0.999031,car
track0103[04].png,bcs4525,bcs4525,True,0,1.0000,0.998955,car
track0103[05].png,bcs4525,bcs4525,True,0,1.0000,0.998826,car
track0103[06].png,bcs4525,bcs4525,True,0,1.0000,0.997234,car
track0103[07].png,bcs4525,bcs4525,True,0,1.0000,0.998472,car
track0103[08].png,bcs4525,bcs4525,True,0,1.0000,0.998329,car
track0103[09].png,bcs4525,bcs4525,True,0,1.0000,0.997119,car
track0103[10].png,bcs4525,bcs4525,True,0,1.0000,0.998229,car
track0103[11].png,bcs4525,bcs4525,True,0,1.0000,0.998625,car
track0103[12].png,bcs4525,bcs4525,True,0,1.0000,0.998379,car
track0103[13].png,bcs4525,bcs4525,True,0,1.0000,0.998603,car
track0103[14].png,bcs4525,bcs4525,True,0,1.0000,0.998955,car
track0103[15].png,bcs4525,bcs4525,True,0,1.0000,0.998346,car
track0103[16].png,bcs4525,bcs4525,True,0,1.0000,0.998954,car
track0103[17].png,bcs4525,bcs4525,True,0,1.0000,0.995973,car
track0103[18].png,bcs4525,bcs4525,True,0,1.0000,0.998977,car
track0103[19].png,bcs4525,bcs4525,True,0,1.0000,0.998267,car
track0103[20].png,bcs4525,bcs4525,True,0,1.0000,0.997017,car
track0103[21].png,bcs4525,bcs4525,True,0,1.0000,0.999198,car
track0103[22].png,bcs4525,bcs4525,True,0,1.0000,0.997172,car
track0103[23].png,bcs4525,bcs4525,True,0,1.0000,0.998724,car
track0103[24].png,bcs4525,bcs4525,True,0,1.0000,0.998459,car
track0103[25].png,bcs4525,bes4525,False,1,0.8571,0.515252,car
track0103[26].png,bcs4525,bes4525,False,1,0.8571,0.945555,car
track0103[27].png,bcs4525,bcs4525,True,0,1.0000,0.998165,car
track0103[28].png,bcs4525,bcs4525,True,0,1.0000,0.998179,car
track0103[29].png,bcs4525,bcs4525,True,0,1.0000,0.997001,car
track0103[30].png,bcs4525,bcs4525,True,0,1.0000,0.998679,car
track0104[01].png,apl0100,apl0100,True,0,1.0000,0.998342,car
track0104[02].png,apl0100,apl0100,True,0,1.0000,0.997660,car
track0104[03].png,apl0100,apl0100,True,0,1.0000,0.997147,car
track0104[04].png,apl0100,apl0100,True,0,1.0000,0.996602,car
track0104[05].png,apl0100,apl0100,True,0,1.0000,0.996442,car
track0104[06].png,apl0100,apl0100,True,0,1.0000,0.995541,car
track0104[07].png,apl0100,apl0108,False,1,0.8571,0.530713,car
track0104[08].png,apl0100,apl0100,True,0,1.0000,0.996019,car
track0104[09].png,apl0100,apl0100,True,0,1.0000,0.993606,car
track0104[10].png,apl0100,apl0100,True,0,1.0000,0.985660,car
track0104[11].png,apl0100,apl0100,True,0,1.0000,0.995616,car
track0104[12].png,apl0100,apl0100,True,0,1.0000,0.997421,car
track0104[13].png,apl0100,apl0100,True,0,1.0000,0.995310,car
track0104[14].png,apl0100,apl0100,True,0,1.0000,0.992969,car
track0104[15].png,apl0100,apl0100,True,0,1.0000,0.994709,car
track0104[16].png,apl0100,apl0100,True,0,1.0000,0.998152,car
track0104[17].png,apl0100,apl0100,True,0,1.0000,0.997733,car
track0104[18].png,apl0100,apl0100,True,0,1.0000,0.996725,car
track0104[19].png,apl0100,apl0100,True,0,1.0000,0.997704,car
track0104[20].png,apl0100,apl0100,True,0,1.0000,0.998764,car
track0104[21].png,apl0100,apl0100,True,0,1.0000,0.997689,car
track0104[22].png,apl0100,apl0100,True,0,1.0000,0.993081,car
track0104[23].png,apl0100,apl0100,True,0,1.0000,0.993774,car
track0104[24].png,apl0100,apl0100,True,0,1.0000,0.997141,car
track0104[25].png,apl0100,apl0100,True,0,1.0000,0.979408,car
track0104[26].png,apl0100,apl0100,True,0,1.0000,0.996916,car
track0104[27].png,apl0100,apl0100,True,0,1.0000,0.993559,car
track0104[28].png,apl0100,apl0100,True,0,1.0000,0.997824,car
track0104[29].png,apl0100,apl0100,True,0,1.0000,0.999676,car
track0104[30].png,apl0100,apl0100,True,0,1.0000,0.999703,car
track0105[01].png,aek0977,aek0977,True,0,1.0000,0.936206,motorcycle
track0105[02].png,aek0977,afk0977,False,1,0.8571,0.491384,motorcycle
track0105[03].png,aek0977,aek0977,True,0,1.0000,0.950857,motorcycle
track0105[04].png,aek0977,aek0977,True,0,1.0000,0.754816,motorcycle
track0105[05].png,aek0977,aek0977,True,0,1.0000,0.489134,motorcycle
track0105[06].png,aek0977,aek0977,True,0,1.0000,0.886542,motorcycle
track0105[07].png,aek0977,aek0977,True,0,1.0000,0.544646,motorcycle
track0105[08].png,aek0977,afk0977,False,1,0.8571,0.608073,motorcycle
track0105[09].png,aek0977,aek0977,True,0,1.0000,0.544474,motorcycle
track0105[10].png,aek0977,afk0977,False,1,0.8571,0.733475,motorcycle
track0105[11].png,aek0977,aek0977,True,0,1.0000,0.984235,motorcycle
track0105[12].png,aek0977,afk0977,False,1,0.8571,0.533889,motorcycle
track0105[13].png,aek0977,aek0977,True,0,1.0000,0.984690,motorcycle
track0105[14].png,aek0977,aek0977,True,0,1.0000,0.993451,motorcycle
track0105[15].png,aek0977,aek0977,True,0,1.0000,0.781445,motorcycle
track0105[16].png,aek0977,aek0977,True,0,1.0000,0.947209,motorcycle
track0105[17].png,aek0977,aek0977,True,0,1.0000,0.991039,motorcycle
track0105[18].png,aek0977,aek0977,True,0,1.0000,0.903677,motorcycle
track0105[19].png,aek0977,aek0977,True,0,1.0000,0.613028,motorcycle
track0105[20].png,aek0977,aek0977,True,0,1.0000,0.610885,motorcycle
track0105[21].png,aek0977,aek0977,True,0,1.0000,0.991131,motorcycle
track0105[22].png,aek0977,aek0977,True,0,1.0000,0.611317,motorcycle
track0105[23].png,aek0977,aek0977,True,0,1.0000,0.643302,motorcycle
track0105[24].png,aek0977,afk0977,False,1,0.8571,0.814890,motorcycle
track0105[25].png,aek0977,afk0977,False,1,0.8571,0.859728,motorcycle
track0105[26].png,aek0977,aek0977,True,0,1.0000,0.970963,motorcycle
track0105[27].png,aek0977,afk0977,False,1,0.8571,0.780149,motorcycle
track0105[28].png,aek0977,aek0977,True,0,1.0000,0.875538,motorcycle
track0105[29].png,aek0977,aek0977,True,0,1.0000,0.835725,motorcycle
track0105[30].png,aek0977,afk0977,False,1,0.8571,0.825079,motorcycle
track0106[01].png,abn8528,abn8528,True,0,1.0000,0.999155,car
track0106[02].png,abn8528,abn8528,True,0,1.0000,0.998025,car
track0106[03].png,abn8528,abn8528,True,0,1.0000,0.999180,car
track0106[04].png,abn8528,abn8528,True,0,1.0000,0.998645,car
track0106[05].png,abn8528,abn8528,True,0,1.0000,0.998745,car
track0106[06].png,abn8528,abn8528,True,0,1.0000,0.996821,car
track0106[07].png,abn8528,abn8528,True,0,1.0000,0.999503,car
track0106[08].png,abn8528,abn8528,True,0,1.0000,0.998899,car
track0106[09].png,abn8528,abn8528,True,0,1.0000,0.951133,car
track0106[10].png,abn8528,abn8528,True,0,1.0000,0.997691,car
track0106[11].png,abn8528,abn8528,True,0,1.0000,0.998387,car
track0106[12].png,abn8528,abn8528,True,0,1.0000,0.925698,car
track0106[13].png,abn8528,abn8528,True,0,1.0000,0.999200,car
track0106[14].png,abn8528,abn8528,True,0,1.0000,0.997994,car
track0106[15].png,abn8528,abn8528,True,0,1.0000,0.823758,car
track0106[16].png,abn8528,abn8528,True,0,1.0000,0.976474,car
track0106[17].png,abn8528,abn8528,True,0,1.0000,0.995783,car
track0106[18].png,abn8528,abn8528,True,0,1.0000,0.998148,car
track0106[19].png,abn8528,abn8528,True,0,1.0000,0.692207,car
track0106[20].png,abn8528,abn8528,True,0,1.0000,0.659356,car
track0106[21].png,abn8528,abn8528,True,0,1.0000,0.997019,car
track0106[22].png,abn8528,abn8528,True,0,1.0000,0.998715,car
track0106[23].png,abn8528,abn8528,True,0,1.0000,0.999071,car
track0106[24].png,abn8528,abn8528,True,0,1.0000,0.998910,car
track0106[25].png,abn8528,abn8528,True,0,1.0000,0.986707,car
track0106[26].png,abn8528,abn8528,True,0,1.0000,0.995524,car
track0106[27].png,abn8528,abn8528,True,0,1.0000,0.995410,car
track0106[28].png,abn8528,abn8528,True,0,1.0000,0.969942,car
track0106[29].png,abn8528,abn8528,True,0,1.0000,0.709630,car
track0106[30].png,abn8528,abn8528,True,0,1.0000,0.996185,car
track0107[01].png,mjo0862,mjo0862,True,0,1.0000,0.996195,car
track0107[02].png,mjo0862,mjo0862,True,0,1.0000,0.995313,car
track0107[03].png,mjo0862,mjo0862,True,0,1.0000,0.996978,car
track0107[04].png,mjo0862,mjo0862,True,0,1.0000,0.998406,car
track0107[05].png,mjo0862,mjo0862,True,0,1.0000,0.997139,car
track0107[06].png,mjo0862,mjo0862,True,0,1.0000,0.997830,car
track0107[07].png,mjo0862,mjo0862,True,0,1.0000,0.993600,car
track0107[08].png,mjo0862,mjo0862,True,0,1.0000,0.995842,car
track0107[09].png,mjo0862,mjd0862,False,1,0.8571,0.992916,car
track0107[10].png,mjo0862,mjd0862,False,1,0.8571,0.678019,car
track0107[11].png,mjo0862,mjo0862,True,0,1.0000,0.995476,car
track0107[12].png,mjo0862,mjd0862,False,1,0.8571,0.787456,car
track0107[13].png,mjo0862,mjo0862,True,0,1.0000,0.851986,car
track0107[14].png,mjo0862,mjd0862,False,1,0.8571,0.568081,car
track0107[15].png,mjo0862,mjd0862,False,1,0.8571,0.999333,car
track0107[16].png,mjo0862,mjd0862,False,1,0.8571,0.998211,car
track0107[17].png,mjo0862,mjd0862,False,1,0.8571,0.955422,car
track0107[18].png,mjo0862,mjo0862,True,0,1.0000,0.885059,car
track0107[19].png,mjo0862,mjo0862,True,0,1.0000,0.997278,car
track0107[20].png,mjo0862,mjo0862,True,0,1.0000,0.996170,car
track0107[21].png,mjo0862,mjo0862,True,0,1.0000,0.663311,car
track0107[22].png,mjo0862,mjo0862,True,0,1.0000,0.995557,car
track0107[23].png,mjo0862,mjo0862,True,0,1.0000,0.997925,car
track0107[24].png,mjo0862,mjo0862,True,0,1.0000,0.989747,car
track0107[25].png,mjo0862,mjo0862,True,0,1.0000,0.990982,car
track0107[26].png,mjo0862,mjo0862,True,0,1.0000,0.997595,car
track0107[27].png,mjo0862,mjo0862,True,0,1.0000,0.986278,car
track0107[28].png,mjo0862,mjo0862,True,0,1.0000,0.997588,car
track0107[29].png,mjo0862,mjo0862,True,0,1.0000,0.995265,car
track0107[30].png,mjo0862,mjo0862,True,0,1.0000,0.994247,car
track0108[01].png,ary9308,arv9308,False,1,0.8571,0.966082,car
track0108[02].png,ary9308,ary9308,True,0,1.0000,0.997196,car
track0108[03].png,ary9308,ary9308,True,0,1.0000,0.998167,car
track0108[04].png,ary9308,ary9308,True,0,1.0000,0.930928,car
track0108[05].png,ary9308,ary9308,True,0,1.0000,0.996241,car
track0108[06].png,ary9308,ary9308,True,0,1.0000,0.991660,car
track0108[07].png,ary9308,ary9308,True,0,1.0000,0.997817,car
track0108[08].png,ary9308,ary9308,True,0,1.0000,0.999547,car
track0108[09].png,ary9308,ary9308,True,0,1.0000,0.997733,car
track0108[10].png,ary9308,ary9308,True,0,1.0000,0.998936,car
track0108[11].png,ary9308,ary9308,True,0,1.0000,0.991783,car
track0108[12].png,ary9308,ary9308,True,0,1.0000,0.927972,car
track0108[13].png,ary9308,ary9308,True,0,1.0000,0.997878,car
track0108[14].png,ary9308,ary9308,True,0,1.0000,0.996541,car
track0108[15].png,ary9308,ary9308,True,0,1.0000,0.987452,car
track0108[16].png,ary9308,ary9308,True,0,1.0000,0.996995,car
track0108[17].png,ary9308,ary9308,True,0,1.0000,0.998121,car
track0108[18].png,ary9308,ary9308,True,0,1.0000,0.999100,car
track0108[19].png,ary9308,ary9308,True,0,1.0000,0.998749,car
track0108[20].png,ary9308,ary9308,True,0,1.0000,0.998550,car
track0108[21].png,ary9308,ary9308,True,0,1.0000,0.977723,car
track0108[22].png,ary9308,ary9308,True,0,1.0000,0.993609,car
track0108[23].png,ary9308,ary9308,True,0,1.0000,0.996310,car
track0108[24].png,ary9308,ary9308,True,0,1.0000,0.996496,car
track0108[25].png,ary9308,ary9308,True,0,1.0000,0.997273,car
track0108[26].png,ary9308,ary9308,True,0,1.0000,0.990017,car
track0108[27].png,ary9308,ary9308,True,0,1.0000,0.996684,car
track0108[28].png,ary9308,ary9308,True,0,1.0000,0.998866,car
track0108[29].png,ary9308,ary9308,True,0,1.0000,0.978074,car
track0108[30].png,ary9308,ary9308,True,0,1.0000,0.808568,car
track0109[01].png,awz7648,awz7648,True,0,1.0000,0.955066,motorcycle
track0109[02].png,awz7648,awz7648,True,0,1.0000,0.842616,motorcycle
track0109[03].png,awz7648,awz7648,True,0,1.0000,0.972327,motorcycle
track0109[04].png,awz7648,awz7648,True,0,1.0000,0.842028,motorcycle
track0109[05].png,awz7648,awz7648,True,0,1.0000,0.980860,motorcycle
track0109[06].png,awz7648,awz7648,True,0,1.0000,0.724481,motorcycle
track0109[07].png,awz7648,awz7648,True,0,1.0000,0.945921,motorcycle
track0109[08].png,awz7648,amz7648,False,1,0.8571,0.483569,motorcycle
track0109[09].png,awz7648,awz7648,True,0,1.0000,0.430224,motorcycle
track0109[10].png,awz7648,awz7648,True,0,1.0000,0.512813,motorcycle
track0109[11].png,awz7648,awz7648,True,0,1.0000,0.853637,motorcycle
track0109[12].png,awz7648,awz7648,True,0,1.0000,0.935635,motorcycle
track0109[13].png,awz7648,awz7648,True,0,1.0000,0.931696,motorcycle
track0109[14].png,awz7648,awz7648,True,0,1.0000,0.861059,motorcycle
track0109[15].png,awz7648,awz7648,True,0,1.0000,0.849577,motorcycle
track0109[16].png,awz7648,amz7648,False,1,0.8571,0.843372,motorcycle
track0109[17].png,awz7648,awz7648,True,0,1.0000,0.417743,motorcycle
track0109[18].png,awz7648,awz7648,True,0,1.0000,0.491554,motorcycle
track0109[19].png,awz7648,awz7648,True,0,1.0000,0.498636,motorcycle
track0109[20].png,awz7648,awz7648,True,0,1.0000,0.754063,motorcycle
track0109[21].png,awz7648,awz7648,True,0,1.0000,0.881690,motorcycle
track0109[22].png,awz7648,awz7648,True,0,1.0000,0.584823,motorcycle
track0109[23].png,awz7648,awz7646,False,1,0.8571,0.335124,motorcycle
track0109[24].png,awz7648,awz7646,False,1,0.8571,0.369895,motorcycle
track0109[25].png,awz7648,awz7664,False,2,0.7143,0.237780,motorcycle
track0109[26].png,awz7648,awz7648,True,0,1.0000,0.574580,motorcycle
track0109[27].png,awz7648,awz7569,False,3,0.5714,0.448333,motorcycle
track0109[28].png,awz7648,awz7648,True,0,1.0000,0.522063,motorcycle
track0109[29].png,awz7648,awz7665,False,2,0.7143,0.465592,motorcycle
track0109[30].png,awz7648,awz7648,True,0,1.0000,0.739750,motorcycle
track0110[01].png,bbo8514,bbo8514,True,0,1.0000,0.932500,motorcycle
track0110[02].png,bbo8514,bbo8514,True,0,1.0000,0.964784,motorcycle
track0110[03].png,bbo8514,bbo8514,True,0,1.0000,0.687317,motorcycle
track0110[04].png,bbo8514,bbo8514,True,0,1.0000,0.955389,motorcycle
track0110[05].png,bbo8514,bbo8514,True,0,1.0000,0.984001,motorcycle
track0110[06].png,bbo8514,bbo8514,True,0,1.0000,0.967253,motorcycle
track0110[07].png,bbo8514,bbo8514,True,0,1.0000,0.980933,motorcycle
track0110[08].png,bbo8514,bbo8514,True,0,1.0000,0.984668,motorcycle
track0110[09].png,bbo8514,bbo8514,True,0,1.0000,0.954986,motorcycle
track0110[10].png,bbo8514,bbo8514,True,0,1.0000,0.994055,motorcycle
track0110[11].png,bbo8514,bbo8514,True,0,1.0000,0.896654,motorcycle
track0110[12].png,bbo8514,bbo8514,True,0,1.0000,0.679641,motorcycle
track0110[13].png,bbo8514,bbo8514,True,0,1.0000,0.494531,motorcycle
track0110[14].png,bbo8514,bbo8514,True,0,1.0000,0.985176,motorcycle
track0110[15].png,bbo8514,bbo8514,True,0,1.0000,0.978008,motorcycle
track0110[16].png,bbo8514,bbo8514,True,0,1.0000,0.570524,motorcycle
track0110[17].png,bbo8514,bbo8514,True,0,1.0000,0.759806,motorcycle
track0110[18].png,bbo8514,bbo8514,True,0,1.0000,0.889271,motorcycle
track0110[19].png,bbo8514,bbo8514,True,0,1.0000,0.985805,motorcycle
track0110[20].png,bbo8514,bbo8514,True,0,1.0000,0.947610,motorcycle
track0110[21].png,bbo8514,bbo8514,True,0,1.0000,0.660990,motorcycle
track0110[22].png,bbo8514,bbo8514,True,0,1.0000,0.964930,motorcycle
track0110[23].png,bbo8514,bbo8514,True,0,1.0000,0.977936,motorcycle
track0110[24].png,bbo8514,bbo8514,True,0,1.0000,0.988092,motorcycle
track0110[25].png,bbo8514,bbo8514,True,0,1.0000,0.981699,motorcycle
track0110[26].png,bbo8514,bbo8514,True,0,1.0000,0.992768,motorcycle
track0110[27].png,bbo8514,bb08514,False,1,0.8571,0.448363,motorcycle
track0110[28].png,bbo8514,bbo8514,True,0,1.0000,0.903068,motorcycle
track0110[29].png,bbo8514,bbo8514,True,0,1.0000,0.842252,motorcycle
track0110[30].png,bbo8514,bbo8514,True,0,1.0000,0.975117,motorcycle
track0111[01].png,aiq1056,aiq2056,False,1,0.8571,0.441977,car
track0111[02].png,aiq1056,atq2156,False,3,0.5714,0.331564,car
track0111[03].png,aiq1056,atq1056,False,1,0.8571,0.616315,car
track0111[04].png,aiq1056,atq2156,False,3,0.5714,0.390665,car
track0111[05].png,aiq1056,aiq7056,False,1,0.8571,0.376053,car
track0111[06].png,aiq1056,atq1056,False,1,0.8571,0.349507,car
track0111[07].png,aiq1056,atq2105,False,3,0.5714,0.321911,car
track0111[08].png,aiq1056,atq1056,False,1,0.8571,0.873948,car
track0111[09].png,aiq1056,atq1056,False,1,0.8571,0.900843,car
track0111[10].png,aiq1056,atq1056,False,1,0.8571,0.509113,car
track0111[11].png,aiq1056,atq1056,False,1,0.8571,0.671344,car
track0111[12].png,aiq1056,aiq1056,True,0,1.0000,0.154691,car
track0111[13].png,aiq1056,aiq1156,False,1,0.8571,0.535378,car
track0111[14].png,aiq1056,atq1156,False,2,0.7143,0.464812,car
track0111[15].png,aiq1056,atq1056,False,1,0.8571,0.816690,car
track0111[16].png,aiq1056,aiq1056,True,0,1.0000,0.500416,car
track0111[17].png,aiq1056,aiq1056,True,0,1.0000,0.758038,car
track0111[18].png,aiq1056,aiq1056,True,0,1.0000,0.424374,car
track0111[19].png,aiq1056,aiq2156,False,2,0.7143,0.477193,car
track0111[20].png,aiq1056,aiq1156,False,1,0.8571,0.346715,car
track0111[21].png,aiq1056,aiq1056,True,0,1.0000,0.800534,car
track0111[22].png,aiq1056,aiq1056,True,0,1.0000,0.849899,car
track0111[23].png,aiq1056,aiq1056,True,0,1.0000,0.232898,car
track0111[24].png,aiq1056,atq2156,False,3,0.5714,0.252482,car
track0111[25].png,aiq1056,atq1105,False,3,0.5714,0.134702,car
track0111[26].png,aiq1056,aiq2105,False,2,0.7143,0.351453,car
track0111[27].png,aiq1056,atqf105,False,3,0.5714,0.361708,car
track0111[28].png,aiq1056,atq1156,False,2,0.7143,0.260137,car
track0111[29].png,aiq1056,aiq2105,False,2,0.7143,0.327760,car
track0111[30].png,aiq1056,atq1056,False,1,0.8571,0.464966,car
track0112[01].png,apd4389,apd4389,True,0,1.0000,0.996087,car
track0112[02].png,apd4389,apd4389,True,0,1.0000,0.999567,car
track0112[03].png,apd4389,apd4389,True,0,1.0000,0.998996,car
track0112[04].png,apd4389,apd4389,True,0,1.0000,0.999622,car
track0112[05].png,apd4389,apd4389,True,0,1.0000,0.999729,car
track0112[06].png,apd4389,apd4389,True,0,1.0000,0.999523,car
track0112[07].png,apd4389,apd4389,True,0,1.0000,0.999623,car
track0112[08].png,apd4389,apd4389,True,0,1.0000,0.999581,car
track0112[09].png,apd4389,apd4389,True,0,1.0000,0.999719,car
track0112[10].png,apd4389,apd4389,True,0,1.0000,0.999482,car
track0112[11].png,apd4389,apd4389,True,0,1.0000,0.999268,car
track0112[12].png,apd4389,apd4389,True,0,1.0000,0.994541,car
track0112[13].png,apd4389,apd4389,True,0,1.0000,0.996445,car
track0112[14].png,apd4389,apd4389,True,0,1.0000,0.992716,car
track0112[15].png,apd4389,apd4389,True,0,1.0000,0.999234,car
track0112[16].png,apd4389,apd4389,True,0,1.0000,0.998593,car
track0112[17].png,apd4389,apd4389,True,0,1.0000,0.996000,car
track0112[18].png,apd4389,apd4389,True,0,1.0000,0.998825,car
track0112[19].png,apd4389,apd4389,True,0,1.0000,0.970790,car
track0112[20].png,apd4389,apd4389,True,0,1.0000,0.999036,car
track0112[21].png,apd4389,apd4389,True,0,1.0000,0.998574,car
track0112[22].png,apd4389,apd4389,True,0,1.0000,0.998116,car
track0112[23].png,apd4389,apd4389,True,0,1.0000,0.999512,car
track0112[24].png,apd4389,apd4389,True,0,1.0000,0.999632,car
track0112[25].png,apd4389,apd4389,True,0,1.0000,0.999681,car
track0112[26].png,apd4389,apd4389,True,0,1.0000,0.999381,car
track0112[27].png,apd4389,apd4389,True,0,1.0000,0.962784,car
track0112[28].png,apd4389,apd4389,True,0,1.0000,0.999551,car
track0112[29].png,apd4389,apd4389,True,0,1.0000,0.989676,car
track0112[30].png,apd4389,apo4389,False,1,0.8571,0.998908,car
track0113[01].png,pwc3858,pwc3858,True,0,1.0000,0.999236,car
track0113[02].png,pwc3858,pwc3858,True,0,1.0000,0.999208,car
track0113[03].png,pwc3858,pwc3858,True,0,1.0000,0.993450,car
track0113[04].png,pwc3858,pwc3858,True,0,1.0000,0.998919,car
track0113[05].png,pwc3858,pwc3858,True,0,1.0000,0.986785,car
track0113[06].png,pwc3858,pwc3858,True,0,1.0000,0.996122,car
track0113[07].png,pwc3858,pwc3858,True,0,1.0000,0.998366,car
track0113[08].png,pwc3858,pwc3858,True,0,1.0000,0.999058,car
track0113[09].png,pwc3858,pwc3858,True,0,1.0000,0.996570,car
track0113[10].png,pwc3858,pwc3858,True,0,1.0000,0.990376,car
track0113[11].png,pwc3858,pwc3858,True,0,1.0000,0.996986,car
track0113[12].png,pwc3858,pwc3858,True,0,1.0000,0.993786,car
track0113[13].png,pwc3858,pwc3858,True,0,1.0000,0.996360,car
track0113[14].png,pwc3858,pwc3858,True,0,1.0000,0.989831,car
track0113[15].png,pwc3858,pwc3858,True,0,1.0000,0.998067,car
track0113[16].png,pwc3858,pwc3858,True,0,1.0000,0.998955,car
track0113[17].png,pwc3858,pwc3858,True,0,1.0000,0.999447,car
track0113[18].png,pwc3858,pwc3858,True,0,1.0000,0.996895,car
track0113[19].png,pwc3858,pwc3858,True,0,1.0000,0.996860,car
track0113[20].png,pwc3858,pwc3858,True,0,1.0000,0.998159,car
track0113[21].png,pwc3858,pwc3858,True,0,1.0000,0.997600,car
track0113[22].png,pwc3858,pwc3858,True,0,1.0000,0.998764,car
track0113[23].png,pwc3858,pwc3858,True,0,1.0000,0.988610,car
track0113[24].png,pwc3858,pwc3858,True,0,1.0000,0.997944,car
track0113[25].png,pwc3858,pwc3858,True,0,1.0000,0.998489,car
track0113[26].png,pwc3858,pwc3858,True,0,1.0000,0.999295,car
track0113[27].png,pwc3858,pwc3858,True,0,1.0000,0.999123,car
track0113[28].png,pwc3858,pwc3858,True,0,1.0000,0.999299,car
track0113[29].png,pwc3858,pwc3858,True,0,1.0000,0.985300,car
track0113[30].png,pwc3858,pwc3858,True,0,1.0000,0.992401,car
track0114[01].png,asf5742,asf5742,True,0,1.0000,0.998922,car
track0114[02].png,asf5742,asf5742,True,0,1.0000,0.998838,car
track0114[03].png,asf5742,asf5742,True,0,1.0000,0.947486,car
track0114[04].png,asf5742,asf5742,True,0,1.0000,0.986006,car
track0114[05].png,asf5742,asf5742,True,0,1.0000,0.998908,car
track0114[06].png,asf5742,asf5742,True,0,1.0000,0.997155,car
track0114[07].png,asf5742,asf5742,True,0,1.0000,0.978747,car
track0114[08].png,asf5742,asf5742,True,0,1.0000,0.982748,car
track0114[09].png,asf5742,asf5742,True,0,1.0000,0.995685,car
track0114[10].png,asf5742,asf5742,True,0,1.0000,0.992896,car
track0114[11].png,asf5742,asf5742,True,0,1.0000,0.992751,car
track0114[12].png,asf5742,asf5742,True,0,1.0000,0.996257,car
track0114[13].png,asf5742,asf5742,True,0,1.0000,0.997852,car
track0114[14].png,asf5742,asf5742,True,0,1.0000,0.996579,car
track0114[15].png,asf5742,asf5742,True,0,1.0000,0.995511,car
track0114[16].png,asf5742,asf5742,True,0,1.0000,0.998559,car
track0114[17].png,asf5742,asf5742,True,0,1.0000,0.989043,car
track0114[18].png,asf5742,asf5742,True,0,1.0000,0.919416,car
track0114[19].png,asf5742,asf5742,True,0,1.0000,0.953983,car
track0114[20].png,asf5742,asf5742,True,0,1.0000,0.960532,car
track0114[21].png,asf5742,asf5747,False,1,0.8571,0.610166,car
track0114[22].png,asf5742,asf5742,True,0,1.0000,0.933575,car
track0114[23].png,asf5742,asf5742,True,0,1.0000,0.921643,car
track0114[24].png,asf5742,ass4742,False,2,0.7143,0.916331,car
track0114[25].png,asf5742,asf5742,True,0,1.0000,0.989395,car
track0114[26].png,asf5742,ast4742,False,2,0.7143,0.180569,car
track0114[27].png,asf5742,ast4742,False,2,0.7143,0.308860,car
track0114[28].png,asf5742,asf4742,False,1,0.8571,0.442887,car
track0114[29].png,asf5742,nsf4747,False,3,0.5714,0.114758,car
track0114[30].png,asf5742,asf4742,False,1,0.8571,0.987901,car
track0115[01].png,cbb1894,cbb1894,True,0,1.0000,0.999705,car
track0115[02].png,cbb1894,cbb1894,True,0,1.0000,0.997767,car
track0115[03].png,cbb1894,cbb1894,True,0,1.0000,0.996430,car
track0115[04].png,cbb1894,cbb1894,True,0,1.0000,0.997292,car
track0115[05].png,cbb1894,cbb1894,True,0,1.0000,0.999720,car
track0115[06].png,cbb1894,cbb1894,True,0,1.0000,0.969955,car
track0115[07].png,cbb1894,cbb1894,True,0,1.0000,0.999619,car
track0115[08].png,cbb1894,cbb1894,True,0,1.0000,0.999001,car
track0115[09].png,cbb1894,cbb1894,True,0,1.0000,0.999260,car
track0115[10].png,cbb1894,cbb1894,True,0,1.0000,0.999378,car
track0115[11].png,cbb1894,cbb1894,True,0,1.0000,0.996020,car
track0115[12].png,cbb1894,cbb1894,True,0,1.0000,0.994282,car
track0115[13].png,cbb1894,c8b1894,False,1,0.8571,0.834099,car
track0115[14].png,cbb1894,c8d1894,False,2,0.7143,0.504723,car
track0115[15].png,cbb1894,c8d1894,False,2,0.7143,0.872236,car
track0115[16].png,cbb1894,cbb1894,True,0,1.0000,0.991763,car
track0115[17].png,cbb1894,cbb1894,True,0,1.0000,0.997845,car
track0115[18].png,cbb1894,cbb1894,True,0,1.0000,0.987985,car
track0115[19].png,cbb1894,cbb1894,True,0,1.0000,0.999166,car
track0115[20].png,cbb1894,cbb1894,True,0,1.0000,0.993100,car
track0115[21].png,cbb1894,cbd1894,False,1,0.8571,0.998566,car
track0115[22].png,cbb1894,cbb1894,True,0,1.0000,0.962577,car
track0115[23].png,cbb1894,cbd1894,False,1,0.8571,0.997142,car
track0115[24].png,cbb1894,cbb1894,True,0,1.0000,0.998799,car
track0115[25].png,cbb1894,cbb1894,True,0,1.0000,0.998997,car
track0115[26].png,cbb1894,c8b1894,False,1,0.8571,0.950548,car
track0115[27].png,cbb1894,cbb1894,True,0,1.0000,0.979944,car
track0115[28].png,cbb1894,c8b1894,False,1,0.8571,0.556045,car
track0115[29].png,cbb1894,cbb1894,True,0,1.0000,0.912889,car
track0115[30].png,cbb1894,cbb1894,True,0,1.0000,0.996734,car
track0116[01].png,pyp1906,pyp1906,True,0,1.0000,0.999565,car
track0116[02].png,pyp1906,pyp1906,True,0,1.0000,0.999308,car
track0116[03].png,pyp1906,pyp1906,True,0,1.0000,0.999405,car
track0116[04].png,pyp1906,pyp1906,True,0,1.0000,0.999621,car
track0116[05].png,pyp1906,pyp1906,True,0,1.0000,0.999497,car
track0116[06].png,pyp1906,pyp1906,True,0,1.0000,0.999078,car
track0116[07].png,pyp1906,pyp1906,True,0,1.0000,0.999704,car
track0116[08].png,pyp1906,pyp1906,True,0,1.0000,0.999736,car
track0116[09].png,pyp1906,pyp1906,True,0,1.0000,0.999489,car
track0116[10].png,pyp1906,pyp1906,True,0,1.0000,0.999477,car
track0116[11].png,pyp1906,pyp1906,True,0,1.0000,0.948916,car
track0116[12].png,pyp1906,pyp1906,True,0,1.0000,0.999614,car
track0116[13].png,pyp1906,pyp1906,True,0,1.0000,0.999707,car
track0116[14].png,pyp1906,pyp1906,True,0,1.0000,0.999369,car
track0116[15].png,pyp1906,pyp1906,True,0,1.0000,0.999765,car
track0116[16].png,pyp1906,pyp1906,True,0,1.0000,0.999580,car
track0116[17].png,pyp1906,pyp1906,True,0,1.0000,0.999631,car
track0116[18].png,pyp1906,pyp1906,True,0,1.0000,0.999727,car
track0116[19].png,pyp1906,pyp1906,True,0,1.0000,0.999530,car
track0116[20].png,pyp1906,pyp1906,True,0,1.0000,0.999586,car
track0116[21].png,pyp1906,pyp1906,True,0,1.0000,0.999413,car
track0116[22].png,pyp1906,pyp1906,True,0,1.0000,0.999589,car
track0116[23].png,pyp1906,pyp1906,True,0,1.0000,0.999640,car
track0116[24].png,pyp1906,pyp1906,True,0,1.0000,0.999514,car
track0116[25].png,pyp1906,pyp1906,True,0,1.0000,0.999737,car
track0116[26].png,pyp1906,pyp1906,True,0,1.0000,0.999430,car
track0116[27].png,pyp1906,pyp1906,True,0,1.0000,0.999600,car
track0116[28].png,pyp1906,pyp1906,True,0,1.0000,0.999358,car
track0116[29].png,pyp1906,pyp1906,True,0,1.0000,0.999551,car
track0116[30].png,pyp1906,pyp1906,True,0,1.0000,0.999738,car
track0117[01].png,aye1896,aye1896,True,0,1.0000,0.993437,car
track0117[02].png,aye1896,aye1896,True,0,1.0000,0.998276,car
track0117[03].png,aye1896,aye1896,True,0,1.0000,0.996025,car
track0117[04].png,aye1896,aye1896,True,0,1.0000,0.997729,car
track0117[05].png,aye1896,aye1896,True,0,1.0000,0.996495,car
track0117[06].png,aye1896,aye1896,True,0,1.0000,0.990543,car
track0117[07].png,aye1896,aye1896,True,0,1.0000,0.997700,car
track0117[08].png,aye1896,aye1896,True,0,1.0000,0.998362,car
track0117[09].png,aye1896,aye1896,True,0,1.0000,0.998103,car
track0117[10].png,aye1896,aye1896,True,0,1.0000,0.998345,car
track0117[11].png,aye1896,aye1896,True,0,1.0000,0.998278,car
track0117[12].png,aye1896,aye1896,True,0,1.0000,0.998136,car
track0117[13].png,aye1896,aye1896,True,0,1.0000,0.997852,car
track0117[14].png,aye1896,aye1896,True,0,1.0000,0.997412,car
track0117[15].png,aye1896,aye1896,True,0,1.0000,0.996516,car
track0117[16].png,aye1896,aye1896,True,0,1.0000,0.995164,car
track0117[17].png,aye1896,aye1896,True,0,1.0000,0.996280,car
track0117[18].png,aye1896,aye1896,True,0,1.0000,0.977637,car
track0117[19].png,aye1896,aye1896,True,0,1.0000,0.998055,car
track0117[20].png,aye1896,aye1896,True,0,1.0000,0.996007,car
track0117[21].png,aye1896,aye1896,True,0,1.0000,0.997740,car
track0117[22].png,aye1896,aye1896,True,0,1.0000,0.996652,car
track0117[23].png,aye1896,aye1896,True,0,1.0000,0.994538,car
track0117[24].png,aye1896,aye1896,True,0,1.0000,0.995696,car
track0117[25].png,aye1896,aye1896,True,0,1.0000,0.995683,car
track0117[26].png,aye1896,aye1896,True,0,1.0000,0.991740,car
track0117[27].png,aye1896,aye1896,True,0,1.0000,0.993818,car
track0117[28].png,aye1896,aye1896,True,0,1.0000,0.997773,car
track0117[29].png,aye1896,aye1896,True,0,1.0000,0.997248,car
track0117[30].png,aye1896,aye1896,True,0,1.0000,0.996393,car
track0118[01].png,awl4456,awl4456,True,0,1.0000,0.998187,car
track0118[02].png,awl4456,awl4456,True,0,1.0000,0.997826,car
track0118[03].png,awl4456,awl4456,True,0,1.0000,0.996867,car
track0118[04].png,awl4456,awl4456,True,0,1.0000,0.995477,car
track0118[05].png,awl4456,awl4456,True,0,1.0000,0.996737,car
track0118[06].png,awl4456,awl4456,True,0,1.0000,0.997863,car
track0118[07].png,awl4456,awl4456,True,0,1.0000,0.996480,car
track0118[08].png,awl4456,awl4456,True,0,1.0000,0.994097,car
track0118[09].png,awl4456,awl4456,True,0,1.0000,0.992753,car
track0118[10].png,awl4456,awl4456,True,0,1.0000,0.998385,car
track0118[11].png,awl4456,awl4456,True,0,1.0000,0.993319,car
track0118[12].png,awl4456,awl4456,True,0,1.0000,0.997956,car
track0118[13].png,awl4456,awl4456,True,0,1.0000,0.997286,car
track0118[14].png,awl4456,awl4456,True,0,1.0000,0.957485,car
track0118[15].png,awl4456,awl4456,True,0,1.0000,0.994949,car
track0118[16].png,awl4456,awl4456,True,0,1.0000,0.994111,car
track0118[17].png,awl4456,awl4456,True,0,1.0000,0.992085,car
track0118[18].png,awl4456,awl4456,True,0,1.0000,0.995919,car
track0118[19].png,awl4456,awe4456,False,1,0.8571,0.627765,car
track0118[20].png,awl4456,awl4456,True,0,1.0000,0.874276,car
track0118[21].png,awl4456,awl4456,True,0,1.0000,0.945010,car
track0118[22].png,awl4456,awl4456,True,0,1.0000,0.988849,car
track0118[23].png,awl4456,awl4456,True,0,1.0000,0.994295,car
track0118[24].png,awl4456,awl4456,True,0,1.0000,0.960896,car
track0118[25].png,awl4456,awl4456,True,0,1.0000,0.989509,car
track0118[26].png,awl4456,awl4456,True,0,1.0000,0.987620,car
track0118[27].png,awl4456,awl4456,True,0,1.0000,0.990978,car
track0118[28].png,awl4456,awl4456,True,0,1.0000,0.991975,car
track0118[29].png,awl4456,awl4456,True,0,1.0000,0.993900,car
track0118[30].png,awl4456,awl4456,True,0,1.0000,0.974282,car
track0119[01].png,ioz3616,ioz3616,True,0,1.0000,0.977375,car
track0119[02].png,ioz3616,ioz3616,True,0,1.0000,0.993623,car
track0119[03].png,ioz3616,ioz3616,True,0,1.0000,0.821112,car
track0119[04].png,ioz3616,ioz3616,True,0,1.0000,0.983093,car
track0119[05].png,ioz3616,ioz3616,True,0,1.0000,0.998057,car
track0119[06].png,ioz3616,ioz3616,True,0,1.0000,0.904256,car
track0119[07].png,ioz3616,ioz3616,True,0,1.0000,0.997018,car
track0119[08].png,ioz3616,ioz3616,True,0,1.0000,0.814183,car
track0119[09].png,ioz3616,ioz3616,True,0,1.0000,0.977113,car
track0119[10].png,ioz3616,ioz3616,True,0,1.0000,0.995993,car
track0119[11].png,ioz3616,ioz3616,True,0,1.0000,0.988902,car
track0119[12].png,ioz3616,ioz3616,True,0,1.0000,0.997846,car
track0119[13].png,ioz3616,ioz3616,True,0,1.0000,0.981414,car
track0119[14].png,ioz3616,ioz3616,True,0,1.0000,0.984545,car
track0119[15].png,ioz3616,ioz3616,True,0,1.0000,0.967658,car
track0119[16].png,ioz3616,ioz3616,True,0,1.0000,0.997469,car
track0119[17].png,ioz3616,ioz3616,True,0,1.0000,0.977268,car
track0119[18].png,ioz3616,ioz3616,True,0,1.0000,0.992815,car
track0119[19].png,ioz3616,ioz3616,True,0,1.0000,0.981164,car
track0119[20].png,ioz3616,ioz3616,True,0,1.0000,0.989343,car
track0119[21].png,ioz3616,ioz3616,True,0,1.0000,0.990199,car
track0119[22].png,ioz3616,ioz3616,True,0,1.0000,0.956894,car
track0119[23].png,ioz3616,ioz3616,True,0,1.0000,0.994843,car
track0119[24].png,ioz3616,ioz3616,True,0,1.0000,0.977052,car
track0119[25].png,ioz3616,ioz3616,True,0,1.0000,0.893548,car
track0119[26].png,ioz3616,ioz3616,True,0,1.0000,0.994040,car
track0119[27].png,ioz3616,ioz3616,True,0,1.0000,0.969847,car
track0119[28].png,ioz3616,ioz3616,True,0,1.0000,0.968154,car
track0119[29].png,ioz3616,ioz3616,True,0,1.0000,0.938119,car
track0119[30].png,ioz3616,ioz3616,True,0,1.0000,0.943429,car
track0120[01].png,bcj9595,bcj9595,True,0,1.0000,0.990172,car
track0120[02].png,bcj9595,boj9595,False,1,0.8571,0.909712,car
track0120[03].png,bcj9595,bcj9595,True,0,1.0000,0.939731,car
track0120[04].png,bcj9595,bcj9595,True,0,1.0000,0.979793,car
track0120[05].png,bcj9595,bcj9595,True,0,1.0000,0.991595,car
track0120[06].png,bcj9595,bcj9595,True,0,1.0000,0.914172,car
track0120[07].png,bcj9595,bcj9595,True,0,1.0000,0.999323,car
track0120[08].png,bcj9595,bcj9595,True,0,1.0000,0.999784,car
track0120[09].png,bcj9595,bcj9595,True,0,1.0000,0.999530,car
track0120[10].png,bcj9595,bcj9595,True,0,1.0000,0.999517,car
track0120[11].png,bcj9595,bcj9595,True,0,1.0000,0.997012,car
track0120[12].png,bcj9595,bcj9595,True,0,1.0000,0.964554,car
track0120[13].png,bcj9595,bcj9595,True,0,1.0000,0.934462,car
track0120[14].png,bcj9595,bcj9595,True,0,1.0000,0.998636,car
track0120[15].png,bcj9595,bcj9595,True,0,1.0000,0.999388,car
track0120[16].png,bcj9595,bcj9595,True,0,1.0000,0.998265,car
track0120[17].png,bcj9595,bcj9595,True,0,1.0000,0.995078,car
track0120[18].png,bcj9595,bcj9595,True,0,1.0000,0.999651,car
track0120[19].png,bcj9595,bcj9595,True,0,1.0000,0.999685,car
track0120[20].png,bcj9595,bcj9595,True,0,1.0000,0.999650,car
track0120[21].png,bcj9595,bcj9595,True,0,1.0000,0.999275,car
track0120[22].png,bcj9595,bcj9595,True,0,1.0000,0.999433,car
track0120[23].png,bcj9595,bcj9595,True,0,1.0000,0.999053,car
track0120[24].png,bcj9595,bcj9595,True,0,1.0000,0.999333,car
track0120[25].png,bcj9595,bcj9595,True,0,1.0000,0.994513,car
track0120[26].png,bcj9595,bcj9595,True,0,1.0000,0.999022,car
track0120[27].png,bcj9595,bcj9595,True,0,1.0000,0.998977,car
track0120[28].png,bcj9595,bcj9595,True,0,1.0000,0.999373,car
track0120[29].png,bcj9595,bcj9595,True,0,1.0000,0.999757,car
track0120[30].png,bcj9595,bcj9595,True,0,1.0000,0.999349,car
track0121[01].png,azu3476,azu3476,True,0,1.0000,0.999190,car
track0121[02].png,azu3476,azu3476,True,0,1.0000,0.999102,car
track0121[03].png,azu3476,azu3476,True,0,1.0000,0.998360,car
track0121[04].png,azu3476,azu3476,True,0,1.0000,0.997429,car
track0121[05].png,azu3476,azu3476,True,0,1.0000,0.993199,car
track0121[06].png,azu3476,azu3476,True,0,1.0000,0.999576,car
track0121[07].png,azu3476,azu3476,True,0,1.0000,0.995743,car
track0121[08].png,azu3476,azu3476,True,0,1.0000,0.992087,car
track0121[09].png,azu3476,azu3476,True,0,1.0000,0.998956,car
track0121[10].png,azu3476,azu3476,True,0,1.0000,0.999297,car
track0121[11].png,azu3476,azu3476,True,0,1.0000,0.995469,car
track0121[12].png,azu3476,azu3476,True,0,1.0000,0.997226,car
track0121[13].png,azu3476,azu3476,True,0,1.0000,0.993442,car
track0121[14].png,azu3476,azu3476,True,0,1.0000,0.995446,car
track0121[15].png,azu3476,azu3476,True,0,1.0000,0.991655,car
track0121[16].png,azu3476,azu3476,True,0,1.0000,0.930930,car
track0121[17].png,azu3476,azu3476,True,0,1.0000,0.998875,car
track0121[18].png,azu3476,azu3476,True,0,1.0000,0.999062,car
track0121[19].png,azu3476,azu3476,True,0,1.0000,0.819565,car
track0121[20].png,azu3476,azu3476,True,0,1.0000,0.998339,car
track0121[21].png,azu3476,azu3476,True,0,1.0000,0.980496,car
track0121[22].png,azu3476,azu3476,True,0,1.0000,0.997321,car
track0121[23].png,azu3476,azu3476,True,0,1.0000,0.996646,car
track0121[24].png,azu3476,azu3476,True,0,1.0000,0.991013,car
track0121[25].png,azu3476,azu3476,True,0,1.0000,0.998103,car
track0121[26].png,azu3476,azu3476,True,0,1.0000,0.999208,car
track0121[27].png,azu3476,azu3476,True,0,1.0000,0.998214,car
track0121[28].png,azu3476,azu3476,True,0,1.0000,0.996948,car
track0121[29].png,azu3476,azu3476,True,0,1.0000,0.995223,car
track0121[30].png,azu3476,azu3476,True,0,1.0000,0.998658,car
track0122[01].png,mca9954,mca9954,True,0,1.0000,0.971250,motorcycle
track0122[02].png,mca9954,mca9954,True,0,1.0000,0.413698,motorcycle
track0122[03].png,mca9954,mca9934,False,1,0.8571,0.478444,motorcycle
track0122[04].png,mca9954,mca9954,True,0,1.0000,0.335300,motorcycle
track0122[05].png,mca9954,mca995,False,1,0.8571,0.793499,motorcycle
track0122[06].png,mca9954,mca9954,True,0,1.0000,0.521971,motorcycle
track0122[07].png,mca9954,mca995,False,1,0.8571,0.889918,motorcycle
track0122[08].png,mca9954,mca995,False,1,0.8571,0.985364,motorcycle
track0122[09].png,mca9954,mca995,False,1,0.8571,0.886227,motorcycle
track0122[10].png,mca9954,mca995,False,1,0.8571,0.977578,motorcycle
track0122[11].png,mca9954,mca995,False,1,0.8571,0.956346,motorcycle
track0122[12].png,mca9954,mca9954,True,0,1.0000,0.947466,motorcycle
track0122[13].png,mca9954,mca9954,True,0,1.0000,0.985680,motorcycle
track0122[14].png,mca9954,mca9954,True,0,1.0000,0.940570,motorcycle
track0122[15].png,mca9954,mca9954,True,0,1.0000,0.914921,motorcycle
track0122[16].png,mca9954,mca9954,True,0,1.0000,0.973433,motorcycle
track0122[17].png,mca9954,mca9954,True,0,1.0000,0.987489,motorcycle
track0122[18].png,mca9954,mca9954,True,0,1.0000,0.712066,motorcycle
track0122[19].png,mca9954,mca9954,True,0,1.0000,0.729951,motorcycle
track0122[20].png,mca9954,mca9954,True,0,1.0000,0.852841,motorcycle
track0122[21].png,mca9954,mca9954,True,0,1.0000,0.734463,motorcycle
track0122[22].png,mca9954,mca9954,True,0,1.0000,0.950466,motorcycle
track0122[23].png,mca9954,mca9954,True,0,1.0000,0.933099,motorcycle
track0122[24].png,mca9954,mca9954,True,0,1.0000,0.923776,motorcycle
track0122[25].png,mca9954,mca9954,True,0,1.0000,0.993204,motorcycle
track0122[26].png,mca9954,mca9954,True,0,1.0000,0.909061,motorcycle
track0122[27].png,mca9954,mca9954,True,0,1.0000,0.904304,motorcycle
track0122[28].png,mca9954,mca9954,True,0,1.0000,0.982793,motorcycle
track0122[29].png,mca9954,mca9954,True,0,1.0000,0.871236,motorcycle
track0122[30].png,mca9954,mca9954,True,0,1.0000,0.999417,motorcycle
track0123[01].png,asg9143,asg9143,True,0,1.0000,0.770567,motorcycle
track0123[02].png,asg9143,asq6147,False,3,0.5714,0.590841,motorcycle
track0123[03].png,asg9143,msq9145,False,3,0.5714,0.584205,motorcycle
track0123[04].png,asg9143,mso3143,False,3,0.5714,0.814347,motorcycle
track0123[05].png,asg9143,aso3143,False,2,0.7143,0.302561,motorcycle
track0123[06].png,asg9143,asq9143,False,1,0.8571,0.351294,motorcycle
track0123[07].png,asg9143,asq9143,False,1,0.8571,0.916758,motorcycle
track0123[08].png,asg9143,asg9153,False,1,0.8571,0.421031,motorcycle
track0123[09].png,asg9143,asq9145,False,2,0.7143,0.993944,motorcycle
track0123[10].png,asg9143,msq9163,False,3,0.5714,0.569990,motorcycle
track0123[11].png,asg9143,asq9163,False,2,0.7143,0.523395,motorcycle
track0123[12].png,asg9143,msg9143,False,1,0.8571,0.666905,motorcycle
track0123[13].png,asg9143,asg9143,True,0,1.0000,0.949440,motorcycle
track0123[14].png,asg9143,asg9143,True,0,1.0000,0.970966,motorcycle
track0123[15].png,asg9143,asg9143,True,0,1.0000,0.604680,motorcycle
track0123[16].png,asg9143,asg9143,True,0,1.0000,0.910157,motorcycle
track0123[17].png,asg9143,asg9163,False,1,0.8571,0.884497,motorcycle
track0123[18].png,asg9143,asg9143,True,0,1.0000,0.678286,motorcycle
track0123[19].png,asg9143,msq9143,False,2,0.7143,0.877047,motorcycle
track0123[20].png,asg9143,asd9143,False,1,0.8571,0.521489,motorcycle
track0123[21].png,asg9143,asg9143,True,0,1.0000,0.323594,motorcycle
track0123[22].png,asg9143,asq9143,False,1,0.8571,0.536576,motorcycle
track0123[23].png,asg9143,asg9163,False,1,0.8571,0.709965,motorcycle
track0123[24].png,asg9143,asg9143,True,0,1.0000,0.979164,motorcycle
track0123[25].png,asg9143,aso9143,False,1,0.8571,0.693607,motorcycle
track0123[26].png,asg9143,asg9143,True,0,1.0000,0.984294,motorcycle
track0123[27].png,asg9143,msg9143,False,1,0.8571,0.564714,motorcycle
track0123[28].png,asg9143,msq9163,False,3,0.5714,0.285293,motorcycle
track0123[29].png,asg9143,asg9143,True,0,1.0000,0.657794,motorcycle
track0123[30].png,asg9143,asq9115,False,3,0.5714,0.588050,motorcycle
track0124[01].png,maw3186,naw3186,False,1,0.8571,0.458803,car
track0124[02].png,maw3186,man3186,False,1,0.8571,0.935757,car
track0124[03].png,maw3186,man3186,False,1,0.8571,0.973149,car
track0124[04].png,maw3186,man3186,False,1,0.8571,0.965655,car
track0124[05].png,maw3186,man3186,False,1,0.8571,0.919802,car
track0124[06].png,maw3186,man3186,False,1,0.8571,0.586842,car
track0124[07].png,maw3186,man3186,False,1,0.8571,0.896660,car
track0124[08].png,maw3186,maw3186,True,0,1.0000,0.965675,car
track0124[09].png,maw3186,man3186,False,1,0.8571,0.685572,car
track0124[10].png,maw3186,man3186,False,1,0.8571,0.420090,car
track0124[11].png,maw3186,maw3186,True,0,1.0000,0.837063,car
track0124[12].png,maw3186,maw3186,True,0,1.0000,0.888690,car
track0124[13].png,maw3186,maw3186,True,0,1.0000,0.837645,car
track0124[14].png,maw3186,maw3166,False,1,0.8571,0.945899,car
track0124[15].png,maw3186,maw3166,False,1,0.8571,0.968480,car
track0124[16].png,maw3186,maw3168,False,2,0.7143,0.735451,car
track0124[17].png,maw3186,maw51b6,False,2,0.7143,0.590853,car
track0124[18].png,maw3186,maw5166,False,2,0.7143,0.797358,car
track0124[19].png,maw3186,maw5166,False,2,0.7143,0.714874,car
track0124[20].png,maw3186,maw5166,False,2,0.7143,0.552267,car
track0124[21].png,maw3186,maw3186,True,0,1.0000,0.613621,car
track0124[22].png,maw3186,man3166,False,2,0.7143,0.324164,car
track0124[23].png,maw3186,maw3166,False,1,0.8571,0.932846,car
track0124[24].png,maw3186,maw3186,True,0,1.0000,0.878816,car
track0124[25].png,maw3186,maw51b6,False,2,0.7143,0.244394,car
track0124[26].png,maw3186,maw3186,True,0,1.0000,0.463761,car
track0124[27].png,maw3186,maw3186,True,0,1.0000,0.951481,car
track0124[28].png,maw3186,maw3166,False,1,0.8571,0.952441,car
track0124[29].png,maw3186,maw3185,False,1,0.8571,0.850663,car
track0124[30].png,maw3186,maw3186,True,0,1.0000,0.536917,car
track0125[01].png,ayb1489,ayb1489,True,0,1.0000,0.999299,car
track0125[02].png,ayb1489,ayb1489,True,0,1.0000,0.999537,car
track0125[03].png,ayb1489,ayb1489,True,0,1.0000,0.999706,car
track0125[04].png,ayb1489,ayb1489,True,0,1.0000,0.999395,car
track0125[05].png,ayb1489,ayb1489,True,0,1.0000,0.999622,car
track0125[06].png,ayb1489,ayb1489,True,0,1.0000,0.999698,car
track0125[07].png,ayb1489,ayb1489,True,0,1.0000,0.999671,car
track0125[08].png,ayb1489,ayb1489,True,0,1.0000,0.999742,car
track0125[09].png,ayb1489,ayb1489,True,0,1.0000,0.999542,car
track0125[10].png,ayb1489,ayb1489,True,0,1.0000,0.999718,car
track0125[11].png,ayb1489,ayb1489,True,0,1.0000,0.999604,car
track0125[12].png,ayb1489,ayb1489,True,0,1.0000,0.999617,car
track0125[13].png,ayb1489,ayb1489,True,0,1.0000,0.999622,car
track0125[14].png,ayb1489,ayb1489,True,0,1.0000,0.999222,car
track0125[15].png,ayb1489,ayb1489,True,0,1.0000,0.999432,car
track0125[16].png,ayb1489,ayb1489,True,0,1.0000,0.999604,car
track0125[17].png,ayb1489,ayb1489,True,0,1.0000,0.999684,car
track0125[18].png,ayb1489,ayb1489,True,0,1.0000,0.999439,car
track0125[19].png,ayb1489,ayb1489,True,0,1.0000,0.999567,car
track0125[20].png,ayb1489,ayb1489,True,0,1.0000,0.999684,car
track0125[21].png,ayb1489,ayb1489,True,0,1.0000,0.999608,car
track0125[22].png,ayb1489,ayb1489,True,0,1.0000,0.999547,car
track0125[23].png,ayb1489,ayb1489,True,0,1.0000,0.999702,car
track0125[24].png,ayb1489,ayb1489,True,0,1.0000,0.999417,car
track0125[25].png,ayb1489,ayb1489,True,0,1.0000,0.999718,car
track0125[26].png,ayb1489,ayb1489,True,0,1.0000,0.999566,car
track0125[27].png,ayb1489,ayb1489,True,0,1.0000,0.999590,car
track0125[28].png,ayb1489,ayb1489,True,0,1.0000,0.999476,car
track0125[29].png,ayb1489,ayb1489,True,0,1.0000,0.999613,car
track0125[30].png,ayb1489,ayb1489,True,0,1.0000,0.999632,car
track0126[01].png,avi0949,avi0949,True,0,1.0000,0.994376,car
track0126[02].png,avi0949,avi0949,True,0,1.0000,0.997405,car
track0126[03].png,avi0949,avi0949,True,0,1.0000,0.979836,car
track0126[04].png,avi0949,avi0949,True,0,1.0000,0.937087,car
track0126[05].png,avi0949,avi0949,True,0,1.0000,0.878910,car
track0126[06].png,avi0949,avi0949,True,0,1.0000,0.998960,car
track0126[07].png,avi0949,avi0949,True,0,1.0000,0.995390,car
track0126[08].png,avi0949,avi0949,True,0,1.0000,0.997951,car
track0126[09].png,avi0949,avi0949,True,0,1.0000,0.998384,car
track0126[10].png,avi0949,avi0949,True,0,1.0000,0.978009,car
track0126[11].png,avi0949,avi0949,True,0,1.0000,0.995361,car
track0126[12].png,avi0949,avi0949,True,0,1.0000,0.998852,car
track0126[13].png,avi0949,avi0949,True,0,1.0000,0.992371,car
track0126[14].png,avi0949,avi0949,True,0,1.0000,0.958919,car
track0126[15].png,avi0949,avi0949,True,0,1.0000,0.998710,car
track0126[16].png,avi0949,avi0949,True,0,1.0000,0.996863,car
track0126[17].png,avi0949,avi0949,True,0,1.0000,0.998425,car
track0126[18].png,avi0949,avi0949,True,0,1.0000,0.978232,car
track0126[19].png,avi0949,avi0949,True,0,1.0000,0.997851,car
track0126[20].png,avi0949,avi0949,True,0,1.0000,0.998379,car
track0126[21].png,avi0949,avi0949,True,0,1.0000,0.997472,car
track0126[22].png,avi0949,avi0949,True,0,1.0000,0.967837,car
track0126[23].png,avi0949,avi0949,True,0,1.0000,0.998307,car
track0126[24].png,avi0949,avi0949,True,0,1.0000,0.998754,car
track0126[25].png,avi0949,avi0949,True,0,1.0000,0.994723,car
track0126[26].png,avi0949,avi0949,True,0,1.0000,0.926542,car
track0126[27].png,avi0949,avi0949,True,0,1.0000,0.991888,car
track0126[28].png,avi0949,avi0949,True,0,1.0000,0.948120,car
track0126[29].png,avi0949,avi0949,True,0,1.0000,0.993203,car
track0126[30].png,avi0949,avi0949,True,0,1.0000,0.972166,car
track0127[01].png,aqw1379,aqw1377,False,1,0.8571,0.197147,motorcycle
track0127[02].png,aqw1379,aqw1379,True,0,1.0000,0.991526,motorcycle
track0127[03].png,aqw1379,aqw1379,True,0,1.0000,0.945349,motorcycle
track0127[04].png,aqw1379,aqw1379,True,0,1.0000,0.991786,motorcycle
track0127[05].png,aqw1379,aqw737,False,2,0.7143,0.296650,motorcycle
track0127[06].png,aqw1379,aow1377,False,2,0.7143,0.516789,motorcycle
track0127[07].png,aqw1379,aqw1379,True,0,1.0000,0.970924,motorcycle
track0127[08].png,aqw1379,aqw1379,True,0,1.0000,0.963976,motorcycle
track0127[09].png,aqw1379,aqw1379,True,0,1.0000,0.989235,motorcycle
track0127[10].png,aqw1379,aqw1379,True,0,1.0000,0.985896,motorcycle
track0127[11].png,aqw1379,aqw1379,True,0,1.0000,0.879949,motorcycle
track0127[12].png,aqw1379,aqw1379,True,0,1.0000,0.984589,motorcycle
track0127[13].png,aqw1379,aqw1379,True,0,1.0000,0.951797,motorcycle
track0127[14].png,aqw1379,mqw7379,False,2,0.7143,0.570880,motorcycle
track0127[15].png,aqw1379,mqw1379,False,1,0.8571,0.880697,motorcycle
track0127[16].png,aqw1379,aqw1379,True,0,1.0000,0.986189,motorcycle
track0127[17].png,aqw1379,aqw1377,False,1,0.8571,0.918680,motorcycle
track0127[18].png,aqw1379,aqw1379,True,0,1.0000,0.961047,motorcycle
track0127[19].png,aqw1379,aqw1379,True,0,1.0000,0.993164,motorcycle
track0127[20].png,aqw1379,aqv1379,False,1,0.8571,0.929919,motorcycle
track0127[21].png,aqw1379,aqw1379,True,0,1.0000,0.959883,motorcycle
track0127[22].png,aqw1379,aqw1379,True,0,1.0000,0.993840,motorcycle
track0127[23].png,aqw1379,aqw1379,True,0,1.0000,0.995382,motorcycle
track0127[24].png,aqw1379,aqw1379,True,0,1.0000,0.987815,motorcycle
track0127[25].png,aqw1379,aqw1379,True,0,1.0000,0.996479,motorcycle
track0127[26].png,aqw1379,aqw1379,True,0,1.0000,0.981786,motorcycle
track0127[27].png,aqw1379,aqw1379,True,0,1.0000,0.993267,motorcycle
track0127[28].png,aqw1379,aqw1379,True,0,1.0000,0.994293,motorcycle
track0127[29].png,aqw1379,aqw1379,True,0,1.0000,0.992284,motorcycle
track0127[30].png,aqw1379,aqw1379,True,0,1.0000,0.995726,motorcycle
track0128[01].png,awp0816,awp0816,True,0,1.0000,0.995452,car
track0128[02].png,awp0816,awp0816,True,0,1.0000,0.986021,car
track0128[03].png,awp0816,awp0816,True,0,1.0000,0.995286,car
track0128[04].png,awp0816,awp0816,True,0,1.0000,0.983189,car
track0128[05].png,awp0816,awp0816,True,0,1.0000,0.988647,car
track0128[06].png,awp0816,awp0816,True,0,1.0000,0.971405,car
track0128[07].png,awp0816,awp0816,True,0,1.0000,0.973686,car
track0128[08].png,awp0816,awp0816,True,0,1.0000,0.980403,car
track0128[09].png,awp0816,awp0816,True,0,1.0000,0.980764,car
track0128[10].png,awp0816,awp0816,True,0,1.0000,0.992598,car
track0128[11].png,awp0816,awp0016,False,1,0.8571,0.705945,car
track0128[12].png,awp0816,anp0916,False,2,0.7143,0.486817,car
track0128[13].png,awp0816,anp0916,False,2,0.7143,0.979247,car
track0128[14].png,awp0816,awp0916,False,1,0.8571,0.527928,car
track0128[15].png,awp0816,awp0d16,False,1,0.8571,0.803839,car
track0128[16].png,awp0816,awp0d16,False,1,0.8571,0.766771,car
track0128[17].png,awp0816,awp0b16,False,1,0.8571,0.931599,car
track0128[18].png,awp0816,awp0b16,False,1,0.8571,0.642722,car
track0128[19].png,awp0816,awp0b16,False,1,0.8571,0.941284,car
track0128[20].png,awp0816,awp0b16,False,1,0.8571,0.585377,car
track0128[21].png,awp0816,awp0816,True,0,1.0000,0.787946,car
track0128[22].png,awp0816,awp0816,True,0,1.0000,0.395376,car
track0128[23].png,awp0816,ahp0516,False,2,0.7143,0.246110,car
track0128[24].png,awp0816,anp0616,False,2,0.7143,0.718779,car
track0128[25].png,awp0816,awp0610,False,2,0.7143,0.399954,car
track0128[26].png,awp0816,arp0810,False,2,0.7143,0.289971,car
track0128[27].png,awp0816,awp0816,True,0,1.0000,0.885425,car
track0128[28].png,awp0816,anp0616,False,2,0.7143,0.504030,car
track0128[29].png,awp0816,awp0616,False,1,0.8571,0.492829,car
track0128[30].png,awp0816,awp0816,True,0,1.0000,0.960489,car
track0129[01].png,mak0198,mak0198,True,0,1.0000,0.998147,car
track0129[02].png,mak0198,mak0198,True,0,1.0000,0.998723,car
track0129[03].png,mak0198,mak0198,True,0,1.0000,0.999053,car
track0129[04].png,mak0198,mak0198,True,0,1.0000,0.999031,car
track0129[05].png,mak0198,mak0198,True,0,1.0000,0.999081,car
track0129[06].png,mak0198,mak0198,True,0,1.0000,0.999225,car
track0129[07].png,mak0198,mak0198,True,0,1.0000,0.998463,car
track0129[08].png,mak0198,mak0198,True,0,1.0000,0.999156,car
track0129[09].png,mak0198,mak0198,True,0,1.0000,0.998982,car
track0129[10].png,mak0198,mak0198,True,0,1.0000,0.999052,car
track0129[11].png,mak0198,mak0198,True,0,1.0000,0.998672,car
track0129[12].png,mak0198,mak0198,True,0,1.0000,0.997473,car
track0129[13].png,mak0198,mak0198,True,0,1.0000,0.998019,car
track0129[14].png,mak0198,mak0198,True,0,1.0000,0.998414,car
track0129[15].png,mak0198,mak0198,True,0,1.0000,0.998098,car
track0129[16].png,mak0198,mak0198,True,0,1.0000,0.998009,car
track0129[17].png,mak0198,mak0198,True,0,1.0000,0.998438,car
track0129[18].png,mak0198,mak0198,True,0,1.0000,0.997334,car
track0129[19].png,mak0198,mak0198,True,0,1.0000,0.998587,car
track0129[20].png,mak0198,mak0198,True,0,1.0000,0.997551,car
track0129[21].png,mak0198,mak0198,True,0,1.0000,0.998284,car
track0129[22].png,mak0198,mak0198,True,0,1.0000,0.998726,car
track0129[23].png,mak0198,mak0198,True,0,1.0000,0.999045,car
track0129[24].png,mak0198,mak0198,True,0,1.0000,0.998465,car
track0129[25].png,mak0198,mak0198,True,0,1.0000,0.998823,car
track0129[26].png,mak0198,mak0198,True,0,1.0000,0.998342,car
track0129[27].png,mak0198,mak0198,True,0,1.0000,0.996616,car
track0129[28].png,mak0198,mak0198,True,0,1.0000,0.998954,car
track0129[29].png,mak0198,mak0198,True,0,1.0000,0.997733,car
track0129[30].png,mak0198,mak0198,True,0,1.0000,0.999070,car
track0130[01].png,alj9348,alj9356,False,2,0.7143,0.432897,motorcycle
track0130[02].png,alj9348,alj9346,False,1,0.8571,0.939352,motorcycle
track0130[03].png,alj9348,alj9346,False,1,0.8571,0.502861,motorcycle
track0130[04].png,alj9348,alj9346,False,1,0.8571,0.888482,motorcycle
track0130[05].png,alj9348,alj9348,True,0,1.0000,0.498282,motorcycle
track0130[06].png,alj9348,alj9346,False,1,0.8571,0.740061,motorcycle
track0130[07].png,alj9348,alj9348,True,0,1.0000,0.965053,motorcycle
track0130[08].png,alj9348,alj9346,False,1,0.8571,0.879180,motorcycle
track0130[09].png,alj9348,alj9346,False,1,0.8571,0.438729,motorcycle
track0130[10].png,alj9348,alj9346,False,1,0.8571,0.897100,motorcycle
track0130[11].png,alj9348,alj9346,False,1,0.8571,0.668342,motorcycle
track0130[12].png,alj9348,alj9346,False,1,0.8571,0.908389,motorcycle
track0130[13].png,alj9348,alj3346,False,2,0.7143,0.632033,motorcycle
track0130[14].png,alj9348,alj9346,False,1,0.8571,0.922521,motorcycle
track0130[15].png,alj9348,alj9356,False,2,0.7143,0.595453,motorcycle
track0130[16].png,alj9348,alj3346,False,2,0.7143,0.971147,motorcycle
track0130[17].png,alj9348,alj3346,False,2,0.7143,0.886346,motorcycle
track0130[18].png,alj9348,alj9346,False,1,0.8571,0.770340,motorcycle
track0130[19].png,alj9348,alj9346,False,1,0.8571,0.943006,motorcycle
track0130[20].png,alj9348,alj3356,False,3,0.5714,0.705422,motorcycle
track0130[21].png,alj9348,alj9346,False,1,0.8571,0.646834,motorcycle
track0130[22].png,alj9348,alj9346,False,1,0.8571,0.917178,motorcycle
track0130[23].png,alj9348,alj9356,False,2,0.7143,0.804530,motorcycle
track0130[24].png,alj9348,alj9346,False,1,0.8571,0.938012,motorcycle
track0130[25].png,alj9348,alj9346,False,1,0.8571,0.934163,motorcycle
track0130[26].png,alj9348,alj3346,False,2,0.7143,0.846812,motorcycle
track0130[27].png,alj9348,alj9346,False,1,0.8571,0.774173,motorcycle
track0130[28].png,alj9348,alj9346,False,1,0.8571,0.463604,motorcycle
track0130[29].png,alj9348,alj9348,True,0,1.0000,0.687589,motorcycle
track0130[30].png,alj9348,alj9346,False,1,0.8571,0.848710,motorcycle
track0131[01].png,att4025,att4025,True,0,1.0000,0.993143,car
track0131[02].png,att4025,att4025,True,0,1.0000,0.994179,car
track0131[03].png,att4025,att4025,True,0,1.0000,0.995579,car
track0131[04].png,att4025,att4025,True,0,1.0000,0.997118,car
track0131[05].png,att4025,att4025,True,0,1.0000,0.983449,car
track0131[06].png,att4025,att4025,True,0,1.0000,0.672512,car
track0131[07].png,att4025,att4025,True,0,1.0000,0.994370,car
track0131[08].png,att4025,att4025,True,0,1.0000,0.993698,car
track0131[09].png,att4025,att4025,True,0,1.0000,0.993994,car
track0131[10].png,att4025,att4025,True,0,1.0000,0.977919,car
track0131[11].png,att4025,att4025,True,0,1.0000,0.985108,car
track0131[12].png,att4025,att4025,True,0,1.0000,0.951065,car
track0131[13].png,att4025,att4025,True,0,1.0000,0.977967,car
track0131[14].png,att4025,att4025,True,0,1.0000,0.978485,car
track0131[15].png,att4025,att4025,True,0,1.0000,0.944936,car
track0131[16].png,att4025,att4025,True,0,1.0000,0.987054,car
track0131[17].png,att4025,att4025,True,0,1.0000,0.989988,car
track0131[18].png,att4025,att4025,True,0,1.0000,0.991189,car
track0131[19].png,att4025,att4025,True,0,1.0000,0.979752,car
track0131[20].png,att4025,att4025,True,0,1.0000,0.977982,car
track0131[21].png,att4025,att4025,True,0,1.0000,0.984867,car
track0131[22].png,att4025,att4025,True,0,1.0000,0.954573,car
track0131[23].png,att4025,att4025,True,0,1.0000,0.991614,car
track0131[24].png,att4025,att4025,True,0,1.0000,0.993559,car
track0131[25].png,att4025,att4025,True,0,1.0000,0.949662,car
track0131[26].png,att4025,att4025,True,0,1.0000,0.945907,car
track0131[27].png,att4025,att4025,True,0,1.0000,0.996935,car
track0131[28].png,att4025,att4025,True,0,1.0000,0.979084,car
track0131[29].png,att4025,att4025,True,0,1.0000,0.992675,car
track0131[30].png,att4025,att4025,True,0,1.0000,0.997728,car
track0132[01].png,axv9857,axv9857,True,0,1.0000,0.991676,car
track0132[02].png,axv9857,axy9857,False,1,0.8571,0.893750,car
track0132[03].png,axv9857,axw9857,False,1,0.8571,0.485920,car
track0132[04].png,axv9857,axv9857,True,0,1.0000,0.556283,car
track0132[05].png,axv9857,axv9857,True,0,1.0000,0.997208,car
track0132[06].png,axv9857,axv9857,True,0,1.0000,0.997279,car
track0132[07].png,axv9857,axv9857,True,0,1.0000,0.997977,car
track0132[08].png,axv9857,axv9857,True,0,1.0000,0.997815,car
track0132[09].png,axv9857,axv9857,True,0,1.0000,0.998763,car
track0132[10].png,axv9857,axv9857,True,0,1.0000,0.998337,car
track0132[11].png,axv9857,axv9857,True,0,1.0000,0.997652,car
track0132[12].png,axv9857,axv9857,True,0,1.0000,0.994562,car
track0132[13].png,axv9857,axv9857,True,0,1.0000,0.996406,car
track0132[14].png,axv9857,axv9857,True,0,1.0000,0.998443,car
track0132[15].png,axv9857,axv9857,True,0,1.0000,0.998764,car
track0132[16].png,axv9857,axv9857,True,0,1.0000,0.956494,car
track0132[17].png,axv9857,axv9857,True,0,1.0000,0.994094,car
track0132[18].png,axv9857,axv9857,True,0,1.0000,0.995903,car
track0132[19].png,axv9857,axy9857,False,1,0.8571,0.919263,car
track0132[20].png,axv9857,axv9857,True,0,1.0000,0.972554,car
track0132[21].png,axv9857,axv9857,True,0,1.0000,0.939015,car
track0132[22].png,axv9857,axy9857,False,1,0.8571,0.884209,car
track0132[23].png,axv9857,axv9857,True,0,1.0000,0.921157,car
track0132[24].png,axv9857,axv9857,True,0,1.0000,0.805001,car
track0132[25].png,axv9857,axv9857,True,0,1.0000,0.793395,car
track0132[26].png,axv9857,axy9857,False,1,0.8571,0.712449,car
track0132[27].png,axv9857,axy9857,False,1,0.8571,0.981223,car
track0132[28].png,axv9857,axy9857,False,1,0.8571,0.911245,car
track0132[29].png,axv9857,axv9857,True,0,1.0000,0.945999,car
track0132[30].png,axv9857,axy9857,False,1,0.8571,0.517097,car
track0133[01].png,ahy9777,ahy9777,True,0,1.0000,0.999668,car
track0133[02].png,ahy9777,ahy9777,True,0,1.0000,0.999626,car
track0133[03].png,ahy9777,ahy9777,True,0,1.0000,0.999628,car
track0133[04].png,ahy9777,ahy9777,True,0,1.0000,0.999541,car
track0133[05].png,ahy9777,ahy9777,True,0,1.0000,0.999528,car
track0133[06].png,ahy9777,ahy9777,True,0,1.0000,0.999432,car
track0133[07].png,ahy9777,ahy9777,True,0,1.0000,0.999737,car
track0133[08].png,ahy9777,ahy9777,True,0,1.0000,0.999644,car
track0133[09].png,ahy9777,ahy9777,True,0,1.0000,0.999728,car
track0133[10].png,ahy9777,ahy9777,True,0,1.0000,0.999668,car
track0133[11].png,ahy9777,ahy9777,True,0,1.0000,0.999652,car
track0133[12].png,ahy9777,ahy9777,True,0,1.0000,0.999643,car
track0133[13].png,ahy9777,ahy9777,True,0,1.0000,0.999560,car
track0133[14].png,ahy9777,ahy9777,True,0,1.0000,0.999697,car
track0133[15].png,ahy9777,ahy9777,True,0,1.0000,0.999530,car
track0133[16].png,ahy9777,ahy9777,True,0,1.0000,0.999473,car
track0133[17].png,ahy9777,ahy9777,True,0,1.0000,0.999395,car
track0133[18].png,ahy9777,ahy9777,True,0,1.0000,0.999179,car
track0133[19].png,ahy9777,ahy9777,True,0,1.0000,0.998094,car
track0133[20].png,ahy9777,ahy9777,True,0,1.0000,0.998550,car
track0133[21].png,ahy9777,ahy9777,True,0,1.0000,0.999485,car
track0133[22].png,ahy9777,ahy9777,True,0,1.0000,0.995992,car
track0133[23].png,ahy9777,ahy9777,True,0,1.0000,0.988684,car
track0133[24].png,ahy9777,ahy9777,True,0,1.0000,0.999565,car
track0133[25].png,ahy9777,ahy9777,True,0,1.0000,0.999389,car
track0133[26].png,ahy9777,ahy9777,True,0,1.0000,0.999590,car
track0133[27].png,ahy9777,ahy9777,True,0,1.0000,0.999556,car
track0133[28].png,ahy9777,ahy9777,True,0,1.0000,0.999616,car
track0133[29].png,ahy9777,ahy9777,True,0,1.0000,0.999734,car
track0133[30].png,ahy9777,ahy9777,True,0,1.0000,0.999726,car
track0134[01].png,arg4938,arg4938,True,0,1.0000,0.999711,car
track0134[02].png,arg4938,arg4938,True,0,1.0000,0.999659,car
track0134[03].png,arg4938,arg4938,True,0,1.0000,0.999430,car
track0134[04].png,arg4938,arg4938,True,0,1.0000,0.999621,car
track0134[05].png,arg4938,arg4938,True,0,1.0000,0.998912,car
track0134[06].png,arg4938,arg4938,True,0,1.0000,0.998157,car
track0134[07].png,arg4938,arg4938,True,0,1.0000,0.999150,car
track0134[08].png,arg4938,arg4938,True,0,1.0000,0.997810,car
track0134[09].png,arg4938,arg4938,True,0,1.0000,0.997938,car
track0134[10].png,arg4938,arg4938,True,0,1.0000,0.997325,car
track0134[11].png,arg4938,arg4938,True,0,1.0000,0.998252,car
track0134[12].png,arg4938,arg4938,True,0,1.0000,0.998906,car
track0134[13].png,arg4938,arg4938,True,0,1.0000,0.997570,car
track0134[14].png,arg4938,arg4938,True,0,1.0000,0.998909,car
track0134[15].png,arg4938,arg4938,True,0,1.0000,0.997311,car
track0134[16].png,arg4938,arg4938,True,0,1.0000,0.997267,car
track0134[17].png,arg4938,arg4938,True,0,1.0000,0.993471,car
track0134[18].png,arg4938,arg4938,True,0,1.0000,0.999262,car
track0134[19].png,arg4938,arg4938,True,0,1.0000,0.998614,car
track0134[20].png,arg4938,arg4938,True,0,1.0000,0.998737,car
track0134[21].png,arg4938,arg4938,True,0,1.0000,0.998717,car
track0134[22].png,arg4938,arg4938,True,0,1.0000,0.998919,car
track0134[23].png,arg4938,arg4938,True,0,1.0000,0.998384,car
track0134[24].png,arg4938,arg4938,True,0,1.0000,0.996122,car
track0134[25].png,arg4938,arg4938,True,0,1.0000,0.997432,car
track0134[26].png,arg4938,arg4938,True,0,1.0000,0.997550,car
track0134[27].png,arg4938,arg4938,True,0,1.0000,0.996942,car
track0134[28].png,arg4938,arg4938,True,0,1.0000,0.996349,car
track0134[29].png,arg4938,arg4938,True,0,1.0000,0.994744,car
track0134[30].png,arg4938,arg4938,True,0,1.0000,0.996508,car
track0135[01].png,bas8216,bas8216,True,0,1.0000,0.994770,motorcycle
track0135[02].png,bas8216,bas8216,True,0,1.0000,0.988710,motorcycle
track0135[03].png,bas8216,bas8216,True,0,1.0000,0.996889,motorcycle
track0135[04].png,bas8216,bas8216,True,0,1.0000,0.997406,motorcycle
track0135[05].png,bas8216,bas8216,True,0,1.0000,0.997441,motorcycle
track0135[06].png,bas8216,bas8216,True,0,1.0000,0.996073,motorcycle
track0135[07].png,bas8216,bas8216,True,0,1.0000,0.998708,motorcycle
track0135[08].png,bas8216,bas8216,True,0,1.0000,0.997016,motorcycle
track0135[09].png,bas8216,bas8216,True,0,1.0000,0.997523,motorcycle
track0135[10].png,bas8216,bas8216,True,0,1.0000,0.992213,motorcycle
track0135[11].png,bas8216,bas8216,True,0,1.0000,0.978822,motorcycle
track0135[12].png,bas8216,bas8216,True,0,1.0000,0.991435,motorcycle
track0135[13].png,bas8216,bas8216,True,0,1.0000,0.988110,motorcycle
track0135[14].png,bas8216,bas8216,True,0,1.0000,0.986375,motorcycle
track0135[15].png,bas8216,bas8216,True,0,1.0000,0.912767,motorcycle
track0135[16].png,bas8216,bas8216,True,0,1.0000,0.909566,motorcycle
track0135[17].png,bas8216,bas8216,True,0,1.0000,0.993181,motorcycle
track0135[18].png,bas8216,bas8216,True,0,1.0000,0.993818,motorcycle
track0135[19].png,bas8216,bas8216,True,0,1.0000,0.997946,motorcycle
track0135[20].png,bas8216,bas8216,True,0,1.0000,0.998487,motorcycle
track0135[21].png,bas8216,bas8216,True,0,1.0000,0.989854,motorcycle
track0135[22].png,bas8216,bas8216,True,0,1.0000,0.996342,motorcycle
track0135[23].png,bas8216,bas8216,True,0,1.0000,0.994615,motorcycle
track0135[24].png,bas8216,bas8216,True,0,1.0000,0.996654,motorcycle
track0135[25].png,bas8216,bas8216,True,0,1.0000,0.992962,motorcycle
track0135[26].png,bas8216,bas8216,True,0,1.0000,0.994211,motorcycle
track0135[27].png,bas8216,bas8216,True,0,1.0000,0.950667,motorcycle
track0135[28].png,bas8216,bas8216,True,0,1.0000,0.997899,motorcycle
track0135[29].png,bas8216,bas8216,True,0,1.0000,0.970464,motorcycle
track0135[30].png,bas8216,bas8216,True,0,1.0000,0.983704,motorcycle
track0136[01].png,amo0663,amo0663,True,0,1.0000,0.761804,car
track0136[02].png,amo0663,amd0663,False,1,0.8571,0.790443,car
track0136[03].png,amo0663,ano0667,False,2,0.7143,0.671911,car
track0136[04].png,amo0663,amq0663,False,1,0.8571,0.943215,car
track0136[05].png,amo0663,amo0663,True,0,1.0000,0.999272,car
track0136[06].png,amo0663,amo0663,True,0,1.0000,0.999457,car
track0136[07].png,amo0663,amo0663,True,0,1.0000,0.872920,car
track0136[08].png,amo0663,amo0663,True,0,1.0000,0.999180,car
track0136[09].png,amo0663,amo0663,True,0,1.0000,0.954564,car
track0136[10].png,amo0663,amo0663,True,0,1.0000,0.992093,car
track0136[11].png,amo0663,amq0663,False,1,0.8571,0.937827,car
track0136[12].png,amo0663,amo0663,True,0,1.0000,0.998624,car
track0136[13].png,amo0663,amq0667,False,2,0.7143,0.366278,car
track0136[14].png,amo0663,amu0663,False,1,0.8571,0.706461,car
track0136[15].png,amo0663,amo0663,True,0,1.0000,0.976173,car
track0136[16].png,amo0663,amo0663,True,0,1.0000,0.974432,car
track0136[17].png,amo0663,amo0663,True,0,1.0000,0.999588,car
track0136[18].png,amo0663,amo0663,True,0,1.0000,0.998725,car
track0136[19].png,amo0663,amo0663,True,0,1.0000,0.999485,car
track0136[20].png,amo0663,amo0663,True,0,1.0000,0.999578,car
track0136[21].png,amo0663,amo0663,True,0,1.0000,0.998181,car
track0136[22].png,amo0663,amo0663,True,0,1.0000,0.999311,car
track0136[23].png,amo0663,amo0663,True,0,1.0000,0.998970,car
track0136[24].png,amo0663,amo0663,True,0,1.0000,0.936315,car
track0136[25].png,amo0663,amo0663,True,0,1.0000,0.645892,car
track0136[26].png,amo0663,amu0663,False,1,0.8571,0.877359,car
track0136[27].png,amo0663,amu0663,False,1,0.8571,0.733921,car
track0136[28].png,amo0663,amo0663,True,0,1.0000,0.634865,car
track0136[29].png,amo0663,amo0663,True,0,1.0000,0.995463,car
track0136[30].png,amo0663,amo0663,True,0,1.0000,0.946989,car
track0137[01].png,asu1099,asu1099,True,0,1.0000,0.998283,car
track0137[02].png,asu1099,asu1099,True,0,1.0000,0.990815,car
track0137[03].png,asu1099,asu1099,True,0,1.0000,0.995678,car
track0137[04].png,asu1099,asu1099,True,0,1.0000,0.990067,car
track0137[05].png,asu1099,asu1099,True,0,1.0000,0.980827,car
track0137[06].png,asu1099,asu1099,True,0,1.0000,0.814240,car
track0137[07].png,asu1099,asu1099,True,0,1.0000,0.983797,car
track0137[08].png,asu1099,asu1099,True,0,1.0000,0.993060,car
track0137[09].png,asu1099,asu1099,True,0,1.0000,0.989788,car
track0137[10].png,asu1099,asu1099,True,0,1.0000,0.996150,car
track0137[11].png,asu1099,asu1099,True,0,1.0000,0.994814,car
track0137[12].png,asu1099,asu1099,True,0,1.0000,0.991243,car
track0137[13].png,asu1099,asu1099,True,0,1.0000,0.991959,car
track0137[14].png,asu1099,asu1099,True,0,1.0000,0.996231,car
track0137[15].png,asu1099,asu1099,True,0,1.0000,0.990069,car
track0137[16].png,asu1099,asu1099,True,0,1.0000,0.997076,car
track0137[17].png,asu1099,asu1099,True,0,1.0000,0.986950,car
track0137[18].png,asu1099,asu1099,True,0,1.0000,0.995091,car
track0137[19].png,asu1099,asu1099,True,0,1.0000,0.997378,car
track0137[20].png,asu1099,asu1099,True,0,1.0000,0.986399,car
track0137[21].png,asu1099,asu1099,True,0,1.0000,0.994571,car
track0137[22].png,asu1099,asu1099,True,0,1.0000,0.998608,car
track0137[23].png,asu1099,asu1099,True,0,1.0000,0.997606,car
track0137[24].png,asu1099,asu1099,True,0,1.0000,0.991422,car
track0137[25].png,asu1099,asu1099,True,0,1.0000,0.993442,car
track0137[26].png,asu1099,asu1099,True,0,1.0000,0.998391,car
track0137[27].png,asu1099,asu1099,True,0,1.0000,0.997180,car
track0137[28].png,asu1099,asu1099,True,0,1.0000,0.997727,car
track0137[29].png,asu1099,asu1099,True,0,1.0000,0.996450,car
track0137[30].png,asu1099,asu1099,True,0,1.0000,0.998098,car
track0138[01].png,aug0936,aug993,False,2,0.7143,0.559669,motorcycle
track0138[02].png,aug0936,augg933,False,2,0.7143,0.518353,motorcycle
track0138[03].png,aug0936,aug993,False,2,0.7143,0.902044,motorcycle
track0138[04].png,aug0936,aug993,False,2,0.7143,0.985895,motorcycle
track0138[05].png,aug0936,aug993,False,2,0.7143,0.993252,motorcycle
track0138[06].png,aug0936,aug993,False,2,0.7143,0.998500,motorcycle
track0138[07].png,aug0936,aug993,False,2,0.7143,0.996645,motorcycle
track0138[08].png,aug0936,aug993,False,2,0.7143,0.974883,motorcycle
track0138[09].png,aug0936,aug993,False,2,0.7143,0.964738,motorcycle
track0138[10].png,aug0936,augg93,False,2,0.7143,0.977368,motorcycle
track0138[11].png,aug0936,augg93,False,2,0.7143,0.963409,motorcycle
track0138[12].png,aug0936,augg93,False,2,0.7143,0.610457,motorcycle
track0138[13].png,aug0936,aug9933,False,2,0.7143,0.685940,motorcycle
track0138[14].png,aug0936,augg93,False,2,0.7143,0.455269,motorcycle
track0138[15].png,aug0936,augg973,False,3,0.5714,0.548847,motorcycle
track0138[16].png,aug0936,aug993,False,2,0.7143,0.858656,motorcycle
track0138[17].png,aug0936,augg933,False,2,0.7143,0.303896,motorcycle
track0138[18].png,aug0936,augg933,False,2,0.7143,0.835725,motorcycle
track0138[19].png,aug0936,aug993,False,2,0.7143,0.869086,motorcycle
track0138[20].png,aug0936,aug993,False,2,0.7143,0.972434,motorcycle
track0138[21].png,aug0936,augg93,False,2,0.7143,0.924783,motorcycle
track0138[22].png,aug0936,aug999,False,3,0.5714,0.363874,motorcycle
track0138[23].png,aug0936,augg93,False,2,0.7143,0.889513,motorcycle
track0138[24].png,aug0936,aug999,False,3,0.5714,0.437846,motorcycle
track0138[25].png,aug0936,aug993,False,2,0.7143,0.410639,motorcycle
track0138[26].png,aug0936,aug997,False,3,0.5714,0.298652,motorcycle
track0138[27].png,aug0936,augg93,False,2,0.7143,0.828456,motorcycle
track0138[28].png,aug0936,aug993,False,2,0.7143,0.763904,motorcycle
track0138[29].png,aug0936,augg97,False,3,0.5714,0.710384,motorcycle
track0138[30].png,aug0936,augg93,False,2,0.7143,0.578476,motorcycle
track0139[01].png,bap8567,bap8567,True,0,1.0000,0.998279,car
track0139[02].png,bap8567,bap8567,True,0,1.0000,0.994417,car
track0139[03].png,bap8567,bap8567,True,0,1.0000,0.999640,car
track0139[04].png,bap8567,bap8567,True,0,1.0000,0.999307,car
track0139[05].png,bap8567,bap8567,True,0,1.0000,0.995486,car
track0139[06].png,bap8567,bap8567,True,0,1.0000,0.802947,car
track0139[07].png,bap8567,bapb567,False,1,0.8571,0.630661,car
track0139[08].png,bap8567,bap8567,True,0,1.0000,0.995933,car
track0139[09].png,bap8567,bap8567,True,0,1.0000,0.968657,car
track0139[10].png,bap8567,bap8567,True,0,1.0000,0.995331,car
track0139[11].png,bap8567,bap8567,True,0,1.0000,0.900490,car
track0139[12].png,bap8567,bap8567,True,0,1.0000,0.999444,car
track0139[13].png,bap8567,bap8567,True,0,1.0000,0.999370,car
track0139[14].png,bap8567,bap8567,True,0,1.0000,0.999261,car
track0139[15].png,bap8567,bap8567,True,0,1.0000,0.998766,car
track0139[16].png,bap8567,bap8567,True,0,1.0000,0.999275,car
track0139[17].png,bap8567,bap8567,True,0,1.0000,0.999441,car
track0139[18].png,bap8567,bap8567,True,0,1.0000,0.999319,car
track0139[19].png,bap8567,bap8567,True,0,1.0000,0.999566,car
track0139[20].png,bap8567,bap8567,True,0,1.0000,0.999356,car
track0139[21].png,bap8567,bap8567,True,0,1.0000,0.999308,car
track0139[22].png,bap8567,bap8567,True,0,1.0000,0.999461,car
track0139[23].png,bap8567,bap8567,True,0,1.0000,0.999294,car
track0139[24].png,bap8567,bap8567,True,0,1.0000,0.999607,car
track0139[25].png,bap8567,bap8567,True,0,1.0000,0.999145,car
track0139[26].png,bap8567,bap8567,True,0,1.0000,0.999042,car
track0139[27].png,bap8567,bap8567,True,0,1.0000,0.999583,car
track0139[28].png,bap8567,bap8567,True,0,1.0000,0.999181,car
track0139[29].png,bap8567,bap8567,True,0,1.0000,0.999351,car
track0139[30].png,bap8567,bap8567,True,0,1.0000,0.999574,car
track0140[01].png,ava1466,ava1466,True,0,1.0000,0.999740,car
track0140[02].png,ava1466,ava1466,True,0,1.0000,0.999832,car
track0140[03].png,ava1466,ava1466,True,0,1.0000,0.999694,car
track0140[04].png,ava1466,ava1466,True,0,1.0000,0.999735,car
track0140[05].png,ava1466,ava1466,True,0,1.0000,0.999784,car
track0140[06].png,ava1466,ava1466,True,0,1.0000,0.999811,car
track0140[07].png,ava1466,ava1466,True,0,1.0000,0.999777,car
track0140[08].png,ava1466,ava1466,True,0,1.0000,0.999843,car
track0140[09].png,ava1466,ava1466,True,0,1.0000,0.999752,car
track0140[10].png,ava1466,ava1466,True,0,1.0000,0.999684,car
track0140[11].png,ava1466,ava1466,True,0,1.0000,0.999713,car
track0140[12].png,ava1466,ava1466,True,0,1.0000,0.999780,car
track0140[13].png,ava1466,ava1466,True,0,1.0000,0.999749,car
track0140[14].png,ava1466,ava1466,True,0,1.0000,0.999760,car
track0140[15].png,ava1466,ava1466,True,0,1.0000,0.999738,car
track0140[16].png,ava1466,ava1466,True,0,1.0000,0.999723,car
track0140[17].png,ava1466,ava1466,True,0,1.0000,0.999453,car
track0140[18].png,ava1466,ava1466,True,0,1.0000,0.999745,car
track0140[19].png,ava1466,ava1466,True,0,1.0000,0.999579,car
track0140[20].png,ava1466,ava1466,True,0,1.0000,0.999463,car
track0140[21].png,ava1466,ava1466,True,0,1.0000,0.999239,car
track0140[22].png,ava1466,ava1466,True,0,1.0000,0.998747,car
track0140[23].png,ava1466,ava1466,True,0,1.0000,0.998178,car
track0140[24].png,ava1466,ava1466,True,0,1.0000,0.999664,car
track0140[25].png,ava1466,ava1466,True,0,1.0000,0.999422,car
track0140[26].png,ava1466,ava1466,True,0,1.0000,0.999088,car
track0140[27].png,ava1466,ava1466,True,0,1.0000,0.999736,car
track0140[28].png,ava1466,ava1466,True,0,1.0000,0.999559,car
track0140[29].png,ava1466,ava1466,True,0,1.0000,0.999717,car
track0140[30].png,ava1466,ava1466,True,0,1.0000,0.999434,car
track0141[01].png,awe4633,awe4635,False,1,0.8571,0.958674,car
track0141[02].png,awe4633,awe4635,False,1,0.8571,0.485332,car
track0141[03].png,awe4633,awe4633,True,0,1.0000,0.962177,car
track0141[04].png,awe4633,awe4633,True,0,1.0000,0.968360,car
track0141[05].png,awe4633,awe4633,True,0,1.0000,0.980409,car
track0141[06].png,awe4633,awe4633,True,0,1.0000,0.962614,car
track0141[07].png,awe4633,awe4633,True,0,1.0000,0.915154,car
track0141[08].png,awe4633,awe4633,True,0,1.0000,0.685055,car
track0141[09].png,awe4633,awe4633,True,0,1.0000,0.847525,car
track0141[10].png,awe4633,awe4633,True,0,1.0000,0.997488,car
track0141[11].png,awe4633,awe4633,True,0,1.0000,0.973495,car
track0141[12].png,awe4633,awe4633,True,0,1.0000,0.439428,car
track0141[13].png,awe4633,awe4633,True,0,1.0000,0.993862,car
track0141[14].png,awe4633,awe4633,True,0,1.0000,0.961255,car
track0141[15].png,awe4633,awe4633,True,0,1.0000,0.969897,car
track0141[16].png,awe4633,awe4633,True,0,1.0000,0.996984,car
track0141[17].png,awe4633,awe4633,True,0,1.0000,0.996801,car
track0141[18].png,awe4633,awe4633,True,0,1.0000,0.991764,car
track0141[19].png,awe4633,awe4633,True,0,1.0000,0.984383,car
track0141[20].png,awe4633,awe4633,True,0,1.0000,0.994267,car
track0141[21].png,awe4633,awe4633,True,0,1.0000,0.857795,car
track0141[22].png,awe4633,awe4633,True,0,1.0000,0.987304,car
track0141[23].png,awe4633,awe4633,True,0,1.0000,0.996775,car
track0141[24].png,awe4633,awe4633,True,0,1.0000,0.995617,car
track0141[25].png,awe4633,awe4633,True,0,1.0000,0.992676,car
track0141[26].png,awe4633,awe4633,True,0,1.0000,0.994538,car
track0141[27].png,awe4633,awe4633,True,0,1.0000,0.996027,car
track0141[28].png,awe4633,awe4633,True,0,1.0000,0.980688,car
track0141[29].png,awe4633,awe4633,True,0,1.0000,0.991191,car
track0141[30].png,awe4633,awe4633,True,0,1.0000,0.993766,car
track0142[01].png,awz9807,awz9807,True,0,1.0000,0.992842,car
track0142[02].png,awz9807,awz9807,True,0,1.0000,0.988468,car
track0142[03].png,awz9807,awz9807,True,0,1.0000,0.995680,car
track0142[04].png,awz9807,awz9807,True,0,1.0000,0.995531,car
track0142[05].png,awz9807,awz9807,True,0,1.0000,0.960812,car
track0142[06].png,awz9807,awz9807,True,0,1.0000,0.996731,car
track0142[07].png,awz9807,awz9807,True,0,1.0000,0.992913,car
track0142[08].png,awz9807,awz9807,True,0,1.0000,0.996258,car
track0142[09].png,awz9807,awz9807,True,0,1.0000,0.996004,car
track0142[10].png,awz9807,awz9807,True,0,1.0000,0.994736,car
track0142[11].png,awz9807,awz9807,True,0,1.0000,0.994145,car
track0142[12].png,awz9807,awz9807,True,0,1.0000,0.992214,car
track0142[13].png,awz9807,awz9807,True,0,1.0000,0.994240,car
track0142[14].png,awz9807,awz9807,True,0,1.0000,0.995778,car
track0142[15].png,awz9807,awz9807,True,0,1.0000,0.994632,car
track0142[16].png,awz9807,awz9807,True,0,1.0000,0.993710,car
track0142[17].png,awz9807,awz9807,True,0,1.0000,0.997833,car
track0142[18].png,awz9807,awz9807,True,0,1.0000,0.997175,car
track0142[19].png,awz9807,awz9807,True,0,1.0000,0.996695,car
track0142[20].png,awz9807,awz9807,True,0,1.0000,0.996158,car
track0142[21].png,awz9807,awz9807,True,0,1.0000,0.997327,car
track0142[22].png,awz9807,awz9807,True,0,1.0000,0.997272,car
track0142[23].png,awz9807,awz9807,True,0,1.0000,0.995211,car
track0142[24].png,awz9807,awz9807,True,0,1.0000,0.995991,car
track0142[25].png,awz9807,awz9807,True,0,1.0000,0.995187,car
track0142[26].png,awz9807,awz9807,True,0,1.0000,0.970674,car
track0142[27].png,awz9807,awz9807,True,0,1.0000,0.993523,car
track0142[28].png,awz9807,awz9807,True,0,1.0000,0.996584,car
track0142[29].png,awz9807,awz9807,True,0,1.0000,0.997242,car
track0142[30].png,awz9807,awz9807,True,0,1.0000,0.996611,car
track0143[01].png,axh5087,axh5197,False,2,0.7143,0.845519,motorcycle
track0143[02].png,axh5087,axh5997,False,2,0.7143,0.932879,motorcycle
track0143[03].png,axh5087,axh5997,False,2,0.7143,0.766404,motorcycle
track0143[04].png,axh5087,axh5197,False,2,0.7143,0.531089,motorcycle
track0143[05].png,axh5087,axh5197,False,2,0.7143,0.832811,motorcycle
track0143[06].png,axh5087,axh5197,False,2,0.7143,0.662895,motorcycle
track0143[07].png,axh5087,axh5907,False,2,0.7143,0.516138,motorcycle
track0143[08].png,axh5087,axh5997,False,2,0.7143,0.488367,motorcycle
track0143[09].png,axh5087,axh5907,False,2,0.7143,0.938711,motorcycle
track0143[10].png,axh5087,axh5997,False,2,0.7143,0.531711,motorcycle
track0143[11].png,axh5087,axh5907,False,2,0.7143,0.273469,motorcycle
track0143[12].png,axh5087,axh5997,False,2,0.7143,0.789053,motorcycle
track0143[13].png,axh5087,axh5997,False,2,0.7143,0.777099,motorcycle
track0143[14].png,axh5087,mxh5987,False,2,0.7143,0.337399,motorcycle
track0143[15].png,axh5087,axh5997,False,2,0.7143,0.815649,motorcycle
track0143[16].png,axh5087,mxh5987,False,2,0.7143,0.658604,motorcycle
track0143[17].png,axh5087,axh5007,False,1,0.8571,0.844559,motorcycle
track0143[18].png,axh5087,axh5187,False,1,0.8571,0.674474,motorcycle
track0143[19].png,axh5087,axh5087,True,0,1.0000,0.675580,motorcycle
track0143[20].png,axh5087,axh5087,True,0,1.0000,0.724027,motorcycle
track0143[21].png,axh5087,axh5187,False,1,0.8571,0.755236,motorcycle
track0143[22].png,axh5087,axh5087,True,0,1.0000,0.979402,motorcycle
track0143[23].png,axh5087,axh5087,True,0,1.0000,0.946142,motorcycle
track0143[24].png,axh5087,axh5087,True,0,1.0000,0.961484,motorcycle
track0143[25].png,axh5087,axh5107,False,2,0.7143,0.492891,motorcycle
track0143[26].png,axh5087,axh5087,True,0,1.0000,0.969987,motorcycle
track0143[27].png,axh5087,axh5087,True,0,1.0000,0.843469,motorcycle
track0143[28].png,axh5087,axh5187,False,1,0.8571,0.974284,motorcycle
track0143[29].png,axh5087,axh5087,True,0,1.0000,0.682479,motorcycle
track0143[30].png,axh5087,axh5007,False,1,0.8571,0.890818,motorcycle
track0144[01].png,ayl2104,ayl2104,True,0,1.0000,0.999262,car
track0144[02].png,ayl2104,ayl2104,True,0,1.0000,0.999046,car
track0144[03].png,ayl2104,ayl2104,True,0,1.0000,0.998982,car
track0144[04].png,ayl2104,ayl2104,True,0,1.0000,0.998421,car
track0144[05].png,ayl2104,ayl2104,True,0,1.0000,0.999384,car
track0144[06].png,ayl2104,ayl2104,True,0,1.0000,0.999314,car
track0144[07].png,ayl2104,ayl2104,True,0,1.0000,0.999345,car
track0144[08].png,ayl2104,ayl2104,True,0,1.0000,0.999405,car
track0144[09].png,ayl2104,ayl2104,True,0,1.0000,0.999341,car
track0144[10].png,ayl2104,ayl2104,True,0,1.0000,0.995531,car
track0144[11].png,ayl2104,ayl2104,True,0,1.0000,0.998733,car
track0144[12].png,ayl2104,ayl2104,True,0,1.0000,0.998363,car
track0144[13].png,ayl2104,ayl2104,True,0,1.0000,0.999708,car
track0144[14].png,ayl2104,ayl2104,True,0,1.0000,0.999620,car
track0144[15].png,ayl2104,ayl2104,True,0,1.0000,0.999566,car
track0144[16].png,ayl2104,ayl2104,True,0,1.0000,0.999522,car
track0144[17].png,ayl2104,ayl2104,True,0,1.0000,0.999612,car
track0144[18].png,ayl2104,ayl2104,True,0,1.0000,0.999260,car
track0144[19].png,ayl2104,ayl2104,True,0,1.0000,0.999440,car
track0144[20].png,ayl2104,ayl2104,True,0,1.0000,0.995127,car
track0144[21].png,ayl2104,ayl2104,True,0,1.0000,0.999325,car
track0144[22].png,ayl2104,ayl2104,True,0,1.0000,0.999407,car
track0144[23].png,ayl2104,ayl2104,True,0,1.0000,0.998951,car
track0144[24].png,ayl2104,ayl2104,True,0,1.0000,0.999595,car
track0144[25].png,ayl2104,ayl2104,True,0,1.0000,0.999199,car
track0144[26].png,ayl2104,ayl2104,True,0,1.0000,0.999269,car
track0144[27].png,ayl2104,ayl2104,True,0,1.0000,0.999051,car
track0144[28].png,ayl2104,ayl2104,True,0,1.0000,0.999430,car
track0144[29].png,ayl2104,ayl2104,True,0,1.0000,0.999240,car
track0144[30].png,ayl2104,ayl2104,True,0,1.0000,0.999681,car
track0145[01].png,avd4791,avd4791,True,0,1.0000,0.998999,car
track0145[02].png,avd4791,avd4791,True,0,1.0000,0.999209,car
track0145[03].png,avd4791,avd4791,True,0,1.0000,0.998337,car
track0145[04].png,avd4791,avd4791,True,0,1.0000,0.998231,car
track0145[05].png,avd4791,avd4791,True,0,1.0000,0.987415,car
track0145[06].png,avd4791,avd4791,True,0,1.0000,0.999607,car
track0145[07].png,avd4791,avd4791,True,0,1.0000,0.999720,car
track0145[08].png,avd4791,avd4791,True,0,1.0000,0.980567,car
track0145[09].png,avd4791,ayd4791,False,1,0.8571,0.736240,car
track0145[10].png,avd4791,avd4791,True,0,1.0000,0.934303,car
track0145[11].png,avd4791,avd4791,True,0,1.0000,0.998380,car
track0145[12].png,avd4791,avd4791,True,0,1.0000,0.997463,car
track0145[13].png,avd4791,avd4791,True,0,1.0000,0.997638,car
track0145[14].png,avd4791,avd4791,True,0,1.0000,0.997343,car
track0145[15].png,avd4791,avd4791,True,0,1.0000,0.998444,car
track0145[16].png,avd4791,avd4791,True,0,1.0000,0.998911,car
track0145[17].png,avd4791,avd4791,True,0,1.0000,0.998306,car
track0145[18].png,avd4791,avd4791,True,0,1.0000,0.998568,car
track0145[19].png,avd4791,avd4791,True,0,1.0000,0.995630,car
track0145[20].png,avd4791,avd4791,True,0,1.0000,0.995067,car
track0145[21].png,avd4791,avd4791,True,0,1.0000,0.998077,car
track0145[22].png,avd4791,avd4791,True,0,1.0000,0.998414,car
track0145[23].png,avd4791,avd4791,True,0,1.0000,0.998728,car
track0145[24].png,avd4791,avd4791,True,0,1.0000,0.999525,car
track0145[25].png,avd4791,avd4791,True,0,1.0000,0.998856,car
track0145[26].png,avd4791,avd4791,True,0,1.0000,0.999210,car
track0145[27].png,avd4791,avd4791,True,0,1.0000,0.998832,car
track0145[28].png,avd4791,avd4791,True,0,1.0000,0.999270,car
track0145[29].png,avd4791,avd4791,True,0,1.0000,0.999401,car
track0145[30].png,avd4791,avd4791,True,0,1.0000,0.979860,car
track0146[01].png,ajg2630,ajg2630,True,0,1.0000,0.998817,car
track0146[02].png,ajg2630,ajg2630,True,0,1.0000,0.999575,car
track0146[03].png,ajg2630,ajg2630,True,0,1.0000,0.999525,car
track0146[04].png,ajg2630,ajg2630,True,0,1.0000,0.999616,car
track0146[05].png,ajg2630,ajg2630,True,0,1.0000,0.999577,car
track0146[06].png,ajg2630,ajg2630,True,0,1.0000,0.999662,car
track0146[07].png,ajg2630,ajg2630,True,0,1.0000,0.999570,car
track0146[08].png,ajg2630,ajg2630,True,0,1.0000,0.999483,car
track0146[09].png,ajg2630,ajg2630,True,0,1.0000,0.995299,car
track0146[10].png,ajg2630,ajg2630,True,0,1.0000,0.999049,car
track0146[11].png,ajg2630,ajg2630,True,0,1.0000,0.998990,car
track0146[12].png,ajg2630,ajg2630,True,0,1.0000,0.999366,car
track0146[13].png,ajg2630,ajg2630,True,0,1.0000,0.999443,car
track0146[14].png,ajg2630,ajg2630,True,0,1.0000,0.999413,car
track0146[15].png,ajg2630,ajg2630,True,0,1.0000,0.999644,car
track0146[16].png,ajg2630,ajg2630,True,0,1.0000,0.999521,car
track0146[17].png,ajg2630,ajg2630,True,0,1.0000,0.999540,car
track0146[18].png,ajg2630,ajg2630,True,0,1.0000,0.999757,car
track0146[19].png,ajg2630,ajg2630,True,0,1.0000,0.999446,car
track0146[20].png,ajg2630,ajg2630,True,0,1.0000,0.999741,car
track0146[21].png,ajg2630,ajg2630,True,0,1.0000,0.999684,car
track0146[22].png,ajg2630,ajg2630,True,0,1.0000,0.999717,car
track0146[23].png,ajg2630,ajg2630,True,0,1.0000,0.999658,car
track0146[24].png,ajg2630,ajg2630,True,0,1.0000,0.999729,car
track0146[25].png,ajg2630,ajg2630,True,0,1.0000,0.999773,car
track0146[26].png,ajg2630,ajg2630,True,0,1.0000,0.999639,car
track0146[27].png,ajg2630,ajg2630,True,0,1.0000,0.999489,car
track0146[28].png,ajg2630,ajg2630,True,0,1.0000,0.999435,car
track0146[29].png,ajg2630,ajg2630,True,0,1.0000,0.999105,car
track0146[30].png,ajg2630,ajg2630,True,0,1.0000,0.999678,car
track0147[01].png,arz9326,arz9326,True,0,1.0000,0.998864,car
track0147[02].png,arz9326,arz9326,True,0,1.0000,0.999196,car
track0147[03].png,arz9326,arz9326,True,0,1.0000,0.998975,car
track0147[04].png,arz9326,arz9326,True,0,1.0000,0.998948,car
track0147[05].png,arz9326,arz9326,True,0,1.0000,0.998951,car
track0147[06].png,arz9326,arz9326,True,0,1.0000,0.999098,car
track0147[07].png,arz9326,arz9326,True,0,1.0000,0.999107,car
track0147[08].png,arz9326,arz9326,True,0,1.0000,0.998394,car
track0147[09].png,arz9326,arz9326,True,0,1.0000,0.998390,car
track0147[10].png,arz9326,arz9326,True,0,1.0000,0.998633,car
track0147[11].png,arz9326,arz9326,True,0,1.0000,0.998477,car
track0147[12].png,arz9326,arz9326,True,0,1.0000,0.998570,car
track0147[13].png,arz9326,arz9326,True,0,1.0000,0.998773,car
track0147[14].png,arz9326,arz9326,True,0,1.0000,0.999064,car
track0147[15].png,arz9326,arz9326,True,0,1.0000,0.999140,car
track0147[16].png,arz9326,arz9326,True,0,1.0000,0.999181,car
track0147[17].png,arz9326,arz9326,True,0,1.0000,0.998855,car
track0147[18].png,arz9326,arz9326,True,0,1.0000,0.999115,car
track0147[19].png,arz9326,arz9326,True,0,1.0000,0.998769,car
track0147[20].png,arz9326,arz9326,True,0,1.0000,0.998926,car
track0147[21].png,arz9326,arz9326,True,0,1.0000,0.999308,car
track0147[22].png,arz9326,arz9326,True,0,1.0000,0.998845,car
track0147[23].png,arz9326,arz9326,True,0,1.0000,0.998752,car
track0147[24].png,arz9326,arz9326,True,0,1.0000,0.998777,car
track0147[25].png,arz9326,arz9326,True,0,1.0000,0.998959,car
track0147[26].png,arz9326,arz9326,True,0,1.0000,0.998990,car
track0147[27].png,arz9326,arz9326,True,0,1.0000,0.998922,car
track0147[28].png,arz9326,arz9326,True,0,1.0000,0.999284,car
track0147[29].png,arz9326,arz9326,True,0,1.0000,0.998958,car
track0147[30].png,arz9326,arz9326,True,0,1.0000,0.998980,car
track0148[01].png,akt8174,akt8172,False,1,0.8571,0.663374,motorcycle
track0148[02].png,akt8174,akt8172,False,1,0.8571,0.858873,motorcycle
track0148[03].png,akt8174,akt8177,False,1,0.8571,0.854190,motorcycle
track0148[04].png,akt8174,akt8177,False,1,0.8571,0.668208,motorcycle
track0148[05].png,akt8174,akt8172,False,1,0.8571,0.632972,motorcycle
track0148[06].png,akt8174,akt8177,False,1,0.8571,0.448482,motorcycle
track0148[07].png,akt8174,akt8177,False,1,0.8571,0.534287,motorcycle
track0148[08].png,akt8174,akt3177,False,2,0.7143,0.528090,motorcycle
track0148[09].png,akt8174,akt8177,False,1,0.8571,0.798384,motorcycle
track0148[10].png,akt8174,akt8177,False,1,0.8571,0.758289,motorcycle
track0148[11].png,akt8174,akt8177,False,1,0.8571,0.873233,motorcycle
track0148[12].png,akt8174,akt8177,False,1,0.8571,0.779999,motorcycle
track0148[13].png,akt8174,akt8177,False,1,0.8571,0.630047,motorcycle
track0148[14].png,akt8174,akt8177,False,1,0.8571,0.792615,motorcycle
track0148[15].png,akt8174,akt8177,False,1,0.8571,0.608652,motorcycle
track0148[16].png,akt8174,akt8177,False,1,0.8571,0.878753,motorcycle
track0148[17].png,akt8174,akt8177,False,1,0.8571,0.752750,motorcycle
track0148[18].png,akt8174,akt8177,False,1,0.8571,0.770633,motorcycle
track0148[19].png,akt8174,akt8177,False,1,0.8571,0.709009,motorcycle
track0148[20].png,akt8174,akt8177,False,1,0.8571,0.810299,motorcycle
track0148[21].png,akt8174,akt8172,False,1,0.8571,0.459130,motorcycle
track0148[22].png,akt8174,akt8177,False,1,0.8571,0.775274,motorcycle
track0148[23].png,akt8174,akt8177,False,1,0.8571,0.722330,motorcycle
track0148[24].png,akt8174,akt8177,False,1,0.8571,0.787308,motorcycle
track0148[25].png,akt8174,akt8172,False,1,0.8571,0.603782,motorcycle
track0148[26].png,akt8174,akt8172,False,1,0.8571,0.534927,motorcycle
track0148[27].png,akt8174,akt8172,False,1,0.8571,0.540918,motorcycle
track0148[28].png,akt8174,akt8177,False,1,0.8571,0.687848,motorcycle
track0148[29].png,akt8174,akt8177,False,1,0.8571,0.707467,motorcycle
track0148[30].png,akt8174,akt8177,False,1,0.8571,0.859284,motorcycle
track0149[01].png,axw8502,axw8502,True,0,1.0000,0.999452,car
track0149[02].png,axw8502,axw8502,True,0,1.0000,0.999620,car
track0149[03].png,axw8502,axw8502,True,0,1.0000,0.999577,car
track0149[04].png,axw8502,axw8502,True,0,1.0000,0.999530,car
track0149[05].png,axw8502,axw8502,True,0,1.0000,0.999381,car
track0149[06].png,axw8502,axw8502,True,0,1.0000,0.999573,car
track0149[07].png,axw8502,axw8502,True,0,1.0000,0.999610,car
track0149[08].png,axw8502,axw8502,True,0,1.0000,0.999583,car
track0149[09].png,axw8502,axw8502,True,0,1.0000,0.999390,car
track0149[10].png,axw8502,axw8502,True,0,1.0000,0.999350,car
track0149[11].png,axw8502,axw8502,True,0,1.0000,0.999402,car
track0149[12].png,axw8502,axw8502,True,0,1.0000,0.999673,car
track0149[13].png,axw8502,axw8502,True,0,1.0000,0.999408,car
track0149[14].png,axw8502,axw8502,True,0,1.0000,0.999564,car
track0149[15].png,axw8502,axw8502,True,0,1.0000,0.999447,car
track0149[16].png,axw8502,axw8502,True,0,1.0000,0.999393,car
track0149[17].png,axw8502,axw8502,True,0,1.0000,0.999377,car
track0149[18].png,axw8502,axw8502,True,0,1.0000,0.999480,car
track0149[19].png,axw8502,axw8502,True,0,1.0000,0.999508,car
track0149[20].png,axw8502,axw8502,True,0,1.0000,0.999389,car
track0149[21].png,axw8502,axw8502,True,0,1.0000,0.999158,car
track0149[22].png,axw8502,axw8502,True,0,1.0000,0.999273,car
track0149[23].png,axw8502,axw8502,True,0,1.0000,0.999103,car
track0149[24].png,axw8502,axw8502,True,0,1.0000,0.999516,car
track0149[25].png,axw8502,axw8502,True,0,1.0000,0.999096,car
track0149[26].png,axw8502,axw8502,True,0,1.0000,0.998724,car
track0149[27].png,axw8502,axw8502,True,0,1.0000,0.999380,car
track0149[28].png,axw8502,axw8502,True,0,1.0000,0.999155,car
track0149[29].png,axw8502,axw8502,True,0,1.0000,0.999432,car
track0149[30].png,axw8502,axw8502,True,0,1.0000,0.999391,car
track0150[01].png,bba9166,bba9166,True,0,1.0000,0.999817,car
track0150[02].png,bba9166,bba9166,True,0,1.0000,0.999837,car
track0150[03].png,bba9166,bba9166,True,0,1.0000,0.999841,car
track0150[04].png,bba9166,bba9166,True,0,1.0000,0.999815,car
track0150[05].png,bba9166,bba9166,True,0,1.0000,0.997132,car
track0150[06].png,bba9166,bba9166,True,0,1.0000,0.999776,car
track0150[07].png,bba9166,bba9166,True,0,1.0000,0.999797,car
track0150[08].png,bba9166,bba9166,True,0,1.0000,0.990904,car
track0150[09].png,bba9166,bba9166,True,0,1.0000,0.999628,car
track0150[10].png,bba9166,bba9166,True,0,1.0000,0.999542,car
track0150[11].png,bba9166,bba9166,True,0,1.0000,0.999672,car
track0150[12].png,bba9166,bba9166,True,0,1.0000,0.999134,car
track0150[13].png,bba9166,bba9166,True,0,1.0000,0.999784,car
track0150[14].png,bba9166,bba9166,True,0,1.0000,0.999777,car
track0150[15].png,bba9166,bba9166,True,0,1.0000,0.999701,car
track0150[16].png,bba9166,bba9166,True,0,1.0000,0.999887,car
track0150[17].png,bba9166,bba9166,True,0,1.0000,0.999858,car
track0150[18].png,bba9166,bba9166,True,0,1.0000,0.999857,car
track0150[19].png,bba9166,bba9166,True,0,1.0000,0.999865,car
track0150[20].png,bba9166,bba9166,True,0,1.0000,0.999827,car
track0150[21].png,bba9166,bba9166,True,0,1.0000,0.999849,car
track0150[22].png,bba9166,bba9166,True,0,1.0000,0.999808,car
track0150[23].png,bba9166,bba9166,True,0,1.0000,0.999738,car
track0150[24].png,bba9166,bba9166,True,0,1.0000,0.999746,car
track0150[25].png,bba9166,bba9166,True,0,1.0000,0.999103,car
track0150[26].png,bba9166,bba9166,True,0,1.0000,0.999833,car
track0150[27].png,bba9166,bba9166,True,0,1.0000,0.999817,car
track0150[28].png,bba9166,bba9166,True,0,1.0000,0.999810,car
track0150[29].png,bba9166,bba9166,True,0,1.0000,0.999826,car
track0150[30].png,bba9166,bba9166,True,0,1.0000,0.999853,car
