img,label,pred,correct,edit_dist,norm_ed,confidence,vehicle_type
track0091[01].png,mls5511,mls5511,True,0,1.0000,0.998577,car
track0091[02].png,mls5511,mls5511,True,0,1.0000,0.999490,car
track0091[03].png,mls5511,mls5511,True,0,1.0000,0.999665,car
track0091[04].png,mls5511,mls5511,True,0,1.0000,0.999636,car
track0091[05].png,mls5511,mls5511,True,0,1.0000,0.992794,car
track0091[06].png,mls5511,mls5511,True,0,1.0000,0.995229,car
track0091[07].png,mls5511,mls5511,True,0,1.0000,0.998854,car
track0091[08].png,mls5511,mls5511,True,0,1.0000,0.999650,car
track0091[09].png,mls5511,mls5511,True,0,1.0000,0.999081,car
track0091[10].png,mls5511,mls5511,True,0,1.0000,0.992371,car
track0091[11].png,mls5511,mls5511,True,0,1.0000,0.999663,car
track0091[12].png,mls5511,mls5511,True,0,1.0000,0.999370,car
track0091[13].png,mls5511,mls5511,True,0,1.0000,0.997763,car
track0091[14].png,mls5511,mls5511,True,0,1.0000,0.729270,car
track0091[15].png,mls5511,mls5511,True,0,1.0000,0.999303,car
track0091[16].png,mls5511,mls5511,True,0,1.0000,0.998699,car
track0091[17].png,mls5511,mls5511,True,0,1.0000,0.999211,car
track0091[18].png,mls5511,mls5511,True,0,1.0000,0.999557,car
track0091[19].png,mls5511,mls5511,True,0,1.0000,0.999047,car
track0091[20].png,mls5511,mls5511,True,0,1.0000,0.998549,car
track0091[21].png,mls5511,mls5511,True,0,1.0000,0.999104,car
track0091[22].png,mls5511,mls5511,True,0,1.0000,0.995870,car
track0091[23].png,mls5511,mls5511,True,0,1.0000,0.990934,car
track0091[24].png,mls5511,mls5511,True,0,1.0000,0.995593,car
track0091[25].png,mls5511,mls5511,True,0,1.0000,0.996763,car
track0091[26].png,mls5511,mls5511,True,0,1.0000,0.570463,car
track0091[27].png,mls5511,mls5511,True,0,1.0000,0.920467,car
track0091[28].png,mls5511,mls5511,True,0,1.0000,0.891491,car
track0091[29].png,mls5511,mls5511,True,0,1.0000,0.997268,car
track0091[30].png,mls5511,mls5511,True,0,1.0000,0.986208,car
track0092[01].png,aqy6388,aqy6388,True,0,1.0000,0.999833,car
track0092[02].png,aqy6388,aqy6388,True,0,1.0000,0.999742,car
track0092[03].png,aqy6388,aqy6388,True,0,1.0000,0.999746,car
track0092[04].png,aqy6388,aqy6388,True,0,1.0000,0.999540,car
track0092[05].png,aqy6388,aqy6388,True,0,1.0000,0.999879,car
track0092[06].png,aqy6388,aqy6388,True,0,1.0000,0.999719,car
track0092[07].png,aqy6388,aqy6388,True,0,1.0000,0.999480,car
track0092[08].png,aqy6388,aqy6388,True,0,1.0000,0.999415,car
track0092[09].png,aqy6388,aqy6388,True,0,1.0000,0.999272,car
track0092[10].png,aqy6388,aqy6388,True,0,1.0000,0.999489,car
track0092[11].png,aqy6388,aqy6388,True,0,1.0000,0.999509,car
track0092[12].png,aqy6388,aqy6388,True,0,1.0000,0.999870,car
track0092[13].png,aqy6388,aqy6388,True,0,1.0000,0.999872,car
track0092[14].png,aqy6388,aqy6388,True,0,1.0000,0.999841,car
track0092[15].png,aqy6388,aqy6388,True,0,1.0000,0.999863,car
track0092[16].png,aqy6388,aqy6388,True,0,1.0000,0.999820,car
track0092[17].png,aqy6388,aqy6388,True,0,1.0000,0.999751,car
track0092[18].png,aqy6388,aqy6388,True,0,1.0000,0.999875,car
track0092[19].png,aqy6388,aqy6388,True,0,1.0000,0.999803,car
track0092[20].png,aqy6388,aqy6388,True,0,1.0000,0.999720,car
track0092[21].png,aqy6388,aqy6388,True,0,1.0000,0.999794,car
track0092[22].png,aqy6388,aqy6388,True,0,1.0000,0.999847,car
track0092[23].png,aqy6388,aqy6388,True,0,1.0000,0.999867,car
track0092[24].png,aqy6388,aqy6388,True,0,1.0000,0.999811,car
track0092[25].png,aqy6388,aqy6388,True,0,1.0000,0.999867,car
track0092[26].png,aqy6388,aqy6388,True,0,1.0000,0.999626,car
track0092[27].png,aqy6388,aqy6388,True,0,1.0000,0.999836,car
track0092[28].png,aqy6388,aqy6388,True,0,1.0000,0.999787,car
track0092[29].png,aqy6388,aqy6388,True,0,1.0000,0.999792,car
track0092[30].png,aqy6388,aqy6388,True,0,1.0000,0.999809,car
track0093[01].png,azz6958,azz6958,True,0,1.0000,0.999592,car
track0093[02].png,azz6958,azz6958,True,0,1.0000,0.999562,car
track0093[03].png,azz6958,azz6958,True,0,1.0000,0.999674,car
track0093[04].png,azz6958,azz6958,True,0,1.0000,0.999821,car
track0093[05].png,azz6958,azz6958,True,0,1.0000,0.999708,car
track0093[06].png,azz6958,azz6958,True,0,1.0000,0.996503,car
track0093[07].png,azz6958,azz6958,True,0,1.0000,0.998013,car
track0093[08].png,azz6958,azz6958,True,0,1.0000,0.999226,car
track0093[09].png,azz6958,azz6958,True,0,1.0000,0.999895,car
track0093[10].png,azz6958,azz6958,True,0,1.0000,0.999844,car
track0093[11].png,azz6958,azz6958,True,0,1.0000,0.999617,car
track0093[12].png,azz6958,azz6958,True,0,1.0000,0.999803,car
track0093[13].png,azz6958,azz6958,True,0,1.0000,0.999875,car
track0093[14].png,azz6958,azz6958,True,0,1.0000,0.999889,car
track0093[15].png,azz6958,azz6958,True,0,1.0000,0.999727,car
track0093[16].png,azz6958,azz6958,True,0,1.0000,0.999846,car
track0093[17].png,azz6958,azz6958,True,0,1.0000,0.999909,car
track0093[18].png,azz6958,azz6958,True,0,1.0000,0.999787,car
track0093[19].png,azz6958,azz6958,True,0,1.0000,0.999653,car
track0093[20].png,azz6958,azz6958,True,0,1.0000,0.997844,car
track0093[21].png,azz6958,azz6958,True,0,1.0000,0.999813,car
track0093[22].png,azz6958,azz6958,True,0,1.0000,0.999858,car
track0093[23].png,azz6958,azz6958,True,0,1.0000,0.999803,car
track0093[24].png,azz6958,azz6958,True,0,1.0000,0.999883,car
track0093[25].png,azz6958,azz6958,True,0,1.0000,0.927360,car
track0093[26].png,azz6958,azz6958,True,0,1.0000,0.999655,car
track0093[27].png,azz6958,azz6958,True,0,1.0000,0.999511,car
track0093[28].png,azz6958,azz6958,True,0,1.0000,0.999706,car
track0093[29].png,azz6958,azz6958,True,0,1.0000,0.957933,car
track0093[30].png,azz6958,azz6958,True,0,1.0000,0.984381,car
track0094[01].png,auy8870,auy8870,True,0,1.0000,0.999866,car
track0094[02].png,auy8870,auy8870,True,0,1.0000,0.999729,car
track0094[03].png,auy8870,auy8870,True,0,1.0000,0.999704,car
track0094[04].png,auy8870,auy8870,True,0,1.0000,0.999887,car
track0094[05].png,auy8870,auy8870,True,0,1.0000,0.999867,car
track0094[06].png,auy8870,auy8870,True,0,1.0000,0.999899,car
track0094[07].png,auy8870,auy8870,True,0,1.0000,0.999885,car
track0094[08].png,auy8870,auy8870,True,0,1.0000,0.999819,car
track0094[09].png,auy8870,auy8870,True,0,1.0000,0.999838,car
track0094[10].png,auy8870,auy8870,True,0,1.0000,0.999675,car
track0094[11].png,auy8870,auy8870,True,0,1.0000,0.999898,car
track0094[12].png,auy8870,auy8870,True,0,1.0000,0.999863,car
track0094[13].png,auy8870,auy8870,True,0,1.0000,0.999876,car
track0094[14].png,auy8870,auy8870,True,0,1.0000,0.995715,car
track0094[15].png,auy8870,auy8870,True,0,1.0000,0.999918,car
track0094[16].png,auy8870,auy8870,True,0,1.0000,0.999824,car
track0094[17].png,auy8870,auy8870,True,0,1.0000,0.999915,car
track0094[18].png,auy8870,auy8870,True,0,1.0000,0.999906,car
track0094[19].png,auy8870,auy8870,True,0,1.0000,0.999909,car
track0094[20].png,auy8870,auy8870,True,0,1.0000,0.999867,car
track0094[21].png,auy8870,auy8870,True,0,1.0000,0.999876,car
track0094[22].png,auy8870,auy8870,True,0,1.0000,0.999884,car
track0094[23].png,auy8870,auy8870,True,0,1.0000,0.999902,car
track0094[24].png,auy8870,auy8870,True,0,1.0000,0.999807,car
track0094[25].png,auy8870,auy8870,True,0,1.0000,0.999818,car
track0094[26].png,auy8870,auy8870,True,0,1.0000,0.999916,car
track0094[27].png,auy8870,auy8870,True,0,1.0000,0.999901,car
track0094[28].png,auy8870,auy8870,True,0,1.0000,0.999824,car
track0094[29].png,auy8870,auy8870,True,0,1.0000,0.999669,car
track0094[30].png,auy8870,auy8870,True,0,1.0000,0.999848,car
track0095[01].png,avi2214,avi2214,True,0,1.0000,0.983739,car
track0095[02].png,avi2214,avi2214,True,0,1.0000,0.814471,car
track0095[03].png,avi2214,av12214,False,1,0.8571,0.613804,car
track0095[04].png,avi2214,avi2214,True,0,1.0000,0.302360,car
track0095[05].png,avi2214,avi2214,True,0,1.0000,0.604695,car
track0095[06].png,avi2214,avi2214,True,0,1.0000,0.988464,car
track0095[07].png,avi2214,avi2214,True,0,1.0000,0.925989,car
track0095[08].png,avi2214,aii2214,False,1,0.8571,0.354739,car
track0095[09].png,avi2214,ati2214,False,1,0.8571,0.518741,car
track0095[10].png,avi2214,avi2214,True,0,1.0000,0.994707,car
track0095[11].png,avi2214,avi2214,True,0,1.0000,0.998296,car
track0095[12].png,avi2214,avi2214,True,0,1.0000,0.973892,car
track0095[13].png,avi2214,avi2214,True,0,1.0000,0.998306,car
track0095[14].png,avi2214,avi2214,True,0,1.0000,0.999471,car
track0095[15].png,avi2214,avi2214,True,0,1.0000,0.990616,car
track0095[16].png,avi2214,avi2214,True,0,1.0000,0.737594,car
track0095[17].png,avi2214,avi2214,True,0,1.0000,0.576531,car
track0095[18].png,avi2214,avi2214,True,0,1.0000,0.705987,car
track0095[19].png,avi2214,avi2214,True,0,1.0000,0.959774,car
track0095[20].png,avi2214,avi2214,True,0,1.0000,0.969134,car
track0095[21].png,avi2214,avi2214,True,0,1.0000,0.907543,car
track0095[22].png,avi2214,avi2214,True,0,1.0000,0.822408,car
track0095[23].png,avi2214,avi2214,True,0,1.0000,0.972407,car
track0095[24].png,avi2214,ati2214,False,1,0.8571,0.632527,car
track0095[25].png,avi2214,avi2214,True,0,1.0000,0.998425,car
track0095[26].png,avi2214,avi2214,True,0,1.0000,0.999652,car
track0095[27].png,avi2214,avi2214,True,0,1.0000,0.999563,car
track0095[28].png,avi2214,avi2214,True,0,1.0000,0.999578,car
track0095[29].png,avi2214,avi2214,True,0,1.0000,0.997537,car
track0095[30].png,avi2214,avi2214,True,0,1.0000,0.998708,car
track0096[01].png,awx9307,awx9307,True,0,1.0000,0.999801,car
track0096[02].png,awx9307,awx9307,True,0,1.0000,0.999740,car
track0096[03].png,awx9307,awx9307,True,0,1.0000,0.999915,car
track0096[04].png,awx9307,awx9307,True,0,1.0000,0.999933,car
track0096[05].png,awx9307,awx9307,True,0,1.0000,0.999839,car
track0096[06].png,awx9307,awx9307,True,0,1.0000,0.999908,car
track0096[07].png,awx9307,awx9307,True,0,1.0000,0.999610,car
track0096[08].png,awx9307,awx9307,True,0,1.0000,0.999896,car
track0096[09].png,awx9307,awx9307,True,0,1.0000,0.999936,car
track0096[10].png,awx9307,awx9307,True,0,1.0000,0.999689,car
track0096[11].png,awx9307,awx9307,True,0,1.0000,0.999713,car
track0096[12].png,awx9307,awx9307,True,0,1.0000,0.999782,car
track0096[13].png,awx9307,awx9307,True,0,1.0000,0.997535,car
track0096[14].png,awx9307,awx9307,True,0,1.0000,0.999835,car
track0096[15].png,awx9307,awx9307,True,0,1.0000,0.999648,car
track0096[16].png,awx9307,awx9307,True,0,1.0000,0.999769,car
track0096[17].png,awx9307,awx9307,True,0,1.0000,0.999814,car
track0096[18].png,awx9307,awx9307,True,0,1.0000,0.999811,car
track0096[19].png,awx9307,awx9307,True,0,1.0000,0.999882,car
track0096[20].png,awx9307,awx9307,True,0,1.0000,0.999745,car
track0096[21].png,awx9307,awx9307,True,0,1.0000,0.999928,car
track0096[22].png,awx9307,awx9307,True,0,1.0000,0.999894,car
track0096[23].png,awx9307,awx9307,True,0,1.0000,0.999931,car
track0096[24].png,awx9307,awx9307,True,0,1.0000,0.999941,car
track0096[25].png,awx9307,awx9307,True,0,1.0000,0.999938,car
track0096[26].png,awx9307,awx9307,True,0,1.0000,0.999963,car
track0096[27].png,awx9307,awx9307,True,0,1.0000,0.999845,car
track0096[28].png,awx9307,awx9307,True,0,1.0000,0.999871,car
track0096[29].png,awx9307,awx9307,True,0,1.0000,0.999936,car
track0096[30].png,awx9307,awx9307,True,0,1.0000,0.999931,car
track0097[01].png,ayp7941,ayp7941,True,0,1.0000,0.891369,motorcycle
track0097[02].png,ayp7941,ayp7941,True,0,1.0000,0.977059,motorcycle
track0097[03].png,ayp7941,ayp7941,True,0,1.0000,0.883237,motorcycle
track0097[04].png,ayp7941,ayp7941,True,0,1.0000,0.311717,motorcycle
track0097[05].png,ayp7941,ayp7941,True,0,1.0000,0.967739,motorcycle
track0097[06].png,ayp7941,ayp7941,True,0,1.0000,0.370940,motorcycle
track0097[07].png,ayp7941,ayp7941,True,0,1.0000,0.542719,motorcycle
track0097[08].png,ayp7941,ayp7941,True,0,1.0000,0.890791,motorcycle
track0097[09].png,ayp7941,ayp7941,True,0,1.0000,0.955316,motorcycle
track0097[10].png,ayp7941,ayp7941,True,0,1.0000,0.953952,motorcycle
track0097[11].png,ayp7941,ayp7941,True,0,1.0000,0.926065,motorcycle
track0097[12].png,ayp7941,ayp7841,False,1,0.8571,0.581335,motorcycle
track0097[13].png,ayp7941,ayp7841,False,1,0.8571,0.817444,motorcycle
track0097[14].png,ayp7941,ayp7941,True,0,1.0000,0.858835,motorcycle
track0097[15].png,ayp7941,ayp7841,False,1,0.8571,0.826174,motorcycle
track0097[16].png,ayp7941,ayp7941,True,0,1.0000,0.933001,motorcycle
track0097[17].png,ayp7941,ayp7941,True,0,1.0000,0.934254,motorcycle
track0097[18].png,ayp7941,ayp7941,True,0,1.0000,0.968421,motorcycle
track0097[19].png,ayp7941,myp7841,False,2,0.7143,0.393932,motorcycle
track0097[20].png,ayp7941,mpp7941,False,2,0.7143,0.439812,motorcycle
track0097[21].png,ayp7941,ayp7941,True,0,1.0000,0.797531,motorcycle
track0097[22].png,ayp7941,ayp7941,True,0,1.0000,0.963840,motorcycle
track0097[23].png,ayp7941,myp7941,False,1,0.8571,0.603843,motorcycle
track0097[24].png,ayp7941,myp9941,False,2,0.7143,0.823554,motorcycle
track0097[25].png,ayp7941,myp9941,False,2,0.7143,0.582254,motorcycle
track0097[26].png,ayp7941,ayp7941,True,0,1.0000,0.388435,motorcycle
track0097[27].png,ayp7941,myp7941,False,1,0.8571,0.873191,motorcycle
track0097[28].png,ayp7941,ayp7841,False,1,0.8571,0.660357,motorcycle
track0097[29].png,ayp7941,myp7941,False,1,0.8571,0.336968,motorcycle
track0097[30].png,ayp7941,ayp7941,True,0,1.0000,0.985167,motorcycle
track0098[01].png,asz9457,asz9457,True,0,1.0000,0.958559,car
track0098[02].png,asz9457,asz9457,True,0,1.0000,0.991492,car
track0098[03].png,asz9457,asz9457,True,0,1.0000,0.889139,car
track0098[04].png,asz9457,asz9457,True,0,1.0000,0.987992,car
track0098[05].png,asz9457,asz9457,True,0,1.0000,0.996205,car
track0098[06].png,asz9457,asz9457,True,0,1.0000,0.991895,car
track0098[07].png,asz9457,asz9457,True,0,1.0000,0.654188,car
track0098[08].png,asz9457,asz9457,True,0,1.0000,0.984460,car
track0098[09].png,asz9457,asz9457,True,0,1.0000,0.972055,car
track0098[10].png,asz9457,asz9457,True,0,1.0000,0.985725,car
track0098[11].png,asz9457,asz9457,True,0,1.0000,0.967511,car
track0098[12].png,asz9457,asz9457,True,0,1.0000,0.991094,car
track0098[13].png,asz9457,asz9457,True,0,1.0000,0.936613,car
track0098[14].png,asz9457,asz9457,True,0,1.0000,0.982289,car
track0098[15].png,asz9457,asz9457,True,0,1.0000,0.944477,car
track0098[16].png,asz9457,asz9457,True,0,1.0000,0.993459,car
track0098[17].png,asz9457,asz9457,True,0,1.0000,0.954593,car
track0098[18].png,asz9457,asz9467,False,1,0.8571,0.557541,car
track0098[19].png,asz9457,asz9457,True,0,1.0000,0.998958,car
track0098[20].png,asz9457,asz9457,True,0,1.0000,0.996212,car
track0098[21].png,asz9457,asz9457,True,0,1.0000,0.998647,car
track0098[22].png,asz9457,asz9457,True,0,1.0000,0.998074,car
track0098[23].png,asz9457,asz9457,True,0,1.0000,0.995848,car
track0098[24].png,asz9457,asz9457,True,0,1.0000,0.997238,car
track0098[25].png,asz9457,asz9457,True,0,1.0000,0.998676,car
track0098[26].png,asz9457,asz9457,True,0,1.0000,0.998076,car
track0098[27].png,asz9457,asz9457,True,0,1.0000,0.997273,car
track0098[28].png,asz9457,asz9457,True,0,1.0000,0.999331,car
track0098[29].png,asz9457,asz9457,True,0,1.0000,0.999342,car
track0098[30].png,asz9457,asz9457,True,0,1.0000,0.997735,car
track0099[01].png,ape4685,ape4685,True,0,1.0000,0.987684,car
track0099[02].png,ape4685,ape4685,True,0,1.0000,0.863545,car
track0099[03].png,ape4685,ape4685,True,0,1.0000,0.998228,car
track0099[04].png,ape4685,ape4685,True,0,1.0000,0.998681,car
track0099[05].png,ape4685,ape4685,True,0,1.0000,0.999079,car
track0099[06].png,ape4685,ape4685,True,0,1.0000,0.994963,car
track0099[07].png,ape4685,ape4685,True,0,1.0000,0.998635,car
track0099[08].png,ape4685,ape4685,True,0,1.0000,0.998217,car
track0099[09].png,ape4685,ape4685,True,0,1.0000,0.999570,car
track0099[10].png,ape4685,ape4685,True,0,1.0000,0.993561,car
track0099[11].png,ape4685,ape4685,True,0,1.0000,0.995911,car
track0099[12].png,ape4685,ape4685,True,0,1.0000,0.993785,car
track0099[13].png,ape4685,ape4685,True,0,1.0000,0.999221,car
track0099[14].png,ape4685,ape4685,True,0,1.0000,0.999418,car
track0099[15].png,ape4685,ape4685,True,0,1.0000,0.999551,car
track0099[16].png,ape4685,ape4685,True,0,1.0000,0.999352,car
track0099[17].png,ape4685,ape4685,True,0,1.0000,0.991261,car
track0099[18].png,ape4685,ape4685,True,0,1.0000,0.979832,car
track0099[19].png,ape4685,ape4685,True,0,1.0000,0.994801,car
track0099[20].png,ape4685,ape4685,True,0,1.0000,0.999583,car
track0099[21].png,ape4685,ape4685,True,0,1.0000,0.999363,car
track0099[22].png,ape4685,ape4685,True,0,1.0000,0.998915,car
track0099[23].png,ape4685,ape4685,True,0,1.0000,0.992019,car
track0099[24].png,ape4685,ape4685,True,0,1.0000,0.995264,car
track0099[25].png,ape4685,ape4685,True,0,1.0000,0.987725,car
track0099[26].png,ape4685,ape4685,True,0,1.0000,0.998950,car
track0099[27].png,ape4685,ape4685,True,0,1.0000,0.999559,car
track0099[28].png,ape4685,ape4685,True,0,1.0000,0.985737,car
track0099[29].png,ape4685,ape4685,True,0,1.0000,0.997356,car
track0099[30].png,ape4685,ape4685,True,0,1.0000,0.996602,car
track0100[01].png,isk7086,psk7086,False,1,0.8571,0.527647,car
track0100[02].png,isk7086,isk7086,True,0,1.0000,0.536437,car
track0100[03].png,isk7086,isk7085,False,1,0.8571,0.924082,car
track0100[04].png,isk7086,isk7086,True,0,1.0000,0.993923,car
track0100[05].png,isk7086,isk7086,True,0,1.0000,0.910233,car
track0100[06].png,isk7086,isk7086,True,0,1.0000,0.990193,car
track0100[07].png,isk7086,isk7086,True,0,1.0000,0.761708,car
track0100[08].png,isk7086,isk7086,True,0,1.0000,0.972234,car
track0100[09].png,isk7086,isk7086,True,0,1.0000,0.997967,car
track0100[10].png,isk7086,isk7086,True,0,1.0000,0.990145,car
track0100[11].png,isk7086,isk7086,True,0,1.0000,0.998472,car
track0100[12].png,isk7086,isk7086,True,0,1.0000,0.999666,car
track0100[13].png,isk7086,isk7086,True,0,1.0000,0.993515,car
track0100[14].png,isk7086,isk7086,True,0,1.0000,0.839128,car
track0100[15].png,isk7086,isk7086,True,0,1.0000,0.992866,car
track0100[16].png,isk7086,isk7086,True,0,1.0000,0.982623,car
track0100[17].png,isk7086,isk7086,True,0,1.0000,0.936496,car
track0100[18].png,isk7086,isk7086,True,0,1.0000,0.966838,car
track0100[19].png,isk7086,isk7086,True,0,1.0000,0.859570,car
track0100[20].png,isk7086,isk7086,True,0,1.0000,0.666697,car
track0100[21].png,isk7086,isk7086,True,0,1.0000,0.963203,car
track0100[22].png,isk7086,isk7086,True,0,1.0000,0.990995,car
track0100[23].png,isk7086,isk7086,True,0,1.0000,0.998559,car
track0100[24].png,isk7086,isk7086,True,0,1.0000,0.997641,car
track0100[25].png,isk7086,isk7086,True,0,1.0000,0.996419,car
track0100[26].png,isk7086,isk7086,True,0,1.0000,0.922017,car
track0100[27].png,isk7086,isk7086,True,0,1.0000,0.987814,car
track0100[28].png,isk7086,isk7086,True,0,1.0000,0.997397,car
track0100[29].png,isk7086,isk7086,True,0,1.0000,0.830393,car
track0100[30].png,isk7086,isk7086,True,0,1.0000,0.998803,car
track0101[01].png,amr2189,amr2189,True,0,1.0000,0.931234,car
track0101[02].png,amr2189,amr2189,True,0,1.0000,0.921795,car
track0101[03].png,amr2189,amr2189,True,0,1.0000,0.887800,car
track0101[04].png,amr2189,amr2189,True,0,1.0000,0.923985,car
track0101[05].png,amr2189,amr2189,True,0,1.0000,0.805920,car
track0101[06].png,amr2189,arr2189,False,1,0.8571,0.526515,car
track0101[07].png,amr2189,amr2189,True,0,1.0000,0.992425,car
track0101[08].png,amr2189,amr2189,True,0,1.0000,0.904067,car
track0101[09].png,amr2189,amr2189,True,0,1.0000,0.946460,car
track0101[10].png,amr2189,awr2189,False,1,0.8571,0.531915,car
track0101[11].png,amr2189,amr2189,True,0,1.0000,0.722265,car
track0101[12].png,amr2189,amr2189,True,0,1.0000,0.872740,car
track0101[13].png,amr2189,amr2189,True,0,1.0000,0.595356,car
track0101[14].png,amr2189,amr2189,True,0,1.0000,0.858114,car
track0101[15].png,amr2189,awr2189,False,1,0.8571,0.445944,car
track0101[16].png,amr2189,amr2189,True,0,1.0000,0.712670,car
track0101[17].png,amr2189,awr2189,False,1,0.8571,0.525578,car
track0101[18].png,amr2189,amr2189,True,0,1.0000,0.879267,car
track0101[19].png,amr2189,amr2189,True,0,1.0000,0.957772,car
track0101[20].png,amr2189,arr2189,False,1,0.8571,0.854763,car
track0101[21].png,amr2189,amr2189,True,0,1.0000,0.826239,car
track0101[22].png,amr2189,amr2189,True,0,1.0000,0.979935,car
track0101[23].png,amr2189,amr2189,True,0,1.0000,0.951681,car
track0101[24].png,amr2189,amr2189,True,0,1.0000,0.998769,car
track0101[25].png,amr2189,amr2189,True,0,1.0000,0.980797,car
track0101[26].png,amr2189,amr2189,True,0,1.0000,0.738210,car
track0101[27].png,amr2189,amr2189,True,0,1.0000,0.974655,car
track0101[28].png,amr2189,jwr2189,False,2,0.7143,0.157357,car
track0101[29].png,amr2189,amr2189,True,0,1.0000,0.926877,car
track0101[30].png,amr2189,amr2189,True,0,1.0000,0.945466,car
track0102[01].png,ahb1989,ahb1989,True,0,1.0000,0.999078,car
track0102[02].png,ahb1989,ahb1989,True,0,1.0000,0.995900,car
track0102[03].png,ahb1989,ahb1989,True,0,1.0000,0.993638,car
track0102[04].png,ahb1989,ahb1989,True,0,1.0000,0.993983,car
track0102[05].png,ahb1989,ahb1989,True,0,1.0000,0.991917,car
track0102[06].png,ahb1989,ahb1989,True,0,1.0000,0.817398,car
track0102[07].png,ahb1989,ahb1989,True,0,1.0000,0.860752,car
track0102[08].png,ahb1989,ahb1989,True,0,1.0000,0.885877,car
track0102[09].png,ahb1989,ahb1989,True,0,1.0000,0.556766,car
track0102[10].png,ahb1989,ahb1989,True,0,1.0000,0.993106,car
track0102[11].png,ahb1989,ahb1989,True,0,1.0000,0.994996,car
track0102[12].png,ahb1989,ahb1989,True,0,1.0000,0.996581,car
track0102[13].png,ahb1989,ahb1989,True,0,1.0000,0.996293,car
track0102[14].png,ahb1989,ahb1989,True,0,1.0000,0.999516,car
track0102[15].png,ahb1989,ahb1989,True,0,1.0000,0.997795,car
track0102[16].png,ahb1989,ahb1989,True,0,1.0000,0.996761,car
track0102[17].png,ahb1989,ahb1989,True,0,1.0000,0.999048,car
track0102[18].png,ahb1989,ahb1989,True,0,1.0000,0.999550,car
track0102[19].png,ahb1989,ahb1989,True,0,1.0000,0.999757,car
track0102[20].png,ahb1989,ahb1989,True,0,1.0000,0.999075,car
track0102[21].png,ahb1989,ahb1989,True,0,1.0000,0.999741,car
track0102[22].png,ahb1989,ahb1989,True,0,1.0000,0.998245,car
track0102[23].png,ahb1989,ahb1989,True,0,1.0000,0.998523,car
track0102[24].png,ahb1989,ah81989,False,1,0.8571,0.719727,car
track0102[25].png,ahb1989,ahb1989,True,0,1.0000,0.999220,car
track0102[26].png,ahb1989,ahb1989,True,0,1.0000,0.996267,car
track0102[27].png,ahb1989,ahb1989,True,0,1.0000,0.997309,car
track0102[28].png,ahb1989,ahb1989,True,0,1.0000,0.936212,car
track0102[29].png,ahb1989,ahb1989,True,0,1.0000,0.999593,car
track0102[30].png,ahb1989,ahb1989,True,0,1.0000,0.992101,car
track0103[01].png,bcs4525,bcs4525,True,0,1.0000,0.999856,car
track0103[02].png,bcs4525,bcs4525,True,0,1.0000,0.999705,car
track0103[03].png,bcs4525,bcs4525,True,0,1.0000,0.999859,car
track0103[04].png,bcs4525,bcs4525,True,0,1.0000,0.997353,car
track0103[05].png,bcs4525,bcs4525,True,0,1.0000,0.999433,car
track0103[06].png,bcs4525,bcs4525,True,0,1.0000,0.999758,car
track0103[07].png,bcs4525,bcs4525,True,0,1.0000,0.998735,car
track0103[08].png,bcs4525,bcs4525,True,0,1.0000,0.996770,car
track0103[09].png,bcs4525,bcs4525,True,0,1.0000,0.998155,car
track0103[10].png,bcs4525,bcs4525,True,0,1.0000,0.997975,car
track0103[11].png,bcs4525,bcs4525,True,0,1.0000,0.999851,car
track0103[12].png,bcs4525,bcs4525,True,0,1.0000,0.999041,car
track0103[13].png,bcs4525,bcs4525,True,0,1.0000,0.997340,car
track0103[14].png,bcs4525,bcs4525,True,0,1.0000,0.999894,car
track0103[15].png,bcs4525,bcs4525,True,0,1.0000,0.999951,car
track0103[16].png,bcs4525,bcs4525,True,0,1.0000,0.999690,car
track0103[17].png,bcs4525,bcs4525,True,0,1.0000,0.999126,car
track0103[18].png,bcs4525,bcs4525,True,0,1.0000,0.999484,car
track0103[19].png,bcs4525,bcs4525,True,0,1.0000,0.999263,car
track0103[20].png,bcs4525,bcs4525,True,0,1.0000,0.998526,car
track0103[21].png,bcs4525,bcs4525,True,0,1.0000,0.999957,car
track0103[22].png,bcs4525,bcs4525,True,0,1.0000,0.997883,car
track0103[23].png,bcs4525,bcs4525,True,0,1.0000,0.998785,car
track0103[24].png,bcs4525,bcs4525,True,0,1.0000,0.996578,car
track0103[25].png,bcs4525,bc54525,False,1,0.8571,0.559678,car
track0103[26].png,bcs4525,bcs4525,True,0,1.0000,0.984514,car
track0103[27].png,bcs4525,bcs4525,True,0,1.0000,0.995824,car
track0103[28].png,bcs4525,bcs4525,True,0,1.0000,0.998584,car
track0103[29].png,bcs4525,bcs4525,True,0,1.0000,0.995333,car
track0103[30].png,bcs4525,bcs4525,True,0,1.0000,0.998407,car
track0104[01].png,apl0100,apl0100,True,0,1.0000,0.996837,car
track0104[02].png,apl0100,apl0100,True,0,1.0000,0.996999,car
track0104[03].png,apl0100,apl0100,True,0,1.0000,0.986168,car
track0104[04].png,apl0100,apl0100,True,0,1.0000,0.996671,car
track0104[05].png,apl0100,apl0100,True,0,1.0000,0.585056,car
track0104[06].png,apl0100,apl0108,False,1,0.8571,0.708736,car
track0104[07].png,apl0100,apl0102,False,1,0.8571,0.323235,car
track0104[08].png,apl0100,apl0100,True,0,1.0000,0.677435,car
track0104[09].png,apl0100,apl0100,True,0,1.0000,0.974751,car
track0104[10].png,apl0100,apl0100,True,0,1.0000,0.881116,car
track0104[11].png,apl0100,apl0100,True,0,1.0000,0.998584,car
track0104[12].png,apl0100,apl0100,True,0,1.0000,0.995582,car
track0104[13].png,apl0100,apl0100,True,0,1.0000,0.994081,car
track0104[14].png,apl0100,apl0100,True,0,1.0000,0.998644,car
track0104[15].png,apl0100,apl0100,True,0,1.0000,0.998618,car
track0104[16].png,apl0100,apl0100,True,0,1.0000,0.999587,car
track0104[17].png,apl0100,apl0100,True,0,1.0000,0.994073,car
track0104[18].png,apl0100,apl0100,True,0,1.0000,0.996958,car
track0104[19].png,apl0100,apl0100,True,0,1.0000,0.998900,car
track0104[20].png,apl0100,apl0100,True,0,1.0000,0.995603,car
track0104[21].png,apl0100,apl0100,True,0,1.0000,0.998482,car
track0104[22].png,apl0100,apl0100,True,0,1.0000,0.989808,car
track0104[23].png,apl0100,apl0100,True,0,1.0000,0.987292,car
track0104[24].png,apl0100,apl0100,True,0,1.0000,0.996009,car
track0104[25].png,apl0100,apl0100,True,0,1.0000,0.988958,car
track0104[26].png,apl0100,apl0100,True,0,1.0000,0.997616,car
track0104[27].png,apl0100,apl0100,True,0,1.0000,0.911408,car
track0104[28].png,apl0100,apl0100,True,0,1.0000,0.999273,car
track0104[29].png,apl0100,apl0100,True,0,1.0000,0.998380,car
track0104[30].png,apl0100,apl0100,True,0,1.0000,0.999152,car
track0105[01].png,aek0977,aek9777,False,2,0.7143,0.538040,motorcycle
track0105[02].png,aek0977,aek9777,False,2,0.7143,0.315493,motorcycle
track0105[03].png,aek0977,aek0977,True,0,1.0000,0.420877,motorcycle
track0105[04].png,aek0977,qek0777,False,2,0.7143,0.343655,motorcycle
track0105[05].png,aek0977,aek0777,False,1,0.8571,0.577808,motorcycle
track0105[06].png,aek0977,tek0977,False,1,0.8571,0.663731,motorcycle
track0105[07].png,aek0977,tek0777,False,2,0.7143,0.446167,motorcycle
track0105[08].png,aek0977,aek9777,False,2,0.7143,0.345837,motorcycle
track0105[09].png,aek0977,aek0777,False,1,0.8571,0.508306,motorcycle
track0105[10].png,aek0977,aek9777,False,2,0.7143,0.690054,motorcycle
track0105[11].png,aek0977,aek0777,False,1,0.8571,0.390790,motorcycle
track0105[12].png,aek0977,aek9977,False,1,0.8571,0.395372,motorcycle
track0105[13].png,aek0977,aek0777,False,1,0.8571,0.650933,motorcycle
track0105[14].png,aek0977,aek9777,False,2,0.7143,0.662360,motorcycle
track0105[15].png,aek0977,aek0777,False,1,0.8571,0.445917,motorcycle
track0105[16].png,aek0977,aek0777,False,1,0.8571,0.770408,motorcycle
track0105[17].png,aek0977,aek0777,False,1,0.8571,0.470106,motorcycle
track0105[18].png,aek0977,aek0777,False,1,0.8571,0.455128,motorcycle
track0105[19].png,aek0977,aek0777,False,1,0.8571,0.661668,motorcycle
track0105[20].png,aek0977,aek0777,False,1,0.8571,0.470452,motorcycle
track0105[21].png,aek0977,aek0777,False,1,0.8571,0.732873,motorcycle
track0105[22].png,aek0977,aek0777,False,1,0.8571,0.438043,motorcycle
track0105[23].png,aek0977,aek9777,False,2,0.7143,0.360284,motorcycle
track0105[24].png,aek0977,aek0777,False,1,0.8571,0.257886,motorcycle
track0105[25].png,aek0977,tek0977,False,1,0.8571,0.556555,motorcycle
track0105[26].png,aek0977,aek0777,False,1,0.8571,0.509420,motorcycle
track0105[27].png,aek0977,sek0977,False,1,0.8571,0.305808,motorcycle
track0105[28].png,aek0977,aek9777,False,2,0.7143,0.152084,motorcycle
track0105[29].png,aek0977,aek9977,False,1,0.8571,0.549507,motorcycle
track0105[30].png,aek0977,sek9977,False,2,0.7143,0.739488,motorcycle
track0106[01].png,abn8528,abn8528,True,0,1.0000,0.999819,car
track0106[02].png,abn8528,abn8528,True,0,1.0000,0.996714,car
track0106[03].png,abn8528,abn8528,True,0,1.0000,0.999176,car
track0106[04].png,abn8528,abn8528,True,0,1.0000,0.999675,car
track0106[05].png,abn8528,abn8528,True,0,1.0000,0.996015,car
track0106[06].png,abn8528,abn8528,True,0,1.0000,0.996346,car
track0106[07].png,abn8528,abn8528,True,0,1.0000,0.998901,car
track0106[08].png,abn8528,abn8528,True,0,1.0000,0.999771,car
track0106[09].png,abn8528,abn8528,True,0,1.0000,0.999767,car
track0106[10].png,abn8528,abn8528,True,0,1.0000,0.999220,car
track0106[11].png,abn8528,abn8528,True,0,1.0000,0.997838,car
track0106[12].png,abn8528,abn858,False,1,0.8571,0.887381,car
track0106[13].png,abn8528,abn8528,True,0,1.0000,0.999131,car
track0106[14].png,abn8528,abn8528,True,0,1.0000,0.998352,car
track0106[15].png,abn8528,abn8528,True,0,1.0000,0.999658,car
track0106[16].png,abn8528,abn8528,True,0,1.0000,0.999435,car
track0106[17].png,abn8528,abn8528,True,0,1.0000,0.999870,car
track0106[18].png,abn8528,abn8528,True,0,1.0000,0.999691,car
track0106[19].png,abn8528,abn8528,True,0,1.0000,0.998707,car
track0106[20].png,abn8528,abn852,False,1,0.8571,0.436353,car
track0106[21].png,abn8528,abn8528,True,0,1.0000,0.991896,car
track0106[22].png,abn8528,abn8528,True,0,1.0000,0.999816,car
track0106[23].png,abn8528,abn8528,True,0,1.0000,0.996911,car
track0106[24].png,abn8528,abn8528,True,0,1.0000,0.999233,car
track0106[25].png,abn8528,abn8528,True,0,1.0000,0.999399,car
track0106[26].png,abn8528,abn8528,True,0,1.0000,0.999793,car
track0106[27].png,abn8528,abn8528,True,0,1.0000,0.999253,car
track0106[28].png,abn8528,abn8528,True,0,1.0000,0.997543,car
track0106[29].png,abn8528,abn8528,True,0,1.0000,0.999558,car
track0106[30].png,abn8528,abn8528,True,0,1.0000,0.998541,car
track0107[01].png,mjo0862,mjo0862,True,0,1.0000,0.861241,car
track0107[02].png,mjo0862,mjd0862,False,1,0.8571,0.856471,car
track0107[03].png,mjo0862,mjd0862,False,1,0.8571,0.972344,car
track0107[04].png,mjo0862,mjd0862,False,1,0.8571,0.898934,car
track0107[05].png,mjo0862,mjo0862,True,0,1.0000,0.987598,car
track0107[06].png,mjo0862,mjo0862,True,0,1.0000,0.573627,car
track0107[07].png,mjo0862,mjo0862,True,0,1.0000,0.919760,car
track0107[08].png,mjo0862,mjd0862,False,1,0.8571,0.999381,car
track0107[09].png,mjo0862,mjd0862,False,1,0.8571,0.999193,car
track0107[10].png,mjo0862,mjd0862,False,1,0.8571,0.999669,car
track0107[11].png,mjo0862,mjd0862,False,1,0.8571,0.994789,car
track0107[12].png,mjo0862,mjd0862,False,1,0.8571,0.999919,car
track0107[13].png,mjo0862,mjd0862,False,1,0.8571,0.999793,car
track0107[14].png,mjo0862,mjd0862,False,1,0.8571,0.999868,car
track0107[15].png,mjo0862,mjd0862,False,1,0.8571,0.999880,car
track0107[16].png,mjo0862,mjd0862,False,1,0.8571,0.999913,car
track0107[17].png,mjo0862,mjd0862,False,1,0.8571,0.999879,car
track0107[18].png,mjo0862,mjd0862,False,1,0.8571,0.999520,car
track0107[19].png,mjo0862,mjd0862,False,1,0.8571,0.999664,car
track0107[20].png,mjo0862,mjd0862,False,1,0.8571,0.989849,car
track0107[21].png,mjo0862,mjd0862,False,1,0.8571,0.979573,car
track0107[22].png,mjo0862,mjd0862,False,1,0.8571,0.995990,car
track0107[23].png,mjo0862,mjd0862,False,1,0.8571,0.997561,car
track0107[24].png,mjo0862,mjd0862,False,1,0.8571,0.584473,car
track0107[25].png,mjo0862,mjo0862,True,0,1.0000,0.785212,car
track0107[26].png,mjo0862,mjo0862,True,0,1.0000,0.742328,car
track0107[27].png,mjo0862,mjo0862,True,0,1.0000,0.915619,car
track0107[28].png,mjo0862,mjo0862,True,0,1.0000,0.597578,car
track0107[29].png,mjo0862,mjd0862,False,1,0.8571,0.999100,car
track0107[30].png,mjo0862,mjd0862,False,1,0.8571,0.999863,car
track0108[01].png,ary9308,ary9308,True,0,1.0000,0.867038,car
track0108[02].png,ary9308,ary9308,True,0,1.0000,0.999787,car
track0108[03].png,ary9308,ary9308,True,0,1.0000,0.974446,car
track0108[04].png,ary9308,ary9308,True,0,1.0000,0.999851,car
track0108[05].png,ary9308,ary9308,True,0,1.0000,0.999849,car
track0108[06].png,ary9308,ary9308,True,0,1.0000,0.999791,car
track0108[07].png,ary9308,ary9308,True,0,1.0000,0.999826,car
track0108[08].png,ary9308,ary9308,True,0,1.0000,0.999807,car
track0108[09].png,ary9308,ary9308,True,0,1.0000,0.999779,car
track0108[10].png,ary9308,ary9308,True,0,1.0000,0.999346,car
track0108[11].png,ary9308,ary9308,True,0,1.0000,0.999405,car
track0108[12].png,ary9308,ary9308,True,0,1.0000,0.999072,car
track0108[13].png,ary9308,ary9308,True,0,1.0000,0.999688,car
track0108[14].png,ary9308,ary9308,True,0,1.0000,0.999592,car
track0108[15].png,ary9308,ary9308,True,0,1.0000,0.999644,car
track0108[16].png,ary9308,ary9308,True,0,1.0000,0.995942,car
track0108[17].png,ary9308,ary9308,True,0,1.0000,0.997944,car
track0108[18].png,ary9308,ary9308,True,0,1.0000,0.998636,car
track0108[19].png,ary9308,ary9308,True,0,1.0000,0.998922,car
track0108[20].png,ary9308,ary9308,True,0,1.0000,0.999431,car
track0108[21].png,ary9308,ary9308,True,0,1.0000,0.999760,car
track0108[22].png,ary9308,ary9308,True,0,1.0000,0.999273,car
track0108[23].png,ary9308,ary9308,True,0,1.0000,0.999497,car
track0108[24].png,ary9308,ary9308,True,0,1.0000,0.998995,car
track0108[25].png,ary9308,ary9308,True,0,1.0000,0.999641,car
track0108[26].png,ary9308,ary9308,True,0,1.0000,0.999740,car
track0108[27].png,ary9308,ary9308,True,0,1.0000,0.999633,car
track0108[28].png,ary9308,ary9308,True,0,1.0000,0.999449,car
track0108[29].png,ary9308,ary9308,True,0,1.0000,0.999664,car
track0108[30].png,ary9308,ary9308,True,0,1.0000,0.999510,car
track0109[01].png,awz7648,awz7648,True,0,1.0000,0.968366,motorcycle
track0109[02].png,awz7648,awz7648,True,0,1.0000,0.984202,motorcycle
track0109[03].png,awz7648,awz7648,True,0,1.0000,0.990429,motorcycle
track0109[04].png,awz7648,awz7648,True,0,1.0000,0.556280,motorcycle
track0109[05].png,awz7648,awz7648,True,0,1.0000,0.994461,motorcycle
track0109[06].png,awz7648,awz7648,True,0,1.0000,0.952361,motorcycle
track0109[07].png,awz7648,awz7648,True,0,1.0000,0.921756,motorcycle
track0109[08].png,awz7648,awz7648,True,0,1.0000,0.988534,motorcycle
track0109[09].png,awz7648,awz7648,True,0,1.0000,0.922359,motorcycle
track0109[10].png,awz7648,awz7648,True,0,1.0000,0.989897,motorcycle
track0109[11].png,awz7648,awz7648,True,0,1.0000,0.992546,motorcycle
track0109[12].png,awz7648,awz7648,True,0,1.0000,0.744749,motorcycle
track0109[13].png,awz7648,awz7648,True,0,1.0000,0.851114,motorcycle
track0109[14].png,awz7648,awz7648,True,0,1.0000,0.994015,motorcycle
track0109[15].png,awz7648,awz7648,True,0,1.0000,0.982849,motorcycle
track0109[16].png,awz7648,awz7648,True,0,1.0000,0.920403,motorcycle
track0109[17].png,awz7648,awz7648,True,0,1.0000,0.845268,motorcycle
track0109[18].png,awz7648,awz7648,True,0,1.0000,0.971092,motorcycle
track0109[19].png,awz7648,awz7648,True,0,1.0000,0.974343,motorcycle
track0109[20].png,awz7648,awz7649,False,1,0.8571,0.440013,motorcycle
track0109[21].png,awz7648,awz7648,True,0,1.0000,0.991080,motorcycle
track0109[22].png,awz7648,awz7648,True,0,1.0000,0.884488,motorcycle
track0109[23].png,awz7648,awz7640,False,1,0.8571,0.647876,motorcycle
track0109[24].png,awz7648,awz7640,False,1,0.8571,0.739680,motorcycle
track0109[25].png,awz7648,awz7640,False,1,0.8571,0.596157,motorcycle
track0109[26].png,awz7648,awz7648,True,0,1.0000,0.953708,motorcycle
track0109[27].png,awz7648,awz7640,False,1,0.8571,0.943530,motorcycle
track0109[28].png,awz7648,awz7648,True,0,1.0000,0.990623,motorcycle
track0109[29].png,awz7648,awz7640,False,1,0.8571,0.752919,motorcycle
track0109[30].png,awz7648,awz7648,True,0,1.0000,0.985217,motorcycle
track0110[01].png,bbo8514,bb88514,False,1,0.8571,0.657897,motorcycle
track0110[02].png,bbo8514,bbo8514,True,0,1.0000,0.916184,motorcycle
track0110[03].png,bbo8514,bbo8514,True,0,1.0000,0.869081,motorcycle
track0110[04].png,bbo8514,bb88514,False,1,0.8571,0.506531,motorcycle
track0110[05].png,bbo8514,bbo8514,True,0,1.0000,0.971453,motorcycle
track0110[06].png,bbo8514,bbo8514,True,0,1.0000,0.870579,motorcycle
track0110[07].png,bbo8514,bbo8514,True,0,1.0000,0.983459,motorcycle
track0110[08].png,bbo8514,bbo8514,True,0,1.0000,0.991746,motorcycle
track0110[09].png,bbo8514,bbo8514,True,0,1.0000,0.978442,motorcycle
track0110[10].png,bbo8514,bbo8514,True,0,1.0000,0.982404,motorcycle
track0110[11].png,bbo8514,bbo8514,True,0,1.0000,0.869502,motorcycle
track0110[12].png,bbo8514,bbo8514,True,0,1.0000,0.981868,motorcycle
track0110[13].png,bbo8514,bbo8514,True,0,1.0000,0.926510,motorcycle
track0110[14].png,bbo8514,bbo8514,True,0,1.0000,0.857981,motorcycle
track0110[15].png,bbo8514,bbo8514,True,0,1.0000,0.984653,motorcycle
track0110[16].png,bbo8514,bbo8514,True,0,1.0000,0.984264,motorcycle
track0110[17].png,bbo8514,bbo8514,True,0,1.0000,0.975178,motorcycle
track0110[18].png,bbo8514,bbo8514,True,0,1.0000,0.874401,motorcycle
track0110[19].png,bbo8514,bbo8514,True,0,1.0000,0.916143,motorcycle
track0110[20].png,bbo8514,bbo8514,True,0,1.0000,0.639284,motorcycle
track0110[21].png,bbo8514,bbo8514,True,0,1.0000,0.864258,motorcycle
track0110[22].png,bbo8514,bbo8514,True,0,1.0000,0.973781,motorcycle
track0110[23].png,bbo8514,bbo8514,True,0,1.0000,0.971730,motorcycle
track0110[24].png,bbo8514,bbo8514,True,0,1.0000,0.968876,motorcycle
track0110[25].png,bbo8514,bbo8514,True,0,1.0000,0.866653,motorcycle
track0110[26].png,bbo8514,bbo8514,True,0,1.0000,0.967346,motorcycle
track0110[27].png,bbo8514,bbo8514,True,0,1.0000,0.984749,motorcycle
track0110[28].png,bbo8514,bbo8514,True,0,1.0000,0.971251,motorcycle
track0110[29].png,bbo8514,bbo8514,True,0,1.0000,0.799947,motorcycle
track0110[30].png,bbo8514,bbo8514,True,0,1.0000,0.857449,motorcycle
track0111[01].png,aiq1056,atq1105,False,3,0.5714,0.303872,car
track0111[02].png,aiq1056,atq4056,False,2,0.7143,0.594620,car
track0111[03].png,aiq1056,atq1056,False,1,0.8571,0.955872,car
track0111[04].png,aiq1056,atq1156,False,2,0.7143,0.616630,car
track0111[05].png,aiq1056,atq1056,False,1,0.8571,0.767635,car
track0111[06].png,aiq1056,atq1056,False,1,0.8571,0.935742,car
track0111[07].png,aiq1056,atq1056,False,1,0.8571,0.789646,car
track0111[08].png,aiq1056,atq1056,False,1,0.8571,0.602371,car
track0111[09].png,aiq1056,atq1056,False,1,0.8571,0.870488,car
track0111[10].png,aiq1056,atq1056,False,1,0.8571,0.872781,car
track0111[11].png,aiq1056,a1q1056,False,1,0.8571,0.478799,car
track0111[12].png,aiq1056,atq1056,False,1,0.8571,0.807781,car
track0111[13].png,aiq1056,aiq1056,True,0,1.0000,0.858897,car
track0111[14].png,aiq1056,a7q1056,False,1,0.8571,0.445196,car
track0111[15].png,aiq1056,atq1056,False,1,0.8571,0.690065,car
track0111[16].png,aiq1056,atq1056,False,1,0.8571,0.807915,car
track0111[17].png,aiq1056,a1q1056,False,1,0.8571,0.323420,car
track0111[18].png,aiq1056,atq1056,False,1,0.8571,0.600434,car
track0111[19].png,aiq1056,atq1056,False,1,0.8571,0.800762,car
track0111[20].png,aiq1056,a1q1156,False,2,0.7143,0.322200,car
track0111[21].png,aiq1056,a1q1056,False,1,0.8571,0.603432,car
track0111[22].png,aiq1056,aqq1056,False,1,0.8571,0.554246,car
track0111[23].png,aiq1056,a7q1056,False,1,0.8571,0.445949,car
track0111[24].png,aiq1056,aqq1056,False,1,0.8571,0.415783,car
track0111[25].png,aiq1056,atq1056,False,1,0.8571,0.472319,car
track0111[26].png,aiq1056,atq1056,False,1,0.8571,0.289125,car
track0111[27].png,aiq1056,atq1056,False,1,0.8571,0.348570,car
track0111[28].png,aiq1056,atq1056,False,1,0.8571,0.315120,car
track0111[29].png,aiq1056,atq1056,False,1,0.8571,0.468936,car
track0111[30].png,aiq1056,atq1056,False,1,0.8571,0.451973,car
track0112[01].png,apd4389,apd4389,True,0,1.0000,0.999789,car
track0112[02].png,apd4389,apd4389,True,0,1.0000,0.999923,car
track0112[03].png,apd4389,apd4389,True,0,1.0000,0.999893,car
track0112[04].png,apd4389,apd4389,True,0,1.0000,0.999893,car
track0112[05].png,apd4389,apd4389,True,0,1.0000,0.999812,car
track0112[06].png,apd4389,apd4389,True,0,1.0000,0.999844,car
track0112[07].png,apd4389,apd4389,True,0,1.0000,0.999935,car
track0112[08].png,apd4389,apd4389,True,0,1.0000,0.999750,car
track0112[09].png,apd4389,apd4389,True,0,1.0000,0.999958,car
track0112[10].png,apd4389,apd4389,True,0,1.0000,0.999735,car
track0112[11].png,apd4389,apd4389,True,0,1.0000,0.999878,car
track0112[12].png,apd4389,apd4389,True,0,1.0000,0.990906,car
track0112[13].png,apd4389,apd4389,True,0,1.0000,0.994210,car
track0112[14].png,apd4389,apd4389,True,0,1.0000,0.999728,car
track0112[15].png,apd4389,apd4389,True,0,1.0000,0.993674,car
track0112[16].png,apd4389,apd4389,True,0,1.0000,0.994799,car
track0112[17].png,apd4389,apd4389,True,0,1.0000,0.999607,car
track0112[18].png,apd4389,apd4389,True,0,1.0000,0.999865,car
track0112[19].png,apd4389,apd4389,True,0,1.0000,0.999938,car
track0112[20].png,apd4389,apd4389,True,0,1.0000,0.999963,car
track0112[21].png,apd4389,apd4389,True,0,1.0000,0.999906,car
track0112[22].png,apd4389,apd4389,True,0,1.0000,0.999162,car
track0112[23].png,apd4389,apd4389,True,0,1.0000,0.999865,car
track0112[24].png,apd4389,apd4389,True,0,1.0000,0.999881,car
track0112[25].png,apd4389,apd4389,True,0,1.0000,0.999884,car
track0112[26].png,apd4389,apd4389,True,0,1.0000,0.999859,car
track0112[27].png,apd4389,apd4389,True,0,1.0000,0.999680,car
track0112[28].png,apd4389,apd4389,True,0,1.0000,0.999845,car
track0112[29].png,apd4389,apd4389,True,0,1.0000,0.998790,car
track0112[30].png,apd4389,apo4389,False,1,0.8571,0.999478,car
track0113[01].png,pwc3858,pwc3858,True,0,1.0000,0.999592,car
track0113[02].png,pwc3858,pwc3858,True,0,1.0000,0.995318,car
track0113[03].png,pwc3858,pwc3858,True,0,1.0000,0.961292,car
track0113[04].png,pwc3858,pwc3858,True,0,1.0000,0.999877,car
track0113[05].png,pwc3858,pwc3858,True,0,1.0000,0.999612,car
track0113[06].png,pwc3858,pwc3858,True,0,1.0000,0.998405,car
track0113[07].png,pwc3858,pwc3858,True,0,1.0000,0.999675,car
track0113[08].png,pwc3858,pwc3858,True,0,1.0000,0.997667,car
track0113[09].png,pwc3858,pwc3858,True,0,1.0000,0.951732,car
track0113[10].png,pwc3858,pwc3858,True,0,1.0000,0.998417,car
track0113[11].png,pwc3858,pwc3858,True,0,1.0000,0.953478,car
track0113[12].png,pwc3858,pwc3858,True,0,1.0000,0.994728,car
track0113[13].png,pwc3858,pwc3858,True,0,1.0000,0.996140,car
track0113[14].png,pwc3858,pwc3858,True,0,1.0000,0.997686,car
track0113[15].png,pwc3858,pwc3858,True,0,1.0000,0.999601,car
track0113[16].png,pwc3858,pwc3858,True,0,1.0000,0.999447,car
track0113[17].png,pwc3858,pwc3858,True,0,1.0000,0.999600,car
track0113[18].png,pwc3858,pwc3858,True,0,1.0000,0.999632,car
track0113[19].png,pwc3858,pwc3858,True,0,1.0000,0.999600,car
track0113[20].png,pwc3858,pwc3858,True,0,1.0000,0.998666,car
track0113[21].png,pwc3858,pwc3858,True,0,1.0000,0.999747,car
track0113[22].png,pwc3858,pwc3858,True,0,1.0000,0.998979,car
track0113[23].png,pwc3858,pwc3858,True,0,1.0000,0.997899,car
track0113[24].png,pwc3858,pwc3858,True,0,1.0000,0.999918,car
track0113[25].png,pwc3858,pwc3858,True,0,1.0000,0.999924,car
track0113[26].png,pwc3858,pwc3858,True,0,1.0000,0.999893,car
track0113[27].png,pwc3858,pwc3858,True,0,1.0000,0.999862,car
track0113[28].png,pwc3858,pwc3858,True,0,1.0000,0.999875,car
track0113[29].png,pwc3858,pwc3858,True,0,1.0000,0.998794,car
track0113[30].png,pwc3858,pwc3858,True,0,1.0000,0.999179,car
track0114[01].png,asf5742,asf5742,True,0,1.0000,0.999820,car
track0114[02].png,asf5742,asf5742,True,0,1.0000,0.993963,car
track0114[03].png,asf5742,msf5742,False,1,0.8571,0.601009,car
track0114[04].png,asf5742,asf5742,True,0,1.0000,0.991802,car
track0114[05].png,asf5742,asf5742,True,0,1.0000,0.997528,car
track0114[06].png,asf5742,asf5742,True,0,1.0000,0.998869,car
track0114[07].png,asf5742,asf5742,True,0,1.0000,0.999195,car
track0114[08].png,asf5742,asf5742,True,0,1.0000,0.995732,car
track0114[09].png,asf5742,asf5742,True,0,1.0000,0.996976,car
track0114[10].png,asf5742,asf5742,True,0,1.0000,0.998204,car
track0114[11].png,asf5742,asf5742,True,0,1.0000,0.997369,car
track0114[12].png,asf5742,asf5742,True,0,1.0000,0.999708,car
track0114[13].png,asf5742,asf5742,True,0,1.0000,0.999886,car
track0114[14].png,asf5742,asf5742,True,0,1.0000,0.999838,car
track0114[15].png,asf5742,asf5742,True,0,1.0000,0.999724,car
track0114[16].png,asf5742,asf5742,True,0,1.0000,0.999823,car
track0114[17].png,asf5742,asf5742,True,0,1.0000,0.996007,car
track0114[18].png,asf5742,asf5742,True,0,1.0000,0.998951,car
track0114[19].png,asf5742,asf5742,True,0,1.0000,0.998897,car
track0114[20].png,asf5742,asf5742,True,0,1.0000,0.983461,car
track0114[21].png,asf5742,asf5742,True,0,1.0000,0.994893,car
track0114[22].png,asf5742,asf5742,True,0,1.0000,0.968590,car
track0114[23].png,asf5742,asf5742,True,0,1.0000,0.929679,car
track0114[24].png,asf5742,asj5742,False,1,0.8571,0.378556,car
track0114[25].png,asf5742,asf5742,True,0,1.0000,0.998567,car
track0114[26].png,asf5742,isf5742,False,1,0.8571,0.686515,car
track0114[27].png,asf5742,qsf5742,False,1,0.8571,0.219357,car
track0114[28].png,asf5742,asf4742,False,1,0.8571,0.751121,car
track0114[29].png,asf5742,osf1742,False,2,0.7143,0.300238,car
track0114[30].png,asf5742,asf5742,True,0,1.0000,0.561394,car
track0115[01].png,cbb1894,cbb1894,True,0,1.0000,0.999671,car
track0115[02].png,cbb1894,cbb1894,True,0,1.0000,0.999740,car
track0115[03].png,cbb1894,cbb1894,True,0,1.0000,0.999909,car
track0115[04].png,cbb1894,cbb1894,True,0,1.0000,0.999856,car
track0115[05].png,cbb1894,cbb1894,True,0,1.0000,0.999814,car
track0115[06].png,cbb1894,cbb1894,True,0,1.0000,0.997879,car
track0115[07].png,cbb1894,cbb1894,True,0,1.0000,0.998856,car
track0115[08].png,cbb1894,cbb1894,True,0,1.0000,0.993193,car
track0115[09].png,cbb1894,cbb1894,True,0,1.0000,0.901009,car
track0115[10].png,cbb1894,c8b1894,False,1,0.8571,0.782309,car
track0115[11].png,cbb1894,cbb1894,True,0,1.0000,0.999605,car
track0115[12].png,cbb1894,cbb1894,True,0,1.0000,0.999205,car
track0115[13].png,cbb1894,cbb1894,True,0,1.0000,0.782869,car
track0115[14].png,cbb1894,c8b1894,False,1,0.8571,0.472980,car
track0115[15].png,cbb1894,c8b1894,False,1,0.8571,0.870100,car
track0115[16].png,cbb1894,c8b1894,False,1,0.8571,0.957066,car
track0115[17].png,cbb1894,cbb1894,True,0,1.0000,0.715163,car
track0115[18].png,cbb1894,c881894,False,2,0.7143,0.747179,car
track0115[19].png,cbb1894,cbb1894,True,0,1.0000,0.998567,car
track0115[20].png,cbb1894,cbb1894,True,0,1.0000,0.861871,car
track0115[21].png,cbb1894,cbb1894,True,0,1.0000,0.981736,car
track0115[22].png,cbb1894,cbb1894,True,0,1.0000,0.934632,car
track0115[23].png,cbb1894,cb81894,False,1,0.8571,0.965259,car
track0115[24].png,cbb1894,cbb1894,True,0,1.0000,0.995783,car
track0115[25].png,cbb1894,cbb1894,True,0,1.0000,0.989421,car
track0115[26].png,cbb1894,c881894,False,2,0.7143,0.988151,car
track0115[27].png,cbb1894,cbb1894,True,0,1.0000,0.962018,car
track0115[28].png,cbb1894,c881894,False,2,0.7143,0.798743,car
track0115[29].png,cbb1894,crb1894,False,1,0.8571,0.769198,car
track0115[30].png,cbb1894,cbb1894,True,0,1.0000,0.619406,car
track0116[01].png,pyp1906,pyp1906,True,0,1.0000,0.999914,car
track0116[02].png,pyp1906,pyp1906,True,0,1.0000,0.999802,car
track0116[03].png,pyp1906,pyp1906,True,0,1.0000,0.999833,car
track0116[04].png,pyp1906,pyp1906,True,0,1.0000,0.999923,car
track0116[05].png,pyp1906,pyp1906,True,0,1.0000,0.999937,car
track0116[06].png,pyp1906,pyp1906,True,0,1.0000,0.999266,car
track0116[07].png,pyp1906,pyp1906,True,0,1.0000,0.999495,car
track0116[08].png,pyp1906,pyp1906,True,0,1.0000,0.999862,car
track0116[09].png,pyp1906,pyp1906,True,0,1.0000,0.999351,car
track0116[10].png,pyp1906,pyp1906,True,0,1.0000,0.999773,car
track0116[11].png,pyp1906,pyp1906,True,0,1.0000,0.999340,car
track0116[12].png,pyp1906,pyp1906,True,0,1.0000,0.999810,car
track0116[13].png,pyp1906,pyp1906,True,0,1.0000,0.999905,car
track0116[14].png,pyp1906,pyp1906,True,0,1.0000,0.999787,car
track0116[15].png,pyp1906,pyp1906,True,0,1.0000,0.999897,car
track0116[16].png,pyp1906,pyp1906,True,0,1.0000,0.999926,car
track0116[17].png,pyp1906,pyp1906,True,0,1.0000,0.999827,car
track0116[18].png,pyp1906,pyp1906,True,0,1.0000,0.998502,car
track0116[19].png,pyp1906,pyp1906,True,0,1.0000,0.999891,car
track0116[20].png,pyp1906,pyp1906,True,0,1.0000,0.999863,car
track0116[21].png,pyp1906,pyp1906,True,0,1.0000,0.999842,car
track0116[22].png,pyp1906,pyp1906,True,0,1.0000,0.999858,car
track0116[23].png,pyp1906,pyp1906,True,0,1.0000,0.997832,car
track0116[24].png,pyp1906,pyp1906,True,0,1.0000,0.999796,car
track0116[25].png,pyp1906,pyp1906,True,0,1.0000,0.999099,car
track0116[26].png,pyp1906,pyp1906,True,0,1.0000,0.999753,car
track0116[27].png,pyp1906,pyp1906,True,0,1.0000,0.999921,car
track0116[28].png,pyp1906,pyp1906,True,0,1.0000,0.999889,car
track0116[29].png,pyp1906,pyp1906,True,0,1.0000,0.999872,car
track0116[30].png,pyp1906,pyp1906,True,0,1.0000,0.999906,car
track0117[01].png,aye1896,aye1896,True,0,1.0000,0.999502,car
track0117[02].png,aye1896,aye1896,True,0,1.0000,0.999812,car
track0117[03].png,aye1896,aye1896,True,0,1.0000,0.999911,car
track0117[04].png,aye1896,aye1896,True,0,1.0000,0.999005,car
track0117[05].png,aye1896,aye1896,True,0,1.0000,0.999364,car
track0117[06].png,aye1896,aye1896,True,0,1.0000,0.997931,car
track0117[07].png,aye1896,aye1896,True,0,1.0000,0.999739,car
track0117[08].png,aye1896,aye1896,True,0,1.0000,0.999826,car
track0117[09].png,aye1896,aye1896,True,0,1.0000,0.997580,car
track0117[10].png,aye1896,aye1896,True,0,1.0000,0.999823,car
track0117[11].png,aye1896,aye1896,True,0,1.0000,0.998353,car
track0117[12].png,aye1896,aye1896,True,0,1.0000,0.998435,car
track0117[13].png,aye1896,aye1896,True,0,1.0000,0.999890,car
track0117[14].png,aye1896,aye1896,True,0,1.0000,0.993613,car
track0117[15].png,aye1896,aye1896,True,0,1.0000,0.999391,car
track0117[16].png,aye1896,aye1896,True,0,1.0000,0.999334,car
track0117[17].png,aye1896,aye1896,True,0,1.0000,0.999747,car
track0117[18].png,aye1896,aye1896,True,0,1.0000,0.999074,car
track0117[19].png,aye1896,aye1896,True,0,1.0000,0.999850,car
track0117[20].png,aye1896,aye1896,True,0,1.0000,0.999317,car
track0117[21].png,aye1896,aye1896,True,0,1.0000,0.999766,car
track0117[22].png,aye1896,aye1896,True,0,1.0000,0.999556,car
track0117[23].png,aye1896,aye1896,True,0,1.0000,0.998974,car
track0117[24].png,aye1896,aye1896,True,0,1.0000,0.942957,car
track0117[25].png,aye1896,aye1896,True,0,1.0000,0.982225,car
track0117[26].png,aye1896,aye1896,True,0,1.0000,0.897740,car
track0117[27].png,aye1896,aye1896,True,0,1.0000,0.999424,car
track0117[28].png,aye1896,aye1896,True,0,1.0000,0.999751,car
track0117[29].png,aye1896,aye1896,True,0,1.0000,0.997284,car
track0117[30].png,aye1896,aye1896,True,0,1.0000,0.999876,car
track0118[01].png,awl4456,awl4456,True,0,1.0000,0.998148,car
track0118[02].png,awl4456,awl4456,True,0,1.0000,0.999848,car
track0118[03].png,awl4456,awl4456,True,0,1.0000,0.999692,car
track0118[04].png,awl4456,awl4456,True,0,1.0000,0.999854,car
track0118[05].png,awl4456,awl4456,True,0,1.0000,0.997925,car
track0118[06].png,awl4456,awl4456,True,0,1.0000,0.999844,car
track0118[07].png,awl4456,awl4456,True,0,1.0000,0.999532,car
track0118[08].png,awl4456,awl4456,True,0,1.0000,0.996845,car
track0118[09].png,awl4456,awl4456,True,0,1.0000,0.999652,car
track0118[10].png,awl4456,awl445,False,1,0.8571,0.982928,car
track0118[11].png,awl4456,awl4456,True,0,1.0000,0.999640,car
track0118[12].png,awl4456,awl4456,True,0,1.0000,0.998092,car
track0118[13].png,awl4456,awl4456,True,0,1.0000,0.999848,car
track0118[14].png,awl4456,awl4456,True,0,1.0000,0.998779,car
track0118[15].png,awl4456,awl4456,True,0,1.0000,0.999905,car
track0118[16].png,awl4456,awl4456,True,0,1.0000,0.998106,car
track0118[17].png,awl4456,awl4456,True,0,1.0000,0.643489,car
track0118[18].png,awl4456,awl4456,True,0,1.0000,0.999754,car
track0118[19].png,awl4456,awl4456,True,0,1.0000,0.966571,car
track0118[20].png,awl4456,awl4456,True,0,1.0000,0.999260,car
track0118[21].png,awl4456,awl4456,True,0,1.0000,0.998693,car
track0118[22].png,awl4456,awl4456,True,0,1.0000,0.977920,car
track0118[23].png,awl4456,awl4456,True,0,1.0000,0.999865,car
track0118[24].png,awl4456,awl4456,True,0,1.0000,0.999803,car
track0118[25].png,awl4456,awl4456,True,0,1.0000,0.999355,car
track0118[26].png,awl4456,awl4456,True,0,1.0000,0.999854,car
track0118[27].png,awl4456,awl4456,True,0,1.0000,0.999884,car
track0118[28].png,awl4456,awl4456,True,0,1.0000,0.999910,car
track0118[29].png,awl4456,awl4456,True,0,1.0000,0.969538,car
track0118[30].png,awl4456,awl4456,True,0,1.0000,0.999402,car
track0119[01].png,ioz3616,ioz3616,True,0,1.0000,0.851607,car
track0119[02].png,ioz3616,ioz3616,True,0,1.0000,0.702115,car
track0119[03].png,ioz3616,ioz3616,True,0,1.0000,0.892295,car
track0119[04].png,ioz3616,ioz3616,True,0,1.0000,0.825786,car
track0119[05].png,ioz3616,ioz3616,True,0,1.0000,0.639959,car
track0119[06].png,ioz3616,ioz3616,True,0,1.0000,0.638585,car
track0119[07].png,ioz3616,ioz3616,True,0,1.0000,0.948497,car
track0119[08].png,ioz3616,ioz3616,True,0,1.0000,0.817701,car
track0119[09].png,ioz3616,ioz3616,True,0,1.0000,0.685054,car
track0119[10].png,ioz3616,ioz3616,True,0,1.0000,0.957717,car
track0119[11].png,ioz3616,ioz3616,True,0,1.0000,0.809162,car
track0119[12].png,ioz3616,ioz3616,True,0,1.0000,0.819853,car
track0119[13].png,ioz3616,ioz3616,True,0,1.0000,0.774930,car
track0119[14].png,ioz3616,ioz3616,True,0,1.0000,0.647187,car
track0119[15].png,ioz3616,ioz3616,True,0,1.0000,0.675242,car
track0119[16].png,ioz3616,ioz3616,True,0,1.0000,0.955914,car
track0119[17].png,ioz3616,ioz3616,True,0,1.0000,0.706962,car
track0119[18].png,ioz3616,ioz3616,True,0,1.0000,0.937898,car
track0119[19].png,ioz3616,idz3616,False,1,0.8571,0.451876,car
track0119[20].png,ioz3616,ioz3616,True,0,1.0000,0.943465,car
track0119[21].png,ioz3616,ioz3616,True,0,1.0000,0.910042,car
track0119[22].png,ioz3616,ioz3616,True,0,1.0000,0.865967,car
track0119[23].png,ioz3616,ioz3616,True,0,1.0000,0.949224,car
track0119[24].png,ioz3616,ioz3616,True,0,1.0000,0.882126,car
track0119[25].png,ioz3616,ioz3616,True,0,1.0000,0.899850,car
track0119[26].png,ioz3616,ioz3616,True,0,1.0000,0.951767,car
track0119[27].png,ioz3616,ioz3616,True,0,1.0000,0.913831,car
track0119[28].png,ioz3616,ioz3616,True,0,1.0000,0.699966,car
track0119[29].png,ioz3616,ioz3616,True,0,1.0000,0.899965,car
track0119[30].png,ioz3616,ioz3616,True,0,1.0000,0.680254,car
track0120[01].png,bcj9595,bcj9595,True,0,1.0000,0.996962,car
track0120[02].png,bcj9595,boj9595,False,1,0.8571,0.991044,car
track0120[03].png,bcj9595,8cj9595,False,1,0.8571,0.258608,car
track0120[04].png,bcj9595,bcj9595,True,0,1.0000,0.452999,car
track0120[05].png,bcj9595,bdj9595,False,1,0.8571,0.471666,car
track0120[06].png,bcj9595,bcj9595,True,0,1.0000,0.973045,car
track0120[07].png,bcj9595,bcj9595,True,0,1.0000,0.859881,car
track0120[08].png,bcj9595,bcj9595,True,0,1.0000,0.999210,car
track0120[09].png,bcj9595,bcj9595,True,0,1.0000,0.999830,car
track0120[10].png,bcj9595,bcj9595,True,0,1.0000,0.999830,car
track0120[11].png,bcj9595,bcj9595,True,0,1.0000,0.962784,car
track0120[12].png,bcj9595,bcj9595,True,0,1.0000,0.608532,car
track0120[13].png,bcj9595,bcj9595,True,0,1.0000,0.937555,car
track0120[14].png,bcj9595,bcj9595,True,0,1.0000,0.999697,car
track0120[15].png,bcj9595,bcj9595,True,0,1.0000,0.994247,car
track0120[16].png,bcj9595,bcj9595,True,0,1.0000,0.999447,car
track0120[17].png,bcj9595,bcj9595,True,0,1.0000,0.999796,car
track0120[18].png,bcj9595,bcj9595,True,0,1.0000,0.999856,car
track0120[19].png,bcj9595,bcj9595,True,0,1.0000,0.999559,car
track0120[20].png,bcj9595,bcj9595,True,0,1.0000,0.999586,car
track0120[21].png,bcj9595,bcj9595,True,0,1.0000,0.999888,car
track0120[22].png,bcj9595,bcj9595,True,0,1.0000,0.961538,car
track0120[23].png,bcj9595,bcj9595,True,0,1.0000,0.969305,car
track0120[24].png,bcj9595,bcj9595,True,0,1.0000,0.999157,car
track0120[25].png,bcj9595,bcj9595,True,0,1.0000,0.994894,car
track0120[26].png,bcj9595,bcj9595,True,0,1.0000,0.999909,car
track0120[27].png,bcj9595,bcj9595,True,0,1.0000,0.999903,car
track0120[28].png,bcj9595,bcj9595,True,0,1.0000,0.999880,car
track0120[29].png,bcj9595,bcj9595,True,0,1.0000,0.999925,car
track0120[30].png,bcj9595,bcj9595,True,0,1.0000,0.954883,car
track0121[01].png,azu3476,azu3476,True,0,1.0000,0.988001,car
track0121[02].png,azu3476,azu3476,True,0,1.0000,0.995429,car
track0121[03].png,azu3476,azu3476,True,0,1.0000,0.931984,car
track0121[04].png,azu3476,azu3476,True,0,1.0000,0.964071,car
track0121[05].png,azu3476,azu3476,True,0,1.0000,0.987254,car
track0121[06].png,azu3476,azu3476,True,0,1.0000,0.991509,car
track0121[07].png,azu3476,azu3476,True,0,1.0000,0.926214,car
track0121[08].png,azu3476,azu3476,True,0,1.0000,0.599816,car
track0121[09].png,azu3476,azu3476,True,0,1.0000,0.974958,car
track0121[10].png,azu3476,azu3476,True,0,1.0000,0.983019,car
track0121[11].png,azu3476,azu3476,True,0,1.0000,0.676797,car
track0121[12].png,azu3476,azu3476,True,0,1.0000,0.371800,car
track0121[13].png,azu3476,azu3476,True,0,1.0000,0.959373,car
track0121[14].png,azu3476,azu3476,True,0,1.0000,0.987843,car
track0121[15].png,azu3476,azu3476,True,0,1.0000,0.959735,car
track0121[16].png,azu3476,azu3476,True,0,1.0000,0.202494,car
track0121[17].png,azu3476,azu3476,True,0,1.0000,0.994547,car
track0121[18].png,azu3476,azu3476,True,0,1.0000,0.998315,car
track0121[19].png,azu3476,azu3476,True,0,1.0000,0.683645,car
track0121[20].png,azu3476,azu3476,True,0,1.0000,0.991313,car
track0121[21].png,azu3476,azu3476,True,0,1.0000,0.904198,car
track0121[22].png,azu3476,azu3476,True,0,1.0000,0.998554,car
track0121[23].png,azu3476,azu3476,True,0,1.0000,0.945915,car
track0121[24].png,azu3476,azu3476,True,0,1.0000,0.996413,car
track0121[25].png,azu3476,azu3476,True,0,1.0000,0.997338,car
track0121[26].png,azu3476,azu3476,True,0,1.0000,0.984126,car
track0121[27].png,azu3476,azu3476,True,0,1.0000,0.998943,car
track0121[28].png,azu3476,azu3476,True,0,1.0000,0.998879,car
track0121[29].png,azu3476,azu3476,True,0,1.0000,0.994625,car
track0121[30].png,azu3476,azu3476,True,0,1.0000,0.991020,car
track0122[01].png,mca9954,mca9954,True,0,1.0000,0.970055,motorcycle
track0122[02].png,mca9954,mca995,False,1,0.8571,0.929530,motorcycle
track0122[03].png,mca9954,mcs995,False,2,0.7143,0.452327,motorcycle
track0122[04].png,mca9954,mca995,False,1,0.8571,0.996222,motorcycle
track0122[05].png,mca9954,mca995,False,1,0.8571,0.992106,motorcycle
track0122[06].png,mca9954,mca995,False,1,0.8571,0.974518,motorcycle
track0122[07].png,mca9954,mca995,False,1,0.8571,0.949988,motorcycle
track0122[08].png,mca9954,mca995,False,1,0.8571,0.992543,motorcycle
track0122[09].png,mca9954,mca995,False,1,0.8571,0.729102,motorcycle
track0122[10].png,mca9954,mca995,False,1,0.8571,0.675631,motorcycle
track0122[11].png,mca9954,mcs995,False,2,0.7143,0.373687,motorcycle
track0122[12].png,mca9954,mca995,False,1,0.8571,0.994728,motorcycle
track0122[13].png,mca9954,mca995,False,1,0.8571,0.990469,motorcycle
track0122[14].png,mca9954,mca9954,True,0,1.0000,0.554627,motorcycle
track0122[15].png,mca9954,mca9954,True,0,1.0000,0.967245,motorcycle
track0122[16].png,mca9954,mca995,False,1,0.8571,0.777524,motorcycle
track0122[17].png,mca9954,mca9954,True,0,1.0000,0.960533,motorcycle
track0122[18].png,mca9954,mca9954,True,0,1.0000,0.981440,motorcycle
track0122[19].png,mca9954,mca9954,True,0,1.0000,0.976769,motorcycle
track0122[20].png,mca9954,mca9954,True,0,1.0000,0.607407,motorcycle
track0122[21].png,mca9954,mca9954,True,0,1.0000,0.950327,motorcycle
track0122[22].png,mca9954,mca9954,True,0,1.0000,0.963042,motorcycle
track0122[23].png,mca9954,mca995,False,1,0.8571,0.952845,motorcycle
track0122[24].png,mca9954,mca9954,True,0,1.0000,0.978952,motorcycle
track0122[25].png,mca9954,mca9954,True,0,1.0000,0.988291,motorcycle
track0122[26].png,mca9954,mca9954,True,0,1.0000,0.927279,motorcycle
track0122[27].png,mca9954,mca9954,True,0,1.0000,0.991740,motorcycle
track0122[28].png,mca9954,mca9954,True,0,1.0000,0.976817,motorcycle
track0122[29].png,mca9954,mca9954,True,0,1.0000,0.932725,motorcycle
track0122[30].png,mca9954,mca9954,True,0,1.0000,0.988771,motorcycle
track0123[01].png,asg9143,asg9143,True,0,1.0000,0.670583,motorcycle
track0123[02].png,asg9143,qp80141,False,5,0.2857,0.149534,motorcycle
track0123[03].png,asg9143,msq414,False,4,0.4286,0.468980,motorcycle
track0123[04].png,asg9143,asq9143,False,1,0.8571,0.477961,motorcycle
track0123[05].png,asg9143,asq9143,False,1,0.8571,0.734858,motorcycle
track0123[06].png,asg9143,msq9145,False,3,0.5714,0.200739,motorcycle
track0123[07].png,asg9143,asq0143,False,2,0.7143,0.521049,motorcycle
track0123[08].png,asg9143,asg0153,False,2,0.7143,0.277866,motorcycle
track0123[09].png,asg9143,asq9145,False,2,0.7143,0.330346,motorcycle
track0123[10].png,asg9143,msg9153,False,2,0.7143,0.365500,motorcycle
track0123[11].png,asg9143,osg9153,False,2,0.7143,0.509952,motorcycle
track0123[12].png,asg9143,asg9143,True,0,1.0000,0.835634,motorcycle
track0123[13].png,asg9143,asg9143,True,0,1.0000,0.911133,motorcycle
track0123[14].png,asg9143,asg9143,True,0,1.0000,0.796055,motorcycle
track0123[15].png,asg9143,asg9143,True,0,1.0000,0.624099,motorcycle
track0123[16].png,asg9143,asg9143,True,0,1.0000,0.917006,motorcycle
track0123[17].png,asg9143,asg9143,True,0,1.0000,0.576718,motorcycle
track0123[18].png,asg9143,asg9143,True,0,1.0000,0.973630,motorcycle
track0123[19].png,asg9143,asd9143,False,1,0.8571,0.492367,motorcycle
track0123[20].png,asg9143,asg9143,True,0,1.0000,0.773405,motorcycle
track0123[21].png,asg9143,asg914,False,1,0.8571,0.799573,motorcycle
track0123[22].png,asg9143,asg9143,True,0,1.0000,0.701072,motorcycle
track0123[23].png,asg9143,asg9143,True,0,1.0000,0.664583,motorcycle
track0123[24].png,asg9143,asg9143,True,0,1.0000,0.525270,motorcycle
track0123[25].png,asg9143,asq9153,False,2,0.7143,0.320180,motorcycle
track0123[26].png,asg9143,asg9143,True,0,1.0000,0.479119,motorcycle
track0123[27].png,asg9143,asq9143,False,1,0.8571,0.694168,motorcycle
track0123[28].png,asg9143,asq9143,False,1,0.8571,0.341057,motorcycle
track0123[29].png,asg9143,as89143,False,1,0.8571,0.261774,motorcycle
track0123[30].png,asg9143,asq9145,False,2,0.7143,0.287188,motorcycle
track0124[01].png,maw3186,mawa186,False,1,0.8571,0.169902,car
track0124[02].png,maw3186,man4186,False,2,0.7143,0.774886,car
track0124[03].png,maw3186,man3186,False,1,0.8571,0.111412,car
track0124[04].png,maw3186,man1186,False,2,0.7143,0.595023,car
track0124[05].png,maw3186,maw3186,True,0,1.0000,0.516575,car
track0124[06].png,maw3186,maw1186,False,1,0.8571,0.610630,car
track0124[07].png,maw3186,maw3186,True,0,1.0000,0.892682,car
track0124[08].png,maw3186,maw3186,True,0,1.0000,0.903864,car
track0124[09].png,maw3186,maw31b6,False,1,0.8571,0.336726,car
track0124[10].png,maw3186,maw3186,True,0,1.0000,0.586707,car
track0124[11].png,maw3186,maw3186,True,0,1.0000,0.951035,car
track0124[12].png,maw3186,maw5186,False,1,0.8571,0.930543,car
track0124[13].png,maw3186,maw5186,False,1,0.8571,0.664167,car
track0124[14].png,maw3186,maw3186,True,0,1.0000,0.425128,car
track0124[15].png,maw3186,maw3186,True,0,1.0000,0.414075,car
track0124[16].png,maw3186,maw31e6,False,1,0.8571,0.365554,car
track0124[17].png,maw3186,maw51b6,False,2,0.7143,0.275473,car
track0124[18].png,maw3186,maw51b6,False,2,0.7143,0.349316,car
track0124[19].png,maw3186,maw11b6,False,2,0.7143,0.180110,car
track0124[20].png,maw3186,maw1186,False,1,0.8571,0.638834,car
track0124[21].png,maw3186,maw3186,True,0,1.0000,0.505244,car
track0124[22].png,maw3186,maw3186,True,0,1.0000,0.935213,car
track0124[23].png,maw3186,maw3186,True,0,1.0000,0.923806,car
track0124[24].png,maw3186,maw3186,True,0,1.0000,0.909429,car
track0124[25].png,maw3186,maw3186,True,0,1.0000,0.922122,car
track0124[26].png,maw3186,maw3186,True,0,1.0000,0.944171,car
track0124[27].png,maw3186,maw3186,True,0,1.0000,0.985532,car
track0124[28].png,maw3186,maw3186,True,0,1.0000,0.576732,car
track0124[29].png,maw3186,maw3186,True,0,1.0000,0.971951,car
track0124[30].png,maw3186,maw3186,True,0,1.0000,0.870622,car
track0125[01].png,ayb1489,ayb1489,True,0,1.0000,0.999790,car
track0125[02].png,ayb1489,ayb1489,True,0,1.0000,0.999829,car
track0125[03].png,ayb1489,ayb1489,True,0,1.0000,0.999771,car
track0125[04].png,ayb1489,ayb1489,True,0,1.0000,0.999054,car
track0125[05].png,ayb1489,ayb1489,True,0,1.0000,0.999647,car
track0125[06].png,ayb1489,ayb1489,True,0,1.0000,0.999757,car
track0125[07].png,ayb1489,ayb1489,True,0,1.0000,0.999738,car
track0125[08].png,ayb1489,ayb1489,True,0,1.0000,0.999802,car
track0125[09].png,ayb1489,ayb1489,True,0,1.0000,0.999719,car
track0125[10].png,ayb1489,ayb1489,True,0,1.0000,0.999354,car
track0125[11].png,ayb1489,ayb1489,True,0,1.0000,0.999743,car
track0125[12].png,ayb1489,ayb1489,True,0,1.0000,0.999772,car
track0125[13].png,ayb1489,ayb1489,True,0,1.0000,0.999246,car
track0125[14].png,ayb1489,ayb1489,True,0,1.0000,0.999724,car
track0125[15].png,ayb1489,ayb1489,True,0,1.0000,0.999779,car
track0125[16].png,ayb1489,ayb1489,True,0,1.0000,0.999603,car
track0125[17].png,ayb1489,ayb1489,True,0,1.0000,0.999635,car
track0125[18].png,ayb1489,ayb1489,True,0,1.0000,0.999776,car
track0125[19].png,ayb1489,ayb1489,True,0,1.0000,0.999789,car
track0125[20].png,ayb1489,ayb1489,True,0,1.0000,0.999906,car
track0125[21].png,ayb1489,ayb1489,True,0,1.0000,0.999773,car
track0125[22].png,ayb1489,ayb1489,True,0,1.0000,0.999869,car
track0125[23].png,ayb1489,ayb1489,True,0,1.0000,0.999555,car
track0125[24].png,ayb1489,ayb1489,True,0,1.0000,0.999731,car
track0125[25].png,ayb1489,ayb1489,True,0,1.0000,0.999750,car
track0125[26].png,ayb1489,ayb1489,True,0,1.0000,0.999840,car
track0125[27].png,ayb1489,ayb1489,True,0,1.0000,0.999808,car
track0125[28].png,ayb1489,ayb1489,True,0,1.0000,0.999702,car
track0125[29].png,ayb1489,ayb1489,True,0,1.0000,0.999770,car
track0125[30].png,ayb1489,ayb1489,True,0,1.0000,0.999600,car
track0126[01].png,avi0949,avi0949,True,0,1.0000,0.999723,car
track0126[02].png,avi0949,avi0949,True,0,1.0000,0.999448,car
track0126[03].png,avi0949,avi0949,True,0,1.0000,0.998814,car
track0126[04].png,avi0949,avi0949,True,0,1.0000,0.999825,car
track0126[05].png,avi0949,avi0949,True,0,1.0000,0.992995,car
track0126[06].png,avi0949,avi0949,True,0,1.0000,0.999452,car
track0126[07].png,avi0949,avi0949,True,0,1.0000,0.999802,car
track0126[08].png,avi0949,avi0949,True,0,1.0000,0.999791,car
track0126[09].png,avi0949,avi0949,True,0,1.0000,0.999705,car
track0126[10].png,avi0949,avi0949,True,0,1.0000,0.551975,car
track0126[11].png,avi0949,avi0949,True,0,1.0000,0.836657,car
track0126[12].png,avi0949,avi0949,True,0,1.0000,0.998756,car
track0126[13].png,avi0949,avi0949,True,0,1.0000,0.999298,car
track0126[14].png,avi0949,avi0949,True,0,1.0000,0.999736,car
track0126[15].png,avi0949,avi0949,True,0,1.0000,0.999216,car
track0126[16].png,avi0949,avi0949,True,0,1.0000,0.999317,car
track0126[17].png,avi0949,avi0949,True,0,1.0000,0.999646,car
track0126[18].png,avi0949,avi0949,True,0,1.0000,0.999783,car
track0126[19].png,avi0949,avi0949,True,0,1.0000,0.999760,car
track0126[20].png,avi0949,avi0949,True,0,1.0000,0.999333,car
track0126[21].png,avi0949,avi0949,True,0,1.0000,0.998818,car
track0126[22].png,avi0949,avi0949,True,0,1.0000,0.999400,car
track0126[23].png,avi0949,avi0949,True,0,1.0000,0.999534,car
track0126[24].png,avi0949,avi0949,True,0,1.0000,0.999512,car
track0126[25].png,avi0949,avi0949,True,0,1.0000,0.996633,car
track0126[26].png,avi0949,avi0949,True,0,1.0000,0.998884,car
track0126[27].png,avi0949,avi0949,True,0,1.0000,0.999532,car
track0126[28].png,avi0949,avi0949,True,0,1.0000,0.998409,car
track0126[29].png,avi0949,avi0949,True,0,1.0000,0.999618,car
track0126[30].png,avi0949,avi0949,True,0,1.0000,0.999597,car
track0127[01].png,aqw1379,aqw1379,True,0,1.0000,0.989989,motorcycle
track0127[02].png,aqw1379,aqw1379,True,0,1.0000,0.947798,motorcycle
track0127[03].png,aqw1379,aqw1379,True,0,1.0000,0.973431,motorcycle
track0127[04].png,aqw1379,aqw1379,True,0,1.0000,0.961827,motorcycle
track0127[05].png,aqw1379,aqw7379,False,1,0.8571,0.912494,motorcycle
track0127[06].png,aqw1379,aqw7379,False,1,0.8571,0.501991,motorcycle
track0127[07].png,aqw1379,aqw1379,True,0,1.0000,0.918525,motorcycle
track0127[08].png,aqw1379,aqw1379,True,0,1.0000,0.987470,motorcycle
track0127[09].png,aqw1379,aqw1379,True,0,1.0000,0.996297,motorcycle
track0127[10].png,aqw1379,aqw1379,True,0,1.0000,0.987836,motorcycle
track0127[11].png,aqw1379,aqw1379,True,0,1.0000,0.781937,motorcycle
track0127[12].png,aqw1379,aqw1379,True,0,1.0000,0.904220,motorcycle
track0127[13].png,aqw1379,aqw1379,True,0,1.0000,0.961645,motorcycle
track0127[14].png,aqw1379,aqw1379,True,0,1.0000,0.708989,motorcycle
track0127[15].png,aqw1379,aqw1379,True,0,1.0000,0.982837,motorcycle
track0127[16].png,aqw1379,aqw1379,True,0,1.0000,0.982528,motorcycle
track0127[17].png,aqw1379,aqw1379,True,0,1.0000,0.916695,motorcycle
track0127[18].png,aqw1379,aqw1379,True,0,1.0000,0.985409,motorcycle
track0127[19].png,aqw1379,aqw1379,True,0,1.0000,0.995706,motorcycle
track0127[20].png,aqw1379,aqv1379,False,1,0.8571,0.975865,motorcycle
track0127[21].png,aqw1379,aqw1379,True,0,1.0000,0.962378,motorcycle
track0127[22].png,aqw1379,aqw1379,True,0,1.0000,0.997683,motorcycle
track0127[23].png,aqw1379,aqw1379,True,0,1.0000,0.994724,motorcycle
track0127[24].png,aqw1379,aqw1379,True,0,1.0000,0.958430,motorcycle
track0127[25].png,aqw1379,aqw1379,True,0,1.0000,0.998359,motorcycle
track0127[26].png,aqw1379,aqw1379,True,0,1.0000,0.982923,motorcycle
track0127[27].png,aqw1379,aqw1379,True,0,1.0000,0.997511,motorcycle
track0127[28].png,aqw1379,aqw1379,True,0,1.0000,0.997940,motorcycle
track0127[29].png,aqw1379,aqw1379,True,0,1.0000,0.990829,motorcycle
track0127[30].png,aqw1379,aqw1379,True,0,1.0000,0.996473,motorcycle
track0128[01].png,awp0816,awp0816,True,0,1.0000,0.988831,car
track0128[02].png,awp0816,awp0816,True,0,1.0000,0.997753,car
track0128[03].png,awp0816,awp0816,True,0,1.0000,0.999565,car
track0128[04].png,awp0816,awp0816,True,0,1.0000,0.998397,car
track0128[05].png,awp0816,awp0816,True,0,1.0000,0.995999,car
track0128[06].png,awp0816,awp0816,True,0,1.0000,0.986092,car
track0128[07].png,awp0816,awp0816,True,0,1.0000,0.998936,car
track0128[08].png,awp0816,awp0816,True,0,1.0000,0.999055,car
track0128[09].png,awp0816,awp0816,True,0,1.0000,0.999073,car
track0128[10].png,awp0816,awp0816,True,0,1.0000,0.999400,car
track0128[11].png,awp0816,awp0016,False,1,0.8571,0.907393,car
track0128[12].png,awp0816,awp0816,True,0,1.0000,0.746285,car
track0128[13].png,awp0816,anp0916,False,2,0.7143,0.883322,car
track0128[14].png,awp0816,awp0816,True,0,1.0000,0.997654,car
track0128[15].png,awp0816,awp0d16,False,1,0.8571,0.958332,car
track0128[16].png,awp0816,awp0b16,False,1,0.8571,0.975455,car
track0128[17].png,awp0816,awp0b16,False,1,0.8571,0.990149,car
track0128[18].png,awp0816,awp0b16,False,1,0.8571,0.987338,car
track0128[19].png,awp0816,awp0b16,False,1,0.8571,0.968036,car
track0128[20].png,awp0816,awp0b16,False,1,0.8571,0.355434,car
track0128[21].png,awp0816,awp0816,True,0,1.0000,0.998901,car
track0128[22].png,awp0816,awp0816,True,0,1.0000,0.997962,car
track0128[23].png,awp0816,aup0516,False,2,0.7143,0.366023,car
track0128[24].png,awp0816,awp0816,True,0,1.0000,0.594419,car
track0128[25].png,awp0816,awp0816,True,0,1.0000,0.980371,car
track0128[26].png,awp0816,awp0816,True,0,1.0000,0.960898,car
track0128[27].png,awp0816,awp0816,True,0,1.0000,0.995619,car
track0128[28].png,awp0816,awp0816,True,0,1.0000,0.989848,car
track0128[29].png,awp0816,awp0816,True,0,1.0000,0.997978,car
track0128[30].png,awp0816,awp0816,True,0,1.0000,0.987186,car
track0129[01].png,mak0198,mak0198,True,0,1.0000,0.999475,car
track0129[02].png,mak0198,mak0198,True,0,1.0000,0.999627,car
track0129[03].png,mak0198,mak0198,True,0,1.0000,0.999554,car
track0129[04].png,mak0198,mak0198,True,0,1.0000,0.999708,car
track0129[05].png,mak0198,mak0198,True,0,1.0000,0.999848,car
track0129[06].png,mak0198,mak0198,True,0,1.0000,0.999714,car
track0129[07].png,mak0198,mak0198,True,0,1.0000,0.999794,car
track0129[08].png,mak0198,mak0198,True,0,1.0000,0.999533,car
track0129[09].png,mak0198,mak0198,True,0,1.0000,0.999642,car
track0129[10].png,mak0198,mak0198,True,0,1.0000,0.999216,car
track0129[11].png,mak0198,mak0198,True,0,1.0000,0.998979,car
track0129[12].png,mak0198,mak0198,True,0,1.0000,0.999589,car
track0129[13].png,mak0198,mak0198,True,0,1.0000,0.999815,car
track0129[14].png,mak0198,mak0198,True,0,1.0000,0.999823,car
track0129[15].png,mak0198,mak0198,True,0,1.0000,0.999796,car
track0129[16].png,mak0198,mak0198,True,0,1.0000,0.999786,car
track0129[17].png,mak0198,mak0198,True,0,1.0000,0.999559,car
track0129[18].png,mak0198,mak0198,True,0,1.0000,0.999814,car
track0129[19].png,mak0198,mak0198,True,0,1.0000,0.999845,car
track0129[20].png,mak0198,mak0198,True,0,1.0000,0.999795,car
track0129[21].png,mak0198,mak0198,True,0,1.0000,0.999729,car
track0129[22].png,mak0198,mak0198,True,0,1.0000,0.999833,car
track0129[23].png,mak0198,mak0198,True,0,1.0000,0.999800,car
track0129[24].png,mak0198,mak0198,True,0,1.0000,0.999809,car
track0129[25].png,mak0198,mak0198,True,0,1.0000,0.999793,car
track0129[26].png,mak0198,mak0198,True,0,1.0000,0.999783,car
track0129[27].png,mak0198,mak0198,True,0,1.0000,0.999736,car
track0129[28].png,mak0198,mak0198,True,0,1.0000,0.999866,car
track0129[29].png,mak0198,mak0198,True,0,1.0000,0.998083,car
track0129[30].png,mak0198,mak0198,True,0,1.0000,0.999522,car
track0130[01].png,alj9348,alj9345,False,1,0.8571,0.228963,motorcycle
track0130[02].png,alj9348,alj9348,True,0,1.0000,0.909087,motorcycle
track0130[03].png,alj9348,alj9340,False,1,0.8571,0.228005,motorcycle
track0130[04].png,alj9348,alj9340,False,1,0.8571,0.546719,motorcycle
track0130[05].png,alj9348,alj9348,True,0,1.0000,0.476583,motorcycle
track0130[06].png,alj9348,alj9349,False,1,0.8571,0.410413,motorcycle
track0130[07].png,alj9348,alj9348,True,0,1.0000,0.919101,motorcycle
track0130[08].png,alj9348,alj9345,False,1,0.8571,0.235817,motorcycle
track0130[09].png,alj9348,alj934,False,1,0.8571,0.854340,motorcycle
track0130[10].png,alj9348,alj934,False,1,0.8571,0.844490,motorcycle
track0130[11].png,alj9348,alj9349,False,1,0.8571,0.376516,motorcycle
track0130[12].png,alj9348,alj9348,True,0,1.0000,0.845022,motorcycle
track0130[13].png,alj9348,alj9348,True,0,1.0000,0.633105,motorcycle
track0130[14].png,alj9348,alj9349,False,1,0.8571,0.204652,motorcycle
track0130[15].png,alj9348,alj934,False,1,0.8571,0.910908,motorcycle
track0130[16].png,alj9348,alj9345,False,1,0.8571,0.195247,motorcycle
track0130[17].png,alj9348,ald934,False,2,0.7143,0.611615,motorcycle
track0130[18].png,alj9348,alj934,False,1,0.8571,0.939394,motorcycle
track0130[19].png,alj9348,alj934,False,1,0.8571,0.967943,motorcycle
track0130[20].png,alj9348,alj934,False,1,0.8571,0.884679,motorcycle
track0130[21].png,alj9348,ald934,False,2,0.7143,0.700057,motorcycle
track0130[22].png,alj9348,ald934,False,2,0.7143,0.742633,motorcycle
track0130[23].png,alj9348,ald9340,False,2,0.7143,0.264742,motorcycle
track0130[24].png,alj9348,ald9349,False,2,0.7143,0.204099,motorcycle
track0130[25].png,alj9348,alj9349,False,1,0.8571,0.448695,motorcycle
track0130[26].png,alj9348,alj934,False,1,0.8571,0.910072,motorcycle
track0130[27].png,alj9348,alj934,False,1,0.8571,0.913593,motorcycle
track0130[28].png,alj9348,ald9349,False,2,0.7143,0.203798,motorcycle
track0130[29].png,alj9348,alj9349,False,1,0.8571,0.291647,motorcycle
track0130[30].png,alj9348,alj934,False,1,0.8571,0.924348,motorcycle
track0131[01].png,att4025,att4025,True,0,1.0000,0.984030,car
track0131[02].png,att4025,att4025,True,0,1.0000,0.998671,car
track0131[03].png,att4025,att4026,False,1,0.8571,0.900235,car
track0131[04].png,att4025,att4025,True,0,1.0000,0.988872,car
track0131[05].png,att4025,att4026,False,1,0.8571,0.997402,car
track0131[06].png,att4025,att4026,False,1,0.8571,0.998741,car
track0131[07].png,att4025,att4026,False,1,0.8571,0.814127,car
track0131[08].png,att4025,att4025,True,0,1.0000,0.616652,car
track0131[09].png,att4025,att4025,True,0,1.0000,0.997868,car
track0131[10].png,att4025,att4025,True,0,1.0000,0.519689,car
track0131[11].png,att4025,att4025,True,0,1.0000,0.998951,car
track0131[12].png,att4025,att4026,False,1,0.8571,0.623285,car
track0131[13].png,att4025,att4025,True,0,1.0000,0.996156,car
track0131[14].png,att4025,att4025,True,0,1.0000,0.613436,car
track0131[15].png,att4025,att4025,True,0,1.0000,0.960765,car
track0131[16].png,att4025,att4025,True,0,1.0000,0.997140,car
track0131[17].png,att4025,att4026,False,1,0.8571,0.990716,car
track0131[18].png,att4025,att4025,True,0,1.0000,0.998405,car
track0131[19].png,att4025,att4025,True,0,1.0000,0.997959,car
track0131[20].png,att4025,att4025,True,0,1.0000,0.999330,car
track0131[21].png,att4025,att4025,True,0,1.0000,0.999761,car
track0131[22].png,att4025,att4025,True,0,1.0000,0.997325,car
track0131[23].png,att4025,att4025,True,0,1.0000,0.992947,car
track0131[24].png,att4025,att4026,False,1,0.8571,0.865732,car
track0131[25].png,att4025,att4026,False,1,0.8571,0.678535,car
track0131[26].png,att4025,att4026,False,1,0.8571,0.782877,car
track0131[27].png,att4025,att4025,True,0,1.0000,0.900518,car
track0131[28].png,att4025,att4025,True,0,1.0000,0.973609,car
track0131[29].png,att4025,att4025,True,0,1.0000,0.997909,car
track0131[30].png,att4025,att4025,True,0,1.0000,0.847206,car
track0132[01].png,axv9857,axv9857,True,0,1.0000,0.929862,car
track0132[02].png,axv9857,axv9857,True,0,1.0000,0.996861,car
track0132[03].png,axv9857,axy9857,False,1,0.8571,0.935984,car
track0132[04].png,axv9857,axv5857,False,1,0.8571,0.668801,car
track0132[05].png,axv9857,axv9857,True,0,1.0000,0.999591,car
track0132[06].png,axv9857,axv9857,True,0,1.0000,0.998965,car
track0132[07].png,axv9857,axv9857,True,0,1.0000,0.999641,car
track0132[08].png,axv9857,axv5857,False,1,0.8571,0.937898,car
track0132[09].png,axv9857,axv9857,True,0,1.0000,0.994934,car
track0132[10].png,axv9857,axv9857,True,0,1.0000,0.999833,car
track0132[11].png,axv9857,axv9857,True,0,1.0000,0.998034,car
track0132[12].png,axv9857,axv9857,True,0,1.0000,0.999833,car
track0132[13].png,axv9857,axv9857,True,0,1.0000,0.999805,car
track0132[14].png,axv9857,axv9857,True,0,1.0000,0.999799,car
track0132[15].png,axv9857,axv9857,True,0,1.0000,0.999731,car
track0132[16].png,axv9857,axv9857,True,0,1.0000,0.997757,car
track0132[17].png,axv9857,axv9857,True,0,1.0000,0.999190,car
track0132[18].png,axv9857,axv9857,True,0,1.0000,0.999618,car
track0132[19].png,axv9857,axv9857,True,0,1.0000,0.991406,car
track0132[20].png,axv9857,axv9857,True,0,1.0000,0.998491,car
track0132[21].png,axv9857,axv9857,True,0,1.0000,0.999229,car
track0132[22].png,axv9857,axv9857,True,0,1.0000,0.999657,car
track0132[23].png,axv9857,axv9857,True,0,1.0000,0.999883,car
track0132[24].png,axv9857,axv9857,True,0,1.0000,0.999831,car
track0132[25].png,axv9857,axv9857,True,0,1.0000,0.999784,car
track0132[26].png,axv9857,axv9857,True,0,1.0000,0.999460,car
track0132[27].png,axv9857,axv9857,True,0,1.0000,0.999831,car
track0132[28].png,axv9857,axv9857,True,0,1.0000,0.999927,car
track0132[29].png,axv9857,axv9857,True,0,1.0000,0.999838,car
track0132[30].png,axv9857,axv9857,True,0,1.0000,0.999918,car
track0133[01].png,ahy9777,ahy9777,True,0,1.0000,0.999924,car
track0133[02].png,ahy9777,ahy9777,True,0,1.0000,0.999667,car
track0133[03].png,ahy9777,ahy9777,True,0,1.0000,0.999516,car
track0133[04].png,ahy9777,ahy9777,True,0,1.0000,0.999938,car
track0133[05].png,ahy9777,ahy9777,True,0,1.0000,0.995452,car
track0133[06].png,ahy9777,ahy9777,True,0,1.0000,0.999832,car
track0133[07].png,ahy9777,ahy9777,True,0,1.0000,0.999527,car
track0133[08].png,ahy9777,ahy9777,True,0,1.0000,0.999818,car
track0133[09].png,ahy9777,ahy9777,True,0,1.0000,0.984904,car
track0133[10].png,ahy9777,ahy9777,True,0,1.0000,0.910189,car
track0133[11].png,ahy9777,ahy9777,True,0,1.0000,0.999427,car
track0133[12].png,ahy9777,ahy9777,True,0,1.0000,0.488923,car
track0133[13].png,ahy9777,ahy9777,True,0,1.0000,0.999468,car
track0133[14].png,ahy9777,ahy9777,True,0,1.0000,0.999640,car
track0133[15].png,ahy9777,ahy9777,True,0,1.0000,0.891081,car
track0133[16].png,ahy9777,ahy9777,True,0,1.0000,0.996892,car
track0133[17].png,ahy9777,ahy9777,True,0,1.0000,0.999746,car
track0133[18].png,ahy9777,ahy9777,True,0,1.0000,0.995138,car
track0133[19].png,ahy9777,ahy9777,True,0,1.0000,0.952433,car
track0133[20].png,ahy9777,ahy9777,True,0,1.0000,0.999835,car
track0133[21].png,ahy9777,ahy9777,True,0,1.0000,0.848304,car
track0133[22].png,ahy9777,ahy9777,True,0,1.0000,0.905690,car
track0133[23].png,ahy9777,ahv9771,False,2,0.7143,0.513777,car
track0133[24].png,ahy9777,ahy9777,True,0,1.0000,0.733782,car
track0133[25].png,ahy9777,ahy9777,True,0,1.0000,0.998959,car
track0133[26].png,ahy9777,ahy9777,True,0,1.0000,0.999972,car
track0133[27].png,ahy9777,ahy9777,True,0,1.0000,0.999581,car
track0133[28].png,ahy9777,ahy9777,True,0,1.0000,0.714044,car
track0133[29].png,ahy9777,ahy9777,True,0,1.0000,0.999913,car
track0133[30].png,ahy9777,ahy9777,True,0,1.0000,0.999977,car
track0134[01].png,arg4938,arg4938,True,0,1.0000,0.999945,car
track0134[02].png,arg4938,arg4938,True,0,1.0000,0.998953,car
track0134[03].png,arg4938,arg4938,True,0,1.0000,0.999875,car
track0134[04].png,arg4938,arg4938,True,0,1.0000,0.999122,car
track0134[05].png,arg4938,arg4938,True,0,1.0000,0.999490,car
track0134[06].png,arg4938,arg4938,True,0,1.0000,0.997426,car
track0134[07].png,arg4938,arg4938,True,0,1.0000,0.999788,car
track0134[08].png,arg4938,arg4938,True,0,1.0000,0.997965,car
track0134[09].png,arg4938,arg4938,True,0,1.0000,0.998350,car
track0134[10].png,arg4938,arg4938,True,0,1.0000,0.998733,car
track0134[11].png,arg4938,arg4938,True,0,1.0000,0.999230,car
track0134[12].png,arg4938,arg4938,True,0,1.0000,0.999293,car
track0134[13].png,arg4938,arg4938,True,0,1.0000,0.999319,car
track0134[14].png,arg4938,arg4938,True,0,1.0000,0.998693,car
track0134[15].png,arg4938,arg4938,True,0,1.0000,0.996713,car
track0134[16].png,arg4938,arg4938,True,0,1.0000,0.998439,car
track0134[17].png,arg4938,arg4938,True,0,1.0000,0.998510,car
track0134[18].png,arg4938,arg4938,True,0,1.0000,0.998615,car
track0134[19].png,arg4938,arg4938,True,0,1.0000,0.998505,car
track0134[20].png,arg4938,arg4938,True,0,1.0000,0.999206,car
track0134[21].png,arg4938,arg4938,True,0,1.0000,0.999145,car
track0134[22].png,arg4938,arg4938,True,0,1.0000,0.999699,car
track0134[23].png,arg4938,arg4938,True,0,1.0000,0.999015,car
track0134[24].png,arg4938,arg4938,True,0,1.0000,0.999837,car
track0134[25].png,arg4938,arg4938,True,0,1.0000,0.999234,car
track0134[26].png,arg4938,arg4938,True,0,1.0000,0.999355,car
track0134[27].png,arg4938,arg4938,True,0,1.0000,0.997515,car
track0134[28].png,arg4938,arg4938,True,0,1.0000,0.996674,car
track0134[29].png,arg4938,arg4938,True,0,1.0000,0.995242,car
track0134[30].png,arg4938,arg4938,True,0,1.0000,0.998017,car
track0135[01].png,bas8216,bas8216,True,0,1.0000,0.996390,motorcycle
track0135[02].png,bas8216,bas8216,True,0,1.0000,0.989933,motorcycle
track0135[03].png,bas8216,bas8216,True,0,1.0000,0.972356,motorcycle
track0135[04].png,bas8216,bas8216,True,0,1.0000,0.974223,motorcycle
track0135[05].png,bas8216,bas8216,True,0,1.0000,0.964515,motorcycle
track0135[06].png,bas8216,bas8216,True,0,1.0000,0.998819,motorcycle
track0135[07].png,bas8216,bas8216,True,0,1.0000,0.998871,motorcycle
track0135[08].png,bas8216,bas8216,True,0,1.0000,0.999419,motorcycle
track0135[09].png,bas8216,bas8216,True,0,1.0000,0.999341,motorcycle
track0135[10].png,bas8216,bas8216,True,0,1.0000,0.957315,motorcycle
track0135[11].png,bas8216,bas8216,True,0,1.0000,0.998234,motorcycle
track0135[12].png,bas8216,bas8216,True,0,1.0000,0.999326,motorcycle
track0135[13].png,bas8216,bas8216,True,0,1.0000,0.998697,motorcycle
track0135[14].png,bas8216,bas8216,True,0,1.0000,0.997419,motorcycle
track0135[15].png,bas8216,bas8216,True,0,1.0000,0.998233,motorcycle
track0135[16].png,bas8216,bas8216,True,0,1.0000,0.683887,motorcycle
track0135[17].png,bas8216,bas8216,True,0,1.0000,0.998272,motorcycle
track0135[18].png,bas8216,bas8216,True,0,1.0000,0.994672,motorcycle
track0135[19].png,bas8216,bas8216,True,0,1.0000,0.998358,motorcycle
track0135[20].png,bas8216,bas8216,True,0,1.0000,0.995188,motorcycle
track0135[21].png,bas8216,bas8216,True,0,1.0000,0.997855,motorcycle
track0135[22].png,bas8216,bas8216,True,0,1.0000,0.996437,motorcycle
track0135[23].png,bas8216,bas8216,True,0,1.0000,0.997369,motorcycle
track0135[24].png,bas8216,bas8216,True,0,1.0000,0.998716,motorcycle
track0135[25].png,bas8216,bas8216,True,0,1.0000,0.998920,motorcycle
track0135[26].png,bas8216,bas8216,True,0,1.0000,0.999484,motorcycle
track0135[27].png,bas8216,bas8216,True,0,1.0000,0.999463,motorcycle
track0135[28].png,bas8216,bas8216,True,0,1.0000,0.999096,motorcycle
track0135[29].png,bas8216,bas8216,True,0,1.0000,0.998979,motorcycle
track0135[30].png,bas8216,bas8216,True,0,1.0000,0.998604,motorcycle
track0136[01].png,amo0663,amo0663,True,0,1.0000,0.437933,car
track0136[02].png,amo0663,amd0663,False,1,0.8571,0.930886,car
track0136[03].png,amo0663,ano0661,False,2,0.7143,0.221962,car
track0136[04].png,amo0663,amd0663,False,1,0.8571,0.546103,car
track0136[05].png,amo0663,amd0663,False,1,0.8571,0.741124,car
track0136[06].png,amo0663,amo0663,True,0,1.0000,0.741410,car
track0136[07].png,amo0663,amd0663,False,1,0.8571,0.999355,car
track0136[08].png,amo0663,amd0663,False,1,0.8571,0.997599,car
track0136[09].png,amo0663,amd0663,False,1,0.8571,0.996958,car
track0136[10].png,amo0663,amd0663,False,1,0.8571,0.999631,car
track0136[11].png,amo0663,amq0663,False,1,0.8571,0.962744,car
track0136[12].png,amo0663,amd0663,False,1,0.8571,0.816663,car
track0136[13].png,amo0663,amq0663,False,1,0.8571,0.978699,car
track0136[14].png,amo0663,amu0663,False,1,0.8571,0.926693,car
track0136[15].png,amo0663,amo0663,True,0,1.0000,0.854693,car
track0136[16].png,amo0663,amd0663,False,1,0.8571,0.979239,car
track0136[17].png,amo0663,amo0663,True,0,1.0000,0.884159,car
track0136[18].png,amo0663,amo0663,True,0,1.0000,0.971186,car
track0136[19].png,amo0663,amo0663,True,0,1.0000,0.954282,car
track0136[20].png,amo0663,amo0663,True,0,1.0000,0.999319,car
track0136[21].png,amo0663,amo0663,True,0,1.0000,0.999361,car
track0136[22].png,amo0663,amo0663,True,0,1.0000,0.991115,car
track0136[23].png,amo0663,amo0663,True,0,1.0000,0.980235,car
track0136[24].png,amo0663,amo0663,True,0,1.0000,0.872409,car
track0136[25].png,amo0663,amo0663,True,0,1.0000,0.720642,car
track0136[26].png,amo0663,amu0663,False,1,0.8571,0.776245,car
track0136[27].png,amo0663,amu0663,False,1,0.8571,0.442383,car
track0136[28].png,amo0663,amu0663,False,1,0.8571,0.649450,car
track0136[29].png,amo0663,amu0663,False,1,0.8571,0.754186,car
track0136[30].png,amo0663,amu0663,False,1,0.8571,0.850183,car
track0137[01].png,asu1099,asu1099,True,0,1.0000,0.999894,car
track0137[02].png,asu1099,asu1099,True,0,1.0000,0.999100,car
track0137[03].png,asu1099,asu1099,True,0,1.0000,0.999738,car
track0137[04].png,asu1099,asu1099,True,0,1.0000,0.999654,car
track0137[05].png,asu1099,asu1099,True,0,1.0000,0.999731,car
track0137[06].png,asu1099,asu1099,True,0,1.0000,0.999261,car
track0137[07].png,asu1099,asu1099,True,0,1.0000,0.996593,car
track0137[08].png,asu1099,asu1099,True,0,1.0000,0.998331,car
track0137[09].png,asu1099,asu1099,True,0,1.0000,0.999862,car
track0137[10].png,asu1099,asu1099,True,0,1.0000,0.999828,car
track0137[11].png,asu1099,asu1099,True,0,1.0000,0.999538,car
track0137[12].png,asu1099,asu1099,True,0,1.0000,0.999595,car
track0137[13].png,asu1099,asu1099,True,0,1.0000,0.999508,car
track0137[14].png,asu1099,asu1099,True,0,1.0000,0.999846,car
track0137[15].png,asu1099,asu1099,True,0,1.0000,0.998708,car
track0137[16].png,asu1099,asu1099,True,0,1.0000,0.999807,car
track0137[17].png,asu1099,asu1099,True,0,1.0000,0.997417,car
track0137[18].png,asu1099,asu1099,True,0,1.0000,0.999607,car
track0137[19].png,asu1099,asu1099,True,0,1.0000,0.999791,car
track0137[20].png,asu1099,asu1099,True,0,1.0000,0.987327,car
track0137[21].png,asu1099,asu1099,True,0,1.0000,0.999467,car
track0137[22].png,asu1099,asu1099,True,0,1.0000,0.999819,car
track0137[23].png,asu1099,asu1099,True,0,1.0000,0.999764,car
track0137[24].png,asu1099,asu1099,True,0,1.0000,0.999780,car
track0137[25].png,asu1099,asu1099,True,0,1.0000,0.999926,car
track0137[26].png,asu1099,asu1099,True,0,1.0000,0.999937,car
track0137[27].png,asu1099,asu1099,True,0,1.0000,0.999784,car
track0137[28].png,asu1099,asu1099,True,0,1.0000,0.999917,car
track0137[29].png,asu1099,asu1099,True,0,1.0000,0.999639,car
track0137[30].png,asu1099,asu1099,True,0,1.0000,0.999948,car
track0138[01].png,aug0936,aug093,False,1,0.8571,0.454160,motorcycle
track0138[02].png,aug0936,aug093,False,1,0.8571,0.539358,motorcycle
track0138[03].png,aug0936,aug003,False,2,0.7143,0.896584,motorcycle
track0138[04].png,aug0936,aug093,False,1,0.8571,0.990500,motorcycle
track0138[05].png,aug0936,aug093,False,1,0.8571,0.996519,motorcycle
track0138[06].png,aug0936,aug093,False,1,0.8571,0.683383,motorcycle
track0138[07].png,aug0936,aug093,False,1,0.8571,0.956287,motorcycle
track0138[08].png,aug0936,aug0933,False,1,0.8571,0.601694,motorcycle
track0138[09].png,aug0936,aug093,False,1,0.8571,0.989161,motorcycle
track0138[10].png,aug0936,aug093,False,1,0.8571,0.894437,motorcycle
track0138[11].png,aug0936,aug003,False,2,0.7143,0.571775,motorcycle
track0138[12].png,aug0936,aug093,False,1,0.8571,0.980598,motorcycle
track0138[13].png,aug0936,aug093,False,1,0.8571,0.989922,motorcycle
track0138[14].png,aug0936,aug193,False,2,0.7143,0.540652,motorcycle
track0138[15].png,aug0936,aug093,False,1,0.8571,0.766760,motorcycle
track0138[16].png,aug0936,aug003,False,2,0.7143,0.600122,motorcycle
track0138[17].png,aug0936,adg053,False,3,0.5714,0.188679,motorcycle
track0138[18].png,aug0936,aug093,False,1,0.8571,0.349947,motorcycle
track0138[19].png,aug0936,aug093,False,1,0.8571,0.347244,motorcycle
track0138[20].png,aug0936,aug093,False,1,0.8571,0.897915,motorcycle
track0138[21].png,aug0936,aug093,False,1,0.8571,0.950137,motorcycle
track0138[22].png,aug0936,aug093,False,1,0.8571,0.962155,motorcycle
track0138[23].png,aug0936,aug053,False,2,0.7143,0.470618,motorcycle
track0138[24].png,aug0936,aug093,False,1,0.8571,0.943575,motorcycle
track0138[25].png,aug0936,aug093,False,1,0.8571,0.949177,motorcycle
track0138[26].png,aug0936,aug093,False,1,0.8571,0.911183,motorcycle
track0138[27].png,aug0936,aug093,False,1,0.8571,0.736103,motorcycle
track0138[28].png,aug0936,aug093,False,1,0.8571,0.995816,motorcycle
track0138[29].png,aug0936,aug093,False,1,0.8571,0.771383,motorcycle
track0138[30].png,aug0936,aug093,False,1,0.8571,0.374488,motorcycle
track0139[01].png,bap8567,bap8567,True,0,1.0000,0.999061,car
track0139[02].png,bap8567,bap8567,True,0,1.0000,0.997857,car
track0139[03].png,bap8567,bap8567,True,0,1.0000,0.985062,car
track0139[04].png,bap8567,bap8567,True,0,1.0000,0.997989,car
track0139[05].png,bap8567,bap8567,True,0,1.0000,0.977152,car
track0139[06].png,bap8567,bapb567,False,1,0.8571,0.513371,car
track0139[07].png,bap8567,bap8567,True,0,1.0000,0.962399,car
track0139[08].png,bap8567,bap8567,True,0,1.0000,0.996156,car
track0139[09].png,bap8567,bapb567,False,1,0.8571,0.567268,car
track0139[10].png,bap8567,bap8567,True,0,1.0000,0.994282,car
track0139[11].png,bap8567,bap8567,True,0,1.0000,0.969324,car
track0139[12].png,bap8567,bap8567,True,0,1.0000,0.996714,car
track0139[13].png,bap8567,bap8567,True,0,1.0000,0.991157,car
track0139[14].png,bap8567,bap8567,True,0,1.0000,0.998543,car
track0139[15].png,bap8567,bap8567,True,0,1.0000,0.998610,car
track0139[16].png,bap8567,bap8567,True,0,1.0000,0.999204,car
track0139[17].png,bap8567,bap8567,True,0,1.0000,0.999295,car
track0139[18].png,bap8567,bap8567,True,0,1.0000,0.998916,car
track0139[19].png,bap8567,bap8567,True,0,1.0000,0.999465,car
track0139[20].png,bap8567,bap8567,True,0,1.0000,0.999538,car
track0139[21].png,bap8567,bap8567,True,0,1.0000,0.999562,car
track0139[22].png,bap8567,bap8567,True,0,1.0000,0.999191,car
track0139[23].png,bap8567,bap8567,True,0,1.0000,0.999492,car
track0139[24].png,bap8567,bap8567,True,0,1.0000,0.999430,car
track0139[25].png,bap8567,bap8567,True,0,1.0000,0.999510,car
track0139[26].png,bap8567,bap8567,True,0,1.0000,0.999393,car
track0139[27].png,bap8567,bap8567,True,0,1.0000,0.999645,car
track0139[28].png,bap8567,bap8567,True,0,1.0000,0.999778,car
track0139[29].png,bap8567,bap8567,True,0,1.0000,0.998999,car
track0139[30].png,bap8567,bap8567,True,0,1.0000,0.999677,car
track0140[01].png,ava1466,ava1466,True,0,1.0000,0.999910,car
track0140[02].png,ava1466,ava1466,True,0,1.0000,0.998547,car
track0140[03].png,ava1466,ava1466,True,0,1.0000,0.985509,car
track0140[04].png,ava1466,ava1466,True,0,1.0000,0.997018,car
track0140[05].png,ava1466,ava1466,True,0,1.0000,0.938293,car
track0140[06].png,ava1466,ava1466,True,0,1.0000,0.994895,car
track0140[07].png,ava1466,ava1466,True,0,1.0000,0.995956,car
track0140[08].png,ava1466,ava1466,True,0,1.0000,0.996505,car
track0140[09].png,ava1466,ava1466,True,0,1.0000,0.999473,car
track0140[10].png,ava1466,ava1466,True,0,1.0000,0.999826,car
track0140[11].png,ava1466,ava1466,True,0,1.0000,0.999589,car
track0140[12].png,ava1466,ava1466,True,0,1.0000,0.999257,car
track0140[13].png,ava1466,ava1466,True,0,1.0000,0.999680,car
track0140[14].png,ava1466,ava1466,True,0,1.0000,0.999261,car
track0140[15].png,ava1466,ava1466,True,0,1.0000,0.998623,car
track0140[16].png,ava1466,ava1466,True,0,1.0000,0.998179,car
track0140[17].png,ava1466,ava1466,True,0,1.0000,0.999799,car
track0140[18].png,ava1466,ava1466,True,0,1.0000,0.999436,car
track0140[19].png,ava1466,ava1466,True,0,1.0000,0.999382,car
track0140[20].png,ava1466,ava1466,True,0,1.0000,0.999225,car
track0140[21].png,ava1466,ava1466,True,0,1.0000,0.998558,car
track0140[22].png,ava1466,ava1466,True,0,1.0000,0.997995,car
track0140[23].png,ava1466,ava1466,True,0,1.0000,0.999122,car
track0140[24].png,ava1466,ava1466,True,0,1.0000,0.998503,car
track0140[25].png,ava1466,ava1466,True,0,1.0000,0.999581,car
track0140[26].png,ava1466,ava1466,True,0,1.0000,0.999485,car
track0140[27].png,ava1466,ava1466,True,0,1.0000,0.998530,car
track0140[28].png,ava1466,ava1466,True,0,1.0000,0.999181,car
track0140[29].png,ava1466,ava1466,True,0,1.0000,0.998760,car
track0140[30].png,ava1466,ava1466,True,0,1.0000,0.998739,car
track0141[01].png,awe4633,awe105,False,4,0.4286,0.412683,car
track0141[02].png,awe4633,awe4556,False,3,0.5714,0.213820,car
track0141[03].png,awe4633,awe4631,False,1,0.8571,0.490598,car
track0141[04].png,awe4633,awe4531,False,2,0.7143,0.598458,car
track0141[05].png,awe4633,awe4531,False,2,0.7143,0.789061,car
track0141[06].png,awe4633,awe4630,False,1,0.8571,0.552089,car
track0141[07].png,awe4633,awe4630,False,1,0.8571,0.699664,car
track0141[08].png,awe4633,awe4630,False,1,0.8571,0.454675,car
track0141[09].png,awe4633,awe4631,False,1,0.8571,0.827223,car
track0141[10].png,awe4633,awe4631,False,1,0.8571,0.834182,car
track0141[11].png,awe4633,awe4631,False,1,0.8571,0.866046,car
track0141[12].png,awe4633,awe453,False,2,0.7143,0.761642,car
track0141[13].png,awe4633,awe4636,False,1,0.8571,0.308627,car
track0141[14].png,awe4633,awe4633,True,0,1.0000,0.818136,car
track0141[15].png,awe4633,awe4633,True,0,1.0000,0.989036,car
track0141[16].png,awe4633,awe4630,False,1,0.8571,0.480635,car
track0141[17].png,awe4633,awe4631,False,1,0.8571,0.907951,car
track0141[18].png,awe4633,awe4631,False,1,0.8571,0.492311,car
track0141[19].png,awe4633,awe4633,True,0,1.0000,0.953474,car
track0141[20].png,awe4633,awe4635,False,1,0.8571,0.721367,car
track0141[21].png,awe4633,awe4635,False,1,0.8571,0.535575,car
track0141[22].png,awe4633,awe4635,False,1,0.8571,0.557109,car
track0141[23].png,awe4633,awe4636,False,1,0.8571,0.629698,car
track0141[24].png,awe4633,awe4635,False,1,0.8571,0.541881,car
track0141[25].png,awe4633,awe4633,True,0,1.0000,0.506457,car
track0141[26].png,awe4633,awe4635,False,1,0.8571,0.760158,car
track0141[27].png,awe4633,awe4636,False,1,0.8571,0.927143,car
track0141[28].png,awe4633,awe4633,True,0,1.0000,0.740145,car
track0141[29].png,awe4633,awe4633,True,0,1.0000,0.878648,car
track0141[30].png,awe4633,awe4631,False,1,0.8571,0.811363,car
track0142[01].png,awz9807,awz9807,True,0,1.0000,0.999721,car
track0142[02].png,awz9807,awz9807,True,0,1.0000,0.999719,car
track0142[03].png,awz9807,awz9807,True,0,1.0000,0.999425,car
track0142[04].png,awz9807,awz9807,True,0,1.0000,0.999149,car
track0142[05].png,awz9807,awz9807,True,0,1.0000,0.997340,car
track0142[06].png,awz9807,awz9807,True,0,1.0000,0.999259,car
track0142[07].png,awz9807,awz9807,True,0,1.0000,0.998387,car
track0142[08].png,awz9807,awz9807,True,0,1.0000,0.998624,car
track0142[09].png,awz9807,awz9807,True,0,1.0000,0.998576,car
track0142[10].png,awz9807,awz9807,True,0,1.0000,0.999449,car
track0142[11].png,awz9807,awz9807,True,0,1.0000,0.999692,car
track0142[12].png,awz9807,awz9807,True,0,1.0000,0.999852,car
track0142[13].png,awz9807,awz9807,True,0,1.0000,0.999899,car
track0142[14].png,awz9807,awz9807,True,0,1.0000,0.999875,car
track0142[15].png,awz9807,awz9807,True,0,1.0000,0.999848,car
track0142[16].png,awz9807,awz9807,True,0,1.0000,0.991762,car
track0142[17].png,awz9807,awz9807,True,0,1.0000,0.999547,car
track0142[18].png,awz9807,awz9807,True,0,1.0000,0.998976,car
track0142[19].png,awz9807,awz9807,True,0,1.0000,0.998694,car
track0142[20].png,awz9807,awz9807,True,0,1.0000,0.998143,car
track0142[21].png,awz9807,awz9807,True,0,1.0000,0.999087,car
track0142[22].png,awz9807,awz9807,True,0,1.0000,0.998311,car
track0142[23].png,awz9807,awz9807,True,0,1.0000,0.999127,car
track0142[24].png,awz9807,awz9807,True,0,1.0000,0.999294,car
track0142[25].png,awz9807,awz9807,True,0,1.0000,0.996811,car
track0142[26].png,awz9807,awz9807,True,0,1.0000,0.632098,car
track0142[27].png,awz9807,awz9807,True,0,1.0000,0.999229,car
track0142[28].png,awz9807,awz9807,True,0,1.0000,0.999117,car
track0142[29].png,awz9807,awz9807,True,0,1.0000,0.998885,car
track0142[30].png,awz9807,awz9807,True,0,1.0000,0.999260,car
track0143[01].png,axh5087,axh5097,False,1,0.8571,0.562035,motorcycle
track0143[02].png,axh5087,axh5097,False,1,0.8571,0.934433,motorcycle
track0143[03].png,axh5087,axh5097,False,1,0.8571,0.794037,motorcycle
track0143[04].png,axh5087,axh5097,False,1,0.8571,0.586278,motorcycle
track0143[05].png,axh5087,axh5197,False,2,0.7143,0.373343,motorcycle
track0143[06].png,axh5087,axh5197,False,2,0.7143,0.419720,motorcycle
track0143[07].png,axh5087,axh5007,False,1,0.8571,0.611066,motorcycle
track0143[08].png,axh5087,axh5027,False,1,0.8571,0.691128,motorcycle
track0143[09].png,axh5087,axh5097,False,1,0.8571,0.770849,motorcycle
track0143[10].png,axh5087,axh5027,False,1,0.8571,0.740691,motorcycle
track0143[11].png,axh5087,axh5027,False,1,0.8571,0.468980,motorcycle
track0143[12].png,axh5087,axh5997,False,2,0.7143,0.570708,motorcycle
track0143[13].png,axh5087,axh5097,False,1,0.8571,0.887775,motorcycle
track0143[14].png,axh5087,axh5987,False,1,0.8571,0.488878,motorcycle
track0143[15].png,axh5087,axh5927,False,2,0.7143,0.331667,motorcycle
track0143[16].png,axh5087,axh5187,False,1,0.8571,0.862062,motorcycle
track0143[17].png,axh5087,axh5087,True,0,1.0000,0.884766,motorcycle
track0143[18].png,axh5087,axh5187,False,1,0.8571,0.471213,motorcycle
track0143[19].png,axh5087,axh5087,True,0,1.0000,0.516259,motorcycle
track0143[20].png,axh5087,axh5087,True,0,1.0000,0.990146,motorcycle
track0143[21].png,axh5087,axh5087,True,0,1.0000,0.564332,motorcycle
track0143[22].png,axh5087,axh5187,False,1,0.8571,0.503117,motorcycle
track0143[23].png,axh5087,axh5987,False,1,0.8571,0.602144,motorcycle
track0143[24].png,axh5087,axh5087,True,0,1.0000,0.952766,motorcycle
track0143[25].png,axh5087,axh5087,True,0,1.0000,0.905901,motorcycle
track0143[26].png,axh5087,axh5087,True,0,1.0000,0.995928,motorcycle
track0143[27].png,axh5087,axh5087,True,0,1.0000,0.996077,motorcycle
track0143[28].png,axh5087,axh5087,True,0,1.0000,0.679766,motorcycle
track0143[29].png,axh5087,axh5087,True,0,1.0000,0.948537,motorcycle
track0143[30].png,axh5087,axh5087,True,0,1.0000,0.970813,motorcycle
track0144[01].png,ayl2104,ayl2104,True,0,1.0000,0.999835,car
track0144[02].png,ayl2104,ayl2104,True,0,1.0000,0.999860,car
track0144[03].png,ayl2104,ayl2104,True,0,1.0000,0.998954,car
track0144[04].png,ayl2104,ayl2104,True,0,1.0000,0.971602,car
track0144[05].png,ayl2104,ayl2104,True,0,1.0000,0.998933,car
track0144[06].png,ayl2104,ayl2104,True,0,1.0000,0.999571,car
track0144[07].png,ayl2104,ayl2104,True,0,1.0000,0.999833,car
track0144[08].png,ayl2104,ayl2104,True,0,1.0000,0.999919,car
track0144[09].png,ayl2104,ayl2104,True,0,1.0000,0.999748,car
track0144[10].png,ayl2104,ayl2104,True,0,1.0000,0.996498,car
track0144[11].png,ayl2104,ayl2104,True,0,1.0000,0.999549,car
track0144[12].png,ayl2104,ayl2104,True,0,1.0000,0.999620,car
track0144[13].png,ayl2104,ayl2104,True,0,1.0000,0.996663,car
track0144[14].png,ayl2104,ayl2104,True,0,1.0000,0.999665,car
track0144[15].png,ayl2104,ayl2104,True,0,1.0000,0.999849,car
track0144[16].png,ayl2104,ayl2104,True,0,1.0000,0.999710,car
track0144[17].png,ayl2104,ayl2104,True,0,1.0000,0.999747,car
track0144[18].png,ayl2104,ayl2104,True,0,1.0000,0.998836,car
track0144[19].png,ayl2104,ayl2104,True,0,1.0000,0.998607,car
track0144[20].png,ayl2104,ayl2104,True,0,1.0000,0.912044,car
track0144[21].png,ayl2104,ayl2104,True,0,1.0000,0.999909,car
track0144[22].png,ayl2104,ayl2104,True,0,1.0000,0.999680,car
track0144[23].png,ayl2104,ayl2104,True,0,1.0000,0.999640,car
track0144[24].png,ayl2104,ayl2104,True,0,1.0000,0.999782,car
track0144[25].png,ayl2104,ayl2104,True,0,1.0000,0.999773,car
track0144[26].png,ayl2104,ayl2104,True,0,1.0000,0.999791,car
track0144[27].png,ayl2104,ayl2104,True,0,1.0000,0.999369,car
track0144[28].png,ayl2104,ayl2104,True,0,1.0000,0.999858,car
track0144[29].png,ayl2104,ayl2104,True,0,1.0000,0.999504,car
track0144[30].png,ayl2104,ayl2104,True,0,1.0000,0.999865,car
track0145[01].png,avd4791,avd4791,True,0,1.0000,0.987999,car
track0145[02].png,avd4791,avd4791,True,0,1.0000,0.947626,car
track0145[03].png,avd4791,avd4791,True,0,1.0000,0.963379,car
track0145[04].png,avd4791,avd4791,True,0,1.0000,0.986742,car
track0145[05].png,avd4791,avd4791,True,0,1.0000,0.971237,car
track0145[06].png,avd4791,avd4791,True,0,1.0000,0.999139,car
track0145[07].png,avd4791,avd4791,True,0,1.0000,0.999550,car
track0145[08].png,avd4791,avd4791,True,0,1.0000,0.585437,car
track0145[09].png,avd4791,avd4791,True,0,1.0000,0.996955,car
track0145[10].png,avd4791,avd4791,True,0,1.0000,0.998916,car
track0145[11].png,avd4791,avd4791,True,0,1.0000,0.999494,car
track0145[12].png,avd4791,avd4791,True,0,1.0000,0.999740,car
track0145[13].png,avd4791,avd4791,True,0,1.0000,0.997276,car
track0145[14].png,avd4791,avd4791,True,0,1.0000,0.993886,car
track0145[15].png,avd4791,avd4791,True,0,1.0000,0.999363,car
track0145[16].png,avd4791,avd4791,True,0,1.0000,0.996008,car
track0145[17].png,avd4791,avd4791,True,0,1.0000,0.999292,car
track0145[18].png,avd4791,avd4791,True,0,1.0000,0.998697,car
track0145[19].png,avd4791,avd4791,True,0,1.0000,0.999397,car
track0145[20].png,avd4791,avd4791,True,0,1.0000,0.999672,car
track0145[21].png,avd4791,avd4791,True,0,1.0000,0.999786,car
track0145[22].png,avd4791,avd4791,True,0,1.0000,0.999737,car
track0145[23].png,avd4791,avd4791,True,0,1.0000,0.999725,car
track0145[24].png,avd4791,avd4791,True,0,1.0000,0.999925,car
track0145[25].png,avd4791,avd4791,True,0,1.0000,0.997254,car
track0145[26].png,avd4791,avd4791,True,0,1.0000,0.999863,car
track0145[27].png,avd4791,avd4791,True,0,1.0000,0.948836,car
track0145[28].png,avd4791,avd4791,True,0,1.0000,0.978299,car
track0145[29].png,avd4791,avd4791,True,0,1.0000,0.965155,car
track0145[30].png,avd4791,avd4791,True,0,1.0000,0.998551,car
track0146[01].png,ajg2630,ajg2630,True,0,1.0000,0.999518,car
track0146[02].png,ajg2630,ajg2630,True,0,1.0000,0.999771,car
track0146[03].png,ajg2630,ajg2630,True,0,1.0000,0.999767,car
track0146[04].png,ajg2630,ajg2630,True,0,1.0000,0.999754,car
track0146[05].png,ajg2630,ajg2630,True,0,1.0000,0.999248,car
track0146[06].png,ajg2630,ajg2630,True,0,1.0000,0.999599,car
track0146[07].png,ajg2630,ajg2630,True,0,1.0000,0.997084,car
track0146[08].png,ajg2630,ajg2630,True,0,1.0000,0.999393,car
track0146[09].png,ajg2630,ajg2630,True,0,1.0000,0.995089,car
track0146[10].png,ajg2630,ajg2630,True,0,1.0000,0.998683,car
track0146[11].png,ajg2630,ajg2630,True,0,1.0000,0.997094,car
track0146[12].png,ajg2630,ajg2630,True,0,1.0000,0.997165,car
track0146[13].png,ajg2630,ajg2630,True,0,1.0000,0.998280,car
track0146[14].png,ajg2630,ajg2630,True,0,1.0000,0.999242,car
track0146[15].png,ajg2630,ajg2630,True,0,1.0000,0.999398,car
track0146[16].png,ajg2630,ajg2630,True,0,1.0000,0.998967,car
track0146[17].png,ajg2630,ajg2630,True,0,1.0000,0.997681,car
track0146[18].png,ajg2630,ajg2630,True,0,1.0000,0.999769,car
track0146[19].png,ajg2630,ajg2630,True,0,1.0000,0.998760,car
track0146[20].png,ajg2630,ajg2630,True,0,1.0000,0.999346,car
track0146[21].png,ajg2630,ajg2630,True,0,1.0000,0.999226,car
track0146[22].png,ajg2630,ajg2630,True,0,1.0000,0.999793,car
track0146[23].png,ajg2630,ajg2630,True,0,1.0000,0.999673,car
track0146[24].png,ajg2630,ajg2630,True,0,1.0000,0.999047,car
track0146[25].png,ajg2630,ajg2630,True,0,1.0000,0.999678,car
track0146[26].png,ajg2630,ajg2630,True,0,1.0000,0.994382,car
track0146[27].png,ajg2630,ajg2630,True,0,1.0000,0.999019,car
track0146[28].png,ajg2630,agg2630,False,1,0.8571,0.986684,car
track0146[29].png,ajg2630,ajg2630,True,0,1.0000,0.998666,car
track0146[30].png,ajg2630,ajg2630,True,0,1.0000,0.994125,car
track0147[01].png,arz9326,arz9326,True,0,1.0000,0.999451,car
track0147[02].png,arz9326,arz9326,True,0,1.0000,0.999688,car
track0147[03].png,arz9326,arz9326,True,0,1.0000,0.999602,car
track0147[04].png,arz9326,arz9326,True,0,1.0000,0.999649,car
track0147[05].png,arz9326,arz9326,True,0,1.0000,0.999698,car
track0147[06].png,arz9326,arz9326,True,0,1.0000,0.999694,car
track0147[07].png,arz9326,arz9326,True,0,1.0000,0.999762,car
track0147[08].png,arz9326,arz9326,True,0,1.0000,0.999521,car
track0147[09].png,arz9326,arz9326,True,0,1.0000,0.999510,car
track0147[10].png,arz9326,arz9326,True,0,1.0000,0.998888,car
track0147[11].png,arz9326,arz9326,True,0,1.0000,0.999593,car
track0147[12].png,arz9326,arz9326,True,0,1.0000,0.999479,car
track0147[13].png,arz9326,arz9326,True,0,1.0000,0.999394,car
track0147[14].png,arz9326,arz9326,True,0,1.0000,0.999780,car
track0147[15].png,arz9326,arz9326,True,0,1.0000,0.999649,car
track0147[16].png,arz9326,arz9326,True,0,1.0000,0.999754,car
track0147[17].png,arz9326,arz9326,True,0,1.0000,0.999500,car
track0147[18].png,arz9326,arz9326,True,0,1.0000,0.999509,car
track0147[19].png,arz9326,arz9326,True,0,1.0000,0.999368,car
track0147[20].png,arz9326,arz9326,True,0,1.0000,0.999524,car
track0147[21].png,arz9326,arz9326,True,0,1.0000,0.999653,car
track0147[22].png,arz9326,arz9326,True,0,1.0000,0.994633,car
track0147[23].png,arz9326,arz9326,True,0,1.0000,0.998048,car
track0147[24].png,arz9326,arz9326,True,0,1.0000,0.998723,car
track0147[25].png,arz9326,arz9326,True,0,1.0000,0.999510,car
track0147[26].png,arz9326,arz9326,True,0,1.0000,0.999327,car
track0147[27].png,arz9326,arz9326,True,0,1.0000,0.999421,car
track0147[28].png,arz9326,arz9326,True,0,1.0000,0.999410,car
track0147[29].png,arz9326,arz9326,True,0,1.0000,0.999677,car
track0147[30].png,arz9326,arz9326,True,0,1.0000,0.999468,car
track0148[01].png,akt8174,akt317,False,2,0.7143,0.477320,motorcycle
track0148[02].png,akt8174,akt3172,False,2,0.7143,0.305832,motorcycle
track0148[03].png,akt8174,akt8177,False,1,0.8571,0.924610,motorcycle
track0148[04].png,akt8174,akt3172,False,2,0.7143,0.687727,motorcycle
track0148[05].png,akt8174,akt3177,False,2,0.7143,0.492167,motorcycle
track0148[06].png,akt8174,akt3177,False,2,0.7143,0.287434,motorcycle
track0148[07].png,akt8174,akt3172,False,2,0.7143,0.401686,motorcycle
track0148[08].png,akt8174,akt3172,False,2,0.7143,0.526996,motorcycle
track0148[09].png,akt8174,akt3177,False,2,0.7143,0.745460,motorcycle
track0148[10].png,akt8174,akt3177,False,2,0.7143,0.504605,motorcycle
track0148[11].png,akt8174,akt3177,False,2,0.7143,0.789959,motorcycle
track0148[12].png,akt8174,akt3177,False,2,0.7143,0.836950,motorcycle
track0148[13].png,akt8174,akt3177,False,2,0.7143,0.406839,motorcycle
track0148[14].png,akt8174,akt3172,False,2,0.7143,0.276590,motorcycle
track0148[15].png,akt8174,akt317,False,2,0.7143,0.865239,motorcycle
track0148[16].png,akt8174,akt317,False,2,0.7143,0.858583,motorcycle
track0148[17].png,akt8174,akt317,False,2,0.7143,0.836338,motorcycle
track0148[18].png,akt8174,akt317,False,2,0.7143,0.850126,motorcycle
track0148[19].png,akt8174,akt817,False,1,0.8571,0.708058,motorcycle
track0148[20].png,akt8174,akt317,False,2,0.7143,0.890016,motorcycle
track0148[21].png,akt8174,akt317,False,2,0.7143,0.945954,motorcycle
track0148[22].png,akt8174,akt317,False,2,0.7143,0.857376,motorcycle
track0148[23].png,akt8174,akt3177,False,2,0.7143,0.463148,motorcycle
track0148[24].png,akt8174,akt3177,False,2,0.7143,0.585743,motorcycle
track0148[25].png,akt8174,akt317,False,2,0.7143,0.821270,motorcycle
track0148[26].png,akt8174,akt8177,False,1,0.8571,0.368348,motorcycle
track0148[27].png,akt8174,akt3172,False,2,0.7143,0.439059,motorcycle
track0148[28].png,akt8174,akt317,False,2,0.7143,0.698720,motorcycle
track0148[29].png,akt8174,akt317,False,2,0.7143,0.782843,motorcycle
track0148[30].png,akt8174,akt317,False,2,0.7143,0.702831,motorcycle
track0149[01].png,axw8502,axw8502,True,0,1.0000,0.999417,car
track0149[02].png,axw8502,axw8502,True,0,1.0000,0.999817,car
track0149[03].png,axw8502,axw8502,True,0,1.0000,0.999855,car
track0149[04].png,axw8502,axw8502,True,0,1.0000,0.999848,car
track0149[05].png,axw8502,axw8502,True,0,1.0000,0.999861,car
track0149[06].png,axw8502,axw8502,True,0,1.0000,0.999829,car
track0149[07].png,axw8502,axw8502,True,0,1.0000,0.999857,car
track0149[08].png,axw8502,axw8502,True,0,1.0000,0.999887,car
track0149[09].png,axw8502,axw8502,True,0,1.0000,0.999914,car
track0149[10].png,axw8502,axw8502,True,0,1.0000,0.999851,car
track0149[11].png,axw8502,axw8502,True,0,1.0000,0.999670,car
track0149[12].png,axw8502,axw8502,True,0,1.0000,0.999621,car
track0149[13].png,axw8502,axw8502,True,0,1.0000,0.999560,car
track0149[14].png,axw8502,axw8502,True,0,1.0000,0.999721,car
track0149[15].png,axw8502,axw8502,True,0,1.0000,0.999679,car
track0149[16].png,axw8502,axw8502,True,0,1.0000,0.999772,car
track0149[17].png,axw8502,axw8502,True,0,1.0000,0.999779,car
track0149[18].png,axw8502,axw8502,True,0,1.0000,0.999885,car
track0149[19].png,axw8502,axw8502,True,0,1.0000,0.999865,car
track0149[20].png,axw8502,axw8502,True,0,1.0000,0.999895,car
track0149[21].png,axw8502,axw8502,True,0,1.0000,0.999799,car
track0149[22].png,axw8502,axw8502,True,0,1.0000,0.999829,car
track0149[23].png,axw8502,axw8502,True,0,1.0000,0.999901,car
track0149[24].png,axw8502,axw8502,True,0,1.0000,0.999566,car
track0149[25].png,axw8502,axw8502,True,0,1.0000,0.999868,car
track0149[26].png,axw8502,axw8502,True,0,1.0000,0.999839,car
track0149[27].png,axw8502,axw8502,True,0,1.0000,0.999695,car
track0149[28].png,axw8502,axw8502,True,0,1.0000,0.999762,car
track0149[29].png,axw8502,axw8502,True,0,1.0000,0.999799,car
track0149[30].png,axw8502,axw8502,True,0,1.0000,0.999763,car
track0150[01].png,bba9166,bba9166,True,0,1.0000,0.999090,car
track0150[02].png,bba9166,bba9166,True,0,1.0000,0.999659,car
track0150[03].png,bba9166,bba9166,True,0,1.0000,0.999853,car
track0150[04].png,bba9166,bba9166,True,0,1.0000,0.998832,car
track0150[05].png,bba9166,bba9166,True,0,1.0000,0.974237,car
track0150[06].png,bba9166,bba9166,True,0,1.0000,0.999622,car
track0150[07].png,bba9166,bba9166,True,0,1.0000,0.998581,car
track0150[08].png,bba9166,bba9166,True,0,1.0000,0.981857,car
track0150[09].png,bba9166,bba9166,True,0,1.0000,0.999759,car
track0150[10].png,bba9166,bba9166,True,0,1.0000,0.999778,car
track0150[11].png,bba9166,bba9166,True,0,1.0000,0.999712,car
track0150[12].png,bba9166,bba9166,True,0,1.0000,0.997405,car
track0150[13].png,bba9166,bba9166,True,0,1.0000,0.999696,car
track0150[14].png,bba9166,bba9166,True,0,1.0000,0.999604,car
track0150[15].png,bba9166,bba9166,True,0,1.0000,0.999789,car
track0150[16].png,bba9166,bba9166,True,0,1.0000,0.999771,car
track0150[17].png,bba9166,bba9166,True,0,1.0000,0.999857,car
track0150[18].png,bba9166,bba9166,True,0,1.0000,0.999809,car
track0150[19].png,bba9166,bba9166,True,0,1.0000,0.999552,car
track0150[20].png,bba9166,bba9166,True,0,1.0000,0.999721,car
track0150[21].png,bba9166,bba9166,True,0,1.0000,0.999664,car
track0150[22].png,bba9166,bba9166,True,0,1.0000,0.997341,car
track0150[23].png,bba9166,bba9166,True,0,1.0000,0.999089,car
track0150[24].png,bba9166,bba9166,True,0,1.0000,0.999159,car
track0150[25].png,bba9166,bba9166,True,0,1.0000,0.986262,car
track0150[26].png,bba9166,bba9166,True,0,1.0000,0.999486,car
track0150[27].png,bba9166,bba9166,True,0,1.0000,0.999348,car
track0150[28].png,bba9166,bba9166,True,0,1.0000,0.999578,car
track0150[29].png,bba9166,bba9166,True,0,1.0000,0.999273,car
track0150[30].png,bba9166,bba9166,True,0,1.0000,0.999883,car
